    1   0.00000000E+00
    2   0.00000000E+00
    3   0.00000000E+00
    4   0.00000000E+00
    5   0.00000000E+00
    6   0.00000000E+00
    7   0.00000000E+00
    8   0.00000000E+00
    9   0.00000000E+00
   10   0.00000000E+00
   11   0.00000000E+00
   12   0.90200000E+00
   13   0.36782000E+00
   14   0.21139600E+01
   15   0.54561700E+01
   16   0.36763100E+01
   17   0.12086670E+02
   18   0.26964580E+02
   19   0.24666610E+02
   20   0.16846390E+02
   21   0.11107500E+02
   22   0.62594100E+01
   23   0.45143400E+01
   24   0.34376700E+01
   25   0.28340100E+01
   26   0.20070000E+01
   27   0.14857700E+01
   28   0.10806900E+01
   29   0.93351000E+00
   30   0.75066000E+00
   31   0.58120000E+00
   32   0.53068000E+00
   33   0.48200100E+01
   34   0.48745900E+01
   35   0.41082800E+01
   36   0.27369300E+01
   37   0.19114200E+01
   38   0.14291100E+01
   39   0.11661000E+01
   40   0.80195000E+00
   41   0.52755000E+00
   42   0.35968000E+00
   43   0.26552000E+00
   44   0.99031000E+00
   45   0.20079110E+02
   46   0.29339410E+02
   47   0.20281940E+02
   48   0.12420240E+02
   49   0.68496400E+01
   50   0.50854000E+01
   51   0.40155600E+01
   52   0.35586800E+01
   53   0.29720900E+01
   54   0.23840000E+01
   55   0.19853400E+01
   56   0.16598000E+01
   57   0.11440800E+01
   58   0.87630000E+00
   59   0.69196000E+00
   60   0.49171000E+00
   61   0.33038000E+00
   62   0.24772000E+00
   63   0.76451000E+00
   64   0.48314000E+00
   65   0.24897000E+00
   66   0.17585000E+00
   67   0.16083000E+00
   68   0.23253000E+00
   69   0.15377000E+00
   70   0.17318000E+00
   71   0.19718000E+00
   72   0.17177000E+00
   73   0.13462000E+00
   74   0.10955000E+00
   75   0.31711000E+00
   76   0.73492000E+00
   77   0.11351600E+01
   78   0.15564700E+01
   79   0.15397300E+01
   80   0.20442900E+01
   81   0.18683100E+01
   82   0.16914200E+01
   83   0.14292400E+01
   84   0.11729500E+01
   85   0.95983000E+00
   86   0.72039000E+00
   87   0.51997000E+00
   88   0.32010000E+00
   89   0.22652000E+00
   90   0.17396000E+00
   91   0.13995000E+00
   92   0.11607000E+00
   93   0.98410000E-01
   94   0.84830000E-01
   95   0.74110000E-01
   96   0.65440000E-01
   97   0.26664000E+00
   98   0.13830000E+00
   99   0.21015000E+00
  100   0.34997000E+00
  101   0.27173000E+00
  102   0.19828000E+00
  103   0.15019000E+00
  104   0.11848000E+00
  105   0.96560000E-01
  106   0.80660000E-01
  107   0.71030000E-01
  108   0.11653500E+01
  109   0.14299400E+01
  110   0.19152600E+01
  111   0.13042100E+01
  112   0.83328000E+00
  113   0.79543000E+00
  114   0.89114000E+00
  115   0.91648000E+00
  116   0.81243000E+00
  117   0.69603000E+00
  118   0.39571000E+00
  119   0.20916000E+00
  120   0.14169000E+00
  121   0.10584000E+00
  122   0.83560000E-01
  123   0.68420000E-01
  124   0.66970000E-01
  125   0.56380000E-01
  126   0.48230000E-01
  127   0.42910000E-01
  128   0.38670000E-01
  129   0.35030000E-01
  130   0.31800000E-01
  131   0.28920000E-01
  132   0.26340000E-01
  133   0.24040000E-01
  134   0.22010000E-01
  135   0.20210000E-01
  136   0.18620000E-01
  137   0.17230000E-01
  138   0.15990000E-01
  139   0.14890000E-01
  140   0.13910000E-01
  141   0.14720000E-01
  142   0.14450000E-01
  143   0.13250000E-01
  144   0.12170000E-01
  145   0.11380000E-01
  146   0.10770000E-01
  147   0.10260000E-01
  148   0.98100000E-02
  149   0.93900000E-02
  150   0.90000000E-02
  151   0.89700000E-02
  152   0.87800000E-02
  153   0.83900000E-02
  154   0.79800000E-02
  155   0.76300000E-02
  156   0.73200000E-02
  157   0.70700000E-02
  158   0.59347000E+00
  159   0.22425450E+02
  160   0.68198020E+02
  161   0.84155910E+02
  162   0.92572060E+02
  163   0.22106914E+03
  164   0.12807179E+03
  165   0.75839900E+02
  166   0.51742240E+02
  167   0.48677960E+02
  168   0.10419535E+03
  169   0.11865022E+03
  170   0.84588840E+02
  171   0.59581620E+02
  172   0.40983430E+02
  173   0.27802390E+02
  174   0.19501980E+02
  175   0.13673640E+02
  176   0.95380000E+01
  177   0.54945700E+01
  178   0.35768300E+01
  179   0.25305900E+01
  180   0.29313100E+01
  181   0.16822300E+01
  182   0.10557700E+01
  183   0.76187000E+00
  184   0.53809000E+00
  185   0.39760000E+00
  186   0.31958000E+00
  187   0.26586000E+00
  188   0.22134000E+00
  189   0.18223000E+00
  190   0.15014000E+00
  191   0.12507000E+00
  192   0.10765000E+00
  193   0.11351000E+00
  194   0.10686110E+02
  195   0.11917360E+02
  196   0.83363700E+01
  197   0.54035500E+01
  198   0.33425600E+01
  199   0.21730900E+01
  200   0.15778300E+01
  201   0.93662000E+00
  202   0.68562000E+00
  203   0.55301000E+00
  204   0.37970000E+00
  205   0.26929000E+00
  206   0.20534000E+00
  207   0.16391000E+00
  208   0.13674000E+00
  209   0.12351000E+00
  210   0.12408000E+00
  211   0.12901000E+00
  212   0.12810000E+00
  213   0.12048000E+00
  214   0.10883000E+00
  215   0.20670650E+02
  216   0.11616251E+03
  217   0.17808764E+03
  218   0.11179423E+03
  219   0.61495700E+02
  220   0.52227540E+02
  221   0.52637130E+02
  222   0.44183100E+02
  223   0.35573320E+02
  224   0.27550130E+02
  225   0.20482170E+02
  226   0.14510670E+02
  227   0.10420190E+02
  228   0.62479500E+01
  229   0.40963200E+01
  230   0.30953000E+01
  231   0.35398080E+02
  232   0.79814170E+02
  233   0.13432008E+03
  234   0.10405435E+03
  235   0.60539600E+02
  236   0.39017710E+02
  237   0.30251520E+02
  238   0.38808910E+02
  239   0.42129760E+02
  240   0.45584670E+02
  241   0.11623513E+03
  242   0.21259905E+03
  243   0.16091610E+03
  244   0.11272670E+03
  245   0.78313350E+02
  246   0.55533200E+02
  247   0.41045470E+02
  248   0.37749450E+02
  249   0.35436260E+02
  250   0.28038670E+02
  251   0.28045100E+02
  252   0.20888000E+02
  253   0.13735730E+02
  254   0.38252290E+02
  255   0.71886272E+03
  256   0.85520423E+03
  257   0.14238119E+04
  258   0.53368687E+03
  259   0.22067390E+03
  260   0.10596723E+03
  261   0.15435707E+03
  262   0.12758851E+03
  263   0.70916440E+02
  264   0.39495370E+02
  265   0.24006070E+02
  266   0.15134740E+02
  267   0.97667500E+01
  268   0.51745000E+01
  269   0.54748700E+01
  270   0.31758700E+01
  271   0.66131300E+01
  272   0.30513461E+03
  273   0.45140235E+03
  274   0.17779283E+03
  275   0.84070500E+02
  276   0.46382650E+02
  277   0.28276120E+02
  278   0.18078130E+02
  279   0.11918400E+02
  280   0.75241100E+01
  281   0.68665700E+01
  282   0.44552920E+02
  283   0.14767428E+03
  284   0.13828761E+03
  285   0.10616774E+03
  286   0.70833930E+02
  287   0.40410360E+02
  288   0.28926240E+02
  289   0.50309430E+02
  290   0.65975620E+02
  291   0.84312060E+02
  292   0.86755910E+02
  293   0.53281710E+02
  294   0.30258490E+02
  295   0.18424810E+02
  296   0.13153600E+02
  297   0.16476100E+02
  298   0.15320610E+02
  299   0.81195000E+01
  300   0.47777900E+01
  301   0.32414400E+01
  302   0.30810900E+01
  303   0.29202100E+01
  304   0.72555300E+01
  305   0.14212630E+02
  306   0.28276230E+02
  307   0.39349990E+02
  308   0.40187600E+02
  309   0.28641410E+02
  310   0.18573240E+02
  311   0.12022700E+02
  312   0.68520500E+01
  313   0.36068700E+01
  314   0.19800200E+01
  315   0.12761000E+01
  316   0.87292000E+00
  317   0.48038000E+00
  318   0.31542000E+00
  319   0.24711000E+00
  320   0.20265000E+00
  321   0.16558000E+00
  322   0.13443000E+00
  323   0.10981000E+00
  324   0.90880000E-01
  325   0.10717000E+00
  326   0.91820000E+01
  327   0.10857100E+02
  328   0.10608490E+02
  329   0.12572690E+02
  330   0.10490110E+02
  331   0.66499300E+01
  332   0.37217000E+01
  333   0.61032300E+01
  334   0.69317500E+01
  335   0.70353500E+01
  336   0.10412890E+02
  337   0.11545480E+02
  338   0.67571100E+01
  339   0.62226700E+01
  340   0.41781800E+01
  341   0.30963800E+01
  342   0.24223000E+01
  343   0.20042300E+01
  344   0.20166900E+01
  345   0.18907400E+01
  346   0.15672300E+01
  347   0.14363400E+01
  348   0.12795100E+01
  349   0.11173600E+01
  350   0.98230000E+00
  351   0.85975000E+00
  352   0.67097000E+00
  353   0.35338100E+01
  354   0.46677100E+01
  355   0.69509000E+01
  356   0.66131700E+01
  357   0.50320200E+01
  358   0.47768200E+01
  359   0.40557600E+01
  360   0.32660000E+01
  361   0.26743300E+01
  362   0.21510900E+01
  363   0.17091500E+01
  364   0.11964500E+01
  365   0.89889000E+00
  366   0.71948000E+00
  367   0.57760000E+00
  368   0.39007000E+00
  369   0.36671000E+00
  370   0.27610100E+01
  371   0.32588300E+01
  372   0.16040700E+01
  373   0.11513600E+01
  374   0.78414000E+00
  375   0.53444000E+00
  376   0.35090000E+00
  377   0.24456000E+00
  378   0.18321000E+00
  379   0.14238000E+00
  380   0.11491000E+00
  381   0.95120000E-01
  382   0.80330000E-01
  383   0.68960000E-01
  384   0.59990000E-01
  385   0.52790000E-01
  386   0.46900000E-01
  387   0.42000000E-01
  388   0.37890000E-01
  389   0.34400000E-01
  390   0.31410000E-01
  391   0.28820000E-01
  392   0.26560000E-01
  393   0.24580000E-01
  394   0.22820000E-01
  395   0.21270000E-01
  396   0.19880000E-01
  397   0.18630000E-01
  398   0.90940000E+00
  399   0.22818970E+02
  400   0.38290960E+02
  401   0.43944630E+02
  402   0.32268890E+02
  403   0.21719320E+02
  404   0.14202050E+02
  405   0.91307200E+01
  406   0.45486300E+01
  407   0.25656400E+01
  408   0.16658000E+01
  409   0.12813000E+01
  410   0.86381000E+00
  411   0.45846000E+00
  412   0.33427000E+00
  413   0.26986000E+00
  414   0.22394000E+00
  415   0.18478000E+00
  416   0.16042000E+00
  417   0.18124000E+00
  418   0.12283000E+00
  419   0.10276000E+00
  420   0.87640000E-01
  421   0.76960000E-01
  422   0.65559000E+00
  423   0.50372000E+00
  424   0.60815000E+00
  425   0.22798800E+01
  426   0.10850250E+02
  427   0.92475170E+02
  428   0.69830450E+02
  429   0.40538210E+02
  430   0.23468830E+02
  431   0.14936930E+02
  432   0.96060800E+01
  433   0.67434300E+01
  434   0.53830000E+01
  435   0.41118100E+01
  436   0.29038400E+01
  437   0.20526700E+01
  438   0.16633000E+01
  439   0.12723600E+01
  440   0.10479500E+01
  441   0.98825000E+00
  442   0.27374600E+01
  443   0.65929900E+01
  444   0.49714300E+01
  445   0.52746200E+01
  446   0.57034300E+01
  447   0.42769100E+01
  448   0.25972100E+01
  449   0.14874800E+01
  450   0.10051600E+01
  451   0.74001000E+00
  452   0.32168400E+01
  453   0.21282600E+01
  454   0.21904900E+01
  455   0.41008500E+01
  456   0.16266200E+02
  457   0.20208070E+02
  458   0.18169720E+02
  459   0.15314250E+02
  460   0.11491550E+02
  461   0.74376700E+01
  462   0.41304300E+01
  463   0.25184200E+01
  464   0.15467100E+01
  465   0.12304200E+01
  466   0.10838200E+01
  467   0.74727000E+00
  468   0.83113000E+00
  469   0.82123000E+00
  470   0.75958000E+00
  471   0.69657000E+00
  472   0.62520000E+00
  473   0.29085700E+01
  474   0.83377600E+01
  475   0.13933600E+02
  476   0.16051900E+02
  477   0.17907580E+02
  478   0.13917980E+02
  479   0.95811200E+01
  480   0.50176500E+01
  481   0.29392000E+01
  482   0.17456200E+01
  483   0.11260800E+01
  484   0.82552000E+00
  485   0.47804000E+00
  486   0.26794000E+00
  487   0.21094000E+00
  488   0.17789000E+00
  489   0.14840000E+00
  490   0.13280400E+01
  491   0.19851800E+01
  492   0.11987800E+01
  493   0.80720000E+00
  494   0.29017300E+01
  495   0.17642100E+01
  496   0.12481900E+01
  497   0.10651300E+01
  498   0.10278000E+01
  499   0.93472000E+00
  500   0.16876100E+01
  501   0.63970500E+01
  502   0.88599600E+01
  503   0.91105100E+01
  504   0.86012800E+01
  505   0.10231540E+02
  506   0.47758460E+02
  507   0.63296290E+02
  508   0.39586160E+02
  509   0.34476570E+02
  510   0.73651920E+02
  511   0.63473120E+02
  512   0.43600790E+02
  513   0.34287040E+02
  514   0.28490590E+02
  515   0.22345590E+02
  516   0.16990330E+02
  517   0.16075630E+02
  518   0.19645020E+02
  519   0.23669060E+02
  520   0.21903540E+02
  521   0.17863300E+02
  522   0.14309530E+02
  523   0.11259540E+02
  524   0.77023500E+01
  525   0.50597300E+01
  526   0.41607100E+01
  527   0.38768800E+01
  528   0.24320200E+01
  529   0.17155000E+01
  530   0.14807100E+01
  531   0.25106868E+03
  532   0.94206000E+03
  533   0.10982958E+04
  534   0.58500686E+03
  535   0.28784260E+03
  536   0.17091719E+03
  537   0.28031641E+03
  538   0.26020845E+03
  539   0.18162234E+03
  540   0.11185811E+03
  541   0.72113060E+02
  542   0.44017710E+02
  543   0.28723540E+02
  544   0.22591150E+02
  545   0.22962650E+02
  546   0.57916500E+02
  547   0.98363810E+02
  548   0.82489230E+02
  549   0.44301930E+02
  550   0.23415230E+02
  551   0.17977400E+02
  552   0.18463700E+02
  553   0.25083100E+02
  554   0.39342770E+02
  555   0.35167370E+02
  556   0.24274880E+02
  557   0.15776850E+02
  558   0.10064640E+02
  559   0.49586100E+01
  560   0.11384560E+02
  561   0.17398120E+02
  562   0.15758370E+02
  563   0.10616200E+02
  564   0.63119000E+01
  565   0.44874900E+01
  566   0.34376900E+01
  567   0.49085830E+02
  568   0.13047784E+03
  569   0.18352126E+03
  570   0.15500991E+03
  571   0.29344220E+03
  572   0.31715507E+03
  573   0.25606345E+03
  574   0.17413019E+03
  575   0.11267909E+03
  576   0.84513740E+02
  577   0.47585670E+03
  578   0.54979525E+03
  579   0.45772758E+03
  580   0.27031033E+03
  581   0.16115661E+03
  582   0.10868453E+03
  583   0.73189910E+02
  584   0.51600740E+02
  585   0.84744360E+02
  586   0.28937800E+03
  587   0.53044635E+03
  588   0.28537421E+03
  589   0.13882473E+03
  590   0.70669490E+02
  591   0.45064420E+02
  592   0.44060130E+02
  593   0.17374856E+04
  594   0.17458407E+04
  595   0.62046353E+03
  596   0.27357972E+03
  597   0.13774309E+03
  598   0.71690280E+02
  599   0.40498000E+02
  600   0.24879060E+02
  601   0.15426450E+02
  602   0.10173000E+02
  603   0.54071800E+01
  604   0.34164300E+01
  605   0.23058500E+01
  606   0.17682000E+01
  607   0.14382500E+01
  608   0.96021000E+00
  609   0.68979000E+00
  610   0.45884000E+00
  611   0.35087000E+00
  612   0.35785000E+00
  613   0.12849800E+01
  614   0.17656840E+02
  615   0.27620210E+02
  616   0.29450470E+02
  617   0.23600560E+02
  618   0.16252670E+02
  619   0.10920170E+02
  620   0.29430320E+02
  621   0.10152107E+03
  622   0.11983709E+03
  623   0.13940225E+03
  624   0.10427865E+03
  625   0.80854350E+02
  626   0.17894748E+03
  627   0.27557256E+03
  628   0.20071278E+03
  629   0.30832725E+03
  630   0.22440896E+03
  631   0.13400839E+03
  632   0.13439698E+03
  633   0.13630393E+03
  634   0.24844755E+03
  635   0.19374185E+03
  636   0.88112360E+02
  637   0.43364610E+02
  638   0.24458130E+02
  639   0.15171270E+02
  640   0.97917100E+01
  641   0.49514200E+01
  642   0.48995800E+01
  643   0.27088300E+01
  644   0.43770000E+01
  645   0.38982210E+02
  646   0.75311960E+02
  647   0.93647250E+02
  648   0.69792650E+02
  649   0.45042940E+02
  650   0.41679430E+02
  651   0.66955360E+02
  652   0.13924693E+03
  653   0.11730368E+03
  654   0.21128749E+03
  655   0.42104527E+03
  656   0.18631344E+03
  657   0.82680510E+02
  658   0.45020030E+02
  659   0.28372580E+02
  660   0.19159720E+02
  661   0.15236360E+02
  662   0.11848800E+02
  663   0.75434900E+01
  664   0.47055260E+02
  665   0.16387754E+03
  666   0.31079096E+03
  667   0.18609516E+03
  668   0.91788840E+02
  669   0.54481820E+02
  670   0.52634470E+02
  671   0.46091200E+02
  672   0.34826410E+02
  673   0.23058800E+02
  674   0.15563730E+02
  675   0.11007270E+02
  676   0.62025800E+01
  677   0.17118640E+02
  678   0.28568620E+02
  679   0.31831180E+02
  680   0.29220700E+02
  681   0.20676680E+02
  682   0.13453160E+02
  683   0.74708500E+01
  684   0.45532800E+01
  685   0.29524300E+01
  686   0.19646700E+01
  687   0.13535800E+01
  688   0.10033100E+01
  689   0.82567000E+00
  690   0.64306000E+00
  691   0.35284000E+00
  692   0.34285000E+01
  693   0.43500800E+01
  694   0.14403200E+01
  695   0.11304800E+01
  696   0.41128400E+01
  697   0.12900130E+02
  698   0.43915260E+02
  699   0.41162302E+03
  700   0.54690440E+03
  701   0.27241711E+03
  702   0.13443142E+03
  703   0.69785530E+02
  704   0.39640210E+02
  705   0.26112700E+02
  706   0.17533700E+02
  707   0.12161960E+02
  708   0.98419900E+01
  709   0.62463800E+01
  710   0.46098300E+01
  711   0.31646000E+01
  712   0.23245200E+01
  713   0.17538800E+01
  714   0.13473200E+01
  715   0.88851000E+00
  716   0.55931000E+00
  717   0.37798000E+00
  718   0.80828400E+01
  719   0.11508070E+02
  720   0.10243100E+02
  721   0.24396060E+02
  722   0.88082580E+02
  723   0.21611638E+03
  724   0.14166807E+03
  725   0.68775260E+02
  726   0.37270960E+02
  727   0.22544430E+02
  728   0.14495950E+02
  729   0.94972900E+01
  730   0.53869400E+01
  731   0.37016900E+01
  732   0.24559500E+01
  733   0.16843900E+01
  734   0.11794900E+01
  735   0.80774000E+00
  736   0.43629000E+00
  737   0.30928000E+00
  738   0.24078000E+00
  739   0.19183000E+00
  740   0.15432000E+00
  741   0.12589000E+00
  742   0.10445000E+00
  743   0.88130000E-01
  744   0.75500000E-01
  745   0.65550000E-01
  746   0.57570000E-01
  747   0.51060000E-01
  748   0.45680000E-01
  749   0.41170000E-01
  750   0.37350000E-01
  751   0.34090000E-01
  752   0.31400000E-01
  753   0.59820000E-01
  754   0.45460000E+00
  755   0.30400000E+00
  756   0.22750000E+00
  757   0.20400000E+00
  758   0.20141000E+00
  759   0.17379000E+00
  760   0.14404000E+00
  761   0.11974000E+00
  762   0.10081000E+00
  763   0.86040000E-01
  764   0.40930000E+00
  765   0.16142900E+01
  766   0.62222000E+00
  767   0.46648000E+00
  768   0.30722000E+00
  769   0.20724000E+00
  770   0.15325000E+00
  771   0.66427000E+00
  772   0.57628000E+00
  773   0.12597700E+01
  774   0.11154000E+01
  775   0.10543800E+01
  776   0.12062200E+01
  777   0.23856300E+01
  778   0.30451300E+01
  779   0.30688700E+01
  780   0.27952900E+01
  781   0.28087300E+01
  782   0.17555520E+02
  783   0.18722878E+03
  784   0.23133152E+03
  785   0.11850197E+03
  786   0.65638630E+02
  787   0.40005600E+02
  788   0.26370270E+02
  789   0.18453270E+02
  790   0.12963290E+02
  791   0.90620800E+01
  792   0.56795000E+01
  793   0.42681500E+01
  794   0.30746600E+01
  795   0.32489700E+01
  796   0.73275900E+01
  797   0.94558100E+01
  798   0.81466000E+01
  799   0.60529300E+01
  800   0.50361600E+01
  801   0.23193810E+02
  802   0.13332446E+03
  803   0.10808432E+03
  804   0.64878570E+02
  805   0.40275080E+02
  806   0.26383400E+02
  807   0.19297470E+02
  808   0.13949730E+02
  809   0.98365300E+01
  810   0.61364500E+01
  811   0.43786900E+01
  812   0.31866900E+01
  813   0.91829100E+01
  814   0.93061500E+01
  815   0.77540410E+02
  816   0.76204310E+02
  817   0.43411080E+02
  818   0.25928550E+02
  819   0.16833440E+02
  820   0.11588700E+02
  821   0.77231700E+01
  822   0.55243500E+01
  823   0.13613590E+02
  824   0.38578210E+02
  825   0.42823900E+02
  826   0.35386720E+02
  827   0.23440730E+02
  828   0.15288500E+02
  829   0.96695100E+01
  830   0.48488200E+01
  831   0.29545700E+01
  832   0.19763000E+01
  833   0.15480200E+01
  834   0.13000400E+01
  835   0.94907000E+00
  836   0.72713000E+00
  837   0.60314000E+00
  838   0.47818000E+00
  839   0.36456000E+00
  840   0.28041000E+00
  841   0.21988000E+00
  842   0.17633000E+00
  843   0.14451000E+00
  844   0.13104000E+00
  845   0.13839900E+02
  846   0.22920320E+02
  847   0.65387360E+02
  848   0.51839630E+02
  849   0.32023790E+02
  850   0.20179860E+02
  851   0.15512160E+02
  852   0.10872820E+02
  853   0.65303700E+01
  854   0.42870100E+01
  855   0.29605200E+01
  856   0.21470500E+01
  857   0.16333800E+01
  858   0.14873400E+01
  859   0.12487500E+02
  860   0.16877520E+02
  861   0.13983310E+02
  862   0.87209600E+01
  863   0.11178200E+02
  864   0.14745230E+02
  865   0.22810180E+02
  866   0.42680243E+03
  867   0.22517618E+03
  868   0.12322164E+03
  869   0.97970020E+02
  870   0.68475230E+02
  871   0.44382690E+02
  872   0.29965440E+02
  873   0.56286151E+03
  874   0.43313011E+03
  875   0.15307923E+03
  876   0.68325750E+02
  877   0.37487060E+02
  878   0.11690835E+03
  879   0.31013093E+03
  880   0.14848052E+03
  881   0.82878720E+02
  882   0.58400090E+02
  883   0.44917460E+02
  884   0.13225273E+03
  885   0.25064105E+03
  886   0.28014667E+03
  887   0.32362922E+03
  888   0.22466258E+03
  889   0.11856591E+03
  890   0.29139908E+03
  891   0.91392565E+03
  892   0.34584505E+03
  893   0.19957075E+03
  894   0.14002844E+03
  895   0.11346324E+03
  896   0.10592567E+03
  897   0.19223772E+03
  898   0.17095138E+03
  899   0.10670338E+03
  900   0.65003990E+02
  901   0.43273490E+02
  902   0.35097820E+02
  903   0.30053307E+03
  904   0.18116025E+03
  905   0.12152073E+03
  906   0.82800790E+02
  907   0.51695790E+02
  908   0.32595280E+02
  909   0.26058890E+02
  910   0.70099430E+02
  911   0.17048070E+03
  912   0.21062370E+03
  913   0.19103930E+03
  914   0.16038575E+03
  915   0.10891257E+03
  916   0.58007320E+02
  917   0.32506420E+02
  918   0.20150090E+02
  919   0.15540770E+02
  920   0.29954630E+02
  921   0.52894860E+02
  922   0.60036030E+02
  923   0.57754890E+02
  924   0.52631180E+02
  925   0.40724050E+02
  926   0.31100220E+02
  927   0.27579790E+02
  928   0.40260020E+02
  929   0.16352032E+03
  930   0.26542408E+03
  931   0.21837510E+03
  932   0.30313634E+03
  933   0.67846410E+03
  934   0.27638543E+03
  935   0.13752484E+03
  936   0.74882060E+02
  937   0.48763770E+02
  938   0.39557300E+02
  939   0.41458040E+02
  940   0.81981620E+02
  941   0.91603990E+02
  942   0.59922190E+02
  943   0.43563540E+02
  944   0.32364320E+02
  945   0.28110170E+02
  946   0.27626260E+02
  947   0.36524400E+02
  948   0.65566400E+02
  949   0.10382177E+03
  950   0.24496090E+03
  951   0.45486648E+03
  952   0.43741126E+03
  953   0.95624023E+03
  954   0.91642144E+03
  955   0.47451425E+03
  956   0.93451208E+03
  957   0.74716081E+03
  958   0.31888570E+03
  959   0.14126508E+03
  960   0.71144000E+02
  961   0.41181420E+02
  962   0.25578680E+02
  963   0.19883470E+02
  964   0.57366310E+02
  965   0.80453420E+02
  966   0.63548740E+02
  967   0.38741040E+02
  968   0.25966800E+02
  969   0.20318170E+02
  970   0.12294640E+02
  971   0.63858100E+01
  972   0.54388100E+01
  973   0.34552300E+01
  974   0.25090200E+01
  975   0.19203300E+01
  976   0.15544700E+01
  977   0.11738300E+01
  978   0.98359000E+00
  979   0.79639000E+00
  980   0.61474000E+00
  981   0.49275000E+00
  982   0.49082000E+00
  983   0.44732600E+01
  984   0.45305800E+01
  985   0.18123220E+02
  986   0.38883290E+02
  987   0.19156101E+03
  988   0.53097822E+03
  989   0.38775900E+03
  990   0.24121245E+03
  991   0.15356958E+03
  992   0.11395619E+03
  993   0.10881962E+03
  994   0.10023026E+03
  995   0.12680623E+03
  996   0.20906545E+03
  997   0.12004227E+04
  998   0.11728966E+04
  999   0.10303881E+04
 1000   0.13121922E+04
 1001   0.61982680E+03
 1002   0.39190636E+03
 1003   0.11963643E+04
 1004   0.85936886E+03
 1005   0.73826147E+03
 1006   0.14631743E+04
 1007   0.35630591E+04
 1008   0.25172357E+04
 1009   0.30893920E+04
 1010   0.10610352E+04
 1011   0.60634222E+03
 1012   0.35963138E+03
 1013   0.18464441E+03
 1014   0.90541350E+02
 1015   0.47880560E+02
 1016   0.28549400E+02
 1017   0.18172210E+02
 1018   0.11955980E+02
 1019   0.70264200E+01
 1020   0.64905200E+01
 1021   0.33793400E+01
 1022   0.22243900E+01
 1023   0.49001000E+01
 1024   0.32572400E+01
 1025   0.18355800E+01
 1026   0.15147700E+01
 1027   0.12527700E+01
 1028   0.96441000E+00
 1029   0.78476000E+00
 1030   0.74033000E+00
 1031   0.64536200E+01
 1032   0.77743100E+01
 1033   0.14197320E+02
 1034   0.72167010E+02
 1035   0.10427630E+03
 1036   0.73430850E+02
 1037   0.42225070E+02
 1038   0.47648000E+02
 1039   0.49756870E+02
 1040   0.39457490E+02
 1041   0.24938990E+02
 1042   0.15378450E+02
 1043   0.96943400E+01
 1044   0.47712000E+01
 1045   0.33067500E+01
 1046   0.20845700E+01
 1047   0.13267400E+01
 1048   0.92770000E+00
 1049   0.68645000E+00
 1050   0.37640000E+00
 1051   0.27134000E+00
 1052   0.92437000E+00
 1053   0.70487000E+00
 1054   0.58196000E+00
 1055   0.42896000E+00
 1056   0.98375000E+00
 1057   0.11009890E+02
 1058   0.20022780E+02
 1059   0.22997120E+02
 1060   0.18412040E+02
 1061   0.26922820E+02
 1062   0.60195460E+02
 1063   0.77307940E+02
 1064   0.61553780E+02
 1065   0.42471740E+02
 1066   0.27605260E+02
 1067   0.18531110E+02
 1068   0.12662190E+02
 1069   0.79659700E+01
 1070   0.47705200E+01
 1071   0.31609300E+01
 1072   0.20980300E+01
 1073   0.15909400E+01
 1074   0.11558700E+01
 1075   0.81344000E+00
 1076   0.60761000E+00
 1077   0.40199000E+00
 1078   0.29684000E+00
 1079   0.23112000E+00
 1080   0.18541000E+00
 1081   0.15221000E+00
 1082   0.12733000E+00
 1083   0.10817000E+00
 1084   0.93100000E-01
 1085   0.81030000E-01
 1086   0.80960000E-01
 1087   0.70060000E-01
 1088   0.64640000E-01
 1089   0.88860000E-01
 1090   0.30194000E+00
 1091   0.40335000E+00
 1092   0.40661000E+00
 1093   0.36369000E+00
 1094   0.53488700E+01
 1095   0.54384300E+01
 1096   0.35132300E+01
 1097   0.33022300E+01
 1098   0.80731400E+01
 1099   0.67182400E+01
 1100   0.13751690E+02
 1101   0.33703360E+02
 1102   0.32580940E+02
 1103   0.20896380E+02
 1104   0.13291980E+02
 1105   0.77480700E+01
 1106   0.55772200E+01
 1107   0.41112400E+01
 1108   0.30442300E+01
 1109   0.23982800E+01
 1110   0.19717600E+01
 1111   0.16069500E+01
 1112   0.11952100E+01
 1113   0.92650000E+00
 1114   0.72109000E+00
 1115   0.55928000E+00
 1116   0.36292000E+00
 1117   0.25900000E+00
 1118   0.19824000E+00
 1119   0.15815000E+00
 1120   0.12986000E+00
 1121   0.10897000E+00
 1122   0.93040000E-01
 1123   0.80560000E-01
 1124   0.72290000E-01
 1125   0.63630000E-01
 1126   0.56860000E-01
 1127   0.51180000E-01
 1128   0.48290000E-01
 1129   0.43930000E-01
 1130   0.40080000E-01
 1131   0.36880000E-01
 1132   0.40252000E+00
 1133   0.52697000E+00
 1134   0.99458000E+00
 1135   0.53773900E+01
 1136   0.72127400E+01
 1137   0.76993200E+01
 1138   0.61879100E+01
 1139   0.52384400E+01
 1140   0.43601500E+01
 1141   0.96247800E+01
 1142   0.27456050E+02
 1143   0.31190900E+02
 1144   0.20085230E+02
 1145   0.12080490E+02
 1146   0.64470700E+01
 1147   0.44888400E+01
 1148   0.37593700E+01
 1149   0.42710300E+01
 1150   0.31476500E+01
 1151   0.23893900E+01
 1152   0.19255300E+01
 1153   0.16115300E+01
 1154   0.11245300E+01
 1155   0.76448000E+00
 1156   0.63745000E+00
 1157   0.66765000E+00
 1158   0.75516000E+00
 1159   0.81709000E+00
 1160   0.84263000E+00
 1161   0.86053000E+00
 1162   0.86372000E+00
 1163   0.85901000E+00
 1164   0.78457000E+00
 1165   0.70119000E+00
 1166   0.65731000E+00
 1167   0.54229000E+00
 1168   0.37016000E+00
 1169   0.28534000E+00
 1170   0.19271200E+01
 1171   0.52375500E+01
 1172   0.37897800E+01
 1173   0.29592300E+01
 1174   0.28802200E+01
 1175   0.23231200E+01
 1176   0.17175300E+01
 1177   0.81377100E+01
 1178   0.22762790E+02
 1179   0.45715910E+02
 1180   0.49423540E+02
 1181   0.30779730E+02
 1182   0.19316910E+02
 1183   0.12767500E+02
 1184   0.76209300E+01
 1185   0.42483300E+01
 1186   0.26699200E+01
 1187   0.32137440E+02
 1188   0.57896620E+02
 1189   0.38842860E+02
 1190   0.23466700E+02
 1191   0.15447030E+02
 1192   0.10775590E+02
 1193   0.79934500E+01
 1194   0.64150600E+01
 1195   0.48221600E+01
 1196   0.31470800E+01
 1197   0.24734300E+01
 1198   0.21938200E+01
 1199   0.19635300E+01
 1200   0.16880600E+01
 1201   0.13160700E+01
 1202   0.11405600E+01
 1203   0.99807000E+00
 1204   0.81948000E+00
 1205   0.61651000E+00
 1206   0.22093900E+01
 1207   0.26940000E+01
 1208   0.14797320E+02
 1209   0.42163460E+02
 1210   0.33345650E+02
 1211   0.21517760E+02
 1212   0.21134050E+02
 1213   0.24552990E+02
 1214   0.20084790E+02
 1215   0.12848710E+02
 1216   0.64399000E+01
 1217   0.46673200E+01
 1218   0.36621800E+01
 1219   0.76629500E+01
 1220   0.11125700E+02
 1221   0.10086940E+02
 1222   0.68187900E+01
 1223   0.48436600E+01
 1224   0.36184900E+01
 1225   0.63119780E+02
 1226   0.90244910E+02
 1227   0.51386180E+02
 1228   0.30958010E+02
 1229   0.23038430E+02
 1230   0.18891930E+02
 1231   0.14360080E+02
 1232   0.10745460E+02
 1233   0.69260200E+01
 1234   0.90232000E+01
 1235   0.59623600E+01
 1236   0.37456100E+01
 1237   0.22881900E+01
 1238   0.17927400E+01
 1239   0.40070000E+01
 1240   0.77322700E+01
 1241   0.45624500E+01
 1242   0.36766300E+01
 1243   0.88848000E+00
 1244   0.56759000E+00
 1245   0.73793000E+00
 1246   0.32856400E+01
 1247   0.65122400E+01
 1248   0.73310300E+01
 1249   0.61770800E+01
 1250   0.45934300E+01
 1251   0.33880300E+01
 1252   0.26293700E+01
 1253   0.21870100E+01
 1254   0.18079600E+01
 1255   0.94395600E+01
 1256   0.19501870E+02
 1257   0.18478110E+02
 1258   0.12348180E+02
 1259   0.64727100E+01
 1260   0.48139300E+01
 1261   0.14232850E+02
 1262   0.52365610E+02
 1263   0.20713714E+03
 1264   0.37970951E+03
 1265   0.58613587E+03
 1266   0.44261157E+03
 1267   0.25270158E+03
 1268   0.18655410E+03
 1269   0.23090719E+03
 1270   0.22358866E+03
 1271   0.65747283E+03
 1272   0.48935397E+03
 1273   0.36433684E+03
 1274   0.59825006E+03
 1275   0.34250963E+03
 1276   0.19136229E+03
 1277   0.10589517E+03
 1278   0.70335210E+02
 1279   0.58258710E+02
 1280   0.54584790E+02
 1281   0.44662500E+02
 1282   0.46720620E+02
 1283   0.57817510E+02
 1284   0.40392660E+02
 1285   0.23292730E+02
 1286   0.22993880E+02
 1287   0.21549611E+03
 1288   0.10744443E+04
 1289   0.10697416E+04
 1290   0.56898942E+03
 1291   0.25250118E+03
 1292   0.12004729E+03
 1293   0.64611990E+02
 1294   0.38087880E+02
 1295   0.27522090E+02
 1296   0.27687054E+03
 1297   0.15533097E+04
 1298   0.10434567E+04
 1299   0.48441576E+03
 1300   0.26293312E+03
 1301   0.14777761E+03
 1302   0.77875340E+02
 1303   0.42707640E+02
 1304   0.30782490E+02
 1305   0.71656360E+02
 1306   0.10128484E+03
 1307   0.87774960E+02
 1308   0.54026070E+02
 1309   0.31730270E+02
 1310   0.19615580E+02
 1311   0.12491560E+02
 1312   0.72251900E+01
 1313   0.39833800E+01
 1314   0.25117400E+01
 1315   0.18044200E+01
 1316   0.13336400E+01
 1317   0.83493000E+00
 1318   0.48305000E+00
 1319   0.35348000E+00
 1320   0.28467000E+00
 1321   0.23503000E+00
 1322   0.19247000E+00
 1323   0.15727000E+00
 1324   0.16779620E+02
 1325   0.26295520E+02
 1326   0.22571070E+02
 1327   0.15496240E+02
 1328   0.94582700E+01
 1329   0.12883760E+02
 1330   0.22707510E+02
 1331   0.39957500E+02
 1332   0.54880720E+02
 1333   0.63704690E+02
 1334   0.73934070E+02
 1335   0.71759700E+02
 1336   0.49595240E+02
 1337   0.32421140E+02
 1338   0.19894140E+02
 1339   0.12732640E+02
 1340   0.67761600E+01
 1341   0.37797500E+01
 1342   0.23920900E+01
 1343   0.11954110E+02
 1344   0.79503862E+03
 1345   0.31076663E+04
 1346   0.83598615E+03
 1347   0.30311526E+03
 1348   0.14187987E+03
 1349   0.74781510E+02
 1350   0.41295800E+02
 1351   0.26026060E+02
 1352   0.20233240E+02
 1353   0.13899520E+02
 1354   0.96223500E+01
 1355   0.27352060E+02
 1356   0.35181227E+03
 1357   0.10508341E+04
 1358   0.55437295E+03
 1359   0.23820698E+03
 1360   0.39089117E+03
 1361   0.63651352E+03
 1362   0.26334638E+03
 1363   0.12778745E+03
 1364   0.75160690E+02
 1365   0.18972982E+04
 1366   0.12175220E+04
 1367   0.22063585E+04
 1368   0.98599308E+03
 1369   0.51919894E+03
 1370   0.44491188E+03
 1371   0.44199948E+03
 1372   0.44931391E+03
 1373   0.50949502E+03
 1374   0.86484537E+03
 1375   0.72679874E+03
 1376   0.48651852E+03
 1377   0.39170977E+03
 1378   0.82654799E+03
 1379   0.96249923E+03
 1380   0.10122009E+04
 1381   0.16608651E+04
 1382   0.11932505E+04
 1383   0.83049581E+03
 1384   0.18253269E+04
 1385   0.33795443E+04
 1386   0.31651419E+04
 1387   0.83641393E+03
 1388   0.29933923E+03
 1389   0.13272199E+03
 1390   0.67545020E+02
 1391   0.37715050E+02
 1392   0.23694730E+02
 1393   0.20563840E+02
 1394   0.41354941E+03
 1395   0.17010633E+04
 1396   0.62494756E+03
 1397   0.23928962E+03
 1398   0.31849938E+03
 1399   0.10735618E+04
 1400   0.36446910E+04
 1401   0.25350886E+04
 1402   0.10210185E+04
 1403   0.34883931E+03
 1404   0.14941028E+03
 1405   0.76031460E+02
 1406   0.64904630E+02
 1407   0.10361863E+03
 1408   0.11800827E+03
 1409   0.17299362E+03
 1410   0.11542613E+03
 1411   0.60968310E+02
 1412   0.35149370E+02
 1413   0.21336670E+02
 1414   0.16508610E+02
 1415   0.13041670E+02
 1416   0.68528500E+01
 1417   0.56496500E+01
 1418   0.58521100E+01
 1419   0.41818700E+01
 1420   0.29763900E+01
 1421   0.18695800E+01
 1422   0.12576700E+01
 1423   0.93798000E+00
 1424   0.73820000E+00
 1425   0.50468000E+00
 1426   0.78813560E+02
 1427   0.11223232E+03
 1428   0.74046300E+02
 1429   0.40794500E+02
 1430   0.24283140E+02
 1431   0.18663300E+02
 1432   0.21878390E+02
 1433   0.18667010E+02
 1434   0.14773800E+02
 1435   0.12807080E+02
 1436   0.97164400E+01
 1437   0.60187000E+01
 1438   0.36407900E+01
 1439   0.22016000E+01
 1440   0.13599000E+01
 1441   0.94815000E+00
 1442   0.67407000E+00
 1443   0.35272000E+00
 1444   0.28481000E+00
 1445   0.27654000E+00
 1446   0.17820000E+00
 1447   0.13614000E+00
 1448   0.13410000E+00
 1449   0.35462000E+00
 1450   0.17681000E+00
 1451   0.10346000E+00
 1452   0.79120000E-01
 1453   0.68460000E-01
 1454   0.60930000E-01
 1455   0.55060000E-01
 1456   0.50360000E-01
 1457   0.46520000E-01
 1458   0.43230000E-01
 1459   0.40440000E-01
 1460   0.38310000E-01
 1461   0.37030000E-01
 1462   0.36470000E-01
 1463   0.31553000E+01
 1464   0.60651300E+01
 1465   0.61475000E+01
 1466   0.17230500E+02
 1467   0.29357550E+02
 1468   0.28578390E+02
 1469   0.23189570E+02
 1470   0.16706110E+02
 1471   0.11543720E+02
 1472   0.65060000E+01
 1473   0.32265700E+01
 1474   0.20863600E+01
 1475   0.16160700E+01
 1476   0.12904900E+01
 1477   0.84142000E+00
 1478   0.64329000E+00
 1479   0.43683000E+00
 1480   0.31853000E+00
 1481   0.26096000E+00
 1482   0.87006600E+01
 1483   0.14508830E+02
 1484   0.13614790E+02
 1485   0.11946970E+02
 1486   0.12404670E+02
 1487   0.10790010E+02
 1488   0.76092300E+01
 1489   0.44547200E+01
 1490   0.29116300E+01
 1491   0.17881200E+01
 1492   0.11517500E+01
 1493   0.81070000E+00
 1494   0.91857000E+00
 1495   0.24263400E+01
 1496   0.26740000E+01
 1497   0.18327700E+01
 1498   0.23402200E+01
 1499   0.19189700E+01
 1500   0.29282900E+01
 1501   0.41861730E+02
 1502   0.57345140E+02
 1503   0.54198020E+02
 1504   0.34020940E+02
 1505   0.21369520E+02
 1506   0.13894250E+02
 1507   0.11601360E+02
 1508   0.71421900E+01
 1509   0.49205900E+01
 1510   0.37351400E+01
 1511   0.27790400E+01
 1512   0.19670600E+01
 1513   0.13408300E+01
 1514   0.22236300E+01
 1515   0.23254100E+01
 1516   0.26210100E+01
 1517   0.41675200E+02
 1518   0.75306880E+02
 1519   0.55943840E+02
 1520   0.36537090E+02
 1521   0.22967040E+02
 1522   0.14932470E+02
 1523   0.73861700E+01
 1524   0.43619600E+01
 1525   0.30985200E+01
 1526   0.28034300E+01
 1527   0.27749600E+01
 1528   0.31393350E+02
 1529   0.69597310E+02
 1530   0.84878490E+02
 1531   0.49195510E+02
 1532   0.29454420E+02
 1533   0.17799750E+02
 1534   0.10794140E+02
 1535   0.71038400E+01
 1536   0.18501320E+02
 1537   0.24459000E+02
 1538   0.34703450E+02
 1539   0.28043630E+02
 1540   0.18961510E+02
 1541   0.12564060E+02
 1542   0.75570900E+01
 1543   0.37950900E+01
 1544   0.19972400E+01
 1545   0.12168200E+01
 1546   0.88857000E+00
 1547   0.67345100E+01
 1548   0.75932700E+01
 1549   0.65178100E+01
 1550   0.81741500E+01
 1551   0.92635000E+01
 1552   0.81993100E+01
 1553   0.54987700E+01
 1554   0.35446700E+01
 1555   0.22600400E+01
 1556   0.17837100E+01
 1557   0.14582400E+01
 1558   0.20351900E+01
 1559   0.24063400E+01
 1560   0.43224200E+01
 1561   0.73175700E+01
 1562   0.10355390E+02
 1563   0.90807500E+01
 1564   0.56597500E+01
 1565   0.98754300E+01
 1566   0.10149980E+02
 1567   0.20249390E+02
 1568   0.47740430E+02
 1569   0.38423220E+02
 1570   0.22561870E+02
 1571   0.14708680E+02
 1572   0.92836500E+01
 1573   0.63316000E+01
 1574   0.38647200E+01
 1575   0.26928700E+01
 1576   0.88071300E+01
 1577   0.10089800E+02
 1578   0.84030600E+01
 1579   0.10985470E+02
 1580   0.10658720E+02
 1581   0.74070100E+01
 1582   0.42001900E+01
 1583   0.25959500E+01
 1584   0.15122100E+01
 1585   0.99885000E+00
 1586   0.68078000E+00
 1587   0.38415000E+00
 1588   0.28496000E+00
 1589   0.23064000E+00
 1590   0.18996000E+00
 1591   0.51449000E+00
 1592   0.68635800E+01
 1593   0.91588100E+01
 1594   0.79458500E+01
 1595   0.10867470E+02
 1596   0.25570210E+03
 1597   0.14263773E+03
 1598   0.88951200E+02
 1599   0.59186190E+02
 1600   0.39987810E+02
 1601   0.27212650E+02
 1602   0.21772780E+02
 1603   0.17293110E+02
 1604   0.13687580E+02
 1605   0.74363100E+01
 1606   0.48952700E+01
 1607   0.35752700E+01
 1608   0.28831200E+01
 1609   0.23385400E+01
 1610   0.18986600E+01
 1611   0.15252100E+01
 1612   0.12385000E+01
 1613   0.96716000E+00
 1614   0.87808880E+02
 1615   0.45652062E+03
 1616   0.26208033E+03
 1617   0.12463216E+03
 1618   0.62809240E+02
 1619   0.36529830E+02
 1620   0.25918410E+02
 1621   0.45166070E+02
 1622   0.53158840E+02
 1623   0.38360840E+02
 1624   0.24596030E+02
 1625   0.15479030E+02
 1626   0.94761300E+01
 1627   0.47701000E+01
 1628   0.30579300E+01
 1629   0.20820100E+01
 1630   0.17190000E+01
 1631   0.39840190E+02
 1632   0.16424928E+03
 1633   0.14271765E+03
 1634   0.15503157E+03
 1635   0.46325181E+03
 1636   0.56677461E+03
 1637   0.29451386E+03
 1638   0.42993969E+03
 1639   0.27391775E+03
 1640   0.16293055E+03
 1641   0.11844536E+03
 1642   0.79891570E+02
 1643   0.49431240E+02
 1644   0.30392400E+02
 1645   0.19909610E+02
 1646   0.12935890E+02
 1647   0.74806600E+01
 1648   0.43726900E+01
 1649   0.29374500E+01
 1650   0.21972700E+01
 1651   0.14254840E+02
 1652   0.31140630E+02
 1653   0.69686340E+02
 1654   0.10371850E+03
 1655   0.98902260E+02
 1656   0.64068440E+02
 1657   0.34984590E+02
 1658   0.21107690E+02
 1659   0.15048790E+02
 1660   0.17850530E+02
 1661   0.34021520E+02
 1662   0.26468076E+03
 1663   0.99252628E+03
 1664   0.18180257E+04
 1665   0.72280817E+03
 1666   0.30770183E+03
 1667   0.21298988E+03
 1668   0.15843601E+03
 1669   0.29385259E+03
 1670   0.81564165E+03
 1671   0.55033916E+03
 1672   0.38804468E+03
 1673   0.38897411E+03
 1674   0.30874305E+03
 1675   0.31116353E+03
 1676   0.31477214E+03
 1677   0.24370392E+03
 1678   0.18526021E+03
 1679   0.13532104E+03
 1680   0.11433675E+03
 1681   0.13283434E+03
 1682   0.96892530E+02
 1683   0.63756820E+02
 1684   0.41974150E+02
 1685   0.27945130E+02
 1686   0.20079330E+02
 1687   0.13845090E+02
 1688   0.17770670E+02
 1689   0.28465160E+02
 1690   0.29507390E+02
 1691   0.11419603E+03
 1692   0.41749178E+03
 1693   0.65209357E+03
 1694   0.46474321E+03
 1695   0.23383020E+03
 1696   0.12616541E+03
 1697   0.65964010E+02
 1698   0.36225890E+02
 1699   0.22268690E+02
 1700   0.14130390E+02
 1701   0.90696400E+01
 1702   0.49869900E+01
 1703   0.13257250E+02
 1704   0.15893610E+02
 1705   0.21709840E+02
 1706   0.61818050E+02
 1707   0.79310477E+03
 1708   0.58370181E+03
 1709   0.24245831E+03
 1710   0.11444092E+03
 1711   0.72091140E+02
 1712   0.72378130E+02
 1713   0.47851180E+02
 1714   0.28274390E+02
 1715   0.20195050E+02
 1716   0.20563929E+03
 1717   0.27248905E+03
 1718   0.37238852E+03
 1719   0.23841335E+03
 1720   0.18259616E+03
 1721   0.73805405E+03
 1722   0.50404757E+03
 1723   0.56847599E+03
 1724   0.36880567E+03
 1725   0.17002956E+03
 1726   0.10088704E+03
 1727   0.96415710E+02
 1728   0.98105590E+02
 1729   0.10887896E+03
 1730   0.11296568E+04
 1731   0.88507759E+03
 1732   0.32211077E+03
 1733   0.14477521E+03
 1734   0.76404150E+02
 1735   0.62685140E+02
 1736   0.81917430E+02
 1737   0.10961736E+03
 1738   0.18329564E+03
 1739   0.24768371E+03
 1740   0.13521389E+03
 1741   0.78454130E+02
 1742   0.65045570E+02
 1743   0.53900700E+02
 1744   0.39867480E+02
 1745   0.11251694E+03
 1746   0.21438805E+03
 1747   0.76591187E+03
 1748   0.61788110E+03
 1749   0.28260885E+03
 1750   0.14952371E+03
 1751   0.12003991E+03
 1752   0.12149053E+03
 1753   0.10053159E+04
 1754   0.12669114E+04
 1755   0.48263876E+03
 1756   0.20166678E+03
 1757   0.14630015E+03
 1758   0.58376050E+03
 1759   0.47181628E+03
 1760   0.20386641E+03
 1761   0.24738291E+03
 1762   0.35150215E+03
 1763   0.16161310E+03
 1764   0.74751720E+02
 1765   0.40643390E+02
 1766   0.27181210E+02
 1767   0.19601090E+02
 1768   0.14896270E+02
 1769   0.34089090E+02
 1770   0.12464898E+03
 1771   0.16011241E+03
 1772   0.83389300E+02
 1773   0.44247150E+02
 1774   0.27402230E+02
 1775   0.16923560E+02
 1776   0.10891530E+02
 1777   0.58729400E+01
 1778   0.35549100E+01
 1779   0.41207900E+01
 1780   0.19916600E+01
 1781   0.11570400E+01
 1782   0.80033000E+00
 1783   0.45755000E+00
 1784   0.90210200E+01
 1785   0.24985000E+02
 1786   0.21287450E+02
 1787   0.26408390E+02
 1788   0.28015380E+02
 1789   0.22374950E+02
 1790   0.19663850E+02
 1791   0.16820880E+02
 1792   0.12148150E+02
 1793   0.13143980E+02
 1794   0.16006460E+02
 1795   0.10096340E+02
 1796   0.46696000E+01
 1797   0.31950700E+01
 1798   0.21662800E+01
 1799   0.27222360E+02
 1800   0.13035746E+03
 1801   0.25956685E+03
 1802   0.18775901E+03
 1803   0.19012051E+03
 1804   0.23696708E+03
 1805   0.41690416E+03
 1806   0.37970960E+03
 1807   0.22749821E+04
 1808   0.10571849E+04
 1809   0.40793953E+03
 1810   0.17777027E+03
 1811   0.90488730E+02
 1812   0.58375270E+02
 1813   0.40726190E+02
 1814   0.29359540E+02
 1815   0.21278280E+02
 1816   0.16154300E+02
 1817   0.23990450E+02
 1818   0.75356300E+02
 1819   0.11575785E+03
 1820   0.75445180E+02
 1821   0.40130790E+02
 1822   0.23968360E+02
 1823   0.14949990E+02
 1824   0.95148400E+01
 1825   0.48918500E+01
 1826   0.31871000E+01
 1827   0.21121100E+01
 1828   0.15889800E+01
 1829   0.12795100E+01
 1830   0.11413200E+01
 1831   0.15547400E+01
 1832   0.54581500E+01
 1833   0.59596900E+01
 1834   0.14250420E+02
 1835   0.16246690E+02
 1836   0.13365000E+02
 1837   0.12596170E+02
 1838   0.10972600E+02
 1839   0.79706600E+01
 1840   0.47819500E+01
 1841   0.29711600E+01
 1842   0.20864400E+01
 1843   0.15517700E+01
 1844   0.11793600E+01
 1845   0.73046000E+00
 1846   0.45655000E+00
 1847   0.32558000E+00
 1848   0.24579000E+00
 1849   0.19248000E+00
 1850   0.15515000E+00
 1851   0.12806000E+00
 1852   0.10779000E+00
 1853   0.92210000E-01
 1854   0.79960000E-01
 1855   0.70130000E-01
 1856   0.62120000E-01
 1857   0.55470000E-01
 1858   0.49900000E-01
 1859   0.45170000E-01
 1860   0.41120000E-01
 1861   0.37620000E-01
 1862   0.34560000E-01
 1863   0.35670000E-01
 1864   0.40190000E-01
 1865   0.53495700E+01
 1866   0.85871600E+01
 1867   0.59809770E+02
 1868   0.84016780E+02
 1869   0.51261100E+02
 1870   0.31567540E+02
 1871   0.19898520E+02
 1872   0.13056940E+02
 1873   0.10365320E+02
 1874   0.83588800E+01
 1875   0.54647600E+01
 1876   0.38319400E+01
 1877   0.28244900E+01
 1878   0.22240200E+01
 1879   0.18342700E+01
 1880   0.15018800E+01
 1881   0.10377200E+01
 1882   0.72993000E+00
 1883   0.49396000E+00
 1884   0.36573000E+00
 1885   0.30568000E+00
 1886   0.46250000E+00
 1887   0.64777000E+00
 1888   0.83264000E+00
 1889   0.12324000E+01
 1890   0.15689900E+01
 1891   0.16694600E+01
 1892   0.14409700E+01
 1893   0.11420200E+01
 1894   0.10052100E+01
 1895   0.90879000E+00
 1896   0.82858000E+00
 1897   0.23779900E+01
 1898   0.18965900E+01
 1899   0.15404600E+01
 1900   0.10997900E+01
 1901   0.67544000E+00
 1902   0.39535000E+00
 1903   0.27012000E+00
 1904   0.47984000E+00
 1905   0.81086100E+01
 1906   0.90767700E+01
 1907   0.85761500E+01
 1908   0.90328700E+01
 1909   0.76318200E+01
 1910   0.48085200E+01
 1911   0.36854600E+01
 1912   0.30123000E+01
 1913   0.55923800E+01
 1914   0.11660060E+02
 1915   0.14429290E+02
 1916   0.12991530E+02
 1917   0.10844580E+02
 1918   0.67665400E+01
 1919   0.49168100E+01
 1920   0.36983600E+01
 1921   0.28125600E+01
 1922   0.22219800E+01
 1923   0.17494900E+01
 1924   0.14451400E+01
 1925   0.10378600E+01
 1926   0.14689600E+01
 1927   0.29907900E+01
 1928   0.16926800E+01
 1929   0.13500500E+01
 1930   0.10896800E+01
 1931   0.88002000E+00
 1932   0.56329000E+00
 1933   0.36694000E+00
 1934   0.25967000E+00
 1935   0.19602000E+00
 1936   0.15492000E+00
 1937   0.28306100E+01
 1938   0.23238900E+01
 1939   0.14581300E+01
 1940   0.11310300E+01
 1941   0.86945000E+00
 1942   0.72664000E+00
 1943   0.58538000E+00
 1944   0.37706000E+00
 1945   0.24535000E+00
 1946   0.31413000E+00
 1947   0.78416000E+00
 1948   0.11236900E+01
 1949   0.60004000E+00
 1950   0.64316000E+00
 1951   0.48882000E+00
 1952   0.36486000E+00
 1953   0.35510000E+00
 1954   0.23413000E+00
 1955   0.19682000E+00
 1956   0.24983000E+00
 1957   0.23397000E+00
 1958   0.19857000E+00
 1959   0.31306000E+00
 1960   0.30025000E+00
 1961   0.21681000E+00
 1962   0.15891000E+00
 1963   0.67128000E+00
 1964   0.40206400E+01
 1965   0.45524990E+02
 1966   0.18116758E+03
 1967   0.10047092E+03
 1968   0.55842190E+02
 1969   0.33344800E+02
 1970   0.23799940E+02
 1971   0.21129990E+02
 1972   0.18062640E+02
 1973   0.13854820E+02
 1974   0.11427110E+02
 1975   0.80741600E+01
 1976   0.46909500E+01
 1977   0.30970900E+01
 1978   0.21155300E+01
 1979   0.15822900E+01
 1980   0.12041900E+01
 1981   0.70281000E+00
 1982   0.66584000E+00
 1983   0.19187730E+02
 1984   0.77107640E+02
 1985   0.62695360E+02
 1986   0.55376790E+02
 1987   0.59824770E+02
 1988   0.41129060E+02
 1989   0.27769680E+02
 1990   0.19642500E+02
 1991   0.21900790E+02
 1992   0.57145940E+02
 1993   0.76578900E+02
 1994   0.56150110E+02
 1995   0.34719390E+02
 1996   0.23382410E+02
 1997   0.18579030E+02
 1998   0.14596590E+02
 1999   0.11252360E+02
 2000   0.76215600E+01
 2001   0.50282300E+01
 2002   0.34342000E+01
 2003   0.23368100E+01
 2004   0.17820600E+01
 2005   0.14061700E+01
 2006   0.10829700E+01
 2007   0.88835000E+00
 2008   0.73872000E+00
 2009   0.69313000E+00
 2010   0.76127000E+00
 2011   0.79729000E+00
 2012   0.83953000E+00
 2013   0.94339000E+00
 2014   0.99543000E+00
 2015   0.10463300E+01
 2016   0.11093500E+01
 2017   0.11139300E+01
 2018   0.10573800E+01
 2019   0.91448000E+00
 2020   0.78979500E+01
 2021   0.52814590E+02
 2022   0.10605221E+03
 2023   0.13602740E+03
 2024   0.11031421E+03
 2025   0.68107290E+02
 2026   0.41199600E+02
 2027   0.30779710E+02
 2028   0.29182750E+02
 2029   0.62383180E+02
 2030   0.12149059E+03
 2031   0.87221180E+02
 2032   0.47529960E+02
 2033   0.59781660E+02
 2034   0.68045190E+03
 2035   0.14228863E+04
 2036   0.10882140E+04
 2037   0.11350622E+04
 2038   0.99672273E+03
 2039   0.39370704E+03
 2040   0.16702862E+03
 2041   0.84538500E+02
 2042   0.56159560E+02
 2043   0.52938980E+02
 2044   0.73634610E+02
 2045   0.90341760E+02
 2046   0.99814910E+02
 2047   0.78491590E+02
 2048   0.47098360E+02
 2049   0.33037110E+02
 2050   0.26204160E+02
 2051   0.18246280E+03
 2052   0.12148811E+03
 2053   0.70603980E+02
 2054   0.48216520E+02
 2055   0.35030920E+02
 2056   0.24325990E+02
 2057   0.15943870E+02
 2058   0.35559020E+02
 2059   0.52109360E+02
 2060   0.79254120E+02
 2061   0.10011653E+03
 2062   0.72275410E+02
 2063   0.41097360E+02
 2064   0.24094770E+02
 2065   0.14613340E+02
 2066   0.85768300E+01
 2067   0.40839300E+01
 2068   0.31290600E+01
 2069   0.29475730E+02
 2070   0.12669738E+03
 2071   0.18891690E+03
 2072   0.13012341E+03
 2073   0.86799730E+02
 2074   0.61307600E+02
 2075   0.43067980E+02
 2076   0.27706950E+02
 2077   0.17140210E+02
 2078   0.11452310E+02
 2079   0.67503800E+01
 2080   0.39749600E+01
 2081   0.26196400E+01
 2082   0.19440200E+01
 2083   0.15562600E+01
 2084   0.10744700E+01
 2085   0.90979000E+00
 2086   0.93747000E+00
 2087   0.73229000E+00
 2088   0.11387500E+01
 2089   0.14948880E+02
 2090   0.10365236E+03
 2091   0.10615969E+03
 2092   0.60073840E+02
 2093   0.34839330E+02
 2094   0.25386270E+02
 2095   0.18298917E+03
 2096   0.80911676E+03
 2097   0.56955686E+03
 2098   0.61693115E+03
 2099   0.80872666E+03
 2100   0.37528309E+03
 2101   0.19830317E+03
 2102   0.11829811E+03
 2103   0.10918418E+03
 2104   0.76890070E+02
 2105   0.45653980E+02
 2106   0.28115640E+02
 2107   0.17199690E+02
 2108   0.10474740E+02
 2109   0.53004500E+01
 2110   0.12182270E+02
 2111   0.17499790E+02
 2112   0.43061030E+02
 2113   0.58440240E+02
 2114   0.57212190E+02
 2115   0.17777881E+03
 2116   0.58573867E+03
 2117   0.23902701E+03
 2118   0.98561690E+02
 2119   0.48655150E+02
 2120   0.27778200E+02
 2121   0.16684990E+02
 2122   0.10647170E+02
 2123   0.57135200E+01
 2124   0.36451900E+01
 2125   0.27753520E+02
 2126   0.64894590E+02
 2127   0.89050370E+02
 2128   0.60495010E+02
 2129   0.98241020E+02
 2130   0.23465550E+03
 2131   0.16974516E+03
 2132   0.99677680E+02
 2133   0.20341917E+03
 2134   0.25713066E+03
 2135   0.14471652E+03
 2136   0.78402730E+02
 2137   0.44325810E+02
 2138   0.27160240E+02
 2139   0.16921360E+02
 2140   0.11491990E+02
 2141   0.69508800E+01
 2142   0.43619800E+01
 2143   0.29608300E+01
 2144   0.22174100E+01
 2145   0.17778900E+01
 2146   0.14134800E+01
 2147   0.10499500E+01
 2148   0.80978000E+00
 2149   0.61408000E+00
 2150   0.41708000E+00
 2151   0.60882000E+00
 2152   0.44603300E+01
 2153   0.31130100E+01
 2154   0.21204200E+01
 2155   0.15775100E+01
 2156   0.10303600E+01
 2157   0.67409000E+00
 2158   0.40066500E+01
 2159   0.23801700E+01
 2160   0.40814200E+01
 2161   0.50967200E+01
 2162   0.67222400E+01
 2163   0.49794800E+01
 2164   0.40887100E+01
 2165   0.32783400E+01
 2166   0.28258090E+02
 2167   0.44605730E+02
 2168   0.45198400E+02
 2169   0.29667430E+02
 2170   0.18039660E+02
 2171   0.11489720E+02
 2172   0.63239300E+01
 2173   0.35414700E+01
 2174   0.10578010E+02
 2175   0.15681828E+03
 2176   0.13996354E+03
 2177   0.76775290E+02
 2178   0.41163520E+02
 2179   0.28361170E+02
 2180   0.16345770E+02
 2181   0.10576800E+02
 2182   0.66964100E+01
 2183   0.44611700E+01
 2184   0.31608800E+01
 2185   0.20398400E+01
 2186   0.13912700E+01
 2187   0.10056000E+01
 2188   0.82918000E+00
 2189   0.47844000E+00
 2190   0.33661000E+00
 2191   0.27550000E+00
 2192   0.22718000E+00
 2193   0.17972000E+00
 2194   0.15388000E+00
 2195   0.23415000E+00
 2196   0.44635000E+00
 2197   0.50375000E+00
 2198   0.51582000E+00
 2199   0.50566000E+00
 2200   0.46900000E+00
 2201   0.38719000E+00
 2202   0.30003000E+00
 2203   0.23279000E+00
 2204   0.18473000E+00
 2205   0.15024000E+00
 2206   0.12489000E+00
 2207   0.10581000E+00
 2208   0.93320000E-01
 2209   0.16581000E+00
 2210   0.16867000E+00
 2211   0.12356000E+00
 2212   0.13041000E+00
 2213   0.14017000E+00
 2214   0.13298000E+00
 2215   0.11659000E+00
 2216   0.10073000E+00
 2217   0.91239000E+00
 2218   0.88170000E+00
 2219   0.88579900E+01
 2220   0.19484630E+02
 2221   0.20049480E+02
 2222   0.14352740E+02
 2223   0.86170600E+01
 2224   0.56681000E+01
 2225   0.40667900E+01
 2226   0.35243500E+01
 2227   0.38712400E+01
 2228   0.26269000E+01
 2229   0.20792900E+01
 2230   0.16268500E+01
 2231   0.14322900E+01
 2232   0.10178400E+01
 2233   0.67613000E+00
 2234   0.43687000E+00
 2235   0.46935000E+00
 2236   0.33247000E+00
 2237   0.22966000E+00
 2238   0.17572000E+00
 2239   0.14313000E+00
 2240   0.11906000E+00
 2241   0.10039000E+00
 2242   0.12338000E+00
 2243   0.44825000E+00
 2244   0.64818000E+00
 2245   0.79752000E+00
 2246   0.97896000E+00
 2247   0.11439600E+01
 2248   0.12564900E+01
 2249   0.20670700E+01
 2250   0.21429500E+01
 2251   0.15812100E+01
 2252   0.12591500E+01
 2253   0.95961000E+00
 2254   0.71805000E+00
 2255   0.46239000E+00
 2256   0.32541000E+00
 2257   0.29058000E+00
 2258   0.34127000E+00
 2259   0.40718000E+00
 2260   0.42500000E+00
 2261   0.42681000E+00
 2262   0.10382700E+01
 2263   0.14328500E+01
 2264   0.11586100E+01
 2265   0.81983000E+00
 2266   0.59262000E+00
 2267   0.45269000E+00
 2268   0.36862000E+00
 2269   0.32351000E+00
 2270   0.29891000E+00
 2271   0.46058000E+00
 2272   0.76287900E+01
 2273   0.33208270E+02
 2274   0.98998910E+02
 2275   0.68954930E+02
 2276   0.41408340E+02
 2277   0.25934890E+02
 2278   0.18132780E+02
 2279   0.13208950E+02
 2280   0.99759300E+01
 2281   0.56720400E+01
 2282   0.33420100E+01
 2283   0.23283600E+01
 2284   0.18728500E+01
 2285   0.16500700E+01
 2286   0.13942700E+01
 2287   0.98786000E+00
 2288   0.74642000E+00
 2289   0.54611000E+00
 2290   0.38347000E+00
 2291   0.31866000E+00
 2292   0.29590000E+00
 2293   0.27248000E+00
 2294   0.23846000E+00
 2295   0.20317000E+00
 2296   0.17207000E+00
 2297   0.14629000E+00
 2298   0.12533000E+00
 2299   0.10832000E+00
 2300   0.94430000E-01
 2301   0.82990000E-01
 2302   0.73500000E-01
 2303   0.65540000E-01
 2304   0.58800000E-01
 2305   0.54270000E-01
 2306   0.10876000E+00
 2307   0.53962000E+00
 2308   0.66699000E+00
 2309   0.10191600E+01
 2310   0.12337800E+01
 2311   0.13933500E+01
 2312   0.14119100E+01
 2313   0.13548100E+01
 2314   0.13063000E+01
 2315   0.11961700E+01
 2316   0.10890500E+01
 2317   0.18616500E+01
 2318   0.15375000E+01
 2319   0.13582700E+01
 2320   0.11548000E+01
 2321   0.94388000E+00
 2322   0.64935000E+00
 2323   0.41261000E+00
 2324   0.28128000E+00
 2325   0.20622000E+00
 2326   0.15957000E+00
 2327   0.15436000E+00
 2328   0.82665000E+00
 2329   0.44131000E+01
 2330   0.62715200E+01
 2331   0.81841200E+01
 2332   0.77123500E+01
 2333   0.70005300E+01
 2334   0.48252100E+01
 2335   0.35192400E+01
 2336   0.14510270E+02
 2337   0.61719815E+03
 2338   0.25481233E+03
 2339   0.15662209E+03
 2340   0.10933930E+03
 2341   0.74801010E+02
 2342   0.49101430E+02
 2343   0.33697110E+02
 2344   0.22548600E+02
 2345   0.19004980E+02
 2346   0.32462080E+02
 2347   0.87031110E+02
 2348   0.61741920E+02
 2349   0.52634460E+02
 2350   0.97153630E+02
 2351   0.10660465E+03
 2352   0.92730180E+02
 2353   0.63648970E+02
 2354   0.42090230E+02
 2355   0.29205770E+02
 2356   0.21496500E+02
 2357   0.21693540E+02
 2358   0.23316370E+02
 2359   0.19296760E+02
 2360   0.14646420E+02
 2361   0.11706030E+02
 2362   0.98617400E+01
 2363   0.70253500E+01
 2364   0.43959400E+01
 2365   0.30292500E+01
 2366   0.21929700E+01
 2367   0.17575700E+01
 2368   0.14835100E+01
 2369   0.12121200E+01
 2370   0.11142700E+01
 2371   0.16197830E+02
 2372   0.43786090E+02
 2373   0.10163262E+03
 2374   0.22746217E+03
 2375   0.20795821E+03
 2376   0.16591864E+03
 2377   0.11426588E+03
 2378   0.71364910E+02
 2379   0.43756970E+02
 2380   0.28231900E+02
 2381   0.19489720E+02
 2382   0.13737170E+02
 2383   0.25050080E+02
 2384   0.71343100E+02
 2385   0.13309334E+03
 2386   0.10226148E+03
 2387   0.54579730E+02
 2388   0.32852010E+02
 2389   0.21526440E+02
 2390   0.15302490E+02
 2391   0.10596020E+02
 2392   0.90755900E+01
 2393   0.24656480E+02
 2394   0.40519320E+02
 2395   0.42577720E+02
 2396   0.60647720E+02
 2397   0.13780076E+03
 2398   0.21090365E+03
 2399   0.20678647E+03
 2400   0.17890614E+03
 2401   0.14555108E+03
 2402   0.25318834E+03
 2403   0.21359340E+04
 2404   0.98030593E+03
 2405   0.48856017E+03
 2406   0.38470487E+03
 2407   0.58197793E+03
 2408   0.55451801E+03
 2409   0.27187120E+03
 2410   0.18254588E+03
 2411   0.17562444E+03
 2412   0.13187644E+03
 2413   0.75618950E+02
 2414   0.43275960E+02
 2415   0.25972720E+02
 2416   0.15962060E+02
 2417   0.10586120E+02
 2418   0.63398600E+01
 2419   0.10136730E+02
 2420   0.30006770E+02
 2421   0.18933654E+03
 2422   0.33397300E+03
 2423   0.58839213E+03
 2424   0.41800023E+04
 2425   0.19427945E+04
 2426   0.58457280E+03
 2427   0.23536913E+03
 2428   0.11774521E+03
 2429   0.76423190E+02
 2430   0.49176370E+02
 2431   0.28906210E+02
 2432   0.18753660E+02
 2433   0.14339940E+02
 2434   0.93332600E+01
 2435   0.99720500E+01
 2436   0.86380200E+01
 2437   0.25555080E+02
 2438   0.64019644E+03
 2439   0.51432985E+03
 2440   0.22456451E+03
 2441   0.10676360E+03
 2442   0.56854460E+02
 2443   0.32753680E+02
 2444   0.20501150E+02
 2445   0.15361810E+02
 2446   0.12252010E+02
 2447   0.95102400E+01
 2448   0.25598830E+02
 2449   0.94634830E+02
 2450   0.11136123E+03
 2451   0.74964910E+02
 2452   0.41177170E+02
 2453   0.21702970E+02
 2454   0.12581590E+02
 2455   0.72190500E+01
 2456   0.35902300E+01
 2457   0.20268700E+01
 2458   0.13966500E+01
 2459   0.97994000E+00
 2460   0.52940000E+00
 2461   0.36548000E+00
 2462   0.18244300E+01
 2463   0.12210500E+01
 2464   0.29955716E+03
 2465   0.10360800E+04
 2466   0.57988735E+03
 2467   0.32732811E+03
 2468   0.17102736E+03
 2469   0.99160500E+02
 2470   0.15654443E+03
 2471   0.57173134E+03
 2472   0.35129017E+03
 2473   0.28716092E+03
 2474   0.21188415E+03
 2475   0.91185509E+03
 2476   0.52125930E+03
 2477   0.30687683E+03
 2478   0.11204741E+04
 2479   0.12739537E+04
 2480   0.46614904E+03
 2481   0.26180989E+03
 2482   0.14571674E+03
 2483   0.77997670E+02
 2484   0.45105970E+02
 2485   0.53568570E+02
 2486   0.15951377E+03
 2487   0.20683742E+03
 2488   0.24681191E+03
 2489   0.29139505E+03
 2490   0.19636910E+03
 2491   0.98813640E+02
 2492   0.49676270E+02
 2493   0.32718430E+02
 2494   0.44554330E+02
 2495   0.44417270E+02
 2496   0.37908230E+02
 2497   0.24787690E+02
 2498   0.15222450E+02
 2499   0.10272630E+02
 2500   0.65089400E+01
 2501   0.37477800E+01
 2502   0.23305100E+01
 2503   0.15945800E+01
 2504   0.11091500E+01
 2505   0.85657000E+00
 2506   0.56615600E+01
 2507   0.72047200E+01
 2508   0.56234900E+01
 2509   0.51783100E+01
 2510   0.59136400E+01
 2511   0.76999900E+01
 2512   0.41558830E+02
 2513   0.59372780E+02
 2514   0.93976260E+02
 2515   0.11460982E+03
 2516   0.11886625E+03
 2517   0.72353930E+02
 2518   0.65468930E+02
 2519   0.72585500E+02
 2520   0.18339921E+03
 2521   0.33624142E+03
 2522   0.36609988E+03
 2523   0.20751592E+03
 2524   0.10959178E+03
 2525   0.61089530E+02
 2526   0.36102100E+02
 2527   0.21909920E+02
 2528   0.13231490E+02
 2529   0.79955100E+01
 2530   0.48024100E+01
 2531   0.32126600E+01
 2532   0.23989900E+01
 2533   0.19170300E+01
 2534   0.15782100E+01
 2535   0.11137200E+01
 2536   0.24200600E+01
 2537   0.10154470E+02
 2538   0.65683800E+02
 2539   0.75313970E+02
 2540   0.51269360E+02
 2541   0.30286010E+02
 2542   0.18678950E+02
 2543   0.11925220E+02
 2544   0.67974100E+01
 2545   0.79580100E+01
 2546   0.15955330E+02
 2547   0.28202380E+02
 2548   0.28793610E+02
 2549   0.23688840E+02
 2550   0.17472290E+02
 2551   0.12524250E+02
 2552   0.80832900E+01
 2553   0.44970700E+01
 2554   0.28699200E+01
 2555   0.18237400E+01
 2556   0.12051500E+01
 2557   0.88881000E+00
 2558   0.57064000E+00
 2559   0.32302000E+00
 2560   0.24858000E+00
 2561   0.20405000E+00
 2562   0.17925000E+00
 2563   0.14396000E+00
 2564   0.11873000E+00
 2565   0.10007000E+00
 2566   0.85640000E-01
 2567   0.13146000E+00
 2568   0.31209000E+01
 2569   0.31549000E+01
 2570   0.14318000E+01
 2571   0.35850100E+01
 2572   0.41850100E+01
 2573   0.67265700E+01
 2574   0.63455800E+01
 2575   0.34518700E+01
 2576   0.24096300E+01
 2577   0.16931800E+01
 2578   0.12757600E+01
 2579   0.90049000E+00
 2580   0.62691000E+00
 2581   0.33353000E+00
 2582   0.23043000E+00
 2583   0.17228000E+00
 2584   0.13419000E+00
 2585   0.13150000E+00
 2586   0.46019400E+01
 2587   0.33887700E+01
 2588   0.43396600E+01
 2589   0.55400800E+01
 2590   0.47112500E+01
 2591   0.33510400E+01
 2592   0.24277400E+01
 2593   0.15498900E+01
 2594   0.11514900E+01
 2595   0.88248000E+00
 2596   0.99035000E+01
 2597   0.59846670E+02
 2598   0.19621633E+03
 2599   0.13710911E+03
 2600   0.64817280E+02
 2601   0.35558200E+02
 2602   0.27853020E+02
 2603   0.26889990E+02
 2604   0.20237700E+02
 2605   0.14755300E+02
 2606   0.12632940E+02
 2607   0.11258970E+02
 2608   0.90241600E+01
 2609   0.54236900E+01
 2610   0.35999800E+01
 2611   0.27979300E+01
 2612   0.24604400E+01
 2613   0.23195100E+01
 2614   0.52608200E+01
 2615   0.77885600E+01
 2616   0.83563600E+01
 2617   0.67346800E+01
 2618   0.49019300E+01
 2619   0.33351000E+01
 2620   0.22529000E+01
 2621   0.15775400E+01
 2622   0.10906700E+01
 2623   0.94838000E+00
 2624   0.86653000E+00
 2625   0.69842000E+00
 2626   0.54579000E+00
 2627   0.34902000E+00
 2628   0.23067000E+00
 2629   0.17267000E+00
 2630   0.13844000E+00
 2631   0.11603000E+00
 2632   0.10373000E+00
 2633   0.92990000E-01
 2634   0.22151000E+00
 2635   0.10626000E+01
 2636   0.52238800E+01
 2637   0.76944100E+01
 2638   0.17304470E+02
 2639   0.27292450E+02
 2640   0.22046310E+02
 2641   0.14035200E+02
 2642   0.76983700E+01
 2643   0.52643100E+01
 2644   0.38635800E+01
 2645   0.29513300E+01
 2646   0.23169100E+01
 2647   0.18693200E+01
 2648   0.19308600E+01
 2649   0.14480400E+01
 2650   0.10080600E+01
 2651   0.75493000E+00
 2652   0.57329000E+00
 2653   0.36504000E+00
 2654   0.25049000E+00
 2655   0.18817000E+00
 2656   0.14868000E+00
 2657   0.12150000E+00
 2658   0.10177000E+00
 2659   0.86880000E-01
 2660   0.75320000E-01
 2661   0.66120000E-01
 2662   0.15572000E+00
 2663   0.80236000E+00
 2664   0.31266000E+00
 2665   0.19670000E+00
 2666   0.12755200E+01
 2667   0.66891000E+00
 2668   0.58757000E+00
 2669   0.51641000E+00
 2670   0.45393000E+00
 2671   0.24962000E+01
 2672   0.15019700E+01
 2673   0.61566500E+01
 2674   0.36130960E+02
 2675   0.41804660E+02
 2676   0.25861040E+02
 2677   0.15968490E+02
 2678   0.11366830E+02
 2679   0.68215200E+01
 2680   0.45688000E+01
 2681   0.28618400E+01
 2682   0.20429800E+01
 2683   0.19268200E+01
 2684   0.23261300E+01
 2685   0.13727900E+01
 2686   0.31129100E+01
 2687   0.17945700E+01
 2688   0.13424200E+01
 2689   0.12212200E+01
 2690   0.16046993E+03
 2691   0.56602314E+03
 2692   0.21692468E+03
 2693   0.13095564E+03
 2694   0.82619610E+02
 2695   0.47800520E+02
 2696   0.29574630E+02
 2697   0.19403940E+02
 2698   0.13016290E+02
 2699   0.10588810E+02
 2700   0.66661300E+01
 2701   0.13617840E+02
 2702   0.23432409E+03
 2703   0.53124127E+03
 2704   0.34374132E+03
 2705   0.15556198E+03
 2706   0.77918640E+02
 2707   0.44503040E+02
 2708   0.28023510E+02
 2709   0.18338500E+02
 2710   0.12282600E+02
 2711   0.74448900E+01
 2712   0.40323500E+01
 2713   0.74814400E+01
 2714   0.62234356E+03
 2715   0.16105280E+04
 2716   0.12522699E+04
 2717   0.96299246E+03
 2718   0.40243715E+03
 2719   0.18537913E+03
 2720   0.10339352E+03
 2721   0.69387070E+02
 2722   0.57312980E+02
 2723   0.35799331E+03
 2724   0.17612346E+03
 2725   0.13731975E+03
 2726   0.43434967E+03
 2727   0.33825006E+03
 2728   0.55028267E+03
 2729   0.65294830E+03
 2730   0.31043478E+03
 2731   0.17742100E+03
 2732   0.11625031E+03
 2733   0.78980420E+02
 2734   0.57141130E+02
 2735   0.47216790E+02
 2736   0.52397070E+02
 2737   0.62512640E+02
 2738   0.78404600E+02
 2739   0.57005980E+02
 2740   0.67183870E+02
 2741   0.64764250E+02
 2742   0.47922420E+02
 2743   0.29735360E+02
 2744   0.17904300E+02
 2745   0.11470100E+02
 2746   0.62978500E+01
 2747   0.38809700E+01
 2748   0.52351600E+01
 2749   0.39338600E+01
 2750   0.66218300E+01
 2751   0.20562720E+02
 2752   0.80397340E+02
 2753   0.55768581E+03
 2754   0.96130396E+03
 2755   0.68951439E+03
 2756   0.47341455E+03
 2757   0.10113109E+04
 2758   0.40136922E+04
 2759   0.21383221E+04
 2760   0.14935698E+04
 2761   0.13794337E+04
 2762   0.17124789E+04
 2763   0.84652087E+03
 2764   0.30564152E+03
 2765   0.14367780E+03
 2766   0.79341340E+02
 2767   0.46291780E+02
 2768   0.28536910E+02
 2769   0.18747080E+02
 2770   0.12814690E+02
 2771   0.85979000E+01
 2772   0.52268500E+01
 2773   0.14968640E+02
 2774   0.11218451E+03
 2775   0.11883100E+03
 2776   0.62568817E+03
 2777   0.43347453E+03
 2778   0.20361475E+03
 2779   0.11065727E+03
 2780   0.63040300E+02
 2781   0.39351950E+02
 2782   0.25862800E+02
 2783   0.16975620E+02
 2784   0.11462380E+02
 2785   0.17879290E+02
 2786   0.43376700E+02
 2787   0.37409450E+02
 2788   0.25196440E+02
 2789   0.27771410E+02
 2790   0.35838970E+02
 2791   0.51071930E+02
 2792   0.55189800E+02
 2793   0.40101480E+02
 2794   0.25175410E+02
 2795   0.15106410E+02
 2796   0.20644900E+02
 2797   0.24358870E+02
 2798   0.31209640E+03
 2799   0.23784723E+03
 2800   0.11143542E+03
 2801   0.99658700E+02
 2802   0.10900628E+04
 2803   0.12977841E+04
 2804   0.13908981E+04
 2805   0.11397138E+04
 2806   0.23783157E+04
 2807   0.13757569E+04
 2808   0.83305224E+03
 2809   0.54086053E+03
 2810   0.30372885E+03
 2811   0.26814393E+03
 2812   0.98239932E+03
 2813   0.17285076E+04
 2814   0.61071887E+03
 2815   0.23331784E+03
 2816   0.10783335E+03
 2817   0.57791510E+02
 2818   0.35241600E+02
 2819   0.43658514E+03
 2820   0.69017070E+03
 2821   0.29380479E+03
 2822   0.14055957E+03
 2823   0.88807630E+02
 2824   0.99415610E+02
 2825   0.27242021E+03
 2826   0.27038516E+03
 2827   0.45964630E+03
 2828   0.29671181E+03
 2829   0.15802762E+03
 2830   0.81995760E+02
 2831   0.46458240E+02
 2832   0.28431980E+02
 2833   0.18221810E+02
 2834   0.11955840E+02
 2835   0.10096430E+02
 2836   0.97828000E+01
 2837   0.80260400E+01
 2838   0.38452900E+01
 2839   0.25913300E+01
 2840   0.19375300E+01
 2841   0.15463000E+01
 2842   0.11503700E+01
 2843   0.71140000E+00
 2844   0.43999000E+00
 2845   0.31012000E+00
 2846   0.14914744E+03
 2847   0.18785294E+04
 2848   0.62009462E+03
 2849   0.24945425E+03
 2850   0.12304295E+03
 2851   0.10506718E+03
 2852   0.33409496E+03
 2853   0.71437034E+03
 2854   0.75481768E+03
 2855   0.52257893E+03
 2856   0.24462852E+03
 2857   0.15170185E+03
 2858   0.24504491E+03
 2859   0.39960278E+03
 2860   0.20680225E+03
 2861   0.99056210E+02
 2862   0.54490160E+02
 2863   0.32994020E+02
 2864   0.21115480E+02
 2865   0.13443600E+02
 2866   0.79451800E+01
 2867   0.39001800E+01
 2868   0.25783800E+01
 2869   0.22904100E+01
 2870   0.40771800E+01
 2871   0.31597200E+01
 2872   0.81540700E+01
 2873   0.13410350E+02
 2874   0.21299320E+02
 2875   0.23218660E+02
 2876   0.22076710E+02
 2877   0.22232640E+02
 2878   0.26363340E+02
 2879   0.26062740E+02
 2880   0.22944390E+02
 2881   0.18167050E+02
 2882   0.12573560E+02
 2883   0.78848300E+01
 2884   0.13633600E+02
 2885   0.36890450E+02
 2886   0.31333660E+02
 2887   0.21763280E+02
 2888   0.15095370E+02
 2889   0.10384200E+02
 2890   0.76610800E+01
 2891   0.41892400E+01
 2892   0.26554500E+01
 2893   0.18314800E+01
 2894   0.11646000E+01
 2895   0.82777000E+00
 2896   0.46232000E+00
 2897   0.29200000E+00
 2898   0.22650000E+00
 2899   0.40862000E+00
 2900   0.72362000E+00
 2901   0.45452000E+00
 2902   0.76031000E+01
 2903   0.51606280E+02
 2904   0.81259030E+02
 2905   0.59165720E+02
 2906   0.34775350E+02
 2907   0.21072550E+02
 2908   0.13062510E+02
 2909   0.79961300E+01
 2910   0.46955400E+01
 2911   0.32913900E+01
 2912   0.24860900E+01
 2913   0.24293000E+01
 2914   0.23451100E+01
 2915   0.91800700E+01
 2916   0.18437090E+02
 2917   0.26374570E+02
 2918   0.30316520E+02
 2919   0.23573120E+02
 2920   0.16092290E+02
 2921   0.10885080E+02
 2922   0.62706800E+01
 2923   0.38220900E+01
 2924   0.25534800E+01
 2925   0.18420400E+01
 2926   0.25060900E+01
 2927   0.15458500E+01
 2928   0.11404800E+01
 2929   0.69400000E+00
 2930   0.38006600E+01
 2931   0.42901600E+01
 2932   0.95716700E+01
 2933   0.11752800E+02
 2934   0.13121760E+02
 2935   0.13604040E+02
 2936   0.10567830E+02
 2937   0.64672300E+01
 2938   0.56008200E+01
 2939   0.24686100E+01
 2940   0.14609500E+01
 2941   0.44963500E+01
 2942   0.14410890E+02
 2943   0.12776962E+03
 2944   0.10441061E+04
 2945   0.57090451E+03
 2946   0.23200411E+03
 2947   0.11474814E+03
 2948   0.62126620E+02
 2949   0.36452650E+02
 2950   0.24030560E+02
 2951   0.16276180E+02
 2952   0.11408530E+02
 2953   0.72355500E+01
 2954   0.47620500E+01
 2955   0.34348100E+01
 2956   0.55010100E+01
 2957   0.53442300E+01
 2958   0.20380580E+02
 2959   0.33254680E+02
 2960   0.25934950E+02
 2961   0.16956420E+02
 2962   0.11180980E+02
 2963   0.67107900E+01
 2964   0.52059700E+01
 2965   0.43250000E+01
 2966   0.12546320E+02
 2967   0.23842940E+02
 2968   0.20673260E+02
 2969   0.13490200E+02
 2970   0.80347600E+01
 2971   0.62181900E+01
 2972   0.51715200E+01
 2973   0.44081900E+01
 2974   0.37133900E+01
 2975   0.31234300E+01
 2976   0.26194900E+01
 2977   0.22297700E+01
 2978   0.16317700E+01
 2979   0.10950000E+01
 2980   0.10204200E+01
 2981   0.94238000E+00
 2982   0.82091000E+00
 2983   0.68130000E+00
 2984   0.56505000E+00
 2985   0.39510000E+00
 2986   0.26296000E+00
 2987   0.65352000E+00
 2988   0.55344000E+00
 2989   0.61060000E+00
 2990   0.52186000E+00
 2991   0.63807000E+00
 2992   0.12298600E+01
 2993   0.71034000E+00
 2994   0.60949000E+00
 2995   0.66500000E+00
 2996   0.94979000E+00
 2997   0.24083000E+01
 2998   0.21293500E+01
 2999   0.17107900E+01
 3000   0.18154700E+01
 3001   0.12291800E+01
 3002   0.19762000E+01
 3003   0.40143900E+01
 3004   0.20803500E+01
 3005   0.16230900E+01
 3006   0.14583900E+01
 3007   0.13915650E+02
 3008   0.20832890E+02
 3009   0.19563890E+02
 3010   0.16711220E+02
 3011   0.13181640E+02
 3012   0.93187000E+01
 3013   0.50010800E+01
 3014   0.29944700E+01
 3015   0.16908100E+01
 3016   0.11291000E+01
 3017   0.82054000E+00
 3018   0.46544000E+00
 3019   0.26981000E+00
 3020   0.21184000E+00
 3021   0.17671000E+00
 3022   0.14606000E+00
 3023   0.11951000E+00
 3024   0.98510000E-01
 3025   0.90760000E-01
 3026   0.28195000E+00
 3027   0.46411000E+00
 3028   0.48980000E+00
 3029   0.50317000E+00
 3030   0.48839000E+00
 3031   0.49523000E+00
 3032   0.50603000E+00
 3033   0.42135000E+00
 3034   0.32406000E+00
 3035   0.25013000E+00
 3036   0.19742000E+00
 3037   0.23238400E+01
 3038   0.40921700E+01
 3039   0.27337600E+01
 3040   0.16663000E+01
 3041   0.12226600E+01
 3042   0.75165000E+00
 3043   0.44449000E+00
 3044   0.13599600E+01
 3045   0.11054800E+01
 3046   0.87846000E+00
 3047   0.72465000E+00
 3048   0.62756000E+00
 3049   0.51488000E+00
 3050   0.34520000E+00
 3051   0.23449000E+00
 3052   0.17052000E+00
 3053   0.13090000E+00
 3054   0.10449000E+00
 3055   0.85850000E-01
 3056   0.72100000E-01
 3057   0.61620000E-01
 3058   0.53410000E-01
 3059   0.46840000E-01
 3060   0.41480000E-01
 3061   0.37050000E-01
 3062   0.33340000E-01
 3063   0.30190000E-01
 3064   0.27500000E-01
 3065   0.47550000E-01
 3066   0.13928600E+01
 3067   0.96405400E+01
 3068   0.16834400E+02
 3069   0.17829480E+02
 3070   0.15386070E+02
 3071   0.14049430E+02
 3072   0.12681740E+02
 3073   0.10220950E+02
 3074   0.70267600E+01
 3075   0.47945500E+01
 3076   0.33838800E+01
 3077   0.24221500E+01
 3078   0.18910800E+01
 3079   0.15422900E+01
 3080   0.12210600E+01
 3081   0.78053000E+00
 3082   0.50658000E+00
 3083   0.37157000E+00
 3084   0.29008000E+00
 3085   0.23348000E+00
 3086   0.32439000E+00
 3087   0.66922000E+00
 3088   0.17767100E+01
 3089   0.27710000E+01
 3090   0.71792000E+01
 3091   0.17835220E+02
 3092   0.17983170E+03
 3093   0.19069957E+03
 3094   0.10920468E+03
 3095   0.60122800E+02
 3096   0.36656990E+02
 3097   0.24715880E+02
 3098   0.17912320E+02
 3099   0.22202590E+02
 3100   0.57525480E+02
 3101   0.56505780E+02
 3102   0.60809840E+02
 3103   0.49393010E+02
 3104   0.33659300E+02
 3105   0.29639350E+02
 3106   0.36934150E+02
 3107   0.34164880E+02
 3108   0.24070410E+02
 3109   0.17014810E+02
 3110   0.12935490E+02
 3111   0.10246400E+02
 3112   0.70792700E+01
 3113   0.41136100E+01
 3114   0.27849900E+01
 3115   0.20692200E+01
 3116   0.16788300E+01
 3117   0.14034100E+01
 3118   0.98338000E+00
 3119   0.70821000E+00
 3120   0.46730000E+00
 3121   0.95551800E+01
 3122   0.60870400E+02
 3123   0.18426306E+03
 3124   0.16718697E+03
 3125   0.88258470E+02
 3126   0.54626000E+02
 3127   0.40435550E+02
 3128   0.28325510E+02
 3129   0.19176270E+02
 3130   0.12878560E+02
 3131   0.79896900E+01
 3132   0.41660100E+01
 3133   0.24753400E+01
 3134   0.16834900E+01
 3135   0.12194600E+01
 3136   0.15761600E+02
 3137   0.27636740E+02
 3138   0.64042510E+02
 3139   0.12131471E+03
 3140   0.12404604E+03
 3141   0.91674320E+02
 3142   0.53116070E+02
 3143   0.41184120E+02
 3144   0.54151210E+02
 3145   0.38280210E+02
 3146   0.23859780E+02
 3147   0.23645450E+02
 3148   0.27007030E+02
 3149   0.27045330E+02
 3150   0.25074790E+02
 3151   0.19829660E+02
 3152   0.13906810E+02
 3153   0.91045200E+01
 3154   0.44651700E+01
 3155   0.26121700E+01
 3156   0.18792200E+01
 3157   0.14794200E+01
 3158   0.94985000E+00
 3159   0.60147000E+00
 3160   0.71324800E+01
 3161   0.12538650E+02
 3162   0.13004170E+02
 3163   0.11035280E+02
 3164   0.62189400E+01
 3165   0.37432100E+01
 3166   0.75808800E+01
 3167   0.40010280E+02
 3168   0.92125480E+02
 3169   0.15057413E+03
 3170   0.13331810E+03
 3171   0.82696410E+02
 3172   0.62216230E+02
 3173   0.46215860E+02
 3174   0.28202780E+02
 3175   0.18231810E+02
 3176   0.12559930E+02
 3177   0.79928300E+01
 3178   0.81780800E+01
 3179   0.43848740E+02
 3180   0.42136455E+03
 3181   0.17535443E+04
 3182   0.17065910E+04
 3183   0.61514122E+03
 3184   0.25134629E+03
 3185   0.12999006E+03
 3186   0.71497370E+02
 3187   0.42184180E+02
 3188   0.32530820E+02
 3189   0.23843238E+03
 3190   0.50599665E+03
 3191   0.52184760E+03
 3192   0.45812080E+03
 3193   0.36543370E+03
 3194   0.21217800E+03
 3195   0.11441097E+03
 3196   0.80593540E+02
 3197   0.49473860E+02
 3198   0.17695314E+03
 3199   0.34620601E+03
 3200   0.15757805E+03
 3201   0.74235770E+02
 3202   0.42040290E+02
 3203   0.26323590E+02
 3204   0.16304240E+02
 3205   0.14199690E+02
 3206   0.14344190E+02
 3207   0.13904340E+02
 3208   0.12667800E+02
 3209   0.12415170E+02
 3210   0.11699150E+02
 3211   0.85951500E+01
 3212   0.47682000E+01
 3213   0.29578000E+01
 3214   0.20585950E+02
 3215   0.62599021E+03
 3216   0.32702444E+03
 3217   0.13562834E+03
 3218   0.76522930E+02
 3219   0.50283670E+02
 3220   0.39681380E+02
 3221   0.40191490E+02
 3222   0.50069330E+02
 3223   0.70362150E+02
 3224   0.51941680E+02
 3225   0.31708390E+02
 3226   0.20642640E+02
 3227   0.13392970E+02
 3228   0.79348000E+01
 3229   0.42235600E+01
 3230   0.26079300E+01
 3231   0.17877600E+01
 3232   0.37686620E+02
 3233   0.23729506E+03
 3234   0.32999245E+03
 3235   0.18102324E+03
 3236   0.94455130E+02
 3237   0.53269320E+02
 3238   0.32408000E+02
 3239   0.74234600E+02
 3240   0.65860829E+03
 3241   0.81407375E+03
 3242   0.10507290E+04
 3243   0.40655173E+03
 3244   0.16999751E+03
 3245   0.80961800E+02
 3246   0.43677500E+02
 3247   0.26867750E+02
 3248   0.17574490E+02
 3249   0.11934270E+02
 3250   0.73851400E+01
 3251   0.46171200E+01
 3252   0.31399200E+01
 3253   0.22892200E+01
 3254   0.18286500E+01
 3255   0.14324400E+01
 3256   0.94916000E+00
 3257   0.71130000E+00
 3258   0.41911400E+01
 3259   0.70768200E+01
 3260   0.64161200E+01
 3261   0.44889800E+01
 3262   0.29871900E+01
 3263   0.20434400E+01
 3264   0.14515000E+01
 3265   0.10238100E+01
 3266   0.52453000E+00
 3267   0.31205000E+00
 3268   0.22820357E+03
 3269   0.10018745E+04
 3270   0.47411501E+03
 3271   0.20448171E+03
 3272   0.10198659E+03
 3273   0.56805000E+02
 3274   0.34126640E+02
 3275   0.21923270E+02
 3276   0.14058860E+02
 3277   0.80350200E+01
 3278   0.46402600E+01
 3279   0.30890500E+01
 3280   0.22614400E+01
 3281   0.18212300E+01
 3282   0.15533000E+01
 3283   0.24478700E+01
 3284   0.56742800E+01
 3285   0.90526000E+01
 3286   0.12381310E+02
 3287   0.13038260E+02
 3288   0.11979130E+02
 3289   0.93486200E+01
 3290   0.67490700E+01
 3291   0.53018500E+01
 3292   0.41196100E+01
 3293   0.30328400E+01
 3294   0.23032400E+01
 3295   0.18331000E+01
 3296   0.13606400E+01
 3297   0.90665000E+00
 3298   0.69382000E+00
 3299   0.48268000E+00
 3300   0.32851000E+00
 3301   0.24471000E+00
 3302   0.19108000E+00
 3303   0.15406000E+00
 3304   0.12728000E+00
 3305   0.10722000E+00
 3306   0.91780000E-01
 3307   0.79640000E-01
 3308   0.17540000E+00
 3309   0.66344000E+00
 3310   0.37523400E+01
 3311   0.10420120E+02
 3312   0.34474800E+02
 3313   0.78976940E+02
 3314   0.10807157E+03
 3315   0.83801590E+02
 3316   0.55191490E+02
 3317   0.33850850E+02
 3318   0.21275310E+02
 3319   0.14199430E+02
 3320   0.91731900E+01
 3321   0.52638000E+01
 3322   0.33937600E+01
 3323   0.21501100E+01
 3324   0.20531600E+01
 3325   0.10799350E+02
 3326   0.12881380E+02
 3327   0.16130790E+02
 3328   0.17861990E+02
 3329   0.13615920E+02
 3330   0.91471800E+01
 3331   0.48045100E+01
 3332   0.30886900E+01
 3333   0.19986700E+01
 3334   0.14721600E+01
 3335   0.11271700E+01
 3336   0.76070000E+00
 3337   0.43293000E+00
 3338   0.32866000E+00
 3339   0.27071000E+00
 3340   0.22602000E+00
 3341   0.18667000E+00
 3342   0.15403000E+00
 3343   0.12841000E+00
 3344   0.10856000E+00
 3345   0.93080000E-01
 3346   0.80820000E-01
 3347   0.70960000E-01
 3348   0.62890000E-01
 3349   0.56200000E-01
 3350   0.50580000E-01
 3351   0.45810000E-01
 3352   0.41710000E-01
 3353   0.39560000E-01
 3354   0.84790000E-01
 3355   0.23837000E+00
 3356   0.11281800E+01
 3357   0.83065000E+00
 3358   0.83361000E+00
 3359   0.70908000E+00
 3360   0.53609000E+00
 3361   0.10464500E+01
 3362   0.89825000E+00
 3363   0.68026000E+00
 3364   0.16830000E+01
 3365   0.77745200E+01
 3366   0.17357100E+02
 3367   0.50353590E+02
 3368   0.38198060E+02
 3369   0.22719170E+02
 3370   0.15036380E+02
 3371   0.96297800E+01
 3372   0.58187300E+01
 3373   0.45195500E+01
 3374   0.12619320E+02
 3375   0.94806240E+02
 3376   0.65356440E+02
 3377   0.37127410E+02
 3378   0.20457430E+02
 3379   0.12494870E+02
 3380   0.87141600E+01
 3381   0.18879360E+02
 3382   0.22200010E+02
 3383   0.23418990E+02
 3384   0.21246700E+02
 3385   0.15729270E+02
 3386   0.13221920E+02
 3387   0.12771540E+02
 3388   0.13678090E+02
 3389   0.13251200E+02
 3390   0.10765410E+02
 3391   0.10013270E+02
 3392   0.12107220E+02
 3393   0.15903450E+02
 3394   0.74275420E+02
 3395   0.53999600E+02
 3396   0.39159670E+02
 3397   0.55695330E+02
 3398   0.65219660E+02
 3399   0.61302210E+02
 3400   0.37832860E+02
 3401   0.23899930E+02
 3402   0.15317080E+02
 3403   0.10321820E+02
 3404   0.56709900E+01
 3405   0.36726100E+01
 3406   0.24233900E+01
 3407   0.18065800E+01
 3408   0.14120900E+01
 3409   0.99190000E+00
 3410   0.55589000E+00
 3411   0.39913000E+00
 3412   0.48304000E+00
 3413   0.89742000E+00
 3414   0.12279900E+01
 3415   0.15323200E+01
 3416   0.20402700E+01
 3417   0.39896800E+01
 3418   0.30113400E+01
 3419   0.22823200E+01
 3420   0.18899500E+01
 3421   0.16500500E+01
 3422   0.15177300E+01
 3423   0.14496000E+01
 3424   0.36248200E+01
 3425   0.24665000E+01
 3426   0.19090700E+01
 3427   0.19241000E+01
 3428   0.17944400E+01
 3429   0.14584800E+01
 3430   0.11715800E+01
 3431   0.10051300E+01
 3432   0.79086000E+00
 3433   0.73568000E+00
 3434   0.78176000E+00
 3435   0.80328000E+00
 3436   0.89865000E+00
 3437   0.24217200E+01
 3438   0.63412300E+01
 3439   0.57196600E+01
 3440   0.45540500E+01
 3441   0.33630800E+01
 3442   0.28090100E+01
 3443   0.37671390E+02
 3444   0.68968822E+03
 3445   0.31249471E+03
 3446   0.18809931E+03
 3447   0.10042204E+03
 3448   0.56385730E+02
 3449   0.33844410E+02
 3450   0.12390604E+03
 3451   0.91676270E+02
 3452   0.52304650E+02
 3453   0.74576070E+02
 3454   0.11196102E+04
 3455   0.93222929E+03
 3456   0.26731927E+04
 3457   0.87235243E+03
 3458   0.55586032E+03
 3459   0.51977257E+03
 3460   0.26889865E+03
 3461   0.16536885E+03
 3462   0.95849250E+02
 3463   0.12003620E+03
 3464   0.11710145E+04
 3465   0.15498067E+04
 3466   0.18001291E+04
 3467   0.54115382E+03
 3468   0.24634208E+03
 3469   0.12865926E+03
 3470   0.71165580E+02
 3471   0.41784260E+02
 3472   0.27457340E+02
 3473   0.18932400E+02
 3474   0.13500220E+02
 3475   0.94528100E+01
 3476   0.55488300E+01
 3477   0.38254600E+01
 3478   0.25751600E+01
 3479   0.13703500E+02
 3480   0.26871340E+02
 3481   0.37707190E+02
 3482   0.37589860E+02
 3483   0.27364280E+02
 3484   0.19399070E+02
 3485   0.13460650E+02
 3486   0.81878400E+01
 3487   0.44075200E+01
 3488   0.27783400E+01
 3489   0.17295000E+01
 3490   0.11687100E+01
 3491   0.84984000E+00
 3492   0.52472000E+00
 3493   0.11483900E+01
 3494   0.14151292E+03
 3495   0.24537642E+03
 3496   0.12852565E+03
 3497   0.91166110E+02
 3498   0.54661030E+02
 3499   0.33199600E+02
 3500   0.21466720E+02
 3501   0.13755860E+02
 3502   0.81268800E+01
 3503   0.45681300E+01
 3504   0.30551600E+01
 3505   0.98783800E+01
 3506   0.85129700E+01
 3507   0.87756600E+01
 3508   0.89988600E+01
 3509   0.80053900E+01
 3510   0.85376300E+01
 3511   0.25396410E+02
 3512   0.47360500E+02
 3513   0.52771010E+02
 3514   0.35611380E+02
 3515   0.22429560E+02
 3516   0.14550680E+02
 3517   0.92348100E+01
 3518   0.50466800E+01
 3519   0.33465000E+01
 3520   0.24705700E+01
 3521   0.18144700E+01
 3522   0.12368600E+01
 3523   0.44171400E+01
 3524   0.10900990E+02
 3525   0.14241920E+02
 3526   0.29273130E+02
 3527   0.12002563E+03
 3528   0.96912890E+02
 3529   0.51104350E+02
 3530   0.27558980E+02
 3531   0.16247090E+02
 3532   0.98612500E+01
 3533   0.44034600E+01
 3534   0.25838900E+01
 3535   0.19441600E+01
 3536   0.19981400E+01
 3537   0.12060100E+01
 3538   0.12016900E+01
 3539   0.12105000E+01
 3540   0.52811000E+00
 3541   0.45025000E+00
 3542   0.23248000E+00
 3543   0.62194900E+01
 3544   0.24735600E+02
 3545   0.69935060E+02
 3546   0.43192229E+03
 3547   0.69860399E+03
 3548   0.26839332E+03
 3549   0.13019716E+03
 3550   0.73538160E+02
 3551   0.43717100E+02
 3552   0.26065960E+02
 3553   0.15889030E+02
 3554   0.10763990E+02
 3555   0.60917800E+01
 3556   0.38620800E+01
 3557   0.96270500E+01
 3558   0.13692600E+02
 3559   0.14340850E+02
 3560   0.14087830E+02
 3561   0.86005440E+02
 3562   0.11012593E+03
 3563   0.70704280E+02
 3564   0.38465070E+02
 3565   0.29178446E+03
 3566   0.11678902E+04
 3567   0.79657648E+03
 3568   0.32398421E+03
 3569   0.13731891E+03
 3570   0.69115290E+02
 3571   0.38596590E+02
 3572   0.23747440E+02
 3573   0.14609200E+02
 3574   0.84444000E+01
 3575   0.64736800E+01
 3576   0.20191050E+02
 3577   0.20966132E+03
 3578   0.35505844E+03
 3579   0.73304161E+03
 3580   0.58722134E+03
 3581   0.24649199E+03
 3582   0.11675285E+03
 3583   0.60489920E+02
 3584   0.48556640E+02
 3585   0.20285041E+03
 3586   0.14154125E+04
 3587   0.18382556E+04
 3588   0.54491798E+03
 3589   0.23025661E+03
 3590   0.15673221E+03
 3591   0.93910660E+02
 3592   0.62717630E+02
 3593   0.67729700E+02
 3594   0.62392970E+02
 3595   0.80805220E+02
 3596   0.16443826E+03
 3597   0.12208503E+03
 3598   0.29883258E+03
 3599   0.19410303E+04
 3600   0.14734222E+04
 3601   0.44290108E+03
 3602   0.18290487E+03
 3603   0.87640580E+02
 3604   0.46556620E+02
 3605   0.27307720E+02
 3606   0.17613900E+02
 3607   0.11736550E+02
 3608   0.11397850E+02
 3609   0.93215600E+01
 3610   0.14841380E+02
 3611   0.17345010E+02
 3612   0.15394010E+02
 3613   0.12666330E+02
 3614   0.89096200E+01
 3615   0.52490200E+01
 3616   0.11016710E+02
 3617   0.27411200E+02
 3618   0.23927704E+03
 3619   0.20825872E+03
 3620   0.10866727E+03
 3621   0.63867760E+02
 3622   0.38807290E+02
 3623   0.25044560E+02
 3624   0.23451230E+02
 3625   0.20627410E+02
 3626   0.15740020E+02
 3627   0.12362020E+02
 3628   0.11551970E+02
 3629   0.84549900E+01
 3630   0.11643700E+02
 3631   0.35675370E+02
 3632   0.10225542E+03
 3633   0.23739984E+03
 3634   0.20845525E+03
 3635   0.12433319E+03
 3636   0.74841060E+02
 3637   0.48582230E+02
 3638   0.31240200E+02
 3639   0.20710850E+02
 3640   0.13904440E+02
 3641   0.94349000E+01
 3642   0.55863100E+01
 3643   0.37563000E+01
 3644   0.25890200E+01
 3645   0.61107900E+01
 3646   0.43806200E+01
 3647   0.21019300E+01
 3648   0.18442000E+01
 3649   0.17794300E+01
 3650   0.15643200E+01
 3651   0.12631300E+01
 3652   0.10732700E+01
 3653   0.25586400E+01
 3654   0.13613200E+01
 3655   0.79889000E+00
 3656   0.53409000E+00
 3657   0.36442000E+00
 3658   0.25955000E+00
 3659   0.19473000E+00
 3660   0.15228000E+00
 3661   0.12287000E+00
 3662   0.10156000E+00
 3663   0.85580000E-01
 3664   0.73260000E-01
 3665   0.63540000E-01
 3666   0.55740000E-01
 3667   0.49360000E-01
 3668   0.44080000E-01
 3669   0.39660000E-01
 3670   0.42050000E-01
 3671   0.44940000E-01
 3672   0.37880000E-01
 3673   0.34140000E-01
 3674   0.32170000E-01
 3675   0.43880000E-01
 3676   0.49704200E+01
 3677   0.51910100E+01
 3678   0.27547100E+01
 3679   0.22023300E+01
 3680   0.16771100E+01
 3681   0.12483300E+01
 3682   0.92017000E+00
 3683   0.64321000E+00
 3684   0.30089000E+00
 3685   0.19541000E+00
 3686   0.14323000E+00
 3687   0.11137000E+00
 3688   0.89960000E-01
 3689   0.71491000E+00
 3690   0.60519000E+01
 3691   0.31364540E+02
 3692   0.37355150E+02
 3693   0.24076470E+02
 3694   0.15308640E+02
 3695   0.92190300E+01
 3696   0.48300700E+01
 3697   0.31658400E+01
 3698   0.23586300E+01
 3699   0.19070200E+01
 3700   0.14444900E+01
 3701   0.11783400E+01
 3702   0.10430900E+01
 3703   0.90934000E+00
 3704   0.74073000E+00
 3705   0.56690000E+00
 3706   0.37093000E+00
 3707   0.91410000E+00
 3708   0.16311190E+02
 3709   0.10110027E+03
 3710   0.71834920E+02
 3711   0.43001460E+02
 3712   0.25723660E+02
 3713   0.17429260E+02
 3714   0.13239000E+02
 3715   0.10153250E+02
 3716   0.61138900E+01
 3717   0.41681100E+01
 3718   0.37594400E+01
 3719   0.63217590E+02
 3720   0.19018789E+03
 3721   0.15676254E+03
 3722   0.10790103E+03
 3723   0.65907420E+02
 3724   0.39108110E+02
 3725   0.24257350E+02
 3726   0.15845270E+02
 3727   0.10526960E+02
 3728   0.40222570E+02
 3729   0.84692130E+02
 3730   0.15249760E+03
 3731   0.14841420E+03
 3732   0.84914870E+02
 3733   0.51212670E+02
 3734   0.36251360E+02
 3735   0.27532450E+02
 3736   0.20975450E+02
 3737   0.21521280E+02
 3738   0.24631620E+02
 3739   0.11382470E+03
 3740   0.16823756E+03
 3741   0.24615409E+03
 3742   0.14576400E+03
 3743   0.80212910E+02
 3744   0.52918250E+02
 3745   0.35443270E+02
 3746   0.27031280E+02
 3747   0.73237150E+02
 3748   0.23996907E+03
 3749   0.12375864E+03
 3750   0.69289830E+02
 3751   0.50221030E+02
 3752   0.35015650E+02
 3753   0.28465540E+02
 3754   0.29805850E+02
 3755   0.25039380E+02
 3756   0.20836190E+02
 3757   0.16083510E+02
 3758   0.10800600E+02
 3759   0.63479500E+01
 3760   0.37839500E+01
 3761   0.25250400E+01
 3762   0.17605900E+01
 3763   0.39229800E+01
 3764   0.46721800E+01
 3765   0.29221300E+01
 3766   0.20519600E+01
 3767   0.15529800E+01
 3768   0.11865600E+01
 3769   0.77673000E+00
 3770   0.66443000E+00
 3771   0.69343000E+00
 3772   0.73215000E+00
 3773   0.75840000E+00
 3774   0.77476000E+00
 3775   0.77366000E+00
 3776   0.73596000E+00
 3777   0.64680000E+00
 3778   0.50646000E+00
 3779   0.34114000E+00
 3780   0.24472000E+00
 3781   0.18635000E+00
 3782   0.23953000E+00
 3783   0.12070000E+01
 3784   0.59461000E+00
 3785   0.57859000E+00
 3786   0.67517000E+00
 3787   0.15396200E+01
 3788   0.79651000E+00
 3789   0.59407000E+00
 3790   0.51708000E+00
 3791   0.46203000E+00
 3792   0.33751000E+00
 3793   0.24252000E+00
 3794   0.58152000E+00
 3795   0.10590600E+01
 3796   0.15860400E+01
 3797   0.10922900E+01
 3798   0.50873000E+00
 3799   0.33572000E+00
 3800   0.93458200E+01
 3801   0.92732900E+01
 3802   0.52896800E+01
 3803   0.82787500E+01
 3804   0.72651680E+02
 3805   0.17404070E+03
 3806   0.11146920E+03
 3807   0.59421120E+02
 3808   0.58124680E+02
 3809   0.12935944E+03
 3810   0.15749053E+03
 3811   0.10338527E+03
 3812   0.59425010E+02
 3813   0.38750480E+02
 3814   0.48639620E+02
 3815   0.63276300E+02
 3816   0.22013951E+03
 3817   0.14850073E+03
 3818   0.17283892E+03
 3819   0.93139190E+03
 3820   0.91221170E+03
 3821   0.15997968E+04
 3822   0.68960779E+03
 3823   0.31131675E+03
 3824   0.30437246E+03
 3825   0.33858838E+03
 3826   0.26400058E+03
 3827   0.16182650E+03
 3828   0.10966649E+03
 3829   0.84205170E+02
 3830   0.60355790E+02
 3831   0.38919430E+02
 3832   0.25092970E+02
 3833   0.16735520E+02
 3834   0.21181100E+02
 3835   0.24252570E+02
 3836   0.54743240E+02
 3837   0.80188880E+02
 3838   0.38925728E+03
 3839   0.56808809E+03
 3840   0.37721175E+03
 3841   0.18140908E+03
 3842   0.99183790E+02
 3843   0.56632850E+02
 3844   0.34297800E+02
 3845   0.22288620E+02
 3846   0.14840510E+02
 3847   0.10105240E+02
 3848   0.74983000E+01
 3849   0.41694647E+03
 3850   0.11737749E+04
 3851   0.77450946E+03
 3852   0.62092382E+03
 3853   0.36611014E+03
 3854   0.22372810E+03
 3855   0.21054870E+03
 3856   0.32310035E+03
 3857   0.18287738E+03
 3858   0.99068280E+02
 3859   0.11871280E+03
 3860   0.25460958E+03
 3861   0.27242426E+03
 3862   0.17167970E+03
 3863   0.10857772E+03
 3864   0.22508560E+04
 3865   0.77710543E+03
 3866   0.32186502E+03
 3867   0.15362405E+03
 3868   0.82464160E+02
 3869   0.56189130E+02
 3870   0.51386160E+02
 3871   0.51269540E+02
 3872   0.51777810E+02
 3873   0.52893870E+02
 3874   0.49890200E+02
 3875   0.38415580E+02
 3876   0.30247250E+02
 3877   0.27977740E+02
 3878   0.21106480E+02
 3879   0.18527290E+02
 3880   0.16350180E+02
 3881   0.34754850E+02
 3882   0.18723388E+03
 3883   0.28947886E+03
 3884   0.15742114E+03
 3885   0.87124420E+02
 3886   0.50050770E+02
 3887   0.30332370E+02
 3888   0.19322470E+02
 3889   0.12936920E+02
 3890   0.12120370E+02
 3891   0.23699510E+02
 3892   0.30120680E+02
 3893   0.74440230E+02
 3894   0.95409683E+03
 3895   0.87068439E+03
 3896   0.43233763E+03
 3897   0.26122757E+03
 3898   0.13836954E+03
 3899   0.71627290E+02
 3900   0.39995590E+02
 3901   0.24073700E+02
 3902   0.16791230E+02
 3903   0.15486110E+02
 3904   0.18373790E+02
 3905   0.20152670E+02
 3906   0.17333920E+02
 3907   0.14197880E+02
 3908   0.12347180E+02
 3909   0.85309100E+01
 3910   0.10833220E+02
 3911   0.70682600E+01
 3912   0.46414300E+01
 3913   0.30652300E+01
 3914   0.92247700E+01
 3915   0.25231400E+02
 3916   0.44847580E+02
 3917   0.54213110E+02
 3918   0.38767750E+02
 3919   0.24027380E+02
 3920   0.15083130E+02
 3921   0.92421100E+01
 3922   0.40335600E+01
 3923   0.23282800E+01
 3924   0.22861982E+03
 3925   0.59334885E+03
 3926   0.28653111E+03
 3927   0.13487132E+03
 3928   0.70725650E+02
 3929   0.40355540E+02
 3930   0.24832350E+02
 3931   0.15589800E+02
 3932   0.99086000E+01
 3933   0.49755300E+01
 3934   0.34176800E+01
 3935   0.38657500E+01
 3936   0.25700000E+01
 3937   0.18213000E+01
 3938   0.14671400E+01
 3939   0.11007400E+01
 3940   0.79421000E+00
 3941   0.51765000E+00
 3942   0.35900000E+00
 3943   0.27096000E+00
 3944   0.21166000E+00
 3945   0.16931000E+00
 3946   0.16242800E+01
 3947   0.11424370E+03
 3948   0.26843876E+03
 3949   0.59195090E+03
 3950   0.34261413E+03
 3951   0.27637010E+03
 3952   0.31858886E+03
 3953   0.25935008E+03
 3954   0.13818439E+03
 3955   0.70527660E+02
 3956   0.40558610E+02
 3957   0.63685360E+02
 3958   0.21310405E+03
 3959   0.22990994E+03
 3960   0.15053624E+03
 3961   0.79070920E+02
 3962   0.40700090E+02
 3963   0.23330400E+02
 3964   0.14568360E+02
 3965   0.91934700E+01
 3966   0.46539300E+01
 3967   0.30347500E+01
 3968   0.82899700E+01
 3969   0.99036000E+01
 3970   0.13387010E+02
 3971   0.16581560E+02
 3972   0.17748550E+02
 3973   0.23269170E+02
 3974   0.57469560E+02
 3975   0.62300554E+03
 3976   0.22830823E+04
 3977   0.66384345E+03
 3978   0.25158180E+03
 3979   0.12153007E+03
 3980   0.66304860E+02
 3981   0.38823730E+02
 3982   0.24770910E+02
 3983   0.15453430E+02
 3984   0.11951300E+02
 3985   0.47542644E+03
 3986   0.11345761E+04
 3987   0.32986031E+03
 3988   0.13526973E+03
 3989   0.71972240E+02
 3990   0.42418390E+02
 3991   0.26866500E+02
 3992   0.17711010E+02
 3993   0.11365130E+02
 3994   0.54668900E+01
 3995   0.33896000E+01
 3996   0.23909700E+01
 3997   0.19187200E+01
 3998   0.16570300E+01
 3999   0.12438300E+01
 4000   0.97677000E+00
 4001   0.79021600E+01
 4002   0.17934880E+02
 4003   0.22203060E+02
 4004   0.62144820E+02
 4005   0.91678270E+02
 4006   0.73519000E+02
 4007   0.43167860E+02
 4008   0.28819000E+02
 4009   0.69813640E+02
 4010   0.15880368E+03
 4011   0.11615441E+03
 4012   0.11974121E+03
 4013   0.10332801E+03
 4014   0.61545110E+02
 4015   0.35204530E+02
 4016   0.32413880E+02
 4017   0.27457520E+02
 4018   0.19046360E+02
 4019   0.12951130E+02
 4020   0.82942600E+01
 4021   0.50593800E+01
 4022   0.36646700E+01
 4023   0.27353900E+01
 4024   0.19637200E+01
 4025   0.15209200E+01
 4026   0.10694000E+01
 4027   0.86460000E+00
 4028   0.35300400E+01
 4029   0.21459900E+01
 4030   0.18071600E+01
 4031   0.23973900E+01
 4032   0.20739800E+01
 4033   0.59741600E+01
 4034   0.62172000E+01
 4035   0.31236700E+01
 4036   0.21014400E+01
 4037   0.15209200E+01
 4038   0.11732200E+01
 4039   0.84404000E+00
 4040   0.45708000E+00
 4041   0.28956000E+00
 4042   0.20579000E+00
 4043   0.15659000E+00
 4044   0.17139000E+00
 4045   0.10029700E+01
 4046   0.36137500E+01
 4047   0.39913700E+01
 4048   0.39394000E+01
 4049   0.38222300E+01
 4050   0.30243200E+01
 4051   0.24347700E+01
 4052   0.19546200E+01
 4053   0.14879800E+01
 4054   0.11022800E+01
 4055   0.83163000E+00
 4056   0.62664000E+00
 4057   0.47598000E+00
 4058   0.30295000E+00
 4059   0.21528000E+00
 4060   0.16483000E+00
 4061   0.13223000E+00
 4062   0.13415000E+00
 4063   0.23003000E+00
 4064   0.13465000E+00
 4065   0.93120000E-01
 4066   0.75060000E-01
 4067   0.65470000E-01
 4068   0.19082000E+00
 4069   0.12400000E+00
 4070   0.11425000E+00
 4071   0.12877000E+00
 4072   0.15571000E+00
 4073   0.14487000E+00
 4074   0.12067000E+00
 4075   0.99570000E-01
 4076   0.11404000E+00
 4077   0.69385000E+00
 4078   0.50203100E+01
 4079   0.11662360E+02
 4080   0.63933250E+02
 4081   0.56247220E+02
 4082   0.34009130E+02
 4083   0.21245840E+02
 4084   0.14599240E+02
 4085   0.11251740E+02
 4086   0.20767980E+02
 4087   0.28399970E+02
 4088   0.21834280E+02
 4089   0.15525160E+02
 4090   0.10104840E+02
 4091   0.65648300E+01
 4092   0.45855700E+01
 4093   0.33928100E+01
 4094   0.26717400E+01
 4095   0.20890800E+01
 4096   0.16155500E+01
 4097   0.11229300E+01
 4098   0.90379000E+00
 4099   0.72483000E+00
 4100   0.55855000E+00
 4101   0.35937000E+00
 4102   0.25666000E+00
 4103   0.19698000E+00
 4104   0.15838000E+00
 4105   0.13394000E+00
 4106   0.13402000E+00
 4107   0.20924000E+00
 4108   0.28602000E+00
 4109   0.34236000E+00
 4110   0.55909000E+00
 4111   0.88549000E+00
 4112   0.75794000E+00
 4113   0.79260000E+00
 4114   0.20228500E+01
 4115   0.86525800E+01
 4116   0.11337040E+02
 4117   0.10105120E+02
 4118   0.96642800E+01
 4119   0.91251500E+01
 4120   0.11878040E+02
 4121   0.15725410E+02
 4122   0.25540400E+02
 4123   0.50812300E+02
 4124   0.57410580E+02
 4125   0.38934860E+02
 4126   0.24063320E+02
 4127   0.14705020E+02
 4128   0.94456200E+01
 4129   0.49104100E+01
 4130   0.30273400E+01
 4131   0.39304300E+01
 4132   0.53828100E+01
 4133   0.82418550E+02
 4134   0.34736946E+03
 4135   0.19484068E+03
 4136   0.86619770E+02
 4137   0.43040860E+02
 4138   0.24404380E+02
 4139   0.15119620E+02
 4140   0.96021700E+01
 4141   0.51156200E+01
 4142   0.33640900E+01
 4143   0.25121100E+01
 4144   0.86125200E+01
 4145   0.84162000E+01
 4146   0.18455710E+02
 4147   0.26813540E+02
 4148   0.19757550E+02
 4149   0.13341510E+02
 4150   0.81018000E+01
 4151   0.48789200E+01
 4152   0.33934400E+01
 4153   0.24785300E+01
 4154   0.19316100E+01
 4155   0.14250800E+01
 4156   0.10938700E+01
 4157   0.85875000E+00
 4158   0.68065000E+00
 4159   0.53001000E+00
 4160   0.34583000E+00
 4161   0.24953000E+00
 4162   0.19481000E+00
 4163   0.15876000E+00
 4164   0.13302000E+00
 4165   0.11371000E+00
 4166   0.98720000E-01
 4167   0.86790000E-01
 4168   0.77090000E-01
 4169   0.69070000E-01
 4170   0.25848800E+01
 4171   0.16922000E+01
 4172   0.10269900E+01
 4173   0.60160000E+00
 4174   0.39420000E+00
 4175   0.28299000E+00
 4176   0.21292000E+00
 4177   0.16582000E+00
 4178   0.13278000E+00
 4179   0.10878000E+00
 4180   0.90840000E-01
 4181   0.77090000E-01
 4182   0.66320000E-01
 4183   0.57740000E-01
 4184   0.50770000E-01
 4185   0.45050000E-01
 4186   0.40290000E-01
 4187   0.36290000E-01
 4188   0.33770000E-01
 4189   0.32044100E+01
 4190   0.32719210E+02
 4191   0.63431476E+03
 4192   0.55495661E+03
 4193   0.24700073E+03
 4194   0.11900239E+03
 4195   0.64615540E+02
 4196   0.37494520E+02
 4197   0.23703650E+02
 4198   0.14870300E+02
 4199   0.90479300E+01
 4200   0.47379100E+01
 4201   0.30397600E+01
 4202   0.21718400E+01
 4203   0.17287300E+01
 4204   0.14305900E+01
 4205   0.10406900E+01
 4206   0.13563400E+01
 4207   0.10260690E+02
 4208   0.45432320E+02
 4209   0.44461934E+03
 4210   0.41519562E+03
 4211   0.20905639E+03
 4212   0.10359036E+03
 4213   0.57917850E+02
 4214   0.37639740E+02
 4215   0.32349340E+02
 4216   0.25925851E+03
 4217   0.20305729E+03
 4218   0.14721411E+03
 4219   0.11099248E+03
 4220   0.66916980E+02
 4221   0.55839270E+02
 4222   0.11238441E+03
 4223   0.15273474E+03
 4224   0.12592389E+03
 4225   0.15979288E+03
 4226   0.14595103E+03
 4227   0.95523120E+02
 4228   0.32764798E+03
 4229   0.49958545E+03
 4230   0.38019957E+03
 4231   0.10051270E+04
 4232   0.51297568E+03
 4233   0.35987973E+03
 4234   0.21517539E+03
 4235   0.12635172E+03
 4236   0.93714290E+02
 4237   0.33825735E+03
 4238   0.34562702E+03
 4239   0.22591806E+03
 4240   0.19440167E+03
 4241   0.24800409E+03
 4242   0.14544084E+03
 4243   0.15916428E+03
 4244   0.14665433E+03
 4245   0.81692040E+02
 4246   0.45468150E+02
 4247   0.26380370E+02
 4248   0.17522920E+02
 4249   0.12188660E+02
 4250   0.77250300E+01
 4251   0.47913900E+01
 4252   0.32087100E+01
 4253   0.22738800E+01
 4254   0.18009900E+01
 4255   0.14860400E+01
 4256   0.10640500E+01
 4257   0.40765300E+01
 4258   0.48956600E+01
 4259   0.45729400E+01
 4260   0.30213000E+01
 4261   0.19480000E+01
 4262   0.15193200E+01
 4263   0.10290700E+01
 4264   0.79420000E+00
 4265   0.45400526E+03
 4266   0.19219129E+04
 4267   0.67579379E+03
 4268   0.26645616E+03
 4269   0.17453372E+03
 4270   0.12865793E+03
 4271   0.13989817E+03
 4272   0.28296822E+03
 4273   0.28357882E+03
 4274   0.17931096E+03
 4275   0.15787725E+03
 4276   0.18549689E+03
 4277   0.24059473E+03
 4278   0.36053279E+03
 4279   0.31015694E+03
 4280   0.23826185E+03
 4281   0.33566351E+03
 4282   0.14133405E+04
 4283   0.31225512E+04
 4284   0.11419335E+04
 4285   0.40304505E+03
 4286   0.17213235E+03
 4287   0.84007450E+02
 4288   0.46247900E+02
 4289   0.27858250E+02
 4290   0.16939660E+02
 4291   0.10393100E+02
 4292   0.54432200E+01
 4293   0.34951100E+01
 4294   0.23826000E+01
 4295   0.18580700E+01
 4296   0.15167500E+01
 4297   0.10947100E+01
 4298   0.13290900E+01
 4299   0.29348820E+02
 4300   0.49270990E+02
 4301   0.77051750E+02
 4302   0.56905070E+02
 4303   0.33655290E+02
 4304   0.21097120E+02
 4305   0.13343140E+02
 4306   0.81537100E+01
 4307   0.45078100E+01
 4308   0.29302900E+01
 4309   0.17974700E+01
 4310   0.13297700E+01
 4311   0.97760000E+00
 4312   0.52845000E+00
 4313   0.33806000E+00
 4314   0.26052000E+00
 4315   0.45860030E+02
 4316   0.23819492E+03
 4317   0.18374327E+03
 4318   0.87654410E+02
 4319   0.47109710E+02
 4320   0.28978720E+02
 4321   0.18020200E+02
 4322   0.11343760E+02
 4323   0.61620400E+01
 4324   0.38640100E+01
 4325   0.26273700E+01
 4326   0.20158000E+01
 4327   0.16542400E+01
 4328   0.21193200E+01
 4329   0.14354500E+01
 4330   0.92477000E+00
 4331   0.60754000E+00
 4332   0.92058000E+00
 4333   0.90990000E+00
 4334   0.86427000E+00
 4335   0.43779300E+01
 4336   0.38329800E+01
 4337   0.27124100E+01
 4338   0.21688800E+01
 4339   0.16957500E+01
 4340   0.15533000E+01
 4341   0.11238200E+01
 4342   0.87614000E+00
 4343   0.59779000E+00
 4344   0.17244000E+01
 4345   0.11703100E+01
 4346   0.84176000E+00
 4347   0.79273000E+00
 4348   0.61282000E+00
 4349   0.40941000E+00
 4350   0.27532000E+00
 4351   0.19845000E+00
 4352   0.15119000E+00
 4353   0.35376000E+00
 4354   0.49862500E+01
 4355   0.49471500E+01
 4356   0.11261610E+02
 4357   0.13534790E+02
 4358   0.98940700E+01
 4359   0.64091200E+01
 4360   0.40054800E+01
 4361   0.25874700E+01
 4362   0.15697800E+01
 4363   0.99877000E+00
 4364   0.25922900E+01
 4365   0.30518700E+01
 4366   0.16137800E+01
 4367   0.11958100E+01
 4368   0.12391900E+01
 4369   0.36329900E+01
 4370   0.73212000E+01
 4371   0.93528700E+01
 4372   0.25775295E+03
 4373   0.49875409E+03
 4374   0.23225189E+03
 4375   0.13000114E+03
 4376   0.81740250E+02
 4377   0.56306670E+02
 4378   0.36549490E+02
 4379   0.23879020E+02
 4380   0.16301720E+02
 4381   0.11978880E+02
 4382   0.77869200E+01
 4383   0.47971500E+01
 4384   0.36155800E+01
 4385   0.13049490E+02
 4386   0.61487610E+02
 4387   0.78633600E+02
 4388   0.63883350E+02
 4389   0.51221530E+02
 4390   0.34746600E+02
 4391   0.22855750E+02
 4392   0.15450100E+02
 4393   0.98848500E+01
 4394   0.48427700E+01
 4395   0.33085600E+01
 4396   0.24900100E+01
 4397   0.20417400E+01
 4398   0.17173700E+01
 4399   0.13902100E+01
 4400   0.10603000E+01
 4401   0.85777000E+00
 4402   0.67144000E+00
 4403   0.45968000E+00
 4404   0.32606000E+00
 4405   0.24954000E+00
 4406   0.19681000E+00
 4407   0.15876000E+00
 4408   0.13129000E+00
 4409   0.25411870E+02
 4410   0.54339770E+02
 4411   0.78974120E+02
 4412   0.47463360E+02
 4413   0.27984000E+02
 4414   0.16809760E+02
 4415   0.11054230E+02
 4416   0.64714000E+01
 4417   0.37814800E+01
 4418   0.25069200E+01
 4419   0.17874400E+01
 4420   0.14138500E+01
 4421   0.11204800E+01
 4422   0.63115000E+00
 4423   0.41008000E+00
 4424   0.31740000E+00
 4425   0.26264000E+00
 4426   0.22196000E+00
 4427   0.18559000E+00
 4428   0.15366000E+00
 4429   0.12779000E+00
 4430   0.10736000E+00
 4431   0.91460000E-01
 4432   0.78920000E-01
 4433   0.68900000E-01
 4434   0.60780000E-01
 4435   0.54090000E-01
 4436   0.48520000E-01
 4437   0.43820000E-01
 4438   0.39820000E-01
 4439   0.26992000E+00
 4440   0.10802600E+01
 4441   0.14930310E+02
 4442   0.18493780E+02
 4443   0.28592870E+02
 4444   0.30219450E+02
 4445   0.60723300E+02
 4446   0.59604460E+02
 4447   0.37302370E+02
 4448   0.23088340E+02
 4449   0.15472870E+02
 4450   0.10675020E+02
 4451   0.67846200E+01
 4452   0.50088700E+01
 4453   0.38007000E+01
 4454   0.25997600E+01
 4455   0.18856100E+01
 4456   0.15443600E+01
 4457   0.11937500E+01
 4458   0.99668000E+00
 4459   0.79178000E+00
 4460   0.60516000E+00
 4461   0.41018000E+00
 4462   0.31752000E+00
 4463   0.27344000E+00
 4464   0.79312000E+00
 4465   0.32773000E+00
 4466   0.18026000E+00
 4467   0.13140000E+00
 4468   0.11096000E+00
 4469   0.12580800E+01
 4470   0.83418000E+00
 4471   0.34081000E+00
 4472   0.19175000E+00
 4473   0.12861000E+00
 4474   0.95050000E-01
 4475   0.77240000E-01
 4476   0.65610000E-01
 4477   0.56970000E-01
 4478   0.59100000E-01
 4479   0.53590000E-01
 4480   0.34534700E+01
 4481   0.24547700E+01
 4482   0.17090000E+01
 4483   0.14158800E+01
 4484   0.12107400E+01
 4485   0.97448000E+00
 4486   0.78506000E+00
 4487   0.44456000E+00
 4488   0.27174000E+00
 4489   0.20652000E+00
 4490   0.15540000E+00
 4491   0.12467000E+00
 4492   0.10342000E+00
 4493   0.87590000E-01
 4494   0.75310000E-01
 4495   0.19483000E+00
 4496   0.28142000E+00
 4497   0.17208000E+00
 4498   0.10354800E+01
 4499   0.59165600E+01
 4500   0.79393000E+01
 4501   0.64993400E+01
 4502   0.49030700E+01
 4503   0.36492400E+01
 4504   0.29195900E+01
 4505   0.22014900E+01
 4506   0.16988100E+01
 4507   0.13710000E+01
 4508   0.10551800E+01
 4509   0.94420000E+00
 4510   0.75599000E+00
 4511   0.61478000E+00
 4512   0.43549000E+00
 4513   0.30676000E+00
 4514   0.23480000E+00
 4515   0.22839000E+00
 4516   0.49743740E+02
 4517   0.82220950E+02
 4518   0.49200230E+02
 4519   0.29588690E+02
 4520   0.22384970E+02
 4521   0.19210900E+02
 4522   0.15283000E+02
 4523   0.78301710E+02
 4524   0.91609400E+02
 4525   0.58116930E+02
 4526   0.41195680E+02
 4527   0.29195260E+02
 4528   0.20996420E+02
 4529   0.29322220E+02
 4530   0.46122820E+02
 4531   0.54087960E+02
 4532   0.42590520E+02
 4533   0.26460410E+02
 4534   0.16324040E+02
 4535   0.10227410E+02
 4536   0.48538500E+01
 4537   0.26552000E+01
 4538   0.16586000E+01
 4539   0.12617700E+01
 4540   0.11939000E+01
 4541   0.14980800E+01
 4542   0.20657900E+01
 4543   0.22915200E+01
 4544   0.20067000E+01
 4545   0.16703100E+01
 4546   0.13162200E+01
 4547   0.10132800E+01
 4548   0.85127000E+00
 4549   0.73199000E+00
 4550   0.61226000E+00
 4551   0.43039000E+00
 4552   0.35610000E+00
 4553   0.41917000E+00
 4554   0.52504000E+00
 4555   0.11964460E+02
 4556   0.13656754E+03
 4557   0.92729240E+02
 4558   0.94225840E+02
 4559   0.12581672E+03
 4560   0.16493463E+03
 4561   0.10809530E+03
 4562   0.72237510E+02
 4563   0.48280520E+02
 4564   0.31799730E+02
 4565   0.28185820E+02
 4566   0.45409330E+02
 4567   0.47324600E+02
 4568   0.43994590E+02
 4569   0.37447260E+02
 4570   0.62545500E+02
 4571   0.71737080E+02
 4572   0.46730780E+02
 4573   0.29620260E+02
 4574   0.19571080E+02
 4575   0.13024360E+02
 4576   0.79811000E+01
 4577   0.41802700E+01
 4578   0.24767200E+01
 4579   0.17806500E+01
 4580   0.14387500E+01
 4581   0.10214600E+01
 4582   0.72627000E+00
 4583   0.51701000E+00
 4584   0.42999000E+00
 4585   0.38982000E+00
 4586   0.35754000E+00
 4587   0.32461000E+00
 4588   0.29038000E+00
 4589   0.26266000E+00
 4590   0.14034760E+02
 4591   0.54521340E+02
 4592   0.36083129E+03
 4593   0.58892176E+03
 4594   0.36650784E+03
 4595   0.17951245E+03
 4596   0.91776580E+02
 4597   0.52972310E+02
 4598   0.57746990E+02
 4599   0.52573550E+02
 4600   0.38004080E+02
 4601   0.69350871E+03
 4602   0.33771847E+03
 4603   0.24630717E+03
 4604   0.18913982E+03
 4605   0.15556759E+03
 4606   0.10457218E+03
 4607   0.61906580E+02
 4608   0.40810290E+02
 4609   0.34326330E+02
 4610   0.40365630E+02
 4611   0.59061300E+02
 4612   0.99516860E+02
 4613   0.11163791E+03
 4614   0.73658740E+02
 4615   0.46142090E+02
 4616   0.29831640E+02
 4617   0.19589750E+02
 4618   0.12892480E+02
 4619   0.10833340E+02
 4620   0.12397980E+02
 4621   0.12801400E+02
 4622   0.22687960E+02
 4623   0.54067710E+02
 4624   0.21536644E+03
 4625   0.34741509E+03
 4626   0.30012726E+03
 4627   0.19082463E+03
 4628   0.10754662E+03
 4629   0.72182820E+02
 4630   0.51082780E+02
 4631   0.38648740E+02
 4632   0.34926039E+03
 4633   0.33052201E+03
 4634   0.13590173E+04
 4635   0.32704757E+04
 4636   0.11810001E+04
 4637   0.42761355E+03
 4638   0.19077689E+03
 4639   0.95535310E+02
 4640   0.14301906E+03
 4641   0.27130248E+03
 4642   0.23151170E+03
 4643   0.51399563E+03
 4644   0.15000216E+04
 4645   0.23541069E+04
 4646   0.15702620E+04
 4647   0.68097128E+03
 4648   0.91817109E+03
 4649   0.60016531E+03
 4650   0.83093550E+03
 4651   0.17622118E+04
 4652   0.29078620E+04
 4653   0.11482847E+04
 4654   0.61123039E+03
 4655   0.64841733E+03
 4656   0.48832755E+03
 4657   0.28161751E+03
 4658   0.35923084E+03
 4659   0.29903588E+03
 4660   0.14788236E+03
 4661   0.73185600E+02
 4662   0.42082800E+02
 4663   0.28397150E+02
 4664   0.19520660E+02
 4665   0.38819740E+02
 4666   0.36231340E+02
 4667   0.33402550E+02
 4668   0.29222540E+02
 4669   0.34626060E+02
 4670   0.44941055E+03
 4671   0.36153754E+03
 4672   0.14579525E+03
 4673   0.77932650E+02
 4674   0.74162410E+02
 4675   0.14614949E+04
 4676   0.17698950E+04
 4677   0.17543041E+04
 4678   0.11024769E+04
 4679   0.48219709E+03
 4680   0.22639029E+03
 4681   0.10892725E+03
 4682   0.56324970E+02
 4683   0.32771900E+02
 4684   0.22845240E+02
 4685   0.50882280E+02
 4686   0.91406460E+02
 4687   0.59614889E+03
 4688   0.30643212E+04
 4689   0.12346985E+04
 4690   0.41167748E+03
 4691   0.18261245E+03
 4692   0.95251150E+02
 4693   0.55151030E+02
 4694   0.33276410E+02
 4695   0.22265930E+02
 4696   0.15816100E+02
 4697   0.10414420E+02
 4698   0.63364100E+01
 4699   0.40172300E+01
 4700   0.25046500E+01
 4701   0.18330900E+01
 4702   0.16151200E+01
 4703   0.14317200E+01
 4704   0.15592400E+01
 4705   0.18493000E+01
 4706   0.20659300E+01
 4707   0.19740700E+01
 4708   0.19761100E+01
 4709   0.73993150E+02
 4710   0.42356771E+03
 4711   0.70489497E+03
 4712   0.30580304E+03
 4713   0.14242434E+03
 4714   0.75778390E+02
 4715   0.43892950E+02
 4716   0.27527520E+02
 4717   0.18506700E+02
 4718   0.12782410E+02
 4719   0.84453200E+01
 4720   0.56642000E+01
 4721   0.33978400E+01
 4722   0.21671800E+01
 4723   0.17209900E+01
 4724   0.13749000E+01
 4725   0.10284400E+01
 4726   0.82170000E+00
 4727   0.64284000E+00
 4728   0.42573000E+00
 4729   0.30079000E+00
 4730   0.22870000E+00
 4731   0.18071000E+00
 4732   0.14679000E+00
 4733   0.12190000E+00
 4734   0.10309000E+00
 4735   0.88520000E-01
 4736   0.76980000E-01
 4737   0.67670000E-01
 4738   0.60370000E-01
 4739   0.53930000E-01
 4740   0.48570000E-01
 4741   0.44040000E-01
 4742   0.40140000E-01
 4743   0.36750000E-01
 4744   0.77380000E-01
 4745   0.22871000E+00
 4746   0.11004000E+00
 4747   0.69140000E-01
 4748   0.55010000E-01
 4749   0.50070000E-01
 4750   0.46280000E-01
 4751   0.42310000E-01
 4752   0.38370000E-01
 4753   0.34740000E-01
 4754   0.31520000E-01
 4755   0.19425000E+00
 4756   0.20322500E+01
 4757   0.13688700E+01
 4758   0.11542800E+01
 4759   0.99077000E+00
 4760   0.92761000E+00
 4761   0.91645000E+00
 4762   0.11172180E+02
 4763   0.15617740E+02
 4764   0.12835430E+02
 4765   0.14347200E+02
 4766   0.18238430E+02
 4767   0.17180640E+02
 4768   0.12943250E+02
 4769   0.87694900E+01
 4770   0.53888100E+01
 4771   0.39565500E+01
 4772   0.25657900E+01
 4773   0.17838200E+01
 4774   0.12514600E+01
 4775   0.10151100E+01
 4776   0.88152000E+00
 4777   0.70387000E+00
 4778   0.54104000E+00
 4779   0.33698000E+00
 4780   0.23528000E+00
 4781   0.18011000E+00
 4782   0.14471000E+00
 4783   0.11986000E+00
 4784   0.10146000E+00
 4785   0.93080000E-01
 4786   0.38885000E+00
 4787   0.15721000E+00
 4788   0.85910000E-01
 4789   0.60250000E-01
 4790   0.50420000E-01
 4791   0.45050000E-01
 4792   0.41730000E-01
 4793   0.40330000E-01
 4794   0.40460000E-01
 4795   0.40620000E-01
 4796   0.39700000E-01
 4797   0.37790000E-01
 4798   0.35400000E-01
 4799   0.15353000E+00
 4800   0.18799000E+00
 4801   0.44594000E+00
 4802   0.90753000E+00
 4803   0.92491000E+00
 4804   0.10570400E+01
 4805   0.69544700E+01
 4806   0.10165590E+02
 4807   0.10413460E+02
 4808   0.72781100E+01
 4809   0.52782800E+01
 4810   0.39088300E+01
 4811   0.29839800E+01
 4812   0.23162800E+01
 4813   0.16994800E+01
 4814   0.35044000E+01
 4815   0.23804900E+01
 4816   0.20065000E+01
 4817   0.24704900E+01
 4818   0.53697000E+01
 4819   0.66635900E+01
 4820   0.10696070E+02
 4821   0.16547290E+02
 4822   0.14948550E+02
 4823   0.10324910E+02
 4824   0.57943600E+01
 4825   0.80633400E+01
 4826   0.11585790E+02
 4827   0.12838940E+02
 4828   0.14932590E+02
 4829   0.35850590E+02
 4830   0.55141920E+02
 4831   0.64886530E+02
 4832   0.40757610E+02
 4833   0.25184980E+02
 4834   0.15453720E+02
 4835   0.89859700E+01
 4836   0.46547500E+01
 4837   0.73225600E+01
 4838   0.72812600E+01
 4839   0.40905500E+01
 4840   0.34347300E+01
 4841   0.29340200E+01
 4842   0.21812200E+01
 4843   0.15164700E+01
 4844   0.10617500E+01
 4845   0.78006000E+00
 4846   0.41512000E+00
 4847   0.31264000E+00
 4848   0.41245000E+00
 4849   0.46611000E+00
 4850   0.45564000E+00
 4851   0.41723000E+00
 4852   0.34502000E+00
 4853   0.27540000E+00
 4854   0.22040000E+00
 4855   0.17932000E+00
 4856   0.14859000E+00
 4857   0.12519000E+00
 4858   0.11431000E+00
 4859   0.11426000E+00
 4860   0.86410000E-01
 4861   0.15494000E+00
 4862   0.11946000E+00
 4863   0.51162000E+00
 4864   0.60751000E+00
 4865   0.55260000E+00
 4866   0.49120000E+00
 4867   0.38577000E+00
 4868   0.27338000E+00
 4869   0.19876000E+00
 4870   0.15160000E+00
 4871   0.18611710E+02
 4872   0.21580390E+03
 4873   0.11499196E+03
 4874   0.75823000E+02
 4875   0.54516530E+02
 4876   0.34184720E+02
 4877   0.23052810E+02
 4878   0.15684440E+02
 4879   0.11328740E+02
 4880   0.73900500E+01
 4881   0.49276700E+01
 4882   0.35054900E+01
 4883   0.48916400E+01
 4884   0.55932900E+01
 4885   0.21746700E+01
 4886   0.16533600E+01
 4887   0.14091100E+01
 4888   0.48881200E+01
 4889   0.29502900E+01
 4890   0.26898000E+01
 4891   0.27233400E+01
 4892   0.25396700E+01
 4893   0.21646200E+01
 4894   0.26439280E+02
 4895   0.51261900E+02
 4896   0.37039820E+02
 4897   0.26381240E+02
 4898   0.18769140E+02
 4899   0.13945010E+02
 4900   0.13966410E+02
 4901   0.15183330E+02
 4902   0.10936750E+02
 4903   0.81970900E+01
 4904   0.54730900E+01
 4905   0.35847300E+01
 4906   0.22568100E+01
 4907   0.17106600E+01
 4908   0.14099500E+01
 4909   0.98392000E+00
 4910   0.12778900E+01
 4911   0.15528700E+01
 4912   0.79463000E+00
 4913   0.33958430E+02
 4914   0.40377590E+02
 4915   0.44023360E+02
 4916   0.28204810E+02
 4917   0.17036720E+02
 4918   0.10741410E+02
 4919   0.56775800E+01
 4920   0.30978700E+01
 4921   0.26915900E+01
 4922   0.37267634E+03
 4923   0.64543673E+03
 4924   0.32756503E+03
 4925   0.18404615E+03
 4926   0.28154399E+03
 4927   0.46525472E+03
 4928   0.35396243E+03
 4929   0.24068020E+03
 4930   0.12036465E+03
 4931   0.61950360E+02
 4932   0.36431110E+02
 4933   0.24650540E+02
 4934   0.27224930E+02
 4935   0.41828580E+02
 4936   0.37146620E+02
 4937   0.23374790E+02
 4938   0.18450400E+02
 4939   0.12762580E+02
 4940   0.96442500E+01
 4941   0.19206260E+02
 4942   0.13657634E+03
 4943   0.11417866E+04
 4944   0.13009520E+04
 4945   0.77235900E+03
 4946   0.39291607E+03
 4947   0.19364277E+03
 4948   0.97927640E+02
 4949   0.16954423E+03
 4950   0.34886072E+03
 4951   0.17329542E+03
 4952   0.10642330E+03
 4953   0.80736040E+02
 4954   0.10879394E+03
 4955   0.28093107E+03
 4956   0.28009011E+03
 4957   0.17766669E+03
 4958   0.11230559E+03
 4959   0.14138714E+03
 4960   0.11964455E+03
 4961   0.80447640E+02
 4962   0.68004460E+02
 4963   0.63517560E+02
 4964   0.11395764E+03
 4965   0.21731615E+03
 4966   0.15244859E+03
 4967   0.92289390E+02
 4968   0.62023720E+02
 4969   0.60009750E+02
 4970   0.64106620E+02
 4971   0.71048230E+02
 4972   0.14732412E+03
 4973   0.61676274E+03
 4974   0.10707786E+04
 4975   0.87310984E+03
 4976   0.33907491E+03
 4977   0.15422851E+03
 4978   0.21654863E+03
 4979   0.29700114E+03
 4980   0.31200555E+03
 4981   0.18540166E+03
 4982   0.14764374E+03
 4983   0.10501390E+03
 4984   0.64587630E+02
 4985   0.47779510E+02
 4986   0.48648560E+02
 4987   0.36946590E+02
 4988   0.23118150E+02
 4989   0.14943390E+02
 4990   0.95476000E+01
 4991   0.53337900E+01
 4992   0.37680100E+01
 4993   0.29470500E+01
 4994   0.89811200E+01
 4995   0.39086610E+02
 4996   0.26940052E+03
 4997   0.52287875E+03
 4998   0.61654431E+03
 4999   0.23409312E+04
 5000   0.70074219E+03
 5001   0.41649327E+03
 5002   0.29625197E+03
 5003   0.53547277E+03
 5004   0.32275109E+03
 5005   0.18630304E+03
 5006   0.99703740E+02
 5007   0.59355260E+02
 5008   0.35804010E+02
 5009   0.21786360E+02
 5010   0.15555250E+02
 5011   0.51883516E+03
 5012   0.33955661E+03
 5013   0.12954968E+03
 5014   0.64312210E+02
 5015   0.40197990E+02
 5016   0.27066820E+02
 5017   0.18246970E+02
 5018   0.11560300E+02
 5019   0.54950900E+01
 5020   0.32932200E+01
 5021   0.23475800E+01
 5022   0.28777000E+02
 5023   0.74459944E+03
 5024   0.13681841E+04
 5025   0.65805087E+03
 5026   0.41024636E+03
 5027   0.57200170E+03
 5028   0.65244804E+03
 5029   0.50126510E+03
 5030   0.41324189E+03
 5031   0.20035455E+03
 5032   0.97856580E+02
 5033   0.54321350E+02
 5034   0.32639350E+02
 5035   0.20972480E+02
 5036   0.13605490E+02
 5037   0.85539600E+01
 5038   0.46516800E+01
 5039   0.27677100E+01
 5040   0.19066800E+01
 5041   0.15243000E+01
 5042   0.11043200E+01
 5043   0.88289000E+00
 5044   0.69742000E+00
 5045   0.49257000E+00
 5046   0.33958000E+00
 5047   0.25465000E+00
 5048   0.19919000E+00
 5049   0.20080000E+00
 5050   0.15901000E+00
 5051   0.21154420E+02
 5052   0.98411810E+02
 5053   0.10876128E+03
 5054   0.58089490E+02
 5055   0.32493430E+02
 5056   0.22498750E+02
 5057   0.35002950E+02
 5058   0.33922590E+02
 5059   0.42260680E+02
 5060   0.66895730E+02
 5061   0.64093550E+02
 5062   0.48141860E+02
 5063   0.47770180E+02
 5064   0.46054010E+02
 5065   0.40387940E+02
 5066   0.34471710E+02
 5067   0.30059780E+02
 5068   0.27813910E+02
 5069   0.10073191E+03
 5070   0.37669526E+03
 5071   0.26570156E+03
 5072   0.14133506E+03
 5073   0.79003470E+02
 5074   0.44842930E+02
 5075   0.28069250E+02
 5076   0.18419430E+02
 5077   0.12355220E+02
 5078   0.78288200E+01
 5079   0.46782900E+01
 5080   0.28618000E+01
 5081   0.19469300E+01
 5082   0.15594000E+01
 5083   0.11358000E+01
 5084   0.91130000E+00
 5085   0.73813000E+00
 5086   0.55335000E+00
 5087   0.43208000E+00
 5088   0.30626700E+01
 5089   0.29000300E+01
 5090   0.12102400E+01
 5091   0.10413100E+01
 5092   0.10251800E+01
 5093   0.97344000E+00
 5094   0.91186000E+00
 5095   0.84901000E+00
 5096   0.52234000E+00
 5097   0.34933000E+00
 5098   0.26384000E+00
 5099   0.17035800E+01
 5100   0.13356500E+01
 5101   0.13789200E+02
 5102   0.37851620E+02
 5103   0.31835920E+02
 5104   0.20035120E+02
 5105   0.12755400E+02
 5106   0.67993000E+01
 5107   0.47106900E+01
 5108   0.33793200E+01
 5109   0.24989200E+01
 5110   0.18018500E+01
 5111   0.12125700E+01
 5112   0.97759000E+00
 5113   0.84659000E+00
 5114   0.68775000E+00
 5115   0.53919000E+00
 5116   0.34549000E+00
 5117   0.23632000E+00
 5118   0.17953000E+00
 5119   0.14409000E+00
 5120   0.11976000E+00
 5121   0.10214000E+00
 5122   0.88900000E-01
 5123   0.78630000E-01
 5124   0.70450000E-01
 5125   0.63760000E-01
 5126   0.58190000E-01
 5127   0.53480000E-01
 5128   0.49440000E-01
 5129   0.45930000E-01
 5130   0.42830000E-01
 5131   0.40060000E-01
 5132   0.37560000E-01
 5133   0.35260000E-01
 5134   0.33150000E-01
 5135   0.31200000E-01
 5136   0.29380000E-01
 5137   0.27690000E-01
 5138   0.26120000E-01
 5139   0.24660000E-01
 5140   0.23300000E-01
 5141   0.22030000E-01
 5142   0.23220000E-01
 5143   0.39320000E-01
 5144   0.31250000E-01
 5145   0.26110000E-01
 5146   0.31480000E-01
 5147   0.27878000E+00
 5148   0.44482000E+00
 5149   0.46842000E+00
 5150   0.47028000E+00
 5151   0.46659000E+00
 5152   0.43399000E+00
 5153   0.73235700E+01
 5154   0.20383150E+02
 5155   0.89196550E+02
 5156   0.59106100E+02
 5157   0.34276800E+02
 5158   0.20549810E+02
 5159   0.13044480E+02
 5160   0.73386400E+01
 5161   0.47141400E+01
 5162   0.30181400E+01
 5163   0.21037200E+01
 5164   0.16655400E+01
 5165   0.12410700E+01
 5166   0.10680700E+01
 5167   0.92980000E+00
 5168   0.74982000E+00
 5169   0.57957000E+00
 5170   0.36939000E+00
 5171   0.38756000E+00
 5172   0.27252000E+00
 5173   0.22565000E+00
 5174   0.20501000E+00
 5175   0.16649000E+00
 5176   0.14198000E+00
 5177   0.68660000E+00
 5178   0.51515000E+00
 5179   0.38381000E+00
 5180   0.29345000E+00
 5181   0.23469000E+00
 5182   0.18814000E+00
 5183   0.82744000E+00
 5184   0.81052000E+00
 5185   0.69693000E+00
 5186   0.62645000E+00
 5187   0.61974000E+00
 5188   0.12655000E+01
 5189   0.40112440E+02
 5190   0.69429520E+02
 5191   0.45557260E+02
 5192   0.25846570E+02
 5193   0.15318920E+02
 5194   0.93488300E+01
 5195   0.60771500E+01
 5196   0.50678100E+01
 5197   0.43666000E+01
 5198   0.34126600E+01
 5199   0.46057600E+01
 5200   0.14697260E+02
 5201   0.19046640E+02
 5202   0.16926010E+02
 5203   0.14962510E+02
 5204   0.85368900E+01
 5205   0.60766200E+01
 5206   0.10316150E+02
 5207   0.10833990E+02
 5208   0.89175500E+01
 5209   0.10101330E+02
 5210   0.10371950E+02
 5211   0.78130600E+01
 5212   0.46242500E+01
 5213   0.34031100E+01
 5214   0.25521000E+01
 5215   0.18199500E+01
 5216   0.15621400E+01
 5217   0.22898700E+01
 5218   0.30931400E+01
 5219   0.17251400E+01
 5220   0.15849100E+01
 5221   0.16406300E+01
 5222   0.14548600E+01
 5223   0.11498900E+01
 5224   0.86275000E+00
 5225   0.17634700E+01
 5226   0.17614200E+01
 5227   0.12639300E+01
 5228   0.81484000E+00
 5229   0.63211000E+00
 5230   0.49299000E+00
 5231   0.69933000E+00
 5232   0.14977430E+02
 5233   0.30969070E+02
 5234   0.36630640E+02
 5235   0.35107440E+02
 5236   0.22742910E+02
 5237   0.14213910E+02
 5238   0.86068200E+01
 5239   0.42273000E+01
 5240   0.28884600E+01
 5241   0.18069700E+01
 5242   0.15250600E+01
 5243   0.14782100E+01
 5244   0.13457000E+01
 5245   0.13207700E+01
 5246   0.14440500E+01
 5247   0.14358700E+01
 5248   0.13655900E+01
 5249   0.12406800E+01
 5250   0.11072400E+01
 5251   0.14112700E+01
 5252   0.12833400E+01
 5253   0.89291000E+00
 5254   0.68215000E+00
 5255   0.56855000E+00
 5256   0.60668000E+00
 5257   0.96138000E+00
 5258   0.12330140E+02
 5259   0.23564890E+02
 5260   0.23806870E+02
 5261   0.17264000E+02
 5262   0.36451040E+02
 5263   0.70351290E+02
 5264   0.46723650E+02
 5265   0.29671250E+02
 5266   0.21945680E+02
 5267   0.17314090E+02
 5268   0.14302210E+02
 5269   0.14442870E+02
 5270   0.38134011E+03
 5271   0.21257274E+03
 5272   0.10134577E+03
 5273   0.65127970E+02
 5274   0.62446260E+02
 5275   0.56025450E+02
 5276   0.43147120E+02
 5277   0.11826317E+03
 5278   0.14204611E+03
 5279   0.15203051E+04
 5280   0.68661701E+03
 5281   0.35612749E+03
 5282   0.24380682E+03
 5283   0.33886075E+03
 5284   0.38323110E+03
 5285   0.50446254E+03
 5286   0.46548334E+03
 5287   0.32310214E+03
 5288   0.19635643E+03
 5289   0.12930231E+03
 5290   0.90463530E+02
 5291   0.63274150E+02
 5292   0.42730660E+02
 5293   0.29026040E+02
 5294   0.20631280E+02
 5295   0.14025590E+02
 5296   0.90294800E+01
 5297   0.87618000E+01
 5298   0.46895440E+02
 5299   0.11741260E+03
 5300   0.10010212E+03
 5301   0.52296370E+02
 5302   0.29511890E+02
 5303   0.17801770E+02
 5304   0.11376490E+02
 5305   0.60108900E+01
 5306   0.31324000E+01
 5307   0.30563500E+01
 5308   0.75375600E+01
 5309   0.98600200E+01
 5310   0.14174490E+02
 5311   0.38106020E+02
 5312   0.72743690E+02
 5313   0.12175189E+03
 5314   0.13734694E+03
 5315   0.12156936E+03
 5316   0.77135200E+02
 5317   0.44316470E+02
 5318   0.26502670E+02
 5319   0.16779021E+03
 5320   0.16809288E+03
 5321   0.12717227E+03
 5322   0.10497799E+03
 5323   0.15263546E+03
 5324   0.12717815E+03
 5325   0.88630830E+02
 5326   0.58874410E+02
 5327   0.38140960E+02
 5328   0.26055910E+02
 5329   0.18105260E+02
 5330   0.12708740E+02
 5331   0.86402600E+01
 5332   0.51806200E+01
 5333   0.34935300E+01
 5334   0.23720600E+01
 5335   0.18421300E+01
 5336   0.54652700E+01
 5337   0.24392120E+02
 5338   0.29345530E+02
 5339   0.19045600E+02
 5340   0.11510620E+02
 5341   0.60530700E+01
 5342   0.43492000E+01
 5343   0.33925700E+01
 5344   0.25254200E+01
 5345   0.19535000E+01
 5346   0.15417200E+01
 5347   0.12261300E+01
 5348   0.86659000E+00
 5349   0.62945000E+00
 5350   0.47231000E+00
 5351   0.16737814E+03
 5352   0.24001297E+03
 5353   0.14335711E+03
 5354   0.10448574E+03
 5355   0.83626780E+02
 5356   0.82645610E+02
 5357   0.68619510E+02
 5358   0.48264210E+02
 5359   0.42684360E+02
 5360   0.49581500E+02
 5361   0.47455130E+02
 5362   0.43029310E+02
 5363   0.43440520E+02
 5364   0.61541260E+02
 5365   0.74543850E+02
 5366   0.52422340E+02
 5367   0.29903360E+02
 5368   0.25191440E+02
 5369   0.72363100E+02
 5370   0.58722670E+02
 5371   0.39560930E+02
 5372   0.24345750E+02
 5373   0.15362590E+02
 5374   0.96070100E+01
 5375   0.49562800E+01
 5376   0.31784980E+02
 5377   0.88835100E+02
 5378   0.30415580E+03
 5379   0.52317695E+03
 5380   0.10832277E+04
 5381   0.92340283E+03
 5382   0.88456920E+03
 5383   0.98805814E+03
 5384   0.12012460E+04
 5385   0.72944146E+03
 5386   0.66180100E+03
 5387   0.10914164E+04
 5388   0.97420829E+03
 5389   0.69363176E+03
 5390   0.51948197E+03
 5391   0.31126886E+03
 5392   0.48074544E+03
 5393   0.11978630E+04
 5394   0.19633848E+04
 5395   0.11277371E+04
 5396   0.75403752E+03
 5397   0.14119461E+04
 5398   0.91273130E+03
 5399   0.42859407E+03
 5400   0.19306487E+03
 5401   0.10831402E+03
 5402   0.88234730E+02
 5403   0.61573730E+02
 5404   0.38715140E+02
 5405   0.26534250E+02
 5406   0.34440680E+02
 5407   0.10597218E+03
 5408   0.12438895E+03
 5409   0.20226224E+03
 5410   0.47615842E+03
 5411   0.85042563E+03
 5412   0.10539376E+04
 5413   0.43575169E+03
 5414   0.20521950E+03
 5415   0.13444693E+03
 5416   0.88212540E+02
 5417   0.52354560E+02
 5418   0.34315590E+02
 5419   0.56180340E+02
 5420   0.10248940E+03
 5421   0.12412615E+03
 5422   0.16955014E+03
 5423   0.26461282E+03
 5424   0.24201992E+03
 5425   0.11123510E+03
 5426   0.54656960E+02
 5427   0.32106630E+02
 5428   0.96148460E+02
 5429   0.56638410E+03
 5430   0.25328462E+03
 5431   0.10899183E+03
 5432   0.55524240E+02
 5433   0.33604260E+02
 5434   0.21980030E+02
 5435   0.14543710E+02
 5436   0.97155800E+01
 5437   0.54388300E+01
 5438   0.32082800E+01
 5439   0.21082700E+01
 5440   0.16722400E+01
 5441   0.17339400E+01
 5442   0.13272400E+01
 5443   0.10312500E+01
 5444   0.72026000E+00
 5445   0.78186000E+00
 5446   0.23453400E+01
 5447   0.16402300E+01
 5448   0.11387900E+01
 5449   0.73152000E+00
 5450   0.49602000E+00
 5451   0.34652000E+00
 5452   0.38293000E+00
 5453   0.26808000E+00
 5454   0.17546000E+00
 5455   0.15859000E+00
 5456   0.23945000E+00
 5457   0.27035000E+01
 5458   0.20907900E+01
 5459   0.14781100E+01
 5460   0.13262700E+01
 5461   0.13310500E+01
 5462   0.13220000E+01
 5463   0.20271300E+01
 5464   0.13590610E+02
 5465   0.17414820E+02
 5466   0.16559140E+02
 5467   0.14150810E+02
 5468   0.10747850E+02
 5469   0.64695500E+01
 5470   0.33106500E+01
 5471   0.57838300E+01
 5472   0.10885530E+02
 5473   0.37630380E+02
 5474   0.76447410E+02
 5475   0.18624117E+03
 5476   0.19199526E+03
 5477   0.11050535E+03
 5478   0.62422220E+02
 5479   0.34809760E+02
 5480   0.20961400E+02
 5481   0.13969970E+02
 5482   0.94924700E+01
 5483   0.53410500E+01
 5484   0.36055500E+01
 5485   0.25031800E+01
 5486   0.20667800E+01
 5487   0.37235000E+01
 5488   0.23419500E+01
 5489   0.17471300E+01
 5490   0.12588300E+01
 5491   0.74051000E+00
 5492   0.44197000E+00
 5493   0.31469000E+00
 5494   0.23746000E+00
 5495   0.18536000E+00
 5496   0.20231000E+00
 5497   0.35057000E+00
 5498   0.18951000E+00
 5499   0.12060000E+00
 5500   0.92830000E-01
 5501   0.81140000E-01
 5502   0.74190000E-01
 5503   0.77220000E-01
 5504   0.70430000E-01
 5505   0.63190000E-01
 5506   0.57670000E-01
 5507   0.52700000E-01
 5508   0.48110000E-01
 5509   0.43900000E-01
 5510   0.40090000E-01
 5511   0.36690000E-01
 5512   0.33710000E-01
 5513   0.31110000E-01
 5514   0.28830000E-01
 5515   0.26820000E-01
 5516   0.25150000E-01
 5517   0.23510000E-01
 5518   0.33760000E-01
 5519   0.20275000E+00
 5520   0.92410000E-01
 5521   0.59580000E-01
 5522   0.59980000E-01
 5523   0.36960000E-01
 5524   0.28410000E-01
 5525   0.26180000E-01
 5526   0.25440000E-01
 5527   0.24850000E-01
 5528   0.24040000E-01
 5529   0.23010000E-01
 5530   0.21830000E-01
 5531   0.20570000E-01
 5532   0.19310000E-01
 5533   0.18090000E-01
 5534   0.16940000E-01
 5535   0.15870000E-01
 5536   0.14890000E-01
 5537   0.13990000E-01
 5538   0.13170000E-01
 5539   0.12540000E-01
 5540   0.11860000E-01
 5541   0.11200000E-01
 5542   0.10750000E-01
 5543   0.27840000E-01
 5544   0.31953000E+00
 5545   0.47982000E+00
 5546   0.47811000E+00
 5547   0.32833000E+00
 5548   0.24942000E+00
 5549   0.19962000E+00
 5550   0.55810000E+00
 5551   0.41505000E+00
 5552   0.50664000E+00
 5553   0.46750000E+00
 5554   0.34450000E+00
 5555   0.25198000E+00
 5556   0.19159000E+00
 5557   0.15127000E+00
 5558   0.12625000E+00
 5559   0.64357000E+00
 5560   0.48612700E+01
 5561   0.49170200E+01
 5562   0.50556400E+01
 5563   0.42182500E+01
 5564   0.33413100E+01
 5565   0.26606700E+01
 5566   0.21686100E+01
 5567   0.17674800E+01
 5568   0.12876000E+01
 5569   0.16711800E+01
 5570   0.15809700E+01
 5571   0.19416600E+01
 5572   0.24919600E+01
 5573   0.26748000E+01
 5574   0.24561200E+01
 5575   0.21676200E+01
 5576   0.19292000E+01
 5577   0.23024400E+01
 5578   0.20228800E+01
 5579   0.16351100E+01
 5580   0.12128100E+01
 5581   0.92532000E+00
 5582   0.64136000E+00
 5583   0.39054000E+00
 5584   0.26426000E+00
 5585   0.19812000E+00
 5586   0.13792600E+01
 5587   0.57307000E+00
 5588   0.32547000E+00
 5589   0.21956000E+00
 5590   0.19353000E+00
 5591   0.63393300E+01
 5592   0.64455700E+01
 5593   0.34825100E+01
 5594   0.86518300E+01
 5595   0.10400520E+02
 5596   0.94631900E+01
 5597   0.16407580E+02
 5598   0.24422150E+02
 5599   0.20973950E+02
 5600   0.19562990E+02
 5601   0.31939460E+02
 5602   0.39909380E+02
 5603   0.28994730E+02
 5604   0.19114850E+02
 5605   0.11954700E+02
 5606   0.67535800E+01
 5607   0.51125500E+01
 5608   0.40135100E+01
 5609   0.31826400E+01
 5610   0.24314500E+01
 5611   0.19607600E+01
 5612   0.16604000E+01
 5613   0.13290000E+01
 5614   0.89708000E+00
 5615   0.61467000E+00
 5616   0.41839000E+00
 5617   0.31456000E+00
 5618   0.24503000E+00
 5619   0.52885000E+00
 5620   0.43193000E+00
 5621   0.26327000E+00
 5622   0.19294000E+00
 5623   0.15124000E+00
 5624   0.12221000E+00
 5625   0.10148000E+00
 5626   0.86190000E-01
 5627   0.74510000E-01
 5628   0.65320000E-01
 5629   0.57920000E-01
 5630   0.51820000E-01
 5631   0.47180000E-01
 5632   0.20864500E+01
 5633   0.21090700E+01
 5634   0.16434300E+01
 5635   0.23203050E+02
 5636   0.97963320E+02
 5637   0.72719050E+02
 5638   0.41473590E+02
 5639   0.23774970E+02
 5640   0.15481880E+02
 5641   0.11992520E+02
 5642   0.10235110E+02
 5643   0.70997700E+01
 5644   0.42743300E+01
 5645   0.10041550E+02
 5646   0.34179871E+03
 5647   0.38124955E+03
 5648   0.20261316E+03
 5649   0.10332702E+03
 5650   0.58038050E+02
 5651   0.35705050E+02
 5652   0.33362563E+03
 5653   0.36428493E+03
 5654   0.28959845E+03
 5655   0.28811304E+03
 5656   0.19820950E+03
 5657   0.11682314E+03
 5658   0.69671190E+02
 5659   0.44154220E+02
 5660   0.29111040E+02
 5661   0.19873970E+02
 5662   0.13536310E+02
 5663   0.89805200E+01
 5664   0.47052800E+01
 5665   0.33265500E+01
 5666   0.64578100E+01
 5667   0.37207200E+01
 5668   0.37759300E+01
 5669   0.40916650E+02
 5670   0.17445884E+03
 5671   0.34583495E+03
 5672   0.30814378E+03
 5673   0.20986034E+03
 5674   0.11714250E+03
 5675   0.60695100E+02
 5676   0.35559010E+02
 5677   0.22954940E+02
 5678   0.11182210E+03
 5679   0.24703715E+03
 5680   0.14091874E+03
 5681   0.10349994E+03
 5682   0.78392560E+02
 5683   0.52529310E+02
 5684   0.52169450E+02
 5685   0.49576890E+02
 5686   0.19721544E+03
 5687   0.22201227E+03
 5688   0.14491800E+03
 5689   0.99296820E+02
 5690   0.63202790E+02
 5691   0.39243660E+02
 5692   0.26403800E+02
 5693   0.17690960E+02
 5694   0.11882460E+02
 5695   0.69527500E+01
 5696   0.35524800E+01
 5697   0.37837100E+01
 5698   0.24786900E+01
 5699   0.20602300E+01
 5700   0.50148700E+01
 5701   0.49122900E+01
 5702   0.51031100E+01
 5703   0.61620200E+01
 5704   0.66202900E+01
 5705   0.10559790E+02
 5706   0.20332520E+02
 5707   0.34857550E+02
 5708   0.39360040E+02
 5709   0.49407310E+02
 5710   0.34291330E+02
 5711   0.22432070E+02
 5712   0.19068430E+02
 5713   0.13622180E+02
 5714   0.18562370E+02
 5715   0.27489010E+02
 5716   0.29200940E+02
 5717   0.29774610E+02
 5718   0.93769320E+02
 5719   0.17110465E+03
 5720   0.29930826E+03
 5721   0.29861875E+03
 5722   0.15994994E+03
 5723   0.79315100E+02
 5724   0.42882280E+02
 5725   0.26815350E+02
 5726   0.15268110E+02
 5727   0.18634690E+02
 5728   0.18865560E+02
 5729   0.24152020E+02
 5730   0.25606210E+03
 5731   0.11909762E+04
 5732   0.12364885E+04
 5733   0.10721233E+04
 5734   0.48459371E+03
 5735   0.22671215E+03
 5736   0.15929699E+03
 5737   0.12800819E+03
 5738   0.79328860E+02
 5739   0.48559350E+02
 5740   0.29998250E+02
 5741   0.19401980E+02
 5742   0.12866020E+02
 5743   0.80642900E+01
 5744   0.49125600E+01
 5745   0.78560800E+01
 5746   0.36608150E+02
 5747   0.84427060E+02
 5748   0.90941220E+02
 5749   0.93403960E+02
 5750   0.10799309E+03
 5751   0.87871010E+02
 5752   0.10416522E+03
 5753   0.69554705E+03
 5754   0.73568334E+03
 5755   0.63162597E+03
 5756   0.27803721E+03
 5757   0.18974559E+03
 5758   0.13665882E+03
 5759   0.78478360E+02
 5760   0.43042420E+02
 5761   0.26171220E+02
 5762   0.16467810E+02
 5763   0.10780480E+02
 5764   0.58795900E+01
 5765   0.36331000E+01
 5766   0.22893800E+01
 5767   0.16555800E+01
 5768   0.12775500E+01
 5769   0.83296000E+00
 5770   0.56732000E+00
 5771   0.51346000E+00
 5772   0.99572700E+01
 5773   0.28931940E+02
 5774   0.30909070E+02
 5775   0.29438970E+02
 5776   0.19653460E+02
 5777   0.12777050E+02
 5778   0.70989800E+01
 5779   0.61809300E+01
 5780   0.50078730E+02
 5781   0.19341989E+03
 5782   0.82360221E+03
 5783   0.15394435E+04
 5784   0.13047753E+04
 5785   0.16692119E+04
 5786   0.95235973E+03
 5787   0.45369483E+03
 5788   0.19655767E+03
 5789   0.94540290E+02
 5790   0.53564490E+02
 5791   0.21958827E+03
 5792   0.65101462E+03
 5793   0.12668797E+04
 5794   0.13866927E+04
 5795   0.86349974E+03
 5796   0.43713891E+03
 5797   0.19775180E+03
 5798   0.10137672E+03
 5799   0.55517810E+02
 5800   0.32704100E+02
 5801   0.28561570E+02
 5802   0.21306128E+03
 5803   0.55480534E+03
 5804   0.23373127E+03
 5805   0.10143678E+03
 5806   0.53742830E+02
 5807   0.31386140E+02
 5808   0.19204050E+02
 5809   0.12771650E+02
 5810   0.80601900E+01
 5811   0.47772200E+01
 5812   0.31555200E+01
 5813   0.22809200E+01
 5814   0.18485300E+01
 5815   0.15192800E+01
 5816   0.10588000E+01
 5817   0.81362000E+00
 5818   0.59837000E+00
 5819   0.40076000E+00
 5820   0.30907000E+00
 5821   0.24880000E+00
 5822   0.51658000E+00
 5823   0.47470000E+00
 5824   0.16726250E+02
 5825   0.30228250E+02
 5826   0.71802840E+02
 5827   0.42492960E+02
 5828   0.24558140E+02
 5829   0.14619300E+02
 5830   0.89107400E+01
 5831   0.43814500E+01
 5832   0.27154100E+01
 5833   0.16023800E+01
 5834   0.10873600E+01
 5835   0.15372000E+01
 5836   0.14336600E+01
 5837   0.12402100E+01
 5838   0.67945000E+00
 5839   0.45157000E+00
 5840   0.31653000E+00
 5841   0.26019000E+00
 5842   0.37046000E+00
 5843   0.50353000E+00
 5844   0.38108000E+00
 5845   0.21807000E+00
 5846   0.21313000E+00
 5847   0.19809000E+00
 5848   0.16267000E+00
 5849   0.17967000E+00
 5850   0.22947000E+00
 5851   0.22243000E+00
 5852   0.19689000E+00
 5853   0.16656000E+00
 5854   0.14100000E+00
 5855   0.12016000E+00
 5856   0.62076000E+00
 5857   0.34006000E+00
 5858   0.29707000E+00
 5859   0.30713000E+00
 5860   0.23947000E+00
 5861   0.26025000E+00
 5862   0.74975000E+00
 5863   0.32184000E+00
 5864   0.18103000E+00
 5865   0.13000000E+00
 5866   0.65580000E+00
 5867   0.32596000E+00
 5868   0.13566000E+00
 5869   0.74810000E-01
 5870   0.51560000E-01
 5871   0.42750000E-01
 5872   0.37720000E-01
 5873   0.33960000E-01
 5874   0.31740000E-01
 5875   0.28960000E-01
 5876   0.40702000E+00
 5877   0.34797000E+00
 5878   0.23487000E+00
 5879   0.18169000E+00
 5880   0.13708000E+00
 5881   0.11197000E+00
 5882   0.44714100E+01
 5883   0.31131200E+01
 5884   0.28608300E+01
 5885   0.31115800E+01
 5886   0.41979600E+01
 5887   0.37223600E+01
 5888   0.25808000E+01
 5889   0.44287100E+01
 5890   0.25323700E+01
 5891   0.13600000E+01
 5892   0.10241600E+01
 5893   0.80040000E+00
 5894   0.41515000E+00
 5895   0.62960000E+00
 5896   0.55949000E+01
 5897   0.16930103E+03
 5898   0.24297158E+03
 5899   0.14245791E+03
 5900   0.77625350E+02
 5901   0.46915730E+02
 5902   0.31740920E+02
 5903   0.22916400E+02
 5904   0.17476850E+02
 5905   0.12561530E+02
 5906   0.82657600E+01
 5907   0.54221800E+01
 5908   0.38354100E+01
 5909   0.27918500E+01
 5910   0.25437600E+01
 5911   0.18469700E+01
 5912   0.12019600E+01
 5913   0.80458000E+00
 5914   0.64133000E+00
 5915   0.50931000E+00
 5916   0.35509000E+00
 5917   0.33595000E+00
 5918   0.20644000E+01
 5919   0.71941500E+01
 5920   0.71342900E+01
 5921   0.58530100E+01
 5922   0.84859600E+01
 5923   0.78078900E+01
 5924   0.10791140E+02
 5925   0.18642470E+02
 5926   0.18440170E+02
 5927   0.13527090E+02
 5928   0.76331600E+01
 5929   0.50563300E+01
 5930   0.37749100E+01
 5931   0.24529700E+01
 5932   0.39010200E+01
 5933   0.38986800E+01
 5934   0.28221400E+01
 5935   0.20991400E+01
 5936   0.18975000E+01
 5937   0.16965500E+01
 5938   0.14419800E+01
 5939   0.12227200E+01
 5940   0.32540100E+01
 5941   0.11150360E+02
 5942   0.14017500E+02
 5943   0.11322070E+02
 5944   0.14763970E+02
 5945   0.18703600E+02
 5946   0.16167180E+02
 5947   0.14769770E+02
 5948   0.27891700E+02
 5949   0.34114820E+02
 5950   0.23650200E+02
 5951   0.14510970E+02
 5952   0.72563800E+01
 5953   0.63462000E+01
 5954   0.55997300E+01
 5955   0.44275400E+01
 5956   0.37011200E+01
 5957   0.32239400E+01
 5958   0.27682900E+01
 5959   0.23492100E+01
 5960   0.20536000E+01
 5961   0.17258200E+01
 5962   0.16441300E+01
 5963   0.11531100E+01
 5964   0.10051800E+01
 5965   0.90106000E+00
 5966   0.76487000E+00
 5967   0.63309000E+00
 5968   0.45041000E+00
 5969   0.30248000E+00
 5970   0.22374000E+00
 5971   0.17490000E+00
 5972   0.34681100E+01
 5973   0.28573500E+01
 5974   0.12027100E+01
 5975   0.65701000E+00
 5976   0.37537000E+00
 5977   0.26081000E+00
 5978   0.49841000E+00
 5979   0.93609000E+00
 5980   0.26086100E+01
 5981   0.37736200E+01
 5982   0.65981100E+01
 5983   0.94052400E+01
 5984   0.10035230E+02
 5985   0.80451400E+01
 5986   0.70927800E+01
 5987   0.66121500E+01
 5988   0.59413800E+01
 5989   0.49063600E+01
 5990   0.56306900E+01
 5991   0.51298600E+01
 5992   0.38203700E+01
 5993   0.22428400E+01
 5994   0.17796100E+01
 5995   0.16628200E+01
 5996   0.15933600E+01
 5997   0.15075800E+01
 5998   0.14107200E+01
 5999   0.12928700E+01
 6000   0.11784200E+01
 6001   0.10974700E+01
 6002   0.10429700E+01
 6003   0.10406500E+01
 6004   0.18101100E+01
 6005   0.15292500E+01
 6006   0.13312500E+01
 6007   0.44562100E+01
 6008   0.14496240E+02
 6009   0.96980100E+01
 6010   0.11281630E+02
 6011   0.10100000E+02
 6012   0.26950698E+03
 6013   0.76961037E+03
 6014   0.59286364E+03
 6015   0.46147032E+03
 6016   0.25634284E+03
 6017   0.12374320E+03
 6018   0.76089770E+02
 6019   0.13459170E+03
 6020   0.33732155E+03
 6021   0.79480355E+03
 6022   0.66477431E+03
 6023   0.42692614E+03
 6024   0.32748731E+03
 6025   0.21847849E+03
 6026   0.13143974E+03
 6027   0.80026880E+02
 6028   0.54964560E+02
 6029   0.83820570E+02
 6030   0.79184750E+02
 6031   0.45977540E+02
 6032   0.26348380E+02
 6033   0.15493800E+02
 6034   0.87355100E+01
 6035   0.50861300E+01
 6036   0.37724400E+01
 6037   0.29508500E+01
 6038   0.23664600E+01
 6039   0.19322300E+01
 6040   0.16210400E+01
 6041   0.11935200E+01
 6042   0.32909630E+02
 6043   0.24421266E+03
 6044   0.45065290E+03
 6045   0.31504101E+03
 6046   0.16115156E+03
 6047   0.81311190E+02
 6048   0.45476180E+02
 6049   0.27834630E+02
 6050   0.18136260E+02
 6051   0.12375340E+02
 6052   0.75261800E+01
 6053   0.39824300E+01
 6054   0.23205800E+01
 6055   0.17470700E+01
 6056   0.14280500E+01
 6057   0.10572100E+01
 6058   0.91795000E+00
 6059   0.82685000E+00
 6060   0.78727000E+00
 6061   0.78293000E+00
 6062   0.42584900E+01
 6063   0.22035900E+01
 6064   0.17911800E+01
 6065   0.15414100E+01
 6066   0.11330500E+01
 6067   0.10892100E+01
 6068   0.19583870E+02
 6069   0.27914960E+02
 6070   0.46310830E+02
 6071   0.16720415E+03
 6072   0.28067900E+03
 6073   0.25092610E+03
 6074   0.16964717E+03
 6075   0.22200143E+04
 6076   0.50596816E+04
 6077   0.27883447E+04
 6078   0.88826633E+03
 6079   0.11151024E+04
 6080   0.90540803E+03
 6081   0.59335266E+03
 6082   0.35400386E+03
 6083   0.26164929E+03
 6084   0.16641522E+03
 6085   0.91832290E+02
 6086   0.52538720E+02
 6087   0.36044250E+02
 6088   0.32581270E+02
 6089   0.38520470E+02
 6090   0.41702960E+02
 6091   0.63994230E+02
 6092   0.94382550E+02
 6093   0.45166120E+03
 6094   0.14622202E+04
 6095   0.97648943E+03
 6096   0.44630560E+03
 6097   0.20406993E+03
 6098   0.10481929E+03
 6099   0.61466230E+02
 6100   0.38921560E+02
 6101   0.24719520E+02
 6102   0.15831650E+02
 6103   0.10286420E+02
 6104   0.82208000E+01
 6105   0.54951920E+02
 6106   0.27028183E+03
 6107   0.23259969E+03
 6108   0.21770872E+03
 6109   0.13801639E+03
 6110   0.99602980E+02
 6111   0.86406980E+02
 6112   0.82107360E+02
 6113   0.15239478E+03
 6114   0.16759166E+03
 6115   0.93670850E+02
 6116   0.47408130E+02
 6117   0.31125830E+02
 6118   0.11507396E+03
 6119   0.17114747E+03
 6120   0.10661384E+03
 6121   0.53728630E+02
 6122   0.38761560E+02
 6123   0.16568004E+03
 6124   0.48544026E+03
 6125   0.59547785E+03
 6126   0.31864066E+03
 6127   0.16086137E+03
 6128   0.83999530E+02
 6129   0.47781080E+02
 6130   0.28767480E+02
 6131   0.15761420E+03
 6132   0.10396807E+04
 6133   0.14937242E+04
 6134   0.13769626E+04
 6135   0.53105073E+03
 6136   0.22729421E+03
 6137   0.10766836E+03
 6138   0.57367670E+02
 6139   0.33625940E+02
 6140   0.21893930E+02
 6141   0.14451810E+02
 6142   0.96998700E+01
 6143   0.54981700E+01
 6144   0.16474300E+02
 6145   0.16908150E+02
 6146   0.17781510E+02
 6147   0.45686550E+02
 6148   0.34337616E+03
 6149   0.29426275E+03
 6150   0.15634788E+03
 6151   0.88590060E+02
 6152   0.50900810E+02
 6153   0.31959640E+02
 6154   0.28963550E+02
 6155   0.74711590E+02
 6156   0.13169727E+04
 6157   0.68936865E+03
 6158   0.29652252E+03
 6159   0.15690968E+03
 6160   0.83106970E+02
 6161   0.44055280E+02
 6162   0.26891300E+02
 6163   0.17175180E+02
 6164   0.11488470E+02
 6165   0.70926600E+01
 6166   0.40071800E+01
 6167   0.23577700E+01
 6168   0.17554800E+01
 6169   0.14271400E+01
 6170   0.98411000E+00
 6171   0.73703000E+00
 6172   0.52109000E+00
 6173   0.36455000E+00
 6174   0.27720000E+00
 6175   0.21725000E+00
 6176   0.18029000E+00
 6177   0.14785000E+00
 6178   0.16971000E+00
 6179   0.59842300E+01
 6180   0.30619340E+02
 6181   0.11612330E+03
 6182   0.13793260E+03
 6183   0.10265082E+03
 6184   0.58597950E+02
 6185   0.34143620E+02
 6186   0.21655020E+02
 6187   0.16307560E+02
 6188   0.13143200E+02
 6189   0.10456310E+02
 6190   0.67192900E+01
 6191   0.40320000E+01
 6192   0.27453500E+01
 6193   0.19561000E+01
 6194   0.14560500E+01
 6195   0.10794200E+01
 6196   0.77155000E+00
 6197   0.41802000E+00
 6198   0.29854000E+00
 6199   0.91561600E+01
 6200   0.24634330E+02
 6201   0.90012730E+02
 6202   0.10642992E+03
 6203   0.64426510E+02
 6204   0.39072020E+02
 6205   0.28273910E+02
 6206   0.20763230E+02
 6207   0.14004420E+02
 6208   0.92537100E+01
 6209   0.59293800E+01
 6210   0.50308100E+01
 6211   0.36907900E+01
 6212   0.31761600E+01
 6213   0.96235600E+01
 6214   0.16957550E+02
 6215   0.16045750E+02
 6216   0.16871690E+02
 6217   0.14909650E+02
 6218   0.10109600E+02
 6219   0.56774000E+01
 6220   0.32676700E+01
 6221   0.18653000E+01
 6222   0.11835200E+01
 6223   0.85479000E+00
 6224   0.52856000E+00
 6225   0.28689000E+00
 6226   0.22280000E+00
 6227   0.18759000E+00
 6228   0.15752000E+00
 6229   0.12974000E+00
 6230   0.10652000E+00
 6231   0.13495000E+00
 6232   0.29252900E+01
 6233   0.38067900E+01
 6234   0.39637200E+01
 6235   0.29491100E+01
 6236   0.26556900E+01
 6237   0.25972600E+01
 6238   0.22327600E+01
 6239   0.14338000E+01
 6240   0.10063200E+01
 6241   0.76865000E+00
 6242   0.44639000E+00
 6243   0.29184000E+00
 6244   0.46528000E+00
 6245   0.53236000E+00
 6246   0.53304000E+00
 6247   0.55768000E+00
 6248   0.57810000E+00
 6249   0.53300000E+00
 6250   0.51630000E+00
 6251   0.48945000E+00
 6252   0.41594000E+00
 6253   0.30896000E+00
 6254   0.23049000E+00
 6255   0.17869000E+00
 6256   0.14356000E+00
 6257   0.16859000E+00
 6258   0.13077000E+00
 6259   0.14821000E+00
 6260   0.19067000E+00
 6261   0.88409000E+00
 6262   0.88077200E+01
 6263   0.12661530E+02
 6264   0.14416370E+02
 6265   0.12260640E+02
 6266   0.11499150E+02
 6267   0.14284900E+02
 6268   0.14710100E+02
 6269   0.11123990E+02
 6270   0.62838400E+01
 6271   0.45438300E+01
 6272   0.34236300E+01
 6273   0.26622600E+01
 6274   0.82036700E+01
 6275   0.26497720E+02
 6276   0.30023810E+02
 6277   0.19761570E+02
 6278   0.12665280E+02
 6279   0.62802400E+01
 6280   0.38849100E+01
 6281   0.27866900E+01
 6282   0.22115600E+01
 6283   0.18802300E+01
 6284   0.40253100E+01
 6285   0.92999500E+01
 6286   0.10530900E+02
 6287   0.96903600E+01
 6288   0.10869740E+02
 6289   0.96689800E+01
 6290   0.82634900E+01
 6291   0.13328270E+02
 6292   0.17108110E+02
 6293   0.20548930E+02
 6294   0.23556050E+02
 6295   0.18884070E+02
 6296   0.14286020E+02
 6297   0.10860640E+02
 6298   0.85183100E+01
 6299   0.60256500E+01
 6300   0.33435300E+01
 6301   0.58823200E+01
 6302   0.15240040E+02
 6303   0.16339740E+02
 6304   0.25041080E+02
 6305   0.36073730E+02
 6306   0.36541720E+02
 6307   0.31292670E+02
 6308   0.24942580E+02
 6309   0.17485290E+02
 6310   0.11728710E+02
 6311   0.61924200E+01
 6312   0.33587100E+01
 6313   0.20711200E+01
 6314   0.14577100E+01
 6315   0.11938500E+01
 6316   0.10243100E+01
 6317   0.71053000E+00
 6318   0.58248000E+00
 6319   0.49621000E+00
 6320   0.41834000E+00
 6321   0.35374000E+00
 6322   0.29764000E+00
 6323   0.24633000E+00
 6324   0.20163000E+00
 6325   0.16572000E+00
 6326   0.13790000E+00
 6327   0.11643000E+00
 6328   0.99720000E-01
 6329   0.87400000E-01
 6330   0.87540000E-01
 6331   0.15017000E+00
 6332   0.21708000E+00
 6333   0.21395000E+00
 6334   0.18856000E+00
 6335   0.16221000E+00
 6336   0.13962000E+00
 6337   0.12107000E+00
 6338   0.10591000E+00
 6339   0.93430000E-01
 6340   0.83060000E-01
 6341   0.31160900E+01
 6342   0.35442900E+01
 6343   0.13975400E+01
 6344   0.10009500E+01
 6345   0.60222000E+00
 6346   0.38579000E+00
 6347   0.27280000E+00
 6348   0.21214000E+00
 6349   0.21201000E+00
 6350   0.27660000E+00
 6351   0.30179000E+00
 6352   0.27974000E+00
 6353   0.24395000E+00
 6354   0.20857000E+00
 6355   0.25075200E+01
 6356   0.19190200E+01
 6357   0.16429500E+01
 6358   0.85843000E+00
 6359   0.10518890E+02
 6360   0.20354126E+03
 6361   0.47640590E+03
 6362   0.29052521E+03
 6363   0.17212848E+03
 6364   0.15802914E+03
 6365   0.14921817E+03
 6366   0.11113650E+03
 6367   0.48766582E+03
 6368   0.61346050E+03
 6369   0.41080530E+03
 6370   0.32674873E+03
 6371   0.29389174E+03
 6372   0.18473649E+03
 6373   0.25707497E+03
 6374   0.31951357E+03
 6375   0.24779864E+03
 6376   0.14114273E+03
 6377   0.95380190E+02
 6378   0.50152793E+03
 6379   0.26160077E+03
 6380   0.13949951E+03
 6381   0.87356700E+02
 6382   0.55076140E+02
 6383   0.34949380E+02
 6384   0.23232580E+02
 6385   0.16801630E+02
 6386   0.15337380E+02
 6387   0.14265180E+02
 6388   0.11532730E+02
 6389   0.76923500E+01
 6390   0.54023800E+01
 6391   0.38917000E+01
 6392   0.26994000E+01
 6393   0.19583200E+01
 6394   0.16272300E+01
 6395   0.14538100E+01
 6396   0.13247400E+01
 6397   0.12786800E+01
 6398   0.12413900E+01
 6399   0.11779200E+01
 6400   0.10994400E+01
 6401   0.10208900E+01
 6402   0.83893000E+00
 6403   0.67725000E+00
 6404   0.24029030E+02
 6405   0.46963780E+02
 6406   0.62289870E+02
 6407   0.43438250E+02
 6408   0.26375010E+02
 6409   0.16136120E+02
 6410   0.11031670E+02
 6411   0.26619930E+02
 6412   0.17406852E+03
 6413   0.31217255E+03
 6414   0.20080307E+03
 6415   0.12098827E+03
 6416   0.75890860E+02
 6417   0.59781080E+02
 6418   0.58703710E+02
 6419   0.50836650E+02
 6420   0.35290390E+02
 6421   0.23627910E+02
 6422   0.14890470E+02
 6423   0.10292090E+02
 6424   0.17010000E+02
 6425   0.41408630E+02
 6426   0.16872930E+03
 6427   0.17188523E+03
 6428   0.88759880E+02
 6429   0.44873840E+02
 6430   0.35661960E+02
 6431   0.52199000E+02
 6432   0.60756250E+02
 6433   0.11508677E+03
 6434   0.86002559E+03
 6435   0.13873573E+04
 6436   0.67008528E+03
 6437   0.39438489E+03
 6438   0.22534089E+03
 6439   0.12156553E+03
 6440   0.64394240E+02
 6441   0.36608440E+02
 6442   0.22883160E+02
 6443   0.14307700E+02
 6444   0.14155840E+02
 6445   0.10345080E+02
 6446   0.13547860E+02
 6447   0.23205550E+02
 6448   0.30908150E+02
 6449   0.40236530E+02
 6450   0.50244020E+02
 6451   0.48347940E+02
 6452   0.32363980E+02
 6453   0.19109790E+02
 6454   0.11260210E+02
 6455   0.91107300E+01
 6456   0.82849100E+01
 6457   0.39553440E+02
 6458   0.32588658E+03
 6459   0.86868737E+03
 6460   0.11591250E+04
 6461   0.54728450E+03
 6462   0.11904906E+04
 6463   0.62490619E+03
 6464   0.25725306E+03
 6465   0.12455016E+03
 6466   0.65500800E+02
 6467   0.42546110E+02
 6468   0.40087320E+02
 6469   0.44700060E+02
 6470   0.47304150E+02
 6471   0.73753220E+02
 6472   0.88849750E+02
 6473   0.81452920E+02
 6474   0.20697910E+03
 6475   0.54881862E+03
 6476   0.63141636E+03
 6477   0.11833451E+04
 6478   0.20000300E+04
 6479   0.17413067E+04
 6480   0.76616037E+03
 6481   0.47052079E+03
 6482   0.41234500E+03
 6483   0.22181641E+03
 6484   0.97960230E+02
 6485   0.49158530E+02
 6486   0.29020610E+02
 6487   0.30709700E+02
 6488   0.16469958E+03
 6489   0.29647179E+03
 6490   0.21051958E+03
 6491   0.13974110E+03
 6492   0.84830560E+02
 6493   0.48673310E+02
 6494   0.26762690E+02
 6495   0.15766080E+02
 6496   0.98556500E+01
 6497   0.53677200E+01
 6498   0.34014700E+01
 6499   0.23381000E+01
 6500   0.18551800E+01
 6501   0.17837400E+01
 6502   0.93543000E+01
 6503   0.94839000E+01
 6504   0.94514530E+02
 6505   0.21787150E+03
 6506   0.18593519E+03
 6507   0.11305288E+03
 6508   0.10607724E+03
 6509   0.17917217E+03
 6510   0.17493951E+03
 6511   0.94897650E+02
 6512   0.48455500E+02
 6513   0.28656820E+02
 6514   0.17724400E+02
 6515   0.11588130E+02
 6516   0.59811600E+01
 6517   0.61016100E+01
 6518   0.10042860E+02
 6519   0.13530760E+02
 6520   0.17370690E+02
 6521   0.21848480E+02
 6522   0.33329040E+02
 6523   0.56296930E+02
 6524   0.54876910E+02
 6525   0.42001510E+02
 6526   0.33631013E+03
 6527   0.16299994E+04
 6528   0.61897307E+03
 6529   0.25395430E+03
 6530   0.12017933E+03
 6531   0.64475970E+02
 6532   0.37747120E+02
 6533   0.23990500E+02
 6534   0.15548170E+02
 6535   0.98780000E+01
 6536   0.49850800E+01
 6537   0.47726600E+01
 6538   0.47352800E+01
 6539   0.30961700E+01
 6540   0.22664800E+01
 6541   0.17690300E+01
 6542   0.14519900E+01
 6543   0.15975910E+02
 6544   0.27918720E+02
 6545   0.41525510E+02
 6546   0.33996220E+02
 6547   0.23473460E+02
 6548   0.14803470E+02
 6549   0.94230400E+01
 6550   0.60427400E+01
 6551   0.39189800E+01
 6552   0.25659900E+01
 6553   0.17395500E+01
 6554   0.12680400E+01
 6555   0.93671000E+00
 6556   0.72243000E+00
 6557   0.43204000E+00
 6558   0.30505000E+00
 6559   0.23766000E+00
 6560   0.30396000E+00
 6561   0.20828000E+00
 6562   0.28672400E+01
 6563   0.29222900E+01
 6564   0.78488000E+01
 6565   0.11874940E+02
 6566   0.10449890E+02
 6567   0.86055000E+01
 6568   0.61184300E+01
 6569   0.39497100E+01
 6570   0.25545100E+01
 6571   0.85502500E+01
 6572   0.14447480E+02
 6573   0.18204050E+02
 6574   0.19823570E+02
 6575   0.17329330E+02
 6576   0.12624070E+02
 6577   0.73886200E+01
 6578   0.20481670E+02
 6579   0.38301260E+02
 6580   0.42860250E+02
 6581   0.33683120E+02
 6582   0.22995640E+02
 6583   0.15200800E+02
 6584   0.99906200E+01
 6585   0.53622500E+01
 6586   0.33608000E+01
 6587   0.18800400E+01
 6588   0.13278000E+01
 6589   0.10992800E+01
 6590   0.81451000E+00
 6591   0.75989000E+00
 6592   0.77620000E+00
 6593   0.80044000E+00
 6594   0.79534000E+00
 6595   0.75834000E+00
 6596   0.69527000E+00
 6597   0.57525000E+00
 6598   0.44101000E+00
 6599   0.32516000E+00
 6600   0.24440000E+00
 6601   0.41938000E+00
 6602   0.81354000E+00
 6603   0.43199000E+00
 6604   0.24344000E+00
 6605   0.16659000E+00
 6606   0.12973000E+00
 6607   0.10683000E+00
 6608   0.89940000E-01
 6609   0.99750000E-01
 6610   0.84120000E-01
 6611   0.71070000E-01
 6612   0.63760000E-01
 6613   0.64690000E-01
 6614   0.17719000E+00
 6615   0.32977400E+01
 6616   0.37645800E+01
 6617   0.16905100E+01
 6618   0.12561700E+01
 6619   0.96108000E+00
 6620   0.80453000E+00
 6621   0.69190000E+00
 6622   0.45293000E+00
 6623   0.27514000E+00
 6624   0.18705000E+00
 6625   0.13810000E+00
 6626   0.14681000E+00
 6627   0.10867000E+00
 6628   0.92160000E-01
 6629   0.81210000E-01
 6630   0.71420000E-01
 6631   0.63280000E-01
 6632   0.57230000E-01
 6633   0.58540000E-01
 6634   0.77356000E+01
 6635   0.22893450E+02
 6636   0.11801226E+03
 6637   0.73039820E+02
 6638   0.41068370E+02
 6639   0.24836020E+02
 6640   0.17103460E+02
 6641   0.12120350E+02
 6642   0.83093900E+01
 6643   0.57759100E+01
 6644   0.43053100E+01
 6645   0.32647500E+01
 6646   0.25388600E+01
 6647   0.20373400E+01
 6648   0.16287000E+01
 6649   0.12711000E+01
 6650   0.84086000E+00
 6651   0.63608000E+00
 6652   0.54350000E+00
 6653   0.46312500E+01
 6654   0.51605800E+01
 6655   0.26345250E+02
 6656   0.39845340E+02
 6657   0.28318880E+02
 6658   0.17247880E+02
 6659   0.10015710E+02
 6660   0.61177400E+01
 6661   0.15020870E+02
 6662   0.10723479E+03
 6663   0.89636420E+02
 6664   0.66365790E+02
 6665   0.52648820E+02
 6666   0.36335130E+02
 6667   0.25183730E+02
 6668   0.16774590E+02
 6669   0.11029840E+02
 6670   0.75808000E+01
 6671   0.58068500E+01
 6672   0.39689500E+01
 6673   0.28263600E+01
 6674   0.21370800E+01
 6675   0.17309300E+01
 6676   0.13505400E+01
 6677   0.92937000E+00
 6678   0.28981700E+01
 6679   0.32502000E+01
 6680   0.20047700E+01
 6681   0.16177000E+01
 6682   0.13089500E+01
 6683   0.12127700E+01
 6684   0.28137600E+01
 6685   0.65290400E+01
 6686   0.26840020E+02
 6687   0.80116110E+02
 6688   0.13202805E+03
 6689   0.93786430E+02
 6690   0.60190270E+02
 6691   0.38744890E+02
 6692   0.30182950E+02
 6693   0.22956930E+02
 6694   0.15866880E+02
 6695   0.12464400E+02
 6696   0.98251200E+01
 6697   0.66960300E+01
 6698   0.43974500E+01
 6699   0.27282200E+01
 6700   0.18221700E+01
 6701   0.14679300E+01
 6702   0.11197700E+01
 6703   0.14314400E+01
 6704   0.14276600E+01
 6705   0.18117500E+01
 6706   0.90109400E+01
 6707   0.12943940E+02
 6708   0.13869050E+02
 6709   0.10308560E+02
 6710   0.58721700E+01
 6711   0.42487700E+01
 6712   0.32412700E+01
 6713   0.25356300E+01
 6714   0.21124700E+01
 6715   0.17693200E+01
 6716   0.14945800E+01
 6717   0.13764800E+01
 6718   0.97130000E+00
 6719   0.71983000E+00
 6720   0.49664000E+00
 6721   0.34852000E+00
 6722   0.26599000E+00
 6723   0.20908000E+00
 6724   0.16789000E+00
 6725   0.13762000E+00
 6726   0.11497000E+00
 6727   0.97650000E-01
 6728   0.84140000E-01
 6729   0.73470000E-01
 6730   0.66630000E-01
 6731   0.92730000E-01
 6732   0.19695000E+00
 6733   0.22235000E+00
 6734   0.19953000E+00
 6735   0.24670000E+00
 6736   0.11391100E+01
 6737   0.23926780E+02
 6738   0.56457350E+02
 6739   0.41731510E+02
 6740   0.62422810E+02
 6741   0.28358057E+03
 6742   0.22974007E+03
 6743   0.11753247E+03
 6744   0.70090340E+02
 6745   0.48205440E+02
 6746   0.33937280E+02
 6747   0.23046870E+02
 6748   0.15331560E+02
 6749   0.10197430E+02
 6750   0.63340400E+01
 6751   0.16039820E+02
 6752   0.24653913E+03
 6753   0.18471890E+03
 6754   0.24169223E+03
 6755   0.14992860E+03
 6756   0.90511690E+02
 6757   0.55432320E+02
 6758   0.36620200E+02
 6759   0.26439340E+02
 6760   0.19786980E+02
 6761   0.32703840E+02
 6762   0.54772070E+02
 6763   0.49188020E+02
 6764   0.32567780E+02
 6765   0.21442430E+02
 6766   0.14433970E+02
 6767   0.10516590E+02
 6768   0.68543400E+01
 6769   0.47842800E+01
 6770   0.33098400E+01
 6771   0.22525500E+01
 6772   0.16949800E+01
 6773   0.12378200E+01
 6774   0.96231000E+00
 6775   0.78730000E+00
 6776   0.75941600E+01
 6777   0.90575300E+01
 6778   0.10561350E+02
 6779   0.20561100E+02
 6780   0.19540830E+02
 6781   0.19898400E+02
 6782   0.18792740E+02
 6783   0.13507580E+02
 6784   0.10109770E+02
 6785   0.64537000E+01
 6786   0.18002680E+02
 6787   0.52983840E+02
 6788   0.49580550E+02
 6789   0.37951240E+02
 6790   0.41020180E+02
 6791   0.32285870E+02
 6792   0.21999150E+02
 6793   0.15164870E+02
 6794   0.10773330E+02
 6795   0.67497600E+01
 6796   0.43538500E+01
 6797   0.29024400E+01
 6798   0.21267900E+01
 6799   0.16806700E+01
 6800   0.14287500E+01
 6801   0.58203490E+02
 6802   0.16490016E+03
 6803   0.20148156E+03
 6804   0.15590599E+03
 6805   0.86516170E+02
 6806   0.75422300E+02
 6807   0.10769731E+03
 6808   0.11608514E+03
 6809   0.10093841E+03
 6810   0.74831830E+02
 6811   0.53086400E+02
 6812   0.30434050E+02
 6813   0.17202540E+02
 6814   0.11576780E+02
 6815   0.16071150E+02
 6816   0.26273400E+02
 6817   0.23645300E+02
 6818   0.23567140E+02
 6819   0.31038580E+02
 6820   0.37836860E+02
 6821   0.39914330E+02
 6822   0.42687180E+02
 6823   0.55523991E+03
 6824   0.60323948E+03
 6825   0.40996802E+03
 6826   0.29042265E+03
 6827   0.23314047E+03
 6828   0.13947267E+03
 6829   0.10073282E+03
 6830   0.63735440E+02
 6831   0.63559960E+02
 6832   0.69234810E+02
 6833   0.40191730E+02
 6834   0.22207740E+02
 6835   0.13823630E+02
 6836   0.87238900E+01
 6837   0.25686020E+02
 6838   0.73420510E+02
 6839   0.41988253E+03
 6840   0.74728345E+03
 6841   0.28209449E+03
 6842   0.13051161E+03
 6843   0.68444050E+02
 6844   0.42781760E+02
 6845   0.30739880E+02
 6846   0.21881010E+02
 6847   0.15194450E+02
 6848   0.11231470E+02
 6849   0.77746800E+01
 6850   0.48181300E+01
 6851   0.32728300E+01
 6852   0.22520100E+01
 6853   0.16355700E+01
 6854   0.12279600E+01
 6855   0.71599480E+02
 6856   0.64927827E+03
 6857   0.41798929E+03
 6858   0.24299696E+03
 6859   0.15001181E+03
 6860   0.79083770E+02
 6861   0.43266870E+02
 6862   0.26204350E+02
 6863   0.16503830E+02
 6864   0.55623211E+03
 6865   0.14538493E+04
 6866   0.59604537E+03
 6867   0.24971137E+03
 6868   0.12608332E+03
 6869   0.71039770E+02
 6870   0.46769710E+02
 6871   0.31988660E+02
 6872   0.22118790E+02
 6873   0.15621670E+02
 6874   0.10436350E+02
 6875   0.60322000E+01
 6876   0.37295400E+01
 6877   0.41596800E+01
 6878   0.30309700E+01
 6879   0.22054600E+01
 6880   0.17088200E+01
 6881   0.31197700E+01
 6882   0.32636600E+01
 6883   0.14049900E+01
 6884   0.80382000E+00
 6885   0.47408000E+00
 6886   0.32707000E+00
 6887   0.24122000E+00
 6888   0.18589000E+00
 6889   0.14805000E+00
 6890   0.12103000E+00
 6891   0.10104000E+00
 6892   0.85830000E-01
 6893   0.73970000E-01
 6894   0.64540000E-01
 6895   0.56900000E-01
 6896   0.59090000E-01
 6897   0.56310000E-01
 6898   0.52190000E-01
 6899   0.49330000E-01
 6900   0.43670000E-01
 6901   0.41010000E-01
 6902   0.53120000E-01
 6903   0.90360000E-01
 6904   0.41888000E+00
 6905   0.16063000E+00
 6906   0.87300000E-01
 6907   0.93330000E-01
 6908   0.79090000E-01
 6909   0.61210000E-01
 6910   0.75720000E-01
 6911   0.71490000E-01
 6912   0.72020000E-01
 6913   0.16831000E+00
 6914   0.14674000E+00
 6915   0.11088000E+00
 6916   0.85150000E-01
 6917   0.67450000E-01
 6918   0.54980000E-01
 6919   0.45890000E-01
 6920   0.39070000E-01
 6921   0.33810000E-01
 6922   0.29660000E-01
 6923   0.26320000E-01
 6924   0.23580000E-01
 6925   0.21310000E-01
 6926   0.19400000E-01
 6927   0.17760000E-01
 6928   0.16360000E-01
 6929   0.15140000E-01
 6930   0.14070000E-01
 6931   0.13130000E-01
 6932   0.12290000E-01
 6933   0.11540000E-01
 6934   0.10870000E-01
 6935   0.10270000E-01
 6936   0.97100000E-02
 6937   0.92100000E-02
 6938   0.87600000E-02
 6939   0.83400000E-02
 6940   0.79500000E-02
 6941   0.75900000E-02
 6942   0.72600000E-02
 6943   0.69600000E-02
 6944   0.66700000E-02
 6945   0.64100000E-02
 6946   0.61600000E-02
 6947   0.59300000E-02
 6948   0.57100000E-02
 6949   0.55000000E-02
 6950   0.53100000E-02
 6951   0.51300000E-02
 6952   0.28840800E+01
 6953   0.18588700E+01
 6954   0.14208500E+01
 6955   0.11252800E+01
 6956   0.79478000E+00
 6957   0.55225000E+00
 6958   0.39721000E+00
 6959   0.29971000E+00
 6960   0.23526000E+00
 6961   0.19030000E+00
 6962   0.15755000E+00
 6963   0.13286000E+00
 6964   0.11372000E+00
 6965   0.98560000E-01
 6966   0.86320000E-01
 6967   0.76290000E-01
 6968   0.67950000E-01
 6969   0.60930000E-01
 6970   0.54970000E-01
 6971   0.49870000E-01
 6972   0.45450000E-01
 6973   0.43180000E-01
 6974   0.29974000E+00
 6975   0.31923000E+00
 6976   0.15857000E+00
 6977   0.10191000E+00
 6978   0.82180000E-01
 6979   0.71480000E-01
 6980   0.62270000E-01
 6981   0.54320000E-01
 6982   0.47710000E-01
 6983   0.13323160E+02
 6984   0.22872390E+02
 6985   0.26604840E+02
 6986   0.26963770E+02
 6987   0.21790340E+02
 6988   0.14244000E+02
 6989   0.98982800E+01
 6990   0.68731300E+01
 6991   0.70621900E+01
 6992   0.73692100E+01
 6993   0.75704500E+01
 6994   0.13489510E+02
 6995   0.16076180E+02
 6996   0.12719790E+02
 6997   0.67195200E+01
 6998   0.49445600E+01
 6999   0.36046600E+01
 7000   0.61229500E+01
 7001   0.51118900E+01
 7002   0.34790600E+01
 7003   0.30643800E+01
 7004   0.26846800E+01
 7005   0.22008100E+01
 7006   0.17339500E+01
 7007   0.12513600E+01
 7008   0.84466000E+00
 7009   0.41354000E+00
 7010   0.27075000E+00
 7011   0.21704000E+00
 7012   0.16942000E+00
 7013   0.14467000E+00
 7014   0.12071000E+00
 7015   0.10330000E+00
 7016   0.89800000E-01
 7017   0.79430000E-01
 7018   0.10236000E+00
 7019   0.95080000E-01
 7020   0.19729200E+01
 7021   0.15700500E+01
 7022   0.13908200E+01
 7023   0.15471100E+01
 7024   0.17917600E+01
 7025   0.18303300E+01
 7026   0.16978200E+01
 7027   0.12433900E+01
 7028   0.98768000E+00
 7029   0.83102000E+00
 7030   0.11463900E+01
 7031   0.53958600E+01
 7032   0.36585800E+01
 7033   0.26633200E+01
 7034   0.25675600E+01
 7035   0.21868800E+01
 7036   0.21968600E+01
 7037   0.15619900E+01
 7038   0.26964800E+01
 7039   0.16413000E+01
 7040   0.12482800E+01
 7041   0.90147000E+00
 7042   0.49243000E+00
 7043   0.32386000E+00
 7044   0.23270000E+00
 7045   0.17643000E+00
 7046   0.13895000E+00
 7047   0.11261000E+00
 7048   0.13547000E+00
 7049   0.79449000E+00
 7050   0.34267000E+00
 7051   0.19524000E+00
 7052   0.98713000E+00
 7053   0.71647200E+01
 7054   0.94412600E+01
 7055   0.56924800E+01
 7056   0.55524800E+01
 7057   0.52105900E+01
 7058   0.36907000E+01
 7059   0.21087700E+01
 7060   0.12526900E+01
 7061   0.89115000E+00
 7062   0.58326000E+00
 7063   0.26973000E+00
 7064   0.18394000E+00
 7065   0.13975000E+00
 7066   0.11073000E+00
 7067   0.92260000E-01
 7068   0.76320000E-01
 7069   0.64690000E-01
 7070   0.55540000E-01
 7071   0.48250000E-01
 7072   0.42370000E-01
 7073   0.37540000E-01
 7074   0.33520000E-01
 7075   0.30130000E-01
 7076   0.27250000E-01
 7077   0.24780000E-01
 7078   0.22640000E-01
 7079   0.20770000E-01
 7080   0.19150000E-01
 7081   0.12152400E+01
 7082   0.11001400E+01
 7083   0.93007000E+00
 7084   0.62591200E+01
 7085   0.13886820E+02
 7086   0.14454320E+02
 7087   0.97826500E+01
 7088   0.79850400E+01
 7089   0.11807650E+02
 7090   0.17105856E+03
 7091   0.10799791E+03
 7092   0.86715880E+02
 7093   0.17668559E+03
 7094   0.24008194E+03
 7095   0.16291399E+03
 7096   0.10491260E+03
 7097   0.73136530E+02
 7098   0.49582100E+02
 7099   0.32661120E+02
 7100   0.21828930E+02
 7101   0.52241570E+02
 7102   0.34789320E+03
 7103   0.49079401E+03
 7104   0.21206647E+03
 7105   0.98806780E+02
 7106   0.62927460E+02
 7107   0.41646510E+02
 7108   0.26978360E+02
 7109   0.16207120E+02
 7110   0.10270350E+02
 7111   0.67208000E+01
 7112   0.17309440E+02
 7113   0.12620744E+04
 7114   0.67813355E+03
 7115   0.39246189E+03
 7116   0.19492675E+03
 7117   0.52404532E+03
 7118   0.70605444E+03
 7119   0.48914257E+03
 7120   0.31896713E+03
 7121   0.23937410E+03
 7122   0.14360320E+03
 7123   0.82734290E+02
 7124   0.48920220E+02
 7125   0.30648520E+02
 7126   0.20616260E+02
 7127   0.18727710E+02
 7128   0.17195525E+03
 7129   0.31921797E+03
 7130   0.16793008E+03
 7131   0.83209440E+02
 7132   0.48952100E+02
 7133   0.31331960E+02
 7134   0.20081810E+02
 7135   0.12796210E+02
 7136   0.10707970E+02
 7137   0.19398680E+02
 7138   0.36562030E+02
 7139   0.74054760E+02
 7140   0.51056039E+03
 7141   0.34311215E+03
 7142   0.21835596E+03
 7143   0.21297649E+03
 7144   0.17323512E+03
 7145   0.90017730E+02
 7146   0.53734500E+02
 7147   0.40898050E+02
 7148   0.47663030E+02
 7149   0.50314690E+02
 7150   0.46861170E+02
 7151   0.33190313E+03
 7152   0.18399255E+03
 7153   0.13473702E+03
 7154   0.99993150E+02
 7155   0.75852150E+02
 7156   0.53886720E+02
 7157   0.35648390E+02
 7158   0.23711310E+02
 7159   0.26204920E+02
 7160   0.90028810E+02
 7161   0.14957065E+03
 7162   0.11876288E+03
 7163   0.69429360E+02
 7164   0.44790780E+02
 7165   0.13416074E+03
 7166   0.18150932E+03
 7167   0.13976155E+03
 7168   0.10667804E+03
 7169   0.83107710E+02
 7170   0.47530682E+03
 7171   0.59094803E+03
 7172   0.36774908E+03
 7173   0.58356433E+03
 7174   0.78620689E+03
 7175   0.12264648E+04
 7176   0.12808669E+04
 7177   0.40005881E+03
 7178   0.16920860E+03
 7179   0.89757240E+02
 7180   0.78146480E+02
 7181   0.89066420E+02
 7182   0.91951320E+02
 7183   0.14293525E+03
 7184   0.35322595E+03
 7185   0.30113685E+03
 7186   0.22924163E+03
 7187   0.13869651E+03
 7188   0.79238530E+02
 7189   0.47161400E+02
 7190   0.34153540E+02
 7191   0.21663150E+02
 7192   0.13697680E+02
 7193   0.89752100E+01
 7194   0.19305800E+02
 7195   0.98423750E+02
 7196   0.24883739E+03
 7197   0.74305707E+03
 7198   0.10104403E+04
 7199   0.18370860E+04
 7200   0.79479429E+03
 7201   0.29967207E+03
 7202   0.18448072E+03
 7203   0.21616620E+03
 7204   0.15233138E+03
 7205   0.80108880E+02
 7206   0.44307890E+02
 7207   0.26786040E+02
 7208   0.16700160E+02
 7209   0.10852040E+02
 7210   0.10783070E+02
 7211   0.39790810E+02
 7212   0.11303258E+03
 7213   0.93228170E+02
 7214   0.52974760E+02
 7215   0.31261810E+02
 7216   0.58974240E+02
 7217   0.67495470E+02
 7218   0.49031720E+02
 7219   0.32507210E+02
 7220   0.19766910E+02
 7221   0.12116510E+02
 7222   0.64792800E+01
 7223   0.31329700E+01
 7224   0.19062200E+01
 7225   0.13179900E+01
 7226   0.90013000E+00
 7227   0.47275000E+00
 7228   0.33070000E+00
 7229   0.26309000E+00
 7230   0.52073000E+00
 7231   0.23993700E+01
 7232   0.20701000E+01
 7233   0.16413900E+01
 7234   0.56623000E+01
 7235   0.37247800E+01
 7236   0.33395300E+01
 7237   0.24963500E+01
 7238   0.18537700E+01
 7239   0.13862800E+01
 7240   0.10260300E+01
 7241   0.52475000E+00
 7242   0.32205000E+00
 7243   0.50950000E+00
 7244   0.99987624E+03
 7245   0.94251102E+03
 7246   0.36300377E+03
 7247   0.19013307E+03
 7248   0.10911887E+03
 7249   0.59163330E+02
 7250   0.35517840E+02
 7251   0.24829880E+02
 7252   0.71983260E+02
 7253   0.48202249E+03
 7254   0.59147665E+03
 7255   0.28202434E+03
 7256   0.14202095E+03
 7257   0.79631560E+02
 7258   0.65159460E+02
 7259   0.47678810E+02
 7260   0.31979240E+02
 7261   0.23226800E+02
 7262   0.15850020E+02
 7263   0.10411110E+02
 7264   0.49885700E+01
 7265   0.31756300E+01
 7266   0.22222100E+01
 7267   0.17447900E+01
 7268   0.14282700E+01
 7269   0.93481000E+00
 7270   0.64103000E+00
 7271   0.42296000E+00
 7272   0.31800000E+00
 7273   0.25149000E+00
 7274   0.67309200E+01
 7275   0.23217820E+02
 7276   0.11883039E+03
 7277   0.23479211E+03
 7278   0.13492066E+03
 7279   0.66954100E+02
 7280   0.37409730E+02
 7281   0.23275480E+02
 7282   0.24501780E+02
 7283   0.32989190E+02
 7284   0.30140270E+02
 7285   0.26135830E+02
 7286   0.19464010E+02
 7287   0.13441310E+02
 7288   0.89739400E+01
 7289   0.57115200E+01
 7290   0.46055600E+01
 7291   0.23910100E+01
 7292   0.14747100E+01
 7293   0.10071600E+01
 7294   0.77220000E+00
 7295   0.47099000E+00
 7296   0.20958000E+01
 7297   0.16499010E+02
 7298   0.31750160E+02
 7299   0.45839300E+02
 7300   0.37773710E+02
 7301   0.24923580E+02
 7302   0.16146950E+02
 7303   0.10661570E+02
 7304   0.54709300E+01
 7305   0.30531500E+01
 7306   0.20466100E+01
 7307   0.16770400E+01
 7308   0.14230300E+01
 7309   0.99090000E+00
 7310   0.76363000E+00
 7311   0.58685000E+00
 7312   0.39556000E+00
 7313   0.14829760E+02
 7314   0.38518460E+02
 7315   0.54304640E+02
 7316   0.92577730E+02
 7317   0.95749150E+02
 7318   0.65952610E+02
 7319   0.40176020E+02
 7320   0.25997000E+02
 7321   0.17141770E+02
 7322   0.11858000E+02
 7323   0.76571700E+01
 7324   0.43833300E+01
 7325   0.26578700E+01
 7326   0.19920100E+01
 7327   0.16581100E+01
 7328   0.13463800E+01
 7329   0.10619800E+01
 7330   0.97053000E+00
 7331   0.90040000E+00
 7332   0.78646000E+00
 7333   0.67832000E+00
 7334   0.56615000E+00
 7335   0.42108000E+00
 7336   0.26832000E+00
 7337   0.19856000E+00
 7338   0.15704000E+00
 7339   0.12881000E+00
 7340   0.10832000E+00
 7341   0.92800000E-01
 7342   0.67901400E+01
 7343   0.16029194E+03
 7344   0.17688940E+03
 7345   0.85891900E+02
 7346   0.47036160E+02
 7347   0.31882250E+02
 7348   0.33954600E+02
 7349   0.95665810E+02
 7350   0.84435610E+02
 7351   0.50874630E+02
 7352   0.30317060E+02
 7353   0.19425720E+02
 7354   0.13091630E+02
 7355   0.67472400E+01
 7356   0.41061900E+01
 7357   0.30790300E+01
 7358   0.25787200E+01
 7359   0.22149200E+01
 7360   0.19396900E+01
 7361   0.16023600E+01
 7362   0.13203400E+01
 7363   0.11628600E+01
 7364   0.16247600E+01
 7365   0.15796100E+01
 7366   0.21720300E+01
 7367   0.15111760E+02
 7368   0.23260120E+02
 7369   0.19432560E+02
 7370   0.15638550E+02
 7371   0.10617560E+02
 7372   0.13470680E+02
 7373   0.13006160E+02
 7374   0.20652160E+02
 7375   0.29932720E+02
 7376   0.24166100E+02
 7377   0.27349050E+02
 7378   0.46510340E+02
 7379   0.10843992E+03
 7380   0.98557970E+02
 7381   0.13754665E+03
 7382   0.14265809E+03
 7383   0.10492856E+03
 7384   0.65335410E+02
 7385   0.40473120E+02
 7386   0.24877150E+02
 7387   0.15976470E+02
 7388   0.25124990E+02
 7389   0.19562007E+03
 7390   0.23226839E+03
 7391   0.13950853E+03
 7392   0.94470310E+02
 7393   0.62905370E+02
 7394   0.42575930E+02
 7395   0.34067820E+02
 7396   0.25013780E+02
 7397   0.22431630E+02
 7398   0.24872600E+02
 7399   0.40728730E+02
 7400   0.66808530E+02
 7401   0.55733950E+02
 7402   0.43163250E+02
 7403   0.36133060E+02
 7404   0.32122450E+02
 7405   0.23679320E+02
 7406   0.15165900E+02
 7407   0.78675900E+01
 7408   0.54706700E+01
 7409   0.41704700E+01
 7410   0.32110600E+01
 7411   0.25094500E+01
 7412   0.20239700E+01
 7413   0.16897600E+01
 7414   0.12825200E+01
 7415   0.11699600E+01
 7416   0.11385700E+01
 7417   0.10047900E+01
 7418   0.95311000E+00
 7419   0.90864000E+00
 7420   0.84543000E+00
 7421   0.18549500E+01
 7422   0.12157600E+01
 7423   0.82753000E+00
 7424   0.55934000E+00
 7425   0.21035400E+01
 7426   0.45812310E+02
 7427   0.14440302E+03
 7428   0.11606850E+03
 7429   0.65884110E+02
 7430   0.38798080E+02
 7431   0.24962020E+02
 7432   0.16642930E+02
 7433   0.11628180E+02
 7434   0.73687000E+01
 7435   0.46353500E+01
 7436   0.31984300E+01
 7437   0.21976900E+01
 7438   0.16415600E+01
 7439   0.12421300E+01
 7440   0.88548000E+00
 7441   0.69329000E+00
 7442   0.48667000E+00
 7443   0.33982000E+00
 7444   0.25604000E+00
 7445   0.20064000E+00
 7446   0.16175000E+00
 7447   0.13341000E+00
 7448   0.11215000E+00
 7449   0.97360000E-01
 7450   0.94640000E-01
 7451   0.14967000E+00
 7452   0.73585000E+00
 7453   0.14034460E+02
 7454   0.23740100E+02
 7455   0.19711300E+02
 7456   0.13149590E+02
 7457   0.70617300E+01
 7458   0.44719400E+01
 7459   0.30507700E+01
 7460   0.24457400E+01
 7461   0.20570900E+01
 7462   0.17952900E+01
 7463   0.15480300E+01
 7464   0.13409800E+01
 7465   0.12490800E+01
 7466   0.11529900E+01
 7467   0.97951000E+00
 7468   0.77156000E+00
 7469   0.76492000E+00
 7470   0.23241330E+02
 7471   0.18309381E+03
 7472   0.12587954E+03
 7473   0.15061569E+03
 7474   0.82822275E+03
 7475   0.34352516E+03
 7476   0.19684091E+03
 7477   0.11415939E+03
 7478   0.11582439E+03
 7479   0.17420209E+03
 7480   0.10462505E+03
 7481   0.10894893E+03
 7482   0.16329335E+03
 7483   0.12568172E+03
 7484   0.65835640E+02
 7485   0.36406480E+02
 7486   0.22733870E+02
 7487   0.79067480E+02
 7488   0.39307808E+04
 7489   0.28643623E+04
 7490   0.79189864E+03
 7491   0.28655928E+03
 7492   0.13172011E+03
 7493   0.72176060E+02
 7494   0.43801610E+02
 7495   0.28759250E+02
 7496   0.24606750E+02
 7497   0.18613680E+02
 7498   0.13498630E+02
 7499   0.86610000E+01
 7500   0.44406400E+01
 7501   0.29511200E+01
 7502   0.22543200E+01
 7503   0.18160600E+01
 7504   0.16569700E+01
 7505   0.13999300E+01
 7506   0.10586000E+01
 7507   0.86498000E+00
 7508   0.10691800E+01
 7509   0.86547000E+01
 7510   0.19794370E+02
 7511   0.24142300E+02
 7512   0.23275630E+02
 7513   0.18822730E+02
 7514   0.24279150E+02
 7515   0.58766090E+02
 7516   0.20615782E+03
 7517   0.60448085E+03
 7518   0.16940819E+04
 7519   0.14202380E+04
 7520   0.44590108E+03
 7521   0.18811781E+03
 7522   0.93833490E+02
 7523   0.51865620E+02
 7524   0.32610900E+02
 7525   0.25214590E+02
 7526   0.28651640E+02
 7527   0.39987900E+02
 7528   0.43491600E+02
 7529   0.32134270E+02
 7530   0.27688700E+02
 7531   0.22860530E+02
 7532   0.81613790E+02
 7533   0.11452786E+03
 7534   0.12644176E+03
 7535   0.14834217E+03
 7536   0.11080683E+03
 7537   0.66022800E+02
 7538   0.38638700E+02
 7539   0.23703410E+02
 7540   0.14518880E+02
 7541   0.79854700E+01
 7542   0.43251500E+01
 7543   0.28307900E+01
 7544   0.21112000E+01
 7545   0.17042900E+01
 7546   0.12757200E+01
 7547   0.96954000E+00
 7548   0.10590720E+02
 7549   0.73503180E+02
 7550   0.10434875E+03
 7551   0.61897880E+02
 7552   0.34470720E+02
 7553   0.20603160E+02
 7554   0.12972780E+02
 7555   0.83873922E+03
 7556   0.15952326E+04
 7557   0.66876933E+03
 7558   0.29183338E+03
 7559   0.14332758E+03
 7560   0.76805660E+02
 7561   0.43539810E+02
 7562   0.75110620E+02
 7563   0.14096499E+03
 7564   0.25497878E+03
 7565   0.60012283E+03
 7566   0.20726938E+04
 7567   0.69004042E+03
 7568   0.55633793E+03
 7569   0.33545733E+04
 7570   0.41396735E+04
 7571   0.22062599E+04
 7572   0.66822039E+03
 7573   0.24878224E+03
 7574   0.11333466E+03
 7575   0.60677680E+02
 7576   0.35423350E+02
 7577   0.22585250E+02
 7578   0.14645980E+02
 7579   0.96915500E+01
 7580   0.51236800E+01
 7581   0.30703600E+01
 7582   0.20085000E+01
 7583   0.15948600E+01
 7584   0.12031200E+01
 7585   0.89185000E+00
 7586   0.68969000E+00
 7587   0.47318000E+00
 7588   0.33911000E+00
 7589   0.25937000E+00
 7590   0.20416000E+00
 7591   0.16445000E+00
 7592   0.13529000E+00
 7593   0.43864100E+01
 7594   0.11104730E+02
 7595   0.10331792E+03
 7596   0.59769569E+03
 7597   0.15124273E+04
 7598   0.10699140E+04
 7599   0.88765989E+03
 7600   0.49700812E+03
 7601   0.22516022E+03
 7602   0.10873584E+03
 7603   0.59950940E+02
 7604   0.36443360E+02
 7605   0.48952710E+02
 7606   0.84111210E+02
 7607   0.14064599E+03
 7608   0.14312954E+03
 7609   0.11527675E+03
 7610   0.84361910E+02
 7611   0.49253750E+02
 7612   0.29604380E+02
 7613   0.19660200E+02
 7614   0.13012710E+02
 7615   0.78503500E+01
 7616   0.45076700E+01
 7617   0.29534000E+01
 7618   0.21185400E+01
 7619   0.16785200E+01
 7620   0.13643700E+01
 7621   0.91118000E+00
 7622   0.73960000E+00
 7623   0.89841200E+01
 7624   0.89615090E+02
 7625   0.14702361E+03
 7626   0.10416625E+03
 7627   0.57161140E+02
 7628   0.45572100E+02
 7629   0.64833860E+02
 7630   0.55375670E+02
 7631   0.37756140E+02
 7632   0.23244050E+02
 7633   0.14298040E+02
 7634   0.89102600E+01
 7635   0.46036100E+01
 7636   0.30071700E+01
 7637   0.18761000E+01
 7638   0.14182800E+01
 7639   0.11821400E+01
 7640   0.84316000E+00
 7641   0.55500000E+00
 7642   0.39852000E+00
 7643   0.57841000E+00
 7644   0.87690000E+00
 7645   0.34243000E+00
 7646   0.19553000E+00
 7647   0.17824000E+00
 7648   0.13396000E+00
 7649   0.11564000E+00
 7650   0.10211000E+00
 7651   0.89390000E-01
 7652   0.77720000E-01
 7653   0.11516100E+01
 7654   0.21482510E+02
 7655   0.22444420E+02
 7656   0.19522070E+02
 7657   0.15617790E+02
 7658   0.11362320E+02
 7659   0.68885600E+01
 7660   0.38790700E+01
 7661   0.22213400E+01
 7662   0.13713500E+01
 7663   0.10618000E+01
 7664   0.63309000E+00
 7665   0.33237000E+00
 7666   0.25948000E+00
 7667   0.21801000E+00
 7668   0.24771200E+01
 7669   0.87399400E+01
 7670   0.95018000E+01
 7671   0.78799900E+01
 7672   0.85894700E+01
 7673   0.70144100E+01
 7674   0.13318640E+02
 7675   0.56588670E+02
 7676   0.74898360E+02
 7677   0.54160360E+02
 7678   0.31982320E+02
 7679   0.19812430E+02
 7680   0.12828600E+02
 7681   0.77103700E+01
 7682   0.42848400E+01
 7683   0.28909100E+01
 7684   0.20944000E+01
 7685   0.47234700E+01
 7686   0.45288000E+01
 7687   0.24367000E+01
 7688   0.16238200E+01
 7689   0.11964200E+01
 7690   0.77343000E+00
 7691   0.46951000E+00
 7692   0.32140000E+00
 7693   0.13205100E+01
 7694   0.86686000E+00
 7695   0.74677000E+00
 7696   0.85920000E+00
 7697   0.50681000E+00
 7698   0.34888000E+00
 7699   0.25137000E+00
 7700   0.19539000E+00
 7701   0.15950000E+00
 7702   0.35330000E+00
 7703   0.60970000E+00
 7704   0.81600000E+00
 7705   0.10078100E+01
 7706   0.10702900E+01
 7707   0.10043400E+01
 7708   0.81423000E+00
 7709   0.16229600E+01
 7710   0.41706000E+01
 7711   0.40373100E+01
 7712   0.45614900E+01
 7713   0.58017200E+01
 7714   0.57584300E+01
 7715   0.42676300E+01
 7716   0.29328300E+01
 7717   0.18178100E+01
 7718   0.27040500E+01
 7719   0.12842100E+01
 7720   0.13073370E+02
 7721   0.39617100E+02
 7722   0.36753670E+02
 7723   0.25297750E+02
 7724   0.21523210E+02
 7725   0.18884480E+02
 7726   0.14811310E+02
 7727   0.11056430E+02
 7728   0.62148200E+01
 7729   0.39327600E+01
 7730   0.38513000E+01
 7731   0.30053600E+01
 7732   0.36713100E+01
 7733   0.66697500E+01
 7734   0.11064820E+02
 7735   0.15272550E+02
 7736   0.14188100E+02
 7737   0.10326240E+02
 7738   0.95854600E+01
 7739   0.75533400E+01
 7740   0.27190660E+02
 7741   0.53628980E+02
 7742   0.40649980E+02
 7743   0.25795210E+02
 7744   0.20782060E+02
 7745   0.20828060E+02
 7746   0.17881050E+02
 7747   0.13564070E+02
 7748   0.85988100E+01
 7749   0.50309400E+01
 7750   0.33770900E+01
 7751   0.26385700E+01
 7752   0.22066600E+01
 7753   0.18833700E+01
 7754   0.16488700E+01
 7755   0.14468300E+01
 7756   0.11308800E+01
 7757   0.85300000E+00
 7758   0.72134000E+00
 7759   0.46505000E+00
 7760   0.37901000E+00
 7761   0.35730000E+00
 7762   0.33550000E+00
 7763   0.29582000E+00
 7764   0.25170000E+00
 7765   0.21204000E+00
 7766   0.17908000E+00
 7767   0.15237000E+00
 7768   0.13081000E+00
 7769   0.11332000E+00
 7770   0.99020000E-01
 7771   0.92800000E-01
 7772   0.10729070E+02
 7773   0.20890960E+02
 7774   0.94048510E+02
 7775   0.64448280E+02
 7776   0.38629030E+02
 7777   0.27686390E+02
 7778   0.21471990E+02
 7779   0.13861620E+02
 7780   0.12339430E+02
 7781   0.44782860E+02
 7782   0.22229341E+03
 7783   0.14535921E+03
 7784   0.66882330E+02
 7785   0.38273690E+02
 7786   0.27227050E+02
 7787   0.32698170E+02
 7788   0.37925420E+02
 7789   0.27934560E+02
 7790   0.18804520E+02
 7791   0.12226770E+02
 7792   0.76792500E+01
 7793   0.50530300E+01
 7794   0.36866200E+01
 7795   0.27600900E+01
 7796   0.35986100E+01
 7797   0.23585600E+01
 7798   0.17923700E+01
 7799   0.14602000E+01
 7800   0.37223800E+01
 7801   0.16473800E+01
 7802   0.92914000E+00
 7803   0.75575000E+00
 7804   0.68151000E+00
 7805   0.61148000E+00
 7806   0.46921000E+00
 7807   0.43127000E+00
 7808   0.23594000E+00
 7809   0.16257000E+00
 7810   0.12577000E+00
 7811   0.10201000E+00
 7812   0.85190000E-01
 7813   0.12446000E+00
 7814   0.27144000E+00
 7815   0.35100000E+00
 7816   0.15029000E+00
 7817   0.93800000E-01
 7818   0.76310000E-01
 7819   0.25272000E+00
 7820   0.20462900E+01
 7821   0.45507000E+00
 7822   0.20104000E+00
 7823   0.12033000E+00
 7824   0.91890000E-01
 7825   0.76690000E-01
 7826   0.66520000E-01
 7827   0.58990000E-01
 7828   0.53010000E-01
 7829   0.48010000E-01
 7830   0.43740000E-01
 7831   0.40030000E-01
 7832   0.36760000E-01
 7833   0.97919280E+02
 7834   0.78303601E+03
 7835   0.14990624E+04
 7836   0.23318097E+04
 7837   0.37139212E+04
 7838   0.92863244E+03
 7839   0.32032466E+03
 7840   0.14955959E+03
 7841   0.94643670E+02
 7842   0.62765460E+02
 7843   0.34757610E+02
 7844   0.25976490E+02
 7845   0.44129210E+02
 7846   0.10561064E+03
 7847   0.17728611E+03
 7848   0.10759460E+03
 7849   0.52004110E+02
 7850   0.28773310E+02
 7851   0.16830810E+02
 7852   0.11103880E+02
 7853   0.10960730E+02
 7854   0.11077690E+02
 7855   0.84651500E+01
 7856   0.57106200E+01
 7857   0.41297800E+01
 7858   0.30911300E+01
 7859   0.23621000E+01
 7860   0.18860500E+01
 7861   0.73372700E+01
 7862   0.29496140E+02
 7863   0.11666043E+03
 7864   0.25646472E+03
 7865   0.23461605E+03
 7866   0.15295873E+03
 7867   0.83118460E+02
 7868   0.45139930E+02
 7869   0.27524200E+02
 7870   0.17439200E+02
 7871   0.11383440E+02
 7872   0.61888600E+01
 7873   0.31946200E+01
 7874   0.33499000E+01
 7875   0.58563920E+02
 7876   0.10532996E+04
 7877   0.56679082E+03
 7878   0.28229735E+03
 7879   0.13843574E+03
 7880   0.68641550E+02
 7881   0.38083940E+02
 7882   0.23281560E+02
 7883   0.24578300E+02
 7884   0.11957415E+03
 7885   0.17756504E+03
 7886   0.21884102E+03
 7887   0.21241124E+03
 7888   0.14986068E+03
 7889   0.11297637E+03
 7890   0.82392430E+02
 7891   0.65317690E+02
 7892   0.50201460E+02
 7893   0.65860370E+02
 7894   0.53036540E+02
 7895   0.37323000E+02
 7896   0.45112190E+02
 7897   0.69468580E+02
 7898   0.54106190E+02
 7899   0.53224940E+02
 7900   0.13065653E+03
 7901   0.46859206E+03
 7902   0.41698417E+03
 7903   0.20617926E+03
 7904   0.10189161E+03
 7905   0.54617300E+02
 7906   0.35690000E+02
 7907   0.25836760E+02
 7908   0.23589700E+02
 7909   0.91761931E+03
 7910   0.16448243E+04
 7911   0.12419006E+04
 7912   0.94437701E+03
 7913   0.94693028E+03
 7914   0.15869425E+04
 7915   0.21018114E+04
 7916   0.20639730E+04
 7917   0.19469662E+04
 7918   0.72758212E+03
 7919   0.27186508E+03
 7920   0.12493611E+03
 7921   0.65810390E+02
 7922   0.37318580E+02
 7923   0.22395100E+02
 7924   0.14266480E+02
 7925   0.17736112E+03
 7926   0.18725358E+03
 7927   0.15070016E+03
 7928   0.11174333E+03
 7929   0.86124330E+02
 7930   0.11931141E+03
 7931   0.89432200E+02
 7932   0.51302360E+02
 7933   0.31510260E+02
 7934   0.18916770E+02
 7935   0.11836940E+02
 7936   0.66722400E+01
 7937   0.39102300E+01
 7938   0.25296100E+01
 7939   0.17689600E+01
 7940   0.12992500E+01
 7941   0.91892000E+00
 7942   0.49117000E+00
 7943   0.12444470E+02
 7944   0.17369430E+02
 7945   0.16217100E+02
 7946   0.13313650E+02
 7947   0.17585390E+02
 7948   0.26554480E+02
 7949   0.28504640E+02
 7950   0.26067580E+02
 7951   0.19265490E+02
 7952   0.12975030E+02
 7953   0.77273200E+01
 7954   0.38251200E+01
 7955   0.10796373E+03
 7956   0.81079466E+03
 7957   0.96305057E+03
 7958   0.33742650E+03
 7959   0.14519922E+03
 7960   0.82654620E+02
 7961   0.59351663E+03
 7962   0.52150532E+03
 7963   0.11262412E+04
 7964   0.42970393E+03
 7965   0.18862189E+03
 7966   0.92812440E+02
 7967   0.51565130E+02
 7968   0.71912900E+02
 7969   0.13612515E+03
 7970   0.11924555E+04
 7971   0.32162530E+04
 7972   0.15695312E+04
 7973   0.66003270E+03
 7974   0.46392269E+03
 7975   0.20933153E+03
 7976   0.11600993E+03
 7977   0.10641665E+03
 7978   0.26066251E+03
 7979   0.30314731E+03
 7980   0.32136818E+03
 7981   0.45956819E+03
 7982   0.26664386E+03
 7983   0.13183051E+03
 7984   0.68072900E+02
 7985   0.39577780E+02
 7986   0.12705235E+03
 7987   0.63650918E+03
 7988   0.93311462E+03
 7989   0.92245628E+03
 7990   0.35275463E+03
 7991   0.15029867E+03
 7992   0.76574370E+02
 7993   0.43564810E+02
 7994   0.26790720E+02
 7995   0.16588310E+02
 7996   0.10296740E+02
 7997   0.57132800E+01
 7998   0.39024000E+01
 7999   0.27779200E+01
 8000   0.68294600E+01
 8001   0.10457220E+02
 8002   0.13599830E+02
 8003   0.16337480E+02
 8004   0.18906680E+02
 8005   0.16828460E+02
 8006   0.11251810E+02
 8007   0.67084600E+01
 8008   0.38691300E+01
 8009   0.24562200E+01
 8010   0.14999300E+01
 8011   0.10480900E+01
 8012   0.11676200E+02
 8013   0.14045130E+03
 8014   0.21518853E+03
 8015   0.10618301E+03
 8016   0.62701130E+02
 8017   0.40598280E+02
 8018   0.26169480E+02
 8019   0.17311160E+02
 8020   0.11845720E+02
 8021   0.75445800E+01
 8022   0.48964100E+01
 8023   0.37199000E+01
 8024   0.51517700E+01
 8025   0.33970700E+01
 8026   0.22262300E+01
 8027   0.17506000E+01
 8028   0.15090800E+01
 8029   0.12318400E+01
 8030   0.57597100E+01
 8031   0.12825800E+02
 8032   0.37229640E+02
 8033   0.10135408E+03
 8034   0.92255710E+02
 8035   0.54912080E+02
 8036   0.32253500E+02
 8037   0.19667140E+02
 8038   0.13005370E+02
 8039   0.81605900E+01
 8040   0.47328200E+01
 8041   0.32057900E+01
 8042   0.23771700E+01
 8043   0.19216600E+01
 8044   0.16288400E+01
 8045   0.12323500E+01
 8046   0.93744570E+02
 8047   0.31647904E+03
 8048   0.24268420E+03
 8049   0.13417984E+03
 8050   0.75992670E+02
 8051   0.45334300E+02
 8052   0.29430790E+02
 8053   0.20306600E+02
 8054   0.14051240E+02
 8055   0.97590300E+01
 8056   0.51668000E+01
 8057   0.32021600E+01
 8058   0.22712900E+01
 8059   0.34288890E+02
 8060   0.52427290E+02
 8061   0.33132240E+02
 8062   0.19797240E+02
 8063   0.12633530E+02
 8064   0.10851510E+02
 8065   0.18127460E+02
 8066   0.16005570E+02
 8067   0.12746600E+02
 8068   0.10891230E+02
 8069   0.84548400E+01
 8070   0.53120100E+01
 8071   0.37520500E+01
 8072   0.24812300E+01
 8073   0.34415800E+01
 8074   0.21526700E+01
 8075   0.14929700E+01
 8076   0.10934600E+01
 8077   0.54827000E+00
 8078   0.36421000E+00
 8079   0.28012000E+00
 8080   0.22302000E+00
 8081   0.17934000E+00
 8082   0.15277000E+00
 8083   0.24441000E+00
 8084   0.39349000E+00
 8085   0.46795000E+00
 8086   0.52466000E+00
 8087   0.59663000E+00
 8088   0.65506000E+00
 8089   0.78807000E+00
 8090   0.92164000E+00
 8091   0.10004100E+01
 8092   0.10031400E+01
 8093   0.95238000E+00
 8094   0.90475000E+00
 8095   0.85752000E+00
 8096   0.85666000E+00
 8097   0.73533000E+00
 8098   0.62753000E+00
 8099   0.54433000E+00
 8100   0.41622000E+00
 8101   0.28177000E+00
 8102   0.20608000E+00
 8103   0.15951000E+00
 8104   0.12844000E+00
 8105   0.10641000E+00
 8106   0.90060000E-01
 8107   0.77510000E-01
 8108   0.67610000E-01
 8109   0.12486100E+01
 8110   0.11889500E+01
 8111   0.18290400E+01
 8112   0.10017100E+01
 8113   0.10099800E+01
 8114   0.19415300E+01
 8115   0.15878500E+01
 8116   0.14030500E+01
 8117   0.13944600E+01
 8118   0.13776200E+01
 8119   0.12154200E+01
 8120   0.10759000E+01
 8121   0.82995000E+00
 8122   0.64456000E+00
 8123   0.57520000E+00
 8124   0.52248000E+00
 8125   0.45884000E+00
 8126   0.37227000E+00
 8127   0.26831000E+00
 8128   0.20781000E+00
 8129   0.16793000E+00
 8130   0.13888000E+00
 8131   0.11678000E+00
 8132   0.99980000E-01
 8133   0.94660000E-01
 8134   0.19099000E+00
 8135   0.35704000E+00
 8136   0.39755000E+00
 8137   0.38115000E+00
 8138   0.32623000E+00
 8139   0.26270000E+00
 8140   0.20989000E+00
 8141   0.16995000E+00
 8142   0.14015000E+00
 8143   0.23147000E+00
 8144   0.17832000E+00
 8145   0.11407500E+01
 8146   0.10309790E+02
 8147   0.13637300E+02
 8148   0.12093040E+02
 8149   0.10945590E+02
 8150   0.90457000E+01
 8151   0.58009600E+01
 8152   0.38762000E+01
 8153   0.29634400E+01
 8154   0.17621040E+02
 8155   0.21029287E+03
 8156   0.10244313E+03
 8157   0.62116660E+02
 8158   0.56616290E+02
 8159   0.95138180E+02
 8160   0.13798396E+03
 8161   0.82736360E+02
 8162   0.44543670E+02
 8163   0.26600770E+02
 8164   0.16484570E+02
 8165   0.10703500E+02
 8166   0.58117400E+01
 8167   0.36258900E+01
 8168   0.23939700E+01
 8169   0.16587800E+01
 8170   0.12401500E+01
 8171   0.82596000E+00
 8172   0.53164000E+00
 8173   0.40367000E+00
 8174   0.36623500E+01
 8175   0.19384900E+01
 8176   0.15797300E+01
 8177   0.13048300E+01
 8178   0.10875600E+01
 8179   0.91273000E+00
 8180   0.78141000E+00
 8181   0.61996000E+00
 8182   0.53158000E+00
 8183   0.44363000E+00
 8184   0.38045000E+00
 8185   0.32825000E+00
 8186   0.28387000E+00
 8187   0.11772400E+01
 8188   0.19303400E+01
 8189   0.12835400E+01
 8190   0.36998500E+01
 8191   0.61107300E+01
 8192   0.41031000E+01
 8193   0.21905000E+01
 8194   0.13837000E+01
 8195   0.15322400E+01
 8196   0.13032600E+01
 8197   0.11661100E+01
 8198   0.22314300E+01
 8199   0.14496700E+01
 8200   0.10272800E+01
 8201   0.68150000E+00
 8202   0.47349000E+00
 8203   0.13850300E+01
 8204   0.21742789E+03
 8205   0.29782005E+03
 8206   0.13183870E+03
 8207   0.72764360E+02
 8208   0.57723870E+02
 8209   0.45132630E+02
 8210   0.11725591E+03
 8211   0.13527299E+03
 8212   0.86313770E+02
 8213   0.74552640E+02
 8214   0.94221760E+02
 8215   0.20314344E+03
 8216   0.30122274E+04
 8217   0.11210665E+04
 8218   0.40651054E+03
 8219   0.17475043E+03
 8220   0.82761730E+02
 8221   0.48798580E+02
 8222   0.30581740E+02
 8223   0.19751970E+02
 8224   0.13003970E+02
 8225   0.81128400E+01
 8226   0.55848600E+01
 8227   0.17065975E+03
 8228   0.46519784E+03
 8229   0.30420282E+03
 8230   0.19742412E+03
 8231   0.12876666E+03
 8232   0.11147349E+03
 8233   0.15290029E+03
 8234   0.32514912E+03
 8235   0.29030947E+03
 8236   0.12799149E+03
 8237   0.63795510E+02
 8238   0.38398690E+02
 8239   0.25824080E+02
 8240   0.18111030E+02
 8241   0.37920680E+02
 8242   0.14457965E+03
 8243   0.21364990E+03
 8244   0.21089616E+03
 8245   0.15293738E+03
 8246   0.13763976E+03
 8247   0.10887412E+03
 8248   0.62988140E+02
 8249   0.36288010E+02
 8250   0.22199030E+02
 8251   0.13505710E+02
 8252   0.73949300E+01
 8253   0.38979100E+01
 8254   0.25017200E+01
 8255   0.18400100E+01
 8256   0.14843300E+01
 8257   0.11249400E+01
 8258   0.11365000E+01
 8259   0.29282700E+01
 8260   0.16332008E+03
 8261   0.11316450E+03
 8262   0.72841850E+02
 8263   0.24524743E+03
 8264   0.12676279E+04
 8265   0.21018624E+04
 8266   0.63467411E+03
 8267   0.29872728E+03
 8268   0.20553713E+03
 8269   0.17057258E+03
 8270   0.26267308E+03
 8271   0.30701778E+04
 8272   0.10936209E+04
 8273   0.37799784E+03
 8274   0.16824713E+03
 8275   0.86978580E+02
 8276   0.49511380E+02
 8277   0.63349340E+02
 8278   0.46090031E+03
 8279   0.42250742E+03
 8280   0.41104814E+03
 8281   0.20130997E+03
 8282   0.10225929E+03
 8283   0.72353990E+02
 8284   0.20686064E+03
 8285   0.44946922E+03
 8286   0.39139205E+03
 8287   0.23564874E+03
 8288   0.12944165E+03
 8289   0.82403930E+02
 8290   0.59199270E+02
 8291   0.36286030E+02
 8292   0.20977630E+02
 8293   0.17288030E+02
 8294   0.19233110E+02
 8295   0.36455980E+02
 8296   0.19978366E+03
 8297   0.27481762E+03
 8298   0.15890776E+03
 8299   0.85410280E+02
 8300   0.61606008E+03
 8301   0.54610370E+03
 8302   0.23459842E+03
 8303   0.13355576E+03
 8304   0.60215012E+03
 8305   0.58891236E+03
 8306   0.24152837E+03
 8307   0.10963186E+03
 8308   0.58489910E+02
 8309   0.34342810E+02
 8310   0.21789370E+02
 8311   0.14152920E+02
 8312   0.85332600E+01
 8313   0.41049600E+01
 8314   0.26104800E+01
 8315   0.19823600E+01
 8316   0.16447600E+01
 8317   0.14775490E+02
 8318   0.47615665E+03
 8319   0.79605891E+03
 8320   0.42834002E+03
 8321   0.20515475E+03
 8322   0.10123019E+03
 8323   0.53925210E+02
 8324   0.31171720E+02
 8325   0.19837650E+02
 8326   0.12797960E+02
 8327   0.78714700E+01
 8328   0.51262651E+03
 8329   0.88733153E+03
 8330   0.52077748E+03
 8331   0.68608213E+03
 8332   0.96856510E+03
 8333   0.38266394E+03
 8334   0.16169269E+03
 8335   0.81212790E+02
 8336   0.45274890E+02
 8337   0.27722120E+02
 8338   0.19925530E+02
 8339   0.13486610E+02
 8340   0.93924300E+01
 8341   0.57161500E+01
 8342   0.41296200E+01
 8343   0.26161400E+01
 8344   0.18277900E+01
 8345   0.23037200E+01
 8346   0.22798860E+02
 8347   0.26390900E+02
 8348   0.24229880E+02
 8349   0.19124230E+02
 8350   0.13665870E+02
 8351   0.88320900E+01
 8352   0.45528500E+01
 8353   0.25946000E+01
 8354   0.14205300E+01
 8355   0.35504710E+02
 8356   0.34762801E+03
 8357   0.46062482E+03
 8358   0.19659644E+03
 8359   0.97198950E+02
 8360   0.50720160E+02
 8361   0.30938970E+02
 8362   0.20980620E+02
 8363   0.12989160E+02
 8364   0.75453200E+01
 8365   0.37321800E+01
 8366   0.24193000E+01
 8367   0.54465100E+01
 8368   0.30470300E+01
 8369   0.30204000E+01
 8370   0.26539400E+01
 8371   0.27350200E+01
 8372   0.20534900E+01
 8373   0.15089100E+01
 8374   0.11031500E+01
 8375   0.83805000E+00
 8376   0.55360000E+00
 8377   0.31753000E+00
 8378   0.22449000E+00
 8379   0.23268000E+00
 8380   0.12474970E+02
 8381   0.59533440E+02
 8382   0.94410400E+02
 8383   0.24521974E+03
 8384   0.23595982E+03
 8385   0.17675229E+03
 8386   0.10964851E+03
 8387   0.64335030E+02
 8388   0.39259400E+02
 8389   0.25519490E+02
 8390   0.17205100E+02
 8391   0.11964870E+02
 8392   0.77833600E+01
 8393   0.53271400E+01
 8394   0.32596900E+01
 8395   0.21316100E+01
 8396   0.16796700E+01
 8397   0.13365400E+01
 8398   0.98205000E+00
 8399   0.75961000E+00
 8400   0.59335000E+00
 8401   0.42737610E+02
 8402   0.72529680E+02
 8403   0.69948460E+02
 8404   0.41135890E+02
 8405   0.24610030E+02
 8406   0.14693800E+02
 8407   0.91954300E+01
 8408   0.47385500E+01
 8409   0.19961960E+02
 8410   0.20933629E+03
 8411   0.16409970E+03
 8412   0.85009120E+02
 8413   0.49346090E+02
 8414   0.32181060E+02
 8415   0.20457040E+02
 8416   0.12499010E+02
 8417   0.73027700E+01
 8418   0.46786000E+01
 8419   0.32295100E+01
 8420   0.23864800E+01
 8421   0.19671800E+01
 8422   0.16112400E+01
 8423   0.13795300E+01
 8424   0.10927500E+01
 8425   0.81510000E+00
 8426   0.56011000E+00
 8427   0.38003000E+00
 8428   0.27876000E+00
 8429   0.21434000E+00
 8430   0.19284000E+00
 8431   0.75850800E+01
 8432   0.13796480E+02
 8433   0.16440880E+02
 8434   0.15003790E+02
 8435   0.11911900E+02
 8436   0.80010700E+01
 8437   0.54345100E+01
 8438   0.35202000E+01
 8439   0.21451000E+01
 8440   0.26817800E+01
 8441   0.17005600E+01
 8442   0.18139900E+01
 8443   0.11936600E+01
 8444   0.84036000E+00
 8445   0.50551000E+00
 8446   0.32646000E+00
 8447   0.23198000E+00
 8448   0.17507000E+00
 8449   0.13758000E+00
 8450   0.11130000E+00
 8451   0.92070000E-01
 8452   0.77530000E-01
 8453   0.67350000E-01
 8454   0.77842000E+00
 8455   0.39160000E+00
 8456   0.16613000E+00
 8457   0.88750000E-01
 8458   0.62420000E-01
 8459   0.53500000E-01
 8460   0.48320000E-01
 8461   0.44290000E-01
 8462   0.40980000E-01
 8463   0.38090000E-01
 8464   0.35410000E-01
 8465   0.32830000E-01
 8466   0.30370000E-01
 8467   0.28040000E-01
 8468   0.25890000E-01
 8469   0.23920000E-01
 8470   0.22140000E-01
 8471   0.20530000E-01
 8472   0.19070000E-01
 8473   0.17760000E-01
 8474   0.16580000E-01
 8475   0.15520000E-01
 8476   0.14560000E-01
 8477   0.14600000E-01
 8478   0.13850000E-01
 8479   0.17220000E-01
 8480   0.58869000E+00
 8481   0.22226000E+00
 8482   0.81640000E-01
 8483   0.32480100E+01
 8484   0.29724700E+01
 8485   0.26247100E+01
 8486   0.19386300E+01
 8487   0.16018300E+01
 8488   0.14694200E+01
 8489   0.98547000E+00
 8490   0.75860000E+00
 8491   0.42590000E+00
 8492   0.24123000E+00
 8493   0.16690000E+00
 8494   0.12971000E+00
 8495   0.15346000E+00
 8496   0.24855000E+00
 8497   0.25842000E+00
 8498   0.22640000E+00
 8499   0.19046000E+00
 8500   0.15970000E+00
 8501   0.13498000E+00
 8502   0.11533000E+00
 8503   0.99620000E-01
 8504   0.86930000E-01
 8505   0.76550000E-01
 8506   0.67970000E-01
 8507   0.60790000E-01
 8508   0.54720000E-01
 8509   0.57084000E+00
 8510   0.26337000E+00
 8511   0.23867300E+01
 8512   0.11088200E+01
 8513   0.11590300E+01
 8514   0.38364100E+01
 8515   0.48428500E+01
 8516   0.40637700E+01
 8517   0.22189800E+01
 8518   0.15523400E+01
 8519   0.11251800E+01
 8520   0.90307000E+00
 8521   0.18473700E+01
 8522   0.11351500E+01
 8523   0.53690000E+00
 8524   0.34862000E+00
 8525   0.25576000E+00
 8526   0.22253000E+00
 8527   0.60137000E+00
 8528   0.23554000E+00
 8529   0.20465000E+00
 8530   0.35601000E+00
 8531   0.42395000E+00
 8532   0.23229000E+00
 8533   0.16253000E+00
 8534   0.12327000E+00
 8535   0.97110000E-01
 8536   0.79100000E-01
 8537   0.17555000E+00
 8538   0.28889300E+01
 8539   0.13660483E+03
 8540   0.40672916E+04
 8541   0.69318410E+04
 8542   0.17638998E+04
 8543   0.52079660E+03
 8544   0.22439065E+03
 8545   0.11552267E+03
 8546   0.11310243E+03
 8547   0.32603833E+03
 8548   0.30446908E+03
 8549   0.20859460E+03
 8550   0.11199608E+03
 8551   0.69435550E+02
 8552   0.46188450E+02
 8553   0.38612790E+02
 8554   0.44168460E+02
 8555   0.40968070E+02
 8556   0.35776140E+02
 8557   0.28936020E+02
 8558   0.20255290E+02
 8559   0.13750730E+02
 8560   0.96863000E+01
 8561   0.68656700E+01
 8562   0.65695400E+01
 8563   0.47799800E+01
 8564   0.31859300E+01
 8565   0.23244500E+01
 8566   0.28722900E+01
 8567   0.95041100E+01
 8568   0.10904680E+02
 8569   0.18182310E+03
 8570   0.30883842E+03
 8571   0.19012999E+03
 8572   0.97708250E+02
 8573   0.60163760E+02
 8574   0.11543930E+03
 8575   0.78269590E+02
 8576   0.45052070E+02
 8577   0.26507010E+02
 8578   0.17847870E+02
 8579   0.12859730E+02
 8580   0.87986300E+01
 8581   0.51451400E+01
 8582   0.35419800E+01
 8583   0.37498900E+01
 8584   0.65934100E+01
 8585   0.31388190E+02
 8586   0.92058890E+02
 8587   0.97446830E+02
 8588   0.78568390E+02
 8589   0.45018830E+02
 8590   0.26715090E+02
 8591   0.17082830E+02
 8592   0.16121210E+02
 8593   0.15861383E+03
 8594   0.48539421E+03
 8595   0.34692846E+03
 8596   0.19689509E+03
 8597   0.13938658E+03
 8598   0.95466570E+02
 8599   0.53883700E+02
 8600   0.31184780E+02
 8601   0.19545040E+02
 8602   0.12746560E+02
 8603   0.76730100E+01
 8604   0.44653100E+01
 8605   0.32118800E+01
 8606   0.42008800E+01
 8607   0.44596000E+01
 8608   0.40614800E+01
 8609   0.31109100E+01
 8610   0.23245700E+01
 8611   0.18737800E+01
 8612   0.15991200E+01
 8613   0.13642800E+01
 8614   0.18705010E+02
 8615   0.67645072E+03
 8616   0.22280492E+04
 8617   0.77178042E+03
 8618   0.12894467E+04
 8619   0.82296924E+03
 8620   0.42973386E+03
 8621   0.22764845E+03
 8622   0.13920477E+03
 8623   0.80715370E+02
 8624   0.49003160E+02
 8625   0.32541470E+02
 8626   0.22358460E+02
 8627   0.15633470E+02
 8628   0.10769580E+02
 8629   0.79890400E+01
 8630   0.28334915E+03
 8631   0.15511295E+03
 8632   0.10675678E+03
 8633   0.85517680E+02
 8634   0.12663761E+03
 8635   0.11780593E+03
 8636   0.77028770E+02
 8637   0.46523490E+02
 8638   0.29828050E+02
 8639   0.30978790E+02
 8640   0.27704960E+02
 8641   0.17021640E+02
 8642   0.10666330E+02
 8643   0.57738300E+01
 8644   0.35807300E+01
 8645   0.36732200E+01
 8646   0.21718684E+03
 8647   0.28850184E+03
 8648   0.16078778E+03
 8649   0.85675820E+02
 8650   0.68247210E+02
 8651   0.62685621E+03
 8652   0.28278530E+03
 8653   0.16570541E+03
 8654   0.13036576E+03
 8655   0.91084560E+02
 8656   0.81491950E+02
 8657   0.64349450E+02
 8658   0.95167820E+02
 8659   0.11619788E+04
 8660   0.14511488E+04
 8661   0.12317238E+04
 8662   0.49975559E+03
 8663   0.19917891E+03
 8664   0.94552360E+02
 8665   0.51649820E+02
 8666   0.30958380E+02
 8667   0.19849280E+02
 8668   0.13103180E+02
 8669   0.81164400E+01
 8670   0.46577300E+01
 8671   0.27899200E+01
 8672   0.20330800E+01
 8673   0.19729300E+01
 8674   0.12490500E+01
 8675   0.93386000E+00
 8676   0.72668000E+00
 8677   0.49304000E+00
 8678   0.27565630E+02
 8679   0.46963071E+03
 8680   0.70139810E+03
 8681   0.95933424E+03
 8682   0.35043300E+03
 8683   0.15326552E+03
 8684   0.89014500E+02
 8685   0.50781240E+02
 8686   0.31203970E+02
 8687   0.20317930E+02
 8688   0.13454430E+02
 8689   0.87277500E+01
 8690   0.49510400E+01
 8691   0.10289250E+02
 8692   0.12719410E+02
 8693   0.55455260E+02
 8694   0.68008590E+02
 8695   0.87474360E+02
 8696   0.95217575E+03
 8697   0.70801631E+03
 8698   0.47698691E+03
 8699   0.64312850E+03
 8700   0.27972454E+03
 8701   0.15079339E+03
 8702   0.94134730E+02
 8703   0.56399350E+02
 8704   0.67036771E+03
 8705   0.60685984E+03
 8706   0.93802296E+03
 8707   0.71012702E+03
 8708   0.31980234E+03
 8709   0.15825880E+03
 8710   0.11035944E+03
 8711   0.73914660E+02
 8712   0.41078720E+02
 8713   0.23522250E+02
 8714   0.14435060E+02
 8715   0.90746300E+01
 8716   0.49140300E+01
 8717   0.32896400E+01
 8718   0.22946400E+01
 8719   0.19527800E+01
 8720   0.55953400E+01
 8721   0.41810270E+02
 8722   0.35133507E+03
 8723   0.41864926E+03
 8724   0.17483658E+03
 8725   0.75525410E+02
 8726   0.40245820E+02
 8727   0.24551810E+02
 8728   0.15746640E+02
 8729   0.10648200E+02
 8730   0.13204882E+03
 8731   0.40675636E+03
 8732   0.36175879E+03
 8733   0.19992956E+03
 8734   0.10275955E+03
 8735   0.62779900E+02
 8736   0.80891310E+02
 8737   0.10240382E+03
 8738   0.84555790E+02
 8739   0.53818630E+02
 8740   0.32419840E+02
 8741   0.21019160E+02
 8742   0.14233450E+02
 8743   0.10662470E+02
 8744   0.12231430E+02
 8745   0.21779490E+02
 8746   0.20285840E+02
 8747   0.16955810E+02
 8748   0.13896100E+02
 8749   0.10266450E+02
 8750   0.62941600E+01
 8751   0.37920400E+01
 8752   0.22991000E+01
 8753   0.13884600E+01
 8754   0.93464000E+00
 8755   0.54644000E+00
 8756   0.35796000E+00
 8757   0.56693000E+00
 8758   0.38308000E+00
 8759   0.38502000E+00
 8760   0.79156000E+00
 8761   0.25447900E+01
 8762   0.20068400E+01
 8763   0.16033700E+01
 8764   0.12255800E+01
 8765   0.91734000E+00
 8766   0.63716000E+00
 8767   0.38768000E+00
 8768   0.26007000E+00
 8769   0.18886000E+00
 8770   0.14486000E+00
 8771   0.11543000E+00
 8772   0.94580000E-01
 8773   0.67593000E+00
 8774   0.24627900E+01
 8775   0.13069000E+01
 8776   0.97301000E+00
 8777   0.11621000E+01
 8778   0.99724000E+00
 8779   0.63824000E+00
 8780   0.38411000E+00
 8781   0.52239300E+01
 8782   0.80203200E+01
 8783   0.94934400E+01
 8784   0.10733970E+02
 8785   0.17836950E+03
 8786   0.39500369E+03
 8787   0.20250468E+03
 8788   0.10719669E+03
 8789   0.60352010E+02
 8790   0.35988330E+02
 8791   0.23283160E+02
 8792   0.15578870E+02
 8793   0.13196440E+02
 8794   0.96346000E+01
 8795   0.54053400E+01
 8796   0.35640500E+01
 8797   0.49969900E+01
 8798   0.70072500E+01
 8799   0.69812400E+01
 8800   0.41463900E+01
 8801   0.41005600E+01
 8802   0.34867800E+01
 8803   0.26715700E+01
 8804   0.17046800E+01
 8805   0.10760300E+01
 8806   0.76305000E+00
 8807   0.40957000E+00
 8808   0.27334000E+00
 8809   0.20572000E+00
 8810   0.16136000E+00
 8811   0.12982000E+00
 8812   0.32187000E+00
 8813   0.24245000E+00
 8814   0.68705000E+00
 8815   0.56331000E+00
 8816   0.45218000E+00
 8817   0.32347000E+00
 8818   0.22779000E+00
 8819   0.17293000E+00
 8820   0.29994000E+00
 8821   0.25999000E+00
 8822   0.63090500E+01
 8823   0.13665870E+02
 8824   0.14671570E+02
 8825   0.99874000E+01
 8826   0.55523300E+01
 8827   0.70417300E+01
 8828   0.36782040E+02
 8829   0.87772820E+02
 8830   0.53511740E+02
 8831   0.30812540E+02
 8832   0.18476230E+02
 8833   0.11606650E+02
 8834   0.67596600E+01
 8835   0.41864000E+01
 8836   0.27982600E+01
 8837   0.22188100E+01
 8838   0.18879200E+01
 8839   0.16492700E+01
 8840   0.13856000E+01
 8841   0.11162900E+01
 8842   0.43358700E+01
 8843   0.40704600E+01
 8844   0.18636500E+01
 8845   0.13744200E+01
 8846   0.10355600E+01
 8847   0.81100000E+00
 8848   0.70095000E+00
 8849   0.63102000E+00
 8850   0.56168000E+00
 8851   0.52199000E+00
 8852   0.50376000E+00
 8853   0.48205000E+00
 8854   0.47645000E+00
 8855   0.59352000E+00
 8856   0.12222360E+02
 8857   0.44642130E+02
 8858   0.49434800E+02
 8859   0.35185410E+02
 8860   0.23653530E+02
 8861   0.15569380E+02
 8862   0.97583100E+01
 8863   0.57978800E+01
 8864   0.43061800E+01
 8865   0.33226700E+01
 8866   0.23266000E+01
 8867   0.17911700E+01
 8868   0.14022400E+01
 8869   0.10848700E+01
 8870   0.93013000E+00
 8871   0.73758000E+00
 8872   0.54691000E+00
 8873   0.35730000E+00
 8874   0.26368000E+00
 8875   0.24251000E+00
 8876   0.27754000E+00
 8877   0.16274000E+00
 8878   0.12950000E+00
 8879   0.11247000E+00
 8880   0.10010000E+00
 8881   0.90210000E-01
 8882   0.23711000E+00
 8883   0.24997500E+01
 8884   0.10514500E+02
 8885   0.63469250E+02
 8886   0.48293980E+02
 8887   0.27201560E+02
 8888   0.16521700E+02
 8889   0.96074200E+01
 8890   0.54022700E+01
 8891   0.43161200E+01
 8892   0.11990950E+02
 8893   0.20837160E+02
 8894   0.18509970E+02
 8895   0.12981960E+02
 8896   0.91603600E+01
 8897   0.73056400E+01
 8898   0.48942500E+01
 8899   0.34939300E+01
 8900   0.24869000E+01
 8901   0.19507600E+01
 8902   0.16320500E+01
 8903   0.13393500E+01
 8904   0.91230000E+00
 8905   0.67682000E+00
 8906   0.44898000E+00
 8907   0.33868000E+00
 8908   0.26520000E+00
 8909   0.21030000E+00
 8910   0.16969000E+00
 8911   0.13935000E+00
 8912   0.11646000E+00
 8913   0.98910000E-01
 8914   0.85220000E-01
 8915   0.74310000E-01
 8916   0.65490000E-01
 8917   0.58230000E-01
 8918   0.52170000E-01
 8919   0.47060000E-01
 8920   0.39533000E+00
 8921   0.17258000E+00
 8922   0.85510000E-01
 8923   0.67290000E-01
 8924   0.62020000E-01
 8925   0.57090000E-01
 8926   0.51790000E-01
 8927   0.97810000E+00
 8928   0.43104000E+00
 8929   0.49899900E+01
 8930   0.19894090E+02
 8931   0.54894320E+02
 8932   0.47799370E+02
 8933   0.43970220E+02
 8934   0.38901280E+02
 8935   0.28457170E+02
 8936   0.20494670E+02
 8937   0.18946650E+02
 8938   0.35604102E+03
 8939   0.20152042E+03
 8940   0.16905864E+03
 8941   0.12465566E+03
 8942   0.72815150E+02
 8943   0.43107470E+02
 8944   0.27374800E+02
 8945   0.18606550E+02
 8946   0.12769670E+02
 8947   0.81988400E+01
 8948   0.45236600E+01
 8949   0.25945300E+01
 8950   0.19678800E+01
 8951   0.21856900E+01
 8952   0.15371900E+01
 8953   0.12748700E+01
 8954   0.99197000E+00
 8955   0.81682000E+00
 8956   0.65144000E+00
 8957   0.66484000E+00
 8958   0.28330600E+01
 8959   0.18498620E+02
 8960   0.31728100E+02
 8961   0.34575010E+02
 8962   0.11682321E+03
 8963   0.12994823E+03
 8964   0.86798050E+02
 8965   0.60353200E+02
 8966   0.40569180E+02
 8967   0.66559940E+02
 8968   0.18581208E+03
 8969   0.34600133E+03
 8970   0.26928316E+03
 8971   0.22060537E+03
 8972   0.20014185E+03
 8973   0.16112684E+03
 8974   0.10862181E+03
 8975   0.87080690E+02
 8976   0.15853604E+03
 8977   0.39056700E+03
 8978   0.96743854E+03
 8979   0.42722880E+03
 8980   0.18719164E+03
 8981   0.99339620E+02
 8982   0.75726760E+02
 8983   0.81704370E+02
 8984   0.62614060E+02
 8985   0.58495920E+02
 8986   0.63805760E+02
 8987   0.56380770E+02
 8988   0.56610760E+02
 8989   0.65399090E+02
 8990   0.10181716E+03
 8991   0.93782500E+02
 8992   0.93959150E+02
 8993   0.92648610E+02
 8994   0.71773200E+02
 8995   0.45701090E+02
 8996   0.29034450E+02
 8997   0.18714740E+02
 8998   0.12047200E+02
 8999   0.12878630E+02
 9000   0.78662650E+02
 9001   0.12707172E+03
 9002   0.91734320E+02
 9003   0.51493670E+02
 9004   0.32750700E+02
 9005   0.22249680E+02
 9006   0.16874560E+02
 9007   0.13021470E+02
 9008   0.12941470E+02
 9009   0.81376100E+01
 9010   0.46237000E+01
 9011   0.56253200E+01
 9012   0.42630990E+02
 9013   0.25446136E+04
 9014   0.66254118E+03
 9015   0.34371955E+03
 9016   0.27659032E+03
 9017   0.15045644E+03
 9018   0.88255990E+02
 9019   0.53519170E+02
 9020   0.10682914E+03
 9021   0.98101480E+02
 9022   0.52406150E+02
 9023   0.32974410E+02
 9024   0.22307460E+02
 9025   0.14629155E+03
 9026   0.74182258E+03
 9027   0.11264158E+04
 9028   0.55117058E+03
 9029   0.23171459E+03
 9030   0.10414370E+03
 9031   0.53926470E+02
 9032   0.31678960E+02
 9033   0.19927840E+02
 9034   0.12927670E+02
 9035   0.91342200E+01
 9036   0.11366440E+02
 9037   0.18490800E+02
 9038   0.60564530E+03
 9039   0.30981355E+04
 9040   0.80359509E+03
 9041   0.35626247E+03
 9042   0.30685411E+03
 9043   0.99754605E+03
 9044   0.24760756E+04
 9045   0.16686148E+04
 9046   0.60035829E+03
 9047   0.24757583E+03
 9048   0.21049404E+03
 9049   0.22883355E+03
 9050   0.18729981E+03
 9051   0.12374549E+03
 9052   0.73473390E+02
 9053   0.42313830E+02
 9054   0.25843010E+02
 9055   0.22903251E+03
 9056   0.10641454E+04
 9057   0.70454638E+03
 9058   0.14515624E+04
 9059   0.57571478E+03
 9060   0.33107557E+03
 9061   0.46712342E+03
 9062   0.21991017E+04
 9063   0.21023204E+04
 9064   0.15314093E+04
 9065   0.16205181E+04
 9066   0.74452049E+03
 9067   0.57775862E+03
 9068   0.18567360E+04
 9069   0.28802062E+04
 9070   0.12088026E+04
 9071   0.41740783E+03
 9072   0.18043330E+03
 9073   0.93110110E+02
 9074   0.55892140E+02
 9075   0.33613210E+02
 9076   0.26581550E+02
 9077   0.14166521E+03
 9078   0.49943931E+03
 9079   0.65994949E+03
 9080   0.56028359E+03
 9081   0.42039308E+03
 9082   0.21791578E+03
 9083   0.10841700E+03
 9084   0.64942020E+02
 9085   0.44888120E+02
 9086   0.29573070E+02
 9087   0.19895870E+02
 9088   0.13940200E+02
 9089   0.96558500E+01
 9090   0.54342200E+01
 9091   0.33900600E+01
 9092   0.17298060E+02
 9093   0.17359863E+03
 9094   0.18211808E+03
 9095   0.12868685E+03
 9096   0.99220040E+02
 9097   0.10384534E+03
 9098   0.99085420E+02
 9099   0.66197860E+02
 9100   0.40878520E+02
 9101   0.25497680E+02
 9102   0.15864170E+02
 9103   0.95948100E+01
 9104   0.47601800E+01
 9105   0.30621300E+01
 9106   0.19137000E+01
 9107   0.13435200E+01
 9108   0.26586084E+03
 9109   0.86225830E+03
 9110   0.50674037E+03
 9111   0.22666529E+03
 9112   0.10915649E+03
 9113   0.59015670E+02
 9114   0.35251530E+02
 9115   0.22476700E+02
 9116   0.14741270E+02
 9117   0.98793300E+01
 9118   0.58770100E+01
 9119   0.41107100E+01
 9120   0.29389400E+01
 9121   0.33835500E+01
 9122   0.30744400E+01
 9123   0.23295800E+01
 9124   0.15224300E+01
 9125   0.10751100E+01
 9126   0.79095000E+00
 9127   0.49372000E+00
 9128   0.33723000E+00
 9129   0.27917000E+00
 9130   0.21211000E+00
 9131   0.17183000E+00
 9132   0.14216000E+00
 9133   0.11891000E+00
 9134   0.10053000E+00
 9135   0.86000000E-01
 9136   0.14124000E+00
 9137   0.11009000E+01
 9138   0.52936000E+00
 9139   0.49379000E+00
 9140   0.41765000E+00
 9141   0.29929000E+00
 9142   0.21643000E+00
 9143   0.16414000E+00
 9144   0.13128000E+00
 9145   0.16942000E+00
 9146   0.10655000E+00
 9147   0.80290000E-01
 9148   0.74690000E-01
 9149   0.82360000E-01
 9150   0.84470000E-01
 9151   0.78450000E-01
 9152   0.87348400E+01
 9153   0.17635400E+02
 9154   0.23302800E+02
 9155   0.34119890E+02
 9156   0.36532060E+02
 9157   0.33494780E+02
 9158   0.27346030E+02
 9159   0.19125260E+02
 9160   0.14700760E+02
 9161   0.13763530E+02
 9162   0.12663960E+02
 9163   0.93348400E+01
 9164   0.54791900E+01
 9165   0.41696200E+01
 9166   0.33704700E+01
 9167   0.28981600E+01
 9168   0.28016300E+01
 9169   0.26878700E+01
 9170   0.25924800E+01
 9171   0.50940600E+01
 9172   0.35199000E+01
 9173   0.25568100E+01
 9174   0.20755700E+01
 9175   0.18728100E+01
 9176   0.17016900E+01
 9177   0.14466600E+01
 9178   0.11810500E+01
 9179   0.98618000E+00
 9180   0.61052000E+00
 9181   0.51040000E+00
 9182   0.42470000E+00
 9183   0.31305000E+00
 9184   0.60612000E+00
 9185   0.14455500E+01
 9186   0.12559500E+01
 9187   0.89664000E+00
 9188   0.59856000E+00
 9189   0.40430000E+00
 9190   0.28937000E+00
 9191   0.21689000E+00
 9192   0.16845000E+00
 9193   0.13460000E+00
 9194   0.11009000E+00
 9195   0.91800000E-01
 9196   0.77800000E-01
 9197   0.66850000E-01
 9198   0.61240000E-01
 9199   0.55790000E-01
 9200   0.48580000E-01
 9201   0.43080000E-01
 9202   0.38740000E-01
 9203   0.35150000E-01
 9204   0.32100000E-01
 9205   0.29450000E-01
 9206   0.35890000E-01
 9207   0.36170000E-01
 9208   0.45800000E-01
 9209   0.20111000E+00
 9210   0.43627000E+00
 9211   0.89392200E+01
 9212   0.14612180E+02
 9213   0.14540420E+02
 9214   0.91284200E+01
 9215   0.49280500E+01
 9216   0.35415200E+01
 9217   0.26611500E+01
 9218   0.21184600E+01
 9219   0.16822000E+01
 9220   0.12364700E+01
 9221   0.10561100E+01
 9222   0.91291000E+00
 9223   0.75379000E+00
 9224   0.57028000E+00
 9225   0.36756000E+00
 9226   0.26508000E+00
 9227   0.19832000E+00
 9228   0.15614000E+00
 9229   0.12669000E+00
 9230   0.11705000E+00
 9231   0.66087000E+00
 9232   0.84415000E+00
 9233   0.73792000E+00
 9234   0.68749000E+00
 9235   0.67711000E+00
 9236   0.63322000E+00
 9237   0.49987000E+00
 9238   0.31738000E+00
 9239   0.20702000E+00
 9240   0.14791000E+00
 9241   0.21494000E+00
 9242   0.38660000E+00
 9243   0.41816000E+00
 9244   0.30536000E+00
 9245   0.21306000E+00
 9246   0.15959000E+00
 9247   0.12760000E+00
 9248   0.10660000E+00
 9249   0.91350000E-01
 9250   0.79360000E-01
 9251   0.69500000E-01
 9252   0.61210000E-01
 9253   0.54210000E-01
 9254   0.48260000E-01
 9255   0.43200000E-01
 9256   0.38890000E-01
 9257   0.35190000E-01
 9258   0.32020000E-01
 9259   0.29270000E-01
 9260   0.26880000E-01
 9261   0.41400000E-01
 9262   0.44170000E-01
 9263   0.32600000E-01
 9264   0.37508000E+00
 9265   0.24743000E+00
 9266   0.39956000E+00
 9267   0.41032000E+00
 9268   0.31075000E+00
 9269   0.21951000E+00
 9270   0.16198000E+00
 9271   0.12598000E+00
 9272   0.10236000E+00
 9273   0.86300000E-01
 9274   0.38560400E+01
 9275   0.85966306E+03
 9276   0.76711621E+03
 9277   0.70473074E+03
 9278   0.34698756E+03
 9279   0.40374819E+03
 9280   0.33936875E+03
 9281   0.28028363E+03
 9282   0.46388868E+03
 9283   0.57489659E+03
 9284   0.30605606E+03
 9285   0.18416956E+03
 9286   0.15707721E+03
 9287   0.10979203E+03
 9288   0.71492600E+02
 9289   0.48188740E+02
 9290   0.37483690E+02
 9291   0.66072160E+03
 9292   0.23474098E+03
 9293   0.10616019E+03
 9294   0.65187800E+02
 9295   0.42505940E+02
 9296   0.27392820E+02
 9297   0.20165550E+02
 9298   0.41681500E+02
 9299   0.58331190E+02
 9300   0.60229950E+02
 9301   0.52342960E+02
 9302   0.35494520E+02
 9303   0.23027910E+02
 9304   0.15551480E+02
 9305   0.10834340E+02
 9306   0.58443200E+01
 9307   0.39281400E+01
 9308   0.12844740E+02
 9309   0.58810960E+02
 9310   0.15927053E+03
 9311   0.25282571E+03
 9312   0.42109248E+03
 9313   0.39219817E+03
 9314   0.19900073E+03
 9315   0.99684230E+02
 9316   0.56425520E+02
 9317   0.32875620E+02
 9318   0.25488050E+02
 9319   0.22612910E+02
 9320   0.16054240E+02
 9321   0.12446290E+02
 9322   0.21554590E+02
 9323   0.41037070E+02
 9324   0.11162780E+03
 9325   0.17643461E+03
 9326   0.19286261E+03
 9327   0.16923579E+03
 9328   0.11823081E+03
 9329   0.10626924E+03
 9330   0.14407026E+03
 9331   0.48516198E+03
 9332   0.96028007E+03
 9333   0.88739637E+03
 9334   0.47440515E+03
 9335   0.29645829E+03
 9336   0.18093792E+03
 9337   0.90333380E+02
 9338   0.47629340E+02
 9339   0.28739930E+02
 9340   0.17895840E+02
 9341   0.11541910E+02
 9342   0.64174000E+01
 9343   0.37631000E+01
 9344   0.24814600E+01
 9345   0.19548000E+01
 9346   0.20515660E+02
 9347   0.41436730E+02
 9348   0.29834720E+02
 9349   0.18226130E+02
 9350   0.13191070E+02
 9351   0.11292150E+02
 9352   0.93365100E+01
 9353   0.62721700E+01
 9354   0.43231100E+01
 9355   0.29858500E+01
 9356   0.21046700E+01
 9357   0.16491400E+01
 9358   0.12961000E+01
 9359   0.33716200E+01
 9360   0.31538461E+03
 9361   0.75589863E+03
 9362   0.44882965E+03
 9363   0.22441462E+03
 9364   0.12774556E+03
 9365   0.85269760E+02
 9366   0.63098040E+02
 9367   0.39662380E+02
 9368   0.29321999E+03
 9369   0.47072540E+03
 9370   0.50018027E+03
 9371   0.94264403E+03
 9372   0.11999878E+04
 9373   0.43590879E+03
 9374   0.19079357E+03
 9375   0.98157320E+02
 9376   0.54822840E+02
 9377   0.32183730E+02
 9378   0.19610850E+02
 9379   0.12961810E+02
 9380   0.14210810E+02
 9381   0.24495700E+02
 9382   0.27019970E+02
 9383   0.16019590E+02
 9384   0.91705400E+01
 9385   0.53550900E+01
 9386   0.35517200E+01
 9387   0.25499300E+01
 9388   0.19365400E+01
 9389   0.14613300E+01
 9390   0.70894300E+01
 9391   0.67752100E+01
 9392   0.49080700E+01
 9393   0.46369400E+01
 9394   0.40974800E+01
 9395   0.31298700E+01
 9396   0.20353900E+01
 9397   0.17282600E+01
 9398   0.11211603E+03
 9399   0.23791178E+03
 9400   0.24273415E+03
 9401   0.21744952E+03
 9402   0.11282044E+03
 9403   0.75188350E+02
 9404   0.10012618E+03
 9405   0.76967280E+02
 9406   0.76201470E+02
 9407   0.40120896E+04
 9408   0.10512828E+04
 9409   0.37558010E+03
 9410   0.18392778E+03
 9411   0.95106410E+02
 9412   0.50948600E+02
 9413   0.30905100E+02
 9414   0.20049480E+02
 9415   0.13196350E+02
 9416   0.84224300E+01
 9417   0.48224300E+01
 9418   0.31025800E+01
 9419   0.20954100E+01
 9420   0.15947700E+01
 9421   0.12293000E+01
 9422   0.83668000E+00
 9423   0.60060000E+00
 9424   0.40533000E+00
 9425   0.30064000E+00
 9426   0.23246000E+00
 9427   0.18467000E+00
 9428   0.15016000E+00
 9429   0.37066640E+02
 9430   0.22073606E+04
 9431   0.31865908E+04
 9432   0.15080341E+04
 9433   0.74590772E+03
 9434   0.21802184E+04
 9435   0.90913208E+03
 9436   0.33680488E+03
 9437   0.15095508E+03
 9438   0.78385810E+02
 9439   0.14114792E+03
 9440   0.15242645E+03
 9441   0.99677470E+02
 9442   0.11683498E+04
 9443   0.13972894E+04
 9444   0.70036357E+03
 9445   0.25737942E+03
 9446   0.11667224E+03
 9447   0.62788400E+02
 9448   0.49356670E+02
 9449   0.44079040E+02
 9450   0.60469650E+02
 9451   0.59676790E+02
 9452   0.46715930E+02
 9453   0.33124320E+02
 9454   0.39426940E+02
 9455   0.35761740E+02
 9456   0.26695910E+02
 9457   0.19158770E+02
 9458   0.13294340E+02
 9459   0.48795840E+02
 9460   0.37023899E+03
 9461   0.28346587E+03
 9462   0.14650786E+03
 9463   0.79635870E+02
 9464   0.46111420E+02
 9465   0.28488070E+02
 9466   0.18682890E+02
 9467   0.16891830E+02
 9468   0.12827570E+02
 9469   0.89834700E+01
 9470   0.52173800E+01
 9471   0.16980340E+02
 9472   0.19527850E+02
 9473   0.21860170E+02
 9474   0.66940580E+02
 9475   0.78925710E+02
 9476   0.51348290E+02
 9477   0.31106490E+02
 9478   0.20065900E+02
 9479   0.13289050E+02
 9480   0.86599100E+01
 9481   0.45615300E+01
 9482   0.26470400E+01
 9483   0.18822400E+01
 9484   0.15452800E+01
 9485   0.11644600E+01
 9486   0.83250000E+00
 9487   0.64555000E+00
 9488   0.43090000E+00
 9489   0.31444000E+00
 9490   0.24248000E+00
 9491   0.19184000E+00
 9492   0.15514000E+00
 9493   0.12808000E+00
 9494   0.10774000E+00
 9495   0.92140000E-01
 9496   0.79970000E-01
 9497   0.70540000E-01
 9498   0.14984000E+00
 9499   0.10105000E+00
 9500   0.61820000E-01
 9501   0.49150000E-01
 9502   0.27925000E+00
 9503   0.18965000E+00
 9504   0.15488000E+00
 9505   0.14996000E+00
 9506   0.12589000E+00
 9507   0.16023000E+00
 9508   0.60121000E+00
 9509   0.89294000E+00
 9510   0.33305600E+01
 9511   0.13464770E+02
 9512   0.18311290E+02
 9513   0.14554870E+02
 9514   0.92645100E+01
 9515   0.57537200E+01
 9516   0.41609200E+01
 9517   0.31211400E+01
 9518   0.27190500E+01
 9519   0.22390800E+01
 9520   0.17631100E+01
 9521   0.12866400E+01
 9522   0.97368000E+00
 9523   0.75273000E+00
 9524   0.57841000E+00
 9525   0.37920000E+00
 9526   0.25754000E+00
 9527   0.19551000E+00
 9528   0.15646000E+00
 9529   0.12912000E+00
 9530   0.10885000E+00
 9531   0.95020000E-01
 9532   0.96500000E-01
 9533   0.79780000E-01
 9534   0.68250000E-01
 9535   0.10621000E+00
 9536   0.16078000E+00
 9537   0.13748000E+00
 9538   0.11054000E+00
 9539   0.90200000E-01
 9540   0.75350000E-01
 9541   0.22958500E+01
 9542   0.29162700E+01
 9543   0.28076900E+01
 9544   0.11124900E+01
 9545   0.63214000E+00
 9546   0.46882000E+00
 9547   0.40480000E+00
 9548   0.26381000E+00
 9549   0.18936000E+00
 9550   0.14655000E+00
 9551   0.11724000E+00
 9552   0.96140000E-01
 9553   0.80480000E-01
 9554   0.68610000E-01
 9555   0.98547000E+00
 9556   0.10183900E+01
 9557   0.85259000E+00
 9558   0.27347200E+01
 9559   0.15636300E+01
 9560   0.11076500E+01
 9561   0.10218800E+01
 9562   0.10343600E+01
 9563   0.10181200E+01
 9564   0.12323000E+01
 9565   0.13035500E+01
 9566   0.25434000E+01
 9567   0.10958980E+02
 9568   0.16805510E+02
 9569   0.15631010E+02
 9570   0.11169900E+02
 9571   0.67324300E+01
 9572   0.47374000E+01
 9573   0.29537200E+01
 9574   0.20587800E+01
 9575   0.14931900E+01
 9576   0.11902500E+01
 9577   0.10848300E+01
 9578   0.10045900E+01
 9579   0.93046000E+00
 9580   0.85378000E+00
 9581   0.82259000E+00
 9582   0.80712000E+00
 9583   0.77292000E+00
 9584   0.75463000E+00
 9585   0.15378500E+01
 9586   0.41911000E+01
 9587   0.32219700E+01
 9588   0.11063880E+02
 9589   0.31514970E+02
 9590   0.31686830E+02
 9591   0.21842850E+02
 9592   0.15321280E+02
 9593   0.10475340E+02
 9594   0.57348700E+01
 9595   0.37203300E+01
 9596   0.27540700E+01
 9597   0.33249200E+01
 9598   0.24031400E+01
 9599   0.20757800E+01
 9600   0.17351600E+01
 9601   0.12423000E+01
 9602   0.10632700E+01
 9603   0.77310000E+00
 9604   0.50484000E+00
 9605   0.34046000E+00
 9606   0.29825000E+00
 9607   0.19996000E+00
 9608   0.15611000E+00
 9609   0.12827000E+00
 9610   0.10790000E+00
 9611   0.92250000E-01
 9612   0.80460000E-01
 9613   0.73290000E-01
 9614   0.15240000E+00
 9615   0.34920000E+00
 9616   0.39700000E+00
 9617   0.40261000E+00
 9618   0.47718800E+01
 9619   0.47645200E+01
 9620   0.50270400E+01
 9621   0.58401100E+01
 9622   0.63638600E+01
 9623   0.57739700E+01
 9624   0.36023300E+01
 9625   0.20153100E+01
 9626   0.11984700E+01
 9627   0.85123000E+00
 9628   0.85281000E+00
 9629   0.64277000E+00
 9630   0.57080000E+00
 9631   0.54539000E+00
 9632   0.58350000E+00
 9633   0.57526000E+00
 9634   0.46715000E+00
 9635   0.17451400E+01
 9636   0.12441200E+01
 9637   0.13238400E+01
 9638   0.17104000E+01
 9639   0.26147900E+01
 9640   0.52651600E+01
 9641   0.59932600E+01
 9642   0.54082600E+01
 9643   0.16604490E+02
 9644   0.20629647E+03
 9645   0.11861921E+03
 9646   0.61760050E+02
 9647   0.40178600E+02
 9648   0.36722500E+02
 9649   0.14989094E+03
 9650   0.16688993E+03
 9651   0.10102380E+03
 9652   0.79791640E+02
 9653   0.66250470E+02
 9654   0.48643940E+02
 9655   0.33551450E+02
 9656   0.23876740E+02
 9657   0.19170960E+02
 9658   0.16210500E+02
 9659   0.14376830E+02
 9660   0.16984120E+02
 9661   0.17456970E+02
 9662   0.13833270E+02
 9663   0.99391100E+01
 9664   0.59492500E+01
 9665   0.35808100E+01
 9666   0.22091100E+01
 9667   0.16470600E+01
 9668   0.13369000E+01
 9669   0.91719000E+00
 9670   0.65396000E+00
 9671   0.56581390E+02
 9672   0.59235820E+02
 9673   0.82710660E+02
 9674   0.81641010E+02
 9675   0.52723770E+02
 9676   0.35229750E+02
 9677   0.30611840E+02
 9678   0.23627108E+03
 9679   0.34504283E+03
 9680   0.29336996E+03
 9681   0.17632089E+03
 9682   0.12707242E+03
 9683   0.32478573E+03
 9684   0.23785475E+03
 9685   0.19764521E+03
 9686   0.24823944E+03
 9687   0.15365052E+03
 9688   0.96660480E+02
 9689   0.65212090E+02
 9690   0.44184150E+02
 9691   0.30322620E+02
 9692   0.21900190E+02
 9693   0.15814570E+02
 9694   0.11744800E+02
 9695   0.12954310E+02
 9696   0.21111605E+03
 9697   0.11667748E+04
 9698   0.12807786E+04
 9699   0.11982222E+04
 9700   0.83225930E+03
 9701   0.10266808E+04
 9702   0.39697096E+03
 9703   0.21434349E+03
 9704   0.17349701E+03
 9705   0.14574726E+03
 9706   0.20634453E+03
 9707   0.70268789E+03
 9708   0.35028737E+04
 9709   0.12006384E+04
 9710   0.45448540E+03
 9711   0.21720213E+03
 9712   0.10777919E+03
 9713   0.58209520E+02
 9714   0.33722430E+02
 9715   0.21915560E+02
 9716   0.14041550E+02
 9717   0.85913400E+01
 9718   0.41792100E+01
 9719   0.39678500E+01
 9720   0.25195900E+01
 9721   0.20025500E+01
 9722   0.40484000E+01
 9723   0.40356800E+01
 9724   0.25986000E+01
 9725   0.43710300E+01
 9726   0.28514900E+01
 9727   0.18743000E+01
 9728   0.14524800E+01
 9729   0.10536800E+01
 9730   0.31132600E+01
 9731   0.18306000E+01
 9732   0.16293200E+01
 9733   0.12157000E+01
 9734   0.44501500E+01
 9735   0.27495500E+01
 9736   0.22796500E+01
 9737   0.17243700E+01
 9738   0.13297800E+01
 9739   0.81949000E+00
 9740   0.61194000E+00
 9741   0.40890000E+00
 9742   0.28750000E+00
 9743   0.24566000E+00
 9744   0.19630000E+00
 9745   0.16483000E+00
 9746   0.16131000E+00
 9747   0.19931470E+02
 9748   0.70346858E+03
 9749   0.10303528E+04
 9750   0.43129870E+03
 9751   0.19099469E+03
 9752   0.94184180E+02
 9753   0.51705800E+02
 9754   0.30608860E+02
 9755   0.19337380E+02
 9756   0.16000040E+02
 9757   0.23847240E+02
 9758   0.20893140E+02
 9759   0.13303010E+02
 9760   0.66816200E+01
 9761   0.17613160E+02
 9762   0.14623489E+03
 9763   0.19366551E+03
 9764   0.11500699E+03
 9765   0.69464420E+02
 9766   0.40461220E+02
 9767   0.24634830E+02
 9768   0.68070640E+02
 9769   0.80370530E+02
 9770   0.57256460E+02
 9771   0.35851580E+02
 9772   0.22993790E+02
 9773   0.14808730E+02
 9774   0.96692900E+01
 9775   0.52449200E+01
 9776   0.33201200E+01
 9777   0.22957000E+01
 9778   0.17329700E+01
 9779   0.13689100E+01
 9780   0.97983000E+00
 9781   0.78632000E+00
 9782   0.61355000E+00
 9783   0.40442000E+00
 9784   0.28704000E+00
 9785   0.21918000E+00
 9786   0.10420900E+01
 9787   0.26164300E+01
 9788   0.14308600E+01
 9789   0.10181000E+01
 9790   0.63361000E+00
 9791   0.41563000E+00
 9792   0.29051000E+00
 9793   0.21458000E+00
 9794   0.29727000E+00
 9795   0.15656970E+02
 9796   0.90111750E+02
 9797   0.14592938E+03
 9798   0.95832680E+02
 9799   0.48298340E+02
 9800   0.27288430E+02
 9801   0.16659960E+02
 9802   0.10624590E+02
 9803   0.29034460E+02
 9804   0.72049528E+03
 9805   0.62268328E+03
 9806   0.29076814E+03
 9807   0.15488704E+03
 9808   0.81164170E+02
 9809   0.14882408E+03
 9810   0.34766654E+03
 9811   0.18424722E+03
 9812   0.84400410E+02
 9813   0.44176920E+02
 9814   0.26297070E+02
 9815   0.16578440E+02
 9816   0.11330600E+02
 9817   0.72292400E+01
 9818   0.45358700E+01
 9819   0.36831700E+01
 9820   0.10150130E+02
 9821   0.29449680E+02
 9822   0.59197600E+02
 9823   0.91996480E+02
 9824   0.40632969E+03
 9825   0.21160406E+03
 9826   0.99127730E+02
 9827   0.54923920E+02
 9828   0.35921110E+02
 9829   0.22103340E+02
 9830   0.13653270E+02
 9831   0.77257400E+01
 9832   0.46875000E+01
 9833   0.35266700E+01
 9834   0.23754900E+01
 9835   0.16842800E+01
 9836   0.12996400E+01
 9837   0.13616600E+01
 9838   0.12467200E+01
 9839   0.44811910E+02
 9840   0.12801272E+03
 9841   0.11655883E+03
 9842   0.73187960E+02
 9843   0.43215090E+02
 9844   0.28702960E+02
 9845   0.20450140E+02
 9846   0.14591710E+02
 9847   0.11327810E+02
 9848   0.72621800E+01
 9849   0.13643920E+02
 9850   0.28178080E+02
 9851   0.28008170E+02
 9852   0.27237180E+02
 9853   0.34909200E+02
 9854   0.34786610E+02
 9855   0.28436340E+02
 9856   0.21759980E+02
 9857   0.15676770E+02
 9858   0.10886410E+02
 9859   0.66049400E+01
 9860   0.37846900E+01
 9861   0.21819900E+01
 9862   0.14972000E+01
 9863   0.12927900E+01
 9864   0.39597900E+01
 9865   0.26033700E+01
 9866   0.16944200E+01
 9867   0.13124500E+01
 9868   0.10223800E+01
 9869   0.76505000E+00
 9870   0.49902000E+00
 9871   0.32505000E+00
 9872   0.22974000E+00
 9873   0.17412000E+00
 9874   0.13845000E+00
 9875   0.16501000E+00
 9876   0.11333000E+00
 9877   0.85900000E-01
 9878   0.72610000E-01
 9879   0.63400000E-01
 9880   0.15851000E+00
 9881   0.98084000E+00
 9882   0.42462600E+01
 9883   0.41457200E+01
 9884   0.30612300E+01
 9885   0.32141200E+01
 9886   0.25626100E+01
 9887   0.80961200E+01
 9888   0.25389420E+02
 9889   0.29937300E+02
 9890   0.20301530E+02
 9891   0.12289670E+02
 9892   0.61913000E+01
 9893   0.44310500E+01
 9894   0.33687600E+01
 9895   0.26896800E+01
 9896   0.22763000E+01
 9897   0.19497100E+01
 9898   0.15774900E+01
 9899   0.12516700E+01
 9900   0.10674600E+01
 9901   0.86871000E+00
 9902   0.70827000E+00
 9903   0.56892000E+00
 9904   0.38021000E+00
 9905   0.25700000E+00
 9906   0.19797000E+00
 9907   0.11572000E+01
 9908   0.57213000E+00
 9909   0.52869000E+00
 9910   0.46699000E+00
 9911   0.34145000E+00
 9912   0.31101000E+00
 9913   0.34283000E+00
 9914   0.36483000E+00
 9915   0.53668000E+00
 9916   0.32708000E+00
 9917   0.21148000E+00
 9918   0.17512000E+00
 9919   0.15474000E+00
 9920   0.13604000E+00
 9921   0.12141000E+00
 9922   0.11507000E+00
 9923   0.15712000E+00
 9924   0.40040000E+00
 9925   0.22317000E+00
 9926   0.39793000E+00
 9927   0.40877000E+00
 9928   0.29908000E+00
 9929   0.21782000E+00
 9930   0.16629000E+00
 9931   0.13249000E+00
 9932   0.15058000E+00
 9933   0.48164000E+00
 9934   0.58889000E+00
 9935   0.71251000E+00
 9936   0.78581000E+00
 9937   0.82282000E+00
 9938   0.99099000E+00
 9939   0.16753800E+01
 9940   0.15878700E+01
 9941   0.14346600E+01
 9942   0.12349300E+01
 9943   0.10207800E+01
 9944   0.77546000E+00
 9945   0.50447000E+00
 9946   0.32926000E+00
 9947   0.32772000E+00
 9948   0.29877000E+00
 9949   0.73046000E+00
 9950   0.34995000E+00
 9951   0.30574000E+00
 9952   0.24155000E+00
 9953   0.19623000E+00
 9954   0.12935050E+02
 9955   0.33661207E+03
 9956   0.15279666E+03
 9957   0.10939787E+03
 9958   0.75796520E+02
 9959   0.59014940E+02
 9960   0.55363650E+02
 9961   0.69562520E+02
 9962   0.68214250E+02
 9963   0.45565120E+02
 9964   0.30253550E+02
 9965   0.22621820E+02
 9966   0.17448690E+02
 9967   0.13338580E+02
 9968   0.97280700E+01
 9969   0.75963000E+01
 9970   0.78643200E+01
 9971   0.70739300E+01
 9972   0.55203500E+01
 9973   0.39718000E+01
 9974   0.34653600E+01
 9975   0.35250900E+01
 9976   0.33111200E+01
 9977   0.29610500E+01
 9978   0.25076300E+01
 9979   0.20765100E+01
 9980   0.16876400E+01
 9981   0.12170600E+01
 9982   0.10200500E+01
 9983   0.78654000E+00
 9984   0.33648100E+01
 9985   0.19294300E+01
 9986   0.11712900E+01
 9987   0.69431000E+00
 9988   0.39638000E+00
 9989   0.26230000E+00
 9990   0.19283000E+00
 9991   0.16839000E+00
 9992   0.25648000E+00
 9993   0.42696000E+00
 9994   0.45712000E+00
 9995   0.11904200E+01
 9996   0.69612000E+00
 9997   0.58783000E+00
 9998   0.56160000E+00
 9999   0.47433000E+00
10000   0.36300000E+00
10001   0.27797000E+00
10002   0.38696000E+01
10003   0.13809450E+02
10004   0.40750100E+01
10005   0.75998000E+00
10006   0.16899600E+01
10007   0.17920400E+01
10008   0.15257200E+01
10009   0.11038400E+01
10010   0.34148900E+01
10011   0.78838800E+01
10012   0.34126600E+01
10013   0.14212300E+01
10014   0.13337900E+01
10015   0.13057000E+01
10016   0.12630400E+01
10017   0.11613900E+01
10018   0.10673800E+01
10019   0.11531300E+01
10020   0.10277900E+01
10021   0.44340400E+01
10022   0.47535100E+01
10023   0.20966400E+01
10024   0.15997700E+01
10025   0.13454300E+01
10026   0.11789600E+01
10027   0.10305300E+01
10028   0.86264000E+00
10029   0.61882360E+02
10030   0.33151745E+03
10031   0.13853474E+03
10032   0.70724690E+02
10033   0.52432470E+02
10034   0.36325830E+02
10035   0.23896390E+02
10036   0.17099770E+02
10037   0.12837370E+02
10038   0.95014200E+01
10039   0.62950900E+01
10040   0.45374000E+01
10041   0.37296000E+01
10042   0.32019500E+01
10043   0.53553300E+01
10044   0.98879200E+01
10045   0.11605880E+02
10046   0.10277490E+02
10047   0.86865800E+01
10048   0.74402800E+01
10049   0.57199000E+01
10050   0.42679600E+01
10051   0.57151700E+01
10052   0.61797800E+01
10053   0.50274400E+01
10054   0.12887120E+02
10055   0.15668660E+02
10056   0.24919600E+02
10057   0.30890940E+02
10058   0.50680860E+02
10059   0.98478600E+02
10060   0.18547538E+03
10061   0.26581868E+03
10062   0.30031203E+03
10063   0.22208847E+03
10064   0.13079633E+03
10065   0.70150370E+02
10066   0.48477830E+02
10067   0.50869980E+02
10068   0.39285460E+02
10069   0.25876300E+02
10070   0.19297740E+02
10071   0.23189410E+02
10072   0.32517850E+02
10073   0.33238110E+02
10074   0.29116920E+02
10075   0.22348940E+02
10076   0.17337940E+02
10077   0.23591830E+02
10078   0.23788830E+02
10079   0.24894570E+02
10080   0.20724420E+02
10081   0.14859340E+02
10082   0.10087610E+02
10083   0.53700200E+01
10084   0.37994700E+01
10085   0.40717940E+02
10086   0.58156047E+03
10087   0.80125157E+03
10088   0.44300900E+03
10089   0.21310376E+03
10090   0.10131360E+03
10091   0.53717230E+02
10092   0.31775330E+02
10093   0.20360400E+02
10094   0.14154710E+02
10095   0.94044600E+01
10096   0.65955800E+01
10097   0.54969800E+01
10098   0.77581100E+01
10099   0.12229210E+02
10100   0.15072910E+02
10101   0.19323770E+02
10102   0.30071500E+02
10103   0.42722160E+02
10104   0.54344030E+02
10105   0.45503490E+02
10106   0.27992770E+02
10107   0.17554640E+02
10108   0.70170960E+02
10109   0.13503880E+03
10110   0.15575335E+03
10111   0.41602235E+03
10112   0.31908962E+03
10113   0.15625077E+03
10114   0.79214600E+02
10115   0.45598030E+02
10116   0.11987361E+03
10117   0.17466252E+03
10118   0.12763450E+04
10119   0.23796719E+04
10120   0.11451024E+04
10121   0.43828166E+03
10122   0.20646244E+03
10123   0.11549490E+03
10124   0.17646449E+03
10125   0.15697634E+04
10126   0.28890891E+04
10127   0.21324941E+04
10128   0.13722183E+04
10129   0.61607582E+03
10130   0.53968003E+03
10131   0.64829605E+03
10132   0.73294170E+03
10133   0.52053505E+03
10134   0.74825464E+03
10135   0.14881623E+04
10136   0.63626082E+03
10137   0.24522160E+03
10138   0.11658704E+03
10139   0.62874960E+02
10140   0.36173420E+02
10141   0.24048600E+02
10142   0.17531880E+02
10143   0.11731160E+02
10144   0.69460600E+01
10145   0.10622595E+03
10146   0.28498779E+03
10147   0.14551776E+03
10148   0.72166000E+02
10149   0.40448280E+02
10150   0.64927950E+02
10151   0.26010966E+03
10152   0.85430760E+03
10153   0.13606885E+04
10154   0.49795867E+03
10155   0.19484399E+03
10156   0.92000390E+02
10157   0.48184440E+02
10158   0.27819960E+02
10159   0.17834590E+02
10160   0.12780790E+02
10161   0.77612700E+01
10162   0.53630400E+01
10163   0.34151800E+01
10164   0.23928700E+01
10165   0.18558300E+01
10166   0.15127100E+01
10167   0.13746300E+01
10168   0.78076000E+00
10169   0.50249000E+00
10170   0.37325000E+00
10171   0.33988700E+01
10172   0.37083400E+01
10173   0.17443300E+01
10174   0.69889800E+01
10175   0.75515800E+01
10176   0.49244900E+01
10177   0.43867300E+01
10178   0.33934100E+01
10179   0.22402400E+01
10180   0.25807200E+01
10181   0.27539900E+01
10182   0.17519900E+01
10183   0.30009414E+03
10184   0.11628725E+04
10185   0.40676050E+03
10186   0.17776272E+03
10187   0.89490860E+02
10188   0.47880700E+02
10189   0.28856180E+02
10190   0.21042830E+02
10191   0.75997100E+02
10192   0.74052080E+02
10193   0.54293690E+02
10194   0.40545670E+02
10195   0.44032510E+02
10196   0.97187180E+02
10197   0.10455633E+03
10198   0.64017600E+02
10199   0.35000690E+02
10200   0.21065970E+02
10201   0.13383180E+02
10202   0.83253200E+01
10203   0.43517000E+01
10204   0.27007200E+01
10205   0.24168700E+01
10206   0.19257200E+01
10207   0.12450100E+01
10208   0.89787000E+00
10209   0.71651000E+00
10210   0.10354800E+01
10211   0.28929600E+01
10212   0.37564300E+01
10213   0.35498400E+01
10214   0.43362600E+01
10215   0.14469170E+02
10216   0.21824350E+02
10217   0.17985150E+02
10218   0.11931870E+02
10219   0.58544400E+01
10220   0.38160900E+01
10221   0.28479000E+01
10222   0.23093200E+01
10223   0.19530100E+01
10224   0.16348100E+01
10225   0.10173980E+02
10226   0.18798450E+02
10227   0.19866900E+02
10228   0.19925820E+02
10229   0.15606460E+02
10230   0.10112940E+02
10231   0.51566500E+01
10232   0.30886900E+01
10233   0.18390200E+01
10234   0.11766600E+01
10235   0.85308000E+00
10236   0.75333900E+01
10237   0.10467640E+02
10238   0.95876700E+01
10239   0.75890200E+01
10240   0.50859900E+01
10241   0.39903000E+01
10242   0.26497900E+01
10243   0.16296000E+01
10244   0.11323800E+01
10245   0.82754000E+00
10246   0.44330000E+00
10247   0.24484000E+00
10248   0.18086000E+00
10249   0.14250000E+00
10250   0.11491000E+00
10251   0.14573500E+01
10252   0.22485800E+01
10253   0.13420800E+01
10254   0.99376000E+00
10255   0.78242000E+00
10256   0.69861000E+00
10257   0.12061200E+01
10258   0.97993000E+00
10259   0.60290000E+00
10260   0.41957000E+00
10261   0.29041000E+00
10262   0.21019000E+00
10263   0.15949000E+00
10264   0.19182000E+00
10265   0.54843800E+01
10266   0.50646300E+01
10267   0.45410900E+01
10268   0.36030600E+01
10269   0.25012200E+01
10270   0.16429300E+01
10271   0.11687100E+01
10272   0.77974000E+00
10273   0.46347000E+00
10274   0.36225000E+00
10275   0.10051600E+01
10276   0.85564000E+00
10277   0.10569900E+01
10278   0.10662100E+01
10279   0.51206700E+01
10280   0.95982100E+01
10281   0.10949570E+02
10282   0.82129400E+01
10283   0.57477100E+01
10284   0.45698300E+01
10285   0.33306700E+01
10286   0.25624400E+01
10287   0.21798100E+01
10288   0.18368700E+01
10289   0.68856700E+01
10290   0.19934430E+02
10291   0.23309960E+02
10292   0.16652700E+02
10293   0.10983370E+02
10294   0.66075300E+01
10295   0.48727700E+01
10296   0.36284600E+01
10297   0.28456800E+01
10298   0.23216700E+01
10299   0.23106000E+01
10300   0.20519400E+01
10301   0.74324200E+01
10302   0.25294640E+02
10303   0.18898849E+03
10304   0.11895719E+03
10305   0.73959600E+02
10306   0.47362050E+02
10307   0.30981970E+02
10308   0.22969250E+02
10309   0.19797520E+02
10310   0.23210550E+02
10311   0.21979280E+02
10312   0.14428660E+02
10313   0.10476110E+02
10314   0.77261200E+01
10315   0.57402800E+01
10316   0.44641100E+01
10317   0.99258800E+01
10318   0.12929730E+02
10319   0.10127540E+02
10320   0.81537000E+01
10321   0.67069900E+01
10322   0.41397600E+01
10323   0.34241000E+01
10324   0.25063600E+01
10325   0.17721800E+01
10326   0.11448400E+01
10327   0.69698000E+00
10328   0.52790000E+00
10329   0.56416000E+00
10330   0.56165000E+00
10331   0.54690000E+00
10332   0.23529400E+01
10333   0.15618100E+01
10334   0.93473000E+00
10335   0.75316000E+00
10336   0.66185000E+00
10337   0.60494000E+00
10338   0.56500000E+00
10339   0.58008000E+00
10340   0.53623000E+00
10341   0.52386000E+00
10342   0.11655500E+01
10343   0.32937400E+01
10344   0.11058640E+02
10345   0.42110330E+03
10346   0.29091007E+04
10347   0.21590080E+04
10348   0.66986468E+03
10349   0.34349642E+03
10350   0.26917288E+03
10351   0.14125607E+03
10352   0.78459590E+02
10353   0.48140680E+02
10354   0.31118690E+02
10355   0.20382710E+02
10356   0.13676310E+02
10357   0.92896400E+01
10358   0.54143900E+01
10359   0.36467400E+01
10360   0.24732800E+01
10361   0.19023500E+01
10362   0.81172600E+01
10363   0.21060991E+03
10364   0.12360878E+03
10365   0.66292960E+02
10366   0.50774150E+02
10367   0.44825600E+02
10368   0.55775770E+02
10369   0.50311150E+02
10370   0.81292010E+02
10371   0.28197691E+03
10372   0.18072665E+03
10373   0.11331954E+03
10374   0.68397040E+02
10375   0.41704060E+02
10376   0.26630590E+02
10377   0.17907120E+02
10378   0.12460110E+02
10379   0.81182100E+01
10380   0.49880300E+01
10381   0.32465600E+01
10382   0.22467000E+01
10383   0.16903600E+01
10384   0.13885200E+01
10385   0.10674900E+01
10386   0.30878480E+02
10387   0.33520271E+03
10388   0.16491413E+03
10389   0.11333623E+03
10390   0.68707700E+02
10391   0.40787000E+02
10392   0.26068630E+02
10393   0.16533550E+02
10394   0.10463640E+02
10395   0.55993100E+01
10396   0.68398500E+01
10397   0.12823840E+02
10398   0.14698840E+02
10399   0.11410530E+02
10400   0.69458700E+01
10401   0.46315800E+01
10402   0.31819500E+01
10403   0.18928800E+01
10404   0.12081200E+01
10405   0.79996000E+00
10406   0.42114000E+00
10407   0.49202100E+01
10408   0.52595648E+03
10409   0.21910067E+03
10410   0.99443450E+02
10411   0.50540120E+02
10412   0.28033810E+02
10413   0.17584550E+02
10414   0.12279270E+02
10415   0.78825100E+01
10416   0.50446000E+01
10417   0.33592400E+01
10418   0.23699900E+01
10419   0.18468400E+01
10420   0.15449300E+01
10421   0.11635200E+01
10422   0.46748080E+02
10423   0.18699008E+03
10424   0.17977787E+03
10425   0.16706906E+03
10426   0.21927441E+03
10427   0.19333419E+03
10428   0.15461514E+03
10429   0.11097201E+03
10430   0.67603580E+02
10431   0.38164080E+02
10432   0.22968190E+02
10433   0.14421810E+02
10434   0.12711930E+02
10435   0.13562830E+02
10436   0.15034640E+02
10437   0.29059860E+02
10438   0.40786650E+02
10439   0.33797910E+02
10440   0.22509590E+02
10441   0.14891620E+02
10442   0.10044870E+02
10443   0.55262400E+01
10444   0.32471000E+01
10445   0.20079800E+01
10446   0.15153300E+01
10447   0.11833600E+01
10448   0.84777000E+00
10449   0.67997000E+00
10450   0.50837000E+00
10451   0.40506000E+00
10452   0.66588000E+00
10453   0.78837300E+01
10454   0.64807450E+02
10455   0.11091381E+03
10456   0.26896937E+03
10457   0.14349975E+04
10458   0.15014652E+04
10459   0.79981467E+03
10460   0.38221728E+03
10461   0.18886303E+03
10462   0.96773410E+02
10463   0.53496190E+02
10464   0.32033100E+02
10465   0.19845560E+02
10466   0.18213170E+02
10467   0.21215077E+03
10468   0.18123992E+03
10469   0.12261015E+03
10470   0.74394030E+02
10471   0.46758350E+02
10472   0.30016210E+02
10473   0.19864220E+02
10474   0.15627040E+02
10475   0.27277920E+02
10476   0.51572740E+02
10477   0.66838430E+02
10478   0.45624230E+02
10479   0.27288900E+02
10480   0.21978910E+02
10481   0.16306400E+02
10482   0.19535340E+02
10483   0.25500790E+02
10484   0.20766610E+02
10485   0.16782270E+02
10486   0.20957210E+02
10487   0.22470730E+02
10488   0.34731980E+02
10489   0.11833052E+03
10490   0.53581434E+03
10491   0.78500317E+03
10492   0.47005202E+03
10493   0.58598160E+03
10494   0.23918050E+03
10495   0.11391611E+03
10496   0.65443880E+02
10497   0.37502920E+02
10498   0.23741380E+02
10499   0.16741380E+02
10500   0.41535527E+03
10501   0.21333375E+04
10502   0.16189106E+04
10503   0.58463134E+03
10504   0.24121279E+03
10505   0.15522289E+03
10506   0.23106235E+03
10507   0.19643272E+03
10508   0.30751078E+03
10509   0.62280185E+03
10510   0.37261540E+03
10511   0.22782067E+03
10512   0.91886297E+03
10513   0.22438646E+04
10514   0.75517651E+03
10515   0.42633153E+03
10516   0.43731994E+03
10517   0.38646178E+03
10518   0.60666102E+03
10519   0.11304948E+04
10520   0.53048657E+03
10521   0.26496218E+03
10522   0.16192947E+03
10523   0.33985334E+03
10524   0.39098628E+03
10525   0.50056603E+03
10526   0.33115350E+03
10527   0.23460829E+03
10528   0.16888529E+03
10529   0.13253762E+03
10530   0.22360651E+03
10531   0.12587774E+04
10532   0.16871690E+04
10533   0.77600946E+03
10534   0.45008847E+03
10535   0.68932346E+03
10536   0.30342349E+03
10537   0.12584217E+03
10538   0.91098890E+02
10539   0.10917116E+04
10540   0.56361682E+03
10541   0.21586246E+03
10542   0.36500049E+03
10543   0.39121712E+03
10544   0.20171256E+03
10545   0.10289624E+03
10546   0.53368370E+02
10547   0.40550860E+02
10548   0.31677440E+02
10549   0.25244880E+02
10550   0.46461970E+02
10551   0.88976370E+02
10552   0.94071120E+02
10553   0.58684390E+02
10554   0.33816220E+02
10555   0.20741320E+02
10556   0.13534540E+02
10557   0.77867100E+01
10558   0.37551200E+01
10559   0.23498500E+01
10560   0.16585200E+01
10561   0.12626100E+01
10562   0.83076000E+00
10563   0.47491000E+00
10564   0.44997500E+01
10565   0.56779070E+02
10566   0.72247400E+02
10567   0.88562960E+02
10568   0.11515723E+03
10569   0.11083524E+03
10570   0.63650470E+02
10571   0.35626570E+02
10572   0.24814310E+02
10573   0.15989580E+02
10574   0.10694580E+02
10575   0.58116300E+01
10576   0.36623300E+01
10577   0.23397700E+01
10578   0.15358100E+01
10579   0.10643900E+01
10580   0.71248000E+00
10581   0.40038000E+00
10582   0.29799000E+00
10583   0.24448000E+00
10584   0.28427000E+00
10585   0.41222000E+00
10586   0.60136000E+00
10587   0.58378000E+00
10588   0.50340000E+00
10589   0.52154000E+00
10590   0.51396000E+00
10591   0.50328000E+00
10592   0.49608000E+00
10593   0.49190000E+00
10594   0.48710000E+00
10595   0.47289000E+00
10596   0.40251000E+00
10597   0.30956000E+00
10598   0.23855000E+00
10599   0.19006000E+00
10600   0.25426300E+01
10601   0.36773340E+02
10602   0.16533904E+03
10603   0.18286047E+03
10604   0.12944500E+03
10605   0.82028780E+02
10606   0.49558580E+02
10607   0.30422910E+02
10608   0.18875730E+02
10609   0.11772080E+02
10610   0.71566400E+01
10611   0.46060700E+01
10612   0.31177000E+01
10613   0.23235500E+01
10614   0.18838000E+01
10615   0.16227000E+01
10616   0.11904200E+01
10617   0.89358000E+00
10618   0.69228000E+00
10619   0.48076000E+00
10620   0.33754000E+00
10621   0.25728000E+00
10622   0.20235000E+00
10623   0.16282000E+00
10624   0.13382000E+00
10625   0.11405000E+00
10626   0.12773000E+00
10627   0.32858000E+00
10628   0.44418000E+00
10629   0.47766000E+00
10630   0.47367000E+00
10631   0.47272000E+00
10632   0.14085300E+01
10633   0.17581800E+01
10634   0.37703200E+01
10635   0.31681980E+02
10636   0.48731820E+02
10637   0.34221760E+02
10638   0.22473410E+02
10639   0.14106530E+02
10640   0.65273700E+01
10641   0.44713800E+01
10642   0.34143900E+01
10643   0.27029600E+01
10644   0.22230800E+01
10645   0.18492700E+01
10646   0.14329800E+01
10647   0.17913000E+01
10648   0.18722700E+01
10649   0.14558600E+01
10650   0.11530800E+01
10651   0.98170000E+00
10652   0.77150000E+00
10653   0.60825000E+00
10654   0.40334000E+00
10655   0.27453000E+00
10656   0.20399000E+00
10657   0.16216000E+00
10658   0.17319000E+00
10659   0.71063000E+00
10660   0.23504500E+01
10661   0.32512700E+01
10662   0.32590900E+01
10663   0.51525400E+01
10664   0.99565900E+01
10665   0.99195300E+01
10666   0.62830900E+01
10667   0.51226800E+01
10668   0.40635100E+01
10669   0.29754200E+01
10670   0.20722500E+01
10671   0.13717300E+01
10672   0.87901000E+00
10673   0.42846000E+00
10674   0.28830000E+00
10675   0.21501000E+00
10676   0.16848000E+00
10677   0.12291800E+01
10678   0.99013000E+00
10679   0.20436500E+01
10680   0.61394400E+01
10681   0.10539870E+02
10682   0.86709200E+01
10683   0.69538700E+01
10684   0.91504100E+01
10685   0.85483400E+01
10686   0.54314400E+01
10687   0.34805100E+01
10688   0.32604300E+01
10689   0.61089700E+01
10690   0.57064700E+01
10691   0.45404800E+01
10692   0.35076300E+01
10693   0.27954400E+01
10694   0.22750300E+01
10695   0.19686600E+01
10696   0.17810000E+01
10697   0.16427400E+01
10698   0.14655400E+01
10699   0.12945000E+01
10700   0.11639800E+01
10701   0.96600000E+00
10702   0.86892000E+00
10703   0.77935000E+00
10704   0.33791700E+01
10705   0.33180200E+01
10706   0.13375200E+01
10707   0.11249600E+01
10708   0.86254000E+00
10709   0.57925750E+02
10710   0.86549650E+02
10711   0.49061510E+02
10712   0.27189070E+02
10713   0.16632160E+02
10714   0.10415970E+02
10715   0.67312600E+01
10716   0.52327700E+01
10717   0.39977800E+01
10718   0.30229500E+01
10719   0.23294600E+01
10720   0.49921700E+01
10721   0.47293900E+01
10722   0.29218000E+01
10723   0.24777300E+01
10724   0.23682700E+01
10725   0.16953400E+01
10726   0.16648300E+01
10727   0.33117400E+01
10728   0.72947800E+01
10729   0.80467700E+01
10730   0.64511400E+01
10731   0.41382900E+01
10732   0.27574300E+01
10733   0.21300800E+01
10734   0.17726000E+01
10735   0.15547600E+01
10736   0.30529400E+01
10737   0.72984800E+01
10738   0.10392510E+02
10739   0.14753050E+02
10740   0.28829360E+02
10741   0.33815450E+02
10742   0.39044470E+02
10743   0.11588876E+03
10744   0.14720858E+03
10745   0.10334369E+03
10746   0.72463980E+02
10747   0.46823100E+02
10748   0.30653670E+02
10749   0.21542280E+02
10750   0.34148170E+02
10751   0.50787450E+02
10752   0.53563420E+02
10753   0.44623250E+02
10754   0.39693520E+02
10755   0.57770750E+02
10756   0.89760470E+02
10757   0.86544510E+02
10758   0.52487070E+02
10759   0.16160279E+03
10760   0.14900782E+04
10761   0.12961899E+04
10762   0.81935407E+03
10763   0.49699958E+03
10764   0.22014055E+03
10765   0.11151339E+03
10766   0.61043710E+02
10767   0.35292560E+02
10768   0.22115990E+02
10769   0.14493940E+02
10770   0.10155520E+02
10771   0.19405555E+03
10772   0.39513057E+03
10773   0.31628349E+03
10774   0.26018484E+03
10775   0.21983504E+03
10776   0.15392707E+03
10777   0.12402789E+03
10778   0.20659978E+03
10779   0.20625728E+03
10780   0.18213587E+03
10781   0.12603967E+03
10782   0.80759380E+02
10783   0.50624870E+02
10784   0.32039850E+02
10785   0.21741190E+02
10786   0.14666470E+02
10787   0.10051320E+02
10788   0.56535100E+01
10789   0.37411200E+01
10790   0.24821000E+01
10791   0.18784800E+01
10792   0.15257300E+01
10793   0.10645800E+01
10794   0.97218000E+00
10795   0.19291200E+01
10796   0.16610700E+01
10797   0.13844000E+01
10798   0.15175000E+01
10799   0.15882300E+01
10800   0.76692900E+01
10801   0.95030659E+03
10802   0.25269496E+04
10803   0.10768574E+04
10804   0.40328314E+03
10805   0.29900222E+03
10806   0.27474903E+03
10807   0.22511570E+03
10808   0.17441070E+03
10809   0.18061879E+03
10810   0.33963129E+03
10811   0.35045770E+03
10812   0.25422468E+03
10813   0.17873949E+03
10814   0.16045714E+03
10815   0.18765507E+03
10816   0.37758410E+03
10817   0.61881452E+03
10818   0.92357143E+03
10819   0.63736580E+03
10820   0.59428856E+03
10821   0.70636882E+03
10822   0.68231352E+03
10823   0.46054862E+03
10824   0.23966630E+03
10825   0.12869633E+03
10826   0.10020863E+03
10827   0.15178216E+03
10828   0.14051958E+03
10829   0.10878678E+03
10830   0.92316600E+02
10831   0.98372170E+02
10832   0.74375090E+02
10833   0.48458510E+02
10834   0.35834310E+02
10835   0.33220820E+02
10836   0.56933720E+02
10837   0.14152291E+03
10838   0.77118378E+03
10839   0.19925466E+04
10840   0.11116387E+04
10841   0.63704329E+03
10842   0.31177222E+03
10843   0.16196017E+03
10844   0.88324820E+02
10845   0.50739150E+02
10846   0.30552250E+02
10847   0.21064440E+02
10848   0.15656890E+02
10849   0.11568000E+02
10850   0.81535700E+01
10851   0.25573210E+02
10852   0.14867202E+03
10853   0.11486728E+03
10854   0.55593710E+02
10855   0.29681800E+02
10856   0.17725270E+02
10857   0.11110430E+02
10858   0.56566900E+01
10859   0.11636200E+02
10860   0.12444496E+03
10861   0.36819740E+03
10862   0.20681732E+03
10863   0.11397231E+03
10864   0.14455545E+03
10865   0.23231303E+04
10866   0.24493443E+04
10867   0.12182564E+04
10868   0.40728585E+03
10869   0.21732235E+03
10870   0.26463989E+03
10871   0.18883124E+04
10872   0.21347159E+04
10873   0.82477452E+03
10874   0.11556760E+04
10875   0.36904408E+03
10876   0.14335738E+03
10877   0.71690970E+02
10878   0.42085590E+02
10879   0.89878500E+02
10880   0.10217524E+03
10881   0.73668700E+02
10882   0.42906670E+02
10883   0.26409650E+02
10884   0.16193420E+03
10885   0.30516232E+03
10886   0.13292301E+03
10887   0.61155380E+02
10888   0.33641190E+02
10889   0.22356210E+02
10890   0.34793640E+02
10891   0.10811008E+03
10892   0.39146330E+03
10893   0.40788289E+03
10894   0.47639914E+03
10895   0.30366447E+03
10896   0.13382386E+04
10897   0.92512032E+03
10898   0.45713689E+03
10899   0.52287363E+03
10900   0.27839988E+03
10901   0.13880406E+03
10902   0.80315870E+02
10903   0.64707380E+02
10904   0.46791860E+02
10905   0.48795570E+02
10906   0.53529140E+02
10907   0.55678090E+02
10908   0.41412200E+02
10909   0.27309630E+02
10910   0.17853520E+02
10911   0.11853610E+02
10912   0.69794000E+01
10913   0.40419900E+01
10914   0.25340100E+01
10915   0.17071000E+01
10916   0.12150800E+01
10917   0.79702000E+00
10918   0.16140560E+02
10919   0.32285610E+02
10920   0.36447860E+02
10921   0.38807150E+02
10922   0.34018610E+02
10923   0.23318090E+02
10924   0.15894460E+02
10925   0.19287030E+02
10926   0.20299560E+02
10927   0.16234790E+02
10928   0.10522680E+02
10929   0.70740300E+01
10930   0.47487500E+01
10931   0.32635900E+01
10932   0.27183600E+01
10933   0.19136800E+01
10934   0.14864900E+01
10935   0.13769450E+02
10936   0.71716570E+02
10937   0.10041486E+03
10938   0.60835320E+02
10939   0.33367200E+02
10940   0.20122520E+02
10941   0.14999250E+02
10942   0.13783380E+02
10943   0.11355750E+02
10944   0.15936420E+02
10945   0.64305840E+02
10946   0.61928550E+02
10947   0.41632500E+02
10948   0.25152730E+02
10949   0.15952030E+02
10950   0.10216460E+02
10951   0.52532900E+01
10952   0.48162000E+01
10953   0.33574900E+01
10954   0.40216700E+01
10955   0.78546300E+01
10956   0.11681180E+02
10957   0.19594520E+02
