    1   0.00000000E+00
    2   0.00000000E+00
    3   0.00000000E+00
    4   0.00000000E+00
    5   0.00000000E+00
    6   0.00000000E+00
    7   0.00000000E+00
    8   0.00000000E+00
    9   0.00000000E+00
   10   0.00000000E+00
   11   0.00000000E+00
   12   0.00000000E+00
   13   0.00000000E+00
   14   0.70000000E-03
   15   0.31644300E+01
   16   0.88641400E+01
   17   0.15374030E+02
   18   0.27700210E+02
   19   0.27557150E+02
   20   0.18629990E+02
   21   0.12633010E+02
   22   0.89752300E+01
   23   0.66468600E+01
   24   0.44587900E+01
   25   0.23402700E+01
   26   0.12385800E+01
   27   0.56285000E+00
   28   0.21113000E+00
   29   0.10698000E+00
   30   0.63080000E-01
   31   0.39590000E-01
   32   0.26200000E-01
   33   0.18380000E-01
   34   0.13570000E-01
   35   0.10440000E-01
   36   0.83000000E-02
   37   0.67700000E-02
   38   0.56300000E-02
   39   0.47700000E-02
   40   0.40900000E-02
   41   0.40600000E-02
   42   0.28645200E+01
   43   0.12620500E+02
   44   0.67904300E+02
   45   0.69431440E+02
   46   0.45308020E+02
   47   0.27889400E+02
   48   0.17262280E+02
   49   0.11789790E+02
   50   0.88314700E+01
   51   0.77147500E+01
   52   0.77405200E+01
   53   0.75804000E+01
   54   0.67874700E+01
   55   0.50888100E+01
   56   0.37917800E+01
   57   0.27621300E+01
   58   0.15520000E+01
   59   0.94570000E+00
   60   0.28644000E+00
   61   0.11583000E+00
   62   0.51570000E-01
   63   0.26860000E-01
   64   0.16080000E-01
   65   0.10740000E-01
   66   0.77900000E-02
   67   0.59900000E-02
   68   0.21270000E-01
   69   0.25137600E+01
   70   0.50597700E+01
   71   0.55625200E+01
   72   0.52503600E+01
   73   0.58365400E+01
   74   0.58839800E+01
   75   0.52469600E+01
   76   0.45955200E+01
   77   0.42841800E+01
   78   0.54478100E+01
   79   0.62487500E+01
   80   0.63425900E+01
   81   0.65450900E+01
   82   0.58743600E+01
   83   0.49167300E+01
   84   0.50313500E+01
   85   0.54946800E+01
   86   0.42585600E+01
   87   0.29731000E+01
   88   0.19142900E+01
   89   0.12292900E+01
   90   0.11901000E+01
   91   0.15210300E+01
   92   0.12967900E+01
   93   0.97960000E+00
   94   0.48888000E+00
   95   0.29676000E+00
   96   0.18043000E+00
   97   0.11508000E+00
   98   0.78790000E-01
   99   0.52240000E-01
  100   0.35140000E-01
  101   0.24770000E-01
  102   0.18270000E-01
  103   0.14000000E-01
  104   0.11050000E-01
  105   0.89400000E-02
  106   0.73700000E-02
  107   0.61800000E-02
  108   0.52600000E-02
  109   0.45200000E-02
  110   0.39300000E-02
  111   0.15718500E+01
  112   0.13103100E+01
  113   0.48090000E+00
  114   0.86986000E+00
  115   0.16743300E+01
  116   0.20568100E+01
  117   0.23414500E+01
  118   0.31635000E+01
  119   0.53402400E+01
  120   0.13183230E+02
  121   0.18200340E+02
  122   0.16798490E+02
  123   0.12682280E+02
  124   0.83060000E+01
  125   0.53965900E+01
  126   0.28048800E+01
  127   0.95099000E+00
  128   0.28899000E+00
  129   0.16825000E+00
  130   0.11058000E+00
  131   0.79630000E-01
  132   0.63150000E-01
  133   0.47250000E-01
  134   0.27356000E+01
  135   0.79150500E+01
  136   0.35972740E+02
  137   0.57481600E+02
  138   0.41784750E+02
  139   0.27101860E+02
  140   0.17205550E+02
  141   0.12653030E+02
  142   0.12384270E+02
  143   0.12893670E+02
  144   0.20892490E+02
  145   0.37702570E+02
  146   0.34675190E+02
  147   0.25573950E+02
  148   0.20902360E+02
  149   0.17618480E+02
  150   0.14074640E+02
  151   0.13049950E+02
  152   0.12309480E+02
  153   0.11030750E+02
  154   0.94810900E+01
  155   0.10047680E+02
  156   0.61644990E+02
  157   0.11838058E+03
  158   0.76377210E+02
  159   0.44195910E+02
  160   0.29996050E+02
  161   0.10692200E+03
  162   0.28013964E+03
  163   0.29267232E+03
  164   0.27301444E+03
  165   0.23731873E+03
  166   0.23521310E+03
  167   0.31219649E+03
  168   0.41428208E+03
  169   0.34304992E+03
  170   0.21584483E+03
  171   0.14405336E+03
  172   0.11192993E+03
  173   0.86230250E+02
  174   0.72325970E+02
  175   0.10045102E+03
  176   0.22304176E+03
  177   0.26424866E+03
  178   0.24388648E+03
  179   0.16162045E+03
  180   0.11015929E+03
  181   0.10223662E+03
  182   0.92588100E+02
  183   0.63856060E+02
  184   0.44320590E+02
  185   0.35989730E+02
  186   0.37218880E+02
  187   0.54190570E+02
  188   0.57442200E+02
  189   0.64248610E+02
  190   0.94173260E+02
  191   0.12094582E+03
  192   0.12619288E+03
  193   0.13576162E+03
  194   0.15020188E+03
  195   0.14869183E+03
  196   0.96026220E+02
  197   0.58070000E+02
  198   0.39358390E+02
  199   0.55005270E+02
  200   0.16725808E+03
  201   0.15065513E+03
  202   0.10414837E+03
  203   0.72536700E+02
  204   0.53910630E+02
  205   0.57006090E+02
  206   0.93833800E+02
  207   0.95398250E+02
  208   0.80820200E+02
  209   0.55138740E+02
  210   0.40132810E+02
  211   0.40961560E+02
  212   0.55825910E+02
  213   0.49683400E+02
  214   0.34154690E+02
  215   0.29193630E+02
  216   0.57322860E+02
  217   0.12519277E+03
  218   0.26363794E+03
  219   0.13350920E+03
  220   0.89540240E+02
  221   0.65917410E+02
  222   0.67758850E+02
  223   0.10788679E+03
  224   0.11519647E+03
  225   0.77038140E+02
  226   0.55105100E+02
  227   0.43371560E+02
  228   0.35688540E+02
  229   0.24925820E+02
  230   0.17685450E+02
  231   0.12575540E+02
  232   0.10864230E+02
  233   0.12298550E+02
  234   0.14410240E+02
  235   0.23419530E+02
  236   0.42819700E+02
  237   0.36573340E+02
  238   0.30110810E+02
  239   0.26668770E+02
  240   0.21590770E+02
  241   0.15082340E+02
  242   0.15078130E+02
  243   0.26847020E+02
  244   0.49365130E+02
  245   0.15829275E+03
  246   0.98507630E+02
  247   0.49714160E+02
  248   0.27042410E+02
  249   0.14174100E+02
  250   0.76689500E+01
  251   0.59023700E+01
  252   0.66213700E+01
  253   0.75429700E+01
  254   0.68450500E+01
  255   0.65244900E+01
  256   0.87939000E+01
  257   0.10395000E+02
  258   0.91774500E+01
  259   0.62265300E+01
  260   0.13526050E+02
  261   0.14662340E+02
  262   0.11186990E+02
  263   0.81562000E+01
  264   0.60421400E+01
  265   0.44967900E+01
  266   0.28609900E+01
  267   0.11779200E+01
  268   0.26764000E+00
  269   0.83050000E-01
  270   0.39130000E-01
  271   0.22960000E-01
  272   0.15460000E-01
  273   0.11350000E-01
  274   0.88100000E-02
  275   0.71000000E-02
  276   0.58800000E-02
  277   0.49600000E-02
  278   0.42500000E-02
  279   0.36900000E-02
  280   0.32500000E-02
  281   0.29300000E-02
  282   0.28100000E-02
  283   0.16570000E-01
  284   0.14857000E+00
  285   0.17391000E+00
  286   0.99830000E-01
  287   0.59730000E-01
  288   0.38730000E-01
  289   0.26880000E-01
  290   0.19660000E-01
  291   0.14980000E-01
  292   0.11780000E-01
  293   0.95100000E-02
  294   0.78300000E-02
  295   0.65500000E-02
  296   0.55600000E-02
  297   0.47800000E-02
  298   0.41500000E-02
  299   0.36300000E-02
  300   0.32000000E-02
  301   0.28500000E-02
  302   0.25500000E-02
  303   0.22900000E-02
  304   0.20700000E-02
  305   0.18800000E-02
  306   0.17100000E-02
  307   0.15600000E-02
  308   0.14400000E-02
  309   0.13200000E-02
  310   0.12200000E-02
  311   0.11300000E-02
  312   0.10500000E-02
  313   0.98000000E-03
  314   0.91000000E-03
  315   0.85000000E-03
  316   0.80000000E-03
  317   0.75000000E-03
  318   0.71000000E-03
  319   0.67000000E-03
  320   0.63000000E-03
  321   0.59000000E-03
  322   0.56000000E-03
  323   0.53000000E-03
  324   0.51000000E-03
  325   0.48000000E-03
  326   0.46000000E-03
  327   0.44000000E-03
  328   0.41000000E-03
  329   0.40000000E-03
  330   0.38000000E-03
  331   0.36000000E-03
  332   0.35000000E-03
  333   0.33000000E-03
  334   0.32000000E-03
  335   0.31000000E-03
  336   0.29000000E-03
  337   0.28000000E-03
  338   0.27000000E-03
  339   0.33000000E-03
  340   0.31000000E-03
  341   0.30000000E-03
  342   0.30000000E-03
  343   0.30000000E-03
  344   0.31000000E-03
  345   0.32000000E-03
  346   0.34000000E-03
  347   0.36000000E-03
  348   0.42000000E-03
  349   0.55000000E-03
  350   0.87000000E-03
  351   0.13200000E-02
  352   0.17400000E-02
  353   0.19800000E-02
  354   0.20400000E-02
  355   0.19700000E-02
  356   0.18400000E-02
  357   0.16800000E-02
  358   0.15200000E-02
  359   0.13700000E-02
  360   0.11485500E+01
  361   0.24525000E+01
  362   0.10678900E+01
  363   0.42845000E+00
  364   0.33270000E+00
  365   0.24587000E+00
  366   0.15860000E+00
  367   0.10451000E+00
  368   0.67340000E-01
  369   0.44670000E-01
  370   0.31120000E-01
  371   0.22690000E-01
  372   0.17180000E-01
  373   0.13420000E-01
  374   0.10740000E-01
  375   0.87800000E-02
  376   0.73000000E-02
  377   0.61600000E-02
  378   0.52600000E-02
  379   0.45400000E-02
  380   0.39500000E-02
  381   0.34700000E-02
  382   0.30700000E-02
  383   0.27400000E-02
  384   0.24500000E-02
  385   0.22100000E-02
  386   0.20000000E-02
  387   0.18200000E-02
  388   0.16600000E-02
  389   0.15200000E-02
  390   0.14000000E-02
  391   0.12900000E-02
  392   0.11900000E-02
  393   0.11000000E-02
  394   0.10300000E-02
  395   0.96000000E-03
  396   0.89000000E-03
  397   0.84000000E-03
  398   0.78000000E-03
  399   0.74000000E-03
  400   0.69000000E-03
  401   0.65000000E-03
  402   0.62000000E-03
  403   0.58000000E-03
  404   0.55000000E-03
  405   0.52000000E-03
  406   0.50000000E-03
  407   0.47000000E-03
  408   0.45000000E-03
  409   0.43000000E-03
  410   0.41000000E-03
  411   0.39000000E-03
  412   0.37000000E-03
  413   0.36000000E-03
  414   0.34000000E-03
  415   0.33000000E-03
  416   0.31000000E-03
  417   0.30000000E-03
  418   0.29000000E-03
  419   0.28000000E-03
  420   0.27000000E-03
  421   0.26000000E-03
  422   0.25000000E-03
  423   0.38422700E+01
  424   0.38919080E+02
  425   0.93954190E+02
  426   0.10871087E+03
  427   0.89332810E+02
  428   0.60444780E+02
  429   0.40922480E+02
  430   0.27867030E+02
  431   0.19365440E+02
  432   0.13323150E+02
  433   0.97281800E+01
  434   0.65896400E+01
  435   0.47571300E+01
  436   0.34810500E+01
  437   0.19263600E+01
  438   0.10737300E+01
  439   0.32864000E+00
  440   0.13594000E+00
  441   0.80880000E-01
  442   0.54960000E-01
  443   0.36820000E-01
  444   0.25450000E-01
  445   0.18470000E-01
  446   0.14020000E-01
  447   0.26090000E-01
  448   0.11200400E+01
  449   0.17444200E+01
  450   0.24132400E+01
  451   0.26687800E+01
  452   0.55076800E+01
  453   0.27076820E+02
  454   0.55044980E+02
  455   0.57909340E+02
  456   0.39775860E+02
  457   0.24805940E+02
  458   0.14958900E+02
  459   0.99299100E+01
  460   0.70522400E+01
  461   0.52705100E+01
  462   0.39278200E+01
  463   0.27082800E+01
  464   0.23612100E+01
  465   0.16856300E+01
  466   0.17342000E+01
  467   0.19563300E+01
  468   0.23733800E+01
  469   0.25451500E+01
  470   0.22619100E+01
  471   0.15391900E+01
  472   0.98576000E+00
  473   0.32934000E+00
  474   0.20636000E+00
  475   0.16677000E+00
  476   0.14282000E+00
  477   0.87180000E-01
  478   0.53830000E-01
  479   0.35660000E-01
  480   0.25080000E-01
  481   0.18500000E-01
  482   0.20960000E+00
  483   0.27176100E+01
  484   0.37291200E+01
  485   0.21056300E+01
  486   0.12811900E+01
  487   0.91996000E+00
  488   0.37633000E+00
  489   0.23943000E+00
  490   0.16240000E+00
  491   0.10978000E+00
  492   0.70700000E-01
  493   0.46380000E-01
  494   0.43913800E+01
  495   0.39886520E+02
  496   0.12425300E+03
  497   0.17388730E+03
  498   0.21302168E+03
  499   0.23923677E+03
  500   0.19029664E+03
  501   0.11514707E+03
  502   0.78319040E+02
  503   0.78041210E+02
  504   0.23328463E+03
  505   0.44070582E+03
  506   0.25037444E+03
  507   0.14373217E+03
  508   0.13132979E+03
  509   0.25336046E+03
  510   0.27701353E+03
  511   0.23008280E+03
  512   0.16680253E+03
  513   0.11731975E+03
  514   0.97682400E+02
  515   0.11028011E+03
  516   0.16140792E+03
  517   0.16788172E+03
  518   0.12806523E+03
  519   0.93459110E+02
  520   0.74016070E+02
  521   0.56473190E+02
  522   0.42964460E+02
  523   0.39396120E+02
  524   0.32952950E+02
  525   0.22897810E+02
  526   0.13477030E+02
  527   0.82854500E+01
  528   0.60867000E+01
  529   0.57022700E+01
  530   0.11862147E+03
  531   0.49432093E+03
  532   0.65906940E+03
  533   0.62386307E+03
  534   0.42803034E+03
  535   0.28813104E+03
  536   0.34135209E+03
  537   0.43041576E+03
  538   0.29739009E+03
  539   0.16511019E+03
  540   0.85129620E+02
  541   0.47418650E+02
  542   0.27313360E+02
  543   0.16189840E+02
  544   0.10848860E+02
  545   0.83557900E+01
  546   0.10450620E+02
  547   0.22031390E+02
  548   0.62463820E+02
  549   0.89171670E+02
  550   0.67306250E+02
  551   0.44608390E+02
  552   0.37293390E+02
  553   0.41558290E+02
  554   0.44953460E+02
  555   0.34797440E+02
  556   0.22818130E+02
  557   0.18917510E+02
  558   0.32779490E+02
  559   0.46897224E+03
  560   0.27662052E+03
  561   0.19338660E+03
  562   0.21772633E+03
  563   0.24281936E+03
  564   0.17516362E+03
  565   0.97438800E+02
  566   0.55132920E+02
  567   0.30655700E+02
  568   0.18907650E+02
  569   0.17347890E+02
  570   0.25986360E+02
  571   0.23911345E+03
  572   0.39354501E+03
  573   0.32415309E+03
  574   0.40877366E+03
  575   0.38051224E+03
  576   0.49080252E+03
  577   0.50892421E+03
  578   0.51623947E+03
  579   0.59790961E+03
  580   0.61976492E+03
  581   0.70149014E+03
  582   0.30285591E+03
  583   0.13065353E+03
  584   0.65483700E+02
  585   0.36099240E+02
  586   0.21111330E+02
  587   0.21956910E+02
  588   0.32729190E+02
  589   0.14060327E+03
  590   0.14249825E+03
  591   0.87170560E+02
  592   0.79316560E+02
  593   0.71518940E+02
  594   0.24786878E+03
  595   0.13679709E+03
  596   0.74430910E+02
  597   0.57756620E+02
  598   0.61321620E+02
  599   0.93735460E+02
  600   0.81688150E+02
  601   0.71318840E+02
  602   0.69788220E+02
  603   0.66300910E+02
  604   0.47713710E+02
  605   0.29338950E+02
  606   0.17852480E+02
  607   0.12414770E+02
  608   0.10355240E+02
  609   0.15933240E+02
  610   0.25935670E+02
  611   0.32770180E+02
  612   0.33617440E+02
  613   0.31376930E+02
  614   0.26242490E+02
  615   0.20382560E+02
  616   0.16544720E+02
  617   0.16074390E+02
  618   0.26752850E+02
  619   0.27760870E+02
  620   0.21990490E+02
  621   0.17304940E+02
  622   0.14007860E+02
  623   0.10550230E+02
  624   0.79293200E+01
  625   0.60308500E+01
  626   0.45565100E+01
  627   0.30365300E+01
  628   0.13185900E+01
  629   0.28899000E+00
  630   0.10180000E+00
  631   0.34899000E+00
  632   0.29887600E+01
  633   0.50859300E+01
  634   0.76947200E+01
  635   0.82647700E+01
  636   0.81967800E+01
  637   0.91704500E+01
  638   0.95957600E+01
  639   0.75834600E+01
  640   0.61309000E+01
  641   0.51632900E+01
  642   0.54293900E+01
  643   0.30944270E+02
  644   0.29128440E+02
  645   0.19514250E+02
  646   0.13143260E+02
  647   0.92268600E+01
  648   0.67319300E+01
  649   0.44955400E+01
  650   0.22996900E+01
  651   0.10443700E+01
  652   0.25833000E+00
  653   0.10613000E+00
  654   0.55330000E-01
  655   0.33360000E-01
  656   0.22230000E-01
  657   0.15900000E-01
  658   0.11970000E-01
  659   0.93600000E-02
  660   0.75300000E-02
  661   0.62100000E-02
  662   0.52100000E-02
  663   0.44400000E-02
  664   0.38300000E-02
  665   0.33300000E-02
  666   0.89280000E-01
  667   0.24533800E+01
  668   0.27787600E+01
  669   0.13908300E+01
  670   0.91185000E+00
  671   0.49659000E+00
  672   0.32429000E+00
  673   0.20890000E+00
  674   0.13139000E+00
  675   0.82200000E-01
  676   0.53180000E-01
  677   0.36310000E-01
  678   0.26060000E-01
  679   0.19490000E-01
  680   0.15060000E-01
  681   0.11950000E-01
  682   0.96900000E-02
  683   0.80100000E-02
  684   0.67200000E-02
  685   0.57100000E-02
  686   0.49000000E-02
  687   0.42600000E-02
  688   0.37300000E-02
  689   0.32900000E-02
  690   0.29200000E-02
  691   0.26100000E-02
  692   0.23400000E-02
  693   0.21200000E-02
  694   0.19200000E-02
  695   0.17500000E-02
  696   0.16000000E-02
  697   0.29120700E+01
  698   0.10156320E+02
  699   0.21688900E+02
  700   0.22565130E+02
  701   0.20024430E+02
  702   0.15210340E+02
  703   0.10066960E+02
  704   0.71279200E+01
  705   0.53986900E+01
  706   0.41314300E+01
  707   0.27349000E+01
  708   0.35659300E+01
  709   0.48724600E+01
  710   0.31170500E+01
  711   0.92665000E+00
  712   0.24107000E+00
  713   0.14220000E+00
  714   0.99910000E-01
  715   0.75940000E-01
  716   0.54520000E-01
  717   0.37230000E-01
  718   0.26080000E-01
  719   0.96018000E+00
  720   0.30615300E+01
  721   0.32088200E+01
  722   0.29662300E+01
  723   0.70504000E+01
  724   0.23213820E+02
  725   0.33560160E+02
  726   0.36602720E+02
  727   0.32430960E+02
  728   0.24321330E+02
  729   0.16430950E+02
  730   0.10565300E+02
  731   0.64339700E+01
  732   0.43957700E+01
  733   0.29608100E+01
  734   0.14959100E+01
  735   0.85529000E+00
  736   0.26235000E+00
  737   0.12449000E+00
  738   0.78530000E-01
  739   0.60200000E-01
  740   0.44340000E-01
  741   0.37460000E-01
  742   0.55900000E-01
  743   0.44150000E-01
  744   0.29940000E-01
  745   0.21280000E-01
  746   0.16340000E-01
  747   0.13140000E-01
  748   0.10710000E-01
  749   0.87600000E-02
  750   0.72000000E-02
  751   0.59700000E-02
  752   0.50100000E-02
  753   0.42500000E-02
  754   0.36400000E-02
  755   0.32000000E-02
  756   0.10040000E-01
  757   0.46160000E-01
  758   0.40920000E-01
  759   0.24430000E-01
  760   0.14630000E-01
  761   0.93400000E-02
  762   0.63600000E-02
  763   0.45700000E-02
  764   0.34300000E-02
  765   0.26800000E-02
  766   0.21500000E-02
  767   0.17700000E-02
  768   0.15000000E-02
  769   0.12800000E-02
  770   0.11200000E-02
  771   0.99000000E-03
  772   0.96000000E-03
  773   0.30100000E-02
  774   0.21005000E+00
  775   0.14071000E+00
  776   0.69085000E+00
  777   0.39931000E+01
  778   0.11711820E+02
  779   0.36857670E+02
  780   0.42197690E+02
  781   0.31913800E+02
  782   0.25827030E+02
  783   0.26073040E+02
  784   0.31668830E+02
  785   0.40926690E+02
  786   0.32941840E+02
  787   0.21585940E+02
  788   0.14451630E+02
  789   0.10356220E+02
  790   0.76725500E+01
  791   0.59274300E+01
  792   0.48308500E+01
  793   0.38059400E+01
  794   0.30470800E+01
  795   0.21885000E+01
  796   0.13028900E+01
  797   0.90379000E+00
  798   0.34630000E+01
  799   0.10213410E+02
  800   0.35742510E+02
  801   0.10919805E+03
  802   0.14196888E+03
  803   0.97730090E+02
  804   0.66182260E+02
  805   0.49604890E+02
  806   0.45496880E+02
  807   0.41402310E+02
  808   0.34666790E+02
  809   0.36751340E+02
  810   0.38590890E+02
  811   0.35102740E+02
  812   0.27303110E+02
  813   0.24668280E+02
  814   0.26715930E+02
  815   0.35151570E+02
  816   0.41005300E+02
  817   0.31493930E+02
  818   0.20349400E+02
  819   0.13523050E+02
  820   0.95718900E+01
  821   0.70089900E+01
  822   0.53586800E+01
  823   0.34665300E+01
  824   0.23221500E+01
  825   0.21260800E+01
  826   0.11182100E+01
  827   0.27200300E+01
  828   0.77931000E+01
  829   0.16290120E+02
  830   0.22693870E+02
  831   0.25697120E+02
  832   0.23640970E+02
  833   0.18201880E+02
  834   0.12329740E+02
  835   0.91917900E+01
  836   0.72661600E+01
  837   0.57424400E+01
  838   0.43842300E+01
  839   0.28154600E+01
  840   0.20761800E+01
  841   0.27276700E+01
  842   0.37161800E+01
  843   0.90989200E+01
  844   0.40717350E+02
  845   0.17000395E+03
  846   0.16118347E+03
  847   0.94418690E+02
  848   0.54093940E+02
  849   0.31972120E+02
  850   0.21635920E+02
  851   0.16657800E+02
  852   0.12446100E+02
  853   0.10087360E+02
  854   0.78755400E+01
  855   0.60012800E+01
  856   0.53941600E+01
  857   0.66085700E+01
  858   0.71060100E+01
  859   0.61826300E+01
  860   0.13488900E+02
  861   0.12409628E+03
  862   0.17498855E+03
  863   0.13501313E+03
  864   0.13651680E+03
  865   0.16599016E+03
  866   0.22736233E+03
  867   0.13082508E+03
  868   0.71548500E+02
  869   0.41217430E+02
  870   0.24896550E+02
  871   0.16312630E+02
  872   0.11517020E+02
  873   0.82227100E+01
  874   0.61054900E+01
  875   0.41559600E+01
  876   0.32909500E+01
  877   0.35519900E+01
  878   0.34110300E+01
  879   0.80844400E+01
  880   0.28569630E+02
  881   0.32087430E+02
  882   0.41958910E+02
  883   0.34331640E+02
  884   0.34221970E+02
  885   0.24073677E+03
  886   0.23605639E+03
  887   0.14988728E+03
  888   0.87417540E+02
  889   0.51449750E+02
  890   0.30514730E+02
  891   0.33750560E+02
  892   0.14926406E+03
  893   0.27505829E+03
  894   0.22719571E+03
  895   0.22585761E+03
  896   0.61784738E+03
  897   0.36426208E+03
  898   0.21864845E+03
  899   0.19564282E+03
  900   0.22761828E+03
  901   0.20440455E+03
  902   0.35028282E+03
  903   0.47818111E+03
  904   0.37238499E+03
  905   0.25610711E+03
  906   0.22131099E+03
  907   0.24172377E+03
  908   0.18249741E+03
  909   0.18833145E+03
  910   0.11553416E+03
  911   0.64795840E+02
  912   0.42204840E+02
  913   0.31850930E+02
  914   0.29463710E+02
  915   0.32387270E+02
  916   0.39395510E+02
  917   0.83827030E+02
  918   0.11674602E+03
  919   0.10710497E+03
  920   0.15368082E+03
  921   0.14823459E+03
  922   0.96785410E+02
  923   0.71382760E+02
  924   0.84678890E+02
  925   0.96872560E+02
  926   0.69261750E+02
  927   0.43641600E+02
  928   0.28281660E+02
  929   0.26478550E+02
  930   0.36246420E+02
  931   0.15513165E+03
  932   0.19570424E+03
  933   0.40860432E+03
  934   0.34900785E+03
  935   0.19459213E+03
  936   0.11357482E+03
  937   0.10493822E+03
  938   0.10523331E+03
  939   0.83395150E+02
  940   0.62548500E+02
  941   0.46164960E+02
  942   0.38198970E+02
  943   0.38137020E+02
  944   0.35062080E+02
  945   0.27821550E+02
  946   0.22757430E+02
  947   0.27590630E+02
  948   0.34472720E+02
  949   0.31165300E+02
  950   0.26143990E+02
  951   0.26087010E+02
  952   0.47239350E+02
  953   0.73002990E+02
  954   0.60706880E+02
  955   0.44452690E+02
  956   0.33820500E+02
  957   0.30005520E+02
  958   0.71604970E+02
  959   0.12982950E+03
  960   0.89646630E+02
  961   0.80038870E+02
  962   0.68818860E+02
  963   0.46925090E+02
  964   0.30690400E+02
  965   0.47456650E+02
  966   0.12203860E+03
  967   0.10309769E+03
  968   0.96307480E+02
  969   0.73554660E+02
  970   0.51474920E+02
  971   0.34413170E+02
  972   0.33166650E+02
  973   0.76332140E+02
  974   0.68480030E+02
  975   0.50733430E+02
  976   0.53803730E+02
  977   0.43285730E+02
  978   0.36189140E+02
  979   0.60880240E+02
  980   0.82832580E+02
  981   0.72820020E+02
  982   0.69402410E+02
  983   0.62724750E+02
  984   0.52536680E+02
  985   0.35678650E+02
  986   0.22015930E+02
  987   0.11951560E+02
  988   0.64143100E+01
  989   0.84417100E+01
  990   0.19818350E+02
  991   0.61912190E+02
  992   0.87624310E+02
  993   0.61517230E+02
  994   0.43201890E+02
  995   0.35448720E+02
  996   0.28305230E+02
  997   0.20196210E+02
  998   0.17637720E+02
  999   0.50754490E+02
 1000   0.18249199E+03
 1001   0.17419966E+03
 1002   0.10545047E+03
 1003   0.58454180E+02
 1004   0.34235950E+02
 1005   0.20521360E+02
 1006   0.12862000E+02
 1007   0.14043332E+03
 1008   0.27579161E+03
 1009   0.17058837E+03
 1010   0.11703706E+03
 1011   0.68588510E+02
 1012   0.40863440E+02
 1013   0.25042230E+02
 1014   0.15285790E+02
 1015   0.10099070E+02
 1016   0.71660600E+01
 1017   0.53653200E+01
 1018   0.35030200E+01
 1019   0.14597300E+01
 1020   0.81683000E+00
 1021   0.25588000E+00
 1022   0.11572000E+00
 1023   0.60550000E-01
 1024   0.36330000E-01
 1025   0.24090000E-01
 1026   0.17170000E-01
 1027   0.12890000E-01
 1028   0.10070000E-01
 1029   0.81000000E-02
 1030   0.66600000E-02
 1031   0.55900000E-02
 1032   0.47600000E-02
 1033   0.41000000E-02
 1034   0.35700000E-02
 1035   0.31400000E-02
 1036   0.27800000E-02
 1037   0.24800000E-02
 1038   0.22300000E-02
 1039   0.20100000E-02
 1040   0.18200000E-02
 1041   0.16600000E-02
 1042   0.15200000E-02
 1043   0.13900000E-02
 1044   0.12800000E-02
 1045   0.11900000E-02
 1046   0.11000000E-02
 1047   0.10200000E-02
 1048   0.95000000E-03
 1049   0.89000000E-03
 1050   0.83000000E-03
 1051   0.78000000E-03
 1052   0.73000000E-03
 1053   0.69000000E-03
 1054   0.25757000E+01
 1055   0.58081700E+01
 1056   0.76816100E+01
 1057   0.69672700E+01
 1058   0.53096100E+01
 1059   0.32664900E+01
 1060   0.27411200E+01
 1061   0.36727900E+01
 1062   0.56245900E+01
 1063   0.56596400E+01
 1064   0.44607400E+01
 1065   0.33869900E+01
 1066   0.23935100E+01
 1067   0.19123700E+01
 1068   0.14037900E+01
 1069   0.49818000E+00
 1070   0.14216000E+00
 1071   0.81990000E-01
 1072   0.52780000E-01
 1073   0.35260000E-01
 1074   0.24800000E-01
 1075   0.18290000E-01
 1076   0.14020000E-01
 1077   0.11080000E-01
 1078   0.89700000E-02
 1079   0.74100000E-02
 1080   0.62200000E-02
 1081   0.52900000E-02
 1082   0.45500000E-02
 1083   0.39600000E-02
 1084   0.34700000E-02
 1085   0.30700000E-02
 1086   0.27300000E-02
 1087   0.24400000E-02
 1088   0.22000000E-02
 1089   0.19900000E-02
 1090   0.18100000E-02
 1091   0.16500000E-02
 1092   0.15100000E-02
 1093   0.13900000E-02
 1094   0.12800000E-02
 1095   0.11800000E-02
 1096   0.11000000E-02
 1097   0.10200000E-02
 1098   0.95000000E-03
 1099   0.14753000E+00
 1100   0.18784000E+01
 1101   0.22154200E+01
 1102   0.30414700E+01
 1103   0.51554800E+01
 1104   0.72717500E+01
 1105   0.98440400E+01
 1106   0.92295300E+01
 1107   0.75559300E+01
 1108   0.60116600E+01
 1109   0.47312300E+01
 1110   0.27221900E+01
 1111   0.87726000E+00
 1112   0.24073000E+00
 1113   0.13217000E+00
 1114   0.74300000E-01
 1115   0.43900000E-01
 1116   0.28190000E-01
 1117   0.19520000E-01
 1118   0.14320000E-01
 1119   0.10990000E-01
 1120   0.87100000E-02
 1121   0.70900000E-02
 1122   0.59000000E-02
 1123   0.49800000E-02
 1124   0.42700000E-02
 1125   0.37000000E-02
 1126   0.32400000E-02
 1127   0.28600000E-02
 1128   0.37600000E-02
 1129   0.34400000E-02
 1130   0.39700000E-02
 1131   0.52700000E-02
 1132   0.70000000E-02
 1133   0.81200000E-02
 1134   0.82000000E-02
 1135   0.75900000E-02
 1136   0.67300000E-02
 1137   0.59200000E-02
 1138   0.21620000E-01
 1139   0.15301300E+01
 1140   0.44572300E+01
 1141   0.11505360E+02
 1142   0.21975430E+02
 1143   0.22346460E+02
 1144   0.16646980E+02
 1145   0.11920080E+02
 1146   0.88371200E+01
 1147   0.67718900E+01
 1148   0.53258400E+01
 1149   0.44209200E+01
 1150   0.42408300E+01
 1151   0.34246000E+01
 1152   0.12230800E+01
 1153   0.59592000E+00
 1154   0.13318700E+01
 1155   0.22106600E+01
 1156   0.31590500E+01
 1157   0.44246600E+01
 1158   0.46189000E+01
 1159   0.43606600E+01
 1160   0.39323000E+01
 1161   0.32249500E+01
 1162   0.14201700E+01
 1163   0.38760000E+00
 1164   0.24328000E+00
 1165   0.13625000E+00
 1166   0.92685000E+00
 1167   0.49448600E+01
 1168   0.17883480E+02
 1169   0.38280470E+02
 1170   0.45283210E+02
 1171   0.39235630E+02
 1172   0.26270000E+02
 1173   0.22332110E+02
 1174   0.23755330E+02
 1175   0.21616060E+02
 1176   0.16169190E+02
 1177   0.13697430E+02
 1178   0.21806190E+02
 1179   0.39894890E+02
 1180   0.52563870E+02
 1181   0.56418500E+02
 1182   0.43635200E+02
 1183   0.29845270E+02
 1184   0.19878280E+02
 1185   0.19491410E+02
 1186   0.51955700E+02
 1187   0.97376530E+02
 1188   0.74544100E+02
 1189   0.48249990E+02
 1190   0.31495300E+02
 1191   0.22250130E+02
 1192   0.18802890E+02
 1193   0.21008790E+02
 1194   0.28086520E+02
 1195   0.28396020E+02
 1196   0.21233770E+02
 1197   0.14463530E+02
 1198   0.10203420E+02
 1199   0.75144000E+01
 1200   0.56999600E+01
 1201   0.43146700E+01
 1202   0.26510900E+01
 1203   0.35264700E+01
 1204   0.11544340E+02
 1205   0.20912020E+02
 1206   0.25368520E+02
 1207   0.32898990E+02
 1208   0.37988110E+02
 1209   0.49067180E+02
 1210   0.57237900E+02
 1211   0.81752460E+02
 1212   0.96606370E+02
 1213   0.60874110E+02
 1214   0.36531480E+02
 1215   0.21500150E+02
 1216   0.13136190E+02
 1217   0.10400740E+02
 1218   0.10343030E+02
 1219   0.19806800E+02
 1220   0.59521710E+02
 1221   0.99931690E+02
 1222   0.12199525E+03
 1223   0.16734688E+03
 1224   0.23431053E+03
 1225   0.16269286E+03
 1226   0.10012541E+03
 1227   0.80246450E+02
 1228   0.95479330E+02
 1229   0.10396578E+03
 1230   0.12602770E+03
 1231   0.87091450E+02
 1232   0.51612160E+02
 1233   0.36875570E+02
 1234   0.28646060E+02
 1235   0.21485220E+02
 1236   0.14185280E+02
 1237   0.85529000E+01
 1238   0.55729800E+01
 1239   0.35515300E+01
 1240   0.14446500E+01
 1241   0.47859000E+00
 1242   0.11904900E+01
 1243   0.60633300E+01
 1244   0.48496430E+02
 1245   0.13372336E+03
 1246   0.78654570E+02
 1247   0.44591100E+02
 1248   0.25656220E+02
 1249   0.15265630E+02
 1250   0.10431990E+02
 1251   0.79913800E+01
 1252   0.91720100E+01
 1253   0.13339339E+03
 1254   0.32244154E+03
 1255   0.15746497E+03
 1256   0.88642900E+02
 1257   0.63583980E+02
 1258   0.72821590E+02
 1259   0.87816620E+02
 1260   0.31000658E+03
 1261   0.31719189E+03
 1262   0.49615320E+03
 1263   0.54048301E+03
 1264   0.27930291E+03
 1265   0.31352231E+03
 1266   0.26130801E+03
 1267   0.14254699E+03
 1268   0.15055065E+03
 1269   0.42159965E+03
 1270   0.60878102E+03
 1271   0.78282890E+03
 1272   0.24978880E+03
 1273   0.11424123E+03
 1274   0.72788680E+02
 1275   0.57953620E+02
 1276   0.38536790E+02
 1277   0.34342530E+02
 1278   0.25311205E+03
 1279   0.30250076E+03
 1280   0.25589264E+03
 1281   0.23808717E+03
 1282   0.22806317E+03
 1283   0.29642568E+03
 1284   0.26854720E+03
 1285   0.15557786E+03
 1286   0.97662950E+02
 1287   0.57471530E+02
 1288   0.34297820E+02
 1289   0.40761580E+02
 1290   0.34218293E+03
 1291   0.78769683E+03
 1292   0.38391467E+03
 1293   0.22561335E+03
 1294   0.13703595E+03
 1295   0.78512650E+02
 1296   0.45398700E+02
 1297   0.26957210E+02
 1298   0.15351520E+02
 1299   0.90864400E+01
 1300   0.19995990E+02
 1301   0.26377715E+03
 1302   0.22956003E+03
 1303   0.32019354E+03
 1304   0.33876647E+03
 1305   0.22169887E+03
 1306   0.12610187E+03
 1307   0.73840180E+02
 1308   0.44754150E+02
 1309   0.51701170E+02
 1310   0.20794282E+03
 1311   0.13272160E+03
 1312   0.75698300E+02
 1313   0.74735170E+02
 1314   0.15794496E+03
 1315   0.45499018E+03
 1316   0.52751476E+03
 1317   0.34025371E+03
 1318   0.21943160E+03
 1319   0.15772620E+03
 1320   0.12507318E+03
 1321   0.13961483E+03
 1322   0.31069174E+03
 1323   0.38240143E+03
 1324   0.25150085E+03
 1325   0.16512672E+03
 1326   0.15911647E+03
 1327   0.19301557E+03
 1328   0.25399894E+03
 1329   0.17079958E+03
 1330   0.88843810E+02
 1331   0.59931290E+02
 1332   0.60151040E+02
 1333   0.13804585E+03
 1334   0.18493322E+03
 1335   0.11079635E+03
 1336   0.67599780E+02
 1337   0.42117930E+02
 1338   0.25670260E+02
 1339   0.15131300E+02
 1340   0.81575900E+01
 1341   0.40666200E+01
 1342   0.14164600E+01
 1343   0.36662000E+00
 1344   0.27296000E+00
 1345   0.25977700E+01
 1346   0.32260300E+01
 1347   0.32424800E+01
 1348   0.43722230E+02
 1349   0.42592770E+02
 1350   0.29418240E+02
 1351   0.18428680E+02
 1352   0.11334000E+02
 1353   0.76721100E+01
 1354   0.55270600E+01
 1355   0.39617700E+01
 1356   0.13134400E+01
 1357   0.32200000E+00
 1358   0.12804900E+01
 1359   0.17531600E+01
 1360   0.29821800E+01
 1361   0.27683500E+01
 1362   0.10643300E+01
 1363   0.33743000E+00
 1364   0.20392000E+00
 1365   0.33939500E+01
 1366   0.18643830E+02
 1367   0.69160070E+02
 1368   0.12143857E+03
 1369   0.95363230E+02
 1370   0.66691260E+02
 1371   0.42747440E+02
 1372   0.27511200E+02
 1373   0.24739000E+02
 1374   0.39142400E+02
 1375   0.63875120E+02
 1376   0.71680730E+02
 1377   0.19615513E+03
 1378   0.17195644E+03
 1379   0.10109732E+03
 1380   0.70786870E+02
 1381   0.56821920E+02
 1382   0.42806930E+02
 1383   0.32771500E+02
 1384   0.24917500E+02
 1385   0.26794480E+02
 1386   0.71759520E+02
 1387   0.62483720E+02
 1388   0.40010770E+02
 1389   0.30465830E+02
 1390   0.22914130E+02
 1391   0.15267270E+02
 1392   0.10658460E+02
 1393   0.75816400E+01
 1394   0.67126100E+01
 1395   0.10126010E+02
 1396   0.14808980E+02
 1397   0.13269740E+02
 1398   0.11780190E+02
 1399   0.10411410E+02
 1400   0.14725880E+02
 1401   0.18804440E+02
 1402   0.15880960E+02
 1403   0.10681940E+02
 1404   0.75115000E+01
 1405   0.62439200E+01
 1406   0.59909100E+01
 1407   0.61841200E+01
 1408   0.51295500E+01
 1409   0.40056600E+01
 1410   0.28103800E+01
 1411   0.13507700E+01
 1412   0.49706000E+00
 1413   0.14352000E+00
 1414   0.60120000E-01
 1415   0.30700000E-01
 1416   0.18520000E-01
 1417   0.12580000E-01
 1418   0.92600000E-02
 1419   0.72000000E-02
 1420   0.58200000E-02
 1421   0.48400000E-02
 1422   0.41100000E-02
 1423   0.35400000E-02
 1424   0.30900000E-02
 1425   0.27200000E-02
 1426   0.24200000E-02
 1427   0.21600000E-02
 1428   0.19500000E-02
 1429   0.17700000E-02
 1430   0.16100000E-02
 1431   0.14700000E-02
 1432   0.13500000E-02
 1433   0.12400000E-02
 1434   0.11500000E-02
 1435   0.10600000E-02
 1436   0.99000000E-03
 1437   0.92000000E-03
 1438   0.87000000E-03
 1439   0.82000000E-03
 1440   0.78000000E-03
 1441   0.75000000E-03
 1442   0.73000000E-03
 1443   0.71000000E-03
 1444   0.69000000E-03
 1445   0.68000000E-03
 1446   0.66000000E-03
 1447   0.64000000E-03
 1448   0.62000000E-03
 1449   0.60000000E-03
 1450   0.58000000E-03
 1451   0.56000000E-03
 1452   0.53000000E-03
 1453   0.51000000E-03
 1454   0.48000000E-03
 1455   0.46000000E-03
 1456   0.44000000E-03
 1457   0.42000000E-03
 1458   0.40000000E-03
 1459   0.38000000E-03
 1460   0.36000000E-03
 1461   0.35000000E-03
 1462   0.33000000E-03
 1463   0.39000000E-03
 1464   0.36000000E-03
 1465   0.35000000E-03
 1466   0.35000000E-03
 1467   0.65000000E-03
 1468   0.66000000E-03
 1469   0.56500000E-02
 1470   0.74356000E+00
 1471   0.10269500E+01
 1472   0.20040100E+01
 1473   0.33778700E+01
 1474   0.47028300E+01
 1475   0.44696800E+01
 1476   0.36404100E+01
 1477   0.21955700E+01
 1478   0.11523800E+01
 1479   0.24174000E+00
 1480   0.71400000E-01
 1481   0.32420000E-01
 1482   0.18570000E-01
 1483   0.12270000E-01
 1484   0.89000000E-02
 1485   0.68700000E-02
 1486   0.55400000E-02
 1487   0.46000000E-02
 1488   0.39000000E-02
 1489   0.33700000E-02
 1490   0.29500000E-02
 1491   0.26000000E-02
 1492   0.23200000E-02
 1493   0.21700000E-02
 1494   0.28300000E-02
 1495   0.52000000E-02
 1496   0.74900000E-02
 1497   0.80500000E-02
 1498   0.74700000E-02
 1499   0.65500000E-02
 1500   0.56400000E-02
 1501   0.40525000E+00
 1502   0.59614300E+01
 1503   0.14524380E+02
 1504   0.18032670E+02
 1505   0.16136630E+02
 1506   0.12848770E+02
 1507   0.10521770E+02
 1508   0.86452800E+01
 1509   0.70360000E+01
 1510   0.58378100E+01
 1511   0.62037800E+01
 1512   0.10204080E+02
 1513   0.14212320E+02
 1514   0.16078500E+02
 1515   0.23425010E+02
 1516   0.63478450E+02
 1517   0.11998699E+03
 1518   0.93705740E+02
 1519   0.66984650E+02
 1520   0.47385150E+02
 1521   0.34512770E+02
 1522   0.23591350E+02
 1523   0.15826070E+02
 1524   0.11141820E+02
 1525   0.80716500E+01
 1526   0.60538400E+01
 1527   0.46164000E+01
 1528   0.32817500E+01
 1529   0.47331900E+01
 1530   0.11594170E+02
 1531   0.15548460E+02
 1532   0.15787390E+02
 1533   0.13119590E+02
 1534   0.98119400E+01
 1535   0.71199900E+01
 1536   0.54458300E+01
 1537   0.43015700E+01
 1538   0.42812000E+01
 1539   0.54852900E+01
 1540   0.51353100E+01
 1541   0.39704200E+01
 1542   0.31572700E+01
 1543   0.22638000E+01
 1544   0.17735700E+01
 1545   0.12484400E+01
 1546   0.72858000E+00
 1547   0.18203300E+01
 1548   0.33520100E+01
 1549   0.26405400E+01
 1550   0.14118200E+01
 1551   0.27922200E+01
 1552   0.15551450E+02
 1553   0.10180497E+03
 1554   0.12851316E+03
 1555   0.13040172E+03
 1556   0.14057098E+03
 1557   0.18756332E+03
 1558   0.17047569E+03
 1559   0.12823696E+03
 1560   0.12723035E+03
 1561   0.93478520E+02
 1562   0.58433810E+02
 1563   0.39378960E+02
 1564   0.37505510E+02
 1565   0.62379020E+02
 1566   0.55925080E+02
 1567   0.52041220E+02
 1568   0.52653630E+02
 1569   0.49766140E+02
 1570   0.45947930E+02
 1571   0.34395910E+02
 1572   0.23252050E+02
 1573   0.18526940E+02
 1574   0.45950990E+02
 1575   0.49232690E+02
 1576   0.33487180E+02
 1577   0.20823340E+02
 1578   0.13332970E+02
 1579   0.92440200E+01
 1580   0.67213700E+01
 1581   0.50863700E+01
 1582   0.34941400E+01
 1583   0.43256700E+01
 1584   0.65215000E+01
 1585   0.10891760E+02
 1586   0.12832940E+02
 1587   0.11327450E+02
 1588   0.14983440E+02
 1589   0.19631066E+03
 1590   0.28826554E+03
 1591   0.21327269E+03
 1592   0.16090583E+03
 1593   0.12637831E+03
 1594   0.13686059E+03
 1595   0.20138625E+03
 1596   0.29034447E+03
 1597   0.21552318E+03
 1598   0.12337023E+03
 1599   0.96521010E+02
 1600   0.18772123E+03
 1601   0.19523202E+03
 1602   0.10843261E+03
 1603   0.60099500E+02
 1604   0.34084230E+02
 1605   0.19380400E+02
 1606   0.15667800E+02
 1607   0.17210620E+02
 1608   0.30517190E+02
 1609   0.64223060E+02
 1610   0.60449320E+02
 1611   0.41032450E+02
 1612   0.50102630E+02
 1613   0.11494996E+03
 1614   0.98761520E+02
 1615   0.12150671E+03
 1616   0.31907331E+03
 1617   0.32835140E+03
 1618   0.49621597E+03
 1619   0.48632513E+03
 1620   0.34517172E+03
 1621   0.19116605E+03
 1622   0.95648900E+02
 1623   0.50493760E+02
 1624   0.33231500E+02
 1625   0.48949870E+02
 1626   0.92747860E+02
 1627   0.12037250E+03
 1628   0.14267686E+03
 1629   0.17228386E+03
 1630   0.42825098E+03
 1631   0.54286672E+03
 1632   0.64041553E+03
 1633   0.56681771E+03
 1634   0.27538338E+03
 1635   0.18264737E+03
 1636   0.23078914E+03
 1637   0.24167807E+03
 1638   0.92640558E+03
 1639   0.72675574E+03
 1640   0.42668872E+03
 1641   0.27723648E+03
 1642   0.18891665E+03
 1643   0.13785683E+03
 1644   0.11970205E+03
 1645   0.10842419E+03
 1646   0.94800470E+02
 1647   0.74766680E+02
 1648   0.70156610E+02
 1649   0.92594510E+02
 1650   0.12217261E+03
 1651   0.15334670E+03
 1652   0.98116950E+02
 1653   0.54551790E+02
 1654   0.54151170E+02
 1655   0.11529365E+03
 1656   0.12451521E+03
 1657   0.12887557E+03
 1658   0.23913411E+03
 1659   0.36909574E+03
 1660   0.29692298E+03
 1661   0.14964681E+03
 1662   0.75131450E+02
 1663   0.43005470E+02
 1664   0.39511920E+02
 1665   0.22741836E+03
 1666   0.40432017E+03
 1667   0.52405991E+03
 1668   0.50935783E+03
 1669   0.50079583E+03
 1670   0.53487235E+03
 1671   0.50636401E+03
 1672   0.55281253E+03
 1673   0.62951700E+03
 1674   0.56092673E+03
 1675   0.48563592E+03
 1676   0.42035144E+03
 1677   0.31110831E+03
 1678   0.26928235E+03
 1679   0.29196129E+03
 1680   0.55231727E+03
 1681   0.47948434E+03
 1682   0.23752530E+03
 1683   0.11761316E+03
 1684   0.72250490E+02
 1685   0.11239545E+03
 1686   0.22680315E+03
 1687   0.21492792E+03
 1688   0.12690445E+03
 1689   0.70853680E+02
 1690   0.41694970E+02
 1691   0.24602160E+02
 1692   0.14673490E+02
 1693   0.95624100E+01
 1694   0.66111200E+01
 1695   0.44624500E+01
 1696   0.27455500E+01
 1697   0.71436300E+01
 1698   0.77527210E+02
 1699   0.71679950E+02
 1700   0.65812300E+02
 1701   0.50267940E+02
 1702   0.32787910E+02
 1703   0.21003160E+02
 1704   0.14371260E+02
 1705   0.98399400E+01
 1706   0.73207600E+01
 1707   0.71615870E+02
 1708   0.28124908E+03
 1709   0.30257741E+03
 1710   0.47525779E+03
 1711   0.27099871E+03
 1712   0.12920426E+03
 1713   0.70056440E+02
 1714   0.40285060E+02
 1715   0.21891300E+02
 1716   0.13458800E+02
 1717   0.95083300E+01
 1718   0.69717100E+01
 1719   0.52633400E+01
 1720   0.38942600E+01
 1721   0.19699600E+01
 1722   0.98597000E+00
 1723   0.24136000E+00
 1724   0.13945000E+00
 1725   0.16432600E+01
 1726   0.30334500E+01
 1727   0.39685700E+01
 1728   0.43721500E+01
 1729   0.37119900E+01
 1730   0.15787900E+01
 1731   0.73738000E+00
 1732   0.41408000E+00
 1733   0.10956500E+01
 1734   0.18126400E+01
 1735   0.25518700E+01
 1736   0.17472800E+01
 1737   0.75814000E+00
 1738   0.27503000E+00
 1739   0.12663000E+00
 1740   0.38301500E+01
 1741   0.10850620E+02
 1742   0.15362540E+02
 1743   0.18104000E+02
 1744   0.20117320E+02
 1745   0.17621000E+02
 1746   0.29348210E+02
 1747   0.46957160E+02
 1748   0.48982150E+02
 1749   0.80284030E+02
 1750   0.74638040E+02
 1751   0.51379180E+02
 1752   0.46766700E+02
 1753   0.79403220E+02
 1754   0.22113406E+03
 1755   0.18198546E+03
 1756   0.91388180E+02
 1757   0.49526750E+02
 1758   0.29707780E+02
 1759   0.17821120E+02
 1760   0.11530850E+02
 1761   0.81004500E+01
 1762   0.59294500E+01
 1763   0.44309500E+01
 1764   0.27614900E+01
 1765   0.11403100E+01
 1766   0.23596000E+00
 1767   0.93890000E-01
 1768   0.56890000E-01
 1769   0.36970000E-01
 1770   0.24930000E-01
 1771   0.17680000E-01
 1772   0.13150000E-01
 1773   0.10170000E-01
 1774   0.81100000E-02
 1775   0.66300000E-02
 1776   0.55300000E-02
 1777   0.46900000E-02
 1778   0.40300000E-02
 1779   0.35000000E-02
 1780   0.30700000E-02
 1781   0.27200000E-02
 1782   0.24200000E-02
 1783   0.21700000E-02
 1784   0.19600000E-02
 1785   0.17800000E-02
 1786   0.16200000E-02
 1787   0.14800000E-02
 1788   0.13600000E-02
 1789   0.12500000E-02
 1790   0.11600000E-02
 1791   0.10700000E-02
 1792   0.10000000E-02
 1793   0.12210000E-01
 1794   0.76180000E-01
 1795   0.17275000E+00
 1796   0.10874000E+00
 1797   0.66300000E-01
 1798   0.45230000E-01
 1799   0.59970000E-01
 1800   0.27294600E+01
 1801   0.58209700E+01
 1802   0.68343700E+01
 1803   0.52056800E+01
 1804   0.31775100E+01
 1805   0.38841700E+01
 1806   0.61912200E+01
 1807   0.76216200E+01
 1808   0.14352770E+02
 1809   0.28811260E+02
 1810   0.47376860E+02
 1811   0.53258560E+02
 1812   0.40422730E+02
 1813   0.26121720E+02
 1814   0.16356960E+02
 1815   0.11082360E+02
 1816   0.78438200E+01
 1817   0.57763100E+01
 1818   0.37143700E+01
 1819   0.13268900E+01
 1820   0.49233000E+00
 1821   0.18762000E+00
 1822   0.97730000E-01
 1823   0.24417700E+01
 1824   0.46717300E+01
 1825   0.49604300E+01
 1826   0.50676500E+01
 1827   0.53844800E+01
 1828   0.43616800E+01
 1829   0.40642700E+01
 1830   0.41027400E+01
 1831   0.38088000E+01
 1832   0.32537500E+01
 1833   0.26314100E+01
 1834   0.20890900E+01
 1835   0.23652200E+01
 1836   0.31679500E+01
 1837   0.32511300E+01
 1838   0.28090300E+01
 1839   0.27458500E+01
 1840   0.23821100E+01
 1841   0.19009400E+01
 1842   0.13408600E+01
 1843   0.93287000E+00
 1844   0.35584000E+00
 1845   0.18253000E+00
 1846   0.10414000E+00
 1847   0.65050000E-01
 1848   0.41910000E-01
 1849   0.28240000E-01
 1850   0.20090000E-01
 1851   0.14990000E-01
 1852   0.11620000E-01
 1853   0.92700000E-02
 1854   0.75800000E-02
 1855   0.63100000E-02
 1856   0.53400000E-02
 1857   0.45800000E-02
 1858   0.39700000E-02
 1859   0.34700000E-02
 1860   0.30600000E-02
 1861   0.27200000E-02
 1862   0.24300000E-02
 1863   0.21900000E-02
 1864   0.19800000E-02
 1865   0.10850000E-01
 1866   0.45330000E-01
 1867   0.14397000E+00
 1868   0.97300000E-01
 1869   0.60150000E-01
 1870   0.51120000E-01
 1871   0.12924000E+00
 1872   0.10124000E+00
 1873   0.83830000E-01
 1874   0.75780000E-01
 1875   0.56350000E-01
 1876   0.39770000E-01
 1877   0.28560000E-01
 1878   0.21170000E-01
 1879   0.16190000E-01
 1880   0.25026800E+01
 1881   0.55970100E+01
 1882   0.82168000E+01
 1883   0.75669200E+01
 1884   0.69819600E+01
 1885   0.75468800E+01
 1886   0.93115200E+01
 1887   0.14532540E+02
 1888   0.16712800E+02
 1889   0.12051880E+02
 1890   0.88016600E+01
 1891   0.70186400E+01
 1892   0.55965100E+01
 1893   0.44151900E+01
 1894   0.31453000E+01
 1895   0.15961100E+01
 1896   0.95432000E+00
 1897   0.31322000E+00
 1898   0.14121000E+00
 1899   0.74220000E-01
 1900   0.45460000E-01
 1901   0.29490000E-01
 1902   0.20270000E-01
 1903   0.14700000E-01
 1904   0.11150000E-01
 1905   0.90600000E-02
 1906   0.10018830E+02
 1907   0.66911570E+02
 1908   0.13321146E+03
 1909   0.93842820E+02
 1910   0.70259750E+02
 1911   0.54522640E+02
 1912   0.39315500E+02
 1913   0.29031520E+02
 1914   0.20437840E+02
 1915   0.13781430E+02
 1916   0.98623300E+01
 1917   0.73593100E+01
 1918   0.56711200E+01
 1919   0.43904800E+01
 1920   0.28289700E+01
 1921   0.23089300E+01
 1922   0.24395600E+01
 1923   0.22233400E+01
 1924   0.18819500E+01
 1925   0.14628600E+01
 1926   0.13048200E+01
 1927   0.94799000E+00
 1928   0.36284000E+00
 1929   0.18157000E+00
 1930   0.90420000E-01
 1931   0.50730000E-01
 1932   0.32590000E-01
 1933   0.16152300E+01
 1934   0.55389900E+01
 1935   0.11620450E+02
 1936   0.19178030E+02
 1937   0.23688250E+02
 1938   0.22054150E+02
 1939   0.17583730E+02
 1940   0.12909820E+02
 1941   0.88109800E+01
 1942   0.18314070E+02
 1943   0.10226472E+03
 1944   0.72594570E+02
 1945   0.44662250E+02
 1946   0.28769950E+02
 1947   0.19108020E+02
 1948   0.13146710E+02
 1949   0.93357000E+01
 1950   0.67966600E+01
 1951   0.45256000E+01
 1952   0.22179700E+01
 1953   0.25932400E+01
 1954   0.44501100E+01
 1955   0.45928600E+01
 1956   0.51860000E+01
 1957   0.12376950E+02
 1958   0.16598260E+02
 1959   0.13169990E+02
 1960   0.12143920E+02
 1961   0.20136990E+02
 1962   0.25351230E+02
 1963   0.26119060E+02
 1964   0.35563840E+02
 1965   0.27464775E+03
 1966   0.15199163E+03
 1967   0.86602830E+02
 1968   0.55106850E+02
 1969   0.35960790E+02
 1970   0.24169550E+02
 1971   0.18601900E+02
 1972   0.17096110E+02
 1973   0.15753310E+02
 1974   0.12356480E+02
 1975   0.85097500E+01
 1976   0.64751600E+01
 1977   0.56048100E+01
 1978   0.42043300E+01
 1979   0.30921100E+01
 1980   0.25814200E+01
 1981   0.54446100E+01
 1982   0.63897240E+02
 1983   0.24531611E+03
 1984   0.16356745E+03
 1985   0.11322419E+03
 1986   0.73949560E+02
 1987   0.46945090E+02
 1988   0.30584190E+02
 1989   0.21219100E+02
 1990   0.36082750E+02
 1991   0.16473714E+03
 1992   0.64641818E+03
 1993   0.52955908E+03
 1994   0.25628008E+03
 1995   0.12839563E+03
 1996   0.84305640E+02
 1997   0.93947730E+02
 1998   0.13425233E+03
 1999   0.11340181E+03
 2000   0.98157110E+02
 2001   0.10369064E+03
 2002   0.15751845E+03
 2003   0.18945736E+03
 2004   0.13458155E+03
 2005   0.10358258E+03
 2006   0.93348410E+02
 2007   0.10258469E+03
 2008   0.14521117E+03
 2009   0.19484323E+03
 2010   0.20396083E+03
 2011   0.18391939E+03
 2012   0.12039895E+03
 2013   0.72563160E+02
 2014   0.49590140E+02
 2015   0.45674460E+02
 2016   0.53199090E+02
 2017   0.70709550E+02
 2018   0.82436670E+02
 2019   0.12031284E+03
 2020   0.95134310E+02
 2021   0.56573450E+02
 2022   0.37217600E+02
 2023   0.25433020E+02
 2024   0.20169390E+02
 2025   0.18288200E+02
 2026   0.20356280E+02
 2027   0.25209820E+02
 2028   0.33500250E+02
 2029   0.41952230E+02
 2030   0.37037040E+02
 2031   0.29715410E+02
 2032   0.23636320E+02
 2033   0.17390040E+02
 2034   0.12308610E+02
 2035   0.85969000E+01
 2036   0.12564000E+02
 2037   0.48988430E+02
 2038   0.54549260E+02
 2039   0.33569000E+02
 2040   0.24198000E+02
 2041   0.34800380E+02
 2042   0.11307473E+03
 2043   0.93954790E+02
 2044   0.68910420E+02
 2045   0.55619530E+02
 2046   0.48401470E+02
 2047   0.48744340E+02
 2048   0.16235517E+03
 2049   0.46788008E+03
 2050   0.43840592E+03
 2051   0.41304037E+03
 2052   0.44175612E+03
 2053   0.32139180E+03
 2054   0.18870855E+03
 2055   0.10816770E+03
 2056   0.63228510E+02
 2057   0.52892880E+02
 2058   0.44820070E+02
 2059   0.41283490E+02
 2060   0.36794660E+02
 2061   0.28844540E+02
 2062   0.20488430E+02
 2063   0.13794710E+02
 2064   0.86108600E+01
 2065   0.78376600E+01
 2066   0.26637712E+03
 2067   0.33433400E+03
 2068   0.30573440E+03
 2069   0.23226900E+03
 2070   0.13892457E+03
 2071   0.75891540E+02
 2072   0.46144600E+02
 2073   0.44917890E+02
 2074   0.46320390E+02
 2075   0.87032360E+02
 2076   0.89801120E+02
 2077   0.52107780E+02
 2078   0.31250280E+02
 2079   0.21044660E+02
 2080   0.17196050E+02
 2081   0.15145540E+02
 2082   0.13870510E+02
 2083   0.12808610E+02
 2084   0.11211380E+02
 2085   0.11381170E+02
 2086   0.15465150E+02
 2087   0.23372860E+02
 2088   0.24183090E+02
 2089   0.18060260E+02
 2090   0.11721450E+02
 2091   0.64609700E+01
 2092   0.27577100E+01
 2093   0.81303000E+00
 2094   0.18830000E+00
 2095   0.13374000E+00
 2096   0.10434000E+00
 2097   0.78670000E-01
 2098   0.62990000E-01
 2099   0.47400000E-01
 2100   0.32710000E-01
 2101   0.22720000E-01
 2102   0.16440000E-01
 2103   0.12410000E-01
 2104   0.97000000E-02
 2105   0.78000000E-02
 2106   0.64200000E-02
 2107   0.53900000E-02
 2108   0.45900000E-02
 2109   0.39600000E-02
 2110   0.34500000E-02
 2111   0.30300000E-02
 2112   0.26900000E-02
 2113   0.24000000E-02
 2114   0.21600000E-02
 2115   0.19500000E-02
 2116   0.17700000E-02
 2117   0.84520000E-01
 2118   0.32531500E+01
 2119   0.64901200E+01
 2120   0.70116600E+01
 2121   0.62182500E+01
 2122   0.45132000E+01
 2123   0.26531900E+01
 2124   0.20097700E+01
 2125   0.16739500E+01
 2126   0.11167400E+01
 2127   0.65360000E+00
 2128   0.31064000E+00
 2129   0.14518000E+00
 2130   0.72420000E-01
 2131   0.41510000E-01
 2132   0.26850000E-01
 2133   0.18890000E-01
 2134   0.14090000E-01
 2135   0.10950000E-01
 2136   0.87800000E-02
 2137   0.72000000E-02
 2138   0.60200000E-02
 2139   0.51100000E-02
 2140   0.44000000E-02
 2141   0.38200000E-02
 2142   0.33500000E-02
 2143   0.29600000E-02
 2144   0.26400000E-02
 2145   0.23600000E-02
 2146   0.21300000E-02
 2147   0.19300000E-02
 2148   0.17500000E-02
 2149   0.16000000E-02
 2150   0.14700000E-02
 2151   0.13500000E-02
 2152   0.12400000E-02
 2153   0.11500000E-02
 2154   0.10700000E-02
 2155   0.99000000E-03
 2156   0.93000000E-03
 2157   0.87000000E-03
 2158   0.81000000E-03
 2159   0.76000000E-03
 2160   0.72000000E-03
 2161   0.67000000E-03
 2162   0.64000000E-03
 2163   0.60000000E-03
 2164   0.57000000E-03
 2165   0.54000000E-03
 2166   0.51000000E-03
 2167   0.49000000E-03
 2168   0.46000000E-03
 2169   0.44000000E-03
 2170   0.42000000E-03
 2171   0.40000000E-03
 2172   0.38000000E-03
 2173   0.37000000E-03
 2174   0.35000000E-03
 2175   0.34000000E-03
 2176   0.32000000E-03
 2177   0.31000000E-03
 2178   0.30000000E-03
 2179   0.19677300E+01
 2180   0.64231100E+01
 2181   0.11516620E+02
 2182   0.13828720E+02
 2183   0.13392750E+02
 2184   0.10111470E+02
 2185   0.66394100E+01
 2186   0.43237800E+01
 2187   0.17071000E+01
 2188   0.62623000E+00
 2189   0.31870000E+00
 2190   0.20583000E+00
 2191   0.13916000E+00
 2192   0.93580000E-01
 2193   0.71780000E-01
 2194   0.59830000E-01
 2195   0.46110000E-01
 2196   0.32320000E-01
 2197   0.97355000E+00
 2198   0.16042900E+01
 2199   0.25859600E+01
 2200   0.29859600E+01
 2201   0.25957700E+01
 2202   0.13809400E+01
 2203   0.67660000E+00
 2204   0.20194000E+00
 2205   0.79980000E-01
 2206   0.36860000E-01
 2207   0.19630000E-01
 2208   0.11800000E-01
 2209   0.77900000E-02
 2210   0.55300000E-02
 2211   0.41500000E-02
 2212   0.32600000E-02
 2213   0.26500000E-02
 2214   0.22400000E-02
 2215   0.67500000E-02
 2216   0.26860000E-01
 2217   0.26096200E+01
 2218   0.69677700E+01
 2219   0.15210030E+02
 2220   0.16074240E+02
 2221   0.15244940E+02
 2222   0.12284390E+02
 2223   0.96197400E+01
 2224   0.75571600E+01
 2225   0.59768300E+01
 2226   0.46839200E+01
 2227   0.33975100E+01
 2228   0.11595300E+01
 2229   0.19613000E+00
 2230   0.87450000E-01
 2231   0.64610000E-01
 2232   0.49180000E-01
 2233   0.34250000E-01
 2234   0.23810000E-01
 2235   0.17200000E-01
 2236   0.12960000E-01
 2237   0.10120000E-01
 2238   0.81300000E-02
 2239   0.66800000E-02
 2240   0.56000000E-02
 2241   0.47600000E-02
 2242   0.41000000E-02
 2243   0.35700000E-02
 2244   0.31300000E-02
 2245   0.13130000E-01
 2246   0.46860000E-01
 2247   0.14551000E+00
 2248   0.21221000E+00
 2249   0.19515000E+00
 2250   0.37916000E+00
 2251   0.25237000E+00
 2252   0.13706000E+00
 2253   0.85603000E+00
 2254   0.10665400E+01
 2255   0.34160000E+00
 2256   0.98322000E+00
 2257   0.69282000E+00
 2258   0.38612000E+00
 2259   0.11784900E+01
 2260   0.24256400E+01
 2261   0.41782100E+01
 2262   0.72660900E+01
 2263   0.10410600E+02
 2264   0.12157440E+02
 2265   0.26207480E+02
 2266   0.66504530E+02
 2267   0.72651590E+02
 2268   0.55517820E+02
 2269   0.40871510E+02
 2270   0.51664730E+02
 2271   0.99231290E+02
 2272   0.17197036E+03
 2273   0.15209534E+03
 2274   0.98415600E+02
 2275   0.58843330E+02
 2276   0.35375610E+02
 2277   0.21447710E+02
 2278   0.13899090E+02
 2279   0.94916400E+01
 2280   0.77662900E+01
 2281   0.69828500E+01
 2282   0.61439200E+01
 2283   0.64877100E+01
 2284   0.17326760E+02
 2285   0.35235840E+02
 2286   0.30298100E+02
 2287   0.23446910E+02
 2288   0.17409450E+02
 2289   0.12475810E+02
 2290   0.10083230E+02
 2291   0.80796400E+01
 2292   0.61904700E+01
 2293   0.47365700E+01
 2294   0.33911500E+01
 2295   0.15883500E+01
 2296   0.84722000E+00
 2297   0.23008000E+00
 2298   0.11091000E+00
 2299   0.73030000E-01
 2300   0.25327000E+00
 2301   0.36970000E+00
 2302   0.35191200E+01
 2303   0.53324310E+02
 2304   0.22598345E+03
 2305   0.19580789E+03
 2306   0.14715863E+03
 2307   0.12363187E+03
 2308   0.85832590E+02
 2309   0.54033740E+02
 2310   0.35856900E+02
 2311   0.25740920E+02
 2312   0.18120490E+02
 2313   0.13239700E+02
 2314   0.99327000E+01
 2315   0.82560200E+01
 2316   0.79480600E+01
 2317   0.69414400E+01
 2318   0.67026400E+01
 2319   0.68580000E+01
 2320   0.53761200E+01
 2321   0.40474000E+01
 2322   0.59717700E+01
 2323   0.25459070E+02
 2324   0.85289330E+02
 2325   0.81785160E+02
 2326   0.85864470E+02
 2327   0.15797902E+03
 2328   0.10371925E+03
 2329   0.58776240E+02
 2330   0.32491130E+02
 2331   0.19020900E+02
 2332   0.12268110E+02
 2333   0.91022000E+01
 2334   0.14360890E+02
 2335   0.61455040E+02
 2336   0.28402645E+03
 2337   0.27647735E+03
 2338   0.14606845E+03
 2339   0.76727490E+02
 2340   0.44247760E+02
 2341   0.47546610E+02
 2342   0.11431346E+03
 2343   0.79138130E+02
 2344   0.46809070E+02
 2345   0.29721360E+02
 2346   0.27187300E+02
 2347   0.47719420E+02
 2348   0.37530590E+02
 2349   0.26418760E+02
 2350   0.10800860E+03
 2351   0.29382122E+03
 2352   0.20544291E+03
 2353   0.17151283E+03
 2354   0.18448444E+03
 2355   0.22788281E+03
 2356   0.21584325E+03
 2357   0.15698309E+03
 2358   0.10018244E+03
 2359   0.66218810E+02
 2360   0.53240250E+02
 2361   0.50817640E+02
 2362   0.71128290E+02
 2363   0.10517787E+03
 2364   0.14715294E+03
 2365   0.13926678E+03
 2366   0.10357590E+03
 2367   0.89568980E+02
 2368   0.98990970E+02
 2369   0.14723871E+03
 2370   0.19809966E+03
 2371   0.16100620E+03
 2372   0.15174906E+03
 2373   0.16529993E+03
 2374   0.10342118E+03
 2375   0.11769984E+03
 2376   0.28943929E+03
 2377   0.21567016E+03
 2378   0.15070170E+03
 2379   0.11307319E+03
 2380   0.99628320E+02
 2381   0.98811540E+02
 2382   0.11230571E+03
 2383   0.10026580E+03
 2384   0.10806859E+03
 2385   0.15105142E+03
 2386   0.83564499E+03
 2387   0.55730946E+03
 2388   0.27417424E+03
 2389   0.12171841E+03
 2390   0.68808560E+02
 2391   0.40654380E+02
 2392   0.25032230E+02
 2393   0.28906940E+02
 2394   0.10645453E+03
 2395   0.75603180E+02
 2396   0.46084190E+02
 2397   0.30196360E+02
 2398   0.32573790E+02
 2399   0.14958984E+03
 2400   0.96066080E+02
 2401   0.49766220E+02
 2402   0.28062320E+02
 2403   0.17211000E+02
 2404   0.12142540E+02
 2405   0.45085740E+02
 2406   0.69227867E+03
 2407   0.78799685E+03
 2408   0.66082823E+03
 2409   0.26286170E+03
 2410   0.11781831E+03
 2411   0.65549360E+02
 2412   0.35856100E+02
 2413   0.27890940E+02
 2414   0.23491930E+02
 2415   0.21399040E+02
 2416   0.33668360E+02
 2417   0.77567150E+02
 2418   0.10942603E+03
 2419   0.10332652E+03
 2420   0.77260510E+02
 2421   0.55876430E+02
 2422   0.22638490E+03
 2423   0.11987655E+03
 2424   0.58123980E+02
 2425   0.34549150E+02
 2426   0.36253040E+02
 2427   0.16085236E+03
 2428   0.23926039E+03
 2429   0.19395129E+03
 2430   0.10288029E+03
 2431   0.54076680E+02
 2432   0.31717560E+02
 2433   0.27445050E+02
 2434   0.37391520E+02
 2435   0.38133860E+02
 2436   0.27721580E+02
 2437   0.18762170E+02
 2438   0.15041120E+02
 2439   0.29004350E+02
 2440   0.34658310E+02
 2441   0.23885300E+02
 2442   0.13942750E+02
 2443   0.66092100E+01
 2444   0.26683000E+01
 2445   0.27394200E+01
 2446   0.10227280E+02
 2447   0.66083760E+02
 2448   0.83981380E+02
 2449   0.61589710E+02
 2450   0.38557360E+02
 2451   0.23908540E+02
 2452   0.14604150E+02
 2453   0.88179900E+01
 2454   0.61704100E+01
 2455   0.47832300E+01
 2456   0.36178000E+01
 2457   0.17540300E+01
 2458   0.84824000E+00
 2459   0.18116000E+00
 2460   0.88900000E-01
 2461   0.57050000E-01
 2462   0.37640000E-01
 2463   0.25590000E-01
 2464   0.18260000E-01
 2465   0.13650000E-01
 2466   0.10590000E-01
 2467   0.84700000E-02
 2468   0.69300000E-02
 2469   0.57900000E-02
 2470   0.49100000E-02
 2471   0.42200000E-02
 2472   0.36600000E-02
 2473   0.32100000E-02
 2474   0.28400000E-02
 2475   0.25300000E-02
 2476   0.22700000E-02
 2477   0.20400000E-02
 2478   0.18500000E-02
 2479   0.16900000E-02
 2480   0.42386200E+01
 2481   0.13489210E+02
 2482   0.15306410E+02
 2483   0.10875980E+02
 2484   0.54021100E+01
 2485   0.15843200E+01
 2486   0.39360000E+00
 2487   0.17821000E+00
 2488   0.13555000E+00
 2489   0.11079000E+00
 2490   0.90910000E-01
 2491   0.73930000E-01
 2492   0.56130000E-01
 2493   0.38670000E-01
 2494   0.26590000E-01
 2495   0.19030000E-01
 2496   0.14220000E-01
 2497   0.11020000E-01
 2498   0.87900000E-02
 2499   0.71800000E-02
 2500   0.59800000E-02
 2501   0.50600000E-02
 2502   0.43300000E-02
 2503   0.37600000E-02
 2504   0.32900000E-02
 2505   0.29000000E-02
 2506   0.25800000E-02
 2507   0.23100000E-02
 2508   0.20800000E-02
 2509   0.18800000E-02
 2510   0.17100000E-02
 2511   0.15600000E-02
 2512   0.14300000E-02
 2513   0.13100000E-02
 2514   0.12100000E-02
 2515   0.11200000E-02
 2516   0.10400000E-02
 2517   0.97000000E-03
 2518   0.21262700E+01
 2519   0.55206400E+01
 2520   0.97964100E+01
 2521   0.13230960E+02
 2522   0.22073340E+02
 2523   0.19037400E+02
 2524   0.13147870E+02
 2525   0.84262100E+01
 2526   0.59748100E+01
 2527   0.45666200E+01
 2528   0.33640500E+01
 2529   0.17317300E+01
 2530   0.95105000E+00
 2531   0.23224000E+00
 2532   0.10260000E+00
 2533   0.54680000E-01
 2534   0.33310000E-01
 2535   0.22380000E-01
 2536   0.16120000E-01
 2537   0.12210000E-01
 2538   0.96000000E-02
 2539   0.77900000E-02
 2540   0.74700000E-02
 2541   0.70600000E-02
 2542   0.73300000E-02
 2543   0.80000000E-02
 2544   0.84200000E-02
 2545   0.82100000E-02
 2546   0.75100000E-02
 2547   0.66300000E-02
 2548   0.57600000E-02
 2549   0.50000000E-02
 2550   0.37170000E-01
 2551   0.75724000E+00
 2552   0.36731000E+00
 2553   0.16684000E+00
 2554   0.90480000E-01
 2555   0.55540000E-01
 2556   0.37120000E-01
 2557   0.26370000E-01
 2558   0.19610000E-01
 2559   0.15100000E-01
 2560   0.11960000E-01
 2561   0.96800000E-02
 2562   0.79900000E-02
 2563   0.66900000E-02
 2564   0.56800000E-02
 2565   0.48800000E-02
 2566   0.42300000E-02
 2567   0.37000000E-02
 2568   0.23630000E-01
 2569   0.87508000E+00
 2570   0.66524000E+00
 2571   0.27341000E+00
 2572   0.16200000E+00
 2573   0.10069000E+00
 2574   0.62520000E-01
 2575   0.52920000E-01
 2576   0.66330000E-01
 2577   0.86150000E-01
 2578   0.66250000E-01
 2579   0.45620000E-01
 2580   0.31910000E-01
 2581   0.23120000E-01
 2582   0.17360000E-01
 2583   0.13450000E-01
 2584   0.10690000E-01
 2585   0.86900000E-02
 2586   0.72000000E-02
 2587   0.12060000E-01
 2588   0.10594000E+00
 2589   0.87050000E-01
 2590   0.60920000E-01
 2591   0.48790000E-01
 2592   0.39100000E-01
 2593   0.30020000E-01
 2594   0.22850000E-01
 2595   0.17610000E-01
 2596   0.13850000E-01
 2597   0.11110000E-01
 2598   0.90700000E-02
 2599   0.33425100E+01
 2600   0.18480330E+02
 2601   0.43789030E+02
 2602   0.48052920E+02
 2603   0.38505300E+02
 2604   0.27343180E+02
 2605   0.18569970E+02
 2606   0.12780970E+02
 2607   0.90430400E+01
 2608   0.75762000E+01
 2609   0.62496900E+01
 2610   0.49934500E+01
 2611   0.43745800E+01
 2612   0.58308200E+01
 2613   0.80092800E+01
 2614   0.78103700E+01
 2615   0.69404400E+01
 2616   0.66955300E+01
 2617   0.59887600E+01
 2618   0.52347100E+01
 2619   0.45886000E+01
 2620   0.39759000E+01
 2621   0.34865000E+01
 2622   0.27499300E+01
 2623   0.18678200E+01
 2624   0.11922300E+01
 2625   0.56880000E+00
 2626   0.10540000E+01
 2627   0.20549700E+01
 2628   0.35949700E+01
 2629   0.80168900E+01
 2630   0.12291950E+02
 2631   0.11744660E+02
 2632   0.10309240E+02
 2633   0.10130070E+02
 2634   0.98202500E+01
 2635   0.11112320E+02
 2636   0.13989650E+02
 2637   0.15431360E+02
 2638   0.14269870E+02
 2639   0.14150890E+02
 2640   0.12112310E+02
 2641   0.95247500E+01
 2642   0.75764800E+01
 2643   0.61467100E+01
 2644   0.50079800E+01
 2645   0.53136200E+01
 2646   0.81000300E+01
 2647   0.90238500E+01
 2648   0.57273800E+01
 2649   0.21295900E+01
 2650   0.75154000E+00
 2651   0.25216000E+00
 2652   0.17428000E+00
 2653   0.21991300E+01
 2654   0.41236800E+01
 2655   0.33384700E+01
 2656   0.10967300E+01
 2657   0.30540000E+00
 2658   0.18821000E+00
 2659   0.13008000E+00
 2660   0.93040000E-01
 2661   0.63830000E-01
 2662   0.42830000E-01
 2663   0.29810000E-01
 2664   0.21730000E-01
 2665   0.21230000E-01
 2666   0.27379100E+01
 2667   0.71165200E+01
 2668   0.91288700E+01
 2669   0.89777400E+01
 2670   0.14130920E+02
 2671   0.21961860E+02
 2672   0.22333460E+02
 2673   0.22948320E+02
 2674   0.85460400E+02
 2675   0.67844050E+02
 2676   0.46833000E+02
 2677   0.47946980E+02
 2678   0.78957630E+02
 2679   0.85436510E+02
 2680   0.58940020E+02
 2681   0.35919860E+02
 2682   0.23662930E+02
 2683   0.16055070E+02
 2684   0.11069430E+02
 2685   0.87287400E+01
 2686   0.74294600E+01
 2687   0.94088700E+01
 2688   0.35920440E+02
 2689   0.11885309E+03
 2690   0.24198711E+03
 2691   0.32153285E+03
 2692   0.15964043E+03
 2693   0.80574770E+02
 2694   0.44578840E+02
 2695   0.25478850E+02
 2696   0.15299790E+02
 2697   0.10171750E+02
 2698   0.70396400E+01
 2699   0.46835600E+01
 2700   0.33115100E+01
 2701   0.70737700E+01
 2702   0.76603360E+02
 2703   0.69921830E+02
 2704   0.55735550E+02
 2705   0.42850880E+02
 2706   0.37942830E+02
 2707   0.29869600E+02
 2708   0.24588360E+02
 2709   0.22169720E+02
 2710   0.54723460E+02
 2711   0.47530660E+02
 2712   0.54316810E+02
 2713   0.11085653E+03
 2714   0.20096341E+03
 2715   0.12736823E+03
 2716   0.10823492E+03
 2717   0.23575621E+03
 2718   0.40192902E+03
 2719   0.47590338E+03
 2720   0.45895008E+03
 2721   0.30278319E+03
 2722   0.91095111E+03
 2723   0.62416208E+03
 2724   0.34165407E+03
 2725   0.26167625E+03
 2726   0.20558167E+03
 2727   0.11845019E+03
 2728   0.82108840E+02
 2729   0.49331822E+03
 2730   0.62217337E+03
 2731   0.41166338E+03
 2732   0.37456484E+03
 2733   0.27364686E+03
 2734   0.16686067E+03
 2735   0.95977290E+02
 2736   0.57972280E+02
 2737   0.38225040E+02
 2738   0.29420030E+02
 2739   0.23322670E+02
 2740   0.47376840E+02
 2741   0.17766819E+03
 2742   0.15169905E+03
 2743   0.10469082E+03
 2744   0.80069750E+02
 2745   0.74019280E+02
 2746   0.10798910E+03
 2747   0.21353982E+03
 2748   0.20183223E+03
 2749   0.11530723E+03
 2750   0.69933050E+02
 2751   0.49082650E+02
 2752   0.41377940E+02
 2753   0.35060430E+02
 2754   0.24695480E+02
 2755   0.15855780E+02
 2756   0.14434140E+02
 2757   0.15876700E+02
 2758   0.16964870E+02
 2759   0.16156610E+02
 2760   0.13356770E+02
 2761   0.32489440E+02
 2762   0.88677700E+02
 2763   0.31520206E+03
 2764   0.28991526E+03
 2765   0.30121172E+03
 2766   0.51561880E+03
 2767   0.31271392E+03
 2768   0.20973177E+03
 2769   0.12711095E+03
 2770   0.18803386E+03
 2771   0.22349512E+03
 2772   0.35051326E+03
 2773   0.33116528E+03
 2774   0.62343088E+03
 2775   0.13065800E+04
 2776   0.94729860E+03
 2777   0.11904192E+04
 2778   0.57465859E+03
 2779   0.60043471E+03
 2780   0.52877709E+03
 2781   0.25336728E+03
 2782   0.11372700E+03
 2783   0.70095560E+02
 2784   0.50953850E+02
 2785   0.25870284E+03
 2786   0.44686445E+03
 2787   0.23126562E+03
 2788   0.11710712E+03
 2789   0.78096810E+02
 2790   0.52657170E+02
 2791   0.33484700E+02
 2792   0.21253430E+02
 2793   0.13237560E+02
 2794   0.83655900E+01
 2795   0.77983700E+01
 2796   0.35741725E+03
 2797   0.60416391E+03
 2798   0.62518298E+03
 2799   0.48889110E+03
 2800   0.61246075E+03
 2801   0.31579053E+03
 2802   0.16846508E+03
 2803   0.10362345E+03
 2804   0.63116730E+02
 2805   0.45727790E+02
 2806   0.31730880E+02
 2807   0.21710200E+02
 2808   0.19237960E+03
 2809   0.21786249E+03
 2810   0.12792057E+03
 2811   0.89080080E+02
 2812   0.50539890E+02
 2813   0.29544220E+02
 2814   0.17399530E+02
 2815   0.11944300E+02
 2816   0.11125660E+02
 2817   0.99683800E+01
 2818   0.73566200E+01
 2819   0.94186600E+01
 2820   0.14374400E+02
 2821   0.17504160E+02
 2822   0.30322070E+02
 2823   0.34742950E+02
 2824   0.24362190E+02
 2825   0.15984400E+02
 2826   0.99946700E+01
 2827   0.68328800E+01
 2828   0.50091700E+01
 2829   0.35373100E+01
 2830   0.15888400E+01
 2831   0.58296000E+00
 2832   0.13848000E+00
 2833   0.72550000E-01
 2834   0.45380000E-01
 2835   0.29830000E-01
 2836   0.20690000E-01
 2837   0.15110000E-01
 2838   0.11520000E-01
 2839   0.90900000E-02
 2840   0.73600000E-02
 2841   0.61000000E-02
 2842   0.51400000E-02
 2843   0.43900000E-02
 2844   0.38000000E-02
 2845   0.33200000E-02
 2846   0.29300000E-02
 2847   0.26000000E-02
 2848   0.23300000E-02
 2849   0.25600000E-02
 2850   0.24500000E-02
 2851   0.25200000E-02
 2852   0.27300000E-02
 2853   0.30400000E-02
 2854   0.90467000E+00
 2855   0.13941500E+01
 2856   0.15709500E+01
 2857   0.11044700E+01
 2858   0.40163000E+00
 2859   0.16003000E+00
 2860   0.65970000E-01
 2861   0.30690000E-01
 2862   0.16600000E-01
 2863   0.10110000E-01
 2864   0.67200000E-02
 2865   0.47700000E-02
 2866   0.35700000E-02
 2867   0.27800000E-02
 2868   0.22400000E-02
 2869   0.18500000E-02
 2870   0.15700000E-02
 2871   0.13500000E-02
 2872   0.11800000E-02
 2873   0.10500000E-02
 2874   0.94000000E-03
 2875   0.85000000E-03
 2876   0.77000000E-03
 2877   0.71000000E-03
 2878   0.66000000E-03
 2879   0.61000000E-03
 2880   0.57000000E-03
 2881   0.53000000E-03
 2882   0.50000000E-03
 2883   0.47000000E-03
 2884   0.44000000E-03
 2885   0.42000000E-03
 2886   0.39000000E-03
 2887   0.37000000E-03
 2888   0.35000000E-03
 2889   0.34000000E-03
 2890   0.32000000E-03
 2891   0.31000000E-03
 2892   0.29000000E-03
 2893   0.28000000E-03
 2894   0.27000000E-03
 2895   0.26000000E-03
 2896   0.25000000E-03
 2897   0.24000000E-03
 2898   0.23000000E-03
 2899   0.22000000E-03
 2900   0.21000000E-03
 2901   0.20000000E-03
 2902   0.20000000E-03
 2903   0.30006500E+01
 2904   0.98428500E+01
 2905   0.18238530E+02
 2906   0.20588490E+02
 2907   0.18457980E+02
 2908   0.14481340E+02
 2909   0.10026870E+02
 2910   0.73179300E+01
 2911   0.56002700E+01
 2912   0.43191800E+01
 2913   0.28008100E+01
 2914   0.93068000E+00
 2915   0.15941000E+00
 2916   0.29091000E+00
 2917   0.20848700E+01
 2918   0.56810400E+01
 2919   0.46750680E+02
 2920   0.77695390E+02
 2921   0.53360500E+02
 2922   0.33980190E+02
 2923   0.21520780E+02
 2924   0.13603280E+02
 2925   0.85299800E+01
 2926   0.59511800E+01
 2927   0.44974700E+01
 2928   0.31796800E+01
 2929   0.14701300E+01
 2930   0.85207000E+00
 2931   0.89278000E+00
 2932   0.50961000E+00
 2933   0.26892000E+00
 2934   0.14586000E+00
 2935   0.84020000E-01
 2936   0.53930000E-01
 2937   0.57930000E-01
 2938   0.91270000E-01
 2939   0.75700000E-01
 2940   0.51890000E-01
 2941   0.35620000E-01
 2942   0.25400000E-01
 2943   0.26090000E-01
 2944   0.37240600E+01
 2945   0.89510300E+01
 2946   0.11128480E+02
 2947   0.99822000E+01
 2948   0.71974400E+01
 2949   0.41732400E+01
 2950   0.24563800E+01
 2951   0.20802700E+01
 2952   0.23186700E+01
 2953   0.23674600E+01
 2954   0.18107800E+01
 2955   0.79702000E+00
 2956   0.21121000E+01
 2957   0.34195200E+01
 2958   0.21089800E+01
 2959   0.93534000E+00
 2960   0.37385000E+00
 2961   0.25012000E+00
 2962   0.17964000E+00
 2963   0.14964000E+00
 2964   0.20325700E+01
 2965   0.36896300E+01
 2966   0.63926200E+01
 2967   0.10668000E+02
 2968   0.19953300E+02
 2969   0.24752590E+02
 2970   0.26481690E+02
 2971   0.28122100E+02
 2972   0.33325740E+02
 2973   0.63260010E+02
 2974   0.96378600E+02
 2975   0.79910470E+02
 2976   0.55351510E+02
 2977   0.37239760E+02
 2978   0.24524440E+02
 2979   0.15330950E+02
 2980   0.10090690E+02
 2981   0.72670600E+01
 2982   0.54745800E+01
 2983   0.42644000E+01
 2984   0.33174600E+01
 2985   0.19674600E+01
 2986   0.94570000E+00
 2987   0.70294000E+00
 2988   0.87619000E+00
 2989   0.87345000E+00
 2990   0.14205300E+01
 2991   0.16622500E+01
 2992   0.12211500E+01
 2993   0.14295800E+01
 2994   0.14686400E+01
 2995   0.20398700E+01
 2996   0.15194100E+01
 2997   0.13204700E+01
 2998   0.12831200E+01
 2999   0.10563800E+01
 3000   0.58421000E+00
 3001   0.30813000E+00
 3002   0.17107000E+00
 3003   0.89490000E-01
 3004   0.49770000E-01
 3005   0.30150000E-01
 3006   0.19980000E-01
 3007   0.14320000E-01
 3008   0.17169000E+00
 3009   0.52531000E+00
 3010   0.23324000E+00
 3011   0.12586000E+00
 3012   0.11118400E+01
 3013   0.25505900E+01
 3014   0.13271400E+01
 3015   0.10000500E+01
 3016   0.90987000E+00
 3017   0.54144000E+00
 3018   0.43578000E+00
 3019   0.32106000E+00
 3020   0.47828000E+00
 3021   0.37594300E+01
 3022   0.50936790E+02
 3023   0.11665338E+03
 3024   0.76916160E+02
 3025   0.46253980E+02
 3026   0.28003510E+02
 3027   0.15658260E+02
 3028   0.10003190E+02
 3029   0.71427100E+01
 3030   0.53080300E+01
 3031   0.37981200E+01
 3032   0.17524400E+01
 3033   0.80204000E+00
 3034   0.17063000E+00
 3035   0.84860000E-01
 3036   0.53760000E-01
 3037   0.35350000E-01
 3038   0.24430000E-01
 3039   0.71100000E+00
 3040   0.10910500E+01
 3041   0.67268000E+00
 3042   0.62013000E+00
 3043   0.11934000E+01
 3044   0.32664500E+01
 3045   0.56796300E+01
 3046   0.62631600E+01
 3047   0.64383100E+01
 3048   0.52456400E+01
 3049   0.42408800E+01
 3050   0.36209700E+01
 3051   0.27964300E+01
 3052   0.15022600E+01
 3053   0.86542000E+00
 3054   0.23956000E+00
 3055   0.11919000E+00
 3056   0.74570000E-01
 3057   0.56600000E-01
 3058   0.11039700E+01
 3059   0.62256400E+01
 3060   0.35864210E+02
 3061   0.43389550E+02
 3062   0.33266750E+02
 3063   0.27138510E+02
 3064   0.35416950E+02
 3065   0.25144543E+03
 3066   0.23480517E+03
 3067   0.17974151E+03
 3068   0.10424317E+03
 3069   0.66330730E+02
 3070   0.45371820E+02
 3071   0.30770040E+02
 3072   0.21395220E+02
 3073   0.20953000E+02
 3074   0.21239570E+02
 3075   0.42142830E+02
 3076   0.64814670E+02
 3077   0.68645550E+02
 3078   0.58327670E+02
 3079   0.40014250E+02
 3080   0.25820650E+02
 3081   0.16623300E+02
 3082   0.12329980E+02
 3083   0.29743200E+02
 3084   0.15338147E+03
 3085   0.20250219E+03
 3086   0.16931864E+03
 3087   0.13920427E+03
 3088   0.13405418E+03
 3089   0.10515336E+03
 3090   0.10492700E+03
 3091   0.16864535E+03
 3092   0.13833179E+03
 3093   0.76477590E+02
 3094   0.43064670E+02
 3095   0.25136140E+02
 3096   0.22530410E+02
 3097   0.15747209E+03
 3098   0.23993698E+03
 3099   0.24261809E+03
 3100   0.25262932E+03
 3101   0.29237653E+03
 3102   0.16903991E+03
 3103   0.11885316E+03
 3104   0.14977193E+03
 3105   0.28520989E+03
 3106   0.36503057E+03
 3107   0.22944902E+03
 3108   0.14645006E+03
 3109   0.10087421E+03
 3110   0.81970680E+02
 3111   0.78770160E+02
 3112   0.71416240E+02
 3113   0.57759650E+02
 3114   0.49539820E+02
 3115   0.45402300E+02
 3116   0.43319210E+02
 3117   0.42183930E+02
 3118   0.50001260E+02
 3119   0.74868470E+02
 3120   0.85672330E+02
 3121   0.65844320E+02
 3122   0.55692950E+02
 3123   0.46556580E+02
 3124   0.39909670E+02
 3125   0.32810140E+02
 3126   0.26023650E+02
 3127   0.19224910E+02
 3128   0.15418340E+02
 3129   0.16812940E+02
 3130   0.22447330E+02
 3131   0.40384790E+02
 3132   0.92351280E+02
 3133   0.14982322E+03
 3134   0.14320191E+03
 3135   0.10702358E+03
 3136   0.95523280E+02
 3137   0.69777090E+02
 3138   0.46149760E+02
 3139   0.32077830E+02
 3140   0.43662580E+02
 3141   0.21617191E+03
 3142   0.11233420E+03
 3143   0.64441510E+02
 3144   0.85313300E+02
 3145   0.12288842E+03
 3146   0.99026630E+02
 3147   0.62720060E+02
 3148   0.41498870E+02
 3149   0.78490490E+02
 3150   0.24718090E+03
 3151   0.12406148E+03
 3152   0.13534463E+03
 3153   0.83497390E+02
 3154   0.43583480E+02
 3155   0.24300780E+02
 3156   0.15861750E+02
 3157   0.10996650E+02
 3158   0.70688300E+01
 3159   0.32611100E+01
 3160   0.96369000E+00
 3161   0.11919800E+01
 3162   0.26384300E+01
 3163   0.50503100E+01
 3164   0.78680500E+01
 3165   0.94909900E+01
 3166   0.96810300E+01
 3167   0.10412040E+02
 3168   0.10959540E+02
 3169   0.10652400E+02
 3170   0.91246100E+01
 3171   0.57735100E+01
 3172   0.26124100E+01
 3173   0.95264000E+00
 3174   0.33263000E+00
 3175   0.22804000E+00
 3176   0.24081000E+00
 3177   0.13771400E+01
 3178   0.21925300E+01
 3179   0.40837000E+01
 3180   0.99736700E+01
 3181   0.12518760E+02
 3182   0.10387260E+02
 3183   0.13731210E+02
 3184   0.30010561E+03
 3185   0.37630060E+03
 3186   0.20746759E+03
 3187   0.11157452E+03
 3188   0.65390030E+02
 3189   0.39628700E+02
 3190   0.23925520E+02
 3191   0.14098090E+02
 3192   0.93601700E+01
 3193   0.68886500E+01
 3194   0.28334400E+02
 3195   0.55926870E+02
 3196   0.36780960E+02
 3197   0.21669900E+02
 3198   0.12383270E+02
 3199   0.63103700E+01
 3200   0.26772200E+01
 3201   0.58518000E+00
 3202   0.19742000E+00
 3203   0.14453000E+00
 3204   0.11487000E+00
 3205   0.86040000E-01
 3206   0.67950000E-01
 3207   0.53780000E-01
 3208   0.38100000E-01
 3209   0.26260000E-01
 3210   0.18700000E-01
 3211   0.13890000E-01
 3212   0.10730000E-01
 3213   0.85400000E-02
 3214   0.69700000E-02
 3215   0.58100000E-02
 3216   0.49200000E-02
 3217   0.42200000E-02
 3218   0.36600000E-02
 3219   0.32100000E-02
 3220   0.28400000E-02
 3221   0.25300000E-02
 3222   0.22600000E-02
 3223   0.20400000E-02
 3224   0.18500000E-02
 3225   0.16800000E-02
 3226   0.15400000E-02
 3227   0.14100000E-02
 3228   0.13000000E-02
 3229   0.12000000E-02
 3230   0.11100000E-02
 3231   0.10300000E-02
 3232   0.21130000E+01
 3233   0.79064200E+01
 3234   0.16335690E+02
 3235   0.14890030E+02
 3236   0.10160590E+02
 3237   0.55989700E+01
 3238   0.21226600E+01
 3239   0.62916000E+00
 3240   0.19466000E+00
 3241   0.14295000E+00
 3242   0.11494000E+00
 3243   0.86160000E-01
 3244   0.67990000E-01
 3245   0.53940000E-01
 3246   0.38280000E-01
 3247   0.26390000E-01
 3248   0.18790000E-01
 3249   0.13970000E-01
 3250   0.10790000E-01
 3251   0.86000000E-02
 3252   0.70200000E-02
 3253   0.58500000E-02
 3254   0.49600000E-02
 3255   0.42600000E-02
 3256   0.37000000E-02
 3257   0.32400000E-02
 3258   0.28600000E-02
 3259   0.25500000E-02
 3260   0.22900000E-02
 3261   0.20600000E-02
 3262   0.18700000E-02
 3263   0.17000000E-02
 3264   0.15500000E-02
 3265   0.14200000E-02
 3266   0.13100000E-02
 3267   0.12100000E-02
 3268   0.11200000E-02
 3269   0.11002100E+01
 3270   0.91935000E+00
 3271   0.26566000E+00
 3272   0.12853000E+00
 3273   0.74070000E-01
 3274   0.47530000E-01
 3275   0.32820000E-01
 3276   0.23880000E-01
 3277   0.18080000E-01
 3278   0.14110000E-01
 3279   0.11290000E-01
 3280   0.92200000E-02
 3281   0.76600000E-02
 3282   0.64500000E-02
 3283   0.55000000E-02
 3284   0.47400000E-02
 3285   0.75700000E-02
 3286   0.79600000E-02
 3287   0.17110000E-01
 3288   0.44330000E-01
 3289   0.42640000E-01
 3290   0.31070000E-01
 3291   0.22380000E-01
 3292   0.16630000E-01
 3293   0.12760000E-01
 3294   0.10060000E-01
 3295   0.81400000E-02
 3296   0.15430000E-01
 3297   0.50900000E-01
 3298   0.46400000E-01
 3299   0.33410000E-01
 3300   0.23920000E-01
 3301   0.17630000E-01
 3302   0.13420000E-01
 3303   0.10500000E-01
 3304   0.84200000E-02
 3305   0.68900000E-02
 3306   0.10375000E+00
 3307   0.61613000E+00
 3308   0.26513000E+00
 3309   0.16888000E+00
 3310   0.16627000E+00
 3311   0.14554000E+00
 3312   0.11589000E+00
 3313   0.82980000E-01
 3314   0.55400000E-01
 3315   0.37610000E-01
 3316   0.28210000E-01
 3317   0.22100000E-01
 3318   0.18290000E-01
 3319   0.19100000E-01
 3320   0.19270000E-01
 3321   0.23740000E-01
 3322   0.27070000E-01
 3323   0.25530000E-01
 3324   0.21560000E-01
 3325   0.48912400E+01
 3326   0.25991560E+02
 3327   0.35791790E+02
 3328   0.28645450E+02
 3329   0.20069280E+02
 3330   0.13984660E+02
 3331   0.98827100E+01
 3332   0.87998900E+01
 3333   0.84083500E+01
 3334   0.73572300E+01
 3335   0.55407500E+01
 3336   0.41609200E+01
 3337   0.28452700E+01
 3338   0.18305300E+01
 3339   0.14649400E+01
 3340   0.12721200E+01
 3341   0.10689100E+01
 3342   0.74175000E+00
 3343   0.40944000E+00
 3344   0.29925000E+00
 3345   0.41320000E+00
 3346   0.32615000E+00
 3347   0.49163000E+00
 3348   0.37094000E+00
 3349   0.26296000E+00
 3350   0.53538000E+00
 3351   0.10962200E+01
 3352   0.25519800E+01
 3353   0.61612200E+01
 3354   0.15410020E+02
 3355   0.13893780E+02
 3356   0.10437490E+02
 3357   0.80713600E+01
 3358   0.67745600E+01
 3359   0.77172900E+01
 3360   0.14265160E+02
 3361   0.16394130E+02
 3362   0.13984570E+02
 3363   0.12710860E+02
 3364   0.13877130E+02
 3365   0.14951790E+02
 3366   0.15496580E+02
 3367   0.14647070E+02
 3368   0.12122070E+02
 3369   0.91242300E+01
 3370   0.93201000E+01
 3371   0.11872820E+02
 3372   0.18246830E+02
 3373   0.10597564E+03
 3374   0.23466704E+03
 3375   0.13485568E+03
 3376   0.70676480E+02
 3377   0.40762910E+02
 3378   0.23950440E+02
 3379   0.14308550E+02
 3380   0.95522900E+01
 3381   0.67722500E+01
 3382   0.50180600E+01
 3383   0.59008000E+01
 3384   0.96547300E+01
 3385   0.11896050E+02
 3386   0.10842760E+02
 3387   0.88238900E+01
 3388   0.70249500E+01
 3389   0.58244300E+01
 3390   0.61387800E+01
 3391   0.13825340E+02
 3392   0.99132410E+02
 3393   0.14555799E+03
 3394   0.97612930E+02
 3395   0.58341440E+02
 3396   0.32815210E+02
 3397   0.19671250E+02
 3398   0.20578070E+02
 3399   0.38398510E+02
 3400   0.51322760E+02
 3401   0.41799990E+02
 3402   0.30631320E+02
 3403   0.24429600E+02
 3404   0.22371730E+02
 3405   0.20316060E+02
 3406   0.14950210E+02
 3407   0.13546300E+02
 3408   0.22329840E+02
 3409   0.30970790E+02
 3410   0.27730750E+02
 3411   0.25119980E+02
 3412   0.23795850E+02
 3413   0.38328290E+02
 3414   0.66132060E+02
 3415   0.17039455E+03
 3416   0.22411838E+03
 3417   0.22003051E+03
 3418   0.16340795E+03
 3419   0.17335108E+03
 3420   0.19167669E+03
 3421   0.14233946E+03
 3422   0.80969340E+02
 3423   0.55171230E+02
 3424   0.59985510E+02
 3425   0.11868634E+03
 3426   0.16990387E+03
 3427   0.12068143E+03
 3428   0.97137820E+02
 3429   0.14833771E+03
 3430   0.15067373E+03
 3431   0.10294643E+03
 3432   0.13610499E+03
 3433   0.16836905E+03
 3434   0.16355400E+03
 3435   0.20233760E+03
 3436   0.17402985E+03
 3437   0.12404351E+03
 3438   0.96556450E+02
 3439   0.74815290E+02
 3440   0.55329090E+02
 3441   0.56460490E+02
 3442   0.14824864E+03
 3443   0.44800223E+03
 3444   0.72091625E+03
 3445   0.27425771E+03
 3446   0.11912379E+03
 3447   0.58656790E+02
 3448   0.32632950E+02
 3449   0.18850950E+02
 3450   0.15010030E+02
 3451   0.29875657E+03
 3452   0.50162708E+03
 3453   0.43182643E+03
 3454   0.43298800E+03
 3455   0.43532610E+03
 3456   0.53797014E+03
 3457   0.43248453E+03
 3458   0.61829958E+03
 3459   0.41730152E+03
 3460   0.19045802E+03
 3461   0.92283370E+02
 3462   0.50051680E+02
 3463   0.28991350E+02
 3464   0.83566720E+02
 3465   0.34276092E+03
 3466   0.10029136E+04
 3467   0.61999301E+03
 3468   0.32419141E+03
 3469   0.18642588E+03
 3470   0.11410757E+03
 3471   0.71617010E+02
 3472   0.50656770E+02
 3473   0.59497720E+02
 3474   0.99240740E+02
 3475   0.12878112E+03
 3476   0.18797161E+03
 3477   0.18851740E+03
 3478   0.17152607E+03
 3479   0.15924779E+03
 3480   0.25519705E+03
 3481   0.18482639E+03
 3482   0.10339668E+03
 3483   0.58227200E+02
 3484   0.34472920E+02
 3485   0.24116760E+02
 3486   0.19078380E+02
 3487   0.15699040E+02
 3488   0.11659830E+02
 3489   0.87727400E+01
 3490   0.81946200E+01
 3491   0.38803940E+02
 3492   0.91110080E+02
 3493   0.69930060E+02
 3494   0.64574180E+02
 3495   0.19132544E+03
 3496   0.16156352E+03
 3497   0.18521618E+03
 3498   0.29893151E+03
 3499   0.21197740E+03
 3500   0.25095703E+03
 3501   0.41051039E+03
 3502   0.36989908E+03
 3503   0.45294136E+03
 3504   0.57333776E+03
 3505   0.70936466E+03
 3506   0.29944699E+03
 3507   0.16340863E+03
 3508   0.16054427E+03
 3509   0.11423510E+03
 3510   0.57894020E+02
 3511   0.31416300E+02
 3512   0.17982700E+02
 3513   0.99090000E+01
 3514   0.12177250E+02
 3515   0.11609975E+03
 3516   0.86536580E+02
 3517   0.58252770E+02
 3518   0.51106060E+02
 3519   0.66796520E+02
 3520   0.84011460E+02
 3521   0.59160810E+02
 3522   0.54759590E+02
 3523   0.17063990E+03
 3524   0.15113699E+03
 3525   0.81103150E+02
 3526   0.47380060E+02
 3527   0.39251820E+02
 3528   0.36127110E+02
 3529   0.26797660E+02
 3530   0.17706360E+02
 3531   0.10894820E+02
 3532   0.68113600E+01
 3533   0.45223800E+01
 3534   0.19493500E+01
 3535   0.76685000E+00
 3536   0.17387000E+00
 3537   0.10744000E+00
 3538   0.78270000E-01
 3539   0.62160000E-01
 3540   0.45880000E-01
 3541   0.31520000E-01
 3542   0.22000000E-01
 3543   0.16010000E-01
 3544   0.12150000E-01
 3545   0.97600000E-02
 3546   0.38003600E+01
 3547   0.89575000E+01
 3548   0.92811800E+01
 3549   0.66765600E+01
 3550   0.33783400E+01
 3551   0.11219800E+01
 3552   0.34122000E+00
 3553   0.22449000E+00
 3554   0.16164000E+00
 3555   0.12047000E+00
 3556   0.87920000E-01
 3557   0.69170000E-01
 3558   0.53090000E-01
 3559   0.36940000E-01
 3560   0.25540000E-01
 3561   0.18340000E-01
 3562   0.13750000E-01
 3563   0.10680000E-01
 3564   0.85500000E-02
 3565   0.70100000E-02
 3566   0.58500000E-02
 3567   0.49600000E-02
 3568   0.42600000E-02
 3569   0.37100000E-02
 3570   0.32500000E-02
 3571   0.28700000E-02
 3572   0.25600000E-02
 3573   0.22900000E-02
 3574   0.20700000E-02
 3575   0.18700000E-02
 3576   0.17000000E-02
 3577   0.15600000E-02
 3578   0.14300000E-02
 3579   0.13100000E-02
 3580   0.12100000E-02
 3581   0.11200000E-02
 3582   0.10400000E-02
 3583   0.97000000E-03
 3584   0.90000000E-03
 3585   0.85000000E-03
 3586   0.79000000E-03
 3587   0.35183400E+01
 3588   0.16197110E+02
 3589   0.33044810E+02
 3590   0.34912910E+02
 3591   0.31341990E+02
 3592   0.28009190E+02
 3593   0.18728240E+02
 3594   0.11398240E+02
 3595   0.75350600E+01
 3596   0.54783500E+01
 3597   0.40785900E+01
 3598   0.28215000E+01
 3599   0.49022800E+01
 3600   0.91668100E+01
 3601   0.10378700E+02
 3602   0.96130100E+01
 3603   0.75531000E+01
 3604   0.50473100E+01
 3605   0.34742700E+01
 3606   0.22115900E+01
 3607   0.17983700E+01
 3608   0.16660600E+01
 3609   0.12837100E+01
 3610   0.75321000E+00
 3611   0.20608000E+00
 3612   0.78120000E-01
 3613   0.40460000E-01
 3614   0.25200000E-01
 3615   0.17470000E-01
 3616   0.12960000E-01
 3617   0.24130000E-01
 3618   0.23513700E+01
 3619   0.34271000E+01
 3620   0.28484600E+01
 3621   0.21103100E+01
 3622   0.11439600E+01
 3623   0.68458000E+00
 3624   0.95089000E+00
 3625   0.94983000E+00
 3626   0.62839000E+00
 3627   0.36779000E+00
 3628   0.20235000E+00
 3629   0.10355000E+00
 3630   0.54760000E-01
 3631   0.32980000E-01
 3632   0.22170000E-01
 3633   0.16070000E-01
 3634   0.22440300E+01
 3635   0.55653200E+01
 3636   0.88643200E+01
 3637   0.12158160E+02
 3638   0.15547150E+02
 3639   0.15355520E+02
 3640   0.11758930E+02
 3641   0.86785300E+01
 3642   0.58570200E+01
 3643   0.41308300E+01
 3644   0.26688000E+01
 3645   0.16957400E+01
 3646   0.28438300E+01
 3647   0.17372600E+01
 3648   0.86284000E+00
 3649   0.42617000E+00
 3650   0.32384000E+00
 3651   0.23837000E+00
 3652   0.15672000E+00
 3653   0.10129000E+00
 3654   0.64770000E-01
 3655   0.43080000E-01
 3656   0.30140000E-01
 3657   0.22060000E-01
 3658   0.16760000E-01
 3659   0.13120000E-01
 3660   0.10530000E-01
 3661   0.86200000E-02
 3662   0.71700000E-02
 3663   0.60600000E-02
 3664   0.51800000E-02
 3665   0.44700000E-02
 3666   0.39000000E-02
 3667   0.34300000E-02
 3668   0.30300000E-02
 3669   0.27000000E-02
 3670   0.24200000E-02
 3671   0.21800000E-02
 3672   0.19800000E-02
 3673   0.18000000E-02
 3674   0.16400000E-02
 3675   0.15000000E-02
 3676   0.13800000E-02
 3677   0.12800000E-02
 3678   0.11800000E-02
 3679   0.10900000E-02
 3680   0.10200000E-02
 3681   0.95000000E-03
 3682   0.89000000E-03
 3683   0.83000000E-03
 3684   0.78000000E-03
 3685   0.73000000E-03
 3686   0.69000000E-03
 3687   0.65000000E-03
 3688   0.30513000E+01
 3689   0.14755430E+02
 3690   0.31859060E+02
 3691   0.36125790E+02
 3692   0.38472330E+02
 3693   0.28114290E+02
 3694   0.20248890E+02
 3695   0.15152720E+02
 3696   0.10664010E+02
 3697   0.75186800E+01
 3698   0.55926500E+01
 3699   0.42653900E+01
 3700   0.29086700E+01
 3701   0.15097500E+01
 3702   0.94580000E+00
 3703   0.33568000E+00
 3704   0.17007000E+00
 3705   0.12771600E+01
 3706   0.26764400E+01
 3707   0.48676200E+01
 3708   0.96235500E+01
 3709   0.12037900E+02
 3710   0.15812240E+02
 3711   0.20563910E+02
 3712   0.18519770E+02
 3713   0.14258560E+02
 3714   0.99854500E+01
 3715   0.78085900E+01
 3716   0.66477400E+01
 3717   0.55840300E+01
 3718   0.45784300E+01
 3719   0.43786100E+01
 3720   0.82467600E+01
 3721   0.14359400E+02
 3722   0.18185430E+02
 3723   0.20996750E+02
 3724   0.19744990E+02
 3725   0.14297710E+02
 3726   0.12578590E+02
 3727   0.12354060E+02
 3728   0.14500940E+02
 3729   0.72766460E+02
 3730   0.14380475E+03
 3731   0.11464423E+03
 3732   0.72337510E+02
 3733   0.57959350E+02
 3734   0.56151860E+02
 3735   0.63961600E+02
 3736   0.54542260E+02
 3737   0.50870490E+02
 3738   0.64621400E+02
 3739   0.84717700E+02
 3740   0.80950880E+02
 3741   0.58198890E+02
 3742   0.40422200E+02
 3743   0.31670120E+02
 3744   0.27454520E+02
 3745   0.24283130E+02
 3746   0.27717870E+02
 3747   0.57780860E+02
 3748   0.13537768E+03
 3749   0.98292570E+02
 3750   0.59982440E+02
 3751   0.38297050E+02
 3752   0.25335050E+02
 3753   0.16945550E+02
 3754   0.12316100E+02
 3755   0.86039000E+01
 3756   0.57875800E+01
 3757   0.40262200E+01
 3758   0.23230600E+01
 3759   0.54660500E+01
 3760   0.12154330E+02
 3761   0.22585540E+02
 3762   0.26425450E+02
 3763   0.21941400E+02
 3764   0.16675550E+02
 3765   0.25548180E+02
 3766   0.69215850E+02
 3767   0.11844469E+03
 3768   0.89594620E+02
 3769   0.53320010E+02
 3770   0.31392180E+02
 3771   0.18379470E+02
 3772   0.12597780E+02
 3773   0.97218500E+01
 3774   0.67613700E+01
 3775   0.49835400E+01
 3776   0.49983690E+02
 3777   0.13125812E+03
 3778   0.12322668E+03
 3779   0.10245763E+03
 3780   0.10656607E+03
 3781   0.13351171E+03
 3782   0.10215491E+03
 3783   0.79038320E+02
 3784   0.60579740E+02
 3785   0.38085100E+02
 3786   0.21822300E+02
 3787   0.14583560E+02
 3788   0.11953640E+02
 3789   0.12937570E+02
 3790   0.14796640E+02
 3791   0.27794640E+02
 3792   0.53954410E+02
 3793   0.40631040E+02
 3794   0.26000880E+02
 3795   0.16254070E+02
 3796   0.10279350E+02
 3797   0.74473300E+01
 3798   0.62184300E+01
 3799   0.52172300E+01
 3800   0.42253900E+01
 3801   0.29993700E+01
 3802   0.14817800E+01
 3803   0.33503100E+01
 3804   0.21954370E+02
 3805   0.23984553E+03
 3806   0.30972501E+03
 3807   0.27183046E+03
 3808   0.27215713E+03
 3809   0.12417691E+03
 3810   0.60755030E+02
 3811   0.33949610E+02
 3812   0.24115820E+02
 3813   0.14870194E+03
 3814   0.27329630E+03
 3815   0.23227105E+03
 3816   0.24615627E+03
 3817   0.15506245E+03
 3818   0.10118006E+03
 3819   0.60468440E+02
 3820   0.37781330E+02
 3821   0.27585370E+02
 3822   0.45052010E+02
 3823   0.10090991E+03
 3824   0.80481150E+02
 3825   0.69143910E+02
 3826   0.57510880E+02
 3827   0.56885720E+02
 3828   0.54738750E+02
 3829   0.38217600E+02
 3830   0.25513490E+02
 3831   0.17376020E+02
 3832   0.11982880E+02
 3833   0.76769800E+01
 3834   0.39834500E+01
 3835   0.14920000E+01
 3836   0.70010000E+00
 3837   0.17607500E+01
 3838   0.32186800E+01
 3839   0.11156464E+03
 3840   0.35266852E+03
 3841   0.32658974E+03
 3842   0.22228910E+03
 3843   0.14501301E+03
 3844   0.10192963E+03
 3845   0.73547710E+02
 3846   0.59775940E+02
 3847   0.40561800E+02
 3848   0.26309010E+02
 3849   0.16482920E+02
 3850   0.95576600E+01
 3851   0.73089500E+01
 3852   0.10433630E+02
 3853   0.15508020E+02
 3854   0.19369350E+02
 3855   0.21596960E+02
 3856   0.22632920E+02
 3857   0.13617440E+03
 3858   0.23223877E+03
 3859   0.12755024E+03
 3860   0.68245300E+02
 3861   0.37370120E+02
 3862   0.25202330E+02
 3863   0.96717720E+02
 3864   0.16219986E+04
 3865   0.65837938E+03
 3866   0.32924945E+03
 3867   0.19748261E+03
 3868   0.12575419E+03
 3869   0.72962190E+02
 3870   0.43376460E+02
 3871   0.28163370E+02
 3872   0.21329870E+02
 3873   0.21502960E+02
 3874   0.35555120E+02
 3875   0.77004980E+02
 3876   0.10226883E+03
 3877   0.13784415E+03
 3878   0.93337700E+02
 3879   0.88837350E+02
 3880   0.79774160E+02
 3881   0.65388980E+02
 3882   0.55594790E+02
 3883   0.12279260E+03
 3884   0.17174088E+03
 3885   0.10066796E+03
 3886   0.61629580E+02
 3887   0.46352440E+02
 3888   0.11535976E+03
 3889   0.36508328E+03
 3890   0.26066136E+03
 3891   0.16340737E+03
 3892   0.94435400E+02
 3893   0.57686530E+02
 3894   0.35842580E+02
 3895   0.25861230E+02
 3896   0.31299250E+02
 3897   0.63027670E+02
 3898   0.56133260E+02
 3899   0.79183350E+02
 3900   0.82506720E+02
 3901   0.48434110E+02
 3902   0.29264170E+02
 3903   0.19411550E+02
 3904   0.17323190E+02
 3905   0.24464930E+02
 3906   0.30955780E+02
 3907   0.32446100E+02
 3908   0.25030880E+02
 3909   0.16041290E+02
 3910   0.10036750E+02
 3911   0.51878700E+01
 3912   0.27128900E+01
 3913   0.77462850E+02
 3914   0.73615470E+02
 3915   0.39429550E+02
 3916   0.21850550E+02
 3917   0.12104860E+02
 3918   0.59109100E+01
 3919   0.17638800E+01
 3920   0.46868000E+00
 3921   0.18798000E+00
 3922   0.14259000E+00
 3923   0.11559000E+00
 3924   0.87300000E-01
 3925   0.68560000E-01
 3926   0.55090000E-01
 3927   0.39580000E-01
 3928   0.27220000E-01
 3929   0.19250000E-01
 3930   0.14200000E-01
 3931   0.10900000E-01
 3932   0.86400000E-02
 3933   0.70300000E-02
 3934   0.58400000E-02
 3935   0.49300000E-02
 3936   0.42300000E-02
 3937   0.36600000E-02
 3938   0.32100000E-02
 3939   0.28300000E-02
 3940   0.25200000E-02
 3941   0.22600000E-02
 3942   0.20300000E-02
 3943   0.18400000E-02
 3944   0.16800000E-02
 3945   0.15300000E-02
 3946   0.14000000E-02
 3947   0.12900000E-02
 3948   0.11900000E-02
 3949   0.25386000E+00
 3950   0.20791400E+01
 3951   0.16375900E+01
 3952   0.79431000E+00
 3953   0.40191000E+00
 3954   0.73295000E+00
 3955   0.47294000E+00
 3956   0.22710000E+00
 3957   0.12586000E+00
 3958   0.75770000E-01
 3959   0.49220000E-01
 3960   0.34030000E-01
 3961   0.24720000E-01
 3962   0.18670000E-01
 3963   0.14530000E-01
 3964   0.11600000E-01
 3965   0.94500000E-02
 3966   0.78300000E-02
 3967   0.65900000E-02
 3968   0.56100000E-02
 3969   0.48300000E-02
 3970   0.41900000E-02
 3971   0.36800000E-02
 3972   0.32400000E-02
 3973   0.28800000E-02
 3974   0.25800000E-02
 3975   0.23200000E-02
 3976   0.41140600E+01
 3977   0.30884680E+02
 3978   0.91572490E+02
 3979   0.10686938E+03
 3980   0.91925260E+02
 3981   0.62793240E+02
 3982   0.37713000E+02
 3983   0.22066830E+02
 3984   0.13912010E+02
 3985   0.96916800E+01
 3986   0.71508300E+01
 3987   0.55288100E+01
 3988   0.44595200E+01
 3989   0.47973800E+01
 3990   0.91858400E+01
 3991   0.10385540E+02
 3992   0.85572500E+01
 3993   0.69324200E+01
 3994   0.55166500E+01
 3995   0.43380000E+01
 3996   0.29063600E+01
 3997   0.13077000E+01
 3998   0.49435000E+00
 3999   0.21322000E+00
 4000   0.15151000E+00
 4001   0.11376000E+00
 4002   0.77040000E-01
 4003   0.50800000E-01
 4004   0.34720000E-01
 4005   0.24840000E-01
 4006   0.18510000E-01
 4007   0.14250000E-01
 4008   0.11280000E-01
 4009   0.91300000E-02
 4010   0.75300000E-02
 4011   0.63100000E-02
 4012   0.14760300E+01
 4013   0.48454300E+01
 4014   0.91685900E+01
 4015   0.16438500E+02
 4016   0.31491140E+02
 4017   0.39805280E+02
 4018   0.36056550E+02
 4019   0.30824090E+02
 4020   0.22810300E+02
 4021   0.14113760E+02
 4022   0.92573000E+01
 4023   0.68055800E+01
 4024   0.52198100E+01
 4025   0.39221700E+01
 4026   0.21412200E+01
 4027   0.11005700E+01
 4028   0.39836000E+00
 4029   0.18120000E+00
 4030   0.91910000E-01
 4031   0.59120000E-01
 4032   0.39490000E-01
 4033   0.26950000E-01
 4034   0.19330000E-01
 4035   0.14560000E-01
 4036   0.11380000E-01
 4037   0.91400000E-02
 4038   0.75000000E-02
 4039   0.62600000E-02
 4040   0.52900000E-02
 4041   0.45300000E-02
 4042   0.10229300E+01
 4043   0.25701800E+01
 4044   0.24932200E+01
 4045   0.20092400E+01
 4046   0.15262800E+01
 4047   0.10411800E+01
 4048   0.47772000E+00
 4049   0.80764000E+00
 4050   0.89861000E+00
 4051   0.76292000E+00
 4052   0.32910000E+00
 4053   0.11884000E+00
 4054   0.68160000E-01
 4055   0.43790000E-01
 4056   0.29500000E-01
 4057   0.20960000E-01
 4058   0.15610000E-01
 4059   0.12260000E-01
 4060   0.97900000E-02
 4061   0.80900000E-02
 4062   0.68400000E-02
 4063   0.58900000E-02
 4064   0.51300000E-02
 4065   0.45200000E-02
 4066   0.40000000E-02
 4067   0.35800000E-02
 4068   0.32300000E-02
 4069   0.29300000E-02
 4070   0.26900000E-02
 4071   0.24700000E-02
 4072   0.25300000E-02
 4073   0.23000000E-02
 4074   0.85100000E-01
 4075   0.18087700E+01
 4076   0.29187300E+01
 4077   0.58118100E+01
 4078   0.28436460E+02
 4079   0.89193650E+02
 4080   0.73035000E+02
 4081   0.48389190E+02
 4082   0.31221570E+02
 4083   0.18135190E+02
 4084   0.11905170E+02
 4085   0.88693800E+01
 4086   0.68573900E+01
 4087   0.57910200E+01
 4088   0.51754600E+01
 4089   0.50715900E+01
 4090   0.53227800E+01
 4091   0.54079600E+01
 4092   0.49728300E+01
 4093   0.35936700E+01
 4094   0.16577400E+01
 4095   0.11651400E+01
 4096   0.68381000E+00
 4097   0.17470000E+01
 4098   0.46601100E+01
 4099   0.77381900E+01
 4100   0.11756770E+02
 4101   0.16838820E+02
 4102   0.28466970E+02
 4103   0.57204480E+02
 4104   0.90815060E+02
 4105   0.71345870E+02
 4106   0.55478970E+02
 4107   0.59299090E+02
 4108   0.10351980E+03
 4109   0.11420610E+03
 4110   0.95905610E+02
 4111   0.82487820E+02
 4112   0.82949700E+02
 4113   0.75141020E+02
 4114   0.55900970E+02
 4115   0.42744860E+02
 4116   0.44158870E+02
 4117   0.60485400E+02
 4118   0.61223970E+02
 4119   0.47783330E+02
 4120   0.34307430E+02
 4121   0.24857410E+02
 4122   0.18760620E+02
 4123   0.19654730E+02
 4124   0.26435120E+02
 4125   0.30094620E+02
 4126   0.34972900E+02
 4127   0.34687490E+02
 4128   0.48725300E+02
 4129   0.71044680E+02
 4130   0.61780000E+02
 4131   0.43675760E+02
 4132   0.28344880E+02
 4133   0.17836140E+02
 4134   0.10954640E+02
 4135   0.76653900E+01
 4136   0.59102900E+01
 4137   0.53999800E+01
 4138   0.71416100E+01
 4139   0.19707630E+02
 4140   0.40661210E+02
 4141   0.77723990E+02
 4142   0.71150800E+02
 4143   0.46685200E+02
 4144   0.44701200E+02
 4145   0.57340310E+02
 4146   0.75503970E+02
 4147   0.53613390E+02
 4148   0.32454990E+02
 4149   0.19124420E+02
 4150   0.12278290E+02
 4151   0.84797800E+01
 4152   0.75819600E+01
 4153   0.99682900E+01
 4154   0.11977010E+02
 4155   0.13069800E+02
 4156   0.32999940E+02
 4157   0.82967140E+02
 4158   0.81381640E+02
 4159   0.67271220E+02
 4160   0.90749260E+02
 4161   0.11180740E+03
 4162   0.97869980E+02
 4163   0.80897010E+02
 4164   0.57190080E+02
 4165   0.40023250E+02
 4166   0.41488320E+02
 4167   0.48203360E+02
 4168   0.39839240E+02
 4169   0.37706520E+02
 4170   0.50834880E+02
 4171   0.71352290E+02
 4172   0.49389450E+02
 4173   0.29910660E+02
 4174   0.17821900E+02
 4175   0.10678920E+02
 4176   0.71863900E+01
 4177   0.53675400E+01
 4178   0.49422700E+01
 4179   0.80689600E+01
 4180   0.26567870E+02
 4181   0.64372390E+02
 4182   0.65703120E+02
 4183   0.53870400E+02
 4184   0.41281330E+02
 4185   0.30448420E+02
 4186   0.25362000E+02
 4187   0.22651250E+02
 4188   0.20120740E+02
 4189   0.19133260E+02
 4190   0.16662800E+02
 4191   0.64848270E+02
 4192   0.49911264E+03
 4193   0.70761541E+03
 4194   0.55614449E+03
 4195   0.40986154E+03
 4196   0.31316470E+03
 4197   0.32680183E+03
 4198   0.25604789E+03
 4199   0.18780552E+03
 4200   0.15646846E+03
 4201   0.10291108E+03
 4202   0.73802780E+02
 4203   0.75876200E+02
 4204   0.10555948E+03
 4205   0.11731207E+03
 4206   0.90811550E+02
 4207   0.60330920E+02
 4208   0.38720780E+02
 4209   0.32885030E+02
 4210   0.30590510E+02
 4211   0.49930420E+02
 4212   0.22909581E+03
 4213   0.40568844E+03
 4214   0.47646953E+03
 4215   0.14801137E+04
 4216   0.11976279E+04
 4217   0.56536136E+03
 4218   0.19716821E+03
 4219   0.89433970E+02
 4220   0.59292890E+02
 4221   0.13605518E+04
 4222   0.11146962E+04
 4223   0.35092314E+03
 4224   0.16597345E+03
 4225   0.52394791E+03
 4226   0.10690835E+04
 4227   0.98046602E+03
 4228   0.15113582E+04
 4229   0.11643587E+04
 4230   0.99692608E+03
 4231   0.52786187E+03
 4232   0.49006953E+03
 4233   0.37506579E+03
 4234   0.40490549E+03
 4235   0.11459917E+04
 4236   0.13100518E+04
 4237   0.41990433E+03
 4238   0.29044950E+03
 4239   0.35864700E+03
 4240   0.32176068E+03
 4241   0.16115255E+03
 4242   0.15986334E+03
 4243   0.63947608E+03
 4244   0.42317727E+03
 4245   0.32193751E+03
 4246   0.26430191E+03
 4247   0.16205911E+03
 4248   0.12319112E+03
 4249   0.96640450E+02
 4250   0.59630930E+02
 4251   0.44981730E+02
 4252   0.48160050E+02
 4253   0.86616590E+02
 4254   0.93718060E+02
 4255   0.56860500E+02
 4256   0.32262720E+02
 4257   0.17878570E+02
 4258   0.96629700E+01
 4259   0.43276000E+01
 4260   0.13888300E+01
 4261   0.34913000E+00
 4262   0.17429000E+00
 4263   0.13402000E+00
 4264   0.10427000E+00
 4265   0.26806200E+01
 4266   0.53815400E+01
 4267   0.57511700E+01
 4268   0.74315300E+01
 4269   0.91380300E+01
 4270   0.91749900E+01
 4271   0.73624300E+01
 4272   0.59661800E+01
 4273   0.75851600E+01
 4274   0.97284100E+01
 4275   0.12486060E+02
 4276   0.75292720E+02
 4277   0.52999830E+02
 4278   0.32130170E+02
 4279   0.21442150E+02
 4280   0.23779610E+02
 4281   0.30002330E+02
 4282   0.44184840E+02
 4283   0.47394770E+02
 4284   0.38347300E+02
 4285   0.26470360E+02
 4286   0.17161140E+02
 4287   0.10465410E+02
 4288   0.66194700E+01
 4289   0.50616100E+01
 4290   0.43870700E+01
 4291   0.37587200E+01
 4292   0.26417000E+01
 4293   0.11860500E+01
 4294   0.33229000E+00
 4295   0.13360000E+00
 4296   0.11083000E+00
 4297   0.99100000E-01
 4298   0.72370000E-01
 4299   0.76950000E-01
 4300   0.95350000E-01
 4301   0.73260000E-01
 4302   0.18572000E+00
 4303   0.40016000E+00
 4304   0.30320000E+00
 4305   0.15985000E+00
 4306   0.73120000E-01
 4307   0.35850000E-01
 4308   0.20340000E-01
 4309   0.13080000E-01
 4310   0.92400000E-02
 4311   0.69800000E-02
 4312   0.55300000E-02
 4313   0.45400000E-02
 4314   0.38300000E-02
 4315   0.32900000E-02
 4316   0.28700000E-02
 4317   0.25300000E-02
 4318   0.22500000E-02
 4319   0.20200000E-02
 4320   0.18200000E-02
 4321   0.16500000E-02
 4322   0.15100000E-02
 4323   0.13800000E-02
 4324   0.12700000E-02
 4325   0.11700000E-02
 4326   0.10900000E-02
 4327   0.10100000E-02
 4328   0.94000000E-03
 4329   0.88000000E-03
 4330   0.82000000E-03
 4331   0.77000000E-03
 4332   0.72000000E-03
 4333   0.68000000E-03
 4334   0.64000000E-03
 4335   0.60000000E-03
 4336   0.57000000E-03
 4337   0.54000000E-03
 4338   0.51000000E-03
 4339   0.49000000E-03
 4340   0.46000000E-03
 4341   0.44000000E-03
 4342   0.42000000E-03
 4343   0.40000000E-03
 4344   0.38000000E-03
 4345   0.36000000E-03
 4346   0.35000000E-03
 4347   0.34000000E-03
 4348   0.21630000E-01
 4349   0.80850000E-01
 4350   0.66490000E-01
 4351   0.45700000E-01
 4352   0.31470000E-01
 4353   0.22390000E-01
 4354   0.16500000E-01
 4355   0.12550000E-01
 4356   0.98100000E-02
 4357   0.78400000E-02
 4358   0.63900000E-02
 4359   0.53000000E-02
 4360   0.44500000E-02
 4361   0.37900000E-02
 4362   0.32600000E-02
 4363   0.28300000E-02
 4364   0.24800000E-02
 4365   0.21900000E-02
 4366   0.35400000E-01
 4367   0.18511800E+01
 4368   0.25448600E+01
 4369   0.13324800E+01
 4370   0.45874000E+00
 4371   0.29805000E+00
 4372   0.20045000E+00
 4373   0.13834000E+00
 4374   0.40904900E+01
 4375   0.15039410E+02
 4376   0.23964230E+02
 4377   0.24288800E+02
 4378   0.21450610E+02
 4379   0.15465430E+02
 4380   0.98289500E+01
 4381   0.70206900E+01
 4382   0.55481300E+01
 4383   0.44046400E+01
 4384   0.31127100E+01
 4385   0.23766600E+01
 4386   0.93127300E+01
 4387   0.22526160E+02
 4388   0.31056960E+02
 4389   0.35940060E+02
 4390   0.26124890E+02
 4391   0.16975210E+02
 4392   0.11717120E+02
 4393   0.84272300E+01
 4394   0.64113900E+01
 4395   0.49170700E+01
 4396   0.35273800E+01
 4397   0.17276500E+01
 4398   0.99476000E+00
 4399   0.34289000E+00
 4400   0.15989000E+00
 4401   0.91660000E-01
 4402   0.57730000E-01
 4403   0.37970000E-01
 4404   0.26380000E-01
 4405   0.19270000E-01
 4406   0.14670000E-01
 4407   0.11530000E-01
 4408   0.93000000E-02
 4409   0.76500000E-02
 4410   0.25050000E-01
 4411   0.16746700E+01
 4412   0.25108300E+01
 4413   0.25679200E+01
 4414   0.25562900E+01
 4415   0.14705100E+01
 4416   0.10104100E+01
 4417   0.10068200E+01
 4418   0.93827000E+00
 4419   0.63002000E+00
 4420   0.38821000E+00
 4421   0.19971000E+00
 4422   0.96610000E-01
 4423   0.60000000E-01
 4424   0.39210000E-01
 4425   0.26690000E-01
 4426   0.19120000E-01
 4427   0.14330000E-01
 4428   0.11140000E-01
 4429   0.89200000E-02
 4430   0.73100000E-02
 4431   0.61000000E-02
 4432   0.51700000E-02
 4433   0.44400000E-02
 4434   0.38600000E-02
 4435   0.33800000E-02
 4436   0.29800000E-02
 4437   0.81600000E-02
 4438   0.90030000E-01
 4439   0.27435000E+00
 4440   0.14847000E+00
 4441   0.35636500E+01
 4442   0.15770380E+02
 4443   0.36064320E+02
 4444   0.64581660E+02
 4445   0.14006979E+03
 4446   0.16022154E+03
 4447   0.10238250E+03
 4448   0.60332730E+02
 4449   0.37101160E+02
 4450   0.23229420E+02
 4451   0.14595710E+02
 4452   0.88633300E+01
 4453   0.60322100E+01
 4454   0.45396300E+01
 4455   0.33034400E+01
 4456   0.17280200E+01
 4457   0.10373300E+01
 4458   0.47086000E+00
 4459   0.44166000E+00
 4460   0.57050000E+00
 4461   0.84121000E+00
 4462   0.83207000E+00
 4463   0.51023000E+00
 4464   0.30396000E+00
 4465   0.35310000E+00
 4466   0.40446000E+00
 4467   0.96199000E+00
 4468   0.22112200E+01
 4469   0.32947300E+01
 4470   0.57174800E+01
 4471   0.10574190E+02
 4472   0.12416360E+02
 4473   0.13076970E+02
 4474   0.13839970E+02
 4475   0.16506100E+02
 4476   0.22597000E+02
 4477   0.29081910E+02
 4478   0.33514650E+02
 4479   0.29882410E+02
 4480   0.25803840E+02
 4481   0.20640410E+02
 4482   0.14144170E+02
 4483   0.87018200E+01
 4484   0.60104700E+01
 4485   0.45591800E+01
 4486   0.32900500E+01
 4487   0.16475600E+01
 4488   0.90089000E+00
 4489   0.84039000E+00
 4490   0.19527400E+01
 4491   0.32944000E+01
 4492   0.47228300E+01
 4493   0.63622500E+01
 4494   0.15415380E+02
 4495   0.91310970E+02
 4496   0.11815090E+03
 4497   0.10960322E+03
 4498   0.84769600E+02
 4499   0.55378350E+02
 4500   0.35695710E+02
 4501   0.24563830E+02
 4502   0.20287950E+02
 4503   0.16749550E+02
 4504   0.20698500E+02
 4505   0.24680470E+02
 4506   0.23149010E+02
 4507   0.19648780E+02
 4508   0.22912070E+02
 4509   0.58897280E+02
 4510   0.10453461E+03
 4511   0.11072602E+03
 4512   0.10233590E+03
 4513   0.94641950E+02
 4514   0.13176116E+03
 4515   0.22557057E+03
 4516   0.20503760E+03
 4517   0.16963247E+03
 4518   0.18362369E+03
 4519   0.17117886E+03
 4520   0.12802407E+03
 4521   0.19945752E+03
 4522   0.35467618E+03
 4523   0.21265282E+03
 4524   0.10399612E+03
 4525   0.56794920E+02
 4526   0.32536930E+02
 4527   0.19017160E+02
 4528   0.12409800E+02
 4529   0.86698900E+01
 4530   0.79706900E+01
 4531   0.85134000E+01
 4532   0.21683080E+02
 4533   0.51955200E+02
 4534   0.61959060E+02
 4535   0.85485370E+02
 4536   0.10164378E+03
 4537   0.12321575E+03
 4538   0.31129695E+03
 4539   0.22198728E+03
 4540   0.14610484E+03
 4541   0.10271596E+03
 4542   0.86570460E+02
 4543   0.10870880E+03
 4544   0.10335547E+03
 4545   0.83619010E+02
 4546   0.71775330E+02
 4547   0.71063570E+02
 4548   0.56277100E+02
 4549   0.40286430E+02
 4550   0.42160470E+02
 4551   0.28022258E+03
 4552   0.28261761E+03
 4553   0.17971565E+03
 4554   0.15746051E+03
 4555   0.31639568E+03
 4556   0.16577472E+03
 4557   0.83862900E+02
 4558   0.48854560E+02
 4559   0.49457710E+02
 4560   0.11084838E+03
 4561   0.79241650E+02
 4562   0.48944840E+02
 4563   0.37589700E+02
 4564   0.10530445E+03
 4565   0.19766011E+03
 4566   0.16063594E+03
 4567   0.24485425E+03
 4568   0.22958724E+03
 4569   0.18533405E+03
 4570   0.12580624E+03
 4571   0.84438750E+02
 4572   0.68770850E+02
 4573   0.75045490E+02
 4574   0.20037989E+03
 4575   0.18201059E+03
 4576   0.14014386E+03
 4577   0.12775396E+03
 4578   0.11569714E+03
 4579   0.12645194E+03
 4580   0.15431933E+03
 4581   0.15346981E+03
 4582   0.13972903E+03
 4583   0.11592481E+03
 4584   0.13986282E+03
 4585   0.18414990E+03
 4586   0.22460706E+03
 4587   0.20851555E+03
 4588   0.19154974E+03
 4589   0.17298221E+03
 4590   0.13438919E+03
 4591   0.86497340E+02
 4592   0.56526650E+02
 4593   0.49806200E+02
 4594   0.74229940E+02
 4595   0.96491030E+02
 4596   0.12181251E+03
 4597   0.21023460E+03
 4598   0.16117979E+03
 4599   0.92629070E+02
 4600   0.11892971E+03
 4601   0.13005815E+04
 4602   0.17322233E+04
 4603   0.78580101E+03
 4604   0.39465461E+03
 4605   0.44181756E+03
 4606   0.36866919E+03
 4607   0.49455319E+03
 4608   0.52493958E+03
 4609   0.45908736E+03
 4610   0.36318998E+03
 4611   0.46372698E+03
 4612   0.20161063E+03
 4613   0.11075109E+03
 4614   0.71595990E+02
 4615   0.45051400E+02
 4616   0.27074780E+02
 4617   0.19678370E+02
 4618   0.18263020E+02
 4619   0.17921000E+02
 4620   0.30489650E+02
 4621   0.80355150E+02
 4622   0.65792080E+02
 4623   0.37919110E+02
 4624   0.21735180E+02
 4625   0.15247620E+02
 4626   0.16744200E+02
 4627   0.61562590E+02
 4628   0.21642220E+03
 4629   0.15117959E+03
 4630   0.70392840E+02
 4631   0.36454700E+02
 4632   0.20635590E+02
 4633   0.11749530E+02
 4634   0.61923900E+01
 4635   0.10375244E+03
 4636   0.48922973E+03
 4637   0.25157188E+03
 4638   0.12108225E+03
 4639   0.65660830E+02
 4640   0.37902550E+02
 4641   0.23355770E+02
 4642   0.17799170E+02
 4643   0.14461030E+02
 4644   0.12239620E+02
 4645   0.11423330E+02
 4646   0.92501230E+02
 4647   0.20719876E+03
 4648   0.20498062E+03
 4649   0.13668263E+03
 4650   0.73451600E+02
 4651   0.44147490E+02
 4652   0.28430440E+02
 4653   0.17897990E+02
 4654   0.10839000E+02
 4655   0.71716800E+01
 4656   0.50130300E+01
 4657   0.30805800E+01
 4658   0.24507400E+01
 4659   0.28107000E+01
 4660   0.28239500E+01
 4661   0.19389600E+01
 4662   0.10274000E+01
 4663   0.25433200E+01
 4664   0.43155900E+01
 4665   0.40006500E+01
 4666   0.37639000E+01
 4667   0.50704500E+01
 4668   0.88742500E+01
 4669   0.89300900E+01
 4670   0.72274500E+01
 4671   0.55568600E+01
 4672   0.42529500E+01
 4673   0.30039500E+01
 4674   0.14687700E+01
 4675   0.74540000E+00
 4676   0.53921000E+00
 4677   0.17457500E+01
 4678   0.30338050E+02
 4679   0.80197600E+02
 4680   0.51051280E+02
 4681   0.28613410E+02
 4682   0.16515880E+02
 4683   0.91387600E+01
 4684   0.42456700E+01
 4685   0.15812500E+01
 4686   0.43910000E+00
 4687   0.20697000E+00
 4688   0.58464300E+01
 4689   0.22132130E+02
 4690   0.23494540E+02
 4691   0.16584680E+02
 4692   0.97852500E+01
 4693   0.48334600E+01
 4694   0.16215200E+01
 4695   0.48545000E+00
 4696   0.19977000E+00
 4697   0.14819000E+00
 4698   0.11814000E+00
 4699   0.88510000E-01
 4700   0.70850000E-01
 4701   0.58220000E-01
 4702   0.43010000E-01
 4703   0.30320000E-01
 4704   0.22060000E-01
 4705   0.72591000E+00
 4706   0.18975300E+01
 4707   0.32659100E+01
 4708   0.36895000E+01
 4709   0.32811000E+01
 4710   0.70411200E+01
 4711   0.29999640E+02
 4712   0.48054930E+02
 4713   0.61052420E+02
 4714   0.51112140E+02
 4715   0.33143780E+02
 4716   0.20669200E+02
 4717   0.13773590E+02
 4718   0.92171700E+01
 4719   0.66847800E+01
 4720   0.52587300E+01
 4721   0.41622400E+01
 4722   0.28151500E+01
 4723   0.13351300E+01
 4724   0.62614000E+00
 4725   0.20477000E+00
 4726   0.86430000E-01
 4727   0.44380000E-01
 4728   0.26820000E-01
 4729   0.18130000E-01
 4730   0.13210000E-01
 4731   0.10120000E-01
 4732   0.80500000E-02
 4733   0.65700000E-02
 4734   0.54800000E-02
 4735   0.46500000E-02
 4736   0.40000000E-02
 4737   0.34800000E-02
 4738   0.30500000E-02
 4739   0.27000000E-02
 4740   0.24100000E-02
 4741   0.21600000E-02
 4742   0.19500000E-02
 4743   0.17700000E-02
 4744   0.16100000E-02
 4745   0.14800000E-02
 4746   0.13600000E-02
 4747   0.12500000E-02
 4748   0.11500000E-02
 4749   0.10700000E-02
 4750   0.99000000E-03
 4751   0.93000000E-03
 4752   0.87000000E-03
 4753   0.81000000E-03
 4754   0.76000000E-03
 4755   0.71000000E-03
 4756   0.67000000E-03
 4757   0.63000000E-03
 4758   0.60000000E-03
 4759   0.57000000E-03
 4760   0.54000000E-03
 4761   0.51000000E-03
 4762   0.34729000E+00
 4763   0.35860000E+01
 4764   0.65884400E+01
 4765   0.64948500E+01
 4766   0.51935000E+01
 4767   0.36614700E+01
 4768   0.27026400E+01
 4769   0.23152800E+01
 4770   0.15730100E+01
 4771   0.94791000E+00
 4772   0.58287000E+00
 4773   0.33662000E+00
 4774   0.17734000E+00
 4775   0.98010000E-01
 4776   0.61430000E-01
 4777   0.39850000E-01
 4778   0.26870000E-01
 4779   0.19080000E-01
 4780   0.14220000E-01
 4781   0.11010000E-01
 4782   0.87800000E-02
 4783   0.71800000E-02
 4784   0.59900000E-02
 4785   0.50700000E-02
 4786   0.43500000E-02
 4787   0.37800000E-02
 4788   0.33100000E-02
 4789   0.29200000E-02
 4790   0.26000000E-02
 4791   0.23300000E-02
 4792   0.21000000E-02
 4793   0.19000000E-02
 4794   0.17300000E-02
 4795   0.15800000E-02
 4796   0.14500000E-02
 4797   0.13300000E-02
 4798   0.12300000E-02
 4799   0.11400000E-02
 4800   0.10500000E-02
 4801   0.13100000E-01
 4802   0.13190000E+00
 4803   0.14106000E+00
 4804   0.94410000E-01
 4805   0.61090000E-01
 4806   0.41370000E-01
 4807   0.29570000E-01
 4808   0.22070000E-01
 4809   0.17080000E-01
 4810   0.10944000E+01
 4811   0.21678900E+01
 4812   0.18664900E+01
 4813   0.21391600E+01
 4814   0.25650000E+01
 4815   0.31448500E+01
 4816   0.34361200E+01
 4817   0.38611500E+01
 4818   0.12267020E+02
 4819   0.32151820E+02
 4820   0.36024880E+02
 4821   0.33913100E+02
 4822   0.41217220E+02
 4823   0.46957390E+02
 4824   0.52277780E+02
 4825   0.41266510E+02
 4826   0.28723380E+02
 4827   0.19285970E+02
 4828   0.13159390E+02
 4829   0.95800100E+01
 4830   0.76920000E+01
 4831   0.63756800E+01
 4832   0.60622300E+01
 4833   0.63588500E+01
 4834   0.61040700E+01
 4835   0.49842800E+01
 4836   0.38045800E+01
 4837   0.21286700E+01
 4838   0.10707800E+01
 4839   0.30315000E+00
 4840   0.11043000E+00
 4841   0.50790000E-01
 4842   0.17026000E+00
 4843   0.15527300E+01
 4844   0.11075100E+01
 4845   0.18820500E+01
 4846   0.43061300E+01
 4847   0.28341260E+02
 4848   0.30678400E+02
 4849   0.29801660E+02
 4850   0.24270570E+02
 4851   0.16973760E+02
 4852   0.10401400E+02
 4853   0.69709900E+01
 4854   0.51815800E+01
 4855   0.39350500E+01
 4856   0.22796900E+01
 4857   0.11044500E+01
 4858   0.33919000E+00
 4859   0.12816700E+01
 4860   0.29072100E+01
 4861   0.29522300E+01
 4862   0.20281900E+01
 4863   0.25717300E+01
 4864   0.30309900E+01
 4865   0.21458000E+01
 4866   0.19975800E+01
 4867   0.40035800E+01
 4868   0.36753830E+02
 4869   0.17809325E+03
 4870   0.32406425E+03
 4871   0.39814379E+03
 4872   0.29815460E+03
 4873   0.17606959E+03
 4874   0.10434344E+03
 4875   0.74208650E+02
 4876   0.84034670E+02
 4877   0.97188810E+02
 4878   0.81812260E+02
 4879   0.66990980E+02
 4880   0.50336860E+02
 4881   0.34469610E+02
 4882   0.24495050E+02
 4883   0.20490540E+02
 4884   0.24261150E+02
 4885   0.31150600E+02
 4886   0.30595470E+02
 4887   0.34821240E+02
 4888   0.47287450E+02
 4889   0.44482100E+02
 4890   0.37446870E+02
 4891   0.39540260E+02
 4892   0.87571800E+02
 4893   0.23938093E+03
 4894   0.21838390E+03
 4895   0.21600287E+03
 4896   0.29881109E+03
 4897   0.19252880E+03
 4898   0.11019036E+03
 4899   0.68781660E+02
 4900   0.45829600E+02
 4901   0.39834850E+02
 4902   0.84005590E+02
 4903   0.89588520E+02
 4904   0.77740810E+02
 4905   0.50934350E+02
 4906   0.30853800E+02
 4907   0.18973360E+02
 4908   0.12687040E+02
 4909   0.93592600E+01
 4910   0.87085100E+01
 4911   0.79666900E+01
 4912   0.71354100E+01
 4913   0.98184100E+01
 4914   0.12362490E+02
 4915   0.10617150E+02
 4916   0.80888600E+01
 4917   0.61063900E+01
 4918   0.45925800E+01
 4919   0.29538200E+01
 4920   0.11786200E+01
 4921   0.27499000E+00
 4922   0.45893900E+01
 4923   0.31208320E+02
 4924   0.80011640E+02
 4925   0.11256865E+03
 4926   0.10504145E+03
 4927   0.67675820E+02
 4928   0.43266750E+02
 4929   0.67880120E+02
 4930   0.11191410E+03
 4931   0.16898334E+03
 4932   0.17334957E+03
 4933   0.22622900E+03
 4934   0.46331478E+03
 4935   0.51671155E+03
 4936   0.25719964E+03
 4937   0.14708139E+03
 4938   0.12955612E+03
 4939   0.17005622E+03
 4940   0.16919296E+03
 4941   0.13422292E+03
 4942   0.14092700E+03
 4943   0.92540840E+02
 4944   0.51014140E+02
 4945   0.35417400E+02
 4946   0.36056420E+02
 4947   0.45815840E+02
 4948   0.52280090E+02
 4949   0.40178820E+02
 4950   0.36951440E+02
 4951   0.44515910E+02
 4952   0.13525011E+03
 4953   0.21719200E+03
 4954   0.16541745E+03
 4955   0.11237823E+03
 4956   0.74086370E+02
 4957   0.57705950E+02
 4958   0.70947050E+02
 4959   0.63273820E+02
 4960   0.58037470E+02
 4961   0.51463930E+02
 4962   0.10072678E+03
 4963   0.18669309E+03
 4964   0.45170316E+03
 4965   0.43863132E+03
 4966   0.20555706E+03
 4967   0.13512882E+03
 4968   0.10892722E+03
 4969   0.10019995E+03
 4970   0.10747609E+03
 4971   0.73964790E+02
 4972   0.46436690E+02
 4973   0.32043650E+02
 4974   0.32453510E+02
 4975   0.81081920E+02
 4976   0.12330619E+04
 4977   0.14213590E+04
 4978   0.11353510E+04
 4979   0.97401074E+03
 4980   0.55171763E+03
 4981   0.82931384E+03
 4982   0.72610580E+03
 4983   0.50133010E+03
 4984   0.36002189E+03
 4985   0.28839047E+03
 4986   0.26954792E+03
 4987   0.21522746E+03
 4988   0.13127935E+03
 4989   0.88723780E+02
 4990   0.58494790E+02
 4991   0.37378320E+02
 4992   0.23234960E+02
 4993   0.14548150E+02
 4994   0.11224970E+02
 4995   0.75504500E+01
 4996   0.48519500E+01
 4997   0.27231600E+01
 4998   0.10817900E+01
 4999   0.25486000E+00
 5000   0.10017910E+02
 5001   0.36709470E+02
 5002   0.30966880E+02
 5003   0.19378590E+02
 5004   0.11359830E+02
 5005   0.59301300E+01
 5006   0.41351000E+01
 5007   0.38689300E+01
 5008   0.33775100E+01
 5009   0.19963000E+01
 5010   0.10672500E+01
 5011   0.32068000E+00
 5012   0.13684000E+00
 5013   0.73780000E-01
 5014   0.54810000E-01
 5015   0.74067000E+00
 5016   0.11860300E+01
 5017   0.16531100E+01
 5018   0.22989700E+01
 5019   0.23645000E+01
 5020   0.17051900E+01
 5021   0.94885000E+00
 5022   0.22531000E+00
 5023   0.87410000E-01
 5024   0.19678300E+01
 5025   0.49150400E+01
 5026   0.70983000E+01
 5027   0.66263700E+01
 5028   0.53311900E+01
 5029   0.27890500E+01
 5030   0.10071000E+01
 5031   0.59952000E+00
 5032   0.16067900E+01
 5033   0.28400500E+01
 5034   0.37793700E+01
 5035   0.35415500E+01
 5036   0.13924800E+01
 5037   0.24190000E+00
 5038   0.93650000E-01
 5039   0.86760000E-01
 5040   0.75980000E-01
 5041   0.68360000E-01
 5042   0.15644000E+00
 5043   0.14722000E+00
 5044   0.13096000E+00
 5045   0.44866000E+00
 5046   0.28565000E+00
 5047   0.94210000E-01
 5048   0.43520000E-01
 5049   0.25730000E-01
 5050   0.17480000E-01
 5051   0.12840000E-01
 5052   0.99100000E-02
 5053   0.79100000E-02
 5054   0.64800000E-02
 5055   0.54200000E-02
 5056   0.46100000E-02
 5057   0.39700000E-02
 5058   0.34500000E-02
 5059   0.30400000E-02
 5060   0.26900000E-02
 5061   0.24000000E-02
 5062   0.21500000E-02
 5063   0.19400000E-02
 5064   0.17600000E-02
 5065   0.16100000E-02
 5066   0.14700000E-02
 5067   0.13500000E-02
 5068   0.12400000E-02
 5069   0.11500000E-02
 5070   0.10700000E-02
 5071   0.99000000E-03
 5072   0.92000000E-03
 5073   0.86000000E-03
 5074   0.81000000E-03
 5075   0.76000000E-03
 5076   0.71000000E-03
 5077   0.67000000E-03
 5078   0.63000000E-03
 5079   0.60000000E-03
 5080   0.56000000E-03
 5081   0.53000000E-03
 5082   0.51000000E-03
 5083   0.48000000E-03
 5084   0.46000000E-03
 5085   0.44000000E-03
 5086   0.42000000E-03
 5087   0.40000000E-03
 5088   0.38000000E-03
 5089   0.36000000E-03
 5090   0.35000000E-03
 5091   0.33000000E-03
 5092   0.32000000E-03
 5093   0.31000000E-03
 5094   0.30000000E-03
 5095   0.29000000E-03
 5096   0.28000000E-03
 5097   0.27000000E-03
 5098   0.26000000E-03
 5099   0.16023000E+00
 5100   0.28126600E+01
 5101   0.42539800E+01
 5102   0.32767800E+01
 5103   0.18629600E+01
 5104   0.11786900E+01
 5105   0.13962200E+01
 5106   0.22819000E+01
 5107   0.30333000E+01
 5108   0.28303200E+01
 5109   0.14986000E+01
 5110   0.95593000E+00
 5111   0.32015000E+00
 5112   0.14339000E+00
 5113   0.66060000E-01
 5114   0.34400000E-01
 5115   0.20810000E-01
 5116   0.14180000E-01
 5117   0.10490000E-01
 5118   0.82000000E-02
 5119   0.66600000E-02
 5120   0.55500000E-02
 5121   0.47100000E-02
 5122   0.40600000E-02
 5123   0.35400000E-02
 5124   0.31200000E-02
 5125   0.27700000E-02
 5126   0.24700000E-02
 5127   0.22200000E-02
 5128   0.20100000E-02
 5129   0.18200000E-02
 5130   0.16600000E-02
 5131   0.15200000E-02
 5132   0.14000000E-02
 5133   0.12900000E-02
 5134   0.11900000E-02
 5135   0.11000000E-02
 5136   0.10300000E-02
 5137   0.96000000E-03
 5138   0.89000000E-03
 5139   0.84000000E-03
 5140   0.78000000E-03
 5141   0.74000000E-03
 5142   0.69000000E-03
 5143   0.65000000E-03
 5144   0.62000000E-03
 5145   0.58000000E-03
 5146   0.55000000E-03
 5147   0.52000000E-03
 5148   0.50000000E-03
 5149   0.47000000E-03
 5150   0.45000000E-03
 5151   0.43000000E-03
 5152   0.93450000E-01
 5153   0.45622000E+01
 5154   0.12667210E+02
 5155   0.17130680E+02
 5156   0.16387660E+02
 5157   0.16715930E+02
 5158   0.16339490E+02
 5159   0.10980610E+02
 5160   0.76756400E+01
 5161   0.59335600E+01
 5162   0.46373300E+01
 5163   0.32853100E+01
 5164   0.15000500E+01
 5165   0.59657000E+00
 5166   0.15058000E+00
 5167   0.75570000E-01
 5168   0.45850000E-01
 5169   0.29850000E-01
 5170   0.20680000E-01
 5171   0.15130000E-01
 5172   0.11550000E-01
 5173   0.91300000E-02
 5174   0.74100000E-02
 5175   0.61400000E-02
 5176   0.51800000E-02
 5177   0.44300000E-02
 5178   0.89028000E+00
 5179   0.98721000E+00
 5180   0.10540700E+01
 5181   0.15368100E+01
 5182   0.12280000E+01
 5183   0.66322000E+00
 5184   0.90664000E+00
 5185   0.15412700E+01
 5186   0.34676800E+01
 5187   0.12566640E+02
 5188   0.31240040E+02
 5189   0.43559360E+02
 5190   0.46313990E+02
 5191   0.63239370E+02
 5192   0.78117730E+02
 5193   0.78961610E+02
 5194   0.67837630E+02
 5195   0.47052880E+02
 5196   0.30932910E+02
 5197   0.20887880E+02
 5198   0.15491160E+02
 5199   0.11627470E+02
 5200   0.74156700E+01
 5201   0.51395000E+01
 5202   0.41953400E+01
 5203   0.53883500E+01
 5204   0.87093500E+01
 5205   0.95416800E+01
 5206   0.94053500E+01
 5207   0.85999000E+01
 5208   0.67083800E+01
 5209   0.73623700E+01
 5210   0.27415550E+02
 5211   0.74893360E+02
 5212   0.63116520E+02
 5213   0.41183280E+02
 5214   0.25583440E+02
 5215   0.15784350E+02
 5216   0.10503780E+02
 5217   0.74538500E+01
 5218   0.55759400E+01
 5219   0.42236300E+01
 5220   0.36289000E+01
 5221   0.41331100E+01
 5222   0.14303760E+02
 5223   0.19781890E+02
 5224   0.15410300E+02
 5225   0.10814780E+02
 5226   0.98183400E+01
 5227   0.16674540E+02
 5228   0.25621820E+02
 5229   0.30948510E+02
 5230   0.35493150E+02
 5231   0.26456430E+02
 5232   0.17467650E+02
 5233   0.11553490E+02
 5234   0.82838500E+01
 5235   0.68151300E+01
 5236   0.64404200E+01
 5237   0.67899900E+01
 5238   0.90081700E+01
 5239   0.19978390E+02
 5240   0.44821050E+02
 5241   0.33538140E+02
 5242   0.22011110E+02
 5243   0.14454190E+02
 5244   0.10156520E+02
 5245   0.74453900E+01
 5246   0.56480100E+01
 5247   0.43496700E+01
 5248   0.37483600E+01
 5249   0.48986800E+01
 5250   0.91311100E+01
 5251   0.66658380E+02
 5252   0.79252390E+02
 5253   0.69318660E+02
 5254   0.67846900E+02
 5255   0.89851310E+02
 5256   0.15738114E+03
 5257   0.26695935E+03
 5258   0.17673838E+03
 5259   0.10082910E+03
 5260   0.78703310E+02
 5261   0.19733898E+03
 5262   0.25269680E+03
 5263   0.13778736E+03
 5264   0.77287530E+02
 5265   0.62433610E+02
 5266   0.11914250E+03
 5267   0.14332357E+03
 5268   0.98517410E+02
 5269   0.99771880E+02
 5270   0.37748638E+03
 5271   0.27542006E+03
 5272   0.14614154E+03
 5273   0.78806460E+02
 5274   0.51456830E+02
 5275   0.45444780E+02
 5276   0.48318120E+02
 5277   0.21997702E+03
 5278   0.33883708E+03
 5279   0.54594031E+03
 5280   0.28120833E+03
 5281   0.16420505E+03
 5282   0.11313366E+03
 5283   0.32614268E+03
 5284   0.37333383E+03
 5285   0.38208569E+03
 5286   0.48488242E+03
 5287   0.44260923E+03
 5288   0.36160452E+03
 5289   0.30831502E+03
 5290   0.20783666E+03
 5291   0.13771426E+03
 5292   0.11380968E+03
 5293   0.10272334E+03
 5294   0.74972020E+02
 5295   0.51070770E+02
 5296   0.32931210E+02
 5297   0.22976760E+02
 5298   0.23198440E+02
 5299   0.20142742E+03
 5300   0.76443123E+03
 5301   0.35814799E+03
 5302   0.17170998E+03
 5303   0.95727600E+02
 5304   0.55600750E+02
 5305   0.33465530E+02
 5306   0.20130570E+02
 5307   0.12345810E+02
 5308   0.10615570E+02
 5309   0.10860720E+02
 5310   0.99022100E+01
 5311   0.78119800E+01
 5312   0.51022000E+01
 5313   0.16838800E+01
 5314   0.13996100E+01
 5315   0.70854000E+00
 5316   0.24347000E+00
 5317   0.29048700E+01
 5318   0.12025351E+03
 5319   0.83352718E+03
 5320   0.69597761E+03
 5321   0.40755096E+03
 5322   0.41448981E+03
 5323   0.69145994E+03
 5324   0.54284630E+03
 5325   0.67811394E+03
 5326   0.53053933E+03
 5327   0.37417936E+03
 5328   0.34238697E+03
 5329   0.23277374E+03
 5330   0.20784819E+03
 5331   0.15765009E+03
 5332   0.15229324E+03
 5333   0.22509022E+03
 5334   0.56902151E+03
 5335   0.87113136E+03
 5336   0.58872002E+03
 5337   0.32946490E+03
 5338   0.18972147E+03
 5339   0.14149093E+03
 5340   0.13116096E+03
 5341   0.21975016E+03
 5342   0.20444924E+03
 5343   0.18324775E+03
 5344   0.14667798E+03
 5345   0.96877210E+02
 5346   0.63151980E+02
 5347   0.48446490E+02
 5348   0.12674718E+03
 5349   0.22623049E+03
 5350   0.40404817E+03
 5351   0.86241685E+03
 5352   0.85737955E+03
 5353   0.54680373E+03
 5354   0.42401554E+03
 5355   0.23346150E+03
 5356   0.11451100E+03
 5357   0.61297770E+02
 5358   0.35208160E+02
 5359   0.20640840E+02
 5360   0.13034650E+02
 5361   0.88249500E+01
 5362   0.63868700E+01
 5363   0.49057100E+01
 5364   0.99086400E+01
 5365   0.26897210E+02
 5366   0.71421530E+02
 5367   0.58081910E+02
 5368   0.37050060E+02
 5369   0.28676370E+02
 5370   0.48467270E+02
 5371   0.34296960E+02
 5372   0.20928720E+02
 5373   0.13451450E+02
 5374   0.84888900E+01
 5375   0.59094700E+01
 5376   0.43695900E+01
 5377   0.28433300E+01
 5378   0.50647200E+01
 5379   0.32028530E+02
 5380   0.14965502E+03
 5381   0.10639943E+03
 5382   0.60347180E+02
 5383   0.48988380E+02
 5384   0.45097040E+02
 5385   0.35982550E+02
 5386   0.25646090E+02
 5387   0.17410500E+02
 5388   0.31991160E+02
 5389   0.51680090E+02
 5390   0.42731830E+02
 5391   0.28511740E+02
 5392   0.22232780E+02
 5393   0.26645180E+02
 5394   0.59160875E+03
 5395   0.47353349E+03
 5396   0.20027989E+03
 5397   0.10476513E+03
 5398   0.61302810E+02
 5399   0.36479190E+02
 5400   0.22064990E+02
 5401   0.13463010E+02
 5402   0.91492000E+01
 5403   0.65941800E+01
 5404   0.49139800E+01
 5405   0.29735400E+01
 5406   0.10879800E+01
 5407   0.34851000E+00
 5408   0.15557000E+00
 5409   0.76090000E-01
 5410   0.42220000E-01
 5411   0.26600000E-01
 5412   0.18360000E-01
 5413   0.13510000E-01
 5414   0.10400000E-01
 5415   0.82900000E-02
 5416   0.67700000E-02
 5417   0.56500000E-02
 5418   0.47900000E-02
 5419   0.41200000E-02
 5420   0.35800000E-02
 5421   0.31400000E-02
 5422   0.27800000E-02
 5423   0.24800000E-02
 5424   0.22200000E-02
 5425   0.20400000E-02
 5426   0.19600000E-02
 5427   0.20300000E-02
 5428   0.21800000E-02
 5429   0.23200000E-02
 5430   0.23700000E-02
 5431   0.23100000E-02
 5432   0.21800000E-02
 5433   0.20100000E-02
 5434   0.18400000E-02
 5435   0.16700000E-02
 5436   0.15100000E-02
 5437   0.13700000E-02
 5438   0.12400000E-02
 5439   0.11300000E-02
 5440   0.10300000E-02
 5441   0.95000000E-03
 5442   0.87000000E-03
 5443   0.80000000E-03
 5444   0.75000000E-03
 5445   0.69000000E-03
 5446   0.64000000E-03
 5447   0.60000000E-03
 5448   0.56000000E-03
 5449   0.53000000E-03
 5450   0.50000000E-03
 5451   0.47000000E-03
 5452   0.44000000E-03
 5453   0.42000000E-03
 5454   0.40000000E-03
 5455   0.67000000E-01
 5456   0.12032700E+01
 5457   0.65574000E+00
 5458   0.21604000E+00
 5459   0.10997000E+00
 5460   0.65260000E-01
 5461   0.42710000E-01
 5462   0.29900000E-01
 5463   0.21990000E-01
 5464   0.16790000E-01
 5465   0.13190000E-01
 5466   0.10620000E-01
 5467   0.87100000E-02
 5468   0.72600000E-02
 5469   0.61400000E-02
 5470   0.52500000E-02
 5471   0.45400000E-02
 5472   0.39600000E-02
 5473   0.34800000E-02
 5474   0.30800000E-02
 5475   0.27500000E-02
 5476   0.24600000E-02
 5477   0.22200000E-02
 5478   0.20100000E-02
 5479   0.18200000E-02
 5480   0.16700000E-02
 5481   0.15300000E-02
 5482   0.14000000E-02
 5483   0.12900000E-02
 5484   0.12000000E-02
 5485   0.11100000E-02
 5486   0.10400000E-02
 5487   0.97000000E-03
 5488   0.92000000E-03
 5489   0.86000000E-03
 5490   0.82000000E-03
 5491   0.78000000E-03
 5492   0.74000000E-03
 5493   0.70000000E-03
 5494   0.67000000E-03
 5495   0.64000000E-03
 5496   0.61000000E-03
 5497   0.58000000E-03
 5498   0.55000000E-03
 5499   0.53000000E-03
 5500   0.50000000E-03
 5501   0.48000000E-03
 5502   0.46000000E-03
 5503   0.44000000E-03
 5504   0.42000000E-03
 5505   0.40000000E-03
 5506   0.38000000E-03
 5507   0.36000000E-03
 5508   0.35000000E-03
 5509   0.33000000E-03
 5510   0.32000000E-03
 5511   0.31000000E-03
 5512   0.29000000E-03
 5513   0.28000000E-03
 5514   0.27000000E-03
 5515   0.26000000E-03
 5516   0.25000000E-03
 5517   0.24000000E-03
 5518   0.23000000E-03
 5519   0.22000000E-03
 5520   0.22000000E-03
 5521   0.21000000E-03
 5522   0.20000000E-03
 5523   0.20000000E-03
 5524   0.19000000E-03
 5525   0.17350000E-01
 5526   0.13909000E+00
 5527   0.28415000E+00
 5528   0.12622100E+01
 5529   0.25895400E+01
 5530   0.38233100E+01
 5531   0.38921200E+01
 5532   0.32135500E+01
 5533   0.26267300E+01
 5534   0.16651600E+01
 5535   0.11423200E+01
 5536   0.27794200E+01
 5537   0.57111500E+01
 5538   0.66462600E+01
 5539   0.78501700E+01
 5540   0.80765200E+01
 5541   0.68132400E+01
 5542   0.56180300E+01
 5543   0.52865300E+01
 5544   0.58816500E+01
 5545   0.65279400E+01
 5546   0.65081800E+01
 5547   0.57901300E+01
 5548   0.48426300E+01
 5549   0.32588400E+01
 5550   0.13663800E+01
 5551   0.78476000E+00
 5552   0.27292000E+00
 5553   0.13000000E+00
 5554   0.63180000E-01
 5555   0.33230000E-01
 5556   0.92673000E+00
 5557   0.30884600E+01
 5558   0.42552100E+01
 5559   0.40070200E+01
 5560   0.36939300E+01
 5561   0.31828100E+01
 5562   0.29724600E+01
 5563   0.32869600E+01
 5564   0.33930400E+01
 5565   0.28944700E+01
 5566   0.20195200E+01
 5567   0.26125300E+01
 5568   0.44534500E+01
 5569   0.82448400E+01
 5570   0.22707210E+02
 5571   0.31681110E+02
 5572   0.26983480E+02
 5573   0.20156470E+02
 5574   0.14085030E+02
 5575   0.10171950E+02
 5576   0.76318400E+01
 5577   0.80964900E+01
 5578   0.10238430E+02
 5579   0.86778100E+01
 5580   0.49234400E+01
 5581   0.16488500E+01
 5582   0.57480000E+00
 5583   0.20241000E+00
 5584   0.14519000E+00
 5585   0.11560000E+00
 5586   0.87320000E-01
 5587   0.12643000E+00
 5588   0.27233000E+00
 5589   0.21710000E+00
 5590   0.15202000E+00
 5591   0.10693000E+00
 5592   0.70330000E-01
 5593   0.46440000E-01
 5594   0.35272100E+01
 5595   0.69800270E+02
 5596   0.20432451E+03
 5597   0.11160064E+03
 5598   0.60999850E+02
 5599   0.40162560E+02
 5600   0.13544550E+03
 5601   0.22446221E+03
 5602   0.14740482E+03
 5603   0.87303490E+02
 5604   0.55290700E+02
 5605   0.37146510E+02
 5606   0.24952760E+02
 5607   0.18073890E+02
 5608   0.16983390E+02
 5609   0.18202630E+02
 5610   0.27277140E+02
 5611   0.40301290E+02
 5612   0.58877870E+02
 5613   0.65153550E+02
 5614   0.47196260E+02
 5615   0.32744910E+02
 5616   0.27593880E+02
 5617   0.83379090E+02
 5618   0.13271293E+03
 5619   0.12857566E+03
 5620   0.90861280E+02
 5621   0.59634240E+02
 5622   0.44667960E+02
 5623   0.58708040E+02
 5624   0.74332230E+02
 5625   0.68409590E+02
 5626   0.53276410E+02
 5627   0.38562990E+02
 5628   0.28362600E+02
 5629   0.22818630E+02
 5630   0.17277700E+02
 5631   0.10885010E+02
 5632   0.71297300E+01
 5633   0.86934700E+01
 5634   0.27890120E+02
 5635   0.23433519E+03
 5636   0.18881125E+03
 5637   0.12750076E+03
 5638   0.88719120E+02
 5639   0.85660030E+02
 5640   0.16077300E+03
 5641   0.12003280E+03
 5642   0.83020680E+02
 5643   0.85485070E+02
 5644   0.93759770E+02
 5645   0.15410267E+03
 5646   0.25884731E+03
 5647   0.18807815E+03
 5648   0.13816187E+03
 5649   0.14800471E+03
 5650   0.21045341E+03
 5651   0.13581728E+03
 5652   0.86862500E+02
 5653   0.56954130E+02
 5654   0.40842116E+03
 5655   0.53925253E+03
 5656   0.44001374E+03
 5657   0.30387346E+03
 5658   0.21443774E+03
 5659   0.17968816E+03
 5660   0.13369227E+03
 5661   0.10159113E+03
 5662   0.12222854E+03
 5663   0.12173327E+03
 5664   0.78582230E+02
 5665   0.46468520E+02
 5666   0.28778700E+02
 5667   0.17290970E+02
 5668   0.99317400E+01
 5669   0.64915000E+01
 5670   0.50918100E+01
 5671   0.64232900E+01
 5672   0.17779230E+02
 5673   0.63601880E+02
 5674   0.21074473E+03
 5675   0.23135077E+03
 5676   0.14163289E+03
 5677   0.23320339E+03
 5678   0.26760275E+03
 5679   0.30447291E+03
 5680   0.49724039E+03
 5681   0.62447187E+03
 5682   0.25135749E+03
 5683   0.15060824E+03
 5684   0.15325975E+03
 5685   0.24250920E+03
 5686   0.76955896E+03
 5687   0.52606767E+03
 5688   0.29777427E+03
 5689   0.20990188E+03
 5690   0.13631811E+03
 5691   0.82190730E+02
 5692   0.71213220E+02
 5693   0.78170920E+02
 5694   0.15090077E+03
 5695   0.59549207E+03
 5696   0.49522273E+03
 5697   0.22121237E+03
 5698   0.10939994E+03
 5699   0.61950670E+02
 5700   0.41051990E+02
 5701   0.28699450E+02
 5702   0.18840470E+02
 5703   0.11864680E+02
 5704   0.80696000E+01
 5705   0.60319800E+01
 5706   0.50681300E+01
 5707   0.63694434E+03
 5708   0.25400797E+03
 5709   0.16021715E+03
 5710   0.36110465E+03
 5711   0.32219485E+03
 5712   0.19897406E+03
 5713   0.35602165E+03
 5714   0.26651428E+03
 5715   0.13260750E+03
 5716   0.76170410E+02
 5717   0.44911540E+02
 5718   0.27096010E+02
 5719   0.16303770E+02
 5720   0.93293100E+01
 5721   0.59846200E+01
 5722   0.38582900E+01
 5723   0.12090600E+01
 5724   0.22404000E+00
 5725   0.11394000E+00
 5726   0.80680000E-01
 5727   0.63690000E-01
 5728   0.48430000E-01
 5729   0.33570000E-01
 5730   0.23260000E-01
 5731   0.16760000E-01
 5732   0.12600000E-01
 5733   0.98200000E-02
 5734   0.25553800E+01
 5735   0.16345370E+02
 5736   0.45678750E+02
 5737   0.36593380E+02
 5738   0.22744010E+02
 5739   0.13796670E+02
 5740   0.79280600E+01
 5741   0.36014800E+01
 5742   0.13187400E+01
 5743   0.26171000E+00
 5744   0.15112000E+00
 5745   0.12155000E+00
 5746   0.95560000E-01
 5747   0.72970000E-01
 5748   0.19456500E+01
 5749   0.37125500E+01
 5750   0.29333400E+01
 5751   0.10264000E+01
 5752   0.37096000E+00
 5753   0.24667000E+00
 5754   0.17372000E+00
 5755   0.11567000E+00
 5756   0.72730000E-01
 5757   0.47540000E-01
 5758   0.32880000E-01
 5759   0.23880000E-01
 5760   0.18040000E-01
 5761   0.14060000E-01
 5762   0.11230000E-01
 5763   0.91600000E-02
 5764   0.76100000E-02
 5765   0.64000000E-02
 5766   0.54600000E-02
 5767   0.47100000E-02
 5768   0.41000000E-02
 5769   0.35900000E-02
 5770   0.31800000E-02
 5771   0.28300000E-02
 5772   0.25300000E-02
 5773   0.22800000E-02
 5774   0.20600000E-02
 5775   0.18700000E-02
 5776   0.17000000E-02
 5777   0.15600000E-02
 5778   0.14300000E-02
 5779   0.13200000E-02
 5780   0.10067400E+01
 5781   0.64109800E+01
 5782   0.78869680E+02
 5783   0.17950502E+03
 5784   0.13937731E+03
 5785   0.95653830E+02
 5786   0.72422270E+02
 5787   0.54389600E+02
 5788   0.39662530E+02
 5789   0.29729200E+02
 5790   0.20869060E+02
 5791   0.13884550E+02
 5792   0.97445300E+01
 5793   0.72117600E+01
 5794   0.55187100E+01
 5795   0.34838400E+01
 5796   0.11749400E+01
 5797   0.34297000E+00
 5798   0.14460000E+00
 5799   0.74050000E-01
 5800   0.43200000E-01
 5801   0.28240000E-01
 5802   0.19990000E-01
 5803   0.14950000E-01
 5804   0.11890000E-01
 5805   0.15740000E-01
 5806   0.20230000E-01
 5807   0.16310000E-01
 5808   0.11680000E-01
 5809   0.84500000E-02
 5810   0.63600000E-02
 5811   0.49800000E-02
 5812   0.40400000E-02
 5813   0.33700000E-02
 5814   0.28800000E-02
 5815   0.25000000E-02
 5816   0.22000000E-02
 5817   0.19600000E-02
 5818   0.17600000E-02
 5819   0.59000000E-02
 5820   0.84700000E-02
 5821   0.39880000E-01
 5822   0.62770000E-01
 5823   0.49190000E-01
 5824   0.48756000E+00
 5825   0.11086160E+02
 5826   0.75371050E+02
 5827   0.11133184E+03
 5828   0.91443530E+02
 5829   0.55840070E+02
 5830   0.33385510E+02
 5831   0.20046170E+02
 5832   0.12901310E+02
 5833   0.90367800E+01
 5834   0.65644800E+01
 5835   0.49604500E+01
 5836   0.28151100E+01
 5837   0.98741000E+00
 5838   0.43187000E+00
 5839   0.31672000E+00
 5840   0.20921000E+00
 5841   0.11936000E+00
 5842   0.64300000E-01
 5843   0.11702000E+00
 5844   0.14751100E+01
 5845   0.95899000E+00
 5846   0.71999000E+00
 5847   0.62100000E+00
 5848   0.37256000E+00
 5849   0.25173000E+00
 5850   0.15883000E+00
 5851   0.10274000E+00
 5852   0.65840000E-01
 5853   0.43580000E-01
 5854   0.30310000E-01
 5855   0.22080000E-01
 5856   0.16710000E-01
 5857   0.13050000E-01
 5858   0.10450000E-01
 5859   0.85400000E-02
 5860   0.71000000E-02
 5861   0.59900000E-02
 5862   0.51200000E-02
 5863   0.44200000E-02
 5864   0.38500000E-02
 5865   0.33900000E-02
 5866   0.30000000E-02
 5867   0.26700000E-02
 5868   0.24000000E-02
 5869   0.21600000E-02
 5870   0.19600000E-02
 5871   0.17800000E-02
 5872   0.16200000E-02
 5873   0.14900000E-02
 5874   0.13700000E-02
 5875   0.12600000E-02
 5876   0.11700000E-02
 5877   0.10800000E-02
 5878   0.10100000E-02
 5879   0.94000000E-03
 5880   0.88000000E-03
 5881   0.82000000E-03
 5882   0.77000000E-03
 5883   0.72000000E-03
 5884   0.68000000E-03
 5885   0.26731300E+01
 5886   0.69243200E+01
 5887   0.81514900E+01
 5888   0.56388100E+01
 5889   0.26083900E+01
 5890   0.97908000E+00
 5891   0.11415400E+01
 5892   0.24824400E+01
 5893   0.34033500E+01
 5894   0.40943500E+01
 5895   0.47880400E+01
 5896   0.71169400E+01
 5897   0.14604610E+02
 5898   0.51060330E+02
 5899   0.49963580E+02
 5900   0.35225020E+02
 5901   0.22989990E+02
 5902   0.15498300E+02
 5903   0.11131440E+02
 5904   0.82407300E+01
 5905   0.63070000E+01
 5906   0.48371800E+01
 5907   0.27208000E+01
 5908   0.10128600E+01
 5909   0.25256100E+01
 5910   0.34647700E+01
 5911   0.85426800E+01
 5912   0.17605000E+02
 5913   0.36105340E+02
 5914   0.63136870E+02
 5915   0.93450990E+02
 5916   0.10622207E+03
 5917   0.80583230E+02
 5918   0.53003990E+02
 5919   0.35306470E+02
 5920   0.29981200E+02
 5921   0.30093790E+02
 5922   0.67865560E+02
 5923   0.10244897E+03
 5924   0.77499770E+02
 5925   0.50553880E+02
 5926   0.32176060E+02
 5927   0.20031400E+02
 5928   0.11737980E+02
 5929   0.79446700E+01
 5930   0.60885000E+01
 5931   0.48278400E+01
 5932   0.36083600E+01
 5933   0.18011800E+01
 5934   0.10597880E+02
 5935   0.41950750E+02
 5936   0.50759490E+02
 5937   0.43959490E+02
 5938   0.28839230E+02
 5939   0.18583020E+02
 5940   0.13001890E+02
 5941   0.12546330E+02
 5942   0.22975020E+02
 5943   0.41132310E+02
 5944   0.51214560E+02
 5945   0.51010650E+02
 5946   0.68215130E+02
 5947   0.97101360E+02
 5948   0.73497890E+02
 5949   0.48416760E+02
 5950   0.30731420E+02
 5951   0.20175100E+02
 5952   0.15381200E+02
 5953   0.15123540E+02
 5954   0.17888670E+02
 5955   0.20660600E+02
 5956   0.22040990E+02
 5957   0.32029470E+02
 5958   0.31434640E+02
 5959   0.20940730E+02
 5960   0.13476500E+02
 5961   0.94340800E+01
 5962   0.69198400E+01
 5963   0.54854800E+01
 5964   0.44844900E+01
 5965   0.45976600E+01
 5966   0.64685600E+01
 5967   0.85588400E+01
 5968   0.97709400E+01
 5969   0.87343600E+01
 5970   0.91567700E+01
 5971   0.13808310E+02
 5972   0.15105040E+02
 5973   0.15759150E+02
 5974   0.16852090E+02
 5975   0.18895630E+02
 5976   0.11026436E+03
 5977   0.20937702E+03
 5978   0.14713303E+03
 5979   0.11155234E+03
 5980   0.21415490E+03
 5981   0.25601752E+03
 5982   0.21846484E+03
 5983   0.13290224E+03
 5984   0.73017830E+02
 5985   0.47035730E+02
 5986   0.41019620E+02
 5987   0.14604229E+03
 5988   0.19396323E+03
 5989   0.15079210E+03
 5990   0.90220540E+02
 5991   0.53115720E+02
 5992   0.31996720E+02
 5993   0.20108470E+02
 5994   0.43983570E+02
 5995   0.17180997E+03
 5996   0.14327650E+03
 5997   0.10601619E+03
 5998   0.80435730E+02
 5999   0.78286190E+02
 6000   0.17898154E+03
 6001   0.13587581E+03
 6002   0.73917350E+02
 6003   0.41251690E+02
 6004   0.25473510E+02
 6005   0.24238460E+02
 6006   0.26576750E+02
 6007   0.52378500E+02
 6008   0.10574179E+03
 6009   0.73614520E+02
 6010   0.42248010E+02
 6011   0.25660640E+02
 6012   0.17119210E+02
 6013   0.13094610E+02
 6014   0.96401700E+01
 6015   0.92159500E+01
 6016   0.16154270E+02
 6017   0.26160840E+02
 6018   0.25148290E+02
 6019   0.17556880E+02
 6020   0.98527300E+01
 6021   0.68111100E+01
 6022   0.62260110E+02
 6023   0.17448285E+03
 6024   0.20366147E+03
 6025   0.13621357E+03
 6026   0.10530799E+03
 6027   0.26303667E+03
 6028   0.72815140E+03
 6029   0.52477447E+03
 6030   0.31713921E+03
 6031   0.22286264E+03
 6032   0.33316143E+03
 6033   0.53464303E+03
 6034   0.26296089E+03
 6035   0.17067121E+03
 6036   0.13847652E+03
 6037   0.91065900E+02
 6038   0.54026940E+02
 6039   0.33410260E+02
 6040   0.21991830E+02
 6041   0.13430200E+02
 6042   0.78466500E+01
 6043   0.47646800E+01
 6044   0.39645700E+01
 6045   0.49580900E+01
 6046   0.67352100E+01
 6047   0.21786870E+02
 6048   0.52539770E+02
 6049   0.13027209E+03
 6050   0.32776527E+03
 6051   0.23149842E+03
 6052   0.16663063E+03
 6053   0.19096228E+03
 6054   0.18942833E+03
 6055   0.12595424E+03
 6056   0.97611380E+02
 6057   0.15149635E+03
 6058   0.34594606E+03
 6059   0.23485602E+03
 6060   0.15910222E+03
 6061   0.15018069E+03
 6062   0.10431393E+03
 6063   0.16728667E+03
 6064   0.11455794E+03
 6065   0.10057347E+03
 6066   0.12028370E+03
 6067   0.15755846E+03
 6068   0.16201228E+03
 6069   0.10097726E+03
 6070   0.55094840E+02
 6071   0.29304190E+02
 6072   0.16306500E+02
 6073   0.90735200E+01
 6074   0.55675600E+01
 6075   0.32510900E+01
 6076   0.16241000E+01
 6077   0.74757000E+00
 6078   0.21183000E+00
 6079   0.60775000E+00
 6080   0.24267830E+02
 6081   0.53944890E+02
 6082   0.40490980E+02
 6083   0.38558120E+02
 6084   0.55509330E+02
 6085   0.85737750E+02
 6086   0.54012865E+03
 6087   0.69791640E+03
 6088   0.15627017E+04
 6089   0.96937093E+03
 6090   0.39205181E+03
 6091   0.19311879E+03
 6092   0.95325250E+02
 6093   0.52801020E+02
 6094   0.33168860E+02
 6095   0.21884210E+02
 6096   0.18172520E+02
 6097   0.16186690E+02
 6098   0.12972200E+02
 6099   0.83502400E+01
 6100   0.61920100E+01
 6101   0.50854630E+02
 6102   0.55150820E+02
 6103   0.32262240E+02
 6104   0.18746470E+02
 6105   0.10838230E+02
 6106   0.63075600E+01
 6107   0.43867800E+01
 6108   0.42356700E+01
 6109   0.46127000E+01
 6110   0.42502800E+01
 6111   0.32641200E+01
 6112   0.11872000E+01
 6113   0.19168000E+00
 6114   0.73790000E-01
 6115   0.42740000E-01
 6116   0.28010000E-01
 6117   0.19770000E-01
 6118   0.14710000E-01
 6119   0.11400000E-01
 6120   0.91000000E-02
 6121   0.74500000E-02
 6122   0.60427000E+00
 6123   0.17451400E+01
 6124   0.38098000E+01
 6125   0.48504200E+01
 6126   0.33813200E+01
 6127   0.11640800E+01
 6128   0.30212000E+00
 6129   0.16526000E+00
 6130   0.19605000E+00
 6131   0.12878900E+01
 6132   0.66364000E+00
 6133   0.53316000E+00
 6134   0.73140000E+00
 6135   0.95113000E+00
 6136   0.79284000E+00
 6137   0.39274000E+00
 6138   0.17514000E+00
 6139   0.81440000E-01
 6140   0.45700000E-01
 6141   0.29670000E-01
 6142   0.21060000E-01
 6143   0.15810000E-01
 6144   0.36727900E+01
 6145   0.10274400E+02
 6146   0.14625220E+02
 6147   0.14047560E+02
 6148   0.11278770E+02
 6149   0.12502570E+02
 6150   0.21891590E+02
 6151   0.28117230E+02
 6152   0.29412770E+02
 6153   0.22547770E+02
 6154   0.15880790E+02
 6155   0.10906690E+02
 6156   0.11143520E+02
 6157   0.12726050E+02
 6158   0.11894410E+02
 6159   0.96181600E+01
 6160   0.66999200E+01
 6161   0.42164900E+01
 6162   0.40028400E+01
 6163   0.52587100E+01
 6164   0.44363800E+01
 6165   0.30130500E+01
 6166   0.14149500E+01
 6167   0.62656000E+00
 6168   0.17563000E+00
 6169   0.73100000E-01
 6170   0.37520000E-01
 6171   0.23000000E-01
 6172   0.15870000E-01
 6173   0.11800000E-01
 6174   0.92300000E-02
 6175   0.74600000E-02
 6176   0.61800000E-02
 6177   0.52200000E-02
 6178   0.44700000E-02
 6179   0.38700000E-02
 6180   0.33900000E-02
 6181   0.29900000E-02
 6182   0.84310000E-01
 6183   0.20458300E+01
 6184   0.14237500E+01
 6185   0.57613000E+00
 6186   0.21074000E+00
 6187   0.11244000E+00
 6188   0.66040000E-01
 6189   0.42600000E-01
 6190   0.29530000E-01
 6191   0.21590000E-01
 6192   0.16420000E-01
 6193   0.12880000E-01
 6194   0.10360000E-01
 6195   0.84900000E-02
 6196   0.70800000E-02
 6197   0.59900000E-02
 6198   0.51300000E-02
 6199   0.59672000E+00
 6200   0.50675900E+01
 6201   0.10542510E+02
 6202   0.11947940E+02
 6203   0.10166890E+02
 6204   0.78283900E+01
 6205   0.70569000E+01
 6206   0.66259000E+01
 6207   0.57994600E+01
 6208   0.47787900E+01
 6209   0.36939900E+01
 6210   0.34266000E+01
 6211   0.30366800E+01
 6212   0.13220900E+01
 6213   0.89401000E+00
 6214   0.40975000E+00
 6215   0.29563000E+00
 6216   0.20208000E+00
 6217   0.13248000E+00
 6218   0.82570000E-01
 6219   0.53020000E-01
 6220   0.36000000E-01
 6221   0.25740000E-01
 6222   0.19190000E-01
 6223   0.14800000E-01
 6224   0.11730000E-01
 6225   0.95100000E-02
 6226   0.78500000E-02
 6227   0.65800000E-02
 6228   0.55900000E-02
 6229   0.48000000E-02
 6230   0.41700000E-02
 6231   0.36500000E-02
 6232   0.32200000E-02
 6233   0.28600000E-02
 6234   0.25600000E-02
 6235   0.23000000E-02
 6236   0.32061600E+01
 6237   0.10628620E+02
 6238   0.15133890E+02
 6239   0.16646930E+02
 6240   0.17160360E+02
 6241   0.18380760E+02
 6242   0.17639150E+02
 6243   0.14635720E+02
 6244   0.10820780E+02
 6245   0.78742200E+01
 6246   0.54932800E+01
 6247   0.40473900E+01
 6248   0.29062700E+01
 6249   0.17173200E+01
 6250   0.10975200E+01
 6251   0.43566000E+00
 6252   0.17865000E+00
 6253   0.91250000E-01
 6254   0.53840000E-01
 6255   0.34030000E-01
 6256   0.22930000E-01
 6257   0.33420600E+01
 6258   0.12604180E+02
 6259   0.21664160E+02
 6260   0.26225230E+02
 6261   0.24616300E+02
 6262   0.26153350E+02
 6263   0.23151480E+02
 6264   0.17448440E+02
 6265   0.13364240E+02
 6266   0.87844100E+01
 6267   0.62004400E+01
 6268   0.48025000E+01
 6269   0.38802200E+01
 6270   0.28941100E+01
 6271   0.16230600E+01
 6272   0.40564400E+01
 6273   0.19518660E+02
 6274   0.73822630E+02
 6275   0.96519960E+02
 6276   0.62276710E+02
 6277   0.44720030E+02
 6278   0.31978490E+02
 6279   0.23469660E+02
 6280   0.18921880E+02
 6281   0.15867880E+02
 6282   0.12965750E+02
 6283   0.12770710E+02
 6284   0.13226610E+02
 6285   0.11581270E+02
 6286   0.92146100E+01
 6287   0.65319100E+01
 6288   0.47858100E+01
 6289   0.36423600E+01
 6290   0.25973100E+01
 6291   0.13422700E+01
 6292   0.10551600E+01
 6293   0.12326700E+01
 6294   0.95672000E+00
 6295   0.11240200E+01
 6296   0.24542500E+01
 6297   0.36530900E+01
 6298   0.38246300E+01
 6299   0.31888500E+01
 6300   0.29167600E+01
 6301   0.16637300E+01
 6302   0.38357300E+01
 6303   0.11319630E+02
 6304   0.15668640E+02
 6305   0.14028480E+02
 6306   0.12692540E+02
 6307   0.11011690E+02
 6308   0.25182020E+02
 6309   0.36074720E+02
 6310   0.30803290E+02
 6311   0.42637000E+02
 6312   0.92059080E+02
 6313   0.91982340E+02
 6314   0.64586130E+02
 6315   0.41703690E+02
 6316   0.32768010E+02
 6317   0.29195710E+02
 6318   0.35474010E+02
 6319   0.35457380E+02
 6320   0.29037300E+02
 6321   0.22505040E+02
 6322   0.16457220E+02
 6323   0.13998060E+02
 6324   0.17718580E+02
 6325   0.32666340E+02
 6326   0.51717940E+02
 6327   0.50492640E+02
 6328   0.37114260E+02
 6329   0.27608720E+02
 6330   0.22950390E+02
 6331   0.19632420E+02
 6332   0.17829730E+02
 6333   0.16538450E+02
 6334   0.15343030E+02
 6335   0.25616180E+02
 6336   0.63854410E+02
 6337   0.80234420E+02
 6338   0.92502300E+02
 6339   0.74711240E+02
 6340   0.49904840E+02
 6341   0.33866130E+02
 6342   0.26836250E+02
 6343   0.22906100E+02
 6344   0.23823870E+02
 6345   0.47679710E+02
 6346   0.14218025E+03
 6347   0.13524881E+03
 6348   0.99053620E+02
 6349   0.71123300E+02
 6350   0.49455140E+02
 6351   0.33396590E+02
 6352   0.23125990E+02
 6353   0.18681870E+02
 6354   0.18501280E+02
 6355   0.27313910E+02
 6356   0.71186910E+02
 6357   0.26363870E+03
 6358   0.46965971E+03
 6359   0.46828639E+03
 6360   0.42167498E+03
 6361   0.35403253E+03
 6362   0.18339134E+03
 6363   0.10157868E+03
 6364   0.15455235E+03
 6365   0.16483663E+03
 6366   0.13761878E+03
 6367   0.27764630E+03
 6368   0.24124643E+03
 6369   0.14341854E+03
 6370   0.29785071E+03
 6371   0.42737349E+03
 6372   0.31821082E+03
 6373   0.75584492E+03
 6374   0.50476074E+03
 6375   0.31370638E+03
 6376   0.14745422E+03
 6377   0.10804219E+03
 6378   0.71627549E+03
 6379   0.52857877E+03
 6380   0.33613038E+03
 6381   0.18814807E+03
 6382   0.11280716E+03
 6383   0.11618546E+03
 6384   0.27532907E+03
 6385   0.24588561E+03
 6386   0.15763073E+03
 6387   0.10881768E+03
 6388   0.74029430E+02
 6389   0.49904850E+02
 6390   0.54384640E+02
 6391   0.12430355E+03
 6392   0.22406935E+03
 6393   0.20730348E+03
 6394   0.14448378E+03
 6395   0.86250840E+02
 6396   0.54042000E+02
 6397   0.35985720E+02
 6398   0.28473540E+02
 6399   0.85233970E+02
 6400   0.16252251E+03
 6401   0.14824430E+03
 6402   0.11741200E+03
 6403   0.84564900E+02
 6404   0.61565150E+02
 6405   0.41110730E+02
 6406   0.34554340E+02
 6407   0.29238730E+02
 6408   0.22557700E+02
 6409   0.15636770E+02
 6410   0.92714600E+01
 6411   0.48187500E+01
 6412   0.21669100E+01
 6413   0.49687500E+01
 6414   0.13034720E+02
 6415   0.26078680E+02
 6416   0.30867000E+02
 6417   0.23976470E+02
 6418   0.17152790E+02
 6419   0.14833200E+02
 6420   0.14699890E+02
 6421   0.19130460E+02
 6422   0.30145310E+02
 6423   0.33977110E+02
 6424   0.28211150E+02
 6425   0.30429570E+02
 6426   0.36286460E+02
 6427   0.43434120E+02
 6428   0.32807650E+02
 6429   0.20749320E+02
 6430   0.11968850E+02
 6431   0.78899100E+01
 6432   0.72048500E+01
 6433   0.90121200E+01
 6434   0.12201770E+02
 6435   0.29867780E+02
 6436   0.86384530E+02
 6437   0.91966850E+02
 6438   0.20746012E+03
 6439   0.16619647E+03
 6440   0.11454442E+03
 6441   0.68723100E+02
 6442   0.42840710E+02
 6443   0.29795480E+02
 6444   0.19665000E+02
 6445   0.12168970E+02
 6446   0.88533200E+01
 6447   0.77000900E+01
 6448   0.81564100E+01
 6449   0.14147180E+02
 6450   0.21406050E+02
 6451   0.18273800E+02
 6452   0.13183770E+02
 6453   0.90050800E+01
 6454   0.26649080E+02
 6455   0.54267500E+02
 6456   0.36738630E+02
 6457   0.23114560E+02
 6458   0.14886750E+02
 6459   0.28517180E+02
 6460   0.46917950E+02
 6461   0.35747880E+02
 6462   0.27076380E+02
 6463   0.22804480E+02
 6464   0.21060080E+02
 6465   0.49395540E+02
 6466   0.67830960E+02
 6467   0.50517180E+02
 6468   0.34659570E+02
 6469   0.27324560E+02
 6470   0.21138870E+02
 6471   0.13655010E+02
 6472   0.94552700E+01
 6473   0.14506840E+02
 6474   0.19445270E+02
 6475   0.16602770E+02
 6476   0.11382800E+02
 6477   0.64613200E+01
 6478   0.50573790E+02
 6479   0.90128515E+03
 6480   0.48154074E+03
 6481   0.31971942E+03
 6482   0.18411522E+03
 6483   0.14298975E+03
 6484   0.11444537E+03
 6485   0.68451590E+02
 6486   0.41413950E+02
 6487   0.26476080E+02
 6488   0.16789640E+02
 6489   0.10627830E+02
 6490   0.69446200E+01
 6491   0.47126400E+01
 6492   0.18138300E+01
 6493   0.42548000E+00
 6494   0.14221000E+00
 6495   0.95170000E-01
 6496   0.71930000E-01
 6497   0.54770000E-01
 6498   0.38080000E-01
 6499   0.26240000E-01
 6500   0.18790000E-01
 6501   0.14050000E-01
 6502   0.10900000E-01
 6503   0.87100000E-02
 6504   0.42880000E-01
 6505   0.60423000E+00
 6506   0.29808000E+00
 6507   0.13839000E+00
 6508   0.76430000E-01
 6509   0.47720000E-01
 6510   0.32380000E-01
 6511   0.23300000E-01
 6512   0.17510000E-01
 6513   0.13610000E-01
 6514   0.10860000E-01
 6515   0.88500000E-02
 6516   0.73400000E-02
 6517   0.61800000E-02
 6518   0.52700000E-02
 6519   0.45400000E-02
 6520   0.39500000E-02
 6521   0.34700000E-02
 6522   0.30600000E-02
 6523   0.27300000E-02
 6524   0.24400000E-02
 6525   0.22000000E-02
 6526   0.11304530E+02
 6527   0.16473510E+03
 6528   0.91945040E+02
 6529   0.46167520E+02
 6530   0.29507670E+02
 6531   0.26438410E+02
 6532   0.17484620E+02
 6533   0.10865730E+02
 6534   0.74176800E+01
 6535   0.55486800E+01
 6536   0.42350300E+01
 6537   0.26664100E+01
 6538   0.11053800E+01
 6539   0.25611000E+00
 6540   0.95930000E-01
 6541   0.51090000E-01
 6542   0.31490000E-01
 6543   0.21280000E-01
 6544   0.15360000E-01
 6545   0.11640000E-01
 6546   0.91600000E-02
 6547   0.74100000E-02
 6548   0.61200000E-02
 6549   0.51600000E-02
 6550   0.44000000E-02
 6551   0.81300000E-02
 6552   0.15600000E-01
 6553   0.61470000E-01
 6554   0.71210000E-01
 6555   0.52600000E-01
 6556   0.37020000E-01
 6557   0.26540000E-01
 6558   0.19630000E-01
 6559   0.14960000E-01
 6560   0.11720000E-01
 6561   0.94000000E-02
 6562   0.77000000E-02
 6563   0.64100000E-02
 6564   0.54100000E-02
 6565   0.46300000E-02
 6566   0.40000000E-02
 6567   0.35100000E-02
 6568   0.50400000E-02
 6569   0.60000000E-02
 6570   0.18170000E-01
 6571   0.46320000E-01
 6572   0.39270000E-01
 6573   0.28150000E-01
 6574   0.20720000E-01
 6575   0.16390000E-01
 6576   0.13730000E-01
 6577   0.11790000E-01
 6578   0.10630000E-01
 6579   0.15150000E-01
 6580   0.23160000E-01
 6581   0.22970000E-01
 6582   0.18970000E-01
 6583   0.15030000E-01
 6584   0.11940000E-01
 6585   0.96300000E-02
 6586   0.78900000E-02
 6587   0.65700000E-02
 6588   0.55500000E-02
 6589   0.47500000E-02
 6590   0.41000000E-02
 6591   0.35700000E-02
 6592   0.31400000E-02
 6593   0.27800000E-02
 6594   0.24800000E-02
 6595   0.22200000E-02
 6596   0.20000000E-02
 6597   0.18200000E-02
 6598   0.16600000E-02
 6599   0.15200000E-02
 6600   0.14000000E-02
 6601   0.13000000E-02
 6602   0.12100000E-02
 6603   0.11300000E-02
 6604   0.10600000E-02
 6605   0.99000000E-03
 6606   0.93000000E-03
 6607   0.87000000E-03
 6608   0.82000000E-03
 6609   0.77000000E-03
 6610   0.73000000E-03
 6611   0.69000000E-03
 6612   0.65000000E-03
 6613   0.61000000E-03
 6614   0.58000000E-03
 6615   0.55000000E-03
 6616   0.62000000E-03
 6617   0.57000000E-03
 6618   0.55000000E-03
 6619   0.53000000E-03
 6620   0.53000000E-03
 6621   0.53000000E-03
 6622   0.90000000E-03
 6623   0.67800000E-02
 6624   0.15180000E-01
 6625   0.15940000E-01
 6626   0.13640000E-01
 6627   0.11150000E-01
 6628   0.90800000E-02
 6629   0.74600000E-02
 6630   0.63300000E-02
 6631   0.31840000E-01
 6632   0.93510000E-01
 6633   0.38617000E+00
 6634   0.53577900E+01
 6635   0.11763860E+02
 6636   0.14623480E+02
 6637   0.14229160E+02
 6638   0.13847020E+02
 6639   0.12789360E+02
 6640   0.10521560E+02
 6641   0.81772000E+01
 6642   0.63301900E+01
 6643   0.49266200E+01
 6644   0.36302800E+01
 6645   0.12577700E+01
 6646   0.16953800E+01
 6647   0.26338300E+01
 6648   0.23878400E+01
 6649   0.17361400E+01
 6650   0.11406000E+01
 6651   0.49490000E+00
 6652   0.10708100E+01
 6653   0.43062100E+01
 6654   0.97986600E+01
 6655   0.12979430E+02
 6656   0.13960280E+02
 6657   0.14158120E+02
 6658   0.12253710E+02
 6659   0.55941180E+02
 6660   0.29369347E+03
 6661   0.30092761E+03
 6662   0.21009865E+03
 6663   0.11893364E+03
 6664   0.67278270E+02
 6665   0.40088450E+02
 6666   0.22841320E+02
 6667   0.14270740E+02
 6668   0.10443060E+02
 6669   0.79572700E+01
 6670   0.62464500E+01
 6671   0.49248300E+01
 6672   0.38211400E+01
 6673   0.33076000E+01
 6674   0.25722200E+01
 6675   0.11060700E+01
 6676   0.29226000E+00
 6677   0.17013000E+00
 6678   0.12665000E+00
 6679   0.31956600E+01
 6680   0.88436100E+01
 6681   0.13187110E+02
 6682   0.14316440E+02
 6683   0.15395180E+02
 6684   0.16331980E+02
 6685   0.26689210E+02
 6686   0.52957890E+02
 6687   0.94303000E+02
 6688   0.72030280E+02
 6689   0.46953590E+02
 6690   0.29934470E+02
 6691   0.18589900E+02
 6692   0.11869880E+02
 6693   0.82308300E+01
 6694   0.59444100E+01
 6695   0.44554400E+01
 6696   0.52179000E+01
 6697   0.27222990E+02
 6698   0.20702656E+03
 6699   0.21509566E+03
 6700   0.18440215E+03
 6701   0.14009258E+03
 6702   0.90722950E+02
 6703   0.63391110E+02
 6704   0.45669000E+02
 6705   0.46090700E+02
 6706   0.42818520E+02
 6707   0.29175580E+02
 6708   0.21262870E+02
 6709   0.37193550E+02
 6710   0.12771325E+03
 6711   0.14526500E+03
 6712   0.10583300E+03
 6713   0.81487260E+02
 6714   0.80040340E+02
 6715   0.77541540E+02
 6716   0.56122700E+02
 6717   0.35541030E+02
 6718   0.24332460E+02
 6719   0.17471810E+02
 6720   0.16502910E+02
 6721   0.45061250E+02
 6722   0.90204180E+02
 6723   0.78888750E+02
 6724   0.50468370E+02
 6725   0.30271740E+02
 6726   0.18088130E+02
 6727   0.11263420E+02
 6728   0.86667600E+01
 6729   0.96840800E+01
 6730   0.12506090E+02
 6731   0.15423400E+02
 6732   0.19957480E+02
 6733   0.11090825E+03
 6734   0.26452359E+03
 6735   0.31612507E+03
 6736   0.27927987E+03
 6737   0.21174652E+03
 6738   0.12160830E+03
 6739   0.67240610E+02
 6740   0.38206660E+02
 6741   0.26540640E+02
 6742   0.10289857E+03
 6743   0.35390305E+03
 6744   0.30488698E+03
 6745   0.19177897E+03
 6746   0.13062363E+03
 6747   0.14411697E+03
 6748   0.16323334E+03
 6749   0.20502058E+03
 6750   0.21836629E+03
 6751   0.50393067E+03
 6752   0.59938231E+03
 6753   0.61994940E+03
 6754   0.25184300E+03
 6755   0.13922271E+03
 6756   0.13056814E+03
 6757   0.13861324E+03
 6758   0.15100589E+03
 6759   0.84391640E+02
 6760   0.47647080E+02
 6761   0.60657150E+02
 6762   0.19578891E+03
 6763   0.46802802E+03
 6764   0.50435856E+03
 6765   0.45031093E+03
 6766   0.27991696E+03
 6767   0.17312190E+03
 6768   0.10496369E+03
 6769   0.82743560E+02
 6770   0.77798890E+02
 6771   0.64348910E+02
 6772   0.50448180E+02
 6773   0.50794800E+02
 6774   0.55850330E+02
 6775   0.48935550E+02
 6776   0.35640200E+02
 6777   0.25912860E+02
 6778   0.18697860E+02
 6779   0.14715040E+02
 6780   0.12392540E+02
 6781   0.95094200E+01
 6782   0.63207900E+01
 6783   0.82662300E+01
 6784   0.26712500E+02
 6785   0.12910158E+03
 6786   0.18992520E+03
 6787   0.13775882E+03
 6788   0.87475550E+02
 6789   0.76393940E+02
 6790   0.97733460E+02
 6791   0.93236950E+02
 6792   0.10197849E+03
 6793   0.92038690E+02
 6794   0.71366610E+02
 6795   0.71767900E+02
 6796   0.84210820E+02
 6797   0.91011870E+02
 6798   0.79773840E+02
 6799   0.76424180E+02
 6800   0.10449186E+03
 6801   0.24946016E+03
 6802   0.15237889E+03
 6803   0.74303670E+02
 6804   0.39724500E+02
 6805   0.24816310E+02
 6806   0.17929450E+02
 6807   0.33035700E+02
 6808   0.38062490E+02
 6809   0.27912220E+02
 6810   0.19842410E+02
 6811   0.14618970E+02
 6812   0.10734390E+02
 6813   0.80631600E+01
 6814   0.63486200E+01
 6815   0.47734100E+01
 6816   0.21220180E+02
 6817   0.63693610E+02
 6818   0.47598840E+02
 6819   0.30026410E+02
 6820   0.24934030E+02
 6821   0.27068220E+02
 6822   0.24403140E+02
 6823   0.17307830E+02
 6824   0.13153703E+03
 6825   0.91161628E+03
 6826   0.10783505E+04
 6827   0.88970324E+03
 6828   0.49466073E+03
 6829   0.19127985E+03
 6830   0.11348100E+03
 6831   0.12088504E+03
 6832   0.11345426E+03
 6833   0.64584260E+02
 6834   0.36553940E+02
 6835   0.21240240E+02
 6836   0.12154540E+02
 6837   0.75989500E+01
 6838   0.60165400E+01
 6839   0.10517730E+02
 6840   0.17269480E+02
 6841   0.24374190E+02
 6842   0.22600370E+02
 6843   0.16262180E+02
 6844   0.10042570E+02
 6845   0.62353200E+01
 6846   0.36973300E+01
 6847   0.14181200E+01
 6848   0.40461000E+00
 6849   0.15563000E+00
 6850   0.10948000E+00
 6851   0.80280000E-01
 6852   0.63360000E-01
 6853   0.46880000E-01
 6854   0.32260000E-01
 6855   0.22510000E-01
 6856   0.16390000E-01
 6857   0.12430000E-01
 6858   0.97600000E-02
 6859   0.78700000E-02
 6860   0.65000000E-02
 6861   0.54600000E-02
 6862   0.46500000E-02
 6863   0.40100000E-02
 6864   0.24150000E-01
 6865   0.33330000E+00
 6866   0.25543900E+01
 6867   0.52298500E+01
 6868   0.63087600E+01
 6869   0.57650700E+01
 6870   0.42212600E+01
 6871   0.12087600E+01
 6872   0.96560000E+00
 6873   0.13557400E+01
 6874   0.14537900E+01
 6875   0.10507700E+01
 6876   0.40322000E+00
 6877   0.16235000E+00
 6878   0.69500000E-01
 6879   0.36300000E-01
 6880   0.22550000E-01
 6881   0.15710000E-01
 6882   0.11760000E-01
 6883   0.92300000E-02
 6884   0.74800000E-02
 6885   0.62100000E-02
 6886   0.52400000E-02
 6887   0.44900000E-02
 6888   0.39000000E-02
 6889   0.34100000E-02
 6890   0.30100000E-02
 6891   0.26800000E-02
 6892   0.24000000E-02
 6893   0.21600000E-02
 6894   0.19500000E-02
 6895   0.17700000E-02
 6896   0.16200000E-02
 6897   0.14800000E-02
 6898   0.13600000E-02
 6899   0.12600000E-02
 6900   0.11600000E-02
 6901   0.10800000E-02
 6902   0.10000000E-02
 6903   0.94000000E-03
 6904   0.87000000E-03
 6905   0.82000000E-03
 6906   0.77000000E-03
 6907   0.72000000E-03
 6908   0.68000000E-03
 6909   0.64000000E-03
 6910   0.61000000E-03
 6911   0.57000000E-03
 6912   0.54000000E-03
 6913   0.51000000E-03
 6914   0.49000000E-03
 6915   0.46000000E-03
 6916   0.44000000E-03
 6917   0.42000000E-03
 6918   0.40000000E-03
 6919   0.38000000E-03
 6920   0.37000000E-03
 6921   0.35000000E-03
 6922   0.34000000E-03
 6923   0.32000000E-03
 6924   0.31000000E-03
 6925   0.30000000E-03
 6926   0.29000000E-03
 6927   0.27000000E-03
 6928   0.26000000E-03
 6929   0.25000000E-03
 6930   0.24000000E-03
 6931   0.24000000E-03
 6932   0.23000000E-03
 6933   0.22000000E-03
 6934   0.21000000E-03
 6935   0.21000000E-03
 6936   0.20000000E-03
 6937   0.19000000E-03
 6938   0.19000000E-03
 6939   0.18000000E-03
 6940   0.17000000E-03
 6941   0.17000000E-03
 6942   0.16000000E-03
 6943   0.16000000E-03
 6944   0.15000000E-03
 6945   0.15000000E-03
 6946   0.15000000E-03
 6947   0.14000000E-03
 6948   0.14000000E-03
 6949   0.13000000E-03
 6950   0.13000000E-03
 6951   0.13000000E-03
 6952   0.12000000E-03
 6953   0.12000000E-03
 6954   0.12000000E-03
 6955   0.11000000E-03
 6956   0.11000000E-03
 6957   0.11000000E-03
 6958   0.11000000E-03
 6959   0.10000000E-03
 6960   0.10000000E-03
 6961   0.10000000E-03
 6962   0.10000000E-03
 6963   0.90000000E-04
 6964   0.90000000E-04
 6965   0.90000000E-04
 6966   0.90000000E-04
 6967   0.90000000E-04
 6968   0.80000000E-04
 6969   0.80000000E-04
 6970   0.70860000E-01
 6971   0.12555500E+01
 6972   0.11613500E+01
 6973   0.54698000E+00
 6974   0.56323000E+00
 6975   0.39286000E+00
 6976   0.27972000E+00
 6977   0.18321000E+00
 6978   0.12113000E+00
 6979   0.78890000E-01
 6980   0.51470000E-01
 6981   0.35050000E-01
 6982   0.25040000E-01
 6983   0.21480000E-01
 6984   0.11422900E+01
 6985   0.25486700E+01
 6986   0.16569000E+01
 6987   0.26896900E+01
 6988   0.44165500E+01
 6989   0.46872400E+01
 6990   0.42851700E+01
 6991   0.45857900E+01
 6992   0.75611600E+01
 6993   0.13036460E+02
 6994   0.13086470E+02
 6995   0.13633950E+02
 6996   0.14406170E+02
 6997   0.11855270E+02
 6998   0.91212200E+01
 6999   0.70491700E+01
 7000   0.54835000E+01
 7001   0.42365800E+01
 7002   0.27676700E+01
 7003   0.13132500E+01
 7004   0.31203000E+00
 7005   0.10186000E+00
 7006   0.58310000E-01
 7007   0.37340000E-01
 7008   0.25140000E-01
 7009   0.17850000E-01
 7010   0.13520000E-01
 7011   0.74230000E-01
 7012   0.42514000E+00
 7013   0.19388400E+01
 7014   0.99227000E+00
 7015   0.38613000E+00
 7016   0.31300000E+00
 7017   0.24308000E+00
 7018   0.16263000E+00
 7019   0.11283000E+00
 7020   0.45562000E+00
 7021   0.91020000E+00
 7022   0.17893200E+01
 7023   0.37563500E+01
 7024   0.93699400E+01
 7025   0.11118580E+02
 7026   0.12137910E+02
 7027   0.18134760E+02
 7028   0.23219580E+02
 7029   0.19736350E+02
 7030   0.14291980E+02
 7031   0.10061090E+02
 7032   0.80500800E+01
 7033   0.72860400E+01
 7034   0.64957300E+01
 7035   0.48329300E+01
 7036   0.35763000E+01
 7037   0.27620000E+01
 7038   0.17218000E+01
 7039   0.24130700E+01
 7040   0.27641600E+01
 7041   0.34337800E+01
 7042   0.63907500E+01
 7043   0.88002700E+01
 7044   0.83638200E+01
 7045   0.62120600E+01
 7046   0.46881600E+01
 7047   0.35849700E+01
 7048   0.21022100E+01
 7049   0.11287800E+01
 7050   0.44632000E+00
 7051   0.35134000E+00
 7052   0.20655400E+01
 7053   0.24322800E+01
 7054   0.28593000E+01
 7055   0.32122000E+01
 7056   0.31906100E+01
 7057   0.29859200E+01
 7058   0.31173000E+01
 7059   0.30228800E+01
 7060   0.27388800E+01
 7061   0.18703900E+01
 7062   0.12742300E+01
 7063   0.19002200E+01
 7064   0.33783500E+01
 7065   0.51799200E+01
 7066   0.89701000E+01
 7067   0.11783670E+02
 7068   0.14663000E+02
 7069   0.15754510E+02
 7070   0.16705430E+02
 7071   0.16173860E+02
 7072   0.12519010E+02
 7073   0.10888950E+02
 7074   0.11228640E+02
 7075   0.14510390E+02
 7076   0.17807670E+02
 7077   0.16353570E+02
 7078   0.12940790E+02
 7079   0.13942380E+02
 7080   0.15724610E+02
 7081   0.15502400E+02
 7082   0.13804250E+02
 7083   0.11575410E+02
 7084   0.10531520E+02
 7085   0.24898000E+02
 7086   0.21360030E+02
 7087   0.14839230E+02
 7088   0.15070910E+02
 7089   0.25849640E+02
 7090   0.69533680E+02
 7091   0.93733480E+02
 7092   0.15043782E+03
 7093   0.24422499E+03
 7094   0.23195430E+03
 7095   0.13777645E+03
 7096   0.73516620E+02
 7097   0.42413010E+02
 7098   0.24917910E+02
 7099   0.15467520E+02
 7100   0.11018570E+02
 7101   0.94135400E+01
 7102   0.14171120E+02
 7103   0.12380508E+03
 7104   0.16655298E+03
 7105   0.11424388E+03
 7106   0.63408770E+02
 7107   0.34743650E+02
 7108   0.20232570E+02
 7109   0.13578290E+02
 7110   0.15298500E+02
 7111   0.22478890E+02
 7112   0.29084500E+02
 7113   0.57877530E+02
 7114   0.94327891E+03
 7115   0.67536612E+03
 7116   0.47984367E+03
 7117   0.59436170E+03
 7118   0.34031537E+03
 7119   0.17708040E+03
 7120   0.10297501E+03
 7121   0.33560797E+03
 7122   0.28992415E+03
 7123   0.17362785E+03
 7124   0.12232548E+03
 7125   0.12065401E+03
 7126   0.14034883E+03
 7127   0.22108364E+03
 7128   0.52308516E+03
 7129   0.47264272E+03
 7130   0.18886044E+03
 7131   0.10006108E+03
 7132   0.15195739E+03
 7133   0.22955304E+03
 7134   0.19750527E+03
 7135   0.19547561E+03
 7136   0.22145294E+03
 7137   0.31220791E+03
 7138   0.62656033E+03
 7139   0.33528810E+03
 7140   0.14097739E+03
 7141   0.69394540E+02
 7142   0.50253800E+02
 7143   0.11423036E+03
 7144   0.60953937E+03
 7145   0.38472587E+03
 7146   0.22342242E+03
 7147   0.12178447E+03
 7148   0.77849280E+02
 7149   0.13562013E+03
 7150   0.59887572E+03
 7151   0.95688568E+03
 7152   0.88458223E+03
 7153   0.62590478E+03
 7154   0.29379309E+03
 7155   0.14096079E+03
 7156   0.76972180E+02
 7157   0.49393950E+02
 7158   0.34187900E+02
 7159   0.24835990E+02
 7160   0.25315750E+02
 7161   0.35476840E+02
 7162   0.32078740E+02
 7163   0.21299420E+02
 7164   0.22318080E+02
 7165   0.22791725E+03
 7166   0.34919415E+03
 7167   0.23572435E+03
 7168   0.12629266E+03
 7169   0.68696220E+02
 7170   0.39681750E+02
 7171   0.22983990E+02
 7172   0.13836870E+02
 7173   0.96541600E+01
 7174   0.81483600E+01
 7175   0.66529000E+01
 7176   0.48614200E+01
 7177   0.42541200E+01
 7178   0.43451600E+01
 7179   0.10042960E+02
 7180   0.66136260E+02
 7181   0.58876910E+02
 7182   0.37175820E+02
 7183   0.23043510E+02
 7184   0.17413910E+02
 7185   0.19636180E+02
 7186   0.13179340E+03
 7187   0.96839770E+02
 7188   0.62920380E+02
 7189   0.43700310E+02
 7190   0.29358960E+02
 7191   0.19068850E+02
 7192   0.12447180E+02
 7193   0.78906200E+01
 7194   0.50259000E+01
 7195   0.26689100E+01
 7196   0.16007300E+01
 7197   0.28466300E+01
 7198   0.20504720E+02
 7199   0.20600282E+03
 7200   0.13206492E+03
 7201   0.68733420E+02
 7202   0.41636960E+02
 7203   0.31533910E+02
 7204   0.20557940E+02
 7205   0.12726270E+02
 7206   0.86193300E+01
 7207   0.61093000E+01
 7208   0.44249400E+01
 7209   0.16990100E+01
 7210   0.36913000E+00
 7211   0.11556000E+00
 7212   0.74290000E-01
 7213   0.50420000E-01
 7214   0.33590000E-01
 7215   0.23080000E-01
 7216   0.16630000E-01
 7217   0.12530000E-01
 7218   0.97900000E-02
 7219   0.78700000E-02
 7220   0.64800000E-02
 7221   0.54300000E-02
 7222   0.46200000E-02
 7223   0.39800000E-02
 7224   0.34700000E-02
 7225   0.30500000E-02
 7226   0.27000000E-02
 7227   0.24100000E-02
 7228   0.21700000E-02
 7229   0.19600000E-02
 7230   0.17900000E-02
 7231   0.16400000E-02
 7232   0.15200000E-02
 7233   0.14100000E-02
 7234   0.13200000E-02
 7235   0.12400000E-02
 7236   0.11700000E-02
 7237   0.11000000E-02
 7238   0.10400000E-02
 7239   0.98000000E-03
 7240   0.92000000E-03
 7241   0.87000000E-03
 7242   0.82000000E-03
 7243   0.77000000E-03
 7244   0.53029000E+00
 7245   0.33829300E+01
 7246   0.50283500E+01
 7247   0.29520100E+01
 7248   0.18017900E+01
 7249   0.75680200E+01
 7250   0.99532200E+01
 7251   0.78133800E+01
 7252   0.65258200E+01
 7253   0.85642700E+01
 7254   0.10284290E+02
 7255   0.85461700E+01
 7256   0.48547200E+01
 7257   0.16015000E+01
 7258   0.47369000E+00
 7259   0.17823000E+00
 7260   0.13072000E+00
 7261   0.96020000E-01
 7262   0.74000000E-01
 7263   0.58960000E-01
 7264   0.42390000E-01
 7265   0.29160000E-01
 7266   0.20620000E-01
 7267   0.15220000E-01
 7268   0.11680000E-01
 7269   0.92600000E-02
 7270   0.75300000E-02
 7271   0.62500000E-02
 7272   0.52700000E-02
 7273   0.45100000E-02
 7274   0.39100000E-02
 7275   0.34200000E-02
 7276   0.30100000E-02
 7277   0.26800000E-02
 7278   0.23900000E-02
 7279   0.21500000E-02
 7280   0.19500000E-02
 7281   0.17700000E-02
 7282   0.16100000E-02
 7283   0.16400000E-02
 7284   0.21256800E+01
 7285   0.37267300E+01
 7286   0.26906300E+01
 7287   0.90128000E+00
 7288   0.22712000E+00
 7289   0.14290000E+00
 7290   0.98220000E-01
 7291   0.65220000E-01
 7292   0.43430000E-01
 7293   0.30270000E-01
 7294   0.22110000E-01
 7295   0.16800000E-01
 7296   0.13160000E-01
 7297   0.11561700E+01
 7298   0.11382010E+02
 7299   0.30477420E+02
 7300   0.48603670E+02
 7301   0.44184850E+02
 7302   0.29890150E+02
 7303   0.18999700E+02
 7304   0.12388360E+02
 7305   0.87150400E+01
 7306   0.64385900E+01
 7307   0.48826700E+01
 7308   0.35329400E+01
 7309   0.18428700E+01
 7310   0.10257400E+01
 7311   0.25596000E+00
 7312   0.10276000E+00
 7313   0.25575000E+00
 7314   0.17705400E+01
 7315   0.10009400E+01
 7316   0.33991000E+00
 7317   0.26514000E+00
 7318   0.33556300E+01
 7319   0.90007300E+01
 7320   0.13804840E+02
 7321   0.18481260E+02
 7322   0.17594530E+02
 7323   0.13181700E+02
 7324   0.97954500E+01
 7325   0.76366300E+01
 7326   0.63175600E+01
 7327   0.53227600E+01
 7328   0.44001100E+01
 7329   0.34772600E+01
 7330   0.26256900E+01
 7331   0.15539800E+01
 7332   0.54086000E+00
 7333   0.11532000E+00
 7334   0.62550000E-01
 7335   0.46510000E-01
 7336   0.31500000E-01
 7337   0.20840000E-01
 7338   0.14450000E-01
 7339   0.10600000E-01
 7340   0.81600000E-02
 7341   0.57332000E+00
 7342   0.60475600E+01
 7343   0.17915110E+02
 7344   0.34596590E+02
 7345   0.55012160E+02
 7346   0.39709520E+02
 7347   0.31208020E+02
 7348   0.32818010E+02
 7349   0.38876360E+02
 7350   0.42711750E+02
 7351   0.40111130E+02
 7352   0.32511500E+02
 7353   0.24347600E+02
 7354   0.20447130E+02
 7355   0.18137630E+02
 7356   0.14832090E+02
 7357   0.11052670E+02
 7358   0.82727100E+01
 7359   0.73057000E+01
 7360   0.74627800E+01
 7361   0.71846000E+01
 7362   0.61606400E+01
 7363   0.46599800E+01
 7364   0.44769200E+01
 7365   0.65198400E+01
 7366   0.77237000E+01
 7367   0.60152300E+01
 7368   0.44108000E+01
 7369   0.33923700E+01
 7370   0.31852600E+01
 7371   0.35132800E+01
 7372   0.11329670E+02
 7373   0.28226720E+02
 7374   0.33895560E+02
 7375   0.32184350E+02
 7376   0.42692670E+02
 7377   0.94742520E+02
 7378   0.13766234E+03
 7379   0.11686888E+03
 7380   0.87513370E+02
 7381   0.62922350E+02
 7382   0.43315820E+02
 7383   0.28097200E+02
 7384   0.18905830E+02
 7385   0.13309410E+02
 7386   0.10984710E+02
 7387   0.44023760E+02
 7388   0.21252312E+03
 7389   0.25974711E+03
 7390   0.19518179E+03
 7391   0.12673332E+03
 7392   0.78923700E+02
 7393   0.50372040E+02
 7394   0.36960760E+02
 7395   0.41111990E+02
 7396   0.60674310E+02
 7397   0.85685120E+02
 7398   0.84990770E+02
 7399   0.80775150E+02
 7400   0.63098930E+02
 7401   0.42741760E+02
 7402   0.29584630E+02
 7403   0.21174720E+02
 7404   0.15190030E+02
 7405   0.12860620E+02
 7406   0.10978800E+02
 7407   0.88532200E+01
 7408   0.71717400E+01
 7409   0.59735200E+01
 7410   0.56482500E+01
 7411   0.66641600E+01
 7412   0.74404000E+01
 7413   0.97483900E+01
 7414   0.10491070E+02
 7415   0.87248000E+01
 7416   0.71259100E+01
 7417   0.57553400E+01
 7418   0.45793700E+01
 7419   0.33577700E+01
 7420   0.16857100E+01
 7421   0.87058000E+00
 7422   0.21584000E+00
 7423   0.24036000E+00
 7424   0.33323000E+00
 7425   0.21437500E+01
 7426   0.41800100E+01
 7427   0.42109700E+01
 7428   0.17368200E+01
 7429   0.58590000E+00
 7430   0.21847000E+00
 7431   0.14557000E+00
 7432   0.18112000E+00
 7433   0.17693900E+01
 7434   0.22686400E+01
 7435   0.29050000E+01
 7436   0.59197300E+01
 7437   0.71292800E+01
 7438   0.74977400E+01
 7439   0.93290300E+01
 7440   0.11740350E+02
 7441   0.12023990E+02
 7442   0.11384320E+02
 7443   0.10394430E+02
 7444   0.80635900E+01
 7445   0.52909400E+01
 7446   0.38964800E+01
 7447   0.62209900E+01
 7448   0.14159690E+02
 7449   0.32309760E+02
 7450   0.13122830E+03
 7451   0.15940064E+03
 7452   0.17479046E+03
 7453   0.12786152E+03
 7454   0.89273310E+02
 7455   0.84725580E+02
 7456   0.13138132E+03
 7457   0.13378959E+03
 7458   0.95369140E+02
 7459   0.62361570E+02
 7460   0.53506150E+02
 7461   0.84654430E+02
 7462   0.11941271E+03
 7463   0.11875844E+03
 7464   0.79166160E+02
 7465   0.58709390E+02
 7466   0.61001860E+02
 7467   0.67459300E+02
 7468   0.10285133E+03
 7469   0.14203786E+03
 7470   0.13502147E+03
 7471   0.20422572E+03
 7472   0.25307138E+03
 7473   0.30584393E+03
 7474   0.36376741E+03
 7475   0.20458126E+03
 7476   0.11852034E+03
 7477   0.11380032E+03
 7478   0.15610629E+03
 7479   0.13354224E+03
 7480   0.78207700E+02
 7481   0.44864560E+02
 7482   0.26452760E+02
 7483   0.17279830E+02
 7484   0.17406540E+02
 7485   0.35290830E+02
 7486   0.77093010E+02
 7487   0.81496560E+02
 7488   0.73372680E+02
 7489   0.89738930E+02
 7490   0.17554198E+03
 7491   0.17059924E+03
 7492   0.11050761E+03
 7493   0.93044180E+02
 7494   0.88322430E+02
 7495   0.56731420E+02
 7496   0.33750740E+02
 7497   0.23135270E+02
 7498   0.21415000E+02
 7499   0.27728480E+02
 7500   0.79929970E+02
 7501   0.71871380E+02
 7502   0.46013580E+02
 7503   0.32334330E+02
 7504   0.51718230E+02
 7505   0.24487280E+03
 7506   0.29262507E+03
 7507   0.36916033E+03
 7508   0.40030571E+03
 7509   0.55198411E+03
 7510   0.27459822E+03
 7511   0.12906167E+03
 7512   0.12201408E+03
 7513   0.96169610E+02
 7514   0.78925970E+02
 7515   0.58889590E+02
 7516   0.39725630E+02
 7517   0.23605290E+02
 7518   0.14046400E+02
 7519   0.87663700E+01
 7520   0.66411500E+01
 7521   0.14455880E+02
 7522   0.56296940E+02
 7523   0.10726840E+03
 7524   0.24357545E+03
 7525   0.18796575E+03
 7526   0.10385148E+03
 7527   0.66277480E+02
 7528   0.92735830E+02
 7529   0.85960330E+02
 7530   0.56175890E+02
 7531   0.32605360E+02
 7532   0.18595590E+02
 7533   0.10084530E+02
 7534   0.66087100E+01
 7535   0.74208600E+01
 7536   0.71754700E+01
 7537   0.35308100E+01
 7538   0.13103600E+01
 7539   0.64549000E+00
 7540   0.40382000E+00
 7541   0.10881700E+01
 7542   0.19589100E+01
 7543   0.21822800E+01
 7544   0.19632800E+01
 7545   0.15973000E+01
 7546   0.10805400E+01
 7547   0.30646000E+00
 7548   0.14384000E+00
 7549   0.93540000E-01
 7550   0.60440000E-01
 7551   0.40210000E-01
 7552   0.28150000E-01
 7553   0.20640000E-01
 7554   0.15720000E-01
 7555   0.25840000E-01
 7556   0.20054120E+02
 7557   0.56366290E+02
 7558   0.42077600E+02
 7559   0.41595540E+02
 7560   0.28859340E+02
 7561   0.16462300E+02
 7562   0.95579300E+01
 7563   0.61895500E+01
 7564   0.39811400E+01
 7565   0.15405100E+01
 7566   0.46433000E+00
 7567   0.13914000E+00
 7568   0.87760000E-01
 7569   0.66500000E-01
 7570   0.49590000E-01
 7571   0.35820000E-01
 7572   0.16212100E+01
 7573   0.17161400E+01
 7574   0.11728700E+01
 7575   0.10966000E+01
 7576   0.18018500E+01
 7577   0.26715700E+01
 7578   0.31043600E+01
 7579   0.27664900E+01
 7580   0.16129300E+01
 7581   0.87711000E+00
 7582   0.20387000E+00
 7583   0.83010000E-01
 7584   0.40600000E-01
 7585   0.23790000E-01
 7586   0.15940000E-01
 7587   0.11680000E-01
 7588   0.90700000E-02
 7589   0.73300000E-02
 7590   0.60800000E-02
 7591   0.51400000E-02
 7592   0.44100000E-02
 7593   0.38300000E-02
 7594   0.33600000E-02
 7595   0.29700000E-02
 7596   0.26500000E-02
 7597   0.23700000E-02
 7598   0.21400000E-02
 7599   0.19400000E-02
 7600   0.11777300E+01
 7601   0.26726600E+01
 7602   0.29345400E+01
 7603   0.11403500E+01
 7604   0.28632000E+00
 7605   0.13784000E+00
 7606   0.78390000E-01
 7607   0.49120000E-01
 7608   0.33320000E-01
 7609   0.24870000E-01
 7610   0.42750000E-01
 7611   0.31760000E+00
 7612   0.22310000E+00
 7613   0.24565000E+00
 7614   0.19324000E+00
 7615   0.13647000E+00
 7616   0.94070000E-01
 7617   0.61380000E-01
 7618   0.40830000E-01
 7619   0.28460000E-01
 7620   0.20750000E-01
 7621   0.15720000E-01
 7622   0.12280000E-01
 7623   0.98400000E-02
 7624   0.80600000E-02
 7625   0.67100000E-02
 7626   0.56700000E-02
 7627   0.48500000E-02
 7628   0.41900000E-02
 7629   0.36600000E-02
 7630   0.32200000E-02
 7631   0.28500000E-02
 7632   0.25500000E-02
 7633   0.22800000E-02
 7634   0.20600000E-02
 7635   0.18700000E-02
 7636   0.17000000E-02
 7637   0.15500000E-02
 7638   0.14300000E-02
 7639   0.13100000E-02
 7640   0.12100000E-02
 7641   0.11200000E-02
 7642   0.10400000E-02
 7643   0.97000000E-03
 7644   0.90000000E-03
 7645   0.85000000E-03
 7646   0.79000000E-03
 7647   0.74000000E-03
 7648   0.70000000E-03
 7649   0.66000000E-03
 7650   0.62000000E-03
 7651   0.59000000E-03
 7652   0.56000000E-03
 7653   0.53000000E-03
 7654   0.50000000E-03
 7655   0.48000000E-03
 7656   0.45000000E-03
 7657   0.43000000E-03
 7658   0.41000000E-03
 7659   0.39000000E-03
 7660   0.37000000E-03
 7661   0.36000000E-03
 7662   0.34000000E-03
 7663   0.33000000E-03
 7664   0.31000000E-03
 7665   0.30000000E-03
 7666   0.29000000E-03
 7667   0.28000000E-03
 7668   0.27000000E-03
 7669   0.26000000E-03
 7670   0.25000000E-03
 7671   0.24000000E-03
 7672   0.23000000E-03
 7673   0.22000000E-03
 7674   0.22000000E-03
 7675   0.21000000E-03
 7676   0.11130000E-01
 7677   0.11217700E+01
 7678   0.26129900E+01
 7679   0.63161300E+01
 7680   0.87556500E+01
 7681   0.91147200E+01
 7682   0.76131300E+01
 7683   0.61868100E+01
 7684   0.49894100E+01
 7685   0.32278700E+01
 7686   0.12034700E+01
 7687   0.46173000E+00
 7688   0.20602000E+00
 7689   0.11859000E+00
 7690   0.74790000E-01
 7691   0.47880000E-01
 7692   0.31210000E-01
 7693   0.21410000E-01
 7694   0.15510000E-01
 7695   0.11740000E-01
 7696   0.15822300E+01
 7697   0.35611600E+01
 7698   0.41196400E+01
 7699   0.43312400E+01
 7700   0.42894100E+01
 7701   0.38286400E+01
 7702   0.27083400E+01
 7703   0.12826800E+01
 7704   0.71776000E+00
 7705   0.56746000E+00
 7706   0.75116000E+00
 7707   0.88520000E+00
 7708   0.69216000E+00
 7709   0.45466000E+00
 7710   0.27649000E+00
 7711   0.63314000E+00
 7712   0.28215200E+01
 7713   0.40014300E+01
 7714   0.38292500E+01
 7715   0.31980400E+01
 7716   0.24343700E+01
 7717   0.27864900E+01
 7718   0.46925400E+01
 7719   0.94542000E+01
 7720   0.19122720E+02
 7721   0.27278720E+02
 7722   0.30631080E+02
 7723   0.28830900E+02
 7724   0.26028250E+02
 7725   0.21361370E+02
 7726   0.15104800E+02
 7727   0.12254430E+02
 7728   0.11315450E+02
 7729   0.10388740E+02
 7730   0.12400280E+02
 7731   0.19865180E+02
 7732   0.34524550E+02
 7733   0.39828180E+02
 7734   0.38206800E+02
 7735   0.32435960E+02
 7736   0.22598650E+02
 7737   0.21097980E+02
 7738   0.51519430E+02
 7739   0.11330084E+03
 7740   0.11903609E+03
 7741   0.85463880E+02
 7742   0.79507010E+02
 7743   0.14043530E+03
 7744   0.20667618E+03
 7745   0.16466797E+03
 7746   0.99649280E+02
 7747   0.65546530E+02
 7748   0.45438340E+02
 7749   0.33813220E+02
 7750   0.23737560E+02
 7751   0.15269170E+02
 7752   0.99687500E+01
 7753   0.71331500E+01
 7754   0.54230800E+01
 7755   0.42051200E+01
 7756   0.17605200E+01
 7757   0.54671000E+00
 7758   0.15512300E+01
 7759   0.31998400E+01
 7760   0.36969500E+01
 7761   0.53528900E+01
 7762   0.12098700E+02
 7763   0.15708800E+02
 7764   0.14686490E+02
 7765   0.14964660E+02
 7766   0.22390780E+02
 7767   0.29796210E+02
 7768   0.46638010E+02
 7769   0.42227660E+02
 7770   0.29030290E+02
 7771   0.21315010E+02
 7772   0.22186610E+02
 7773   0.28953920E+02
 7774   0.33246040E+02
 7775   0.30110100E+02
 7776   0.21991740E+02
 7777   0.13791750E+02
 7778   0.10134930E+02
 7779   0.14404920E+02
 7780   0.32044850E+02
 7781   0.69317430E+02
 7782   0.57571580E+02
 7783   0.54239250E+02
 7784   0.71868940E+02
 7785   0.84651290E+02
 7786   0.63225830E+02
 7787   0.44060680E+02
 7788   0.37521040E+02
 7789   0.35859890E+02
 7790   0.27364090E+02
 7791   0.18455050E+02
 7792   0.12593410E+02
 7793   0.98283300E+01
 7794   0.82715200E+01
 7795   0.10882270E+02
 7796   0.24790630E+02
 7797   0.28918110E+02
 7798   0.22878790E+02
 7799   0.15794710E+02
 7800   0.11245840E+02
 7801   0.15790840E+02
 7802   0.28183530E+02
 7803   0.36352270E+02
 7804   0.40957440E+02
 7805   0.54243300E+02
 7806   0.59708060E+02
 7807   0.52266250E+02
 7808   0.42134960E+02
 7809   0.36347670E+02
 7810   0.37723840E+02
 7811   0.61040130E+02
 7812   0.73613250E+02
 7813   0.91296580E+02
 7814   0.87073120E+02
 7815   0.61515040E+02
 7816   0.39309080E+02
 7817   0.25709790E+02
 7818   0.19575640E+02
 7819   0.21591130E+02
 7820   0.26437510E+02
 7821   0.23325380E+02
 7822   0.17146100E+02
 7823   0.11629380E+02
 7824   0.83805900E+01
 7825   0.68148100E+01
 7826   0.54746000E+01
 7827   0.69907800E+01
 7828   0.23718570E+02
 7829   0.48990210E+02
 7830   0.69840820E+02
 7831   0.13248198E+03
 7832   0.21289458E+03
 7833   0.29816521E+03
 7834   0.19629251E+03
 7835   0.11619615E+03
 7836   0.67156890E+02
 7837   0.40044430E+02
 7838   0.48451320E+02
 7839   0.87778969E+03
 7840   0.69739038E+03
 7841   0.56329169E+03
 7842   0.50350794E+03
 7843   0.57130411E+03
 7844   0.10158012E+04
 7845   0.73231509E+03
 7846   0.67068380E+03
 7847   0.50463218E+03
 7848   0.32436158E+03
 7849   0.27298054E+03
 7850   0.26563901E+03
 7851   0.18304190E+03
 7852   0.14217187E+03
 7853   0.10849511E+03
 7854   0.73761000E+02
 7855   0.57138010E+02
 7856   0.63120240E+02
 7857   0.67933960E+02
 7858   0.74691850E+02
 7859   0.95776050E+02
 7860   0.11708988E+03
 7861   0.23246734E+03
 7862   0.16791419E+03
 7863   0.99240070E+02
 7864   0.59965040E+02
 7865   0.56947870E+02
 7866   0.94587750E+02
 7867   0.82608290E+02
 7868   0.62841890E+02
 7869   0.81009550E+02
 7870   0.66860280E+02
 7871   0.43860150E+02
 7872   0.28452380E+02
 7873   0.19832880E+02
 7874   0.18021020E+02
 7875   0.17314320E+02
 7876   0.40229548E+03
 7877   0.27602008E+03
 7878   0.14689388E+03
 7879   0.99536900E+02
 7880   0.84049200E+02
 7881   0.12785647E+03
 7882   0.65345975E+03
 7883   0.13186222E+04
 7884   0.78908440E+03
 7885   0.32866425E+03
 7886   0.14559408E+03
 7887   0.26182381E+03
 7888   0.29721428E+03
 7889   0.30781944E+03
 7890   0.42131092E+03
 7891   0.23690550E+03
 7892   0.14729047E+03
 7893   0.32861802E+03
 7894   0.61711865E+03
 7895   0.37088188E+03
 7896   0.32903165E+03
 7897   0.18410356E+03
 7898   0.90065680E+02
 7899   0.48340870E+02
 7900   0.30441180E+02
 7901   0.25494400E+02
 7902   0.30046040E+02
 7903   0.64223430E+02
 7904   0.67973320E+02
 7905   0.46416620E+02
 7906   0.32269900E+02
 7907   0.23680390E+02
 7908   0.17014100E+02
 7909   0.11728290E+02
 7910   0.12093318E+03
 7911   0.20785987E+03
 7912   0.93862770E+02
 7913   0.63141140E+02
 7914   0.41829490E+02
 7915   0.25128000E+02
 7916   0.20440720E+02
 7917   0.18437390E+02
 7918   0.16689070E+02
 7919   0.13912100E+02
 7920   0.96348700E+01
 7921   0.67826000E+01
 7922   0.73798300E+01
 7923   0.69309000E+01
 7924   0.56303000E+01
 7925   0.59734700E+01
 7926   0.26406830E+02
 7927   0.14145773E+03
 7928   0.89885800E+02
 7929   0.52996880E+02
 7930   0.31479290E+02
 7931   0.17666010E+02
 7932   0.99570900E+01
 7933   0.61701500E+01
 7934   0.41539100E+01
 7935   0.20284500E+01
 7936   0.97100000E+00
 7937   0.22793000E+00
 7938   0.11670000E+00
 7939   0.79760000E-01
 7940   0.62740000E-01
 7941   0.46670000E-01
 7942   0.32120000E-01
 7943   0.22360000E-01
 7944   0.16230000E-01
 7945   0.12280000E-01
 7946   0.96200000E-02
 7947   0.77500000E-02
 7948   0.63900000E-02
 7949   0.53600000E-02
 7950   0.45700000E-02
 7951   0.39400000E-02
 7952   0.34400000E-02
 7953   0.30200000E-02
 7954   0.26800000E-02
 7955   0.23900000E-02
 7956   0.21500000E-02
 7957   0.19400000E-02
 7958   0.17600000E-02
 7959   0.16100000E-02
 7960   0.14700000E-02
 7961   0.13500000E-02
 7962   0.12500000E-02
 7963   0.25402400E+01
 7964   0.49632800E+01
 7965   0.44023700E+01
 7966   0.14158100E+01
 7967   0.37524000E+00
 7968   0.19001000E+00
 7969   0.12730000E+00
 7970   0.50252900E+01
 7971   0.14200960E+02
 7972   0.14630840E+02
 7973   0.10936930E+02
 7974   0.70976300E+01
 7975   0.33773300E+01
 7976   0.11263400E+01
 7977   0.91730000E+00
 7978   0.16334300E+01
 7979   0.26445300E+01
 7980   0.30260900E+01
 7981   0.23559300E+01
 7982   0.88737000E+00
 7983   0.12824000E+00
 7984   0.55150000E-01
 7985   0.32180000E-01
 7986   0.21290000E-01
 7987   0.15210000E-01
 7988   0.11470000E-01
 7989   0.90000000E-02
 7990   0.73000000E-02
 7991   0.60600000E-02
 7992   0.51300000E-02
 7993   0.44100000E-02
 7994   0.38400000E-02
 7995   0.33700000E-02
 7996   0.29900000E-02
 7997   0.26600000E-02
 7998   0.23800000E-02
 7999   0.21500000E-02
 8000   0.19400000E-02
 8001   0.17700000E-02
 8002   0.16100000E-02
 8003   0.14800000E-02
 8004   0.13600000E-02
 8005   0.12500000E-02
 8006   0.11600000E-02
 8007   0.10700000E-02
 8008   0.10000000E-02
 8009   0.93000000E-03
 8010   0.87000000E-03
 8011   0.81000000E-03
 8012   0.64331000E+00
 8013   0.37628700E+01
 8014   0.92468100E+01
 8015   0.13469000E+02
 8016   0.13750090E+02
 8017   0.12482570E+02
 8018   0.13637020E+02
 8019   0.11721180E+02
 8020   0.90793200E+01
 8021   0.72930800E+01
 8022   0.60589500E+01
 8023   0.45478700E+01
 8024   0.33954700E+01
 8025   0.23520600E+01
 8026   0.13467900E+01
 8027   0.82513000E+00
 8028   0.29431000E+00
 8029   0.13507000E+00
 8030   0.65470000E-01
 8031   0.36610000E-01
 8032   0.23560000E-01
 8033   0.16690000E-01
 8034   0.22700000E-01
 8035   0.59400000E-01
 8036   0.10398000E+00
 8037   0.72170000E-01
 8038   0.79110000E-01
 8039   0.10103000E+00
 8040   0.81970000E-01
 8041   0.56130000E-01
 8042   0.38240000E-01
 8043   0.27010000E-01
 8044   0.19850000E-01
 8045   0.15110000E-01
 8046   0.14608400E+01
 8047   0.51134800E+01
 8048   0.96605600E+01
 8049   0.11137430E+02
 8050   0.10203470E+02
 8051   0.77170200E+01
 8052   0.52102600E+01
 8053   0.60043500E+01
 8054   0.37125830E+02
 8055   0.12719286E+03
 8056   0.17691084E+03
 8057   0.26055426E+03
 8058   0.22389511E+03
 8059   0.13694095E+03
 8060   0.76839150E+02
 8061   0.44775940E+02
 8062   0.26779590E+02
 8063   0.16253810E+02
 8064   0.10413200E+02
 8065   0.95611400E+01
 8066   0.98914900E+01
 8067   0.80760900E+01
 8068   0.57636300E+01
 8069   0.39121100E+01
 8070   0.19802700E+01
 8071   0.15428600E+01
 8072   0.11392800E+01
 8073   0.46959000E+00
 8074   0.24737000E+00
 8075   0.20018000E+00
 8076   0.17515000E+00
 8077   0.14285000E+00
 8078   0.96600000E-01
 8079   0.87950000E-01
 8080   0.11117000E+00
 8081   0.10495000E+00
 8082   0.74360000E-01
 8083   0.11142000E+00
 8084   0.85528000E+00
 8085   0.37010000E+00
 8086   0.22375000E+00
 8087   0.14106300E+01
 8088   0.31847900E+01
 8089   0.61069400E+01
 8090   0.67133700E+01
 8091   0.60035000E+01
 8092   0.49939400E+01
 8093   0.40744300E+01
 8094   0.30119900E+01
 8095   0.11177700E+01
 8096   0.15034000E+00
 8097   0.49910000E-01
 8098   0.27840000E-01
 8099   0.17290000E-01
 8100   0.11380000E-01
 8101   0.79400000E-02
 8102   0.58500000E-02
 8103   0.45100000E-02
 8104   0.36100000E-02
 8105   0.29800000E-02
 8106   0.32000000E-02
 8107   0.16864000E+00
 8108   0.23482000E+00
 8109   0.25552000E+00
 8110   0.22890000E+00
 8111   0.16148000E+00
 8112   0.11223000E+00
 8113   0.74090000E-01
 8114   0.24641000E+00
 8115   0.24656600E+01
 8116   0.40236800E+01
 8117   0.64677800E+01
 8118   0.86428300E+01
 8119   0.96422100E+01
 8120   0.94557300E+01
 8121   0.83856000E+01
 8122   0.76899000E+01
 8123   0.71182800E+01
 8124   0.65865700E+01
 8125   0.57273400E+01
 8126   0.50373700E+01
 8127   0.46103800E+01
 8128   0.44932000E+01
 8129   0.40900800E+01
 8130   0.56975900E+01
 8131   0.90569500E+01
 8132   0.10966970E+02
 8133   0.11774500E+02
 8134   0.10677720E+02
 8135   0.81133000E+01
 8136   0.57161800E+01
 8137   0.43526000E+01
 8138   0.35271300E+01
 8139   0.28644500E+01
 8140   0.19999300E+01
 8141   0.14662800E+01
 8142   0.19385300E+01
 8143   0.63721600E+01
 8144   0.13747870E+02
 8145   0.18193930E+02
 8146   0.18153150E+02
 8147   0.18997030E+02
 8148   0.18342430E+02
 8149   0.34599140E+02
 8150   0.49496710E+02
 8151   0.47742410E+02
 8152   0.43105070E+02
 8153   0.10033449E+03
 8154   0.23354351E+03
 8155   0.22237729E+03
 8156   0.13906709E+03
 8157   0.81738160E+02
 8158   0.53195980E+02
 8159   0.49681710E+02
 8160   0.41686650E+02
 8161   0.30957990E+02
 8162   0.22107060E+02
 8163   0.16188590E+02
 8164   0.15201630E+02
 8165   0.23901560E+02
 8166   0.14111706E+03
 8167   0.17896001E+03
 8168   0.12935450E+03
 8169   0.98655800E+02
 8170   0.76289140E+02
 8171   0.82858640E+02
 8172   0.10098693E+03
 8173   0.11876435E+03
 8174   0.14322361E+03
 8175   0.10642877E+03
 8176   0.65206800E+02
 8177   0.37085730E+02
 8178   0.22272760E+02
 8179   0.14137890E+02
 8180   0.96789200E+01
 8181   0.69131200E+01
 8182   0.57538800E+01
 8183   0.58606000E+01
 8184   0.93914800E+01
 8185   0.94972770E+02
 8186   0.16184549E+03
 8187   0.18237319E+03
 8188   0.16110278E+03
 8189   0.88845650E+02
 8190   0.49402410E+02
 8191   0.28329670E+02
 8192   0.16750320E+02
 8193   0.10985180E+02
 8194   0.75969000E+01
 8195   0.55004800E+01
 8196   0.39236700E+01
 8197   0.13082900E+01
 8198   0.22791000E+00
 8199   0.88500000E-01
 8200   0.61070000E-01
 8201   0.42430000E-01
 8202   0.28920000E-01
 8203   0.42908000E+01
 8204   0.59304320E+02
 8205   0.29649334E+03
 8206   0.13091417E+03
 8207   0.68940500E+02
 8208   0.80548050E+02
 8209   0.32157879E+03
 8210   0.27833930E+03
 8211   0.14508631E+03
 8212   0.74556650E+02
 8213   0.41390820E+02
 8214   0.23594320E+02
 8215   0.14299510E+02
 8216   0.19640610E+02
 8217   0.75154913E+03
 8218   0.10403489E+04
 8219   0.87379962E+03
 8220   0.53859250E+03
 8221   0.75678044E+03
 8222   0.37951043E+03
 8223   0.20099949E+03
 8224   0.11777271E+03
 8225   0.11014428E+03
 8226   0.28430947E+03
 8227   0.53663574E+03
 8228   0.56860791E+03
 8229   0.65563155E+03
 8230   0.38598849E+03
 8231   0.12283769E+04
 8232   0.34627944E+03
 8233   0.14195363E+03
 8234   0.71708740E+02
 8235   0.55160240E+02
 8236   0.28306642E+03
 8237   0.51431086E+03
 8238   0.33269368E+03
 8239   0.20768780E+03
 8240   0.13920733E+03
 8241   0.80959680E+02
 8242   0.45002640E+02
 8243   0.27998890E+02
 8244   0.21586700E+02
 8245   0.18883410E+02
 8246   0.15391130E+02
 8247   0.11093700E+02
 8248   0.21095531E+03
 8249   0.15420725E+03
 8250   0.10666935E+03
 8251   0.11298571E+03
 8252   0.26603429E+03
 8253   0.29789773E+03
 8254   0.56700189E+03
 8255   0.82413811E+03
 8256   0.57017184E+03
 8257   0.46102447E+03
 8258   0.37337598E+03
 8259   0.78781911E+03
 8260   0.59289302E+03
 8261   0.45469604E+03
 8262   0.19058526E+03
 8263   0.91777480E+02
 8264   0.49390790E+02
 8265   0.16088841E+03
 8266   0.26413567E+03
 8267   0.36373316E+03
 8268   0.24835191E+03
 8269   0.11499374E+03
 8270   0.59621970E+02
 8271   0.38151660E+02
 8272   0.31270990E+02
 8273   0.25743240E+02
 8274   0.20378320E+02
 8275   0.31498970E+02
 8276   0.81999970E+02
 8277   0.72420160E+02
 8278   0.66812390E+02
 8279   0.58091220E+02
 8280   0.46327250E+02
 8281   0.78730880E+02
 8282   0.15172577E+03
 8283   0.98366700E+02
 8284   0.58157050E+02
 8285   0.46218430E+02
 8286   0.49411880E+02
 8287   0.25968781E+03
 8288   0.27874432E+03
 8289   0.16832301E+03
 8290   0.85149020E+02
 8291   0.46453640E+02
 8292   0.26031960E+02
 8293   0.15082710E+02
 8294   0.98733900E+01
 8295   0.68824300E+01
 8296   0.50133400E+01
 8297   0.33460300E+01
 8298   0.14183600E+01
 8299   0.50494000E+00
 8300   0.14582000E+00
 8301   0.80650000E-01
 8302   0.74710000E-01
 8303   0.49093400E+01
 8304   0.29493480E+02
 8305   0.43135480E+02
 8306   0.35765880E+02
 8307   0.24371300E+02
 8308   0.15172960E+02
 8309   0.89056300E+01
 8310   0.51852400E+01
 8311   0.25145600E+01
 8312   0.10493100E+01
 8313   0.29471000E+00
 8314   0.14746000E+00
 8315   0.93110000E-01
 8316   0.70250000E-01
 8317   0.55630000E-01
 8318   0.39690000E-01
 8319   0.27310000E-01
 8320   0.24840000E-01
 8321   0.10565000E+00
 8322   0.69400000E-01
 8323   0.40630000E-01
 8324   0.25740000E-01
 8325   0.17560000E-01
 8326   0.12690000E-01
 8327   0.95900000E-02
 8328   0.20393170E+02
 8329   0.24009641E+03
 8330   0.19790860E+03
 8331   0.11436321E+03
 8332   0.60344720E+02
 8333   0.33682050E+02
 8334   0.19305370E+02
 8335   0.12034630E+02
 8336   0.82586800E+01
 8337   0.59622900E+01
 8338   0.44398100E+01
 8339   0.27928000E+01
 8340   0.11767100E+01
 8341   0.25624000E+00
 8342   0.96190000E-01
 8343   0.55380000E-01
 8344   0.35240000E-01
 8345   0.23780000E-01
 8346   0.16980000E-01
 8347   0.12720000E-01
 8348   0.98900000E-02
 8349   0.79300000E-02
 8350   0.65100000E-02
 8351   0.54400000E-02
 8352   0.46300000E-02
 8353   0.39800000E-02
 8354   0.34700000E-02
 8355   0.30500000E-02
 8356   0.27000000E-02
 8357   0.24100000E-02
 8358   0.21600000E-02
 8359   0.19500000E-02
 8360   0.17700000E-02
 8361   0.16100000E-02
 8362   0.14800000E-02
 8363   0.13500000E-02
 8364   0.12500000E-02
 8365   0.11500000E-02
 8366   0.10700000E-02
 8367   0.99000000E-03
 8368   0.93000000E-03
 8369   0.87000000E-03
 8370   0.81000000E-03
 8371   0.76000000E-03
 8372   0.26231500E+01
 8373   0.52747100E+01
 8374   0.54806600E+01
 8375   0.49538500E+01
 8376   0.42886200E+01
 8377   0.19711300E+01
 8378   0.98504000E+00
 8379   0.42255000E+00
 8380   0.25274000E+00
 8381   0.16090000E+00
 8382   0.11767000E+00
 8383   0.86150000E-01
 8384   0.68710000E-01
 8385   0.55460000E-01
 8386   0.41740000E-01
 8387   0.36660000E-01
 8388   0.31320000E-01
 8389   0.24090000E-01
 8390   0.18090000E-01
 8391   0.13770000E-01
 8392   0.10730000E-01
 8393   0.85700000E-02
 8394   0.69900000E-02
 8395   0.58000000E-02
 8396   0.49000000E-02
 8397   0.41900000E-02
 8398   0.36200000E-02
 8399   0.31600000E-02
 8400   0.27900000E-02
 8401   0.24800000E-02
 8402   0.20600600E+01
 8403   0.41243700E+01
 8404   0.51102700E+01
 8405   0.44287500E+01
 8406   0.29743900E+01
 8407   0.12049900E+01
 8408   0.43588000E+00
 8409   0.26004000E+00
 8410   0.19682000E+00
 8411   0.16282000E+00
 8412   0.12958000E+00
 8413   0.96320000E-01
 8414   0.76370000E-01
 8415   0.59450000E-01
 8416   0.41660000E-01
 8417   0.28920000E-01
 8418   0.41280000E-01
 8419   0.87300000E-01
 8420   0.73000000E-01
 8421   0.49730000E-01
 8422   0.33990000E-01
 8423   0.24160000E-01
 8424   0.17880000E-01
 8425   0.13700000E-01
 8426   0.10800000E-01
 8427   0.87100000E-02
 8428   0.71700000E-02
 8429   0.60000000E-02
 8430   0.50900000E-02
 8431   0.43700000E-02
 8432   0.37900000E-02
 8433   0.33200000E-02
 8434   0.29300000E-02
 8435   0.26000000E-02
 8436   0.23300000E-02
 8437   0.20900000E-02
 8438   0.18900000E-02
 8439   0.24820800E+01
 8440   0.66673800E+01
 8441   0.10518490E+02
 8442   0.92087000E+01
 8443   0.54375300E+01
 8444   0.23200800E+01
 8445   0.97716000E+00
 8446   0.37469000E+00
 8447   0.24126000E+00
 8448   0.17269000E+00
 8449   0.13533000E+00
 8450   0.44422000E+00
 8451   0.68377000E+00
 8452   0.54505000E+00
 8453   0.23408000E+00
 8454   0.79700000E-01
 8455   0.38320000E-01
 8456   0.22940000E-01
 8457   0.15630000E-01
 8458   0.11530000E-01
 8459   0.89500000E-02
 8460   0.72000000E-02
 8461   0.59400000E-02
 8462   0.50000000E-02
 8463   0.42800000E-02
 8464   0.37000000E-02
 8465   0.55500000E-02
 8466   0.24253000E+00
 8467   0.10149200E+01
 8468   0.10129500E+01
 8469   0.89760000E+00
 8470   0.90766000E+00
 8471   0.61761000E+00
 8472   0.30572000E+00
 8473   0.18597000E+00
 8474   0.11761000E+00
 8475   0.74620000E-01
 8476   0.48560000E-01
 8477   0.33210000E-01
 8478   0.23860000E-01
 8479   0.17860000E-01
 8480   0.13820000E-01
 8481   0.10980000E-01
 8482   0.89200000E-02
 8483   0.73900000E-02
 8484   0.62100000E-02
 8485   0.52900000E-02
 8486   0.45500000E-02
 8487   0.39600000E-02
 8488   0.34700000E-02
 8489   0.30700000E-02
 8490   0.27300000E-02
 8491   0.24400000E-02
 8492   0.22000000E-02
 8493   0.19900000E-02
 8494   0.18100000E-02
 8495   0.16500000E-02
 8496   0.15100000E-02
 8497   0.13900000E-02
 8498   0.12800000E-02
 8499   0.11800000E-02
 8500   0.11000000E-02
 8501   0.10200000E-02
 8502   0.95000000E-03
 8503   0.23308500E+01
 8504   0.45105500E+01
 8505   0.38854100E+01
 8506   0.17596900E+01
 8507   0.12874500E+01
 8508   0.23849300E+01
 8509   0.38989000E+01
 8510   0.66417800E+01
 8511   0.94625800E+01
 8512   0.10697580E+02
 8513   0.91923200E+01
 8514   0.71013900E+01
 8515   0.50373800E+01
 8516   0.38975000E+01
 8517   0.34760100E+01
 8518   0.23627400E+01
 8519   0.14150300E+01
 8520   0.12376800E+01
 8521   0.13188000E+01
 8522   0.23486800E+01
 8523   0.42351900E+01
 8524   0.70289900E+01
 8525   0.12143750E+02
 8526   0.18677910E+02
 8527   0.16699600E+02
 8528   0.13606990E+02
 8529   0.10602180E+02
 8530   0.76115600E+01
 8531   0.54897100E+01
 8532   0.38943400E+01
 8533   0.17613800E+01
 8534   0.31617200E+01
 8535   0.11526330E+02
 8536   0.95331680E+02
 8537   0.14297347E+03
 8538   0.13244609E+03
 8539   0.96995010E+02
 8540   0.71551990E+02
 8541   0.68456600E+02
 8542   0.17463732E+03
 8543   0.18637735E+03
 8544   0.17757370E+03
 8545   0.11088989E+03
 8546   0.16845429E+03
 8547   0.78897399E+03
 8548   0.43966593E+03
 8549   0.20738673E+03
 8550   0.16555856E+03
 8551   0.22529214E+03
 8552   0.29053514E+03
 8553   0.15215292E+03
 8554   0.78543020E+02
 8555   0.44870300E+02
 8556   0.24854940E+02
 8557   0.15727240E+02
 8558   0.11953800E+02
 8559   0.98116300E+01
 8560   0.96430200E+01
 8561   0.11182270E+02
 8562   0.12039970E+02
 8563   0.13968750E+02
 8564   0.16433570E+02
 8565   0.14083070E+02
 8566   0.98839400E+01
 8567   0.77097800E+01
 8568   0.66018400E+01
 8569   0.58849000E+01
 8570   0.48807970E+02
 8571   0.87056843E+03
 8572   0.71098257E+03
 8573   0.46257723E+03
 8574   0.26038381E+03
 8575   0.15796774E+03
 8576   0.94070680E+02
 8577   0.60782680E+02
 8578   0.46764950E+02
 8579   0.44842770E+02
 8580   0.77170970E+02
 8581   0.19247100E+03
 8582   0.24172637E+03
 8583   0.25034001E+03
 8584   0.35001992E+03
 8585   0.21129926E+03
 8586   0.12069887E+03
 8587   0.58341302E+03
 8588   0.36512941E+03
 8589   0.27162883E+03
 8590   0.16113437E+03
 8591   0.10207711E+03
 8592   0.69069690E+02
 8593   0.78765560E+02
 8594   0.82267250E+02
 8595   0.87181780E+02
 8596   0.11015227E+03
 8597   0.71415000E+02
 8598   0.43474100E+02
 8599   0.27398560E+02
 8600   0.17158300E+02
 8601   0.13197730E+02
 8602   0.19056720E+02
 8603   0.97739470E+02
 8604   0.20022663E+03
 8605   0.12395663E+03
 8606   0.68661200E+02
 8607   0.38585680E+02
 8608   0.31617840E+02
 8609   0.55954120E+02
 8610   0.10135003E+03
 8611   0.19844594E+03
 8612   0.14893866E+03
 8613   0.90040590E+02
 8614   0.59262960E+02
 8615   0.74745150E+02
 8616   0.77468580E+02
 8617   0.13591964E+03
 8618   0.50774872E+03
 8619   0.35922797E+03
 8620   0.24056710E+03
 8621   0.16835426E+03
 8622   0.15996408E+03
 8623   0.26194014E+03
 8624   0.20848768E+03
 8625   0.14564423E+03
 8626   0.17277632E+03
 8627   0.46264746E+03
 8628   0.34426191E+03
 8629   0.31599293E+03
 8630   0.20835515E+03
 8631   0.10510074E+03
 8632   0.60745860E+02
 8633   0.41009130E+02
 8634   0.28603960E+02
 8635   0.22425340E+02
 8636   0.27006550E+02
 8637   0.30557050E+02
 8638   0.25781770E+02
 8639   0.25558000E+02
 8640   0.23537230E+02
 8641   0.17434610E+02
 8642   0.10956970E+02
 8643   0.71433900E+01
 8644   0.50989600E+01
 8645   0.34834800E+01
 8646   0.14270900E+01
 8647   0.43604000E+00
 8648   0.13116000E+00
 8649   0.13391000E+00
 8650   0.70775300E+01
 8651   0.25513409E+03
 8652   0.24203539E+03
 8653   0.15574976E+03
 8654   0.10646739E+03
 8655   0.74391960E+02
 8656   0.11454730E+03
 8657   0.79621500E+02
 8658   0.43498490E+02
 8659   0.25406070E+02
 8660   0.18713430E+02
 8661   0.15770640E+02
 8662   0.12371330E+02
 8663   0.79556100E+01
 8664   0.46528300E+01
 8665   0.18577300E+01
 8666   0.71796000E+00
 8667   0.18127000E+00
 8668   0.12048000E+00
 8669   0.86960000E-01
 8670   0.68100000E-01
 8671   0.52430000E-01
 8672   0.36550000E-01
 8673   0.25260000E-01
 8674   0.18130000E-01
 8675   0.13580000E-01
 8676   0.10550000E-01
 8677   0.84400000E-02
 8678   0.69200000E-02
 8679   0.57800000E-02
 8680   0.49000000E-02
 8681   0.42200000E-02
 8682   0.36600000E-02
 8683   0.32100000E-02
 8684   0.28400000E-02
 8685   0.25300000E-02
 8686   0.22700000E-02
 8687   0.20500000E-02
 8688   0.18500000E-02
 8689   0.16900000E-02
 8690   0.15400000E-02
 8691   0.14200000E-02
 8692   0.13000000E-02
 8693   0.12000000E-02
 8694   0.11100000E-02
 8695   0.10300000E-02
 8696   0.50593000E+01
 8697   0.15922210E+02
 8698   0.16444210E+02
 8699   0.10015200E+02
 8700   0.48838800E+01
 8701   0.15471000E+01
 8702   0.43843000E+00
 8703   0.19491000E+00
 8704   0.14729000E+00
 8705   0.12057000E+00
 8706   0.94760000E-01
 8707   0.59393000E+00
 8708   0.27628700E+01
 8709   0.27553700E+01
 8710   0.83623000E+00
 8711   0.23789000E+00
 8712   0.15859000E+00
 8713   0.10464000E+00
 8714   0.66650000E-01
 8715   0.44190000E-01
 8716   0.30930000E-01
 8717   0.22680000E-01
 8718   0.17260000E-01
 8719   0.13540000E-01
 8720   0.10870000E-01
 8721   0.89000000E-02
 8722   0.74100000E-02
 8723   0.62600000E-02
 8724   0.53500000E-02
 8725   0.46200000E-02
 8726   0.40300000E-02
 8727   0.35400000E-02
 8728   0.31300000E-02
 8729   0.27900000E-02
 8730   0.25000000E-02
 8731   0.24200000E-02
 8732   0.26100000E-02
 8733   0.26200000E-02
 8734   0.28600000E-02
 8735   0.33100000E-02
 8736   0.39000000E-02
 8737   0.43800000E-02
 8738   0.45600000E-02
 8739   0.44300000E-02
 8740   0.41100000E-02
 8741   0.37200000E-02
 8742   0.33300000E-02
 8743   0.29600000E-02
 8744   0.26300000E-02
 8745   0.23500000E-02
 8746   0.21000000E-02
 8747   0.18800000E-02
 8748   0.17000000E-02
 8749   0.15400000E-02
 8750   0.14000000E-02
 8751   0.12800000E-02
 8752   0.11700000E-02
 8753   0.10800000E-02
 8754   0.99000000E-03
 8755   0.92000000E-03
 8756   0.85000000E-03
 8757   0.79000000E-03
 8758   0.74000000E-03
 8759   0.69000000E-03
 8760   0.65000000E-03
 8761   0.61000000E-03
 8762   0.57000000E-03
 8763   0.54000000E-03
 8764   0.51000000E-03
 8765   0.48000000E-03
 8766   0.45000000E-03
 8767   0.43000000E-03
 8768   0.41000000E-03
 8769   0.39000000E-03
 8770   0.37000000E-03
 8771   0.35000000E-03
 8772   0.23320000E-01
 8773   0.45339000E+00
 8774   0.27573000E+00
 8775   0.13612000E+00
 8776   0.76770000E-01
 8777   0.48320000E-01
 8778   0.32890000E-01
 8779   0.23700000E-01
 8780   0.17820000E-01
 8781   0.13850000E-01
 8782   0.11050000E-01
 8783   0.90100000E-02
 8784   0.74700000E-02
 8785   0.54641000E+00
 8786   0.10955920E+02
 8787   0.25003050E+02
 8788   0.24298320E+02
 8789   0.17634540E+02
 8790   0.11719980E+02
 8791   0.73100800E+01
 8792   0.43961800E+01
 8793   0.21930400E+01
 8794   0.16126500E+01
 8795   0.13298500E+01
 8796   0.90140000E+00
 8797   0.32031000E+00
 8798   0.15927000E+00
 8799   0.99870000E-01
 8800   0.75720000E-01
 8801   0.58720000E-01
 8802   0.41540000E-01
 8803   0.32440000E-01
 8804   0.48240000E-01
 8805   0.55090000E-01
 8806   0.85640000E-01
 8807   0.11064000E+00
 8808   0.10104000E+00
 8809   0.73850000E-01
 8810   0.49800000E-01
 8811   0.34120000E-01
 8812   0.48380000E-01
 8813   0.25370300E+01
 8814   0.37638500E+01
 8815   0.35634100E+01
 8816   0.27745200E+01
 8817   0.14624600E+01
 8818   0.12441000E+01
 8819   0.16722800E+01
 8820   0.30343000E+01
 8821   0.45340200E+01
 8822   0.37677600E+01
 8823   0.20644500E+01
 8824   0.22532000E+01
 8825   0.25768600E+01
 8826   0.73319700E+01
 8827   0.22288740E+02
 8828   0.33434870E+02
 8829   0.35801970E+02
 8830   0.31583370E+02
 8831   0.26834930E+02
 8832   0.22233040E+02
 8833   0.16356850E+02
 8834   0.12047290E+02
 8835   0.87615100E+01
 8836   0.65462600E+01
 8837   0.50404200E+01
 8838   0.38154300E+01
 8839   0.21434200E+01
 8840   0.11724600E+01
 8841   0.39920000E+00
 8842   0.13777000E+00
 8843   0.16998300E+01
 8844   0.45591400E+01
 8845   0.16307100E+02
 8846   0.11076254E+03
 8847   0.10630497E+03
 8848   0.79830490E+02
 8849   0.58780850E+02
 8850   0.44146590E+02
 8851   0.33964540E+02
 8852   0.32785410E+02
 8853   0.61440300E+02
 8854   0.15235009E+03
 8855   0.19478989E+03
 8856   0.22810701E+03
 8857   0.20359327E+03
 8858   0.15768802E+03
 8859   0.12332735E+03
 8860   0.87962440E+02
 8861   0.61481190E+02
 8862   0.45739520E+02
 8863   0.32199290E+02
 8864   0.22277430E+02
 8865   0.14871670E+02
 8866   0.10025630E+02
 8867   0.71159700E+01
 8868   0.53080600E+01
 8869   0.39213200E+01
 8870   0.20963400E+01
 8871   0.10681100E+01
 8872   0.27901000E+00
 8873   0.11431000E+00
 8874   0.71369000E+00
 8875   0.22077800E+01
 8876   0.39048200E+01
 8877   0.13660080E+02
 8878   0.18851280E+02
 8879   0.19084310E+02
 8880   0.21219330E+02
 8881   0.25884050E+02
 8882   0.40741230E+02
 8883   0.53935450E+02
 8884   0.59038720E+02
 8885   0.57023560E+02
 8886   0.40490230E+02
 8887   0.25978440E+02
 8888   0.21855950E+02
 8889   0.69832680E+02
 8890   0.37400572E+03
 8891   0.27444463E+03
 8892   0.18488761E+03
 8893   0.17467407E+03
 8894   0.14790879E+03
 8895   0.11169783E+03
 8896   0.89402880E+02
 8897   0.72611100E+02
 8898   0.58871460E+02
 8899   0.61959860E+02
 8900   0.57821540E+02
 8901   0.50400130E+02
 8902   0.47536450E+02
 8903   0.36711080E+02
 8904   0.27286980E+02
 8905   0.28284850E+02
 8906   0.71270310E+02
 8907   0.98882540E+02
 8908   0.88354660E+02
 8909   0.59740720E+02
 8910   0.37284480E+02
 8911   0.23994000E+02
 8912   0.16916340E+02
 8913   0.14639790E+02
 8914   0.13206600E+02
 8915   0.17559910E+02
 8916   0.25336350E+02
 8917   0.23133780E+02
 8918   0.16341990E+02
 8919   0.10172620E+02
 8920   0.62737000E+01
 8921   0.38462800E+01
 8922   0.14437500E+01
 8923   0.44104000E+00
 8924   0.85234000E+00
 8925   0.24430800E+01
 8926   0.59730200E+01
 8927   0.48616460E+02
 8928   0.15526555E+03
 8929   0.10245257E+03
 8930   0.59907160E+02
 8931   0.36169390E+02
 8932   0.22021190E+02
 8933   0.14045680E+02
 8934   0.10780070E+02
 8935   0.98111100E+01
 8936   0.39887500E+02
 8937   0.51913632E+03
 8938   0.51680644E+03
 8939   0.42034033E+03
 8940   0.44025705E+03
 8941   0.26310554E+03
 8942   0.15537969E+03
 8943   0.99877740E+02
 8944   0.72938240E+02
 8945   0.81169210E+02
 8946   0.13725666E+03
 8947   0.18508907E+03
 8948   0.21788185E+03
 8949   0.24486902E+03
 8950   0.28224058E+03
 8951   0.24225902E+03
 8952   0.20151499E+03
 8953   0.16571376E+03
 8954   0.16361250E+03
 8955   0.20125178E+03
 8956   0.19665013E+03
 8957   0.24449276E+03
 8958   0.26574620E+03
 8959   0.27949039E+03
 8960   0.27742945E+03
 8961   0.36156370E+03
 8962   0.43430002E+03
 8963   0.30703044E+03
 8964   0.21097228E+03
 8965   0.18519316E+03
 8966   0.11957834E+03
 8967   0.68233790E+02
 8968   0.40223430E+02
 8969   0.25444830E+02
 8970   0.17966010E+02
 8971   0.13910650E+02
 8972   0.21675390E+02
 8973   0.65459190E+02
 8974   0.89365050E+02
 8975   0.81448340E+02
 8976   0.70137520E+02
 8977   0.51139000E+02
 8978   0.38661780E+02
 8979   0.29303480E+02
 8980   0.20900610E+02
 8981   0.14146840E+02
 8982   0.11755870E+02
 8983   0.17981280E+02
 8984   0.29944100E+02
 8985   0.34022140E+02
 8986   0.54034740E+02
 8987   0.10743576E+03
 8988   0.10398306E+03
 8989   0.67991470E+02
 8990   0.39062610E+02
 8991   0.23118330E+02
 8992   0.13861650E+02
 8993   0.75057900E+01
 8994   0.33506300E+01
 8995   0.52481600E+01
 8996   0.10450320E+02
 8997   0.15430350E+02
 8998   0.18174160E+02
 8999   0.16481050E+02
 9000   0.17032560E+02
 9001   0.19504520E+02
 9002   0.49675550E+02
 9003   0.56320560E+02
 9004   0.37313230E+02
 9005   0.22526160E+02
 9006   0.13325950E+02
 9007   0.66657700E+01
 9008   0.26868800E+01
 9009   0.73291000E+00
 9010   0.18831000E+00
 9011   0.13655000E+00
 9012   0.10984000E+00
 9013   0.63809300E+01
 9014   0.86253780E+02
 9015   0.20278430E+03
 9016   0.14978186E+03
 9017   0.14436868E+03
 9018   0.13555510E+03
 9019   0.76861690E+02
 9020   0.42260120E+02
 9021   0.24052490E+02
 9022   0.13593780E+02
 9023   0.96447200E+01
 9024   0.10912640E+02
 9025   0.17623130E+02
 9026   0.28715050E+02
 9027   0.33761170E+02
 9028   0.51421360E+02
 9029   0.39509060E+02
 9030   0.25748700E+02
 9031   0.15768790E+02
 9032   0.10016150E+02
 9033   0.70934300E+01
 9034   0.52864400E+01
 9035   0.39013600E+01
 9036   0.19121800E+01
 9037   0.92965000E+00
 9038   0.18930000E+00
 9039   0.19732800E+01
 9040   0.36019900E+01
 9041   0.19957800E+01
 9042   0.51792000E+00
 9043   0.15904000E+00
 9044   0.10115000E+00
 9045   0.68580000E-01
 9046   0.15225000E+00
 9047   0.32502500E+01
 9048   0.67790800E+01
 9049   0.75399900E+01
 9050   0.58561300E+01
 9051   0.30250400E+01
 9052   0.98006000E+00
 9053   0.89484000E+00
 9054   0.92660000E+00
 9055   0.58184000E+00
 9056   0.30915000E+00
 9057   0.21077680E+02
 9058   0.22283061E+03
 9059   0.11578956E+03
 9060   0.85133630E+02
 9061   0.50569610E+02
 9062   0.43309820E+02
 9063   0.28655024E+03
 9064   0.18695584E+03
 9065   0.13145835E+03
 9066   0.37734911E+03
 9067   0.33126415E+03
 9068   0.16558507E+03
 9069   0.21503284E+03
 9070   0.19242543E+03
 9071   0.95240660E+02
 9072   0.57626760E+02
 9073   0.38098320E+02
 9074   0.23487130E+02
 9075   0.14188880E+02
 9076   0.95039400E+01
 9077   0.67058900E+01
 9078   0.48642200E+01
 9079   0.26613800E+01
 9080   0.72694000E+00
 9081   0.21322000E+00
 9082   0.12376000E+00
 9083   0.76190000E-01
 9084   0.48170000E-01
 9085   0.31780000E-01
 9086   0.22160000E-01
 9087   0.16250000E-01
 9088   0.12400000E-01
 9089   0.97700000E-02
 9090   0.79000000E-02
 9091   0.65200000E-02
 9092   0.54700000E-02
 9093   0.46600000E-02
 9094   0.40200000E-02
 9095   0.35000000E-02
 9096   0.30700000E-02
 9097   0.27200000E-02
 9098   0.24300000E-02
 9099   0.21800000E-02
 9100   0.19600000E-02
 9101   0.17800000E-02
 9102   0.16200000E-02
 9103   0.14800000E-02
 9104   0.13600000E-02
 9105   0.12500000E-02
 9106   0.11600000E-02
 9107   0.10700000E-02
 9108   0.10000000E-02
 9109   0.22900000E-02
 9110   0.25774900E+01
 9111   0.42506100E+01
 9112   0.31114300E+01
 9113   0.14974800E+01
 9114   0.10318000E+01
 9115   0.43570000E+00
 9116   0.28926000E+00
 9117   0.20446000E+00
 9118   0.13981000E+00
 9119   0.10061000E+00
 9120   0.77600000E-01
 9121   0.58070000E-01
 9122   0.40030000E-01
 9123   0.27720000E-01
 9124   0.19990000E-01
 9125   0.15030000E-01
 9126   0.11710000E-01
 9127   0.93700000E-02
 9128   0.76800000E-02
 9129   0.64000000E-02
 9130   0.54200000E-02
 9131   0.46500000E-02
 9132   0.40300000E-02
 9133   0.35200000E-02
 9134   0.31100000E-02
 9135   0.27600000E-02
 9136   0.42400000E-02
 9137   0.33125000E+00
 9138   0.18997000E+01
 9139   0.11324600E+01
 9140   0.43625000E+00
 9141   0.32684000E+00
 9142   0.23919000E+00
 9143   0.16137000E+00
 9144   0.11172000E+00
 9145   0.73610000E-01
 9146   0.49180000E-01
 9147   0.34360000E-01
 9148   0.25080000E-01
 9149   0.18970000E-01
 9150   0.14780000E-01
 9151   0.11790000E-01
 9152   0.95900000E-02
 9153   0.79400000E-02
 9154   0.66700000E-02
 9155   0.56700000E-02
 9156   0.48700000E-02
 9157   0.10356000E+00
 9158   0.17919800E+01
 9159   0.11270800E+01
 9160   0.44556000E+00
 9161   0.33361000E+00
 9162   0.26942000E+00
 9163   0.18195000E+00
 9164   0.12697000E+00
 9165   0.85070000E-01
 9166   0.55730000E-01
 9167   0.37820000E-01
 9168   0.26900000E-01
 9169   0.19960000E-01
 9170   0.15320000E-01
 9171   0.12100000E-01
 9172   0.97800000E-02
 9173   0.80500000E-02
 9174   0.67400000E-02
 9175   0.57100000E-02
 9176   0.49000000E-02
 9177   0.42500000E-02
 9178   0.37200000E-02
 9179   0.32800000E-02
 9180   0.29100000E-02
 9181   0.26000000E-02
 9182   0.23300000E-02
 9183   0.21100000E-02
 9184   0.19100000E-02
 9185   0.17400000E-02
 9186   0.15900000E-02
 9187   0.14600000E-02
 9188   0.13400000E-02
 9189   0.12400000E-02
 9190   0.11500000E-02
 9191   0.10700000E-02
 9192   0.99000000E-03
 9193   0.93000000E-03
 9194   0.87000000E-03
 9195   0.81000000E-03
 9196   0.76000000E-03
 9197   0.74000000E-03
 9198   0.70000000E-03
 9199   0.18000000E-02
 9200   0.66525000E+00
 9201   0.56658000E+00
 9202   0.32412000E+00
 9203   0.21747000E+00
 9204   0.13916000E+00
 9205   0.90270000E-01
 9206   0.58010000E-01
 9207   0.38590000E-01
 9208   0.34740000E-01
 9209   0.35670000E-01
 9210   0.51530000E-01
 9211   0.51770000E-01
 9212   0.39770000E-01
 9213   0.29470000E-01
 9214   0.23730000E-01
 9215   0.21140000E-01
 9216   0.44557000E+00
 9217   0.81979000E+00
 9218   0.62476000E+00
 9219   0.38835000E+00
 9220   0.21255000E+00
 9221   0.13845900E+01
 9222   0.11192500E+01
 9223   0.37619000E+00
 9224   0.17521000E+01
 9225   0.29611900E+01
 9226   0.12927400E+01
 9227   0.32151000E+00
 9228   0.14293000E+00
 9229   0.86370000E-01
 9230   0.55020000E-01
 9231   0.14489900E+01
 9232   0.60642100E+01
 9233   0.21494420E+02
 9234   0.24443780E+02
 9235   0.17532050E+02
 9236   0.10979070E+02
 9237   0.61479800E+01
 9238   0.27972600E+01
 9239   0.99768000E+00
 9240   0.26932000E+00
 9241   0.17947000E+00
 9242   0.15898000E+00
 9243   0.22757000E+00
 9244   0.20217000E+00
 9245   0.15862000E+00
 9246   0.11093000E+00
 9247   0.70560000E-01
 9248   0.46000000E-01
 9249   0.31650000E-01
 9250   0.22880000E-01
 9251   0.17210000E-01
 9252   0.13370000E-01
 9253   0.10670000E-01
 9254   0.86900000E-02
 9255   0.72000000E-02
 9256   0.60600000E-02
 9257   0.51700000E-02
 9258   0.44600000E-02
 9259   0.38800000E-02
 9260   0.34000000E-02
 9261   0.30100000E-02
 9262   0.20130000E-01
 9263   0.51349000E+00
 9264   0.98277000E+00
 9265   0.23089400E+01
 9266   0.13617140E+02
 9267   0.29009760E+02
 9268   0.60300370E+02
 9269   0.50812340E+02
 9270   0.35684960E+02
 9271   0.29236400E+02
 9272   0.51854170E+02
 9273   0.14574602E+03
 9274   0.36164641E+03
 9275   0.31813979E+03
 9276   0.23918993E+03
 9277   0.22437089E+03
 9278   0.34475491E+03
 9279   0.47436933E+03
 9280   0.46741958E+03
 9281   0.43754451E+03
 9282   0.26026563E+03
 9283   0.21978876E+03
 9284   0.28218829E+03
 9285   0.28107076E+03
 9286   0.27167301E+03
 9287   0.22121150E+03
 9288   0.16211397E+03
 9289   0.20377930E+03
 9290   0.28534213E+03
 9291   0.44912916E+03
 9292   0.27732430E+03
 9293   0.16830226E+03
 9294   0.13688488E+03
 9295   0.17182001E+03
 9296   0.22627476E+03
 9297   0.17765961E+03
 9298   0.12118567E+03
 9299   0.10027081E+03
 9300   0.80672880E+02
 9301   0.57166130E+02
 9302   0.40835910E+02
 9303   0.37886340E+02
 9304   0.58749040E+02
 9305   0.24424349E+03
 9306   0.33044668E+03
 9307   0.26686788E+03
 9308   0.16207374E+03
 9309   0.99013560E+02
 9310   0.73837890E+02
 9311   0.62841010E+02
 9312   0.44149310E+02
 9313   0.38446080E+02
 9314   0.37860070E+02
 9315   0.38445860E+02
 9316   0.44936950E+02
 9317   0.85825120E+02
 9318   0.94751930E+02
 9319   0.11703412E+03
 9320   0.19665669E+03
 9321   0.27584442E+03
 9322   0.19078368E+03
 9323   0.12140026E+03
 9324   0.72194100E+02
 9325   0.40419850E+02
 9326   0.26187210E+02
 9327   0.21949030E+02
 9328   0.39994100E+02
 9329   0.79612160E+02
 9330   0.79945960E+02
 9331   0.67326030E+02
 9332   0.46902570E+02
 9333   0.39382280E+02
 9334   0.52855860E+02
 9335   0.55374160E+02
 9336   0.36455910E+02
 9337   0.22693520E+02
 9338   0.17440850E+02
 9339   0.16258190E+02
 9340   0.25732710E+02
 9341   0.55397510E+02
 9342   0.83743350E+02
 9343   0.74508940E+02
 9344   0.15569880E+03
 9345   0.36360328E+03
 9346   0.28399152E+03
 9347   0.22511711E+03
 9348   0.24074815E+03
 9349   0.24445084E+03
 9350   0.25014639E+03
 9351   0.23836186E+03
 9352   0.20070823E+03
 9353   0.18846141E+03
 9354   0.15555704E+03
 9355   0.85358770E+02
 9356   0.10517996E+03
 9357   0.11527495E+03
 9358   0.86135270E+02
 9359   0.55467690E+02
 9360   0.33053110E+02
 9361   0.21606120E+02
 9362   0.29129610E+02
 9363   0.13593001E+03
 9364   0.90441270E+02
 9365   0.11023654E+03
 9366   0.68534070E+02
 9367   0.36846310E+02
 9368   0.21898570E+02
 9369   0.15049300E+02
 9370   0.11655900E+02
 9371   0.90743600E+01
 9372   0.14809753E+03
 9373   0.40673108E+03
 9374   0.19068940E+03
 9375   0.86473520E+02
 9376   0.42473300E+02
 9377   0.24293650E+02
 9378   0.18036540E+02
 9379   0.27151750E+02
 9380   0.84364710E+02
 9381   0.65036550E+02
 9382   0.44034520E+02
 9383   0.28812930E+02
 9384   0.17726560E+02
 9385   0.10791440E+02
 9386   0.66241800E+01
 9387   0.45577100E+01
 9388   0.30199200E+01
 9389   0.13786800E+01
 9390   0.54497000E+00
 9391   0.17020000E+00
 9392   0.89570000E-01
 9393   0.59230000E-01
 9394   0.39660000E-01
 9395   0.26900000E-01
 9396   0.19060000E-01
 9397   0.14140000E-01
 9398   0.10910000E-01
 9399   0.86800000E-02
 9400   0.29601000E+01
 9401   0.12995060E+02
 9402   0.24215190E+02
 9403   0.20210000E+02
 9404   0.14083740E+02
 9405   0.94069200E+01
 9406   0.71978200E+01
 9407   0.58128400E+01
 9408   0.58195800E+01
 9409   0.10156730E+02
 9410   0.14473330E+02
 9411   0.21986140E+02
 9412   0.22671970E+02
 9413   0.16103790E+02
 9414   0.10460570E+02
 9415   0.72844800E+01
 9416   0.53031800E+01
 9417   0.31099000E+01
 9418   0.10164200E+01
 9419   0.23942000E+00
 9420   0.11132000E+00
 9421   0.62520000E-01
 9422   0.38800000E-01
 9423   0.26020000E-01
 9424   0.18600000E-01
 9425   0.13970000E-01
 9426   0.10900000E-01
 9427   0.87500000E-02
 9428   0.71900000E-02
 9429   0.60100000E-02
 9430   0.51100000E-02
 9431   0.20888000E+00
 9432   0.18092360E+02
 9433   0.11475510E+03
 9434   0.15248340E+03
 9435   0.13382232E+03
 9436   0.77371800E+02
 9437   0.41657810E+02
 9438   0.23940170E+02
 9439   0.14766450E+02
 9440   0.10052410E+02
 9441   0.71323000E+01
 9442   0.63133900E+01
 9443   0.18663060E+02
 9444   0.55769460E+02
 9445   0.51103270E+02
 9446   0.32783820E+02
 9447   0.21798370E+02
 9448   0.14633230E+02
 9449   0.10261130E+02
 9450   0.77457800E+01
 9451   0.59101700E+01
 9452   0.44803600E+01
 9453   0.28494300E+01
 9454   0.11908700E+01
 9455   0.32436000E+00
 9456   0.11572000E+00
 9457   0.65720000E-01
 9458   0.41710000E-01
 9459   0.28234000E+00
 9460   0.29235000E+01
 9461   0.45532800E+01
 9462   0.31988500E+01
 9463   0.11586300E+01
 9464   0.47317000E+00
 9465   0.32759000E+00
 9466   0.22774000E+00
 9467   0.16373000E+00
 9468   0.11410000E+00
 9469   0.73960000E-01
 9470   0.48290000E-01
 9471   0.33160000E-01
 9472   0.23940000E-01
 9473   0.18010000E-01
 9474   0.23370000E-01
 9475   0.45280000E-01
 9476   0.74580000E-01
 9477   0.63290000E-01
 9478   0.44540000E-01
 9479   0.31240000E-01
 9480   0.22630000E-01
 9481   0.16960000E-01
 9482   0.13120000E-01
 9483   0.10410000E-01
 9484   0.84500000E-02
 9485   0.69800000E-02
 9486   0.58600000E-02
 9487   0.49900000E-02
 9488   0.42900000E-02
 9489   0.37300000E-02
 9490   0.32700000E-02
 9491   0.28900000E-02
 9492   0.25800000E-02
 9493   0.23100000E-02
 9494   0.20800000E-02
 9495   0.18800000E-02
 9496   0.17100000E-02
 9497   0.15600000E-02
 9498   0.14300000E-02
 9499   0.13200000E-02
 9500   0.12100000E-02
 9501   0.11200000E-02
 9502   0.10400000E-02
 9503   0.98000000E-03
 9504   0.92000000E-03
 9505   0.10144400E+01
 9506   0.17063500E+01
 9507   0.16620600E+01
 9508   0.27102600E+01
 9509   0.58777200E+01
 9510   0.10359070E+02
 9511   0.11755740E+02
 9512   0.10325520E+02
 9513   0.79539100E+01
 9514   0.66397600E+01
 9515   0.59264200E+01
 9516   0.51291800E+01
 9517   0.42772200E+01
 9518   0.32487600E+01
 9519   0.12157600E+01
 9520   0.21888000E+00
 9521   0.93680000E-01
 9522   0.67670000E-01
 9523   0.50800000E-01
 9524   0.35130000E-01
 9525   0.24190000E-01
 9526   0.17320000E-01
 9527   0.12940000E-01
 9528   0.10040000E-01
 9529   0.80200000E-02
 9530   0.68700000E-02
 9531   0.11573200E+01
 9532   0.10208800E+01
 9533   0.10975600E+01
 9534   0.13292900E+01
 9535   0.11182400E+01
 9536   0.94323000E+00
 9537   0.87430000E+00
 9538   0.78918000E+00
 9539   0.68131000E+00
 9540   0.37246000E+00
 9541   0.18325000E+00
 9542   0.11069000E+00
 9543   0.68650000E-01
 9544   0.44830000E-01
 9545   0.30980000E-01
 9546   0.22460000E-01
 9547   0.16940000E-01
 9548   0.13180000E-01
 9549   0.10520000E-01
 9550   0.85800000E-02
 9551   0.71100000E-02
 9552   0.59900000E-02
 9553   0.51100000E-02
 9554   0.44100000E-02
 9555   0.38300000E-02
 9556   0.33700000E-02
 9557   0.10480000E-01
 9558   0.43650000E-01
 9559   0.93313000E+00
 9560   0.11578500E+01
 9561   0.13357800E+01
 9562   0.15082800E+01
 9563   0.22480000E+01
 9564   0.40432000E+01
 9565   0.10503400E+02
 9566   0.19123430E+02
 9567   0.33611670E+02
 9568   0.40999780E+02
 9569   0.32198380E+02
 9570   0.22571600E+02
 9571   0.14881270E+02
 9572   0.12979860E+02
 9573   0.12580350E+02
 9574   0.11180870E+02
 9575   0.94673000E+01
 9576   0.86428600E+01
 9577   0.88312800E+01
 9578   0.11613440E+02
 9579   0.38097350E+02
 9580   0.53742500E+02
 9581   0.43967940E+02
 9582   0.41190480E+02
 9583   0.33453120E+02
 9584   0.23897840E+02
 9585   0.16674780E+02
 9586   0.13048660E+02
 9587   0.12866660E+02
 9588   0.12605630E+02
 9589   0.12702420E+02
 9590   0.13286410E+02
 9591   0.12862840E+02
 9592   0.13261420E+02
 9593   0.12965540E+02
 9594   0.11385990E+02
 9595   0.12500980E+02
 9596   0.16902030E+02
 9597   0.15834320E+02
 9598   0.11687020E+02
 9599   0.84845700E+01
 9600   0.63651500E+01
 9601   0.43221100E+01
 9602   0.20133500E+01
 9603   0.10258800E+01
 9604   0.51268000E+00
 9605   0.22622100E+01
 9606   0.43879300E+01
 9607   0.11637460E+02
 9608   0.33667690E+02
 9609   0.56348690E+02
 9610   0.12587937E+03
 9611   0.19702314E+03
 9612   0.17649165E+03
 9613   0.13310700E+03
 9614   0.91424420E+02
 9615   0.90421750E+02
 9616   0.10958060E+03
 9617   0.16865537E+03
 9618   0.24829481E+03
 9619   0.18116354E+03
 9620   0.15289044E+03
 9621   0.14832652E+03
 9622   0.10255139E+03
 9623   0.87822880E+02
 9624   0.94788160E+02
 9625   0.70336650E+02
 9626   0.46957120E+02
 9627   0.34088710E+02
 9628   0.28143340E+02
 9629   0.32683520E+02
 9630   0.32353340E+02
 9631   0.27957200E+02
 9632   0.24857000E+02
 9633   0.33187410E+02
 9634   0.53936780E+02
 9635   0.12119742E+03
 9636   0.15719503E+03
 9637   0.16268124E+03
 9638   0.14978046E+03
 9639   0.10024138E+03
 9640   0.59054870E+02
 9641   0.35528460E+02
 9642   0.26994580E+02
 9643   0.17727217E+03
 9644   0.23624245E+03
 9645   0.13354188E+03
 9646   0.72291000E+02
 9647   0.41905230E+02
 9648   0.28033680E+02
 9649   0.57493640E+02
 9650   0.20951729E+03
 9651   0.23105340E+03
 9652   0.25135430E+03
 9653   0.34263537E+03
 9654   0.34523656E+03
 9655   0.25524583E+03
 9656   0.29662135E+03
 9657   0.17352527E+03
 9658   0.87090540E+02
 9659   0.47699670E+02
 9660   0.27172700E+02
 9661   0.15576780E+02
 9662   0.99205900E+01
 9663   0.62620700E+01
 9664   0.42635200E+01
 9665   0.24026700E+01
 9666   0.10486400E+01
 9667   0.25208000E+00
 9668   0.10814000E+00
 9669   0.65930000E-01
 9670   0.59230000E+00
 9671   0.40768539E+03
 9672   0.45655456E+03
 9673   0.78333487E+03
 9674   0.71393224E+03
 9675   0.52152522E+03
 9676   0.30403450E+03
 9677   0.35966649E+03
 9678   0.10775047E+04
 9679   0.11114185E+04
 9680   0.52669521E+03
 9681   0.56405745E+03
 9682   0.51402744E+03
 9683   0.43776117E+03
 9684   0.90502186E+03
 9685   0.59376845E+03
 9686   0.44506515E+03
 9687   0.28470460E+03
 9688   0.25070075E+03
 9689   0.25987758E+03
 9690   0.18040057E+03
 9691   0.16610462E+03
 9692   0.21031294E+03
 9693   0.27500324E+03
 9694   0.32059711E+03
 9695   0.49733458E+03
 9696   0.44782013E+03
 9697   0.29694883E+03
 9698   0.15665975E+03
 9699   0.22544180E+03
 9700   0.77322072E+03
 9701   0.25716604E+03
 9702   0.11807381E+03
 9703   0.70696830E+02
 9704   0.53887680E+02
 9705   0.59067160E+02
 9706   0.51867500E+02
 9707   0.32933300E+02
 9708   0.20301220E+02
 9709   0.12519720E+02
 9710   0.11108270E+02
 9711   0.25289930E+02
 9712   0.36355220E+02
 9713   0.29444290E+02
 9714   0.20336770E+02
 9715   0.13802740E+02
 9716   0.18309150E+02
 9717   0.13688478E+03
 9718   0.81700810E+02
 9719   0.40521100E+02
 9720   0.22036220E+02
 9721   0.12175660E+02
 9722   0.60656600E+01
 9723   0.26773300E+01
 9724   0.58468000E+00
 9725   0.18424000E+00
 9726   0.13645000E+00
 9727   0.10840000E+00
 9728   0.81270000E-01
 9729   0.64620000E-01
 9730   0.49460000E-01
 9731   0.34360000E-01
 9732   0.23790000E-01
 9733   0.28550000E-01
 9734   0.52350000E-01
 9735   0.66500000E-01
 9736   0.51180000E-01
 9737   0.36220000E-01
 9738   0.26020000E-01
 9739   0.19270000E-01
 9740   0.14700000E-01
 9741   0.11520000E-01
 9742   0.92400000E-02
 9743   0.75700000E-02
 9744   0.63000000E-02
 9745   0.53200000E-02
 9746   0.45500000E-02
 9747   0.19930000E+00
 9748   0.15895770E+02
 9749   0.92640240E+02
 9750   0.80425930E+02
 9751   0.77396210E+02
 9752   0.57861870E+02
 9753   0.33787580E+02
 9754   0.19595730E+02
 9755   0.12200270E+02
 9756   0.95444200E+01
 9757   0.11031940E+02
 9758   0.12859110E+02
 9759   0.12105130E+02
 9760   0.13514900E+02
 9761   0.23195790E+02
 9762   0.40690500E+02
 9763   0.35762160E+02
 9764   0.24004990E+02
 9765   0.13668440E+02
 9766   0.79031300E+01
 9767   0.53011600E+01
 9768   0.35894900E+01
 9769   0.15183400E+01
 9770   0.67922000E+00
 9771   0.27368000E+00
 9772   0.27265000E+00
 9773   0.27077000E+00
 9774   0.16552000E+00
 9775   0.84120000E-01
 9776   0.43530000E-01
 9777   0.25740000E-01
 9778   0.17130000E-01
 9779   0.12400000E-01
 9780   0.95000000E-02
 9781   0.75700000E-02
 9782   0.62100000E-02
 9783   0.52100000E-02
 9784   0.44400000E-02
 9785   0.38300000E-02
 9786   0.33400000E-02
 9787   0.29500000E-02
 9788   0.26200000E-02
 9789   0.23400000E-02
 9790   0.21000000E-02
 9791   0.19000000E-02
 9792   0.17300000E-02
 9793   0.15800000E-02
 9794   0.14500000E-02
 9795   0.13300000E-02
 9796   0.12300000E-02
 9797   0.11300000E-02
 9798   0.10500000E-02
 9799   0.98000000E-03
 9800   0.91000000E-03
 9801   0.85000000E-03
 9802   0.80000000E-03
 9803   0.75000000E-03
 9804   0.80000000E-03
 9805   0.66600000E-02
 9806   0.10501300E+01
 9807   0.10627200E+01
 9808   0.46364000E+00
 9809   0.20150000E+00
 9810   0.10834000E+00
 9811   0.61500000E-01
 9812   0.38150000E-01
 9813   0.25640000E-01
 9814   0.18340000E-01
 9815   0.13740000E-01
 9816   0.10670000E-01
 9817   0.85300000E-02
 9818   0.69700000E-02
 9819   0.58000000E-02
 9820   0.49100000E-02
 9821   0.42000000E-02
 9822   0.36400000E-02
 9823   0.31800000E-02
 9824   0.28100000E-02
 9825   0.24900000E-02
 9826   0.22300000E-02
 9827   0.20100000E-02
 9828   0.18100000E-02
 9829   0.16500000E-02
 9830   0.17715700E+01
 9831   0.43118200E+01
 9832   0.53406700E+01
 9833   0.46117900E+01
 9834   0.40586900E+01
 9835   0.21521300E+01
 9836   0.11323300E+01
 9837   0.52523000E+00
 9838   0.26606000E+00
 9839   0.19273000E+00
 9840   0.13364000E+00
 9841   0.41675700E+01
 9842   0.41188720E+02
 9843   0.81618370E+02
 9844   0.73819600E+02
 9845   0.48853490E+02
 9846   0.31974320E+02
 9847   0.20111560E+02
 9848   0.15091220E+02
 9849   0.17048960E+02
 9850   0.24356440E+02
 9851   0.24412750E+02
 9852   0.22289710E+02
 9853   0.19671880E+02
 9854   0.15181410E+02
 9855   0.10656670E+02
 9856   0.75343000E+01
 9857   0.55645600E+01
 9858   0.35121400E+01
 9859   0.13435800E+01
 9860   0.60975000E+00
 9861   0.23782000E+00
 9862   0.13097000E+00
 9863   0.83160000E-01
 9864   0.62600000E-01
 9865   0.45760000E-01
 9866   0.31560000E-01
 9867   0.22170000E-01
 9868   0.16230000E-01
 9869   0.12370000E-01
 9870   0.97500000E-02
 9871   0.78800000E-02
 9872   0.65100000E-02
 9873   0.54800000E-02
 9874   0.46700000E-02
 9875   0.40300000E-02
 9876   0.35100000E-02
 9877   0.30900000E-02
 9878   0.27400000E-02
 9879   0.24500000E-02
 9880   0.22000000E-02
 9881   0.19800000E-02
 9882   0.18000000E-02
 9883   0.16400000E-02
 9884   0.18118200E+01
 9885   0.51353500E+01
 9886   0.99715800E+01
 9887   0.15117090E+02
 9888   0.16660140E+02
 9889   0.20920160E+02
 9890   0.16504680E+02
 9891   0.11869690E+02
 9892   0.87317100E+01
 9893   0.66695900E+01
 9894   0.51640700E+01
 9895   0.39320200E+01
 9896   0.23347200E+01
 9897   0.11556900E+01
 9898   0.39891000E+00
 9899   0.14472000E+00
 9900   0.74110000E-01
 9901   0.51190000E-01
 9902   0.28495000E+00
 9903   0.27737000E+00
 9904   0.21433000E+00
 9905   0.14237000E+00
 9906   0.95670000E-01
 9907   0.62080000E-01
 9908   0.86700000E-01
 9909   0.67545000E+00
 9910   0.37628000E+00
 9911   0.16718000E+00
 9912   0.95890000E-01
 9913   0.14525000E+00
 9914   0.24739000E+00
 9915   0.22900000E+00
 9916   0.16017000E+00
 9917   0.11269000E+00
 9918   0.75980000E-01
 9919   0.49800000E-01
 9920   0.33760000E-01
 9921   0.24190000E-01
 9922   0.18430000E-01
 9923   0.64800000E-01
 9924   0.77202700E+01
 9925   0.24860250E+02
 9926   0.29850860E+02
 9927   0.24210690E+02
 9928   0.18999420E+02
 9929   0.12600700E+02
 9930   0.10228180E+02
 9931   0.14483310E+02
 9932   0.34304410E+02
 9933   0.43945400E+02
 9934   0.36029340E+02
 9935   0.28136370E+02
 9936   0.28683330E+02
 9937   0.38435020E+02
 9938   0.33082960E+02
 9939   0.23638600E+02
 9940   0.15077040E+02
 9941   0.96327200E+01
 9942   0.61659400E+01
 9943   0.43353300E+01
 9944   0.27920100E+01
 9945   0.40165700E+01
 9946   0.16702530E+02
 9947   0.81671820E+02
 9948   0.95088200E+02
 9949   0.72225890E+02
 9950   0.46577770E+02
 9951   0.43516530E+02
 9952   0.59255590E+02
 9953   0.16863362E+03
 9954   0.30513077E+03
 9955   0.25337161E+03
 9956   0.14903092E+03
 9957   0.90589790E+02
 9958   0.58548630E+02
 9959   0.53016150E+02
 9960   0.61288110E+02
 9961   0.82827000E+02
 9962   0.77313950E+02
 9963   0.90378450E+02
 9964   0.12380771E+03
 9965   0.95024270E+02
 9966   0.59358530E+02
 9967   0.38626650E+02
 9968   0.29279730E+02
 9969   0.34592940E+02
 9970   0.30331140E+02
 9971   0.26835490E+02
 9972   0.23835450E+02
 9973   0.25785360E+02
 9974   0.23559300E+02
 9975   0.23215990E+02
 9976   0.27974790E+02
 9977   0.37415860E+02
 9978   0.40615190E+02
 9979   0.29640550E+02
 9980   0.19013160E+02
 9981   0.10994580E+02
 9982   0.78975700E+01
 9983   0.70852600E+01
 9984   0.62824800E+01
 9985   0.50322500E+01
 9986   0.42737400E+01
 9987   0.40812600E+01
 9988   0.75853100E+01
 9989   0.32286780E+02
 9990   0.58444550E+02
 9991   0.76748330E+02
 9992   0.49910190E+02
 9993   0.29404120E+02
 9994   0.18455980E+02
 9995   0.13188290E+02
 9996   0.98452000E+01
 9997   0.94432900E+01
 9998   0.14932100E+02
 9999   0.20522610E+02
10000   0.23817330E+02
10001   0.45337380E+02
10002   0.75422120E+02
10003   0.66904550E+02
10004   0.44614620E+02
10005   0.30009590E+02
10006   0.22372410E+02
10007   0.34858610E+02
10008   0.43066720E+02
10009   0.31825980E+02
10010   0.22761100E+02
10011   0.20657500E+02
10012   0.39464090E+02
10013   0.91770860E+02
10014   0.89153510E+02
10015   0.99804480E+02
10016   0.10716183E+03
10017   0.85157200E+02
10018   0.64931730E+02
10019   0.57330820E+02
10020   0.61875270E+02
10021   0.88938160E+02
10022   0.87269050E+02
10023   0.59898240E+02
10024   0.42306910E+02
10025   0.41598470E+02
10026   0.87797710E+02
10027   0.16395188E+03
10028   0.17193323E+03
10029   0.66644778E+03
10030   0.28555380E+03
10031   0.13082241E+03
10032   0.86058780E+02
10033   0.80067720E+02
10034   0.97123490E+02
10035   0.13533981E+03
10036   0.14427155E+03
10037   0.14668093E+03
10038   0.18690428E+03
10039   0.16995532E+03
10040   0.14883688E+03
10041   0.18393082E+03
10042   0.22572190E+03
10043   0.23573143E+03
10044   0.19119033E+03
10045   0.14717742E+03
10046   0.11911921E+03
10047   0.95756530E+02
10048   0.93165330E+02
10049   0.93880040E+02
10050   0.10171908E+03
10051   0.81331300E+02
10052   0.62713100E+02
10053   0.62168190E+02
10054   0.85421160E+02
10055   0.65493470E+02
10056   0.44652300E+02
10057   0.32578570E+02
10058   0.28264100E+02
10059   0.33768260E+02
10060   0.32173270E+02
10061   0.28048330E+02
10062   0.23392950E+02
10063   0.18890580E+02
10064   0.14891480E+02
10065   0.75010940E+02
10066   0.27598749E+03
10067   0.25660764E+03
10068   0.20054256E+03
10069   0.22822886E+03
10070   0.28349940E+03
10071   0.25600414E+03
10072   0.23700049E+03
10073   0.41853063E+03
10074   0.36315936E+03
10075   0.20891815E+03
10076   0.11590080E+03
10077   0.91334280E+02
10078   0.19777888E+03
10079   0.26959850E+03
10080   0.21432895E+03
10081   0.17947162E+03
10082   0.23000809E+03
10083   0.37546654E+03
10084   0.21573655E+03
10085   0.10808480E+03
10086   0.64265730E+02
10087   0.74201590E+02
10088   0.40338999E+03
10089   0.36043063E+03
10090   0.41543322E+03
10091   0.35607350E+03
10092   0.29013258E+03
10093   0.28098145E+03
10094   0.22095360E+03
10095   0.16917685E+03
10096   0.12477007E+03
10097   0.71838930E+02
10098   0.42087520E+02
10099   0.36829830E+02
10100   0.82986500E+02
10101   0.86875500E+02
10102   0.54432440E+02
10103   0.32799090E+02
10104   0.19965330E+02
10105   0.35489970E+02
10106   0.65043340E+02
10107   0.73382170E+02
10108   0.12130351E+03
10109   0.11202248E+03
10110   0.80809810E+02
10111   0.85397310E+02
10112   0.16676278E+03
10113   0.21411612E+03
10114   0.12968142E+03
10115   0.96928520E+02
10116   0.11289773E+03
10117   0.93805090E+02
10118   0.59125440E+02
10119   0.36289160E+02
10120   0.22366750E+02
10121   0.13112190E+02
10122   0.88392100E+01
10123   0.70958300E+01
10124   0.45708600E+01
10125   0.26851600E+01
10126   0.31992200E+01
10127   0.40188000E+01
10128   0.41300400E+01
10129   0.41591700E+01
10130   0.36489600E+01
10131   0.20403800E+01
10132   0.11156800E+01
10133   0.36998000E+00
10134   0.16892000E+00
10135   0.10482000E+00
10136   0.76530000E-01
10137   0.54810000E-01
10138   0.37240000E-01
10139   0.25860000E-01
10140   0.18770000E-01
10141   0.14200000E-01
10142   0.11110000E-01
10143   0.89300000E-02
10144   0.73400000E-02
10145   0.61400000E-02
10146   0.52100000E-02
10147   0.44800000E-02
10148   0.38900000E-02
10149   0.34100000E-02
10150   0.30100000E-02
10151   0.26800000E-02
10152   0.23900000E-02
10153   0.31570300E+01
10154   0.75356300E+01
10155   0.74780400E+01
10156   0.44259600E+01
10157   0.15101100E+01
10158   0.53118000E+00
10159   0.26072000E+00
10160   0.18542000E+00
10161   0.13710000E+00
10162   0.16275000E+00
10163   0.23066000E+00
10164   0.14065000E+00
10165   0.69470000E-01
10166   0.38310000E-01
10167   0.24260000E-01
10168   0.16950000E-01
10169   0.12640000E-01
10170   0.98500000E-02
10171   0.79300000E-02
10172   0.65400000E-02
10173   0.55000000E-02
10174   0.46900000E-02
10175   0.40500000E-02
10176   0.35300000E-02
10177   0.31100000E-02
10178   0.27600000E-02
10179   0.24600000E-02
10180   0.22100000E-02
10181   0.20000000E-02
10182   0.18100000E-02
10183   0.16500000E-02
10184   0.15100000E-02
10185   0.13900000E-02
10186   0.12800000E-02
10187   0.11800000E-02
10188   0.11000000E-02
10189   0.10200000E-02
10190   0.95000000E-03
10191   0.89000000E-03
10192   0.83000000E-03
10193   0.78000000E-03
10194   0.73000000E-03
10195   0.69000000E-03
10196   0.65000000E-03
10197   0.61000000E-03
10198   0.58000000E-03
10199   0.55000000E-03
10200   0.52000000E-03
10201   0.49000000E-03
10202   0.47000000E-03
10203   0.45000000E-03
10204   0.43000000E-03
10205   0.15459000E+00
10206   0.25781600E+01
10207   0.46359700E+01
10208   0.62900400E+01
10209   0.65441900E+01
10210   0.64345700E+01
10211   0.94026600E+01
10212   0.14114640E+02
10213   0.18323520E+02
10214   0.19563470E+02
10215   0.19319420E+02
10216   0.17048410E+02
10217   0.14059790E+02
10218   0.11200970E+02
10219   0.86917700E+01
10220   0.67450700E+01
10221   0.52710500E+01
10222   0.40973800E+01
10223   0.26638600E+01
10224   0.12471400E+01
10225   0.49913000E+00
10226   0.20660000E+00
10227   0.91630000E-01
10228   0.51140000E-01
10229   0.34130000E-01
10230   0.25570000E-01
10231   0.20640000E-01
10232   0.17030000E-01
10233   0.13990000E-01
10234   0.11460000E-01
10235   0.94200000E-02
10236   0.78100000E-02
10237   0.65400000E-02
10238   0.55400000E-02
10239   0.47400000E-02
10240   0.40900000E-02
10241   0.35600000E-02
10242   0.69100000E-02
10243   0.76500000E-02
10244   0.18420000E-01
10245   0.35790000E-01
10246   0.36920000E-01
10247   0.29250000E-01
10248   0.22000000E-01
10249   0.16680000E-01
10250   0.12910000E-01
10251   0.10220000E-01
10252   0.82600000E-02
10253   0.67900000E-02
10254   0.10560000E-01
10255   0.14380000E-01
10256   0.34740000E-01
10257   0.44290000E-01
10258   0.74240000E-01
10259   0.14489000E+00
10260   0.12747000E+00
10261   0.91200000E-01
10262   0.60050000E-01
10263   0.40290000E-01
10264   0.28270000E-01
10265   0.20710000E-01
10266   0.15730000E-01
10267   0.12320000E-01
10268   0.98800000E-02
10269   0.80900000E-02
10270   0.67400000E-02
10271   0.10883000E+00
10272   0.18351700E+01
10273   0.11272400E+01
10274   0.34211000E+00
10275   0.18186000E+00
10276   0.22699000E+00
10277   0.10915200E+01
10278   0.47689000E+00
10279   0.19699000E+00
10280   0.10324000E+00
10281   0.62220000E-01
10282   0.41120000E-01
10283   0.28980000E-01
10284   0.79900000E-01
10285   0.80054000E+00
10286   0.12560900E+01
10287   0.12375670E+02
10288   0.55637570E+02
10289   0.10104613E+03
10290   0.85430020E+02
10291   0.57643230E+02
10292   0.38986430E+02
10293   0.25897650E+02
10294   0.16714180E+02
10295   0.12482730E+02
10296   0.13666880E+02
10297   0.15856470E+02
10298   0.18937950E+02
10299   0.21619340E+02
10300   0.20999560E+02
10301   0.19332120E+02
10302   0.21231770E+02
10303   0.30476060E+02
10304   0.57363680E+02
10305   0.10147858E+03
10306   0.15032490E+03
10307   0.31774702E+03
10308   0.32062967E+03
10309   0.18773283E+03
10310   0.10733844E+03
10311   0.61552660E+02
10312   0.36313480E+02
10313   0.21520140E+02
10314   0.24205650E+02
10315   0.43397610E+02
10316   0.48178300E+02
10317   0.39105930E+02
10318   0.28926520E+02
10319   0.18191620E+02
10320   0.12242580E+02
10321   0.11913440E+02
10322   0.11194580E+02
10323   0.90337000E+01
10324   0.78749100E+01
10325   0.69463000E+01
10326   0.56843100E+01
10327   0.45247700E+01
10328   0.33284600E+01
10329   0.14077500E+01
10330   0.16454400E+01
10331   0.26379600E+01
10332   0.48097100E+01
10333   0.17041880E+02
10334   0.39017070E+02
10335   0.79859370E+02
10336   0.97474810E+02
10337   0.10323081E+03
10338   0.66366630E+02
10339   0.38191010E+02
10340   0.22932700E+02
10341   0.14145110E+02
10342   0.94498500E+01
10343   0.67064600E+01
10344   0.49671600E+01
10345   0.35363100E+01
10346   0.17698900E+01
10347   0.42001000E+01
10348   0.26710180E+02
10349   0.37308674E+03
10350   0.37749119E+03
10351   0.34627529E+03
10352   0.24521200E+03
10353   0.14878662E+03
10354   0.10295196E+03
10355   0.75634730E+02
10356   0.60751630E+02
10357   0.50251230E+02
10358   0.37431090E+02
10359   0.55763830E+02
10360   0.14041098E+03
10361   0.13959235E+03
10362   0.18031406E+03
10363   0.16814725E+03
10364   0.98378420E+02
10365   0.55467870E+02
10366   0.32784270E+02
10367   0.21097240E+02
10368   0.22946730E+02
10369   0.47336600E+02
10370   0.37793390E+02
10371   0.29912990E+02
10372   0.25439990E+02
10373   0.20001300E+02
10374   0.14855620E+02
10375   0.11106790E+02
10376   0.84356700E+01
10377   0.65249000E+01
10378   0.52751400E+01
10379   0.68067600E+01
10380   0.77398700E+02
10381   0.12736523E+03
10382   0.76255100E+02
10383   0.43383110E+02
10384   0.31716680E+02
10385   0.12861830E+03
10386   0.36140140E+03
10387   0.49555278E+03
10388   0.28018959E+03
10389   0.15055517E+03
10390   0.94127850E+02
10391   0.58495500E+02
10392   0.37117350E+02
10393   0.24263060E+02
10394   0.24158410E+02
10395   0.46462210E+02
10396   0.61949270E+02
10397   0.46023130E+02
10398   0.38259620E+02
10399   0.57397350E+02
10400   0.17617433E+03
10401   0.15465231E+03
10402   0.11675099E+03
10403   0.76534040E+02
10404   0.50638760E+02
10405   0.35616290E+02
10406   0.48145310E+02
10407   0.11671001E+03
10408   0.68323339E+03
10409   0.61648122E+03
10410   0.32071697E+03
10411   0.17738876E+03
10412   0.14539230E+03
10413   0.12183661E+03
10414   0.10602943E+03
10415   0.10102505E+03
10416   0.89337200E+02
10417   0.73166580E+02
10418   0.80738610E+02
10419   0.13748152E+03
10420   0.18855762E+03
10421   0.19246687E+03
10422   0.15162800E+03
10423   0.17909269E+03
10424   0.17745382E+03
10425   0.12034142E+03
10426   0.73035910E+02
10427   0.72620890E+02
10428   0.79759060E+02
10429   0.15437611E+03
10430   0.29882598E+03
10431   0.33772371E+03
10432   0.31750705E+03
10433   0.27551092E+03
10434   0.18699642E+03
10435   0.12058238E+03
10436   0.70341670E+02
10437   0.45285440E+02
10438   0.46278960E+02
10439   0.40828210E+02
10440   0.34160720E+02
10441   0.94845190E+02
10442   0.24072897E+03
10443   0.22998244E+03
10444   0.16670012E+03
10445   0.12686768E+03
10446   0.12133188E+03
10447   0.10562551E+03
10448   0.74922840E+02
10449   0.48359940E+02
10450   0.31022560E+02
10451   0.19803700E+02
10452   0.14364960E+02
10453   0.17995180E+02
10454   0.27896340E+02
10455   0.27777020E+02
10456   0.19011870E+02
10457   0.11493400E+02
10458   0.88913000E+01
10459   0.11456590E+02
10460   0.20060780E+02
10461   0.10813256E+03
10462   0.10225071E+03
10463   0.94335620E+02
10464   0.95430500E+02
10465   0.67683430E+02
10466   0.57286080E+02
10467   0.47374870E+02
10468   0.40311480E+02
10469   0.37602410E+02
10470   0.32489020E+02
10471   0.31997100E+02
10472   0.49950460E+02
10473   0.50316150E+02
10474   0.39474850E+02
10475   0.30527300E+02
10476   0.24539130E+02
10477   0.41662440E+02
10478   0.66038430E+02
10479   0.47083200E+02
10480   0.29013980E+02
10481   0.18290380E+02
10482   0.10939090E+02
10483   0.58238100E+01
10484   0.34735900E+01
10485   0.35198400E+01
10486   0.41676100E+01
10487   0.40193300E+01
10488   0.37662900E+01
10489   0.36051500E+01
10490   0.36971500E+01
10491   0.41848590E+02
10492   0.88451510E+02
10493   0.55786730E+02
10494   0.47721400E+02
10495   0.75068870E+02
10496   0.74355320E+02
10497   0.55118210E+02
10498   0.37724210E+02
10499   0.23824760E+02
10500   0.15660050E+02
10501   0.12897280E+02
10502   0.11109010E+02
10503   0.91993000E+01
10504   0.75450100E+01
10505   0.63241500E+01
10506   0.63416100E+01
10507   0.82840200E+01
10508   0.87241600E+01
10509   0.73623600E+01
10510   0.58162800E+01
10511   0.44043100E+01
10512   0.27075200E+01
10513   0.15809300E+01
10514   0.11571900E+02
10515   0.43751420E+02
10516   0.45368770E+02
10517   0.29857120E+02
10518   0.18728580E+02
10519   0.12776730E+02
10520   0.11895410E+02
10521   0.12684290E+02
10522   0.12265850E+02
10523   0.14187580E+02
10524   0.15736650E+02
10525   0.14704370E+02
10526   0.12369820E+02
10527   0.84476100E+01
10528   0.59118700E+01
10529   0.43291300E+01
10530   0.26001100E+01
10531   0.29625600E+01
10532   0.39648100E+01
10533   0.17001700E+01
10534   0.36015000E+00
10535   0.14929000E+00
10536   0.10032000E+00
10537   0.73420000E-01
10538   0.50590000E-01
10539   0.34470000E-01
10540   0.24420000E-01
10541   0.18090000E-01
10542   0.13920000E-01
10543   0.11030000E-01
10544   0.89600000E-02
10545   0.74100000E-02
10546   0.62300000E-02
10547   0.53100000E-02
10548   0.45800000E-02
10549   0.39800000E-02
10550   0.13469100E+01
10551   0.22255700E+01
10552   0.10280000E+01
10553   0.35618000E+00
10554   0.26082000E+00
10555   0.17842000E+00
10556   0.12356000E+00
10557   0.81120000E-01
10558   0.53030000E-01
10559   0.36190000E-01
10560   0.25900000E-01
10561   0.19310000E-01
10562   0.14900000E-01
10563   0.11800000E-01
10564   0.95700000E-02
10565   0.79000000E-02
10566   0.66200000E-02
10567   0.56200000E-02
10568   0.48300000E-02
10569   0.41900000E-02
10570   0.36700000E-02
10571   0.32400000E-02
10572   0.28800000E-02
10573   0.25700000E-02
10574   0.23100000E-02
10575   0.20900000E-02
10576   0.18900000E-02
10577   0.17300000E-02
10578   0.15800000E-02
10579   0.10720000E-01
10580   0.73890000E+00
10581   0.41976000E+00
10582   0.20520000E+00
10583   0.18034000E+00
10584   0.19338000E+00
10585   0.15210000E+00
10586   0.11370000E+00
10587   0.77760000E-01
10588   0.51220000E-01
10589   0.34830000E-01
10590   0.24790000E-01
10591   0.18400000E-01
10592   0.14130000E-01
10593   0.11170000E-01
10594   0.90400000E-02
10595   0.74500000E-02
10596   0.62400000E-02
10597   0.53000000E-02
10598   0.45600000E-02
10599   0.39600000E-02
10600   0.34700000E-02
10601   0.30600000E-02
10602   0.41943500E+01
10603   0.16514340E+02
10604   0.23970710E+02
10605   0.20388280E+02
10606   0.13242610E+02
10607   0.82569700E+01
10608   0.55863400E+01
10609   0.42461200E+01
10610   0.30985700E+01
10611   0.16647500E+01
10612   0.10056500E+01
10613   0.33959000E+00
10614   0.15358000E+00
10615   0.87600000E-01
10616   0.61800000E-01
10617   0.43350000E-01
10618   0.29470000E-01
10619   0.20610000E-01
10620   0.15070000E-01
10621   0.11480000E-01
10622   0.90500000E-02
10623   0.83400000E-02
10624   0.76300000E-02
10625   0.75300000E-02
10626   0.77200000E-02
10627   0.77700000E-02
10628   0.74800000E-02
10629   0.68800000E-02
10630   0.61400000E-02
10631   0.54000000E-02
10632   0.15411000E+01
10633   0.15093300E+01
10634   0.17827000E+01
10635   0.11848100E+01
10636   0.78361000E+00
10637   0.41610000E+00
10638   0.12904400E+01
10639   0.28070200E+01
10640   0.50030200E+01
10641   0.53550800E+01
10642   0.46141600E+01
10643   0.36827200E+01
10644   0.25023300E+01
10645   0.13169100E+01
10646   0.62747000E+00
10647   0.15566000E+00
10648   0.38333000E+01
10649   0.10397560E+02
10650   0.21525770E+02
10651   0.30121010E+02
10652   0.26712270E+02
10653   0.28240080E+02
10654   0.30741930E+02
10655   0.34869140E+02
10656   0.43085520E+02
10657   0.71472030E+02
10658   0.77154270E+02
10659   0.59042650E+02
10660   0.39075580E+02
10661   0.25008280E+02
10662   0.18244140E+02
10663   0.16412860E+02
10664   0.34417260E+02
10665   0.69491540E+02
10666   0.99074710E+02
10667   0.87170220E+02
10668   0.57983750E+02
10669   0.36098180E+02
10670   0.21859860E+02
10671   0.13386040E+02
10672   0.90984900E+01
10673   0.65419700E+01
10674   0.49123600E+01
10675   0.34572200E+01
10676   0.15812500E+01
10677   0.73423000E+00
10678   0.16865000E+00
10679   0.86660000E-01
10680   0.59420000E-01
10681   0.40640000E-01
10682   0.27640000E-01
10683   0.21840000E-01
10684   0.17995900E+01
10685   0.27449180E+02
10686   0.19267024E+03
10687   0.15936901E+03
10688   0.87882870E+02
10689   0.51320650E+02
10690   0.30674440E+02
10691   0.22430780E+02
10692   0.21485830E+02
10693   0.26616310E+02
10694   0.40961930E+02
10695   0.38479760E+02
10696   0.27947050E+02
10697   0.18605880E+02
10698   0.11144130E+02
10699   0.74633900E+01
10700   0.56148000E+01
10701   0.42837200E+01
10702   0.26768800E+01
10703   0.10932800E+01
10704   0.16184600E+01
10705   0.27387100E+01
10706   0.24202300E+01
10707   0.45098700E+01
10708   0.16773455E+03
10709   0.19328477E+03
10710   0.10926483E+03
10711   0.59864750E+02
10712   0.34208270E+02
10713   0.20093190E+02
10714   0.12885640E+02
10715   0.89725800E+01
10716   0.65105700E+01
10717   0.48277500E+01
10718   0.32224600E+01
10719   0.10858400E+01
10720   0.33392000E+00
10721   0.17666000E+01
10722   0.29954900E+01
10723   0.42083100E+01
10724   0.92661800E+01
10725   0.66878170E+02
10726   0.13655756E+03
10727   0.83457410E+02
10728   0.47693950E+02
10729   0.25881360E+02
10730   0.15007000E+02
10731   0.10180700E+02
10732   0.83978000E+01
10733   0.90127800E+01
10734   0.15458042E+03
10735   0.18509524E+03
10736   0.18729482E+03
10737   0.12995443E+03
10738   0.88291580E+02
10739   0.18549543E+03
10740   0.19343143E+03
10741   0.15024007E+03
10742   0.10353446E+03
10743   0.66062890E+02
10744   0.43411980E+02
10745   0.28702150E+02
10746   0.19891380E+02
10747   0.16661560E+02
10748   0.27872240E+02
10749   0.20985787E+03
10750   0.15422387E+03
10751   0.10078374E+03
10752   0.97577920E+02
10753   0.15675992E+03
10754   0.28745060E+03
10755   0.30066318E+03
10756   0.17451424E+03
10757   0.89493520E+02
10758   0.48842960E+02
10759   0.28078390E+02
10760   0.15251350E+02
10761   0.94604000E+01
10762   0.84153600E+01
10763   0.27885780E+02
10764   0.11469812E+03
10765   0.72038890E+02
10766   0.40272720E+02
10767   0.25763380E+02
10768   0.19115450E+02
10769   0.45247550E+02
10770   0.17022734E+03
10771   0.18681345E+03
10772   0.60808903E+03
10773   0.37233141E+03
10774   0.41876893E+03
10775   0.36165074E+03
10776   0.26409009E+03
10777   0.34988402E+03
10778   0.58676766E+03
10779   0.41888829E+03
10780   0.28733718E+03
10781   0.19654727E+03
10782   0.13186216E+03
10783   0.79978240E+02
10784   0.50338760E+02
10785   0.39717440E+02
10786   0.39964100E+02
10787   0.40568520E+02
10788   0.40553050E+02
10789   0.34969100E+02
10790   0.31988230E+02
10791   0.44485410E+02
10792   0.57354730E+02
10793   0.50585210E+02
10794   0.36913960E+02
10795   0.39087470E+02
10796   0.50577440E+02
10797   0.49040510E+02
10798   0.41662700E+02
10799   0.34710570E+02
10800   0.24290160E+02
10801   0.14591980E+02
10802   0.37349840E+02
10803   0.34284654E+03
10804   0.15794310E+03
10805   0.91910680E+02
10806   0.65574910E+02
10807   0.12008438E+03
10808   0.17358364E+03
10809   0.21272818E+03
10810   0.24894093E+03
10811   0.24596369E+03
10812   0.39894544E+03
10813   0.28954478E+03
10814   0.33469875E+03
10815   0.44021444E+03
10816   0.27769550E+03
10817   0.16445550E+03
10818   0.12643791E+03
10819   0.79895190E+02
10820   0.45837160E+02
10821   0.25688760E+02
10822   0.15441940E+02
10823   0.11792010E+02
10824   0.21288141E+03
10825   0.17303761E+03
10826   0.38363352E+03
10827   0.25627856E+03
10828   0.15056859E+03
10829   0.10067664E+03
10830   0.84609060E+02
10831   0.73816690E+02
10832   0.58420960E+02
10833   0.44038820E+02
10834   0.29084160E+02
10835   0.18056830E+02
10836   0.11328530E+02
10837   0.77602800E+01
10838   0.52997900E+01
10839   0.32246400E+01
10840   0.99052300E+01
10841   0.24681521E+03
10842   0.36562514E+03
10843   0.39640703E+03
10844   0.20803027E+03
10845   0.11916980E+03
10846   0.68461980E+02
10847   0.39585530E+02
10848   0.22873830E+02
10849   0.13663570E+02
10850   0.90488400E+01
10851   0.63688700E+01
10852   0.44392100E+01
10853   0.45039400E+01
10854   0.57559300E+01
10855   0.44995600E+01
10856   0.32396300E+01
10857   0.23331500E+01
10858   0.28949600E+01
10859   0.20734900E+01
10860   0.15326600E+01
10861   0.14307300E+01
10862   0.10813800E+01
10863   0.79100000E+00
10864   0.62202000E+00
10865   0.34949000E+00
10866   0.16467000E+00
10867   0.78930000E-01
10868   0.43730000E-01
10869   0.28020000E-01
10870   0.19780000E-01
10871   0.32816500E+01
10872   0.11008800E+02
10873   0.19053660E+02
10874   0.21648900E+02
10875   0.72457310E+02
10876   0.44364780E+02
10877   0.26188340E+02
10878   0.16835970E+02
10879   0.11632160E+02
10880   0.82423500E+01
10881   0.60393800E+01
10882   0.44457300E+01
10883   0.17960800E+01
10884   0.38038000E+00
10885   0.10930000E+00
10886   0.60270000E-01
10887   0.36400000E-01
10888   0.24050000E-01
10889   0.17080000E-01
10890   0.12920000E-01
10891   0.14040000E-01
10892   0.31480000E-01
10893   0.46650000E-01
10894   0.40030000E-01
10895   0.29520000E-01
10896   0.98260000E+00
10897   0.26148800E+01
10898   0.13183400E+01
10899   0.63436000E+00
10900   0.46655000E+00
10901   0.31752000E+00
10902   0.17639000E+00
10903   0.88000000E-01
10904   0.45600000E-01
10905   0.27150000E-01
10906   0.18270000E-01
10907   0.13390000E-01
10908   0.10370000E-01
10909   0.83400000E-02
10910   0.68900000E-02
10911   0.58000000E-02
10912   0.49500000E-02
10913   0.42800000E-02
10914   0.37400000E-02
10915   0.32900000E-02
10916   0.29200000E-02
10917   0.26100000E-02
10918   0.31840700E+01
10919   0.14456780E+02
10920   0.24486240E+02
10921   0.22905250E+02
10922   0.18757390E+02
10923   0.14841300E+02
10924   0.96622200E+01
10925   0.68599900E+01
10926   0.54533700E+01
10927   0.43325800E+01
10928   0.29894500E+01
10929   0.14063600E+01
10930   0.71158000E+00
10931   0.21146000E+00
10932   0.99230000E-01
10933   0.65720000E-01
10934   0.10714000E+00
10935   0.11756000E+00
10936   0.90550000E-01
10937   0.60620000E-01
10938   0.40590000E-01
10939   0.28330000E-01
10940   0.20650000E-01
10941   0.15640000E-01
10942   0.12220000E-01
10943   0.97900000E-02
10944   0.80100000E-02
10945   0.67200000E-02
10946   0.25040000E-01
10947   0.90480000E-01
10948   0.80120000E-01
10949   0.54450000E-01
10950   0.36450000E-01
10951   0.25330000E-01
10952   0.18370000E-01
10953   0.13820000E-01
10954   0.10730000E-01
10955   0.85500000E-02
10956   0.69500000E-02
10957   0.57600000E-02
