    1   0.00000000E+00
    2   0.26706700E+01
    3   0.37097300E+01
    4   0.29683700E+01
    5   0.23718500E+01
    6   0.18051800E+01
    7   0.13823700E+01
    8   0.10442800E+01
    9   0.74551000E+00
   10   0.72479000E+00
   11   0.72603000E+00
   12   0.70742000E+00
   13   0.65844000E+00
   14   0.37686500E+01
   15   0.26769030E+02
   16   0.37072260E+02
   17   0.26205150E+02
   18   0.29307790E+02
   19   0.26824320E+02
   20   0.63247740E+02
   21   0.59511800E+02
   22   0.45858270E+02
   23   0.34532050E+02
   24   0.27577030E+02
   25   0.22360720E+02
   26   0.18280310E+02
   27   0.14923650E+02
   28   0.12082740E+02
   29   0.97866000E+01
   30   0.79820700E+01
   31   0.74043100E+01
   32   0.75875900E+01
   33   0.54704400E+01
   34   0.42876300E+01
   35   0.38378700E+01
   36   0.38054700E+01
   37   0.38350500E+01
   38   0.37276900E+01
   39   0.33898700E+01
   40   0.33367800E+01
   41   0.35344700E+01
   42   0.85418500E+01
   43   0.96570700E+01
   44   0.81045500E+01
   45   0.63263100E+01
   46   0.53000000E+01
   47   0.48775800E+01
   48   0.44901000E+01
   49   0.40179900E+01
   50   0.35854100E+01
   51   0.34213100E+01
   52   0.39096100E+01
   53   0.61938300E+01
   54   0.11125540E+02
   55   0.17442230E+02
   56   0.19303340E+02
   57   0.17851820E+02
   58   0.15497690E+02
   59   0.13147300E+02
   60   0.10819360E+02
   61   0.88657900E+01
   62   0.69997100E+01
   63   0.57163200E+01
   64   0.44158400E+01
   65   0.67546000E+01
   66   0.76286200E+01
   67   0.70574000E+01
   68   0.56120900E+01
   69   0.43383000E+01
   70   0.34481400E+01
   71   0.29040500E+01
   72   0.91354100E+01
   73   0.10727760E+02
   74   0.82668700E+01
   75   0.55646600E+01
   76   0.66738600E+01
   77   0.11005460E+02
   78   0.11105890E+02
   79   0.13144400E+02
   80   0.23742710E+02
   81   0.24961250E+02
   82   0.21582720E+02
   83   0.17400480E+02
   84   0.13471500E+02
   85   0.10670940E+02
   86   0.87967900E+01
   87   0.77195100E+01
   88   0.83675100E+01
   89   0.73405400E+01
   90   0.60864100E+01
   91   0.47915300E+01
   92   0.39561200E+01
   93   0.30961700E+01
   94   0.23445200E+01
   95   0.18947400E+01
   96   0.16382700E+01
   97   0.16289700E+01
   98   0.14461200E+01
   99   0.13079500E+01
  100   0.12036100E+01
  101   0.11051600E+01
  102   0.10160400E+01
  103   0.91683000E+00
  104   0.77855000E+00
  105   0.70677000E+00
  106   0.64292000E+00
  107   0.27941000E+01
  108   0.24295000E+01
  109   0.19028300E+01
  110   0.15970800E+01
  111   0.13382500E+01
  112   0.10712600E+01
  113   0.74478000E+00
  114   0.66237000E+00
  115   0.63588000E+00
  116   0.59461000E+00
  117   0.15184500E+01
  118   0.41132100E+01
  119   0.47288500E+01
  120   0.37869700E+01
  121   0.29736400E+01
  122   0.21207100E+01
  123   0.15793100E+01
  124   0.12230800E+01
  125   0.95251000E+00
  126   0.70958000E+00
  127   0.61149000E+00
  128   0.54070000E+00
  129   0.48023000E+00
  130   0.42386000E+00
  131   0.36976000E+00
  132   0.31851000E+00
  133   0.27327000E+00
  134   0.72827000E+00
  135   0.61866000E+00
  136   0.36949000E+00
  137   0.25094000E+00
  138   0.20896000E+00
  139   0.66448000E+00
  140   0.60716000E+00
  141   0.52344000E+00
  142   0.43920000E+00
  143   0.36810000E+00
  144   0.40824000E+00
  145   0.45827000E+00
  146   0.14033100E+01
  147   0.18274400E+01
  148   0.18937400E+01
  149   0.15016400E+01
  150   0.20168500E+01
  151   0.26201900E+01
  152   0.19116900E+01
  153   0.14982100E+01
  154   0.12729600E+01
  155   0.77613400E+01
  156   0.99722200E+01
  157   0.85572800E+01
  158   0.53178400E+01
  159   0.93833300E+01
  160   0.16350810E+02
  161   0.25780110E+02
  162   0.28891210E+02
  163   0.70297180E+02
  164   0.19988161E+03
  165   0.16645751E+03
  166   0.21300372E+03
  167   0.56548417E+03
  168   0.52948478E+03
  169   0.49689327E+03
  170   0.31143277E+03
  171   0.18408432E+03
  172   0.11573389E+03
  173   0.78065290E+02
  174   0.55562810E+02
  175   0.79985280E+02
  176   0.26471992E+03
  177   0.26987319E+03
  178   0.55916765E+03
  179   0.38382641E+03
  180   0.25364355E+03
  181   0.17834017E+03
  182   0.12208094E+03
  183   0.85461680E+02
  184   0.61622980E+02
  185   0.45361940E+02
  186   0.34649940E+02
  187   0.26473060E+02
  188   0.21998770E+02
  189   0.18727050E+02
  190   0.16221770E+02
  191   0.13333910E+02
  192   0.10366690E+02
  193   0.16692530E+02
  194   0.26795480E+02
  195   0.24549920E+02
  196   0.15601860E+02
  197   0.98816600E+01
  198   0.74525900E+01
  199   0.68623700E+01
  200   0.29499810E+02
  201   0.40622170E+02
  202   0.29777150E+02
  203   0.21173260E+02
  204   0.16085500E+02
  205   0.11546500E+02
  206   0.87151600E+01
  207   0.68092300E+01
  208   0.50976000E+01
  209   0.39206300E+01
  210   0.30159400E+01
  211   0.24014000E+01
  212   0.19912900E+01
  213   0.16930500E+01
  214   0.14711800E+01
  215   0.13221300E+01
  216   0.12161300E+01
  217   0.10774500E+01
  218   0.95543000E+00
  219   0.88574000E+00
  220   0.10448700E+01
  221   0.97762000E+00
  222   0.88900000E+00
  223   0.80625000E+00
  224   0.73568000E+00
  225   0.69369000E+00
  226   0.65603000E+00
  227   0.61830000E+00
  228   0.57956000E+00
  229   0.53375000E+00
  230   0.47766000E+00
  231   0.43201000E+00
  232   0.39393000E+00
  233   0.36326000E+00
  234   0.33829000E+00
  235   0.27721200E+01
  236   0.35803400E+01
  237   0.73251900E+01
  238   0.69842500E+01
  239   0.40761200E+01
  240   0.26261400E+01
  241   0.18557600E+01
  242   0.23701100E+01
  243   0.19085400E+01
  244   0.15549600E+01
  245   0.13841300E+01
  246   0.12508500E+01
  247   0.20194300E+01
  248   0.58669900E+01
  249   0.50364200E+01
  250   0.41533400E+01
  251   0.30634800E+01
  252   0.21916500E+01
  253   0.17200500E+01
  254   0.14604800E+01
  255   0.13110600E+01
  256   0.13076500E+01
  257   0.11768700E+01
  258   0.13607057E+03
  259   0.20098465E+03
  260   0.13397260E+03
  261   0.91067890E+02
  262   0.64548480E+02
  263   0.47286940E+02
  264   0.35625790E+02
  265   0.27380860E+02
  266   0.21407930E+02
  267   0.16697090E+02
  268   0.13170080E+02
  269   0.95049700E+01
  270   0.71944500E+01
  271   0.63453300E+01
  272   0.98433300E+01
  273   0.14212610E+02
  274   0.19665540E+02
  275   0.18616720E+02
  276   0.15144620E+02
  277   0.14113910E+02
  278   0.11773110E+02
  279   0.83935100E+01
  280   0.63883000E+01
  281   0.52870000E+01
  282   0.45060000E+01
  283   0.39126700E+01
  284   0.33534100E+01
  285   0.28876400E+01
  286   0.25030300E+01
  287   0.27220900E+01
  288   0.36740200E+01
  289   0.41929700E+01
  290   0.47221300E+01
  291   0.55265500E+01
  292   0.64308800E+01
  293   0.70641300E+01
  294   0.72043400E+01
  295   0.68087600E+01
  296   0.61325800E+01
  297   0.53453300E+01
  298   0.43582700E+01
  299   0.33580700E+01
  300   0.27246000E+01
  301   0.23174700E+01
  302   0.20184100E+01
  303   0.18030000E+01
  304   0.20645300E+01
  305   0.21341100E+01
  306   0.18567300E+01
  307   0.16416000E+01
  308   0.14609200E+01
  309   0.12932600E+01
  310   0.11195700E+01
  311   0.96188000E+00
  312   0.83420000E+00
  313   0.77540000E+00
  314   0.73696000E+00
  315   0.70504000E+00
  316   0.67284000E+00
  317   0.63726000E+00
  318   0.59797000E+00
  319   0.55741000E+00
  320   0.51708000E+00
  321   0.47302000E+00
  322   0.42055000E+00
  323   0.36923000E+00
  324   0.32651000E+00
  325   0.29195000E+00
  326   0.26339000E+00
  327   0.35068000E+00
  328   0.27821600E+01
  329   0.23183000E+01
  330   0.16865600E+01
  331   0.13370600E+01
  332   0.10167900E+01
  333   0.71332000E+00
  334   0.63558000E+00
  335   0.61647000E+00
  336   0.59622000E+00
  337   0.58107000E+00
  338   0.98891000E+00
  339   0.37459600E+01
  340   0.25134600E+01
  341   0.16947500E+01
  342   0.16589600E+01
  343   0.12899400E+01
  344   0.13037600E+01
  345   0.15964500E+01
  346   0.19530900E+01
  347   0.20423200E+01
  348   0.19292800E+01
  349   0.17376200E+01
  350   0.15211000E+01
  351   0.13083700E+01
  352   0.11507500E+01
  353   0.10445600E+01
  354   0.98893000E+00
  355   0.97680000E+00
  356   0.10140500E+01
  357   0.11020000E+01
  358   0.11928900E+01
  359   0.12428900E+01
  360   0.36402900E+01
  361   0.26205500E+01
  362   0.18717100E+01
  363   0.15327100E+01
  364   0.13641300E+01
  365   0.12579100E+01
  366   0.12027000E+01
  367   0.11881100E+01
  368   0.11830300E+01
  369   0.11731300E+01
  370   0.11286100E+01
  371   0.10306500E+01
  372   0.91343000E+00
  373   0.75980000E+00
  374   0.69827000E+00
  375   0.66351000E+00
  376   0.63588000E+00
  377   0.61280000E+00
  378   0.59599000E+00
  379   0.58826000E+00
  380   0.59203000E+00
  381   0.60280000E+00
  382   0.59777000E+00
  383   0.56950000E+00
  384   0.55412000E+00
  385   0.86558000E+00
  386   0.84291000E+00
  387   0.74726000E+00
  388   0.64259000E+00
  389   0.59322000E+00
  390   0.57294000E+00
  391   0.32133700E+01
  392   0.36042600E+01
  393   0.28289000E+01
  394   0.22386600E+01
  395   0.18285000E+01
  396   0.14654000E+01
  397   0.12446400E+01
  398   0.11403300E+01
  399   0.11333400E+01
  400   0.23977600E+01
  401   0.30214200E+01
  402   0.22272800E+01
  403   0.16708400E+01
  404   0.13876900E+01
  405   0.12354200E+01
  406   0.11739800E+01
  407   0.12543400E+01
  408   0.14744000E+01
  409   0.20322800E+01
  410   0.19677600E+01
  411   0.18123000E+01
  412   0.15676800E+01
  413   0.13662900E+01
  414   0.12428400E+01
  415   0.11610900E+01
  416   0.11073500E+01
  417   0.10717800E+01
  418   0.10448300E+01
  419   0.10144600E+01
  420   0.97833000E+00
  421   0.92847000E+00
  422   0.82742000E+00
  423   0.11165300E+01
  424   0.47080520E+02
  425   0.10261981E+03
  426   0.13426924E+03
  427   0.31132836E+03
  428   0.26648878E+03
  429   0.17269658E+03
  430   0.11342314E+03
  431   0.77950800E+02
  432   0.55529840E+02
  433   0.40636740E+02
  434   0.31845450E+02
  435   0.25265060E+02
  436   0.20349320E+02
  437   0.16607420E+02
  438   0.13592060E+02
  439   0.10970630E+02
  440   0.95684600E+01
  441   0.76926100E+01
  442   0.61003700E+01
  443   0.46560400E+01
  444   0.41266100E+01
  445   0.37719100E+01
  446   0.44108200E+01
  447   0.65744500E+01
  448   0.85140700E+01
  449   0.76920300E+01
  450   0.58612700E+01
  451   0.48729100E+01
  452   0.97360400E+01
  453   0.12219830E+02
  454   0.10904850E+02
  455   0.75089300E+01
  456   0.57219400E+01
  457   0.49601600E+01
  458   0.42887400E+01
  459   0.36321500E+01
  460   0.30333900E+01
  461   0.34019700E+01
  462   0.26276800E+01
  463   0.20375500E+01
  464   0.19272900E+01
  465   0.19555000E+01
  466   0.23124100E+01
  467   0.27014800E+01
  468   0.28510500E+01
  469   0.27742800E+01
  470   0.25554500E+01
  471   0.22830600E+01
  472   0.19904400E+01
  473   0.17227900E+01
  474   0.14759200E+01
  475   0.13008900E+01
  476   0.11895100E+01
  477   0.10985400E+01
  478   0.10252400E+01
  479   0.98169000E+00
  480   0.95029000E+00
  481   0.91810000E+00
  482   0.29129000E+01
  483   0.46836400E+01
  484   0.30535200E+01
  485   0.20798600E+01
  486   0.15689600E+01
  487   0.13205000E+01
  488   0.11632500E+01
  489   0.10683900E+01
  490   0.10087000E+01
  491   0.96410000E+00
  492   0.91846000E+00
  493   0.11261700E+01
  494   0.69593400E+01
  495   0.17445340E+02
  496   0.32337390E+02
  497   0.44006730E+02
  498   0.42399130E+02
  499   0.66096530E+02
  500   0.55997840E+02
  501   0.44122590E+02
  502   0.10898976E+03
  503   0.10405466E+03
  504   0.12217935E+03
  505   0.11335762E+03
  506   0.92152000E+02
  507   0.14023024E+03
  508   0.27211104E+03
  509   0.32018045E+03
  510   0.26012372E+03
  511   0.20125303E+03
  512   0.17292291E+03
  513   0.13919315E+03
  514   0.12412472E+03
  515   0.15036167E+03
  516   0.13445970E+03
  517   0.94996790E+02
  518   0.88042540E+02
  519   0.87834050E+02
  520   0.76376250E+02
  521   0.66908910E+02
  522   0.58447830E+02
  523   0.44782250E+02
  524   0.31661900E+02
  525   0.22645380E+02
  526   0.18009170E+02
  527   0.14580240E+02
  528   0.14948080E+02
  529   0.21079970E+02
  530   0.11447040E+03
  531   0.47581132E+03
  532   0.11121434E+04
  533   0.10520504E+04
  534   0.56035302E+03
  535   0.34840657E+03
  536   0.48579533E+03
  537   0.71940047E+03
  538   0.50432195E+03
  539   0.28295812E+03
  540   0.18896777E+03
  541   0.13215598E+03
  542   0.93208920E+02
  543   0.67149930E+02
  544   0.48634560E+02
  545   0.36161310E+02
  546   0.28861060E+02
  547   0.33773360E+02
  548   0.39200350E+02
  549   0.32593440E+02
  550   0.22705620E+02
  551   0.15950210E+02
  552   0.11265620E+02
  553   0.97991800E+01
  554   0.11131860E+02
  555   0.11886510E+02
  556   0.86301700E+01
  557   0.12327200E+02
  558   0.43789230E+02
  559   0.92104530E+02
  560   0.66853980E+02
  561   0.51711380E+02
  562   0.49579250E+02
  563   0.59567490E+02
  564   0.88887910E+02
  565   0.75616950E+02
  566   0.63540840E+02
  567   0.53740110E+02
  568   0.48545590E+02
  569   0.13647196E+03
  570   0.57344856E+03
  571   0.85451817E+03
  572   0.59088111E+03
  573   0.49131108E+03
  574   0.50580226E+03
  575   0.40789966E+03
  576   0.34821347E+03
  577   0.42696602E+03
  578   0.96892260E+03
  579   0.23978050E+04
  580   0.17727885E+04
  581   0.79784564E+03
  582   0.39422701E+03
  583   0.21960529E+03
  584   0.13457467E+03
  585   0.88095870E+02
  586   0.67291070E+02
  587   0.77908580E+02
  588   0.69447600E+02
  589   0.69597770E+02
  590   0.53400320E+02
  591   0.38744450E+02
  592   0.28276420E+02
  593   0.21745760E+02
  594   0.17733350E+02
  595   0.14291710E+02
  596   0.16118340E+02
  597   0.46511260E+02
  598   0.52070150E+02
  599   0.58853260E+02
  600   0.51105570E+02
  601   0.40214400E+02
  602   0.39478610E+02
  603   0.33443730E+02
  604   0.29722030E+02
  605   0.22903550E+02
  606   0.16711340E+02
  607   0.13781830E+02
  608   0.19106820E+02
  609   0.18988430E+02
  610   0.13718860E+02
  611   0.10347490E+02
  612   0.37405560E+02
  613   0.45657720E+02
  614   0.38431150E+02
  615   0.32681170E+02
  616   0.23632890E+02
  617   0.15318000E+02
  618   0.22045560E+02
  619   0.27148460E+02
  620   0.20965580E+02
  621   0.12835290E+02
  622   0.89303900E+01
  623   0.68077500E+01
  624   0.52460600E+01
  625   0.40320800E+01
  626   0.31320600E+01
  627   0.22545600E+01
  628   0.17625400E+01
  629   0.14696800E+01
  630   0.12860500E+01
  631   0.11485600E+01
  632   0.13398930E+02
  633   0.15461760E+03
  634   0.90400430E+02
  635   0.10355303E+03
  636   0.79731410E+02
  637   0.70925100E+02
  638   0.60805990E+02
  639   0.47834000E+02
  640   0.37516190E+02
  641   0.29153510E+02
  642   0.22821940E+02
  643   0.18267370E+02
  644   0.15455650E+02
  645   0.39775880E+02
  646   0.42080010E+02
  647   0.39323680E+02
  648   0.32263420E+02
  649   0.26019400E+02
  650   0.21010060E+02
  651   0.16890370E+02
  652   0.13379900E+02
  653   0.10215060E+02
  654   0.77929100E+01
  655   0.62125400E+01
  656   0.50412000E+01
  657   0.39682700E+01
  658   0.29344900E+01
  659   0.23013200E+01
  660   0.18858600E+01
  661   0.16359700E+01
  662   0.14692800E+01
  663   0.13398500E+01
  664   0.12280000E+01
  665   0.11236200E+01
  666   0.23622300E+01
  667   0.51426200E+01
  668   0.34902100E+01
  669   0.22954900E+01
  670   0.16643200E+01
  671   0.13742100E+01
  672   0.11967300E+01
  673   0.10824400E+01
  674   0.12793300E+01
  675   0.24323100E+01
  676   0.20582700E+01
  677   0.17139500E+01
  678   0.14706300E+01
  679   0.12255000E+01
  680   0.13131100E+01
  681   0.95863000E+00
  682   0.80803000E+00
  683   0.10273000E+01
  684   0.11779500E+01
  685   0.10870100E+01
  686   0.96466000E+00
  687   0.69536000E+00
  688   0.71491000E+00
  689   0.57845000E+00
  690   0.50522000E+00
  691   0.45545000E+00
  692   0.41277000E+00
  693   0.37897000E+00
  694   0.34999000E+00
  695   0.32233000E+00
  696   0.29544000E+00
  697   0.23508660E+02
  698   0.62416860E+02
  699   0.36288980E+02
  700   0.28437330E+02
  701   0.27481990E+02
  702   0.26870230E+02
  703   0.20597580E+02
  704   0.15255200E+02
  705   0.17533310E+02
  706   0.22054060E+02
  707   0.20940480E+02
  708   0.23137290E+02
  709   0.18265080E+02
  710   0.14222460E+02
  711   0.11596890E+02
  712   0.93981100E+01
  713   0.77329400E+01
  714   0.65222200E+01
  715   0.54043100E+01
  716   0.48157500E+01
  717   0.40749300E+01
  718   0.33646300E+01
  719   0.98598000E+01
  720   0.12364470E+02
  721   0.11269670E+02
  722   0.12322540E+02
  723   0.54180480E+02
  724   0.11081955E+03
  725   0.87062770E+02
  726   0.62743170E+02
  727   0.45097600E+02
  728   0.33725020E+02
  729   0.25235650E+02
  730   0.19141410E+02
  731   0.16357460E+02
  732   0.13678920E+02
  733   0.11217450E+02
  734   0.89200100E+01
  735   0.72177200E+01
  736   0.60778200E+01
  737   0.50994100E+01
  738   0.43823400E+01
  739   0.11136090E+02
  740   0.12689770E+02
  741   0.11384970E+02
  742   0.14581480E+02
  743   0.15821660E+02
  744   0.13190220E+02
  745   0.99484500E+01
  746   0.24225620E+02
  747   0.39566230E+02
  748   0.30088530E+02
  749   0.24148270E+02
  750   0.21679060E+02
  751   0.17493400E+02
  752   0.13873140E+02
  753   0.11746270E+02
  754   0.11790020E+02
  755   0.12794290E+02
  756   0.13162130E+02
  757   0.12243800E+02
  758   0.10714730E+02
  759   0.87529000E+01
  760   0.71890500E+01
  761   0.55829700E+01
  762   0.45813200E+01
  763   0.41623000E+01
  764   0.37916100E+01
  765   0.33580900E+01
  766   0.32972900E+01
  767   0.28853400E+01
  768   0.25055400E+01
  769   0.22019100E+01
  770   0.18544200E+01
  771   0.15293200E+01
  772   0.15701900E+01
  773   0.18735200E+01
  774   0.16259300E+01
  775   0.14202300E+01
  776   0.14572900E+01
  777   0.41699400E+01
  778   0.43242900E+01
  779   0.39005600E+01
  780   0.11065770E+02
  781   0.11389740E+02
  782   0.24609750E+02
  783   0.64273210E+02
  784   0.20968146E+03
  785   0.21204629E+03
  786   0.16141368E+03
  787   0.11702069E+03
  788   0.85903690E+02
  789   0.62249130E+02
  790   0.45404350E+02
  791   0.33893520E+02
  792   0.27431290E+02
  793   0.27127930E+02
  794   0.25132170E+02
  795   0.21532850E+02
  796   0.18529070E+02
  797   0.16486050E+02
  798   0.26495400E+02
  799   0.30447410E+02
  800   0.73617060E+02
  801   0.16113058E+03
  802   0.22010338E+03
  803   0.35328461E+03
  804   0.25019796E+03
  805   0.16148670E+03
  806   0.11252819E+03
  807   0.11329884E+03
  808   0.10281838E+03
  809   0.87651060E+02
  810   0.64412840E+02
  811   0.46264310E+02
  812   0.36704790E+02
  813   0.75672960E+02
  814   0.10754456E+03
  815   0.12712282E+03
  816   0.14696541E+03
  817   0.15373247E+03
  818   0.10851558E+03
  819   0.76529870E+02
  820   0.55721010E+02
  821   0.40782130E+02
  822   0.30524390E+02
  823   0.24238200E+02
  824   0.19470480E+02
  825   0.15650260E+02
  826   0.12400290E+02
  827   0.15114170E+02
  828   0.16217320E+02
  829   0.19728830E+02
  830   0.22866220E+02
  831   0.20628730E+02
  832   0.14723290E+02
  833   0.11957380E+02
  834   0.10252410E+02
  835   0.93250800E+01
  836   0.10975620E+02
  837   0.14655290E+02
  838   0.18417990E+02
  839   0.19111430E+02
  840   0.16663020E+02
  841   0.13184310E+02
  842   0.10087900E+02
  843   0.14828590E+02
  844   0.29517420E+02
  845   0.53156540E+02
  846   0.41359430E+02
  847   0.36906070E+02
  848   0.31402300E+02
  849   0.41756810E+02
  850   0.68583320E+02
  851   0.55781510E+02
  852   0.41476270E+02
  853   0.31025570E+02
  854   0.24402610E+02
  855   0.19438420E+02
  856   0.15936000E+02
  857   0.12662570E+02
  858   0.99147800E+01
  859   0.82323800E+01
  860   0.24812370E+02
  861   0.60076880E+02
  862   0.44197630E+02
  863   0.37576450E+02
  864   0.65317900E+02
  865   0.18263851E+03
  866   0.28864657E+03
  867   0.38384822E+03
  868   0.23202151E+03
  869   0.14632884E+03
  870   0.98149000E+02
  871   0.69703660E+02
  872   0.50561410E+02
  873   0.38176140E+02
  874   0.30726590E+02
  875   0.26804750E+02
  876   0.37593230E+02
  877   0.36716070E+02
  878   0.32232790E+02
  879   0.30245470E+02
  880   0.24376080E+02
  881   0.20927830E+02
  882   0.30064790E+02
  883   0.37135030E+02
  884   0.82537160E+02
  885   0.14162983E+03
  886   0.12507530E+03
  887   0.13938813E+03
  888   0.18640345E+03
  889   0.12944291E+03
  890   0.89474510E+02
  891   0.77535570E+02
  892   0.78446420E+02
  893   0.67622480E+02
  894   0.51409830E+02
  895   0.48409280E+02
  896   0.23120193E+03
  897   0.25972370E+03
  898   0.18850619E+03
  899   0.24429515E+03
  900   0.20270771E+03
  901   0.18707515E+03
  902   0.54808700E+03
  903   0.11867869E+04
  904   0.81294077E+03
  905   0.46839807E+03
  906   0.31220528E+03
  907   0.24556504E+03
  908   0.16917219E+03
  909   0.19582340E+03
  910   0.15090309E+03
  911   0.11289611E+03
  912   0.81899070E+02
  913   0.59739960E+02
  914   0.59137480E+02
  915   0.60104320E+02
  916   0.49842810E+02
  917   0.50553190E+02
  918   0.11118888E+03
  919   0.78704070E+02
  920   0.70403590E+02
  921   0.47717460E+02
  922   0.30855860E+02
  923   0.21935160E+02
  924   0.16398620E+02
  925   0.12011360E+02
  926   0.91170300E+01
  927   0.74375900E+01
  928   0.62555400E+01
  929   0.51676700E+01
  930   0.43073500E+01
  931   0.10833280E+02
  932   0.19636090E+02
  933   0.44561510E+02
  934   0.64464520E+02
  935   0.52496040E+02
  936   0.48543710E+02
  937   0.44485850E+02
  938   0.32840200E+02
  939   0.33072110E+02
  940   0.41253380E+02
  941   0.36943060E+02
  942   0.29488510E+02
  943   0.22964930E+02
  944   0.17729240E+02
  945   0.13487480E+02
  946   0.10744400E+02
  947   0.34127900E+02
  948   0.69890340E+02
  949   0.45257660E+02
  950   0.33456350E+02
  951   0.24362790E+02
  952   0.17435030E+02
  953   0.12179050E+02
  954   0.81209400E+01
  955   0.54572100E+01
  956   0.42008200E+01
  957   0.35119000E+01
  958   0.39109800E+01
  959   0.73232700E+01
  960   0.11546020E+02
  961   0.12404840E+02
  962   0.86904200E+01
  963   0.58190600E+01
  964   0.42206700E+01
  965   0.32803100E+01
  966   0.92083400E+01
  967   0.12786140E+02
  968   0.13308660E+02
  969   0.90847100E+01
  970   0.60079100E+01
  971   0.45526500E+01
  972   0.41169400E+01
  973   0.92541200E+01
  974   0.10167670E+02
  975   0.15316380E+02
  976   0.12158330E+02
  977   0.67220900E+01
  978   0.45845900E+01
  979   0.39715000E+01
  980   0.35634300E+01
  981   0.29736500E+01
  982   0.24176700E+01
  983   0.19722900E+01
  984   0.16369500E+01
  985   0.13910400E+01
  986   0.11777600E+01
  987   0.98873000E+00
  988   0.16639400E+01
  989   0.75241900E+01
  990   0.74359900E+01
  991   0.20949279E+03
  992   0.22527160E+03
  993   0.14557689E+03
  994   0.96174710E+02
  995   0.65996860E+02
  996   0.47730940E+02
  997   0.39050980E+02
  998   0.56827850E+02
  999   0.78043050E+02
 1000   0.14598520E+03
 1001   0.16885269E+03
 1002   0.22947986E+03
 1003   0.19834445E+03
 1004   0.13319783E+03
 1005   0.90016580E+02
 1006   0.65096040E+02
 1007   0.58528980E+02
 1008   0.51948800E+02
 1009   0.14564369E+03
 1010   0.13908672E+03
 1011   0.11314783E+03
 1012   0.10025751E+03
 1013   0.78053900E+02
 1014   0.60878750E+02
 1015   0.46737060E+02
 1016   0.35438350E+02
 1017   0.27100280E+02
 1018   0.21732260E+02
 1019   0.17601700E+02
 1020   0.14217360E+02
 1021   0.11207510E+02
 1022   0.87867200E+01
 1023   0.12377050E+02
 1024   0.15616730E+02
 1025   0.14734350E+02
 1026   0.97700800E+01
 1027   0.67165200E+01
 1028   0.58862900E+01
 1029   0.52785100E+01
 1030   0.45245300E+01
 1031   0.37172300E+01
 1032   0.29845600E+01
 1033   0.24353900E+01
 1034   0.21812200E+01
 1035   0.18092600E+01
 1036   0.15497400E+01
 1037   0.13024900E+01
 1038   0.11149000E+01
 1039   0.97466000E+00
 1040   0.82406000E+00
 1041   0.73811000E+00
 1042   0.69545000E+00
 1043   0.65970000E+00
 1044   0.83788000E+00
 1045   0.76468000E+00
 1046   0.67238000E+00
 1047   0.58666000E+00
 1048   0.51855000E+00
 1049   0.47103000E+00
 1050   0.42413000E+00
 1051   0.37885000E+00
 1052   0.34162000E+00
 1053   0.25081000E+01
 1054   0.16261190E+02
 1055   0.23419320E+02
 1056   0.18212640E+02
 1057   0.14874250E+02
 1058   0.16663540E+02
 1059   0.14659390E+02
 1060   0.18885100E+02
 1061   0.36471920E+02
 1062   0.37605980E+02
 1063   0.32955050E+02
 1064   0.29380490E+02
 1065   0.25259410E+02
 1066   0.20903990E+02
 1067   0.17242050E+02
 1068   0.14755190E+02
 1069   0.15795460E+02
 1070   0.17667080E+02
 1071   0.17076450E+02
 1072   0.14967580E+02
 1073   0.12599480E+02
 1074   0.10266460E+02
 1075   0.83463100E+01
 1076   0.69164300E+01
 1077   0.55089400E+01
 1078   0.41752700E+01
 1079   0.33082000E+01
 1080   0.28539600E+01
 1081   0.25319000E+01
 1082   0.22300200E+01
 1083   0.19881100E+01
 1084   0.17762600E+01
 1085   0.27248200E+01
 1086   0.31101600E+01
 1087   0.25626900E+01
 1088   0.21340500E+01
 1089   0.17884900E+01
 1090   0.15134500E+01
 1091   0.14112900E+01
 1092   0.15101000E+01
 1093   0.17093600E+01
 1094   0.18253300E+01
 1095   0.18178600E+01
 1096   0.17089200E+01
 1097   0.15880000E+01
 1098   0.15158000E+01
 1099   0.18768300E+01
 1100   0.39087000E+01
 1101   0.55867200E+01
 1102   0.62608200E+01
 1103   0.57680400E+01
 1104   0.56029200E+01
 1105   0.48330300E+01
 1106   0.41611000E+01
 1107   0.35723300E+01
 1108   0.28471600E+01
 1109   0.22375000E+01
 1110   0.18411300E+01
 1111   0.15736800E+01
 1112   0.15455000E+01
 1113   0.15378700E+01
 1114   0.14089800E+01
 1115   0.13235200E+01
 1116   0.12688100E+01
 1117   0.12285700E+01
 1118   0.12077500E+01
 1119   0.11538100E+01
 1120   0.11065200E+01
 1121   0.10842300E+01
 1122   0.10793900E+01
 1123   0.10877600E+01
 1124   0.10797200E+01
 1125   0.10657600E+01
 1126   0.10573200E+01
 1127   0.11026200E+01
 1128   0.33415900E+01
 1129   0.28123900E+01
 1130   0.32461500E+01
 1131   0.27254300E+01
 1132   0.26956500E+01
 1133   0.32545700E+01
 1134   0.39328100E+01
 1135   0.41970100E+01
 1136   0.39586700E+01
 1137   0.35186700E+01
 1138   0.33177900E+01
 1139   0.10295100E+02
 1140   0.24013930E+02
 1141   0.31281560E+02
 1142   0.40846260E+02
 1143   0.52376310E+02
 1144   0.10446033E+03
 1145   0.94589640E+02
 1146   0.69164400E+02
 1147   0.51559900E+02
 1148   0.41159460E+02
 1149   0.38925140E+02
 1150   0.35646630E+02
 1151   0.30136150E+02
 1152   0.25647890E+02
 1153   0.24608070E+02
 1154   0.22166790E+02
 1155   0.18273860E+02
 1156   0.14582780E+02
 1157   0.11740340E+02
 1158   0.98655800E+01
 1159   0.78282200E+01
 1160   0.58321500E+01
 1161   0.47416800E+01
 1162   0.41079200E+01
 1163   0.37699800E+01
 1164   0.35361900E+01
 1165   0.47378600E+01
 1166   0.99650600E+01
 1167   0.23918320E+02
 1168   0.55876920E+02
 1169   0.57175000E+02
 1170   0.46532700E+02
 1171   0.37041130E+02
 1172   0.27979910E+02
 1173   0.31734030E+02
 1174   0.50709320E+02
 1175   0.44810070E+02
 1176   0.35935970E+02
 1177   0.28740420E+02
 1178   0.41292680E+02
 1179   0.48670080E+02
 1180   0.38343990E+02
 1181   0.28115110E+02
 1182   0.21058370E+02
 1183   0.18239160E+02
 1184   0.19378590E+02
 1185   0.26824590E+02
 1186   0.32266000E+02
 1187   0.28185720E+02
 1188   0.23023430E+02
 1189   0.21358900E+02
 1190   0.41542320E+02
 1191   0.54124200E+02
 1192   0.66979990E+02
 1193   0.57197170E+02
 1194   0.43740920E+02
 1195   0.33914680E+02
 1196   0.27214480E+02
 1197   0.25248170E+02
 1198   0.27461750E+02
 1199   0.27558070E+02
 1200   0.23819670E+02
 1201   0.19326000E+02
 1202   0.16115240E+02
 1203   0.15443090E+02
 1204   0.15617690E+02
 1205   0.13428240E+02
 1206   0.28162970E+02
 1207   0.70191580E+02
 1208   0.78440600E+02
 1209   0.92624610E+02
 1210   0.18369793E+03
 1211   0.13296052E+03
 1212   0.91519710E+02
 1213   0.65057500E+02
 1214   0.49757660E+02
 1215   0.45759670E+02
 1216   0.50531930E+02
 1217   0.64339960E+02
 1218   0.58764710E+02
 1219   0.47690960E+02
 1220   0.36463870E+02
 1221   0.26234220E+02
 1222   0.19078160E+02
 1223   0.28866050E+02
 1224   0.54645720E+02
 1225   0.60438440E+02
 1226   0.63140160E+02
 1227   0.13786453E+03
 1228   0.15195930E+03
 1229   0.14477500E+03
 1230   0.10927019E+03
 1231   0.76322630E+02
 1232   0.82363170E+02
 1233   0.89425070E+02
 1234   0.69636510E+02
 1235   0.51884080E+02
 1236   0.39190480E+02
 1237   0.30185910E+02
 1238   0.23655890E+02
 1239   0.18743170E+02
 1240   0.14790130E+02
 1241   0.11198350E+02
 1242   0.10604230E+02
 1243   0.60286270E+02
 1244   0.85630960E+02
 1245   0.64531090E+02
 1246   0.49477400E+02
 1247   0.34615740E+02
 1248   0.58481120E+02
 1249   0.61029350E+02
 1250   0.48802200E+02
 1251   0.38427450E+02
 1252   0.53918280E+02
 1253   0.13933874E+03
 1254   0.14598732E+03
 1255   0.93123930E+02
 1256   0.57661580E+02
 1257   0.43070380E+02
 1258   0.53497190E+02
 1259   0.90289220E+02
 1260   0.11615489E+03
 1261   0.47903805E+03
 1262   0.70619976E+03
 1263   0.44571901E+03
 1264   0.30920245E+03
 1265   0.25354825E+03
 1266   0.15722082E+03
 1267   0.10459376E+03
 1268   0.11519471E+03
 1269   0.22721861E+03
 1270   0.15183962E+04
 1271   0.12247211E+04
 1272   0.58956547E+03
 1273   0.29983112E+03
 1274   0.17243670E+03
 1275   0.10942815E+03
 1276   0.76924920E+02
 1277   0.11092039E+03
 1278   0.17622344E+03
 1279   0.14951789E+03
 1280   0.16019109E+03
 1281   0.14185858E+03
 1282   0.16069702E+03
 1283   0.13068091E+03
 1284   0.11126583E+03
 1285   0.78705050E+02
 1286   0.57140360E+02
 1287   0.41478770E+02
 1288   0.31423930E+02
 1289   0.28649420E+02
 1290   0.36807383E+03
 1291   0.83515968E+03
 1292   0.61248520E+03
 1293   0.42950814E+03
 1294   0.25227989E+03
 1295   0.15713402E+03
 1296   0.10413143E+03
 1297   0.73086350E+02
 1298   0.53930790E+02
 1299   0.41553150E+02
 1300   0.32489840E+02
 1301   0.25574460E+02
 1302   0.24128420E+02
 1303   0.92405000E+02
 1304   0.26938262E+03
 1305   0.16535749E+03
 1306   0.97489360E+02
 1307   0.58228700E+02
 1308   0.49273820E+02
 1309   0.48444400E+02
 1310   0.62009470E+02
 1311   0.58820290E+02
 1312   0.41375140E+02
 1313   0.30780460E+02
 1314   0.29164920E+02
 1315   0.33636020E+02
 1316   0.80897140E+02
 1317   0.77899540E+02
 1318   0.76158250E+02
 1319   0.12321197E+03
 1320   0.15892497E+03
 1321   0.11043728E+03
 1322   0.12662715E+03
 1323   0.13662141E+03
 1324   0.10488835E+03
 1325   0.71088470E+02
 1326   0.48205290E+02
 1327   0.41417570E+02
 1328   0.36230510E+02
 1329   0.29684640E+02
 1330   0.24785610E+02
 1331   0.20471680E+02
 1332   0.16822150E+02
 1333   0.13498390E+02
 1334   0.10780350E+02
 1335   0.78528600E+01
 1336   0.62125300E+01
 1337   0.51743600E+01
 1338   0.44286900E+01
 1339   0.37501200E+01
 1340   0.31186600E+01
 1341   0.25616900E+01
 1342   0.21286900E+01
 1343   0.19024600E+01
 1344   0.20400390E+02
 1345   0.75577090E+02
 1346   0.83660183E+03
 1347   0.45699308E+03
 1348   0.25695343E+03
 1349   0.15650450E+03
 1350   0.10275696E+03
 1351   0.71577930E+02
 1352   0.51842430E+02
 1353   0.38755450E+02
 1354   0.29048380E+02
 1355   0.22478730E+02
 1356   0.29586530E+02
 1357   0.28890260E+02
 1358   0.24129460E+02
 1359   0.41284460E+02
 1360   0.60298650E+02
 1361   0.52471930E+02
 1362   0.43042620E+02
 1363   0.36186180E+02
 1364   0.33328340E+02
 1365   0.16893181E+03
 1366   0.92637531E+03
 1367   0.68418490E+03
 1368   0.47772346E+03
 1369   0.29221018E+03
 1370   0.18571919E+03
 1371   0.12375807E+03
 1372   0.85935070E+02
 1373   0.61873420E+02
 1374   0.47029400E+02
 1375   0.54080690E+02
 1376   0.76905670E+02
 1377   0.66017950E+02
 1378   0.57056740E+02
 1379   0.73493610E+02
 1380   0.96751790E+02
 1381   0.16179034E+03
 1382   0.17936965E+03
 1383   0.13768596E+03
 1384   0.11369015E+03
 1385   0.12698127E+03
 1386   0.24009466E+03
 1387   0.31142747E+03
 1388   0.21710037E+03
 1389   0.15634128E+03
 1390   0.11266090E+03
 1391   0.80681020E+02
 1392   0.58649390E+02
 1393   0.43577210E+02
 1394   0.37586250E+02
 1395   0.54041120E+02
 1396   0.83080190E+02
 1397   0.80888590E+02
 1398   0.64939560E+02
 1399   0.48007680E+02
 1400   0.41935610E+02
 1401   0.41607790E+02
 1402   0.57271040E+02
 1403   0.79374340E+02
 1404   0.65412470E+02
 1405   0.47602600E+02
 1406   0.35108700E+02
 1407   0.27820710E+02
 1408   0.22621920E+02
 1409   0.18641880E+02
 1410   0.15450530E+02
 1411   0.12736220E+02
 1412   0.10391140E+02
 1413   0.84064300E+01
 1414   0.74187000E+01
 1415   0.60262700E+01
 1416   0.48910100E+01
 1417   0.37994100E+01
 1418   0.29923800E+01
 1419   0.24910400E+01
 1420   0.21891600E+01
 1421   0.19500000E+01
 1422   0.17594400E+01
 1423   0.15770400E+01
 1424   0.14260000E+01
 1425   0.12991900E+01
 1426   0.11834600E+01
 1427   0.37327400E+01
 1428   0.33385200E+01
 1429   0.26226400E+01
 1430   0.21417500E+01
 1431   0.16957500E+01
 1432   0.13968700E+01
 1433   0.12172300E+01
 1434   0.10888700E+01
 1435   0.99762000E+00
 1436   0.90328000E+00
 1437   0.10153400E+01
 1438   0.97844000E+00
 1439   0.85361000E+00
 1440   0.67978000E+00
 1441   0.56644000E+00
 1442   0.50672000E+00
 1443   0.46620000E+00
 1444   0.43110000E+00
 1445   0.39886000E+00
 1446   0.36887000E+00
 1447   0.34058000E+00
 1448   0.31356000E+00
 1449   0.35148000E+00
 1450   0.32324000E+00
 1451   0.28932000E+00
 1452   0.26276000E+00
 1453   0.23986000E+00
 1454   0.31952000E+00
 1455   0.45891000E+00
 1456   0.38355000E+00
 1457   0.33200000E+00
 1458   0.28680000E+00
 1459   0.25065000E+00
 1460   0.22895000E+00
 1461   0.21530000E+00
 1462   0.20384000E+00
 1463   0.21139000E+00
 1464   0.19278000E+00
 1465   0.18032000E+00
 1466   0.26819700E+01
 1467   0.11432220E+02
 1468   0.12318010E+02
 1469   0.90758100E+01
 1470   0.52322300E+01
 1471   0.50092300E+01
 1472   0.56255500E+01
 1473   0.53111200E+01
 1474   0.45024900E+01
 1475   0.38957200E+01
 1476   0.46569200E+01
 1477   0.70951600E+01
 1478   0.78645700E+01
 1479   0.77849700E+01
 1480   0.72497300E+01
 1481   0.64756800E+01
 1482   0.56141700E+01
 1483   0.48483400E+01
 1484   0.42234800E+01
 1485   0.37170900E+01
 1486   0.33019200E+01
 1487   0.27769400E+01
 1488   0.21880800E+01
 1489   0.18224300E+01
 1490   0.16035600E+01
 1491   0.14764300E+01
 1492   0.13667200E+01
 1493   0.12916100E+01
 1494   0.12335100E+01
 1495   0.11769600E+01
 1496   0.11103900E+01
 1497   0.10809700E+01
 1498   0.97856000E+00
 1499   0.83712000E+00
 1500   0.72032000E+00
 1501   0.11299500E+01
 1502   0.27606500E+01
 1503   0.27429700E+01
 1504   0.24245000E+01
 1505   0.20793100E+01
 1506   0.16916100E+01
 1507   0.13596800E+01
 1508   0.11375800E+01
 1509   0.21963600E+01
 1510   0.36127100E+01
 1511   0.36053000E+01
 1512   0.12760290E+02
 1513   0.25357950E+02
 1514   0.45769050E+02
 1515   0.10438834E+03
 1516   0.18935246E+03
 1517   0.30017510E+03
 1518   0.31152588E+03
 1519   0.22449100E+03
 1520   0.15229417E+03
 1521   0.10700876E+03
 1522   0.78808770E+02
 1523   0.59507460E+02
 1524   0.45881040E+02
 1525   0.35794370E+02
 1526   0.28166900E+02
 1527   0.22477690E+02
 1528   0.17687780E+02
 1529   0.26425500E+02
 1530   0.32010420E+02
 1531   0.25243110E+02
 1532   0.19700770E+02
 1533   0.16774160E+02
 1534   0.13603200E+02
 1535   0.10357820E+02
 1536   0.78260500E+01
 1537   0.62885700E+01
 1538   0.96209800E+01
 1539   0.10663660E+02
 1540   0.11302930E+02
 1541   0.11458540E+02
 1542   0.11486720E+02
 1543   0.10272640E+02
 1544   0.85907200E+01
 1545   0.71535300E+01
 1546   0.60916800E+01
 1547   0.64661000E+01
 1548   0.55703500E+01
 1549   0.45184300E+01
 1550   0.35185800E+01
 1551   0.11423320E+02
 1552   0.34378700E+02
 1553   0.10239215E+03
 1554   0.88565820E+02
 1555   0.88660760E+02
 1556   0.26247105E+03
 1557   0.26281831E+03
 1558   0.20013344E+03
 1559   0.22554369E+03
 1560   0.17277391E+03
 1561   0.11744001E+03
 1562   0.84240850E+02
 1563   0.73036250E+02
 1564   0.67033470E+02
 1565   0.57148380E+02
 1566   0.48116570E+02
 1567   0.38561590E+02
 1568   0.33098960E+02
 1569   0.27506100E+02
 1570   0.20386600E+02
 1571   0.15852620E+02
 1572   0.17241000E+02
 1573   0.18155110E+02
 1574   0.15987370E+02
 1575   0.13138560E+02
 1576   0.11173740E+02
 1577   0.95796100E+01
 1578   0.78958500E+01
 1579   0.63228900E+01
 1580   0.51041100E+01
 1581   0.39829300E+01
 1582   0.31457400E+01
 1583   0.10192180E+02
 1584   0.11001830E+02
 1585   0.85863900E+01
 1586   0.63441500E+01
 1587   0.55244000E+01
 1588   0.51637800E+01
 1589   0.66738020E+02
 1590   0.10110174E+03
 1591   0.97712460E+02
 1592   0.20318419E+03
 1593   0.14896726E+03
 1594   0.14961392E+03
 1595   0.17649958E+03
 1596   0.20628922E+03
 1597   0.29919806E+03
 1598   0.32903375E+03
 1599   0.21279651E+03
 1600   0.19930448E+03
 1601   0.13506824E+03
 1602   0.88214420E+02
 1603   0.60239880E+02
 1604   0.49101260E+02
 1605   0.47261050E+02
 1606   0.43428740E+02
 1607   0.39620420E+02
 1608   0.51723720E+02
 1609   0.42814150E+02
 1610   0.29802060E+02
 1611   0.28677130E+02
 1612   0.48487450E+02
 1613   0.42607630E+02
 1614   0.28756520E+02
 1615   0.32857470E+02
 1616   0.13730057E+03
 1617   0.95018100E+02
 1618   0.78204620E+02
 1619   0.61060820E+02
 1620   0.41613460E+02
 1621   0.27635150E+02
 1622   0.20240690E+02
 1623   0.22840830E+02
 1624   0.32092590E+02
 1625   0.52141100E+02
 1626   0.46800550E+02
 1627   0.33606060E+02
 1628   0.54234640E+02
 1629   0.22266858E+03
 1630   0.51784211E+03
 1631   0.18463137E+04
 1632   0.13248120E+04
 1633   0.65170184E+03
 1634   0.34044299E+03
 1635   0.26569584E+03
 1636   0.19119938E+03
 1637   0.20812978E+03
 1638   0.36181692E+03
 1639   0.68861154E+03
 1640   0.96216654E+03
 1641   0.68897231E+03
 1642   0.38158804E+03
 1643   0.21861371E+03
 1644   0.13621460E+03
 1645   0.91746660E+02
 1646   0.65261620E+02
 1647   0.48095130E+02
 1648   0.36265010E+02
 1649   0.27805960E+02
 1650   0.21747450E+02
 1651   0.19589160E+02
 1652   0.14800680E+02
 1653   0.11585490E+02
 1654   0.95556100E+01
 1655   0.82492900E+02
 1656   0.12079643E+03
 1657   0.17454122E+03
 1658   0.13813909E+03
 1659   0.91078810E+02
 1660   0.60382840E+02
 1661   0.41289660E+02
 1662   0.32404300E+02
 1663   0.26875510E+02
 1664   0.25520200E+02
 1665   0.29055820E+02
 1666   0.11898602E+03
 1667   0.21915808E+03
 1668   0.38199613E+03
 1669   0.61015905E+03
 1670   0.56943351E+03
 1671   0.66773470E+03
 1672   0.56899736E+03
 1673   0.67004423E+03
 1674   0.75110888E+03
 1675   0.71997918E+03
 1676   0.73180572E+03
 1677   0.55365007E+03
 1678   0.38182784E+03
 1679   0.26903250E+03
 1680   0.31919438E+03
 1681   0.39925959E+03
 1682   0.35998596E+03
 1683   0.26387243E+03
 1684   0.17667906E+03
 1685   0.16629212E+03
 1686   0.21719796E+03
 1687   0.16577542E+03
 1688   0.10940576E+03
 1689   0.13404949E+03
 1690   0.11038565E+03
 1691   0.79282750E+02
 1692   0.56463220E+02
 1693   0.41466440E+02
 1694   0.32052410E+02
 1695   0.25029070E+02
 1696   0.19739320E+02
 1697   0.15657040E+02
 1698   0.12283040E+02
 1699   0.11491240E+02
 1700   0.19234980E+02
 1701   0.20505770E+02
 1702   0.14373510E+02
 1703   0.10359270E+02
 1704   0.72940000E+01
 1705   0.56691900E+01
 1706   0.52771400E+01
 1707   0.43225200E+01
 1708   0.35397500E+01
 1709   0.18612610E+02
 1710   0.15581677E+03
 1711   0.17689390E+03
 1712   0.11449274E+03
 1713   0.98110250E+02
 1714   0.86095370E+02
 1715   0.68017690E+02
 1716   0.51764330E+02
 1717   0.39447960E+02
 1718   0.30330080E+02
 1719   0.23750070E+02
 1720   0.18868650E+02
 1721   0.15099090E+02
 1722   0.12020000E+02
 1723   0.90436400E+01
 1724   0.67787600E+01
 1725   0.56396100E+01
 1726   0.97782800E+01
 1727   0.33821940E+02
 1728   0.46052070E+02
 1729   0.81427640E+02
 1730   0.94436660E+02
 1731   0.69811890E+02
 1732   0.50395020E+02
 1733   0.35757820E+02
 1734   0.26074950E+02
 1735   0.20733930E+02
 1736   0.17075340E+02
 1737   0.14154840E+02
 1738   0.11572080E+02
 1739   0.93110300E+01
 1740   0.88790200E+01
 1741   0.73018600E+01
 1742   0.59972100E+01
 1743   0.47081700E+01
 1744   0.38483500E+01
 1745   0.29368900E+01
 1746   0.23027600E+01
 1747   0.19059200E+01
 1748   0.17221300E+01
 1749   0.15246800E+01
 1750   0.85062800E+01
 1751   0.25504450E+02
 1752   0.28278588E+03
 1753   0.20538196E+03
 1754   0.14531181E+03
 1755   0.89216260E+02
 1756   0.72204450E+02
 1757   0.64072710E+02
 1758   0.50299400E+02
 1759   0.38515920E+02
 1760   0.29748730E+02
 1761   0.23292020E+02
 1762   0.18394390E+02
 1763   0.14630680E+02
 1764   0.10978410E+02
 1765   0.76564400E+01
 1766   0.60920000E+01
 1767   0.51308500E+01
 1768   0.44295100E+01
 1769   0.37765800E+01
 1770   0.31935400E+01
 1771   0.27353900E+01
 1772   0.23115700E+01
 1773   0.19863700E+01
 1774   0.16973700E+01
 1775   0.14314000E+01
 1776   0.12350300E+01
 1777   0.10952500E+01
 1778   0.99305000E+00
 1779   0.91347000E+00
 1780   0.81643000E+00
 1781   0.74341000E+00
 1782   0.69627000E+00
 1783   0.65627000E+00
 1784   0.61573000E+00
 1785   0.57279000E+00
 1786   0.52959000E+00
 1787   0.48458000E+00
 1788   0.43285000E+00
 1789   0.38358000E+00
 1790   0.34319000E+00
 1791   0.30964000E+00
 1792   0.28054000E+00
 1793   0.22950100E+01
 1794   0.15707500E+01
 1795   0.13376900E+01
 1796   0.10968200E+01
 1797   0.69637000E+00
 1798   0.49926000E+00
 1799   0.86298000E+00
 1800   0.57743300E+01
 1801   0.85792300E+01
 1802   0.83321300E+01
 1803   0.57778900E+01
 1804   0.59373000E+01
 1805   0.82992300E+01
 1806   0.82680300E+01
 1807   0.29218780E+02
 1808   0.64360390E+02
 1809   0.11203835E+03
 1810   0.11194589E+03
 1811   0.99797520E+02
 1812   0.15930886E+03
 1813   0.12678247E+03
 1814   0.89637390E+02
 1815   0.63556090E+02
 1816   0.46547700E+02
 1817   0.35898250E+02
 1818   0.27960530E+02
 1819   0.21984160E+02
 1820   0.17567880E+02
 1821   0.14127140E+02
 1822   0.11381470E+02
 1823   0.13127190E+02
 1824   0.12145730E+02
 1825   0.95268900E+01
 1826   0.69607200E+01
 1827   0.50801900E+01
 1828   0.74819700E+01
 1829   0.76941100E+01
 1830   0.71446400E+01
 1831   0.68105000E+01
 1832   0.83426600E+01
 1833   0.10401140E+02
 1834   0.22555170E+02
 1835   0.49677110E+02
 1836   0.43548440E+02
 1837   0.33143470E+02
 1838   0.27018330E+02
 1839   0.21997720E+02
 1840   0.17789650E+02
 1841   0.14313900E+02
 1842   0.11692250E+02
 1843   0.97912800E+01
 1844   0.81994700E+01
 1845   0.69951600E+01
 1846   0.57983900E+01
 1847   0.46791400E+01
 1848   0.42476500E+01
 1849   0.40726000E+01
 1850   0.39259300E+01
 1851   0.36485700E+01
 1852   0.33171600E+01
 1853   0.31554100E+01
 1854   0.37468000E+01
 1855   0.33022300E+01
 1856   0.27319900E+01
 1857   0.21374900E+01
 1858   0.17331400E+01
 1859   0.14679000E+01
 1860   0.13237900E+01
 1861   0.12219100E+01
 1862   0.11494400E+01
 1863   0.10891700E+01
 1864   0.10355500E+01
 1865   0.97394000E+00
 1866   0.89028000E+00
 1867   0.76460000E+00
 1868   0.70417000E+00
 1869   0.19780800E+01
 1870   0.17102800E+01
 1871   0.14244400E+01
 1872   0.12586100E+01
 1873   0.11457600E+01
 1874   0.10543000E+01
 1875   0.10062300E+01
 1876   0.10565600E+01
 1877   0.12114100E+01
 1878   0.12949000E+01
 1879   0.12810000E+01
 1880   0.42529400E+01
 1881   0.14429700E+02
 1882   0.21414060E+02
 1883   0.19561150E+02
 1884   0.42268170E+02
 1885   0.56041510E+02
 1886   0.43144150E+02
 1887   0.37748470E+02
 1888   0.28720030E+02
 1889   0.25402170E+02
 1890   0.29265100E+02
 1891   0.31717270E+02
 1892   0.28815060E+02
 1893   0.25330180E+02
 1894   0.21135590E+02
 1895   0.17406500E+02
 1896   0.14386760E+02
 1897   0.11281040E+02
 1898   0.82532000E+01
 1899   0.66844400E+01
 1900   0.58350100E+01
 1901   0.50295400E+01
 1902   0.43220500E+01
 1903   0.36763200E+01
 1904   0.31454400E+01
 1905   0.71763000E+01
 1906   0.71026280E+02
 1907   0.74585640E+02
 1908   0.66952430E+02
 1909   0.54431070E+02
 1910   0.65696810E+02
 1911   0.11726578E+03
 1912   0.92737960E+02
 1913   0.69218540E+02
 1914   0.52698590E+02
 1915   0.44837070E+02
 1916   0.42384590E+02
 1917   0.39081150E+02
 1918   0.34121660E+02
 1919   0.27151430E+02
 1920   0.22166110E+02
 1921   0.18270040E+02
 1922   0.14875560E+02
 1923   0.11958780E+02
 1924   0.96259700E+01
 1925   0.77380200E+01
 1926   0.64463900E+01
 1927   0.52890200E+01
 1928   0.41354700E+01
 1929   0.30774100E+01
 1930   0.24460300E+01
 1931   0.20626900E+01
 1932   0.18075900E+01
 1933   0.56821600E+01
 1934   0.16031630E+02
 1935   0.27744700E+02
 1936   0.23727840E+02
 1937   0.15999200E+02
 1938   0.10503680E+02
 1939   0.69559000E+01
 1940   0.51701300E+01
 1941   0.82704400E+01
 1942   0.71961700E+01
 1943   0.57536900E+01
 1944   0.41650600E+01
 1945   0.31540500E+01
 1946   0.25764700E+01
 1947   0.22770500E+01
 1948   0.18606700E+01
 1949   0.15511400E+01
 1950   0.13148600E+01
 1951   0.11285600E+01
 1952   0.97574000E+00
 1953   0.15157900E+01
 1954   0.10675200E+01
 1955   0.95395000E+00
 1956   0.77550000E+00
 1957   0.65996000E+00
 1958   0.62240000E+00
 1959   0.60630000E+00
 1960   0.59871000E+00
 1961   0.12705900E+01
 1962   0.12091900E+01
 1963   0.34125600E+02
 1964   0.16461340E+03
 1965   0.24028069E+03
 1966   0.40517507E+03
 1967   0.23201084E+03
 1968   0.14441479E+03
 1969   0.91736540E+02
 1970   0.63296440E+02
 1971   0.46645610E+02
 1972   0.35309840E+02
 1973   0.27325160E+02
 1974   0.21468370E+02
 1975   0.17167440E+02
 1976   0.19651470E+02
 1977   0.17911840E+02
 1978   0.14173290E+02
 1979   0.98111300E+01
 1980   0.84344800E+01
 1981   0.37642430E+02
 1982   0.10075387E+03
 1983   0.65091300E+02
 1984   0.53160970E+02
 1985   0.34798440E+02
 1986   0.23052370E+02
 1987   0.16169950E+02
 1988   0.12991620E+02
 1989   0.19346570E+02
 1990   0.61824960E+02
 1991   0.18012842E+03
 1992   0.22776391E+03
 1993   0.22965403E+03
 1994   0.30121136E+03
 1995   0.27248146E+03
 1996   0.18780059E+03
 1997   0.12400347E+03
 1998   0.84427110E+02
 1999   0.60258790E+02
 2000   0.43654660E+02
 2001   0.33828150E+02
 2002   0.37065230E+02
 2003   0.35385370E+02
 2004   0.26589700E+02
 2005   0.20712500E+02
 2006   0.17271900E+02
 2007   0.15647590E+02
 2008   0.12870000E+02
 2009   0.10881400E+02
 2010   0.10770630E+02
 2011   0.15225310E+02
 2012   0.23222460E+02
 2013   0.38292850E+02
 2014   0.42928180E+02
 2015   0.39356950E+02
 2016   0.34345180E+02
 2017   0.33980490E+02
 2018   0.28477370E+02
 2019   0.22001280E+02
 2020   0.16955930E+02
 2021   0.12664370E+02
 2022   0.96564200E+01
 2023   0.76206300E+01
 2024   0.62069400E+01
 2025   0.50884000E+01
 2026   0.43279300E+01
 2027   0.39076900E+01
 2028   0.36542100E+01
 2029   0.35135600E+01
 2030   0.32155000E+01
 2031   0.28419700E+01
 2032   0.24099800E+01
 2033   0.20368900E+01
 2034   0.18632700E+01
 2035   0.17267400E+01
 2036   0.15886000E+01
 2037   0.14896800E+01
 2038   0.13659200E+01
 2039   0.19940400E+01
 2040   0.25407320E+02
 2041   0.93774460E+02
 2042   0.13563855E+03
 2043   0.10769863E+03
 2044   0.94863410E+02
 2045   0.83355160E+02
 2046   0.69287550E+02
 2047   0.54752720E+02
 2048   0.47692600E+02
 2049   0.43515980E+02
 2050   0.25062484E+03
 2051   0.22166881E+03
 2052   0.25024023E+03
 2053   0.19632830E+03
 2054   0.26069186E+03
 2055   0.21719565E+03
 2056   0.14381304E+03
 2057   0.98847680E+02
 2058   0.73265160E+02
 2059   0.57086940E+02
 2060   0.42370070E+02
 2061   0.31010850E+02
 2062   0.27383600E+02
 2063   0.60633540E+02
 2064   0.68235340E+02
 2065   0.66494280E+02
 2066   0.86809550E+02
 2067   0.63490830E+02
 2068   0.45249080E+02
 2069   0.32628480E+02
 2070   0.25218660E+02
 2071   0.22702150E+02
 2072   0.23270620E+02
 2073   0.21537510E+02
 2074   0.19303040E+02
 2075   0.16683770E+02
 2076   0.13986470E+02
 2077   0.11359300E+02
 2078   0.91078500E+01
 2079   0.72743500E+01
 2080   0.59586100E+01
 2081   0.47956000E+01
 2082   0.38021400E+01
 2083   0.28507200E+01
 2084   0.22973800E+01
 2085   0.19205100E+01
 2086   0.16869500E+01
 2087   0.15064800E+01
 2088   0.13632000E+01
 2089   0.12406300E+01
 2090   0.11208600E+01
 2091   0.10131500E+01
 2092   0.91176000E+00
 2093   0.79233000E+00
 2094   0.69814000E+00
 2095   0.62426000E+00
 2096   0.57192000E+00
 2097   0.52968000E+00
 2098   0.49219000E+00
 2099   0.45821000E+00
 2100   0.42698000E+00
 2101   0.39794000E+00
 2102   0.55112000E+00
 2103   0.42135000E+00
 2104   0.38741000E+00
 2105   0.37343000E+00
 2106   0.36761000E+00
 2107   0.36509000E+00
 2108   0.36356000E+00
 2109   0.36104000E+00
 2110   0.35699000E+00
 2111   0.35051000E+00
 2112   0.34139000E+00
 2113   0.36435000E+00
 2114   0.33657000E+00
 2115   0.31915000E+00
 2116   0.30919000E+00
 2117   0.16220080E+02
 2118   0.54497060E+02
 2119   0.46466070E+02
 2120   0.40896000E+02
 2121   0.34982770E+02
 2122   0.24925600E+02
 2123   0.18823460E+02
 2124   0.28474630E+02
 2125   0.35310080E+02
 2126   0.30436870E+02
 2127   0.24880870E+02
 2128   0.20011970E+02
 2129   0.16141560E+02
 2130   0.12975430E+02
 2131   0.10125720E+02
 2132   0.79578100E+01
 2133   0.67755500E+01
 2134   0.50232600E+01
 2135   0.42667900E+01
 2136   0.41163500E+01
 2137   0.44945300E+01
 2138   0.40254500E+01
 2139   0.35979800E+01
 2140   0.30988600E+01
 2141   0.26443100E+01
 2142   0.22466800E+01
 2143   0.18923600E+01
 2144   0.15832900E+01
 2145   0.13683400E+01
 2146   0.12149400E+01
 2147   0.11022700E+01
 2148   0.10096900E+01
 2149   0.93629000E+00
 2150   0.86100000E+00
 2151   0.76767000E+00
 2152   0.70930000E+00
 2153   0.96580000E+00
 2154   0.89290000E+00
 2155   0.77640000E+00
 2156   0.63377000E+00
 2157   0.53970000E+00
 2158   0.48424000E+00
 2159   0.45086000E+00
 2160   0.42673000E+00
 2161   0.40526000E+00
 2162   0.38412000E+00
 2163   0.36239000E+00
 2164   0.33839000E+00
 2165   0.31115000E+00
 2166   0.28289000E+00
 2167   0.25644000E+00
 2168   0.23308000E+00
 2169   0.21292000E+00
 2170   0.19558000E+00
 2171   0.18060000E+00
 2172   0.16758000E+00
 2173   0.15616000E+00
 2174   0.14607000E+00
 2175   0.13707000E+00
 2176   0.12900000E+00
 2177   0.12171000E+00
 2178   0.11509000E+00
 2179   0.32545700E+01
 2180   0.80068100E+01
 2181   0.92427200E+01
 2182   0.75967900E+01
 2183   0.46719000E+01
 2184   0.29412300E+01
 2185   0.19284100E+01
 2186   0.14401200E+01
 2187   0.12943400E+01
 2188   0.10915900E+01
 2189   0.96706000E+00
 2190   0.87470000E+00
 2191   0.39334600E+01
 2192   0.64743300E+01
 2193   0.54985400E+01
 2194   0.40898200E+01
 2195   0.28020600E+01
 2196   0.20316000E+01
 2197   0.16569200E+01
 2198   0.15779500E+01
 2199   0.16572500E+01
 2200   0.17488600E+01
 2201   0.30572000E+01
 2202   0.78899600E+01
 2203   0.97086100E+01
 2204   0.96602800E+01
 2205   0.81717200E+01
 2206   0.64232000E+01
 2207   0.54772000E+01
 2208   0.48667300E+01
 2209   0.45151700E+01
 2210   0.40029500E+01
 2211   0.34956100E+01
 2212   0.30235300E+01
 2213   0.25842600E+01
 2214   0.22193500E+01
 2215   0.19000400E+01
 2216   0.28485600E+01
 2217   0.30906060E+02
 2218   0.48392740E+02
 2219   0.69138570E+02
 2220   0.12269233E+03
 2221   0.14316018E+03
 2222   0.10123751E+03
 2223   0.72217470E+02
 2224   0.53148360E+02
 2225   0.39123620E+02
 2226   0.29456080E+02
 2227   0.23598820E+02
 2228   0.19237060E+02
 2229   0.15651970E+02
 2230   0.12636480E+02
 2231   0.10057650E+02
 2232   0.81289300E+01
 2233   0.68409100E+01
 2234   0.84500000E+01
 2235   0.85351800E+01
 2236   0.71517900E+01
 2237   0.50840000E+01
 2238   0.38128300E+01
 2239   0.33475500E+01
 2240   0.10771370E+02
 2241   0.14488510E+02
 2242   0.13487250E+02
 2243   0.96858700E+01
 2244   0.88013000E+01
 2245   0.93102800E+01
 2246   0.73345100E+01
 2247   0.54233400E+01
 2248   0.41559100E+01
 2249   0.37194900E+01
 2250   0.53985100E+01
 2251   0.47845200E+01
 2252   0.43714000E+01
 2253   0.14341330E+02
 2254   0.20094050E+02
 2255   0.19939980E+02
 2256   0.23378850E+02
 2257   0.21562030E+02
 2258   0.17705580E+02
 2259   0.17110720E+02
 2260   0.19075510E+02
 2261   0.29918910E+02
 2262   0.65931390E+02
 2263   0.89547340E+02
 2264   0.83130060E+02
 2265   0.10113545E+03
 2266   0.10536709E+03
 2267   0.10661437E+03
 2268   0.87478160E+02
 2269   0.75890540E+02
 2270   0.10155647E+03
 2271   0.14010104E+03
 2272   0.14848103E+03
 2273   0.12360561E+03
 2274   0.12741751E+03
 2275   0.13991486E+03
 2276   0.11051143E+03
 2277   0.84005150E+02
 2278   0.60627640E+02
 2279   0.45685400E+02
 2280   0.34850290E+02
 2281   0.27085660E+02
 2282   0.23095770E+02
 2283   0.20054110E+02
 2284   0.17224010E+02
 2285   0.14114000E+02
 2286   0.11053300E+02
 2287   0.10224290E+02
 2288   0.70109000E+01
 2289   0.54059400E+01
 2290   0.46302600E+01
 2291   0.43304400E+01
 2292   0.40016600E+01
 2293   0.36267500E+01
 2294   0.30877700E+01
 2295   0.25471500E+01
 2296   0.21885200E+01
 2297   0.18424500E+01
 2298   0.15165900E+01
 2299   0.13006000E+01
 2300   0.11528300E+01
 2301   0.10557100E+01
 2302   0.98461000E+00
 2303   0.12453400E+01
 2304   0.27909600E+01
 2305   0.59867500E+01
 2306   0.13997040E+02
 2307   0.30000140E+02
 2308   0.34129150E+02
 2309   0.29336540E+02
 2310   0.39981560E+02
 2311   0.37964130E+02
 2312   0.31349180E+02
 2313   0.28688280E+02
 2314   0.29978640E+02
 2315   0.29132950E+02
 2316   0.25462080E+02
 2317   0.26685630E+02
 2318   0.22841090E+02
 2319   0.17088430E+02
 2320   0.13245100E+02
 2321   0.10663410E+02
 2322   0.21414060E+02
 2323   0.33424120E+02
 2324   0.26842110E+02
 2325   0.29578960E+02
 2326   0.42507210E+02
 2327   0.34520810E+02
 2328   0.27130270E+02
 2329   0.26447990E+02
 2330   0.49749110E+02
 2331   0.67967680E+02
 2332   0.55010260E+02
 2333   0.43082540E+02
 2334   0.42822010E+02
 2335   0.10910890E+03
 2336   0.13070193E+03
 2337   0.35396249E+03
 2338   0.27975657E+03
 2339   0.18081685E+03
 2340   0.12033941E+03
 2341   0.84856300E+02
 2342   0.61256830E+02
 2343   0.45339040E+02
 2344   0.36972560E+02
 2345   0.46083890E+02
 2346   0.40880920E+02
 2347   0.33829190E+02
 2348   0.29028140E+02
 2349   0.28337870E+02
 2350   0.88140240E+02
 2351   0.92012810E+02
 2352   0.68197860E+02
 2353   0.48500650E+02
 2354   0.36116680E+02
 2355   0.36589560E+02
 2356   0.55430670E+02
 2357   0.80790870E+02
 2358   0.12333892E+03
 2359   0.12279158E+03
 2360   0.90751970E+02
 2361   0.66978850E+02
 2362   0.57700320E+02
 2363   0.60529040E+02
 2364   0.48508130E+02
 2365   0.34377850E+02
 2366   0.25177420E+02
 2367   0.23166290E+02
 2368   0.34691530E+02
 2369   0.55161780E+02
 2370   0.74515040E+02
 2371   0.66273610E+02
 2372   0.91585270E+02
 2373   0.14588030E+03
 2374   0.11757042E+03
 2375   0.11693146E+03
 2376   0.11727579E+03
 2377   0.83081910E+02
 2378   0.58852530E+02
 2379   0.58351010E+02
 2380   0.95028520E+02
 2381   0.83238350E+02
 2382   0.77758360E+02
 2383   0.57201840E+02
 2384   0.44471520E+02
 2385   0.41853690E+02
 2386   0.76011060E+02
 2387   0.20889934E+03
 2388   0.16431320E+03
 2389   0.10854102E+03
 2390   0.12973518E+03
 2391   0.18485275E+03
 2392   0.30104575E+03
 2393   0.19987814E+03
 2394   0.10648151E+03
 2395   0.63701950E+02
 2396   0.43074590E+02
 2397   0.32246800E+02
 2398   0.25325520E+02
 2399   0.20141450E+02
 2400   0.16217880E+02
 2401   0.12310080E+02
 2402   0.95267100E+01
 2403   0.75887000E+01
 2404   0.10429420E+02
 2405   0.34676395E+03
 2406   0.61622566E+03
 2407   0.64923776E+03
 2408   0.35078879E+03
 2409   0.20144013E+03
 2410   0.12392662E+03
 2411   0.83931840E+02
 2412   0.62001610E+02
 2413   0.50155090E+02
 2414   0.37804770E+02
 2415   0.28383580E+02
 2416   0.21886260E+02
 2417   0.34694610E+02
 2418   0.90390370E+02
 2419   0.73411620E+02
 2420   0.48731730E+02
 2421   0.31927670E+02
 2422   0.21946610E+02
 2423   0.15835050E+02
 2424   0.11302610E+02
 2425   0.86162900E+01
 2426   0.94662800E+01
 2427   0.58558660E+02
 2428   0.14769880E+03
 2429   0.15578449E+03
 2430   0.10402846E+03
 2431   0.71563390E+02
 2432   0.52693500E+02
 2433   0.40276520E+02
 2434   0.31497210E+02
 2435   0.24622810E+02
 2436   0.19421940E+02
 2437   0.15430740E+02
 2438   0.11979120E+02
 2439   0.91542100E+01
 2440   0.68510000E+01
 2441   0.54139500E+01
 2442   0.41558700E+01
 2443   0.27533920E+02
 2444   0.99427280E+02
 2445   0.10326814E+03
 2446   0.13776656E+03
 2447   0.12065847E+03
 2448   0.91117510E+02
 2449   0.76833420E+02
 2450   0.53160300E+02
 2451   0.38258440E+02
 2452   0.29127720E+02
 2453   0.23932560E+02
 2454   0.27940130E+02
 2455   0.32648020E+02
 2456   0.28019350E+02
 2457   0.22225230E+02
 2458   0.19321760E+02
 2459   0.15902600E+02
 2460   0.12363140E+02
 2461   0.89726100E+01
 2462   0.63002500E+01
 2463   0.49343700E+01
 2464   0.42056100E+01
 2465   0.37274700E+01
 2466   0.32051600E+01
 2467   0.27499900E+01
 2468   0.23470600E+01
 2469   0.19905400E+01
 2470   0.17143800E+01
 2471   0.15010400E+01
 2472   0.12956400E+01
 2473   0.11356600E+01
 2474   0.10138500E+01
 2475   0.93143000E+00
 2476   0.13300300E+01
 2477   0.26581200E+01
 2478   0.68339300E+01
 2479   0.61058900E+01
 2480   0.28498790E+02
 2481   0.88328790E+02
 2482   0.75747540E+02
 2483   0.66362330E+02
 2484   0.54693230E+02
 2485   0.42945490E+02
 2486   0.33677960E+02
 2487   0.26672810E+02
 2488   0.21255400E+02
 2489   0.17134320E+02
 2490   0.14020350E+02
 2491   0.11290940E+02
 2492   0.84835500E+01
 2493   0.61546200E+01
 2494   0.48874600E+01
 2495   0.41475200E+01
 2496   0.36016600E+01
 2497   0.30406800E+01
 2498   0.25959000E+01
 2499   0.21937600E+01
 2500   0.32930000E+01
 2501   0.24725700E+01
 2502   0.20157900E+01
 2503   0.16314400E+01
 2504   0.13797600E+01
 2505   0.12054000E+01
 2506   0.10871400E+01
 2507   0.98803000E+00
 2508   0.91018000E+00
 2509   0.80196000E+00
 2510   0.72893000E+00
 2511   0.68276000E+00
 2512   0.63924000E+00
 2513   0.59071000E+00
 2514   0.53327000E+00
 2515   0.46851000E+00
 2516   0.41163000E+00
 2517   0.36705000E+00
 2518   0.50731400E+01
 2519   0.10804540E+02
 2520   0.26562790E+02
 2521   0.42975220E+02
 2522   0.44806050E+02
 2523   0.61038040E+02
 2524   0.88820010E+02
 2525   0.75117050E+02
 2526   0.59724910E+02
 2527   0.47113970E+02
 2528   0.37201450E+02
 2529   0.29594060E+02
 2530   0.23658210E+02
 2531   0.19062370E+02
 2532   0.15433330E+02
 2533   0.11889840E+02
 2534   0.86155200E+01
 2535   0.68159000E+01
 2536   0.58273500E+01
 2537   0.49736400E+01
 2538   0.43786700E+01
 2539   0.37847000E+01
 2540   0.39197100E+01
 2541   0.32777200E+01
 2542   0.27940700E+01
 2543   0.23551500E+01
 2544   0.19788600E+01
 2545   0.17839300E+01
 2546   0.16908400E+01
 2547   0.16374500E+01
 2548   0.16079700E+01
 2549   0.17586700E+01
 2550   0.28663200E+01
 2551   0.32140800E+01
 2552   0.28233600E+01
 2553   0.25201900E+01
 2554   0.18255800E+01
 2555   0.14626600E+01
 2556   0.12584900E+01
 2557   0.11172800E+01
 2558   0.10219300E+01
 2559   0.95031000E+00
 2560   0.88288000E+00
 2561   0.77941000E+00
 2562   0.80895000E+00
 2563   0.74978000E+00
 2564   0.67820000E+00
 2565   0.60772000E+00
 2566   0.54244000E+00
 2567   0.47332000E+00
 2568   0.85516000E+00
 2569   0.98642000E+00
 2570   0.87855000E+00
 2571   0.61724000E+00
 2572   0.46101000E+00
 2573   0.38491000E+00
 2574   0.34743000E+00
 2575   0.31978000E+00
 2576   0.29140000E+00
 2577   0.26273000E+00
 2578   0.23591000E+00
 2579   0.21197000E+00
 2580   0.19102000E+00
 2581   0.17282000E+00
 2582   0.15702000E+00
 2583   0.14330000E+00
 2584   0.13133000E+00
 2585   0.12086000E+00
 2586   0.14153000E+00
 2587   0.15602000E+00
 2588   0.11552800E+01
 2589   0.20669500E+01
 2590   0.21674500E+01
 2591   0.23456500E+01
 2592   0.25889700E+01
 2593   0.32318500E+01
 2594   0.21418400E+01
 2595   0.14911700E+01
 2596   0.11422200E+01
 2597   0.83457000E+00
 2598   0.73581000E+00
 2599   0.83768300E+01
 2600   0.13086750E+02
 2601   0.14831870E+02
 2602   0.11279430E+02
 2603   0.14845790E+02
 2604   0.18699200E+02
 2605   0.17588040E+02
 2606   0.32752530E+02
 2607   0.59118120E+02
 2608   0.67250350E+02
 2609   0.60082230E+02
 2610   0.48334950E+02
 2611   0.54532720E+02
 2612   0.88320910E+02
 2613   0.68934490E+02
 2614   0.59501880E+02
 2615   0.44087800E+02
 2616   0.43542320E+02
 2617   0.55286800E+02
 2618   0.48882220E+02
 2619   0.39166220E+02
 2620   0.30910320E+02
 2621   0.24474650E+02
 2622   0.20104940E+02
 2623   0.16974100E+02
 2624   0.16193740E+02
 2625   0.14963230E+02
 2626   0.10926680E+02
 2627   0.79982900E+01
 2628   0.65714100E+01
 2629   0.55925000E+01
 2630   0.46797900E+01
 2631   0.40585100E+01
 2632   0.11546580E+02
 2633   0.14865550E+02
 2634   0.14477190E+02
 2635   0.19609520E+02
 2636   0.25856780E+02
 2637   0.25240150E+02
 2638   0.44109090E+02
 2639   0.52338510E+02
 2640   0.48838030E+02
 2641   0.48084300E+02
 2642   0.43840490E+02
 2643   0.36827150E+02
 2644   0.29993750E+02
 2645   0.24010730E+02
 2646   0.19365100E+02
 2647   0.14980770E+02
 2648   0.12235110E+02
 2649   0.10154010E+02
 2650   0.83536500E+01
 2651   0.67839200E+01
 2652   0.56523200E+01
 2653   0.46689000E+01
 2654   0.39117100E+01
 2655   0.32127500E+01
 2656   0.25485000E+01
 2657   0.19816800E+01
 2658   0.16184600E+01
 2659   0.14123600E+01
 2660   0.12973000E+01
 2661   0.12960800E+01
 2662   0.36792000E+01
 2663   0.33764200E+01
 2664   0.28864100E+01
 2665   0.23204100E+01
 2666   0.40614200E+01
 2667   0.45024000E+01
 2668   0.42344700E+01
 2669   0.30999900E+01
 2670   0.24834100E+01
 2671   0.19672500E+01
 2672   0.38582700E+01
 2673   0.30896900E+01
 2674   0.24719600E+01
 2675   0.29197700E+01
 2676   0.22443200E+01
 2677   0.60694500E+01
 2678   0.15324690E+02
 2679   0.17338520E+02
 2680   0.10687490E+02
 2681   0.63058400E+01
 2682   0.90375000E+01
 2683   0.82078200E+01
 2684   0.64622700E+01
 2685   0.46302700E+01
 2686   0.39636800E+01
 2687   0.76154800E+01
 2688   0.14888917E+03
 2689   0.12090406E+03
 2690   0.19061944E+03
 2691   0.14964735E+03
 2692   0.20850336E+03
 2693   0.16311334E+03
 2694   0.11690612E+03
 2695   0.83234620E+02
 2696   0.60547000E+02
 2697   0.44717910E+02
 2698   0.36199410E+02
 2699   0.34998230E+02
 2700   0.29128430E+02
 2701   0.27575840E+02
 2702   0.25381690E+02
 2703   0.22462310E+02
 2704   0.25234500E+02
 2705   0.23804410E+02
 2706   0.19006520E+02
 2707   0.14652660E+02
 2708   0.22001650E+02
 2709   0.24067110E+02
 2710   0.28184470E+02
 2711   0.38238300E+02
 2712   0.44743670E+02
 2713   0.69265850E+02
 2714   0.53552160E+02
 2715   0.37718170E+02
 2716   0.28212250E+02
 2717   0.20759010E+02
 2718   0.17336630E+02
 2719   0.26115840E+02
 2720   0.56740040E+02
 2721   0.80324540E+02
 2722   0.33633276E+03
 2723   0.52110027E+03
 2724   0.82082171E+03
 2725   0.79192309E+03
 2726   0.49481829E+03
 2727   0.33083067E+03
 2728   0.21491346E+03
 2729   0.16249706E+03
 2730   0.40349815E+03
 2731   0.50442126E+03
 2732   0.80730066E+03
 2733   0.52565008E+03
 2734   0.33291501E+03
 2735   0.20382217E+03
 2736   0.13135978E+03
 2737   0.90111300E+02
 2738   0.65604480E+02
 2739   0.47991500E+02
 2740   0.69189520E+02
 2741   0.13461473E+03
 2742   0.82398070E+02
 2743   0.48841860E+02
 2744   0.31073490E+02
 2745   0.20618880E+02
 2746   0.14822530E+02
 2747   0.12798660E+02
 2748   0.14455880E+02
 2749   0.10875920E+02
 2750   0.72332000E+01
 2751   0.58184000E+01
 2752   0.50184300E+01
 2753   0.42546000E+01
 2754   0.35690600E+01
 2755   0.28765100E+01
 2756   0.22977500E+01
 2757   0.20007700E+01
 2758   0.21910700E+01
 2759   0.17595100E+01
 2760   0.13590200E+02
 2761   0.15660013E+03
 2762   0.14797102E+03
 2763   0.21107193E+03
 2764   0.26731743E+03
 2765   0.18333655E+03
 2766   0.18740574E+03
 2767   0.22085144E+03
 2768   0.14303230E+03
 2769   0.95726190E+02
 2770   0.69112090E+02
 2771   0.19556391E+03
 2772   0.27379362E+03
 2773   0.20889264E+03
 2774   0.41148050E+03
 2775   0.38195454E+03
 2776   0.22522936E+03
 2777   0.11430031E+04
 2778   0.70112558E+03
 2779   0.64932203E+03
 2780   0.46592697E+03
 2781   0.24800774E+03
 2782   0.16671043E+03
 2783   0.17605446E+03
 2784   0.14094002E+03
 2785   0.12269990E+03
 2786   0.90662660E+02
 2787   0.62740500E+02
 2788   0.46808560E+02
 2789   0.38066400E+02
 2790   0.32750670E+02
 2791   0.29497460E+02
 2792   0.25591780E+02
 2793   0.21576080E+02
 2794   0.17879780E+02
 2795   0.21306780E+02
 2796   0.95694560E+02
 2797   0.29329736E+04
 2798   0.25316782E+04
 2799   0.15174920E+04
 2800   0.11394729E+04
 2801   0.62528442E+03
 2802   0.32463764E+03
 2803   0.20050388E+03
 2804   0.19569712E+03
 2805   0.16329135E+03
 2806   0.12032112E+03
 2807   0.12658655E+03
 2808   0.15831136E+03
 2809   0.13183486E+03
 2810   0.11356804E+03
 2811   0.88961710E+02
 2812   0.68422700E+02
 2813   0.54641720E+02
 2814   0.51361140E+02
 2815   0.60981320E+02
 2816   0.94623740E+02
 2817   0.22077424E+03
 2818   0.60564206E+03
 2819   0.25497928E+04
 2820   0.12837661E+04
 2821   0.54019060E+03
 2822   0.27743659E+03
 2823   0.16282662E+03
 2824   0.10534343E+03
 2825   0.73255900E+02
 2826   0.53404160E+02
 2827   0.39961480E+02
 2828   0.31156240E+02
 2829   0.24611480E+02
 2830   0.19249270E+02
 2831   0.14810240E+02
 2832   0.11726620E+02
 2833   0.95248200E+01
 2834   0.77264200E+01
 2835   0.64234800E+01
 2836   0.60562500E+01
 2837   0.50027300E+01
 2838   0.41089300E+01
 2839   0.32717300E+01
 2840   0.25460200E+01
 2841   0.20126300E+01
 2842   0.16426900E+01
 2843   0.14209400E+01
 2844   0.12731600E+01
 2845   0.11572400E+01
 2846   0.14661700E+01
 2847   0.14490600E+01
 2848   0.12919800E+01
 2849   0.11611300E+01
 2850   0.14654600E+01
 2851   0.97078700E+01
 2852   0.17520570E+02
 2853   0.27481830E+02
 2854   0.34673350E+02
 2855   0.46321220E+02
 2856   0.55651220E+02
 2857   0.54049210E+02
 2858   0.44943180E+02
 2859   0.35352700E+02
 2860   0.27967350E+02
 2861   0.21904710E+02
 2862   0.17128230E+02
 2863   0.13990480E+02
 2864   0.11505500E+02
 2865   0.93597200E+01
 2866   0.75286700E+01
 2867   0.62902700E+01
 2868   0.51965000E+01
 2869   0.42871300E+01
 2870   0.35473400E+01
 2871   0.28280900E+01
 2872   0.22116100E+01
 2873   0.18138000E+01
 2874   0.15551800E+01
 2875   0.14077400E+01
 2876   0.12957300E+01
 2877   0.12063400E+01
 2878   0.11277400E+01
 2879   0.10502100E+01
 2880   0.10295200E+01
 2881   0.93266000E+00
 2882   0.80921000E+00
 2883   0.70498000E+00
 2884   0.73425000E+00
 2885   0.18893200E+01
 2886   0.16795900E+01
 2887   0.13980500E+01
 2888   0.12369200E+01
 2889   0.10600700E+01
 2890   0.73020000E+00
 2891   0.63371000E+00
 2892   0.60245000E+00
 2893   0.56576000E+00
 2894   0.51701000E+00
 2895   0.45577000E+00
 2896   0.39863000E+00
 2897   0.35234000E+00
 2898   0.31439000E+00
 2899   0.28308000E+00
 2900   0.25824000E+00
 2901   0.23994000E+00
 2902   0.22811000E+00
 2903   0.75775200E+01
 2904   0.12225960E+02
 2905   0.11769720E+02
 2906   0.69498700E+01
 2907   0.51754800E+01
 2908   0.54435400E+01
 2909   0.55501300E+01
 2910   0.48533400E+01
 2911   0.41542700E+01
 2912   0.44959000E+01
 2913   0.76816100E+01
 2914   0.99703700E+01
 2915   0.10517820E+02
 2916   0.95670600E+01
 2917   0.32464750E+02
 2918   0.72301570E+02
 2919   0.52664380E+02
 2920   0.41922900E+02
 2921   0.32764270E+02
 2922   0.25634230E+02
 2923   0.45466280E+02
 2924   0.49018680E+02
 2925   0.39701550E+02
 2926   0.31368660E+02
 2927   0.25459990E+02
 2928   0.20461100E+02
 2929   0.16568760E+02
 2930   0.15410330E+02
 2931   0.13335630E+02
 2932   0.10838440E+02
 2933   0.90377100E+01
 2934   0.65234100E+01
 2935   0.51628200E+01
 2936   0.44345100E+01
 2937   0.38951800E+01
 2938   0.33195900E+01
 2939   0.29510800E+01
 2940   0.25076800E+01
 2941   0.21455000E+01
 2942   0.18426800E+01
 2943   0.43220000E+01
 2944   0.95220500E+01
 2945   0.11117580E+02
 2946   0.11828920E+02
 2947   0.10765140E+02
 2948   0.14444080E+02
 2949   0.16979720E+02
 2950   0.16508740E+02
 2951   0.23213910E+02
 2952   0.32847350E+02
 2953   0.31040190E+02
 2954   0.30297350E+02
 2955   0.30247160E+02
 2956   0.38287250E+02
 2957   0.42395280E+02
 2958   0.47021570E+02
 2959   0.42991270E+02
 2960   0.63498850E+02
 2961   0.76890380E+02
 2962   0.61408260E+02
 2963   0.61801240E+02
 2964   0.72612130E+02
 2965   0.68612190E+02
 2966   0.71473900E+02
 2967   0.56799970E+02
 2968   0.90462800E+02
 2969   0.10130801E+03
 2970   0.10181947E+03
 2971   0.86282530E+02
 2972   0.77238120E+02
 2973   0.85097380E+02
 2974   0.99215070E+02
 2975   0.82115700E+02
 2976   0.67563220E+02
 2977   0.51839160E+02
 2978   0.39852900E+02
 2979   0.31929430E+02
 2980   0.27737670E+02
 2981   0.31131900E+02
 2982   0.30471710E+02
 2983   0.28136000E+02
 2984   0.24310070E+02
 2985   0.19490400E+02
 2986   0.16700330E+02
 2987   0.18988050E+02
 2988   0.18300320E+02
 2989   0.15615220E+02
 2990   0.13648360E+02
 2991   0.12543530E+02
 2992   0.17983990E+02
 2993   0.23581080E+02
 2994   0.22037840E+02
 2995   0.16969620E+02
 2996   0.17577110E+02
 2997   0.16879690E+02
 2998   0.14709380E+02
 2999   0.12082470E+02
 3000   0.10319890E+02
 3001   0.90392300E+01
 3002   0.77835000E+01
 3003   0.67391100E+01
 3004   0.54631200E+01
 3005   0.42168600E+01
 3006   0.43818400E+01
 3007   0.40686500E+01
 3008   0.42890400E+01
 3009   0.50977800E+01
 3010   0.47976400E+01
 3011   0.44031900E+01
 3012   0.39098300E+01
 3013   0.34515600E+01
 3014   0.28751100E+01
 3015   0.23646800E+01
 3016   0.19582000E+01
 3017   0.16284700E+01
 3018   0.14177900E+01
 3019   0.13840900E+01
 3020   0.12569400E+01
 3021   0.71748500E+01
 3022   0.99893500E+01
 3023   0.99075700E+01
 3024   0.67257400E+01
 3025   0.45921500E+01
 3026   0.34805000E+01
 3027   0.30845200E+01
 3028   0.28566600E+01
 3029   0.25806300E+01
 3030   0.21820300E+01
 3031   0.19203300E+01
 3032   0.21734900E+01
 3033   0.35799100E+01
 3034   0.49312900E+01
 3035   0.48053600E+01
 3036   0.44532600E+01
 3037   0.38842400E+01
 3038   0.34938300E+01
 3039   0.31949300E+01
 3040   0.27656300E+01
 3041   0.32141800E+01
 3042   0.29031300E+01
 3043   0.24506300E+01
 3044   0.66812700E+01
 3045   0.50085900E+01
 3046   0.35280600E+01
 3047   0.25017900E+01
 3048   0.19101900E+01
 3049   0.16095500E+01
 3050   0.14275300E+01
 3051   0.13077700E+01
 3052   0.12221800E+01
 3053   0.11412900E+01
 3054   0.10564300E+01
 3055   0.96096000E+00
 3056   0.81898000E+00
 3057   0.70362000E+00
 3058   0.51335800E+01
 3059   0.12327900E+02
 3060   0.14417600E+02
 3061   0.96685600E+01
 3062   0.86910700E+01
 3063   0.14046700E+02
 3064   0.82364350E+02
 3065   0.94889040E+02
 3066   0.85224100E+02
 3067   0.56046790E+02
 3068   0.44620270E+02
 3069   0.31326520E+02
 3070   0.22591870E+02
 3071   0.19920730E+02
 3072   0.23478700E+02
 3073   0.26987140E+02
 3074   0.24349230E+02
 3075   0.20080830E+02
 3076   0.15872450E+02
 3077   0.11903450E+02
 3078   0.92051700E+01
 3079   0.73674300E+01
 3080   0.61592500E+01
 3081   0.50438400E+01
 3082   0.54834600E+01
 3083   0.79195760E+02
 3084   0.17438123E+03
 3085   0.16712443E+03
 3086   0.27587764E+03
 3087   0.26285182E+03
 3088   0.17856130E+03
 3089   0.12203741E+03
 3090   0.17844398E+03
 3091   0.18276140E+03
 3092   0.16472262E+03
 3093   0.19162415E+03
 3094   0.13931846E+03
 3095   0.12542839E+03
 3096   0.90140650E+02
 3097   0.76840740E+02
 3098   0.93019880E+02
 3099   0.78851740E+02
 3100   0.98468340E+02
 3101   0.16194854E+03
 3102   0.12049216E+03
 3103   0.10311094E+03
 3104   0.24737544E+03
 3105   0.39281728E+03
 3106   0.49596714E+03
 3107   0.36658819E+03
 3108   0.22202165E+03
 3109   0.14493347E+03
 3110   0.10330292E+03
 3111   0.77606540E+02
 3112   0.59345890E+02
 3113   0.45715520E+02
 3114   0.35409530E+02
 3115   0.27697950E+02
 3116   0.21895070E+02
 3117   0.17173820E+02
 3118   0.15122980E+02
 3119   0.18369310E+02
 3120   0.45320840E+02
 3121   0.44763720E+02
 3122   0.29477630E+02
 3123   0.20536260E+02
 3124   0.14751510E+02
 3125   0.10056010E+02
 3126   0.68342200E+01
 3127   0.48226900E+01
 3128   0.34338300E+01
 3129   0.14238690E+02
 3130   0.68620040E+02
 3131   0.74349690E+02
 3132   0.67658780E+02
 3133   0.55087640E+02
 3134   0.36993760E+02
 3135   0.24747910E+02
 3136   0.17928850E+02
 3137   0.13791240E+02
 3138   0.11283760E+02
 3139   0.89279200E+01
 3140   0.74442000E+01
 3141   0.65553800E+01
 3142   0.57474600E+01
 3143   0.91340300E+01
 3144   0.18341590E+02
 3145   0.31038200E+02
 3146   0.27285720E+02
 3147   0.21194840E+02
 3148   0.20054430E+02
 3149   0.16001240E+02
 3150   0.12419450E+02
 3151   0.10325170E+02
 3152   0.11763930E+02
 3153   0.15317140E+02
 3154   0.16107060E+02
 3155   0.14446860E+02
 3156   0.12150840E+02
 3157   0.97653000E+01
 3158   0.73062500E+01
 3159   0.54217300E+01
 3160   0.43515600E+01
 3161   0.37012500E+01
 3162   0.31665000E+01
 3163   0.26516600E+01
 3164   0.22503200E+01
 3165   0.20374800E+01
 3166   0.17740600E+01
 3167   0.16413600E+01
 3168   0.30601830E+02
 3169   0.67983740E+02
 3170   0.17448166E+03
 3171   0.14991116E+03
 3172   0.10151095E+03
 3173   0.82630570E+02
 3174   0.66540840E+02
 3175   0.51406860E+02
 3176   0.39436530E+02
 3177   0.30411540E+02
 3178   0.23394230E+02
 3179   0.18410830E+02
 3180   0.14020600E+02
 3181   0.11207380E+02
 3182   0.94328100E+01
 3183   0.25740090E+02
 3184   0.17510202E+03
 3185   0.15247340E+03
 3186   0.97026380E+02
 3187   0.72723860E+02
 3188   0.60729650E+02
 3189   0.67039360E+02
 3190   0.57389130E+02
 3191   0.44683870E+02
 3192   0.37466060E+02
 3193   0.30479600E+02
 3194   0.24483880E+02
 3195   0.22729820E+02
 3196   0.19196990E+02
 3197   0.15632710E+02
 3198   0.12318200E+02
 3199   0.99921800E+01
 3200   0.72487200E+01
 3201   0.58205600E+01
 3202   0.47818000E+01
 3203   0.40936100E+01
 3204   0.36213500E+01
 3205   0.41537400E+01
 3206   0.34353300E+01
 3207   0.28859500E+01
 3208   0.24028000E+01
 3209   0.19310600E+01
 3210   0.15486800E+01
 3211   0.13116000E+01
 3212   0.11486500E+01
 3213   0.10319500E+01
 3214   0.94284000E+00
 3215   0.84628000E+00
 3216   0.76601000E+00
 3217   0.72123000E+00
 3218   0.68722000E+00
 3219   0.64295000E+00
 3220   0.60332000E+00
 3221   0.58869000E+00
 3222   0.60121000E+00
 3223   0.62052000E+00
 3224   0.64127000E+00
 3225   0.65682000E+00
 3226   0.65853000E+00
 3227   0.64624000E+00
 3228   0.62543000E+00
 3229   0.59787000E+00
 3230   0.56495000E+00
 3231   0.52997000E+00
 3232   0.49270000E+00
 3233   0.45103000E+00
 3234   0.41437000E+00
 3235   0.40106000E+00
 3236   0.38364000E+00
 3237   0.36768000E+00
 3238   0.35330000E+00
 3239   0.34188000E+00
 3240   0.66553000E+00
 3241   0.45080000E+00
 3242   0.86226200E+01
 3243   0.11945950E+02
 3244   0.12932390E+02
 3245   0.15159800E+02
 3246   0.16769720E+02
 3247   0.15383580E+02
 3248   0.13217270E+02
 3249   0.10724420E+02
 3250   0.80262500E+01
 3251   0.57337200E+01
 3252   0.44676600E+01
 3253   0.37463700E+01
 3254   0.31364700E+01
 3255   0.27083400E+01
 3256   0.23084000E+01
 3257   0.20208100E+01
 3258   0.17855200E+01
 3259   0.15759500E+01
 3260   0.14184700E+01
 3261   0.34699100E+01
 3262   0.25079700E+01
 3263   0.17042900E+01
 3264   0.13253300E+01
 3265   0.11456200E+01
 3266   0.10278200E+01
 3267   0.95601000E+00
 3268   0.92182000E+00
 3269   0.98940000E+00
 3270   0.11506300E+01
 3271   0.10837100E+01
 3272   0.95060000E+00
 3273   0.81578000E+00
 3274   0.71015000E+00
 3275   0.65430000E+00
 3276   0.37914700E+01
 3277   0.47834600E+01
 3278   0.40783400E+01
 3279   0.31324600E+01
 3280   0.22623400E+01
 3281   0.16446800E+01
 3282   0.12578900E+01
 3283   0.99434000E+00
 3284   0.77045000E+00
 3285   0.16828300E+01
 3286   0.11260000E+01
 3287   0.10462600E+01
 3288   0.92913000E+00
 3289   0.78628000E+00
 3290   0.67823000E+00
 3291   0.81482000E+00
 3292   0.76342000E+00
 3293   0.58624000E+00
 3294   0.49176000E+00
 3295   0.42374000E+00
 3296   0.61394000E+00
 3297   0.55269000E+00
 3298   0.46605000E+00
 3299   0.39982000E+00
 3300   0.34627000E+00
 3301   0.31071000E+00
 3302   0.28401000E+00
 3303   0.26064000E+00
 3304   0.23935000E+00
 3305   0.22002000E+00
 3306   0.10882400E+01
 3307   0.97194000E+00
 3308   0.75327000E+00
 3309   0.52427000E+00
 3310   0.41635000E+00
 3311   0.38207000E+00
 3312   0.37970000E+00
 3313   0.38519000E+00
 3314   0.38709000E+00
 3315   0.37794000E+00
 3316   0.56863000E+00
 3317   0.50464000E+00
 3318   0.44692000E+00
 3319   0.50336800E+01
 3320   0.71982000E+01
 3321   0.60912500E+01
 3322   0.42581700E+01
 3323   0.26969600E+01
 3324   0.21446900E+01
 3325   0.72857000E+01
 3326   0.98120900E+01
 3327   0.92579900E+01
 3328   0.73117100E+01
 3329   0.62325900E+01
 3330   0.53498400E+01
 3331   0.65086200E+01
 3332   0.61425600E+01
 3333   0.56232700E+01
 3334   0.52211300E+01
 3335   0.48834900E+01
 3336   0.46816700E+01
 3337   0.44704500E+01
 3338   0.41773600E+01
 3339   0.39637400E+01
 3340   0.35935400E+01
 3341   0.32908000E+01
 3342   0.31219900E+01
 3343   0.32989500E+01
 3344   0.46125000E+01
 3345   0.44856400E+01
 3346   0.46323600E+01
 3347   0.44756300E+01
 3348   0.41374400E+01
 3349   0.37921900E+01
 3350   0.14908470E+02
 3351   0.22603330E+02
 3352   0.21577880E+02
 3353   0.19608710E+02
 3354   0.17579400E+02
 3355   0.14702850E+02
 3356   0.12868380E+02
 3357   0.15628350E+02
 3358   0.23555310E+02
 3359   0.23578910E+02
 3360   0.22467070E+02
 3361   0.21221570E+02
 3362   0.17930130E+02
 3363   0.13737180E+02
 3364   0.17460570E+02
 3365   0.25291010E+02
 3366   0.25772120E+02
 3367   0.24303890E+02
 3368   0.24929560E+02
 3369   0.20984620E+02
 3370   0.39123830E+02
 3371   0.59641460E+02
 3372   0.66671300E+02
 3373   0.19246883E+03
 3374   0.28765314E+03
 3375   0.47750101E+03
 3376   0.27070396E+03
 3377   0.15990286E+03
 3378   0.10331329E+03
 3379   0.71429910E+02
 3380   0.51849430E+02
 3381   0.39143890E+02
 3382   0.29960460E+02
 3383   0.36888720E+02
 3384   0.38916650E+02
 3385   0.27799770E+02
 3386   0.23298560E+02
 3387   0.20807070E+02
 3388   0.16816470E+02
 3389   0.13142720E+02
 3390   0.23922870E+02
 3391   0.52383800E+02
 3392   0.63661070E+02
 3393   0.70663850E+02
 3394   0.72628390E+02
 3395   0.16829864E+03
 3396   0.12590606E+03
 3397   0.88030630E+02
 3398   0.64674210E+02
 3399   0.49843820E+02
 3400   0.37890150E+02
 3401   0.29022160E+02
 3402   0.24032190E+02
 3403   0.19620630E+02
 3404   0.15740930E+02
 3405   0.11517320E+02
 3406   0.11892250E+02
 3407   0.13384070E+02
 3408   0.12099230E+02
 3409   0.89027800E+01
 3410   0.89275700E+01
 3411   0.70403900E+01
 3412   0.56846600E+01
 3413   0.14104300E+02
 3414   0.48608520E+02
 3415   0.89124420E+02
 3416   0.14665389E+03
 3417   0.10845558E+03
 3418   0.92293090E+02
 3419   0.65051840E+02
 3420   0.48703410E+02
 3421   0.44047230E+02
 3422   0.40975760E+02
 3423   0.36574360E+02
 3424   0.39703960E+02
 3425   0.44152160E+02
 3426   0.40843540E+02
 3427   0.35719890E+02
 3428   0.28473150E+02
 3429   0.25564540E+02
 3430   0.20677780E+02
 3431   0.30271420E+02
 3432   0.95281070E+02
 3433   0.10435839E+03
 3434   0.12737115E+03
 3435   0.12445722E+03
 3436   0.11705098E+03
 3437   0.15144387E+03
 3438   0.13138718E+03
 3439   0.95014240E+02
 3440   0.67974570E+02
 3441   0.62492990E+02
 3442   0.23152102E+03
 3443   0.84198594E+03
 3444   0.12641271E+04
 3445   0.60351404E+03
 3446   0.32207193E+03
 3447   0.18685626E+03
 3448   0.11836940E+03
 3449   0.80584810E+02
 3450   0.61961880E+02
 3451   0.19433851E+03
 3452   0.36380304E+03
 3453   0.91697626E+03
 3454   0.63170493E+03
 3455   0.35812301E+03
 3456   0.22065623E+03
 3457   0.31335604E+03
 3458   0.46328160E+03
 3459   0.56473186E+03
 3460   0.39734913E+03
 3461   0.22399530E+03
 3462   0.13718817E+03
 3463   0.94958960E+02
 3464   0.66995160E+02
 3465   0.48892650E+02
 3466   0.10313221E+03
 3467   0.48210130E+03
 3468   0.73513185E+03
 3469   0.42088626E+03
 3470   0.23214276E+03
 3471   0.14221035E+03
 3472   0.95071270E+02
 3473   0.68184510E+02
 3474   0.57993220E+02
 3475   0.45079250E+02
 3476   0.37826810E+02
 3477   0.38849320E+02
 3478   0.37670050E+02
 3479   0.40033020E+02
 3480   0.32975310E+02
 3481   0.24587340E+02
 3482   0.17795730E+02
 3483   0.12838040E+02
 3484   0.89947200E+01
 3485   0.65718800E+01
 3486   0.48100200E+01
 3487   0.74221600E+01
 3488   0.60719000E+01
 3489   0.49321100E+01
 3490   0.39458900E+01
 3491   0.29621900E+01
 3492   0.12714100E+02
 3493   0.16733663E+03
 3494   0.41894121E+03
 3495   0.47081971E+03
 3496   0.32843683E+03
 3497   0.22430751E+03
 3498   0.18732907E+03
 3499   0.15897421E+03
 3500   0.11173194E+03
 3501   0.14237262E+03
 3502   0.30687531E+03
 3503   0.20671740E+03
 3504   0.10940016E+03
 3505   0.68340690E+02
 3506   0.45248160E+02
 3507   0.32029470E+02
 3508   0.35266780E+02
 3509   0.36119030E+02
 3510   0.27136560E+02
 3511   0.19356390E+02
 3512   0.14398550E+02
 3513   0.10521170E+02
 3514   0.76565800E+01
 3515   0.63456800E+01
 3516   0.52671900E+01
 3517   0.41559500E+01
 3518   0.32657200E+01
 3519   0.25601500E+01
 3520   0.23105100E+01
 3521   0.20281400E+01
 3522   0.99600300E+01
 3523   0.17366070E+02
 3524   0.18589160E+02
 3525   0.13636210E+02
 3526   0.25545690E+02
 3527   0.26398240E+02
 3528   0.17035070E+02
 3529   0.12401740E+02
 3530   0.99202400E+01
 3531   0.75934100E+01
 3532   0.58120500E+01
 3533   0.44310900E+01
 3534   0.34018400E+01
 3535   0.26149700E+01
 3536   0.23026400E+01
 3537   0.18595000E+01
 3538   0.15206000E+01
 3539   0.13030600E+01
 3540   0.11490200E+01
 3541   0.10361700E+01
 3542   0.95752000E+00
 3543   0.89867000E+00
 3544   0.11268800E+01
 3545   0.80000800E+01
 3546   0.90661200E+01
 3547   0.64171000E+01
 3548   0.40744900E+01
 3549   0.26008300E+01
 3550   0.18316800E+01
 3551   0.14675000E+01
 3552   0.13087400E+01
 3553   0.12091000E+01
 3554   0.11342600E+01
 3555   0.10576900E+01
 3556   0.97458000E+00
 3557   0.88222000E+00
 3558   0.75181000E+00
 3559   0.66688000E+00
 3560   0.58973000E+00
 3561   0.51064000E+00
 3562   0.44799000E+00
 3563   0.40230000E+00
 3564   0.36691000E+00
 3565   0.33823000E+00
 3566   0.31477000E+00
 3567   0.29494000E+00
 3568   0.27678000E+00
 3569   0.25968000E+00
 3570   0.24383000E+00
 3571   0.23260000E+00
 3572   0.23612000E+00
 3573   0.26061000E+00
 3574   0.29037000E+00
 3575   0.31189000E+00
 3576   0.10282300E+01
 3577   0.95981000E+00
 3578   0.76500000E+00
 3579   0.77081000E+00
 3580   0.62628000E+00
 3581   0.53015000E+00
 3582   0.46188000E+00
 3583   0.43714000E+00
 3584   0.48364000E+00
 3585   0.65045000E+00
 3586   0.82997000E+00
 3587   0.88520000E+00
 3588   0.18966530E+02
 3589   0.39435530E+02
 3590   0.35063520E+02
 3591   0.37744630E+02
 3592   0.32331170E+02
 3593   0.25623260E+02
 3594   0.20554300E+02
 3595   0.18091160E+02
 3596   0.18562190E+02
 3597   0.37925540E+02
 3598   0.66031310E+02
 3599   0.53978980E+02
 3600   0.41356890E+02
 3601   0.35415310E+02
 3602   0.30502450E+02
 3603   0.26434180E+02
 3604   0.23007620E+02
 3605   0.21199140E+02
 3606   0.20354320E+02
 3607   0.19024810E+02
 3608   0.16842850E+02
 3609   0.13976640E+02
 3610   0.10710510E+02
 3611   0.85795500E+01
 3612   0.71948300E+01
 3613   0.61361400E+01
 3614   0.50950100E+01
 3615   0.42908700E+01
 3616   0.36478200E+01
 3617   0.38079100E+01
 3618   0.11860270E+02
 3619   0.13097990E+02
 3620   0.87939500E+01
 3621   0.71096600E+01
 3622   0.76147600E+01
 3623   0.74383300E+01
 3624   0.63863900E+01
 3625   0.53879000E+01
 3626   0.61949400E+01
 3627   0.94638600E+01
 3628   0.11856690E+02
 3629   0.11448960E+02
 3630   0.99099200E+01
 3631   0.75891100E+01
 3632   0.63021300E+01
 3633   0.53902000E+01
 3634   0.10192290E+02
 3635   0.12153550E+02
 3636   0.10993260E+02
 3637   0.80629400E+01
 3638   0.61708800E+01
 3639   0.51621700E+01
 3640   0.40836100E+01
 3641   0.30224900E+01
 3642   0.23826900E+01
 3643   0.19627100E+01
 3644   0.17165500E+01
 3645   0.44660300E+01
 3646   0.51099200E+01
 3647   0.63161900E+01
 3648   0.68607800E+01
 3649   0.64408200E+01
 3650   0.54243100E+01
 3651   0.42774700E+01
 3652   0.35798400E+01
 3653   0.31978900E+01
 3654   0.29267000E+01
 3655   0.26338800E+01
 3656   0.23690700E+01
 3657   0.21177200E+01
 3658   0.18786100E+01
 3659   0.16655400E+01
 3660   0.14683200E+01
 3661   0.12783100E+01
 3662   0.11275000E+01
 3663   0.10153400E+01
 3664   0.93527000E+00
 3665   0.84646000E+00
 3666   0.78431000E+00
 3667   0.73760000E+00
 3668   0.70114000E+00
 3669   0.67461000E+00
 3670   0.65095000E+00
 3671   0.62572000E+00
 3672   0.59902000E+00
 3673   0.56053000E+00
 3674   0.50645000E+00
 3675   0.46245000E+00
 3676   0.43343000E+00
 3677   0.67305000E+00
 3678   0.62335000E+00
 3679   0.76646000E+00
 3680   0.62123000E+00
 3681   0.51423000E+00
 3682   0.43510000E+00
 3683   0.38150000E+00
 3684   0.34470000E+00
 3685   0.31295000E+00
 3686   0.28324000E+00
 3687   0.25600000E+00
 3688   0.81840400E+01
 3689   0.17047450E+02
 3690   0.20077090E+02
 3691   0.15968670E+02
 3692   0.28807780E+02
 3693   0.13912405E+03
 3694   0.12325922E+03
 3695   0.89579980E+02
 3696   0.63793970E+02
 3697   0.56648200E+02
 3698   0.57469400E+02
 3699   0.49903440E+02
 3700   0.40288890E+02
 3701   0.31172300E+02
 3702   0.23849360E+02
 3703   0.19383380E+02
 3704   0.17501760E+02
 3705   0.15446420E+02
 3706   0.16033150E+02
 3707   0.21991980E+02
 3708   0.24963180E+02
 3709   0.47036060E+02
 3710   0.20791305E+03
 3711   0.16445104E+03
 3712   0.11504948E+03
 3713   0.81461980E+02
 3714   0.60915340E+02
 3715   0.48045510E+02
 3716   0.40774280E+02
 3717   0.38250090E+02
 3718   0.34956120E+02
 3719   0.46365210E+02
 3720   0.70808900E+02
 3721   0.81955740E+02
 3722   0.81067230E+02
 3723   0.12377444E+03
 3724   0.12353053E+03
 3725   0.91387860E+02
 3726   0.85457190E+02
 3727   0.70855510E+02
 3728   0.71255610E+02
 3729   0.98628920E+02
 3730   0.17898288E+03
 3731   0.21284620E+03
 3732   0.23606393E+03
 3733   0.21331435E+03
 3734   0.16226266E+03
 3735   0.11338961E+03
 3736   0.87455120E+02
 3737   0.10609287E+03
 3738   0.14586366E+03
 3739   0.14757978E+03
 3740   0.18898595E+03
 3741   0.18140499E+03
 3742   0.14470884E+03
 3743   0.11382278E+03
 3744   0.91143480E+02
 3745   0.70029990E+02
 3746   0.53935910E+02
 3747   0.10871829E+03
 3748   0.88886360E+02
 3749   0.71306620E+02
 3750   0.50636100E+02
 3751   0.53847560E+02
 3752   0.66208110E+02
 3753   0.54094390E+02
 3754   0.41203100E+02
 3755   0.32454910E+02
 3756   0.25677020E+02
 3757   0.20497510E+02
 3758   0.18051050E+02
 3759   0.23638980E+02
 3760   0.22884710E+02
 3761   0.17346570E+02
 3762   0.13731350E+02
 3763   0.10222160E+02
 3764   0.70942800E+01
 3765   0.11292590E+02
 3766   0.12986820E+02
 3767   0.11207550E+02
 3768   0.77715800E+01
 3769   0.58119400E+01
 3770   0.47812300E+01
 3771   0.41748400E+01
 3772   0.38288500E+01
 3773   0.49350700E+01
 3774   0.70802500E+01
 3775   0.61376000E+01
 3776   0.21276650E+02
 3777   0.41832350E+02
 3778   0.40433980E+02
 3779   0.29965360E+02
 3780   0.45073770E+02
 3781   0.60569680E+02
 3782   0.65504590E+02
 3783   0.46358910E+02
 3784   0.32984540E+02
 3785   0.25338480E+02
 3786   0.22101180E+02
 3787   0.24863730E+02
 3788   0.40972660E+02
 3789   0.58235020E+02
 3790   0.45707020E+02
 3791   0.33234610E+02
 3792   0.23765870E+02
 3793   0.18812180E+02
 3794   0.13966800E+02
 3795   0.10051910E+02
 3796   0.73915000E+01
 3797   0.60692600E+01
 3798   0.50360700E+01
 3799   0.41908800E+01
 3800   0.35193100E+01
 3801   0.29537700E+01
 3802   0.25130100E+01
 3803   0.21727000E+01
 3804   0.63661230E+02
 3805   0.20422182E+03
 3806   0.50994980E+03
 3807   0.63046230E+03
 3808   0.39715776E+03
 3809   0.24144682E+03
 3810   0.17046827E+03
 3811   0.13121205E+03
 3812   0.10967514E+03
 3813   0.13546122E+03
 3814   0.92183630E+02
 3815   0.65220400E+02
 3816   0.46565760E+02
 3817   0.35993620E+02
 3818   0.29640240E+02
 3819   0.28397500E+02
 3820   0.26696770E+02
 3821   0.26508060E+02
 3822   0.85285140E+02
 3823   0.17297993E+03
 3824   0.12534962E+03
 3825   0.80414060E+02
 3826   0.55524960E+02
 3827   0.41246270E+02
 3828   0.33556150E+02
 3829   0.28174480E+02
 3830   0.23511190E+02
 3831   0.19469670E+02
 3832   0.15956970E+02
 3833   0.12929620E+02
 3834   0.98858400E+01
 3835   0.75571000E+01
 3836   0.56581200E+01
 3837   0.44238200E+01
 3838   0.37154300E+01
 3839   0.59813580E+02
 3840   0.19681439E+03
 3841   0.23201871E+03
 3842   0.39737463E+03
 3843   0.25637472E+03
 3844   0.17369824E+03
 3845   0.11974211E+03
 3846   0.84477670E+02
 3847   0.61515660E+02
 3848   0.45664510E+02
 3849   0.34725910E+02
 3850   0.26792750E+02
 3851   0.20993640E+02
 3852   0.16981600E+02
 3853   0.14068550E+02
 3854   0.11372310E+02
 3855   0.85898100E+01
 3856   0.63216900E+01
 3857   0.51173200E+01
 3858   0.43438400E+01
 3859   0.37562700E+01
 3860   0.31419900E+01
 3861   0.27952800E+01
 3862   0.12460080E+02
 3863   0.19630822E+03
 3864   0.21601145E+04
 3865   0.20109005E+04
 3866   0.82707326E+03
 3867   0.41122871E+03
 3868   0.23804920E+03
 3869   0.14946625E+03
 3870   0.10085452E+03
 3871   0.71283110E+02
 3872   0.52248170E+02
 3873   0.39372500E+02
 3874   0.30185560E+02
 3875   0.23140720E+02
 3876   0.18273660E+02
 3877   0.13913080E+02
 3878   0.17478700E+02
 3879   0.28224280E+02
 3880   0.29012970E+02
 3881   0.22086740E+02
 3882   0.27170850E+02
 3883   0.26462840E+02
 3884   0.22256610E+02
 3885   0.33111170E+02
 3886   0.68620360E+02
 3887   0.11772461E+03
 3888   0.13774135E+03
 3889   0.13797021E+03
 3890   0.80141480E+02
 3891   0.52973060E+02
 3892   0.36138310E+02
 3893   0.25754490E+02
 3894   0.20168320E+02
 3895   0.17374430E+02
 3896   0.16629240E+02
 3897   0.17339250E+02
 3898   0.17674810E+02
 3899   0.16149080E+02
 3900   0.14062520E+02
 3901   0.11821420E+02
 3902   0.97090400E+01
 3903   0.78173300E+01
 3904   0.63958800E+01
 3905   0.52106700E+01
 3906   0.40819800E+01
 3907   0.30585400E+01
 3908   0.24297400E+01
 3909   0.20558500E+01
 3910   0.18068800E+01
 3911   0.16146400E+01
 3912   0.14648300E+01
 3913   0.13344400E+01
 3914   0.12105100E+01
 3915   0.11019300E+01
 3916   0.10040200E+01
 3917   0.90945000E+00
 3918   0.78237000E+00
 3919   0.69169000E+00
 3920   0.61937000E+00
 3921   0.56956000E+00
 3922   0.53179000E+00
 3923   0.49860000E+00
 3924   0.26428600E+01
 3925   0.67671100E+01
 3926   0.11399010E+02
 3927   0.34398430E+02
 3928   0.74310550E+02
 3929   0.12706671E+03
 3930   0.10330653E+03
 3931   0.81524850E+02
 3932   0.62782910E+02
 3933   0.47950370E+02
 3934   0.39589190E+02
 3935   0.31045240E+02
 3936   0.24052440E+02
 3937   0.18611170E+02
 3938   0.14135870E+02
 3939   0.11003930E+02
 3940   0.86815300E+01
 3941   0.69342800E+01
 3942   0.56649300E+01
 3943   0.46123500E+01
 3944   0.38577300E+01
 3945   0.31565500E+01
 3946   0.25874500E+01
 3947   0.21181500E+01
 3948   0.17194700E+01
 3949   0.91152300E+01
 3950   0.12878880E+02
 3951   0.11185190E+02
 3952   0.67506100E+01
 3953   0.59747900E+01
 3954   0.66179400E+01
 3955   0.58936800E+01
 3956   0.46635200E+01
 3957   0.35002700E+01
 3958   0.26048200E+01
 3959   0.35431700E+01
 3960   0.38064300E+01
 3961   0.29628200E+01
 3962   0.24038100E+01
 3963   0.19363200E+01
 3964   0.15756300E+01
 3965   0.13488000E+01
 3966   0.12437300E+01
 3967   0.12321000E+01
 3968   0.12375900E+01
 3969   0.11779500E+01
 3970   0.10967800E+01
 3971   0.10086500E+01
 3972   0.93252000E+00
 3973   0.81415000E+00
 3974   0.11362300E+01
 3975   0.10406300E+01
 3976   0.10562510E+02
 3977   0.23913267E+03
 3978   0.33233157E+03
 3979   0.26670804E+03
 3980   0.27331703E+03
 3981   0.19427065E+03
 3982   0.12909921E+03
 3983   0.88912690E+02
 3984   0.63635150E+02
 3985   0.47218560E+02
 3986   0.35913620E+02
 3987   0.27842340E+02
 3988   0.21484780E+02
 3989   0.16528110E+02
 3990   0.13307290E+02
 3991   0.10787390E+02
 3992   0.86703800E+01
 3993   0.69943500E+01
 3994   0.58079900E+01
 3995   0.59418000E+01
 3996   0.49591200E+01
 3997   0.42472900E+01
 3998   0.35709300E+01
 3999   0.28156700E+01
 4000   0.22529600E+01
 4001   0.18608100E+01
 4002   0.15885300E+01
 4003   0.14186200E+01
 4004   0.12988400E+01
 4005   0.11998600E+01
 4006   0.11153300E+01
 4007   0.10375700E+01
 4008   0.95330000E+00
 4009   0.83268000E+00
 4010   0.73235000E+00
 4011   0.65868000E+00
 4012   0.28573400E+01
 4013   0.20407900E+02
 4014   0.37505410E+02
 4015   0.27975460E+02
 4016   0.26811170E+02
 4017   0.28803490E+02
 4018   0.28094930E+02
 4019   0.53508570E+02
 4020   0.47425700E+02
 4021   0.38244630E+02
 4022   0.30319430E+02
 4023   0.24197010E+02
 4024   0.19561180E+02
 4025   0.15971220E+02
 4026   0.13243720E+02
 4027   0.13194240E+02
 4028   0.19150760E+02
 4029   0.20284870E+02
 4030   0.14164500E+02
 4031   0.10062540E+02
 4032   0.87446500E+01
 4033   0.74935200E+01
 4034   0.63191300E+01
 4035   0.59509900E+01
 4036   0.57713000E+01
 4037   0.52532300E+01
 4038   0.43851700E+01
 4039   0.35334600E+01
 4040   0.28485800E+01
 4041   0.23941100E+01
 4042   0.10433390E+02
 4043   0.13938740E+02
 4044   0.14588520E+02
 4045   0.14573790E+02
 4046   0.16014980E+02
 4047   0.15674970E+02
 4048   0.32894210E+02
 4049   0.39782710E+02
 4050   0.33153810E+02
 4051   0.26069870E+02
 4052   0.21399320E+02
 4053   0.17754430E+02
 4054   0.14734400E+02
 4055   0.12014820E+02
 4056   0.98049100E+01
 4057   0.81056500E+01
 4058   0.68051400E+01
 4059   0.58031900E+01
 4060   0.46575000E+01
 4061   0.35679700E+01
 4062   0.52066000E+01
 4063   0.42824800E+01
 4064   0.39119700E+01
 4065   0.34893500E+01
 4066   0.30055000E+01
 4067   0.30944700E+01
 4068   0.72523400E+01
 4069   0.96789000E+01
 4070   0.12470430E+02
 4071   0.11647340E+02
 4072   0.98778600E+01
 4073   0.10097210E+02
 4074   0.10637850E+02
 4075   0.10249880E+02
 4076   0.86168500E+01
 4077   0.29052800E+02
 4078   0.17999651E+03
 4079   0.19113256E+03
 4080   0.27149325E+03
 4081   0.20715657E+03
 4082   0.13500949E+03
 4083   0.95961030E+02
 4084   0.97873560E+02
 4085   0.10675192E+03
 4086   0.81349520E+02
 4087   0.57649780E+02
 4088   0.43192710E+02
 4089   0.45075010E+02
 4090   0.47370170E+02
 4091   0.40374210E+02
 4092   0.31996500E+02
 4093   0.26013460E+02
 4094   0.21180880E+02
 4095   0.17277090E+02
 4096   0.14079880E+02
 4097   0.11398760E+02
 4098   0.92664400E+01
 4099   0.75004400E+01
 4100   0.64657300E+01
 4101   0.85269400E+01
 4102   0.20996290E+02
 4103   0.27558040E+02
 4104   0.21737990E+02
 4105   0.16661350E+02
 4106   0.16768390E+02
 4107   0.23875560E+02
 4108   0.32496790E+02
 4109   0.33744670E+02
 4110   0.39955210E+02
 4111   0.60663010E+02
 4112   0.73492360E+02
 4113   0.12535572E+03
 4114   0.16334221E+03
 4115   0.22562683E+03
 4116   0.23757970E+03
 4117   0.18684283E+03
 4118   0.14518118E+03
 4119   0.12470480E+03
 4120   0.10505140E+03
 4121   0.79839930E+02
 4122   0.58745150E+02
 4123   0.45933410E+02
 4124   0.38706600E+02
 4125   0.33774950E+02
 4126   0.29672820E+02
 4127   0.46765970E+02
 4128   0.60834250E+02
 4129   0.46792470E+02
 4130   0.36761680E+02
 4131   0.27569440E+02
 4132   0.20138770E+02
 4133   0.14806490E+02
 4134   0.11939490E+02
 4135   0.11774400E+02
 4136   0.13450360E+02
 4137   0.25565700E+02
 4138   0.32260080E+02
 4139   0.28498810E+02
 4140   0.30152880E+02
 4141   0.27768050E+02
 4142   0.19468350E+02
 4143   0.16712200E+02
 4144   0.35996590E+02
 4145   0.39501560E+02
 4146   0.44384960E+02
 4147   0.44852740E+02
 4148   0.98561890E+02
 4149   0.84703070E+02
 4150   0.62457120E+02
 4151   0.46376680E+02
 4152   0.36875580E+02
 4153   0.27813950E+02
 4154   0.21993740E+02
 4155   0.17705210E+02
 4156   0.14260470E+02
 4157   0.11197040E+02
 4158   0.87025100E+01
 4159   0.69601400E+01
 4160   0.10273620E+02
 4161   0.12457460E+02
 4162   0.10662720E+02
 4163   0.72476800E+01
 4164   0.99723500E+01
 4165   0.50516280E+02
 4166   0.84874380E+02
 4167   0.56644160E+02
 4168   0.41300130E+02
 4169   0.40585110E+02
 4170   0.35863420E+02
 4171   0.25135690E+02
 4172   0.18072550E+02
 4173   0.14999730E+02
 4174   0.12919040E+02
 4175   0.11495400E+02
 4176   0.10123530E+02
 4177   0.87792600E+01
 4178   0.82686500E+01
 4179   0.79966200E+01
 4180   0.80210400E+01
 4181   0.66795000E+01
 4182   0.55603500E+01
 4183   0.43784900E+01
 4184   0.32813300E+01
 4185   0.25936000E+01
 4186   0.21967800E+01
 4187   0.19344300E+01
 4188   0.17091800E+01
 4189   0.15091500E+01
 4190   0.13546200E+01
 4191   0.14956400E+01
 4192   0.40550680E+02
 4193   0.47261598E+03
 4194   0.13967734E+04
 4195   0.10419489E+04
 4196   0.56460959E+03
 4197   0.30220038E+03
 4198   0.18334094E+03
 4199   0.11848200E+03
 4200   0.80830990E+02
 4201   0.58456150E+02
 4202   0.43893630E+02
 4203   0.33291980E+02
 4204   0.26064590E+02
 4205   0.20791230E+02
 4206   0.31954800E+02
 4207   0.34901400E+02
 4208   0.24592290E+02
 4209   0.19029640E+02
 4210   0.30029220E+02
 4211   0.22120700E+03
 4212   0.29820833E+03
 4213   0.23718165E+03
 4214   0.28278483E+03
 4215   0.23401324E+03
 4216   0.16176845E+03
 4217   0.12489888E+03
 4218   0.10340092E+03
 4219   0.80895000E+02
 4220   0.64677760E+02
 4221   0.62568540E+02
 4222   0.29221609E+03
 4223   0.19728036E+03
 4224   0.28919597E+03
 4225   0.20866146E+03
 4226   0.45069591E+03
 4227   0.65222642E+03
 4228   0.94587452E+03
 4229   0.74889963E+03
 4230   0.38860011E+03
 4231   0.42966633E+03
 4232   0.43067601E+03
 4233   0.94531367E+03
 4234   0.12118094E+04
 4235   0.16046459E+04
 4236   0.72212678E+03
 4237   0.39025138E+03
 4238   0.25339199E+03
 4239   0.18326475E+03
 4240   0.11662474E+03
 4241   0.12338339E+03
 4242   0.11147250E+04
 4243   0.15010069E+04
 4244   0.98592431E+03
 4245   0.50084147E+03
 4246   0.26238449E+03
 4247   0.15449645E+03
 4248   0.10223309E+03
 4249   0.73385740E+02
 4250   0.54814270E+02
 4251   0.46132120E+02
 4252   0.39322600E+02
 4253   0.36740250E+02
 4254   0.28519310E+02
 4255   0.20630300E+02
 4256   0.14869280E+02
 4257   0.11129800E+02
 4258   0.85155100E+01
 4259   0.66878400E+01
 4260   0.52817800E+01
 4261   0.43538200E+01
 4262   0.41634900E+01
 4263   0.33191300E+01
 4264   0.46116100E+01
 4265   0.13999040E+02
 4266   0.14454500E+02
 4267   0.90811800E+01
 4268   0.69553700E+01
 4269   0.97413800E+01
 4270   0.13851130E+02
 4271   0.13933920E+02
 4272   0.37139080E+02
 4273   0.54445850E+02
 4274   0.22573055E+03
 4275   0.47037531E+03
 4276   0.26145126E+03
 4277   0.16229383E+03
 4278   0.11120852E+03
 4279   0.84361530E+02
 4280   0.63679270E+02
 4281   0.47668520E+02
 4282   0.36766460E+02
 4283   0.29434000E+02
 4284   0.24832230E+02
 4285   0.23154370E+02
 4286   0.22150650E+02
 4287   0.19411750E+02
 4288   0.17282750E+02
 4289   0.15209530E+02
 4290   0.13112770E+02
 4291   0.11032590E+02
 4292   0.93462500E+01
 4293   0.85827200E+01
 4294   0.83481700E+01
 4295   0.73664900E+01
 4296   0.58338200E+01
 4297   0.44227800E+01
 4298   0.35595500E+01
 4299   0.65008700E+01
 4300   0.19129720E+02
 4301   0.26422460E+02
 4302   0.18937320E+02
 4303   0.12931830E+02
 4304   0.11391760E+02
 4305   0.98883700E+01
 4306   0.72115000E+01
 4307   0.50718300E+01
 4308   0.38813700E+01
 4309   0.31971500E+01
 4310   0.28694600E+01
 4311   0.26538400E+01
 4312   0.23315500E+01
 4313   0.20802900E+01
 4314   0.18413800E+01
 4315   0.16535100E+01
 4316   0.60720200E+01
 4317   0.43246600E+01
 4318   0.30736600E+01
 4319   0.22755300E+01
 4320   0.18372500E+01
 4321   0.16283200E+01
 4322   0.15748000E+01
 4323   0.15686500E+01
 4324   0.15112900E+01
 4325   0.14018100E+01
 4326   0.12821600E+01
 4327   0.29689200E+01
 4328   0.21267400E+01
 4329   0.14518000E+01
 4330   0.11104600E+01
 4331   0.90222000E+00
 4332   0.82158000E+00
 4333   0.84152000E+00
 4334   0.84879000E+00
 4335   0.85492000E+00
 4336   0.86218000E+00
 4337   0.85075000E+00
 4338   0.81205000E+00
 4339   0.72129000E+00
 4340   0.64113000E+00
 4341   0.58523000E+00
 4342   0.53884000E+00
 4343   0.60180000E+00
 4344   0.91023000E+00
 4345   0.76313000E+00
 4346   0.68730000E+00
 4347   0.53569000E+00
 4348   0.45470000E+00
 4349   0.40817000E+00
 4350   0.36910000E+00
 4351   0.33429000E+00
 4352   0.30429000E+00
 4353   0.27802000E+00
 4354   0.25447000E+00
 4355   0.23326000E+00
 4356   0.21426000E+00
 4357   0.19735000E+00
 4358   0.18233000E+00
 4359   0.19529000E+00
 4360   0.18405000E+00
 4361   0.16844000E+00
 4362   0.15488000E+00
 4363   0.14327000E+00
 4364   0.13271000E+00
 4365   0.19480800E+01
 4366   0.44062400E+01
 4367   0.10815010E+02
 4368   0.11930570E+02
 4369   0.79930300E+01
 4370   0.59268400E+01
 4371   0.80680200E+01
 4372   0.82032000E+01
 4373   0.75562000E+01
 4374   0.25064220E+02
 4375   0.54105560E+02
 4376   0.50666450E+02
 4377   0.46736700E+02
 4378   0.35508840E+02
 4379   0.39476900E+02
 4380   0.61233070E+02
 4381   0.61628260E+02
 4382   0.51838060E+02
 4383   0.41611280E+02
 4384   0.33015170E+02
 4385   0.26703180E+02
 4386   0.30758790E+02
 4387   0.33669050E+02
 4388   0.35085220E+02
 4389   0.32325750E+02
 4390   0.27384330E+02
 4391   0.23814520E+02
 4392   0.26482360E+02
 4393   0.30332060E+02
 4394   0.28865110E+02
 4395   0.24632200E+02
 4396   0.20338480E+02
 4397   0.16618560E+02
 4398   0.13133110E+02
 4399   0.95010200E+01
 4400   0.75827100E+01
 4401   0.65704200E+01
 4402   0.57314200E+01
 4403   0.49101000E+01
 4404   0.43005000E+01
 4405   0.37909300E+01
 4406   0.32980700E+01
 4407   0.28646500E+01
 4408   0.24284400E+01
 4409   0.20325100E+01
 4410   0.33209100E+01
 4411   0.31397300E+01
 4412   0.26333400E+01
 4413   0.22813300E+01
 4414   0.29685200E+01
 4415   0.21965900E+01
 4416   0.19258300E+01
 4417   0.17548000E+01
 4418   0.16185900E+01
 4419   0.14794200E+01
 4420   0.13117400E+01
 4421   0.11908200E+01
 4422   0.13269700E+01
 4423   0.30862100E+01
 4424   0.49811500E+01
 4425   0.54172800E+01
 4426   0.51702200E+01
 4427   0.47198800E+01
 4428   0.42147400E+01
 4429   0.34775100E+01
 4430   0.26647900E+01
 4431   0.22052000E+01
 4432   0.19180200E+01
 4433   0.17617700E+01
 4434   0.16414900E+01
 4435   0.15218900E+01
 4436   0.14108900E+01
 4437   0.37451200E+01
 4438   0.36478800E+01
 4439   0.30159200E+01
 4440   0.22554600E+01
 4441   0.24691800E+01
 4442   0.20639400E+01
 4443   0.91009300E+01
 4444   0.40101670E+02
 4445   0.11576520E+03
 4446   0.12331084E+03
 4447   0.20136112E+03
 4448   0.16020598E+03
 4449   0.11280980E+03
 4450   0.81535340E+02
 4451   0.62281410E+02
 4452   0.50257010E+02
 4453   0.40412640E+02
 4454   0.32432460E+02
 4455   0.26110890E+02
 4456   0.21233920E+02
 4457   0.17455380E+02
 4458   0.15174440E+02
 4459   0.14593610E+02
 4460   0.11840610E+02
 4461   0.84212900E+01
 4462   0.64799800E+01
 4463   0.55003300E+01
 4464   0.46844300E+01
 4465   0.39363000E+01
 4466   0.41017400E+01
 4467   0.35003500E+01
 4468   0.30303200E+01
 4469   0.26546500E+01
 4470   0.23053600E+01
 4471   0.36908600E+01
 4472   0.28696500E+01
 4473   0.23281300E+01
 4474   0.20440800E+01
 4475   0.72142800E+01
 4476   0.88249000E+01
 4477   0.85859900E+01
 4478   0.79515900E+01
 4479   0.62612500E+01
 4480   0.48095400E+01
 4481   0.34850200E+01
 4482   0.26989300E+01
 4483   0.22150700E+01
 4484   0.19513300E+01
 4485   0.17329500E+01
 4486   0.15042500E+01
 4487   0.13414100E+01
 4488   0.13150700E+01
 4489   0.11618100E+01
 4490   0.10509600E+01
 4491   0.95434000E+00
 4492   0.85590000E+00
 4493   0.11407310E+02
 4494   0.23277580E+02
 4495   0.51925360E+02
 4496   0.63048210E+02
 4497   0.50292220E+02
 4498   0.39272430E+02
 4499   0.36051790E+02
 4500   0.33631450E+02
 4501   0.34525310E+02
 4502   0.35441210E+02
 4503   0.31625440E+02
 4504   0.34915480E+02
 4505   0.29950700E+02
 4506   0.22975050E+02
 4507   0.18505570E+02
 4508   0.16603890E+02
 4509   0.17632100E+02
 4510   0.19856080E+02
 4511   0.18271650E+02
 4512   0.16958110E+02
 4513   0.15706970E+02
 4514   0.45117550E+02
 4515   0.50231990E+02
 4516   0.35485490E+02
 4517   0.33142370E+02
 4518   0.33799930E+02
 4519   0.69897490E+02
 4520   0.88372680E+02
 4521   0.92373810E+02
 4522   0.11606084E+03
 4523   0.10399707E+03
 4524   0.82080680E+02
 4525   0.15194960E+03
 4526   0.11880723E+03
 4527   0.83389720E+02
 4528   0.59971140E+02
 4529   0.44450140E+02
 4530   0.33721000E+02
 4531   0.25852610E+02
 4532   0.21364780E+02
 4533   0.22425880E+02
 4534   0.20069990E+02
 4535   0.16180230E+02
 4536   0.17632630E+02
 4537   0.19183340E+02
 4538   0.31148040E+02
 4539   0.38526670E+02
 4540   0.30823510E+02
 4541   0.22834720E+02
 4542   0.19382410E+02
 4543   0.14580870E+02
 4544   0.97106100E+01
 4545   0.72788500E+01
 4546   0.62941400E+01
 4547   0.51147000E+01
 4548   0.41929900E+01
 4549   0.12914380E+02
 4550   0.35117705E+03
 4551   0.81297005E+03
 4552   0.41118351E+03
 4553   0.37416372E+03
 4554   0.38581746E+03
 4555   0.27737147E+03
 4556   0.24143722E+03
 4557   0.22059979E+03
 4558   0.19125592E+03
 4559   0.19375629E+03
 4560   0.12861220E+03
 4561   0.85391150E+02
 4562   0.73801330E+02
 4563   0.10101312E+03
 4564   0.10511869E+03
 4565   0.85209920E+02
 4566   0.65334300E+02
 4567   0.71485180E+02
 4568   0.12240522E+03
 4569   0.11825136E+03
 4570   0.95440790E+02
 4571   0.82237780E+02
 4572   0.69856640E+02
 4573   0.59927430E+02
 4574   0.48980380E+02
 4575   0.39045800E+02
 4576   0.30618970E+02
 4577   0.23846630E+02
 4578   0.18814410E+02
 4579   0.15076170E+02
 4580   0.25844950E+02
 4581   0.28894770E+02
 4582   0.23573970E+02
 4583   0.17306100E+02
 4584   0.12153930E+02
 4585   0.10055740E+02
 4586   0.99696000E+01
 4587   0.15150750E+02
 4588   0.29189310E+02
 4589   0.55120660E+02
 4590   0.99266950E+02
 4591   0.66446110E+02
 4592   0.43925830E+02
 4593   0.28897870E+02
 4594   0.37129420E+02
 4595   0.17494657E+03
 4596   0.18337679E+03
 4597   0.12183227E+03
 4598   0.68955710E+02
 4599   0.42987940E+02
 4600   0.67720110E+02
 4601   0.11941169E+03
 4602   0.80065130E+02
 4603   0.56888950E+02
 4604   0.36721570E+02
 4605   0.30886060E+02
 4606   0.31305420E+02
 4607   0.32804920E+02
 4608   0.26838760E+02
 4609   0.20105510E+02
 4610   0.15797250E+02
 4611   0.34711740E+02
 4612   0.34644050E+02
 4613   0.23403770E+02
 4614   0.17729710E+02
 4615   0.13263150E+02
 4616   0.97022100E+01
 4617   0.77710600E+01
 4618   0.73913000E+01
 4619   0.81020900E+01
 4620   0.88253300E+01
 4621   0.87628600E+01
 4622   0.78987900E+01
 4623   0.68111100E+01
 4624   0.55502400E+01
 4625   0.42818600E+01
 4626   0.35191200E+01
 4627   0.29920700E+01
 4628   0.30545000E+01
 4629   0.26937500E+01
 4630   0.23199000E+01
 4631   0.42013800E+01
 4632   0.44249500E+01
 4633   0.23749710E+02
 4634   0.18429293E+03
 4635   0.64408753E+03
 4636   0.25039698E+04
 4637   0.10644687E+04
 4638   0.45889131E+03
 4639   0.24351281E+03
 4640   0.14944324E+03
 4641   0.12394576E+03
 4642   0.11208443E+03
 4643   0.71412920E+02
 4644   0.47123390E+02
 4645   0.32542580E+02
 4646   0.38023200E+02
 4647   0.31801639E+03
 4648   0.50224921E+03
 4649   0.36989920E+03
 4650   0.22223339E+03
 4651   0.16973459E+03
 4652   0.18356016E+03
 4653   0.21125230E+03
 4654   0.15866370E+03
 4655   0.12431085E+03
 4656   0.94297860E+02
 4657   0.74120880E+02
 4658   0.57611120E+02
 4659   0.45305620E+02
 4660   0.37059810E+02
 4661   0.30260520E+02
 4662   0.24451470E+02
 4663   0.31271160E+02
 4664   0.40178440E+02
 4665   0.32656760E+02
 4666   0.25836020E+02
 4667   0.22410320E+02
 4668   0.17701020E+02
 4669   0.13556440E+02
 4670   0.10213580E+02
 4671   0.85379100E+01
 4672   0.80594100E+01
 4673   0.81306400E+01
 4674   0.97605000E+01
 4675   0.92894500E+01
 4676   0.75977000E+01
 4677   0.64880600E+01
 4678   0.56286900E+01
 4679   0.60874400E+01
 4680   0.51821200E+01
 4681   0.56563800E+01
 4682   0.74163100E+01
 4683   0.81678800E+01
 4684   0.81411700E+01
 4685   0.72051000E+01
 4686   0.58965300E+01
 4687   0.49980000E+01
 4688   0.69063200E+01
 4689   0.60929600E+01
 4690   0.50713200E+01
 4691   0.40249700E+01
 4692   0.33774400E+01
 4693   0.33154900E+01
 4694   0.34336800E+01
 4695   0.32109700E+01
 4696   0.28218300E+01
 4697   0.25753600E+01
 4698   0.22116700E+01
 4699   0.20465400E+01
 4700   0.40933300E+01
 4701   0.70372900E+01
 4702   0.96721000E+01
 4703   0.84443300E+01
 4704   0.62967300E+01
 4705   0.50128000E+01
 4706   0.42849000E+01
 4707   0.34664500E+01
 4708   0.28936300E+01
 4709   0.45262800E+01
 4710   0.16578640E+02
 4711   0.25661710E+02
 4712   0.21731280E+02
 4713   0.18859070E+02
 4714   0.20478960E+02
 4715   0.19601810E+02
 4716   0.41144220E+02
 4717   0.43308690E+02
 4718   0.36091010E+02
 4719   0.28819080E+02
 4720   0.23012450E+02
 4721   0.18581380E+02
 4722   0.15147140E+02
 4723   0.12312140E+02
 4724   0.10017120E+02
 4725   0.82025700E+01
 4726   0.63672500E+01
 4727   0.48671500E+01
 4728   0.39658000E+01
 4729   0.34351700E+01
 4730   0.30680300E+01
 4731   0.27066900E+01
 4732   0.23841400E+01
 4733   0.21675000E+01
 4734   0.19264700E+01
 4735   0.17212600E+01
 4736   0.15368300E+01
 4737   0.13746400E+01
 4738   0.11998000E+01
 4739   0.10556700E+01
 4740   0.93658000E+00
 4741   0.81285000E+00
 4742   0.74676000E+00
 4743   0.70718000E+00
 4744   0.67636000E+00
 4745   0.64592000E+00
 4746   0.61311000E+00
 4747   0.57921000E+00
 4748   0.54509000E+00
 4749   0.50231000E+00
 4750   0.44682000E+00
 4751   0.39427000E+00
 4752   0.35200000E+00
 4753   0.31659000E+00
 4754   0.28525000E+00
 4755   0.25759000E+00
 4756   0.23352000E+00
 4757   0.24274000E+00
 4758   0.20587000E+00
 4759   0.18578000E+00
 4760   0.16803000E+00
 4761   0.15425000E+00
 4762   0.41926300E+01
 4763   0.13077080E+02
 4764   0.16994170E+02
 4765   0.13331310E+02
 4766   0.11421090E+02
 4767   0.12660620E+02
 4768   0.10942120E+02
 4769   0.16659570E+02
 4770   0.30615380E+02
 4771   0.28770010E+02
 4772   0.23964300E+02
 4773   0.19624070E+02
 4774   0.16082520E+02
 4775   0.13166220E+02
 4776   0.10575370E+02
 4777   0.83321300E+01
 4778   0.66243000E+01
 4779   0.50058600E+01
 4780   0.40672700E+01
 4781   0.35578600E+01
 4782   0.31885700E+01
 4783   0.28169800E+01
 4784   0.25017500E+01
 4785   0.22429200E+01
 4786   0.20017400E+01
 4787   0.17601600E+01
 4788   0.15404600E+01
 4789   0.13236400E+01
 4790   0.11635000E+01
 4791   0.10527300E+01
 4792   0.96434000E+00
 4793   0.87397000E+00
 4794   0.78254000E+00
 4795   0.72948000E+00
 4796   0.68999000E+00
 4797   0.65710000E+00
 4798   0.62321000E+00
 4799   0.58622000E+00
 4800   0.18527300E+01
 4801   0.61224200E+01
 4802   0.77740100E+01
 4803   0.61857900E+01
 4804   0.43850300E+01
 4805   0.35617600E+01
 4806   0.44018100E+01
 4807   0.56282000E+01
 4808   0.53560100E+01
 4809   0.82143900E+01
 4810   0.19303840E+02
 4811   0.22803130E+02
 4812   0.20239800E+02
 4813   0.16911460E+02
 4814   0.14279960E+02
 4815   0.11601590E+02
 4816   0.10545960E+02
 4817   0.13517160E+02
 4818   0.31719710E+02
 4819   0.36012530E+02
 4820   0.40514740E+02
 4821   0.45892080E+02
 4822   0.12326010E+03
 4823   0.11054913E+03
 4824   0.81879080E+02
 4825   0.60000190E+02
 4826   0.56502460E+02
 4827   0.79970950E+02
 4828   0.76631940E+02
 4829   0.61559100E+02
 4830   0.47489850E+02
 4831   0.37999030E+02
 4832   0.32011530E+02
 4833   0.30215630E+02
 4834   0.29186150E+02
 4835   0.26295810E+02
 4836   0.22500830E+02
 4837   0.18826730E+02
 4838   0.15650990E+02
 4839   0.12331930E+02
 4840   0.91724000E+01
 4841   0.83513100E+01
 4842   0.13938410E+02
 4843   0.26911190E+02
 4844   0.37753040E+02
 4845   0.31452590E+02
 4846   0.24743620E+02
 4847   0.22186090E+02
 4848   0.18424980E+02
 4849   0.13095050E+02
 4850   0.84420500E+01
 4851   0.79942300E+01
 4852   0.14328570E+02
 4853   0.18744440E+02
 4854   0.18373980E+02
 4855   0.15668380E+02
 4856   0.13286850E+02
 4857   0.10998300E+02
 4858   0.88916700E+01
 4859   0.69265800E+01
 4860   0.62428200E+01
 4861   0.50690800E+01
 4862   0.40138100E+01
 4863   0.34290300E+01
 4864   0.30298800E+01
 4865   0.26818100E+01
 4866   0.23643000E+01
 4867   0.22758800E+01
 4868   0.68895200E+01
 4869   0.85799200E+01
 4870   0.69826890E+02
 4871   0.11282021E+03
 4872   0.11045058E+03
 4873   0.25243825E+03
 4874   0.16951734E+03
 4875   0.14945460E+03
 4876   0.15127657E+03
 4877   0.14050069E+03
 4878   0.97043340E+02
 4879   0.70126360E+02
 4880   0.48766860E+02
 4881   0.37579170E+02
 4882   0.38315140E+02
 4883   0.40022530E+02
 4884   0.37153450E+02
 4885   0.32137410E+02
 4886   0.34542990E+02
 4887   0.40495420E+02
 4888   0.34824910E+02
 4889   0.25530500E+02
 4890   0.18850080E+02
 4891   0.16664750E+02
 4892   0.71154170E+02
 4893   0.10273482E+03
 4894   0.11375708E+03
 4895   0.12942589E+03
 4896   0.17645975E+03
 4897   0.12421177E+03
 4898   0.92634490E+02
 4899   0.75836710E+02
 4900   0.66653730E+02
 4901   0.10115182E+03
 4902   0.10482514E+03
 4903   0.80685450E+02
 4904   0.52751890E+02
 4905   0.35967000E+02
 4906   0.25815840E+02
 4907   0.19425480E+02
 4908   0.15555220E+02
 4909   0.18705250E+02
 4910   0.22612610E+02
 4911   0.19715410E+02
 4912   0.13092840E+02
 4913   0.97293200E+01
 4914   0.79861200E+01
 4915   0.65415400E+01
 4916   0.51566300E+01
 4917   0.41370700E+01
 4918   0.74103900E+01
 4919   0.67101700E+01
 4920   0.54657200E+01
 4921   0.39278500E+01
 4922   0.86617500E+01
 4923   0.36995580E+02
 4924   0.40820890E+02
 4925   0.43751490E+02
 4926   0.48865800E+02
 4927   0.40207880E+02
 4928   0.36150700E+02
 4929   0.69725050E+02
 4930   0.83317920E+02
 4931   0.78285180E+02
 4932   0.57076620E+02
 4933   0.76259830E+02
 4934   0.14723755E+03
 4935   0.81976873E+03
 4936   0.45137817E+03
 4937   0.24421460E+03
 4938   0.15947713E+03
 4939   0.11896691E+03
 4940   0.82937760E+02
 4941   0.57420620E+02
 4942   0.40695030E+02
 4943   0.29538960E+02
 4944   0.23221990E+02
 4945   0.20220790E+02
 4946   0.23122900E+02
 4947   0.28579090E+02
 4948   0.32540310E+02
 4949   0.43256050E+02
 4950   0.10806606E+03
 4951   0.14280600E+03
 4952   0.12519334E+03
 4953   0.95076500E+02
 4954   0.64158580E+02
 4955   0.47776060E+02
 4956   0.38265960E+02
 4957   0.31909850E+02
 4958   0.27103840E+02
 4959   0.22776380E+02
 4960   0.18926280E+02
 4961   0.15648310E+02
 4962   0.18773390E+02
 4963   0.41682200E+02
 4964   0.78481180E+02
 4965   0.96294060E+02
 4966   0.57400590E+02
 4967   0.37260220E+02
 4968   0.24796490E+02
 4969   0.17175900E+02
 4970   0.11880530E+02
 4971   0.83147300E+01
 4972   0.58851600E+01
 4973   0.43173900E+01
 4974   0.34592700E+01
 4975   0.31470500E+01
 4976   0.30376800E+01
 4977   0.33430100E+01
 4978   0.14383600E+02
 4979   0.49225000E+02
 4980   0.96536590E+02
 4981   0.98114589E+03
 4982   0.18802089E+04
 4983   0.79002773E+03
 4984   0.38029104E+03
 4985   0.23700788E+03
 4986   0.19457654E+03
 4987   0.13147895E+03
 4988   0.87089970E+02
 4989   0.59041400E+02
 4990   0.43856210E+02
 4991   0.36387210E+02
 4992   0.33243940E+02
 4993   0.29493040E+02
 4994   0.24532880E+02
 4995   0.20712200E+02
 4996   0.18468810E+02
 4997   0.16394810E+02
 4998   0.24125920E+02
 4999   0.28665950E+02
 5000   0.64940700E+02
 5001   0.12524389E+03
 5002   0.12571400E+03
 5003   0.10131082E+03
 5004   0.74928590E+02
 5005   0.55883640E+02
 5006   0.42038150E+02
 5007   0.32168950E+02
 5008   0.24943770E+02
 5009   0.20072430E+02
 5010   0.16107920E+02
 5011   0.13854450E+02
 5012   0.11249690E+02
 5013   0.86840200E+01
 5014   0.63869300E+01
 5015   0.50287300E+01
 5016   0.42164300E+01
 5017   0.35251800E+01
 5018   0.29206200E+01
 5019   0.24139500E+01
 5020   0.20354400E+01
 5021   0.17341200E+01
 5022   0.15279200E+01
 5023   0.17322900E+01
 5024   0.14578200E+01
 5025   0.67462800E+01
 5026   0.32840787E+03
 5027   0.82997405E+03
 5028   0.45476824E+03
 5029   0.25261130E+03
 5030   0.15358296E+03
 5031   0.10100563E+03
 5032   0.70422420E+02
 5033   0.51024140E+02
 5034   0.37343120E+02
 5035   0.27917510E+02
 5036   0.22081840E+02
 5037   0.17768790E+02
 5038   0.21734730E+02
 5039   0.23523100E+02
 5040   0.19340970E+02
 5041   0.15183500E+02
 5042   0.13392490E+02
 5043   0.11328780E+02
 5044   0.83346500E+01
 5045   0.57500400E+01
 5046   0.43638100E+01
 5047   0.35247000E+01
 5048   0.29233700E+01
 5049   0.24420700E+01
 5050   0.20779400E+01
 5051   0.18118500E+01
 5052   0.15945700E+01
 5053   0.14221400E+01
 5054   0.12821600E+01
 5055   0.11224400E+01
 5056   0.97781000E+00
 5057   0.86572000E+00
 5058   0.79361000E+00
 5059   0.20878300E+01
 5060   0.16183500E+01
 5061   0.13790500E+01
 5062   0.12154700E+01
 5063   0.10878200E+01
 5064   0.92508000E+00
 5065   0.76126000E+00
 5066   0.75697000E+00
 5067   0.73465000E+00
 5068   0.70323000E+00
 5069   0.68745000E+00
 5070   0.66641000E+00
 5071   0.63641000E+00
 5072   0.59936000E+00
 5073   0.55729000E+00
 5074   0.51426000E+00
 5075   0.47275000E+00
 5076   0.43331000E+00
 5077   0.39640000E+00
 5078   0.17729700E+01
 5079   0.14684500E+01
 5080   0.12752900E+01
 5081   0.10999200E+01
 5082   0.75493000E+00
 5083   0.50521000E+00
 5084   0.45524000E+00
 5085   0.43969000E+00
 5086   0.42481000E+00
 5087   0.40474000E+00
 5088   0.37546000E+00
 5089   0.12403500E+01
 5090   0.10708600E+01
 5091   0.92373000E+00
 5092   0.61186000E+00
 5093   0.46827000E+00
 5094   0.42119000E+00
 5095   0.41316000E+00
 5096   0.41597000E+00
 5097   0.41737000E+00
 5098   0.40511000E+00
 5099   0.39428800E+01
 5100   0.87725600E+01
 5101   0.95705900E+01
 5102   0.75171100E+01
 5103   0.83531900E+01
 5104   0.11117210E+02
 5105   0.12523730E+02
 5106   0.30765560E+02
 5107   0.33805120E+02
 5108   0.28989070E+02
 5109   0.23643470E+02
 5110   0.19236330E+02
 5111   0.15604840E+02
 5112   0.12591780E+02
 5113   0.10077360E+02
 5114   0.81041200E+01
 5115   0.66427200E+01
 5116   0.59431100E+01
 5117   0.44567200E+01
 5118   0.36109700E+01
 5119   0.30918200E+01
 5120   0.28388200E+01
 5121   0.26084300E+01
 5122   0.24246600E+01
 5123   0.22517300E+01
 5124   0.20621800E+01
 5125   0.18450500E+01
 5126   0.16163300E+01
 5127   0.13798300E+01
 5128   0.12049900E+01
 5129   0.11278800E+01
 5130   0.10387500E+01
 5131   0.95489000E+00
 5132   0.88421000E+00
 5133   0.79169000E+00
 5134   0.16722800E+01
 5135   0.15839000E+01
 5136   0.14139100E+01
 5137   0.11854000E+01
 5138   0.97344000E+00
 5139   0.70401000E+00
 5140   0.64583000E+00
 5141   0.62284000E+00
 5142   0.59746000E+00
 5143   0.84168000E+00
 5144   0.76081000E+00
 5145   0.66126000E+00
 5146   0.56844000E+00
 5147   0.52551000E+00
 5148   0.50884000E+00
 5149   0.48970000E+00
 5150   0.51339000E+00
 5151   0.63126000E+00
 5152   0.20683800E+01
 5153   0.14736530E+02
 5154   0.29734480E+02
 5155   0.37892030E+02
 5156   0.11647348E+03
 5157   0.13401021E+03
 5158   0.96051550E+02
 5159   0.69319440E+02
 5160   0.51248230E+02
 5161   0.38957190E+02
 5162   0.30084980E+02
 5163   0.23714750E+02
 5164   0.18972470E+02
 5165   0.15258230E+02
 5166   0.12135890E+02
 5167   0.91206300E+01
 5168   0.65861700E+01
 5169   0.53409700E+01
 5170   0.46398200E+01
 5171   0.41004100E+01
 5172   0.35494600E+01
 5173   0.31018900E+01
 5174   0.32729000E+01
 5175   0.29292600E+01
 5176   0.26456300E+01
 5177   0.22574700E+01
 5178   0.17953700E+01
 5179   0.15205100E+01
 5180   0.13369400E+01
 5181   0.18496600E+01
 5182   0.14761200E+01
 5183   0.13218700E+01
 5184   0.12317000E+01
 5185   0.11635500E+01
 5186   0.11071920E+02
 5187   0.18627220E+02
 5188   0.22870250E+02
 5189   0.33890460E+02
 5190   0.62854330E+02
 5191   0.13562005E+03
 5192   0.14242433E+03
 5193   0.11598051E+03
 5194   0.84613270E+02
 5195   0.62858420E+02
 5196   0.50892870E+02
 5197   0.60341200E+02
 5198   0.63438880E+02
 5199   0.65821450E+02
 5200   0.57936750E+02
 5201   0.50346280E+02
 5202   0.65332520E+02
 5203   0.61031180E+02
 5204   0.49036010E+02
 5205   0.38295370E+02
 5206   0.30068980E+02
 5207   0.23852300E+02
 5208   0.19686070E+02
 5209   0.18621270E+02
 5210   0.27538280E+02
 5211   0.27322190E+02
 5212   0.19443230E+02
 5213   0.14062980E+02
 5214   0.10740610E+02
 5215   0.83055400E+01
 5216   0.64627000E+01
 5217   0.51542600E+01
 5218   0.40602100E+01
 5219   0.30122800E+01
 5220   0.40607800E+01
 5221   0.33357900E+01
 5222   0.28308300E+01
 5223   0.23613500E+01
 5224   0.20589800E+01
 5225   0.18734300E+01
 5226   0.16862300E+01
 5227   0.18394000E+01
 5228   0.30798600E+01
 5229   0.25190100E+01
 5230   0.20273100E+01
 5231   0.40911700E+01
 5232   0.84570600E+01
 5233   0.82594500E+01
 5234   0.63088200E+01
 5235   0.43404800E+01
 5236   0.31275000E+01
 5237   0.11389550E+02
 5238   0.18803890E+02
 5239   0.19416260E+02
 5240   0.11983530E+02
 5241   0.84991800E+01
 5242   0.77588400E+01
 5243   0.67918300E+01
 5244   0.55121100E+01
 5245   0.44380100E+01
 5246   0.37242800E+01
 5247   0.40311400E+01
 5248   0.60435100E+01
 5249   0.18434240E+02
 5250   0.22080500E+02
 5251   0.20753350E+02
 5252   0.19049980E+02
 5253   0.35752880E+02
 5254   0.48338480E+02
 5255   0.40550390E+02
 5256   0.60876530E+02
 5257   0.77954380E+02
 5258   0.53457050E+02
 5259   0.41831080E+02
 5260   0.50620440E+02
 5261   0.14351954E+03
 5262   0.11179954E+03
 5263   0.79404900E+02
 5264   0.98621010E+02
 5265   0.11414771E+03
 5266   0.85136060E+02
 5267   0.65163900E+02
 5268   0.50399880E+02
 5269   0.64867670E+02
 5270   0.13689402E+03
 5271   0.10463018E+03
 5272   0.72982670E+02
 5273   0.53649190E+02
 5274   0.74183460E+02
 5275   0.72046850E+02
 5276   0.91453330E+02
 5277   0.76586860E+02
 5278   0.16544399E+03
 5279   0.10686915E+04
 5280   0.73489099E+03
 5281   0.35506278E+03
 5282   0.26543383E+03
 5283   0.50779857E+03
 5284   0.43676160E+03
 5285   0.13756220E+04
 5286   0.23298480E+04
 5287   0.12717223E+04
 5288   0.69451876E+03
 5289   0.42488303E+03
 5290   0.26977598E+03
 5291   0.18607124E+03
 5292   0.13966857E+03
 5293   0.10514656E+03
 5294   0.78141940E+02
 5295   0.58535410E+02
 5296   0.44606480E+02
 5297   0.34434840E+02
 5298   0.26827640E+02
 5299   0.65975230E+02
 5300   0.12240788E+03
 5301   0.10796376E+03
 5302   0.77200750E+02
 5303   0.17005494E+03
 5304   0.13757089E+03
 5305   0.95789420E+02
 5306   0.68430750E+02
 5307   0.50370040E+02
 5308   0.37973210E+02
 5309   0.29156730E+02
 5310   0.22496540E+02
 5311   0.17682440E+02
 5312   0.13358920E+02
 5313   0.10174570E+02
 5314   0.81317900E+01
 5315   0.66544400E+01
 5316   0.62046800E+01
 5317   0.64696000E+01
 5318   0.12087550E+02
 5319   0.18928320E+02
 5320   0.28102840E+02
 5321   0.39005460E+02
 5322   0.49348858E+03
 5323   0.40165637E+03
 5324   0.68648132E+03
 5325   0.56589738E+03
 5326   0.26390759E+03
 5327   0.18044174E+03
 5328   0.14612509E+03
 5329   0.10819203E+03
 5330   0.75192640E+02
 5331   0.52492610E+02
 5332   0.41206210E+02
 5333   0.63445590E+02
 5334   0.19628877E+03
 5335   0.38626347E+03
 5336   0.35631356E+03
 5337   0.24619980E+03
 5338   0.16316085E+03
 5339   0.12839795E+03
 5340   0.12669899E+03
 5341   0.12661234E+03
 5342   0.13145773E+03
 5343   0.93472180E+02
 5344   0.59592460E+02
 5345   0.39163280E+02
 5346   0.28461000E+02
 5347   0.23778940E+02
 5348   0.19101468E+03
 5349   0.44084629E+03
 5350   0.58949930E+03
 5351   0.36137637E+03
 5352   0.57140136E+03
 5353   0.48207670E+03
 5354   0.32341624E+03
 5355   0.21611604E+03
 5356   0.14435945E+03
 5357   0.94693580E+02
 5358   0.65616730E+02
 5359   0.47677480E+02
 5360   0.35710670E+02
 5361   0.27229470E+02
 5362   0.20761130E+02
 5363   0.15732380E+02
 5364   0.12322180E+02
 5365   0.10234670E+02
 5366   0.84008300E+01
 5367   0.97574300E+01
 5368   0.13678060E+02
 5369   0.13197180E+02
 5370   0.10811580E+02
 5371   0.76455100E+01
 5372   0.56070800E+01
 5373   0.41621400E+01
 5374   0.39701300E+01
 5375   0.34435900E+01
 5376   0.28764700E+01
 5377   0.23422500E+01
 5378   0.19225500E+01
 5379   0.16160700E+01
 5380   0.14899600E+01
 5381   0.12809200E+01
 5382   0.11947600E+01
 5383   0.18738280E+02
 5384   0.17996912E+03
 5385   0.20236539E+03
 5386   0.13181119E+03
 5387   0.92658210E+02
 5388   0.80203860E+02
 5389   0.89940290E+02
 5390   0.10442091E+03
 5391   0.13943335E+03
 5392   0.13032550E+03
 5393   0.91231840E+02
 5394   0.79588170E+02
 5395   0.66486020E+02
 5396   0.90218690E+02
 5397   0.13725040E+03
 5398   0.12703110E+03
 5399   0.91372210E+02
 5400   0.69454440E+02
 5401   0.52615840E+02
 5402   0.40684460E+02
 5403   0.31255620E+02
 5404   0.23987140E+02
 5405   0.19423120E+02
 5406   0.15836430E+02
 5407   0.12724170E+02
 5408   0.99211200E+01
 5409   0.77777700E+01
 5410   0.63537400E+01
 5411   0.51232100E+01
 5412   0.41826200E+01
 5413   0.32704900E+01
 5414   0.24560800E+01
 5415   0.19651100E+01
 5416   0.16598300E+01
 5417   0.14770600E+01
 5418   0.13433300E+01
 5419   0.15221100E+01
 5420   0.20061300E+01
 5421   0.17077800E+01
 5422   0.14666700E+01
 5423   0.12878700E+01
 5424   0.10971500E+01
 5425   0.91163000E+00
 5426   0.73007000E+00
 5427   0.67381000E+00
 5428   0.63235000E+00
 5429   0.58935000E+00
 5430   0.54552000E+00
 5431   0.50345000E+00
 5432   0.46262000E+00
 5433   0.42508000E+00
 5434   0.39555000E+00
 5435   0.37654000E+00
 5436   0.36628000E+00
 5437   0.35713000E+00
 5438   0.34351000E+00
 5439   0.32928000E+00
 5440   0.31813000E+00
 5441   0.31094000E+00
 5442   0.30677000E+00
 5443   0.30372000E+00
 5444   0.29991000E+00
 5445   0.29436000E+00
 5446   0.28699000E+00
 5447   0.33302000E+00
 5448   0.32565000E+00
 5449   0.38753000E+00
 5450   0.55279000E+00
 5451   0.45569000E+00
 5452   0.39454000E+00
 5453   0.33797000E+00
 5454   0.29841000E+00
 5455   0.39112000E+01
 5456   0.69149000E+01
 5457   0.58507700E+01
 5458   0.44500600E+01
 5459   0.32431500E+01
 5460   0.24981600E+01
 5461   0.25166600E+01
 5462   0.27889600E+01
 5463   0.27470300E+01
 5464   0.23871000E+01
 5465   0.24794200E+01
 5466   0.20088400E+01
 5467   0.27140600E+01
 5468   0.34445200E+01
 5469   0.45110500E+01
 5470   0.49459600E+01
 5471   0.57396900E+01
 5472   0.13114030E+02
 5473   0.17910650E+02
 5474   0.16726840E+02
 5475   0.12089210E+02
 5476   0.10181120E+02
 5477   0.93026800E+01
 5478   0.79148200E+01
 5479   0.66568800E+01
 5480   0.66867500E+01
 5481   0.97764000E+01
 5482   0.13209880E+02
 5483   0.13695730E+02
 5484   0.12324740E+02
 5485   0.99985900E+01
 5486   0.75470200E+01
 5487   0.63712300E+01
 5488   0.56132800E+01
 5489   0.49771000E+01
 5490   0.43447800E+01
 5491   0.37857600E+01
 5492   0.32312100E+01
 5493   0.27731700E+01
 5494   0.23816400E+01
 5495   0.20223900E+01
 5496   0.16558500E+01
 5497   0.14068700E+01
 5498   0.12609900E+01
 5499   0.11614200E+01
 5500   0.10805400E+01
 5501   0.10057900E+01
 5502   0.95027000E+00
 5503   0.89661000E+00
 5504   0.79012000E+00
 5505   0.73337000E+00
 5506   0.68721000E+00
 5507   0.63147000E+00
 5508   0.71973000E+00
 5509   0.61429000E+00
 5510   0.54498000E+00
 5511   0.48653000E+00
 5512   0.43649000E+00
 5513   0.22805700E+01
 5514   0.39437100E+01
 5515   0.95090100E+01
 5516   0.10362010E+02
 5517   0.66419800E+01
 5518   0.42131300E+01
 5519   0.40794300E+01
 5520   0.60434300E+01
 5521   0.61375800E+01
 5522   0.51916400E+01
 5523   0.42023800E+01
 5524   0.33859900E+01
 5525   0.28791500E+01
 5526   0.30187500E+01
 5527   0.34881000E+01
 5528   0.41032800E+01
 5529   0.45778000E+01
 5530   0.46697100E+01
 5531   0.44976400E+01
 5532   0.41882700E+01
 5533   0.38275600E+01
 5534   0.33760600E+01
 5535   0.29957500E+01
 5536   0.45763500E+01
 5537   0.70086000E+01
 5538   0.14795310E+02
 5539   0.20367880E+02
 5540   0.20467100E+02
 5541   0.22624250E+02
 5542   0.23148180E+02
 5543   0.18872550E+02
 5544   0.14654090E+02
 5545   0.12913160E+02
 5546   0.13812890E+02
 5547   0.14948100E+02
 5548   0.15499570E+02
 5549   0.15436080E+02
 5550   0.14897670E+02
 5551   0.13945910E+02
 5552   0.12411690E+02
 5553   0.10662690E+02
 5554   0.91556700E+01
 5555   0.85906800E+01
 5556   0.17615620E+02
 5557   0.25582510E+02
 5558   0.21702690E+02
 5559   0.18397390E+02
 5560   0.21003130E+02
 5561   0.18421460E+02
 5562   0.20695030E+02
 5563   0.37357120E+02
 5564   0.36420100E+02
 5565   0.31201560E+02
 5566   0.30174800E+02
 5567   0.29587320E+02
 5568   0.23759670E+02
 5569   0.37447100E+02
 5570   0.75891740E+02
 5571   0.63872280E+02
 5572   0.62892790E+02
 5573   0.67625380E+02
 5574   0.69422680E+02
 5575   0.59599030E+02
 5576   0.47724570E+02
 5577   0.36719110E+02
 5578   0.28166220E+02
 5579   0.22672070E+02
 5580   0.18496710E+02
 5581   0.15016940E+02
 5582   0.12052650E+02
 5583   0.97394300E+01
 5584   0.89031000E+01
 5585   0.89267000E+01
 5586   0.88854700E+01
 5587   0.75119800E+01
 5588   0.52244900E+01
 5589   0.39168400E+01
 5590   0.31779800E+01
 5591   0.27163200E+01
 5592   0.23175700E+01
 5593   0.19739000E+01
 5594   0.21105350E+02
 5595   0.66095120E+02
 5596   0.59933560E+02
 5597   0.77167160E+02
 5598   0.18957434E+03
 5599   0.21478809E+03
 5600   0.32249060E+03
 5601   0.42605376E+03
 5602   0.37254358E+03
 5603   0.23113378E+03
 5604   0.14652763E+03
 5605   0.97868990E+02
 5606   0.69442560E+02
 5607   0.52045760E+02
 5608   0.38434300E+02
 5609   0.28739070E+02
 5610   0.22668180E+02
 5611   0.36789590E+02
 5612   0.37229030E+02
 5613   0.27359960E+02
 5614   0.23307210E+02
 5615   0.19324930E+02
 5616   0.22911800E+02
 5617   0.51535900E+02
 5618   0.49463310E+02
 5619   0.38427690E+02
 5620   0.31859830E+02
 5621   0.24539060E+02
 5622   0.27906590E+02
 5623   0.37609810E+02
 5624   0.41472190E+02
 5625   0.34858570E+02
 5626   0.26928170E+02
 5627   0.30244240E+02
 5628   0.28401670E+02
 5629   0.19843560E+02
 5630   0.14000260E+02
 5631   0.10653110E+02
 5632   0.82863300E+01
 5633   0.85535100E+01
 5634   0.13522470E+02
 5635   0.32647700E+02
 5636   0.37041520E+02
 5637   0.28498610E+02
 5638   0.27966680E+02
 5639   0.29220590E+02
 5640   0.22662280E+02
 5641   0.15371100E+02
 5642   0.13803100E+02
 5643   0.13565140E+02
 5644   0.26093710E+02
 5645   0.82390580E+02
 5646   0.81499950E+02
 5647   0.11570622E+03
 5648   0.74031550E+02
 5649   0.63546440E+02
 5650   0.94456940E+02
 5651   0.16194421E+03
 5652   0.10951109E+03
 5653   0.13870359E+03
 5654   0.16858355E+03
 5655   0.16717290E+03
 5656   0.22610579E+03
 5657   0.28681049E+03
 5658   0.43257288E+03
 5659   0.35658964E+03
 5660   0.22994488E+03
 5661   0.16065057E+03
 5662   0.12539063E+03
 5663   0.98951040E+02
 5664   0.70584380E+02
 5665   0.51496630E+02
 5666   0.38739660E+02
 5667   0.29910820E+02
 5668   0.23451990E+02
 5669   0.18274520E+02
 5670   0.13937370E+02
 5671   0.10796190E+02
 5672   0.85640800E+01
 5673   0.68845400E+01
 5674   0.58718700E+01
 5675   0.13919500E+02
 5676   0.37025580E+02
 5677   0.77507050E+02
 5678   0.11143096E+03
 5679   0.12150548E+03
 5680   0.18957768E+03
 5681   0.22020710E+03
 5682   0.15317178E+03
 5683   0.10490662E+03
 5684   0.75796220E+02
 5685   0.69058990E+02
 5686   0.20974140E+03
 5687   0.29894030E+03
 5688   0.61688139E+03
 5689   0.37359003E+03
 5690   0.21352274E+03
 5691   0.13377265E+03
 5692   0.91147420E+02
 5693   0.10514887E+03
 5694   0.44190641E+03
 5695   0.33747558E+03
 5696   0.28868243E+03
 5697   0.27180130E+03
 5698   0.17532535E+03
 5699   0.11352725E+03
 5700   0.77605340E+02
 5701   0.56593500E+02
 5702   0.42991000E+02
 5703   0.32832120E+02
 5704   0.25485430E+02
 5705   0.20005940E+02
 5706   0.22748410E+02
 5707   0.14457436E+03
 5708   0.19726374E+03
 5709   0.18192364E+03
 5710   0.16627142E+03
 5711   0.13028526E+03
 5712   0.10190677E+03
 5713   0.87083130E+02
 5714   0.66788340E+02
 5715   0.46477850E+02
 5716   0.33797870E+02
 5717   0.25312410E+02
 5718   0.19528030E+02
 5719   0.15288060E+02
 5720   0.11735950E+02
 5721   0.90894600E+01
 5722   0.67430300E+01
 5723   0.53774400E+01
 5724   0.45462000E+01
 5725   0.39175500E+01
 5726   0.32876300E+01
 5727   0.27889900E+01
 5728   0.23364000E+01
 5729   0.20172200E+01
 5730   0.25892200E+01
 5731   0.21543000E+01
 5732   0.17130500E+01
 5733   0.14480700E+01
 5734   0.13300900E+01
 5735   0.77846700E+01
 5736   0.17591470E+02
 5737   0.20659110E+02
 5738   0.22172420E+02
 5739   0.39984560E+02
 5740   0.61300320E+02
 5741   0.13540976E+03
 5742   0.12688870E+03
 5743   0.99298670E+02
 5744   0.74114850E+02
 5745   0.55659080E+02
 5746   0.42474290E+02
 5747   0.33680450E+02
 5748   0.27582890E+02
 5749   0.21947310E+02
 5750   0.47941320E+02
 5751   0.85079270E+02
 5752   0.48326980E+02
 5753   0.33768790E+02
 5754   0.24208730E+02
 5755   0.17481610E+02
 5756   0.12892120E+02
 5757   0.97277100E+01
 5758   0.80232400E+01
 5759   0.70130900E+01
 5760   0.62960000E+01
 5761   0.54202600E+01
 5762   0.47074200E+01
 5763   0.37843700E+01
 5764   0.30662900E+01
 5765   0.26908500E+01
 5766   0.24242000E+01
 5767   0.21321100E+01
 5768   0.18784400E+01
 5769   0.16674900E+01
 5770   0.14806600E+01
 5771   0.13350100E+01
 5772   0.12027200E+01
 5773   0.10486100E+01
 5774   0.90379000E+00
 5775   0.76183000E+00
 5776   0.70363000E+00
 5777   0.66301000E+00
 5778   0.62558000E+00
 5779   0.58739000E+00
 5780   0.59118000E+00
 5781   0.80795200E+01
 5782   0.84151700E+01
 5783   0.71997000E+02
 5784   0.13084467E+03
 5785   0.15850626E+03
 5786   0.14175254E+03
 5787   0.15913665E+03
 5788   0.11564818E+03
 5789   0.79494690E+02
 5790   0.55702920E+02
 5791   0.41921720E+02
 5792   0.31658140E+02
 5793   0.25862270E+02
 5794   0.29377460E+02
 5795   0.79293410E+02
 5796   0.10319305E+03
 5797   0.80638630E+02
 5798   0.61276040E+02
 5799   0.47566110E+02
 5800   0.37915540E+02
 5801   0.30533010E+02
 5802   0.24387780E+02
 5803   0.19825770E+02
 5804   0.15659810E+02
 5805   0.13048600E+02
 5806   0.11740510E+02
 5807   0.10956850E+02
 5808   0.97316600E+01
 5809   0.88622800E+01
 5810   0.75356200E+01
 5811   0.64362000E+01
 5812   0.53964200E+01
 5813   0.45002200E+01
 5814   0.34401600E+01
 5815   0.27748300E+01
 5816   0.23572900E+01
 5817   0.20940800E+01
 5818   0.18529200E+01
 5819   0.34947900E+01
 5820   0.26383100E+01
 5821   0.21654200E+01
 5822   0.18495400E+01
 5823   0.15571400E+01
 5824   0.19323900E+01
 5825   0.17792110E+02
 5826   0.69636970E+02
 5827   0.56363690E+02
 5828   0.45971310E+02
 5829   0.34871080E+02
 5830   0.25757940E+02
 5831   0.49115490E+02
 5832   0.52174270E+02
 5833   0.40920190E+02
 5834   0.33332150E+02
 5835   0.29247930E+02
 5836   0.24281520E+02
 5837   0.19252450E+02
 5838   0.15446340E+02
 5839   0.12408880E+02
 5840   0.11675200E+02
 5841   0.10336500E+02
 5842   0.89083300E+01
 5843   0.86391300E+01
 5844   0.10505520E+02
 5845   0.91631100E+01
 5846   0.76937300E+01
 5847   0.76838400E+01
 5848   0.78791700E+01
 5849   0.78976400E+01
 5850   0.80849000E+01
 5851   0.87201700E+01
 5852   0.10034770E+02
 5853   0.10546910E+02
 5854   0.97421700E+01
 5855   0.79196800E+01
 5856   0.69707100E+01
 5857   0.63474600E+01
 5858   0.56773700E+01
 5859   0.48982400E+01
 5860   0.42977600E+01
 5861   0.38137300E+01
 5862   0.47426100E+01
 5863   0.42261700E+01
 5864   0.67555000E+01
 5865   0.48054000E+01
 5866   0.33702900E+01
 5867   0.26242100E+01
 5868   0.22834200E+01
 5869   0.25157900E+01
 5870   0.24994500E+01
 5871   0.24343500E+01
 5872   0.22453800E+01
 5873   0.20096100E+01
 5874   0.17406000E+01
 5875   0.14556500E+01
 5876   0.13469000E+01
 5877   0.11861600E+01
 5878   0.10809100E+01
 5879   0.98006000E+00
 5880   0.86234000E+00
 5881   0.75643000E+00
 5882   0.71605000E+00
 5883   0.69252000E+00
 5884   0.67731000E+00
 5885   0.15667100E+01
 5886   0.99962000E+00
 5887   0.71344000E+00
 5888   0.64666000E+00
 5889   0.67017000E+00
 5890   0.88799000E+00
 5891   0.12392600E+01
 5892   0.10880900E+01
 5893   0.10150700E+01
 5894   0.14797720E+02
 5895   0.61046440E+02
 5896   0.11103665E+03
 5897   0.40532838E+03
 5898   0.42829865E+03
 5899   0.29877388E+03
 5900   0.19925504E+03
 5901   0.13419526E+03
 5902   0.93558070E+02
 5903   0.67653660E+02
 5904   0.52905660E+02
 5905   0.39627290E+02
 5906   0.29552020E+02
 5907   0.23721750E+02
 5908   0.19317450E+02
 5909   0.22625040E+02
 5910   0.29949310E+02
 5911   0.35138760E+02
 5912   0.32909910E+02
 5913   0.37757250E+02
 5914   0.87163130E+02
 5915   0.13611128E+03
 5916   0.12341119E+03
 5917   0.15565513E+03
 5918   0.21622172E+03
 5919   0.17150820E+03
 5920   0.12067640E+03
 5921   0.10142352E+03
 5922   0.19373101E+03
 5923   0.18501029E+03
 5924   0.14576565E+03
 5925   0.17282809E+03
 5926   0.12962235E+03
 5927   0.91875470E+02
 5928   0.66677680E+02
 5929   0.49362510E+02
 5930   0.37616510E+02
 5931   0.29126620E+02
 5932   0.22890760E+02
 5933   0.18834320E+02
 5934   0.31889050E+02
 5935   0.40018400E+02
 5936   0.28442700E+02
 5937   0.24952920E+02
 5938   0.31488120E+02
 5939   0.29630740E+02
 5940   0.26158080E+02
 5941   0.25622740E+02
 5942   0.38440850E+02
 5943   0.42158790E+02
 5944   0.38034610E+02
 5945   0.35614360E+02
 5946   0.66748380E+02
 5947   0.10875191E+03
 5948   0.91747750E+02
 5949   0.96123420E+02
 5950   0.10953397E+03
 5951   0.84024810E+02
 5952   0.62442220E+02
 5953   0.47266720E+02
 5954   0.36343040E+02
 5955   0.33094190E+02
 5956   0.26183500E+02
 5957   0.20020680E+02
 5958   0.17212640E+02
 5959   0.15529750E+02
 5960   0.13433800E+02
 5961   0.11462200E+02
 5962   0.10387640E+02
 5963   0.10866090E+02
 5964   0.11829360E+02
 5965   0.12320620E+02
 5966   0.11096830E+02
 5967   0.92607600E+01
 5968   0.75418600E+01
 5969   0.62121100E+01
 5970   0.54245800E+01
 5971   0.96993700E+01
 5972   0.12619570E+02
 5973   0.13205070E+02
 5974   0.12500590E+02
 5975   0.94798000E+01
 5976   0.22969400E+02
 5977   0.27929200E+02
 5978   0.24517130E+02
 5979   0.24856510E+02
 5980   0.23498160E+02
 5981   0.21168600E+02
 5982   0.20050360E+02
 5983   0.26374760E+02
 5984   0.44978740E+02
 5985   0.71433230E+02
 5986   0.74820340E+02
 5987   0.69317220E+02
 5988   0.91271450E+02
 5989   0.72931300E+02
 5990   0.65839110E+02
 5991   0.99382620E+02
 5992   0.95795790E+02
 5993   0.72494120E+02
 5994   0.75379070E+02
 5995   0.63992830E+02
 5996   0.50888230E+02
 5997   0.40224280E+02
 5998   0.36795190E+02
 5999   0.66935430E+02
 6000   0.61116910E+02
 6001   0.45045690E+02
 6002   0.35069200E+02
 6003   0.26548470E+02
 6004   0.22166480E+02
 6005   0.29122050E+02
 6006   0.42554190E+02
 6007   0.66881780E+02
 6008   0.50926080E+02
 6009   0.35500930E+02
 6010   0.27856430E+02
 6011   0.21142540E+02
 6012   0.16079200E+02
 6013   0.12199600E+02
 6014   0.92154400E+01
 6015   0.71034000E+01
 6016   0.60839400E+01
 6017   0.57567900E+01
 6018   0.52520200E+01
 6019   0.43034800E+01
 6020   0.37060600E+01
 6021   0.36750800E+01
 6022   0.49208700E+01
 6023   0.13274670E+02
 6024   0.34283600E+02
 6025   0.39981580E+02
 6026   0.19512089E+03
 6027   0.70066330E+03
 6028   0.70807392E+03
 6029   0.13535826E+04
 6030   0.92114186E+03
 6031   0.76959354E+03
 6032   0.12748713E+04
 6033   0.13625756E+04
 6034   0.73815932E+03
 6035   0.47135699E+03
 6036   0.26072586E+03
 6037   0.15108382E+03
 6038   0.96022520E+02
 6039   0.66510870E+02
 6040   0.49043290E+02
 6041   0.36984840E+02
 6042   0.28384370E+02
 6043   0.22180310E+02
 6044   0.17553020E+02
 6045   0.13972990E+02
 6046   0.10873690E+02
 6047   0.88550800E+01
 6048   0.10791750E+02
 6049   0.83011280E+02
 6050   0.13641026E+03
 6051   0.24648865E+03
 6052   0.19721889E+03
 6053   0.17888290E+03
 6054   0.13716642E+03
 6055   0.10815968E+03
 6056   0.89951690E+02
 6057   0.94710270E+02
 6058   0.91674130E+02
 6059   0.85155570E+02
 6060   0.75449870E+02
 6061   0.57639300E+02
 6062   0.48326850E+02
 6063   0.51878760E+02
 6064   0.53276420E+02
 6065   0.61143220E+02
 6066   0.67037260E+02
 6067   0.47817110E+02
 6068   0.32332280E+02
 6069   0.22229500E+02
 6070   0.15570840E+02
 6071   0.11232880E+02
 6072   0.83795000E+01
 6073   0.64976200E+01
 6074   0.51365000E+01
 6075   0.38984170E+02
 6076   0.86857480E+02
 6077   0.15237409E+03
 6078   0.13206227E+03
 6079   0.19731115E+03
 6080   0.55706006E+03
 6081   0.92904685E+03
 6082   0.45196746E+03
 6083   0.23927106E+03
 6084   0.15289334E+03
 6085   0.13523038E+03
 6086   0.21900811E+03
 6087   0.52296546E+03
 6088   0.81441406E+03
 6089   0.87356742E+03
 6090   0.60968292E+03
 6091   0.36809475E+03
 6092   0.22111171E+03
 6093   0.14035028E+03
 6094   0.95425920E+02
 6095   0.69815150E+02
 6096   0.53304650E+02
 6097   0.41009110E+02
 6098   0.31998870E+02
 6099   0.25248170E+02
 6100   0.19691770E+02
 6101   0.15067450E+02
 6102   0.11881610E+02
 6103   0.96250900E+01
 6104   0.76007500E+01
 6105   0.62136000E+01
 6106   0.50469800E+01
 6107   0.41188600E+01
 6108   0.33832500E+01
 6109   0.27471600E+01
 6110   0.21801200E+01
 6111   0.17654200E+01
 6112   0.14873900E+01
 6113   0.12988100E+01
 6114   0.11762800E+01
 6115   0.10775900E+01
 6116   0.99473000E+00
 6117   0.24122600E+01
 6118   0.16252210E+02
 6119   0.20066730E+02
 6120   0.11835640E+02
 6121   0.64860700E+01
 6122   0.78927700E+01
 6123   0.75157700E+01
 6124   0.75412900E+01
 6125   0.58478700E+01
 6126   0.44772100E+01
 6127   0.44706700E+01
 6128   0.81551300E+01
 6129   0.11527460E+02
 6130   0.12705390E+02
 6131   0.16453480E+02
 6132   0.14477650E+02
 6133   0.11181120E+02
 6134   0.21719750E+02
 6135   0.34091920E+02
 6136   0.28428600E+02
 6137   0.20595060E+02
 6138   0.16181130E+02
 6139   0.12405020E+02
 6140   0.91507800E+01
 6141   0.66268500E+01
 6142   0.48759900E+01
 6143   0.40184100E+01
 6144   0.27965070E+02
 6145   0.37579650E+02
 6146   0.27843490E+02
 6147   0.29897620E+02
 6148   0.25848670E+02
 6149   0.35739850E+02
 6150   0.16937523E+03
 6151   0.14733052E+03
 6152   0.10411795E+03
 6153   0.74113490E+02
 6154   0.59764890E+02
 6155   0.53015310E+02
 6156   0.47029190E+02
 6157   0.38711450E+02
 6158   0.35644200E+02
 6159   0.46513440E+02
 6160   0.44866900E+02
 6161   0.36515690E+02
 6162   0.29091440E+02
 6163   0.25073710E+02
 6164   0.22255900E+02
 6165   0.19427740E+02
 6166   0.16579010E+02
 6167   0.13856920E+02
 6168   0.11256290E+02
 6169   0.89410400E+01
 6170   0.71522600E+01
 6171   0.57508600E+01
 6172   0.46391000E+01
 6173   0.35283400E+01
 6174   0.27606000E+01
 6175   0.23339600E+01
 6176   0.20680900E+01
 6177   0.18611600E+01
 6178   0.16518000E+01
 6179   0.14818700E+01
 6180   0.13431600E+01
 6181   0.12330900E+01
 6182   0.42812700E+01
 6183   0.45868400E+01
 6184   0.33634900E+01
 6185   0.25376900E+01
 6186   0.19881400E+01
 6187   0.15575700E+01
 6188   0.13084200E+01
 6189   0.11585000E+01
 6190   0.10540300E+01
 6191   0.97891000E+00
 6192   0.89622000E+00
 6193   0.77321000E+00
 6194   0.67573000E+00
 6195   0.59110000E+00
 6196   0.52770000E+00
 6197   0.47813000E+00
 6198   0.43578000E+00
 6199   0.35919900E+01
 6200   0.14527210E+02
 6201   0.19077520E+02
 6202   0.14723910E+02
 6203   0.14685340E+02
 6204   0.17638160E+02
 6205   0.21007240E+02
 6206   0.42018960E+02
 6207   0.39030870E+02
 6208   0.31484320E+02
 6209   0.25063780E+02
 6210   0.22174520E+02
 6211   0.18232400E+02
 6212   0.14444030E+02
 6213   0.11102240E+02
 6214   0.81993700E+01
 6215   0.65067300E+01
 6216   0.54706400E+01
 6217   0.46232600E+01
 6218   0.39617600E+01
 6219   0.34108100E+01
 6220   0.29114200E+01
 6221   0.25166400E+01
 6222   0.21485700E+01
 6223   0.18038300E+01
 6224   0.15033800E+01
 6225   0.13018200E+01
 6226   0.11661900E+01
 6227   0.10709600E+01
 6228   0.98856000E+00
 6229   0.91627000E+00
 6230   0.82847000E+00
 6231   0.75003000E+00
 6232   0.70294000E+00
 6233   0.66953000E+00
 6234   0.63734000E+00
 6235   0.58750000E+00
 6236   0.10266500E+01
 6237   0.13778980E+02
 6238   0.26860100E+02
 6239   0.37004820E+02
 6240   0.34840790E+02
 6241   0.31708910E+02
 6242   0.27154420E+02
 6243   0.21283710E+02
 6244   0.16371260E+02
 6245   0.29221120E+02
 6246   0.40256360E+02
 6247   0.35369730E+02
 6248   0.29001370E+02
 6249   0.23521440E+02
 6250   0.19199990E+02
 6251   0.15660570E+02
 6252   0.13154070E+02
 6253   0.10289330E+02
 6254   0.80859400E+01
 6255   0.60472200E+01
 6256   0.48283700E+01
 6257   0.87624900E+01
 6258   0.19261850E+02
 6259   0.30928270E+02
 6260   0.31895050E+02
 6261   0.38310740E+02
 6262   0.39850570E+02
 6263   0.95398670E+02
 6264   0.90505160E+02
 6265   0.69036590E+02
 6266   0.57215210E+02
 6267   0.46326100E+02
 6268   0.36145990E+02
 6269   0.28675240E+02
 6270   0.23448380E+02
 6271   0.20086130E+02
 6272   0.42855970E+02
 6273   0.72496530E+02
 6274   0.71407590E+02
 6275   0.10460965E+03
 6276   0.19617553E+03
 6277   0.13163454E+03
 6278   0.91593300E+02
 6279   0.69554390E+02
 6280   0.57521220E+02
 6281   0.44765950E+02
 6282   0.35442280E+02
 6283   0.28684990E+02
 6284   0.22431200E+02
 6285   0.17162980E+02
 6286   0.14013780E+02
 6287   0.13196210E+02
 6288   0.15345380E+02
 6289   0.17540600E+02
 6290   0.17071460E+02
 6291   0.15190680E+02
 6292   0.13195280E+02
 6293   0.10904100E+02
 6294   0.86890500E+01
 6295   0.68708700E+01
 6296   0.52716600E+01
 6297   0.52508100E+01
 6298   0.45349800E+01
 6299   0.39892300E+01
 6300   0.34038600E+01
 6301   0.29861800E+01
 6302   0.67687700E+01
 6303   0.71140800E+01
 6304   0.63232300E+01
 6305   0.45368000E+01
 6306   0.76708400E+01
 6307   0.73964600E+01
 6308   0.61610700E+01
 6309   0.48906600E+01
 6310   0.95046400E+01
 6311   0.17717890E+02
 6312   0.24684050E+02
 6313   0.20545840E+02
 6314   0.13128700E+02
 6315   0.97102400E+01
 6316   0.89847800E+01
 6317   0.95884100E+01
 6318   0.89931800E+01
 6319   0.70453700E+01
 6320   0.54300300E+01
 6321   0.42593200E+01
 6322   0.73929300E+01
 6323   0.10080990E+02
 6324   0.18279240E+02
 6325   0.30223710E+02
 6326   0.24844810E+02
 6327   0.16401640E+02
 6328   0.11968330E+02
 6329   0.19556540E+02
 6330   0.28729190E+02
 6331   0.24749330E+02
 6332   0.17836650E+02
 6333   0.18043940E+02
 6334   0.16700450E+02
 6335   0.25234330E+02
 6336   0.48746080E+02
 6337   0.54835370E+02
 6338   0.44205190E+02
 6339   0.35838840E+02
 6340   0.31930400E+02
 6341   0.27068140E+02
 6342   0.24068940E+02
 6343   0.19613520E+02
 6344   0.16695280E+02
 6345   0.30901140E+02
 6346   0.60298100E+02
 6347   0.63735690E+02
 6348   0.68849630E+02
 6349   0.62779690E+02
 6350   0.43661300E+02
 6351   0.32974540E+02
 6352   0.32888510E+02
 6353   0.33773430E+02
 6354   0.32061110E+02
 6355   0.27681990E+02
 6356   0.25005000E+02
 6357   0.11160243E+03
 6358   0.26142450E+03
 6359   0.81370075E+03
 6360   0.79050150E+03
 6361   0.52057526E+03
 6362   0.31646407E+03
 6363   0.24270117E+03
 6364   0.18700232E+03
 6365   0.13147345E+03
 6366   0.15161193E+03
 6367   0.19111013E+03
 6368   0.28685702E+03
 6369   0.23038004E+03
 6370   0.27673909E+03
 6371   0.38306709E+03
 6372   0.41609234E+03
 6373   0.11239457E+04
 6374   0.13129839E+04
 6375   0.76159002E+03
 6376   0.40316394E+03
 6377   0.28482668E+03
 6378   0.50943049E+03
 6379   0.67339823E+03
 6380   0.72082211E+03
 6381   0.36963834E+03
 6382   0.21071679E+03
 6383   0.21638148E+03
 6384   0.38580463E+03
 6385   0.38851778E+03
 6386   0.36799734E+03
 6387   0.22330076E+03
 6388   0.14349862E+03
 6389   0.98109460E+02
 6390   0.85454830E+02
 6391   0.93951850E+02
 6392   0.19807160E+03
 6393   0.21443030E+03
 6394   0.23381384E+03
 6395   0.18563750E+03
 6396   0.13512378E+03
 6397   0.94534320E+02
 6398   0.68405350E+02
 6399   0.51099730E+02
 6400   0.38859160E+02
 6401   0.31075060E+02
 6402   0.24466170E+02
 6403   0.19449060E+02
 6404   0.15522610E+02
 6405   0.12144730E+02
 6406   0.92024600E+01
 6407   0.67156100E+01
 6408   0.49235300E+01
 6409   0.39795800E+01
 6410   0.32977900E+01
 6411   0.27785800E+01
 6412   0.23406200E+01
 6413   0.19868600E+01
 6414   0.17114900E+01
 6415   0.15255300E+01
 6416   0.13584600E+01
 6417   0.12163100E+01
 6418   0.10916100E+01
 6419   0.93859000E+00
 6420   0.78855000E+00
 6421   0.69863000E+00
 6422   0.64780000E+00
 6423   0.60925000E+00
 6424   0.57116000E+00
 6425   0.53457000E+00
 6426   0.49966000E+00
 6427   0.54191900E+01
 6428   0.82541600E+01
 6429   0.58206500E+01
 6430   0.38114100E+01
 6431   0.23491500E+01
 6432   0.16834300E+01
 6433   0.13491100E+01
 6434   0.12321900E+01
 6435   0.11919700E+01
 6436   0.11858100E+01
 6437   0.11144300E+01
 6438   0.10330000E+01
 6439   0.88006000E+00
 6440   0.76541000E+00
 6441   0.17322500E+01
 6442   0.19990900E+01
 6443   0.16386900E+01
 6444   0.13904000E+01
 6445   0.12371100E+01
 6446   0.10791300E+01
 6447   0.91360000E+00
 6448   0.78306000E+00
 6449   0.72963000E+00
 6450   0.67032000E+00
 6451   0.60991000E+00
 6452   0.56619000E+00
 6453   0.53374000E+00
 6454   0.50574000E+00
 6455   0.47918000E+00
 6456   0.90069000E+00
 6457   0.10630600E+01
 6458   0.10122400E+01
 6459   0.23628200E+01
 6460   0.17704900E+01
 6461   0.35500700E+01
 6462   0.62431700E+01
 6463   0.37976150E+02
 6464   0.57965100E+02
 6465   0.54038010E+02
 6466   0.48672670E+02
 6467   0.38341910E+02
 6468   0.29241550E+02
 6469   0.22147340E+02
 6470   0.16904430E+02
 6471   0.17086890E+02
 6472   0.16956320E+02
 6473   0.15826780E+02
 6474   0.15570820E+02
 6475   0.22225820E+02
 6476   0.24929060E+02
 6477   0.84254540E+02
 6478   0.10773996E+04
 6479   0.25761233E+04
 6480   0.13292962E+04
 6481   0.61098036E+03
 6482   0.38501058E+03
 6483   0.23754107E+03
 6484   0.14303271E+03
 6485   0.95027870E+02
 6486   0.64920560E+02
 6487   0.47269630E+02
 6488   0.35491190E+02
 6489   0.26682140E+02
 6490   0.20344670E+02
 6491   0.16570310E+02
 6492   0.14003010E+02
 6493   0.11636500E+02
 6494   0.96711300E+01
 6495   0.82592800E+01
 6496   0.70737300E+01
 6497   0.60516000E+01
 6498   0.50995700E+01
 6499   0.42222000E+01
 6500   0.35077000E+01
 6501   0.27378800E+01
 6502   0.22192200E+01
 6503   0.18858200E+01
 6504   0.50212700E+01
 6505   0.49012300E+01
 6506   0.39716700E+01
 6507   0.30393500E+01
 6508   0.23029800E+01
 6509   0.18652800E+01
 6510   0.17608100E+01
 6511   0.17161400E+01
 6512   0.16469500E+01
 6513   0.15843800E+01
 6514   0.15808200E+01
 6515   0.16245700E+01
 6516   0.16874800E+01
 6517   0.17049100E+01
 6518   0.16715400E+01
 6519   0.16081600E+01
 6520   0.15089000E+01
 6521   0.13605100E+01
 6522   0.12387200E+01
 6523   0.11455600E+01
 6524   0.10735500E+01
 6525   0.10051500E+01
 6526   0.95869000E+00
 6527   0.91695000E+00
 6528   0.11953100E+01
 6529   0.11345200E+01
 6530   0.10158800E+01
 6531   0.21454000E+01
 6532   0.16368680E+02
 6533   0.32741940E+02
 6534   0.35925620E+02
 6535   0.32914360E+02
 6536   0.27957070E+02
 6537   0.22497430E+02
 6538   0.24758640E+02
 6539   0.22826090E+02
 6540   0.17705340E+02
 6541   0.13089180E+02
 6542   0.92585200E+01
 6543   0.70426100E+01
 6544   0.58725800E+01
 6545   0.48772800E+01
 6546   0.40736700E+01
 6547   0.33828100E+01
 6548   0.28212700E+01
 6549   0.23568000E+01
 6550   0.20047200E+01
 6551   0.30415300E+01
 6552   0.24322000E+01
 6553   0.18418200E+01
 6554   0.15105500E+01
 6555   0.13351300E+01
 6556   0.11999700E+01
 6557   0.10929500E+01
 6558   0.10172500E+01
 6559   0.95533000E+00
 6560   0.88720000E+00
 6561   0.78210000E+00
 6562   0.71318000E+00
 6563   0.64485000E+00
 6564   0.57129000E+00
 6565   0.51512000E+00
 6566   0.47387000E+00
 6567   0.25979800E+01
 6568   0.12120200E+02
 6569   0.16452180E+02
 6570   0.13651670E+02
 6571   0.11529330E+02
 6572   0.14947530E+02
 6573   0.25931070E+02
 6574   0.38632630E+02
 6575   0.31921050E+02
 6576   0.22324640E+02
 6577   0.16778860E+02
 6578   0.13205500E+02
 6579   0.10132360E+02
 6580   0.79426800E+01
 6581   0.63948700E+01
 6582   0.55428100E+01
 6583   0.46151900E+01
 6584   0.41268100E+01
 6585   0.39731200E+01
 6586   0.43813400E+01
 6587   0.49529400E+01
 6588   0.45184600E+01
 6589   0.41057800E+01
 6590   0.35805500E+01
 6591   0.31416500E+01
 6592   0.26740500E+01
 6593   0.21768000E+01
 6594   0.18644900E+01
 6595   0.16717000E+01
 6596   0.15434100E+01
 6597   0.14403500E+01
 6598   0.13433600E+01
 6599   0.12637500E+01
 6600   0.11960000E+01
 6601   0.11586900E+01
 6602   0.11490000E+01
 6603   0.11386400E+01
 6604   0.11457800E+01
 6605   0.11796400E+01
 6606   0.12332500E+01
 6607   0.12802800E+01
 6608   0.13018800E+01
 6609   0.12917200E+01
 6610   0.12701900E+01
 6611   0.12218600E+01
 6612   0.11499600E+01
 6613   0.10284500E+01
 6614   0.92589000E+00
 6615   0.27606100E+01
 6616   0.40706700E+01
 6617   0.35497800E+01
 6618   0.29063300E+01
 6619   0.22633200E+01
 6620   0.17809600E+01
 6621   0.14407400E+01
 6622   0.12303600E+01
 6623   0.10775400E+01
 6624   0.89705000E+00
 6625   0.15036400E+01
 6626   0.20064700E+01
 6627   0.21903100E+01
 6628   0.19208400E+01
 6629   0.16038800E+01
 6630   0.13665600E+01
 6631   0.11212000E+01
 6632   0.76458000E+00
 6633   0.94265000E+00
 6634   0.13972690E+02
 6635   0.18301390E+02
 6636   0.15725640E+02
 6637   0.21890410E+02
 6638   0.25042720E+02
 6639   0.43121910E+02
 6640   0.55077980E+02
 6641   0.45510880E+02
 6642   0.35960790E+02
 6643   0.27829390E+02
 6644   0.21777670E+02
 6645   0.19383640E+02
 6646   0.20423870E+02
 6647   0.17991710E+02
 6648   0.14591740E+02
 6649   0.14854400E+02
 6650   0.14493870E+02
 6651   0.13163900E+02
 6652   0.14704480E+02
 6653   0.24902730E+02
 6654   0.27581350E+02
 6655   0.36102950E+02
 6656   0.46203840E+02
 6657   0.83955720E+02
 6658   0.76329090E+02
 6659   0.60248090E+02
 6660   0.66063460E+02
 6661   0.67885850E+02
 6662   0.64084030E+02
 6663   0.59443050E+02
 6664   0.14582657E+03
 6665   0.11248644E+03
 6666   0.82454090E+02
 6667   0.61015780E+02
 6668   0.46371780E+02
 6669   0.35947410E+02
 6670   0.28295020E+02
 6671   0.22525070E+02
 6672   0.18176780E+02
 6673   0.17607090E+02
 6674   0.14439720E+02
 6675   0.10561170E+02
 6676   0.80793000E+01
 6677   0.67476800E+01
 6678   0.57522300E+01
 6679   0.51526800E+01
 6680   0.44457300E+01
 6681   0.12080180E+02
 6682   0.16007830E+02
 6683   0.15590020E+02
 6684   0.11155420E+02
 6685   0.23854510E+02
 6686   0.32219990E+02
 6687   0.31338120E+02
 6688   0.37135390E+02
 6689   0.35929440E+02
 6690   0.29809980E+02
 6691   0.24080180E+02
 6692   0.20334560E+02
 6693   0.16971060E+02
 6694   0.13905950E+02
 6695   0.10966170E+02
 6696   0.12444440E+02
 6697   0.48596250E+02
 6698   0.17505201E+03
 6699   0.21302862E+03
 6700   0.14089743E+03
 6701   0.12256432E+03
 6702   0.14318636E+03
 6703   0.14187203E+03
 6704   0.11460968E+03
 6705   0.79752910E+02
 6706   0.54535010E+02
 6707   0.51225940E+02
 6708   0.64073620E+02
 6709   0.79447080E+02
 6710   0.88021540E+02
 6711   0.64774030E+02
 6712   0.48129700E+02
 6713   0.37546830E+02
 6714   0.29430860E+02
 6715   0.25083600E+02
 6716   0.23477130E+02
 6717   0.22907990E+02
 6718   0.20778390E+02
 6719   0.18505410E+02
 6720   0.28785460E+02
 6721   0.62459160E+02
 6722   0.48849940E+02
 6723   0.36805200E+02
 6724   0.28393580E+02
 6725   0.20367610E+02
 6726   0.18960550E+02
 6727   0.18611110E+02
 6728   0.24726670E+02
 6729   0.27833160E+02
 6730   0.26202480E+02
 6731   0.26883510E+02
 6732   0.22711460E+02
 6733   0.52250910E+02
 6734   0.10360912E+03
 6735   0.10755839E+03
 6736   0.84168550E+02
 6737   0.86653870E+02
 6738   0.12981100E+03
 6739   0.13686373E+03
 6740   0.10803953E+03
 6741   0.79402240E+02
 6742   0.75096100E+02
 6743   0.11665056E+03
 6744   0.93340870E+02
 6745   0.59480620E+02
 6746   0.64860940E+02
 6747   0.28826495E+03
 6748   0.29880259E+03
 6749   0.37403793E+03
 6750   0.44112760E+03
 6751   0.75495489E+03
 6752   0.75113090E+03
 6753   0.49377929E+03
 6754   0.29356876E+03
 6755   0.19319523E+03
 6756   0.18755006E+03
 6757   0.19562031E+03
 6758   0.12591629E+03
 6759   0.77781880E+02
 6760   0.51093920E+02
 6761   0.60858940E+02
 6762   0.63990380E+02
 6763   0.86420660E+02
 6764   0.76281040E+02
 6765   0.58830380E+02
 6766   0.40920400E+02
 6767   0.29107890E+02
 6768   0.20839900E+02
 6769   0.15779600E+02
 6770   0.12829710E+02
 6771   0.12648760E+02
 6772   0.14210470E+02
 6773   0.14732600E+02
 6774   0.13728370E+02
 6775   0.15777340E+02
 6776   0.15102790E+02
 6777   0.10870030E+02
 6778   0.78106200E+01
 6779   0.64128600E+01
 6780   0.53296100E+01
 6781   0.43962800E+01
 6782   0.37028000E+01
 6783   0.39380000E+01
 6784   0.10126110E+02
 6785   0.22063930E+02
 6786   0.35436980E+02
 6787   0.26995730E+02
 6788   0.15942760E+02
 6789   0.14112260E+02
 6790   0.19291550E+02
 6791   0.19943830E+02
 6792   0.15169020E+02
 6793   0.10058540E+02
 6794   0.84807600E+01
 6795   0.23084140E+02
 6796   0.30793210E+02
 6797   0.22452900E+02
 6798   0.17781020E+02
 6799   0.16510200E+02
 6800   0.26470300E+02
 6801   0.12906807E+03
 6802   0.95293160E+02
 6803   0.64791380E+02
 6804   0.43209140E+02
 6805   0.31262950E+02
 6806   0.27402410E+02
 6807   0.39600150E+02
 6808   0.43911190E+02
 6809   0.32367220E+02
 6810   0.26630460E+02
 6811   0.39687390E+02
 6812   0.83015300E+02
 6813   0.59059990E+02
 6814   0.51056550E+02
 6815   0.10838417E+03
 6816   0.69529470E+02
 6817   0.43521100E+02
 6818   0.28827120E+02
 6819   0.20039670E+02
 6820   0.14367380E+02
 6821   0.10057770E+02
 6822   0.72601000E+01
 6823   0.58131900E+01
 6824   0.28412180E+02
 6825   0.19782541E+03
 6826   0.68494726E+03
 6827   0.12034233E+04
 6828   0.48565070E+03
 6829   0.25001733E+03
 6830   0.20367215E+03
 6831   0.18505284E+03
 6832   0.11203924E+03
 6833   0.71273130E+02
 6834   0.48380900E+02
 6835   0.35385460E+02
 6836   0.27183880E+02
 6837   0.21468400E+02
 6838   0.26362140E+02
 6839   0.86968710E+02
 6840   0.64635960E+02
 6841   0.61462250E+02
 6842   0.48047380E+02
 6843   0.37278340E+02
 6844   0.31087180E+02
 6845   0.25945060E+02
 6846   0.21296880E+02
 6847   0.17308520E+02
 6848   0.13645650E+02
 6849   0.10019320E+02
 6850   0.77462100E+01
 6851   0.65341200E+01
 6852   0.55083100E+01
 6853   0.46096500E+01
 6854   0.40437900E+01
 6855   0.33870800E+01
 6856   0.28046500E+01
 6857   0.23262800E+01
 6858   0.18977000E+01
 6859   0.70736300E+01
 6860   0.67635800E+01
 6861   0.54398600E+01
 6862   0.38836400E+01
 6863   0.27442400E+01
 6864   0.23009500E+01
 6865   0.19430600E+01
 6866   0.17952500E+01
 6867   0.15963300E+01
 6868   0.24664500E+01
 6869   0.13385860E+02
 6870   0.22521040E+02
 6871   0.21523860E+02
 6872   0.18428260E+02
 6873   0.15836800E+02
 6874   0.13856540E+02
 6875   0.11968270E+02
 6876   0.99856400E+01
 6877   0.81363100E+01
 6878   0.66091800E+01
 6879   0.51636800E+01
 6880   0.39004100E+01
 6881   0.31315400E+01
 6882   0.26794500E+01
 6883   0.24070800E+01
 6884   0.21266800E+01
 6885   0.19010000E+01
 6886   0.17005600E+01
 6887   0.15448300E+01
 6888   0.14017500E+01
 6889   0.12659900E+01
 6890   0.11089800E+01
 6891   0.96083000E+00
 6892   0.81373000E+00
 6893   0.73638000E+00
 6894   0.69513000E+00
 6895   0.66077000E+00
 6896   0.62816000E+00
 6897   0.13559300E+01
 6898   0.12697400E+01
 6899   0.11114200E+01
 6900   0.88479000E+00
 6901   0.60695000E+00
 6902   0.51943000E+00
 6903   0.47171000E+00
 6904   0.43809000E+00
 6905   0.40721000E+00
 6906   0.37517000E+00
 6907   0.34077000E+00
 6908   0.30527000E+00
 6909   0.27751000E+00
 6910   0.24584000E+00
 6911   0.22093000E+00
 6912   0.71102000E+00
 6913   0.57170000E+00
 6914   0.17348700E+01
 6915   0.11660800E+01
 6916   0.10298900E+01
 6917   0.69735000E+00
 6918   0.48903000E+00
 6919   0.41912000E+00
 6920   0.39875000E+00
 6921   0.39224000E+00
 6922   0.38513000E+00
 6923   0.36842000E+00
 6924   0.34281000E+00
 6925   0.31567000E+00
 6926   0.28968000E+00
 6927   0.26507000E+00
 6928   0.24232000E+00
 6929   0.22200000E+00
 6930   0.20446000E+00
 6931   0.18978000E+00
 6932   0.17799000E+00
 6933   0.16903000E+00
 6934   0.16283000E+00
 6935   0.15912000E+00
 6936   0.15743000E+00
 6937   0.15700000E+00
 6938   0.15699000E+00
 6939   0.16785000E+00
 6940   0.16456000E+00
 6941   0.16285000E+00
 6942   0.15873000E+00
 6943   0.15370000E+00
 6944   0.14806000E+00
 6945   0.14236000E+00
 6946   0.13688000E+00
 6947   0.13161000E+00
 6948   0.12647000E+00
 6949   0.12141000E+00
 6950   0.15004000E+00
 6951   0.12510000E+00
 6952   0.12165000E+00
 6953   0.11649000E+00
 6954   0.27601900E+01
 6955   0.25803700E+01
 6956   0.20442800E+01
 6957   0.16507700E+01
 6958   0.13187000E+01
 6959   0.96220000E+00
 6960   0.60589000E+00
 6961   0.56648000E+00
 6962   0.54430000E+00
 6963   0.50742000E+00
 6964   0.45185000E+00
 6965   0.39518000E+00
 6966   0.34498000E+00
 6967   0.30066000E+00
 6968   0.26241000E+00
 6969   0.23042000E+00
 6970   0.20418000E+00
 6971   0.18401000E+00
 6972   0.16655000E+00
 6973   0.15322000E+00
 6974   0.14343000E+00
 6975   0.13665000E+00
 6976   0.33059000E+00
 6977   0.34187000E+00
 6978   0.29278000E+00
 6979   0.26840000E+00
 6980   0.23921000E+00
 6981   0.21696000E+00
 6982   0.20530000E+00
 6983   0.19977000E+00
 6984   0.15718100E+01
 6985   0.18973700E+01
 6986   0.16103300E+01
 6987   0.15442100E+01
 6988   0.13622600E+01
 6989   0.10675500E+01
 6990   0.13371600E+01
 6991   0.47412300E+01
 6992   0.11801780E+02
 6993   0.11727210E+02
 6994   0.84256500E+01
 6995   0.12152400E+02
 6996   0.26731440E+02
 6997   0.60258020E+02
 6998   0.51473380E+02
 6999   0.40324880E+02
 7000   0.31604310E+02
 7001   0.24968890E+02
 7002   0.19499770E+02
 7003   0.15025400E+02
 7004   0.11948110E+02
 7005   0.97128400E+01
 7006   0.78457800E+01
 7007   0.65363500E+01
 7008   0.56265600E+01
 7009   0.48473400E+01
 7010   0.42483700E+01
 7011   0.36264100E+01
 7012   0.35672500E+01
 7013   0.25131400E+01
 7014   0.19680600E+01
 7015   0.16860700E+01
 7016   0.15191100E+01
 7017   0.21516400E+01
 7018   0.93563000E+01
 7019   0.11492390E+02
 7020   0.10752350E+02
 7021   0.10302310E+02
 7022   0.13129300E+02
 7023   0.11901270E+02
 7024   0.18294760E+02
 7025   0.37604310E+02
 7026   0.34366780E+02
 7027   0.27860310E+02
 7028   0.23386600E+02
 7029   0.21437490E+02
 7030   0.18061690E+02
 7031   0.14502280E+02
 7032   0.11180540E+02
 7033   0.87160900E+01
 7034   0.65774700E+01
 7035   0.55097800E+01
 7036   0.52910700E+01
 7037   0.46552900E+01
 7038   0.40540100E+01
 7039   0.62170700E+01
 7040   0.63646000E+01
 7041   0.54411900E+01
 7042   0.41547100E+01
 7043   0.30287600E+01
 7044   0.22331800E+01
 7045   0.17795200E+01
 7046   0.15182400E+01
 7047   0.13576200E+01
 7048   0.12378000E+01
 7049   0.11491500E+01
 7050   0.13255400E+01
 7051   0.61447500E+01
 7052   0.10371530E+02
 7053   0.10986800E+02
 7054   0.69937800E+01
 7055   0.40841000E+01
 7056   0.27533700E+01
 7057   0.24147400E+01
 7058   0.21234500E+01
 7059   0.19432000E+01
 7060   0.17400400E+01
 7061   0.15334600E+01
 7062   0.13670300E+01
 7063   0.12783700E+01
 7064   0.10841400E+01
 7065   0.82314000E+00
 7066   0.64527000E+00
 7067   0.69040000E+00
 7068   0.23082900E+01
 7069   0.20333200E+01
 7070   0.16605000E+01
 7071   0.14064100E+01
 7072   0.20981200E+01
 7073   0.10118880E+02
 7074   0.12041370E+02
 7075   0.84472000E+01
 7076   0.42672800E+01
 7077   0.37704500E+01
 7078   0.50526100E+01
 7079   0.49950200E+01
 7080   0.41261300E+01
 7081   0.48028700E+01
 7082   0.55387900E+01
 7083   0.41385500E+01
 7084   0.29889700E+01
 7085   0.21359600E+01
 7086   0.16033800E+01
 7087   0.13086200E+01
 7088   0.65118000E+02
 7089   0.17203247E+03
 7090   0.36803720E+03
 7091   0.52559166E+03
 7092   0.44155733E+03
 7093   0.46345243E+03
 7094   0.38583110E+03
 7095   0.27774105E+03
 7096   0.19101709E+03
 7097   0.12737837E+03
 7098   0.88284030E+02
 7099   0.63342450E+02
 7100   0.46863840E+02
 7101   0.35471720E+02
 7102   0.27367990E+02
 7103   0.21455670E+02
 7104   0.16671150E+02
 7105   0.12420210E+02
 7106   0.96438200E+01
 7107   0.77212600E+01
 7108   0.66977200E+01
 7109   0.86842700E+01
 7110   0.18118360E+02
 7111   0.21865710E+02
 7112   0.15669810E+02
 7113   0.11516460E+02
 7114   0.67721510E+02
 7115   0.88474572E+03
 7116   0.16365098E+04
 7117   0.10901917E+04
 7118   0.53932736E+03
 7119   0.30076074E+03
 7120   0.20975381E+03
 7121   0.17732380E+03
 7122   0.12699760E+03
 7123   0.85166380E+02
 7124   0.90124470E+02
 7125   0.17067776E+03
 7126   0.15497075E+03
 7127   0.10051903E+03
 7128   0.64476030E+02
 7129   0.45132210E+02
 7130   0.35151610E+02
 7131   0.29673740E+02
 7132   0.28795400E+02
 7133   0.25320430E+02
 7134   0.21008980E+02
 7135   0.16853640E+02
 7136   0.16137050E+02
 7137   0.15986660E+02
 7138   0.14167790E+02
 7139   0.11597650E+02
 7140   0.99074100E+01
 7141   0.87760200E+01
 7142   0.22882440E+02
 7143   0.10505819E+03
 7144   0.17153328E+03
 7145   0.12159959E+03
 7146   0.10259509E+03
 7147   0.93020030E+02
 7148   0.80498810E+02
 7149   0.86178110E+02
 7150   0.11674507E+03
 7151   0.16963476E+03
 7152   0.13469245E+03
 7153   0.16093809E+03
 7154   0.16079859E+03
 7155   0.11036495E+03
 7156   0.76821690E+02
 7157   0.55535130E+02
 7158   0.42337230E+02
 7159   0.33161940E+02
 7160   0.26214730E+02
 7161   0.20721710E+02
 7162   0.16472110E+02
 7163   0.13104080E+02
 7164   0.30379420E+02
 7165   0.73770610E+02
 7166   0.96816040E+02
 7167   0.78475860E+02
 7168   0.58202790E+02
 7169   0.53166980E+02
 7170   0.84254310E+02
 7171   0.69472390E+02
 7172   0.53531050E+02
 7173   0.46971710E+02
 7174   0.37053790E+02
 7175   0.55418460E+02
 7176   0.87061150E+02
 7177   0.33100162E+03
 7178   0.30316497E+03
 7179   0.20734122E+03
 7180   0.14453622E+03
 7181   0.10016483E+03
 7182   0.71668030E+02
 7183   0.53075420E+02
 7184   0.48515610E+02
 7185   0.38720530E+02
 7186   0.29246630E+02
 7187   0.26643690E+02
 7188   0.24412160E+02
 7189   0.20986590E+02
 7190   0.17792110E+02
 7191   0.14834700E+02
 7192   0.12024020E+02
 7193   0.95315800E+01
 7194   0.73702200E+01
 7195   0.59014600E+01
 7196   0.45903000E+01
 7197   0.37368800E+01
 7198   0.29173600E+01
 7199   0.23385400E+01
 7200   0.19962300E+01
 7201   0.18025500E+01
 7202   0.16590300E+01
 7203   0.16202400E+01
 7204   0.17143600E+01
 7205   0.19440700E+01
 7206   0.25775200E+01
 7207   0.24136200E+01
 7208   0.20954400E+01
 7209   0.18752900E+01
 7210   0.17307000E+01
 7211   0.16672700E+01
 7212   0.15826700E+01
 7213   0.15012400E+01
 7214   0.14025300E+01
 7215   0.13052100E+01
 7216   0.12093500E+01
 7217   0.11098400E+01
 7218   0.97284000E+00
 7219   0.20996400E+01
 7220   0.17147600E+01
 7221   0.14190900E+01
 7222   0.12539700E+01
 7223   0.11059600E+01
 7224   0.91774000E+00
 7225   0.73060000E+00
 7226   0.68766000E+00
 7227   0.65672000E+00
 7228   0.62643000E+00
 7229   0.58140000E+00
 7230   0.51953000E+00
 7231   0.46563000E+00
 7232   0.42292000E+00
 7233   0.38554000E+00
 7234   0.35085000E+00
 7235   0.31845000E+00
 7236   0.28912000E+00
 7237   0.26351000E+00
 7238   0.24156000E+00
 7239   0.22279000E+00
 7240   0.20662000E+00
 7241   0.19256000E+00
 7242   0.18019000E+00
 7243   0.16920000E+00
 7244   0.42685400E+01
 7245   0.47851900E+01
 7246   0.44259000E+01
 7247   0.78669960E+02
 7248   0.16552345E+03
 7249   0.26486336E+03
 7250   0.26181878E+03
 7251   0.18174416E+03
 7252   0.12840757E+03
 7253   0.92158230E+02
 7254   0.67129980E+02
 7255   0.49981420E+02
 7256   0.37956450E+02
 7257   0.29373040E+02
 7258   0.22508480E+02
 7259   0.17238560E+02
 7260   0.13866120E+02
 7261   0.11541190E+02
 7262   0.94800000E+01
 7263   0.76755100E+01
 7264   0.63557500E+01
 7265   0.52463800E+01
 7266   0.43510800E+01
 7267   0.36066200E+01
 7268   0.28528500E+01
 7269   0.22231300E+01
 7270   0.18277900E+01
 7271   0.15689200E+01
 7272   0.14173900E+01
 7273   0.13143200E+01
 7274   0.12193800E+01
 7275   0.11356500E+01
 7276   0.10552300E+01
 7277   0.97848000E+00
 7278   0.88920000E+00
 7279   0.78062000E+00
 7280   0.71122000E+00
 7281   0.64669000E+00
 7282   0.57812000E+00
 7283   0.52559000E+00
 7284   0.48687000E+00
 7285   0.45451000E+00
 7286   0.42491000E+00
 7287   0.39658000E+00
 7288   0.36761000E+00
 7289   0.33653000E+00
 7290   0.41841200E+01
 7291   0.44203100E+01
 7292   0.35949800E+01
 7293   0.28528600E+01
 7294   0.20655100E+01
 7295   0.15278700E+01
 7296   0.12032200E+01
 7297   0.11551000E+01
 7298   0.21462540E+02
 7299   0.27473900E+02
 7300   0.16682770E+02
 7301   0.11683000E+02
 7302   0.11481290E+02
 7303   0.99102500E+01
 7304   0.84175900E+01
 7305   0.13659900E+02
 7306   0.22713150E+02
 7307   0.22017480E+02
 7308   0.18912640E+02
 7309   0.15343420E+02
 7310   0.11898620E+02
 7311   0.95369600E+01
 7312   0.79068700E+01
 7313   0.70847200E+01
 7314   0.84736700E+01
 7315   0.74494400E+01
 7316   0.64482900E+01
 7317   0.55661000E+01
 7318   0.53877700E+01
 7319   0.62154100E+01
 7320   0.54673700E+01
 7321   0.53778800E+01
 7322   0.11423070E+02
 7323   0.15445650E+02
 7324   0.18522660E+02
 7325   0.18226300E+02
 7326   0.16396400E+02
 7327   0.14018560E+02
 7328   0.11571830E+02
 7329   0.94046500E+01
 7330   0.73371500E+01
 7331   0.58447400E+01
 7332   0.52538700E+01
 7333   0.52287200E+01
 7334   0.53321800E+01
 7335   0.52829300E+01
 7336   0.50455300E+01
 7337   0.47090300E+01
 7338   0.42792700E+01
 7339   0.38362900E+01
 7340   0.35283500E+01
 7341   0.13056570E+02
 7342   0.59087330E+02
 7343   0.86881020E+02
 7344   0.26261728E+03
 7345   0.27471990E+03
 7346   0.19339393E+03
 7347   0.20971216E+03
 7348   0.35838454E+03
 7349   0.53129578E+03
 7350   0.36393024E+03
 7351   0.23255744E+03
 7352   0.15388103E+03
 7353   0.13195521E+03
 7354   0.13288261E+03
 7355   0.10431488E+03
 7356   0.77341940E+02
 7357   0.61607020E+02
 7358   0.60860160E+02
 7359   0.63451440E+02
 7360   0.61437780E+02
 7361   0.50644590E+02
 7362   0.42880320E+02
 7363   0.37630820E+02
 7364   0.45631880E+02
 7365   0.51102010E+02
 7366   0.65139110E+02
 7367   0.59582060E+02
 7368   0.50883900E+02
 7369   0.62779310E+02
 7370   0.64123700E+02
 7371   0.53607200E+02
 7372   0.74544960E+02
 7373   0.83564750E+02
 7374   0.84905150E+02
 7375   0.79478780E+02
 7376   0.24906456E+03
 7377   0.32234921E+03
 7378   0.34635925E+03
 7379   0.40412182E+03
 7380   0.29995277E+03
 7381   0.22216781E+03
 7382   0.16664072E+03
 7383   0.11792215E+03
 7384   0.85880830E+02
 7385   0.65488850E+02
 7386   0.56977200E+02
 7387   0.16178926E+03
 7388   0.23745962E+03
 7389   0.25781297E+03
 7390   0.37350969E+03
 7391   0.28015832E+03
 7392   0.19304017E+03
 7393   0.13479533E+03
 7394   0.12445077E+03
 7395   0.18610034E+03
 7396   0.18753249E+03
 7397   0.26438839E+03
 7398   0.45524245E+03
 7399   0.31909541E+03
 7400   0.28071249E+03
 7401   0.21232003E+03
 7402   0.14660445E+03
 7403   0.11123013E+03
 7404   0.86162260E+02
 7405   0.71821750E+02
 7406   0.66140900E+02
 7407   0.57773660E+02
 7408   0.46968510E+02
 7409   0.37174970E+02
 7410   0.30190030E+02
 7411   0.23955900E+02
 7412   0.18753030E+02
 7413   0.14308910E+02
 7414   0.11415570E+02
 7415   0.92754600E+01
 7416   0.75343000E+01
 7417   0.62693900E+01
 7418   0.52288900E+01
 7419   0.44268700E+01
 7420   0.40430200E+01
 7421   0.34939300E+01
 7422   0.29760300E+01
 7423   0.25065500E+01
 7424   0.22543800E+01
 7425   0.50498100E+01
 7426   0.56041000E+01
 7427   0.53222900E+01
 7428   0.45942900E+01
 7429   0.39618200E+01
 7430   0.34057000E+01
 7431   0.30303000E+01
 7432   0.71443100E+01
 7433   0.74845100E+01
 7434   0.54692700E+01
 7435   0.43388500E+01
 7436   0.32875800E+01
 7437   0.26816800E+01
 7438   0.22527900E+01
 7439   0.61925300E+01
 7440   0.59940700E+01
 7441   0.49073100E+01
 7442   0.34891700E+01
 7443   0.24149900E+01
 7444   0.18587600E+01
 7445   0.14994700E+01
 7446   0.12725700E+01
 7447   0.10855000E+02
 7448   0.23356180E+02
 7449   0.29658560E+02
 7450   0.46853640E+02
 7451   0.12760487E+03
 7452   0.10696267E+03
 7453   0.73770940E+02
 7454   0.87336260E+02
 7455   0.10357540E+03
 7456   0.80805910E+02
 7457   0.61964440E+02
 7458   0.47861280E+02
 7459   0.37452380E+02
 7460   0.53563520E+02
 7461   0.94929200E+02
 7462   0.82606260E+02
 7463   0.55540320E+02
 7464   0.39610840E+02
 7465   0.41514410E+02
 7466   0.34709870E+02
 7467   0.25239840E+02
 7468   0.23883100E+02
 7469   0.22439920E+02
 7470   0.21094540E+02
 7471   0.27531760E+02
 7472   0.52353000E+02
 7473   0.42042644E+03
 7474   0.54126696E+03
 7475   0.42936176E+03
 7476   0.39386235E+03
 7477   0.31058795E+03
 7478   0.20176261E+03
 7479   0.12492274E+03
 7480   0.83309060E+02
 7481   0.62773270E+02
 7482   0.52304330E+02
 7483   0.43906420E+02
 7484   0.45591230E+02
 7485   0.52054330E+02
 7486   0.40673620E+02
 7487   0.29818350E+02
 7488   0.24555940E+02
 7489   0.19927920E+02
 7490   0.29496060E+02
 7491   0.27291767E+03
 7492   0.23752351E+03
 7493   0.16085227E+03
 7494   0.11086902E+03
 7495   0.83395640E+02
 7496   0.66131110E+02
 7497   0.52535580E+02
 7498   0.41584220E+02
 7499   0.33903760E+02
 7500   0.26782850E+02
 7501   0.21250440E+02
 7502   0.16822060E+02
 7503   0.13633170E+02
 7504   0.14407840E+02
 7505   0.27691120E+02
 7506   0.40098890E+02
 7507   0.55578340E+02
 7508   0.81902390E+02
 7509   0.61729380E+02
 7510   0.40703900E+02
 7511   0.28662970E+02
 7512   0.21593160E+02
 7513   0.20716700E+02
 7514   0.26913140E+02
 7515   0.25272370E+02
 7516   0.19808960E+02
 7517   0.17388390E+02
 7518   0.15964710E+02
 7519   0.14154300E+02
 7520   0.11890060E+02
 7521   0.13785560E+02
 7522   0.14898960E+02
 7523   0.16025780E+02
 7524   0.15132480E+02
 7525   0.13674490E+02
 7526   0.10911470E+02
 7527   0.88418300E+01
 7528   0.74015900E+01
 7529   0.74341400E+01
 7530   0.63456200E+01
 7531   0.55790200E+01
 7532   0.47261700E+01
 7533   0.39895200E+01
 7534   0.33593200E+01
 7535   0.27141700E+01
 7536   0.29436000E+01
 7537   0.19084590E+02
 7538   0.43661910E+02
 7539   0.34623570E+02
 7540   0.30618170E+02
 7541   0.27061680E+02
 7542   0.20136940E+02
 7543   0.14633380E+02
 7544   0.10696990E+02
 7545   0.81802800E+01
 7546   0.63931300E+01
 7547   0.56899300E+01
 7548   0.52536000E+01
 7549   0.47949700E+01
 7550   0.42307100E+01
 7551   0.37388400E+01
 7552   0.31814000E+01
 7553   0.26717400E+01
 7554   0.21897700E+01
 7555   0.55930400E+01
 7556   0.61610020E+02
 7557   0.26488102E+03
 7558   0.41116813E+03
 7559   0.29419463E+03
 7560   0.18849367E+03
 7561   0.12307926E+03
 7562   0.84352510E+02
 7563   0.60342350E+02
 7564   0.44538170E+02
 7565   0.33353640E+02
 7566   0.25628590E+02
 7567   0.19448370E+02
 7568   0.15508730E+02
 7569   0.12777090E+02
 7570   0.12915690E+02
 7571   0.17763420E+02
 7572   0.21892740E+02
 7573   0.29340080E+02
 7574   0.36972370E+02
 7575   0.33676950E+02
 7576   0.26905800E+02
 7577   0.20596830E+02
 7578   0.16391390E+02
 7579   0.13174450E+02
 7580   0.10258720E+02
 7581   0.78444800E+01
 7582   0.63518600E+01
 7583   0.51462800E+01
 7584   0.41874200E+01
 7585   0.33399000E+01
 7586   0.25855600E+01
 7587   0.20450500E+01
 7588   0.16743400E+01
 7589   0.14605100E+01
 7590   0.13235300E+01
 7591   0.12201500E+01
 7592   0.11294500E+01
 7593   0.10474500E+01
 7594   0.96829000E+00
 7595   0.90217000E+00
 7596   0.78310000E+00
 7597   0.71776000E+00
 7598   0.66156000E+00
 7599   0.60805000E+00
 7600   0.70368000E+00
 7601   0.92218000E+00
 7602   0.24307400E+01
 7603   0.68109100E+01
 7604   0.80132100E+01
 7605   0.75194100E+01
 7606   0.64269500E+01
 7607   0.53608600E+01
 7608   0.41805600E+01
 7609   0.63998800E+01
 7610   0.10868280E+02
 7611   0.10671900E+02
 7612   0.73653600E+01
 7613   0.51289200E+01
 7614   0.41095200E+01
 7615   0.34727800E+01
 7616   0.30771900E+01
 7617   0.24776500E+01
 7618   0.19398500E+01
 7619   0.15803900E+01
 7620   0.13572100E+01
 7621   0.12081900E+01
 7622   0.10870300E+01
 7623   0.99011000E+00
 7624   0.88446000E+00
 7625   0.75514000E+00
 7626   0.69315000E+00
 7627   0.64765000E+00
 7628   0.60383000E+00
 7629   0.55252000E+00
 7630   0.49395000E+00
 7631   0.44325000E+00
 7632   0.40668000E+00
 7633   0.37885000E+00
 7634   0.35672000E+00
 7635   0.33948000E+00
 7636   0.32586000E+00
 7637   0.31339000E+00
 7638   0.29996000E+00
 7639   0.28522000E+00
 7640   0.30928900E+01
 7641   0.26718900E+01
 7642   0.21047900E+01
 7643   0.17148500E+01
 7644   0.14439400E+01
 7645   0.12489100E+01
 7646   0.12399000E+01
 7647   0.16242400E+01
 7648   0.19720900E+01
 7649   0.19040400E+01
 7650   0.16714300E+01
 7651   0.14750300E+01
 7652   0.13513800E+01
 7653   0.12643100E+01
 7654   0.12026800E+01
 7655   0.11434400E+01
 7656   0.10829300E+01
 7657   0.10244300E+01
 7658   0.96143000E+00
 7659   0.86581000E+00
 7660   0.79052000E+00
 7661   0.72401000E+00
 7662   0.68658000E+00
 7663   0.65698000E+00
 7664   0.63001000E+00
 7665   0.60244000E+00
 7666   0.57340000E+00
 7667   0.58162000E+00
 7668   0.54690000E+00
 7669   0.50901000E+00
 7670   0.46885000E+00
 7671   0.42215000E+00
 7672   0.37674000E+00
 7673   0.33966000E+00
 7674   0.30929000E+00
 7675   0.28275000E+00
 7676   0.34942000E+01
 7677   0.32588300E+01
 7678   0.37829000E+01
 7679   0.30661100E+01
 7680   0.22499500E+01
 7681   0.16809800E+01
 7682   0.13270300E+01
 7683   0.10762200E+01
 7684   0.32705100E+01
 7685   0.28488400E+01
 7686   0.25892600E+01
 7687   0.21409100E+01
 7688   0.18068700E+01
 7689   0.15251500E+01
 7690   0.15035500E+01
 7691   0.12718900E+01
 7692   0.11364500E+01
 7693   0.10214500E+01
 7694   0.86396000E+00
 7695   0.73492000E+00
 7696   0.10354800E+01
 7697   0.16721600E+01
 7698   0.21100490E+02
 7699   0.35635850E+02
 7700   0.30795910E+02
 7701   0.41519040E+02
 7702   0.44239850E+02
 7703   0.84202100E+02
 7704   0.68738750E+02
 7705   0.52780460E+02
 7706   0.40425420E+02
 7707   0.31441650E+02
 7708   0.24758110E+02
 7709   0.19864000E+02
 7710   0.16097330E+02
 7711   0.19728380E+02
 7712   0.23521880E+02
 7713   0.24512120E+02
 7714   0.18468570E+02
 7715   0.13523150E+02
 7716   0.13938480E+02
 7717   0.25875020E+02
 7718   0.56434830E+02
 7719   0.86766560E+02
 7720   0.12454835E+03
 7721   0.27555140E+03
 7722   0.25006410E+03
 7723   0.17836199E+03
 7724   0.13484412E+03
 7725   0.12998203E+03
 7726   0.10437806E+03
 7727   0.77567160E+02
 7728   0.64114280E+02
 7729   0.63071330E+02
 7730   0.91259890E+02
 7731   0.70727300E+02
 7732   0.77116240E+02
 7733   0.65217560E+02
 7734   0.66529660E+02
 7735   0.73990540E+02
 7736   0.72826070E+02
 7737   0.83340210E+02
 7738   0.11635177E+03
 7739   0.15844471E+03
 7740   0.13198539E+03
 7741   0.16680497E+03
 7742   0.25284268E+03
 7743   0.22393063E+03
 7744   0.16446117E+03
 7745   0.10624921E+03
 7746   0.10407599E+03
 7747   0.11004845E+03
 7748   0.84316910E+02
 7749   0.62145140E+02
 7750   0.46999220E+02
 7751   0.36401630E+02
 7752   0.28762370E+02
 7753   0.23124090E+02
 7754   0.18296150E+02
 7755   0.14293130E+02
 7756   0.11666930E+02
 7757   0.97505100E+01
 7758   0.12536450E+02
 7759   0.14510380E+02
 7760   0.13835160E+02
 7761   0.13638060E+02
 7762   0.13069170E+02
 7763   0.10851280E+02
 7764   0.78882200E+01
 7765   0.52078700E+01
 7766   0.39591300E+01
 7767   0.35041500E+01
 7768   0.29508300E+01
 7769   0.24787700E+01
 7770   0.20772900E+01
 7771   0.68494000E+01
 7772   0.11705740E+02
 7773   0.12053410E+02
 7774   0.84122700E+01
 7775   0.84189700E+01
 7776   0.10010790E+02
 7777   0.10029900E+02
 7778   0.21651590E+02
 7779   0.66332180E+02
 7780   0.68994470E+02
 7781   0.46284920E+02
 7782   0.34579970E+02
 7783   0.48629860E+02
 7784   0.49762650E+02
 7785   0.40644710E+02
 7786   0.88411390E+02
 7787   0.12488100E+03
 7788   0.10464584E+03
 7789   0.81638750E+02
 7790   0.62352890E+02
 7791   0.52999090E+02
 7792   0.46331960E+02
 7793   0.39239040E+02
 7794   0.35519770E+02
 7795   0.32265610E+02
 7796   0.24453820E+02
 7797   0.19414450E+02
 7798   0.15741570E+02
 7799   0.12502140E+02
 7800   0.10753330E+02
 7801   0.10316290E+02
 7802   0.95112100E+01
 7803   0.75342800E+01
 7804   0.14875370E+02
 7805   0.17747060E+02
 7806   0.16068140E+02
 7807   0.14881980E+02
 7808   0.15009000E+02
 7809   0.11614840E+02
 7810   0.92855500E+01
 7811   0.86174000E+01
 7812   0.10549110E+02
 7813   0.11283590E+02
 7814   0.86720500E+01
 7815   0.55620600E+01
 7816   0.37870800E+01
 7817   0.37326400E+01
 7818   0.28010600E+01
 7819   0.21978700E+01
 7820   0.18987900E+01
 7821   0.15986200E+01
 7822   0.13932800E+01
 7823   0.12148100E+01
 7824   0.10646200E+01
 7825   0.92581000E+00
 7826   0.74460000E+00
 7827   0.71705000E+00
 7828   0.95546600E+01
 7829   0.10900260E+02
 7830   0.94456100E+01
 7831   0.29414320E+02
 7832   0.66835830E+02
 7833   0.48865140E+02
 7834   0.37204690E+02
 7835   0.28370070E+02
 7836   0.26928710E+02
 7837   0.65827300E+02
 7838   0.65204010E+02
 7839   0.55357950E+02
 7840   0.10482920E+03
 7841   0.17571218E+03
 7842   0.32016501E+03
 7843   0.66198465E+03
 7844   0.62510530E+03
 7845   0.39518683E+03
 7846   0.41001116E+03
 7847   0.87790602E+03
 7848   0.57927708E+03
 7849   0.50943100E+03
 7850   0.35687226E+03
 7851   0.33556087E+03
 7852   0.26129197E+03
 7853   0.17158411E+03
 7854   0.11637312E+03
 7855   0.86302850E+02
 7856   0.63091410E+02
 7857   0.47766480E+02
 7858   0.38734630E+02
 7859   0.34205460E+02
 7860   0.41319870E+02
 7861   0.12232841E+03
 7862   0.89456870E+02
 7863   0.63563920E+02
 7864   0.42418250E+02
 7865   0.31987960E+02
 7866   0.12416517E+03
 7867   0.10582235E+03
 7868   0.82635400E+02
 7869   0.57564400E+02
 7870   0.40644650E+02
 7871   0.30796390E+02
 7872   0.24470410E+02
 7873   0.20220370E+02
 7874   0.16899960E+02
 7875   0.16652490E+02
 7876   0.35917730E+02
 7877   0.26939298E+03
 7878   0.38784375E+03
 7879   0.31664758E+03
 7880   0.31019621E+03
 7881   0.13622574E+04
 7882   0.38394285E+04
 7883   0.21028893E+04
 7884   0.83580009E+03
 7885   0.38394570E+03
 7886   0.22462032E+03
 7887   0.21517915E+03
 7888   0.17418907E+03
 7889   0.14297888E+03
 7890   0.14645934E+03
 7891   0.10951315E+03
 7892   0.10245081E+03
 7893   0.20512114E+03
 7894   0.82972479E+03
 7895   0.38156289E+03
 7896   0.30866433E+03
 7897   0.20688628E+03
 7898   0.13067129E+03
 7899   0.88372190E+02
 7900   0.63090340E+02
 7901   0.46382420E+02
 7902   0.34988550E+02
 7903   0.27067180E+02
 7904   0.21773870E+02
 7905   0.17663130E+02
 7906   0.14222960E+02
 7907   0.15240250E+02
 7908   0.12956280E+02
 7909   0.99522300E+01
 7910   0.11041360E+02
 7911   0.12016620E+02
 7912   0.58669290E+02
 7913   0.11600835E+03
 7914   0.89610370E+02
 7915   0.76004360E+02
 7916   0.73151600E+02
 7917   0.87255560E+02
 7918   0.11117498E+03
 7919   0.99050630E+02
 7920   0.78363570E+02
 7921   0.61251810E+02
 7922   0.47847640E+02
 7923   0.37825780E+02
 7924   0.30061120E+02
 7925   0.32891630E+02
 7926   0.18876198E+03
 7927   0.13217017E+03
 7928   0.95533080E+02
 7929   0.60423690E+02
 7930   0.45740750E+02
 7931   0.44138170E+02
 7932   0.40704030E+02
 7933   0.34251660E+02
 7934   0.27678530E+02
 7935   0.22195160E+02
 7936   0.17828100E+02
 7937   0.14301480E+02
 7938   0.11023600E+02
 7939   0.84450800E+01
 7940   0.61633600E+01
 7941   0.48051900E+01
 7942   0.40781200E+01
 7943   0.35106100E+01
 7944   0.29503700E+01
 7945   0.25101300E+01
 7946   0.21120000E+01
 7947   0.17882800E+01
 7948   0.15581400E+01
 7949   0.13832100E+01
 7950   0.12019900E+01
 7951   0.10603700E+01
 7952   0.94158000E+00
 7953   0.83109000E+00
 7954   0.75135000E+00
 7955   0.70083000E+00
 7956   0.66013000E+00
 7957   0.62114000E+00
 7958   0.58138000E+00
 7959   0.54186000E+00
 7960   0.50301000E+00
 7961   0.46164000E+00
 7962   0.13044700E+01
 7963   0.12239000E+01
 7964   0.10608800E+01
 7965   0.76366000E+00
 7966   0.52913000E+00
 7967   0.62579000E+00
 7968   0.84627000E+00
 7969   0.89734000E+00
 7970   0.97075000E+00
 7971   0.10080900E+01
 7972   0.44081200E+01
 7973   0.49540300E+01
 7974   0.85104200E+01
 7975   0.15517970E+02
 7976   0.19841850E+02
 7977   0.18560900E+02
 7978   0.15652940E+02
 7979   0.12374680E+02
 7980   0.94857300E+01
 7981   0.68630100E+01
 7982   0.53755800E+01
 7983   0.45180600E+01
 7984   0.39044600E+01
 7985   0.32972600E+01
 7986   0.29727900E+01
 7987   0.29538100E+01
 7988   0.26581600E+01
 7989   0.23858900E+01
 7990   0.86407200E+01
 7991   0.49411920E+02
 7992   0.47195310E+02
 7993   0.37501000E+02
 7994   0.30457930E+02
 7995   0.25276560E+02
 7996   0.21220550E+02
 7997   0.17815680E+02
 7998   0.14826440E+02
 7999   0.12136270E+02
 8000   0.93141600E+01
 8001   0.67589700E+01
 8002   0.54831100E+01
 8003   0.47508400E+01
 8004   0.41953500E+01
 8005   0.36443300E+01
 8006   0.31323400E+01
 8007   0.27043000E+01
 8008   0.23082300E+01
 8009   0.19881800E+01
 8010   0.17886400E+01
 8011   0.14871600E+01
 8012   0.25500300E+01
 8013   0.50947200E+01
 8014   0.56372300E+01
 8015   0.47247200E+01
 8016   0.37040900E+01
 8017   0.29562300E+01
 8018   0.28704400E+01
 8019   0.26052300E+01
 8020   0.23907600E+01
 8021   0.20935400E+01
 8022   0.19968900E+01
 8023   0.77894000E+01
 8024   0.22637120E+02
 8025   0.30082330E+02
 8026   0.25470170E+02
 8027   0.23165530E+02
 8028   0.19880660E+02
 8029   0.15665110E+02
 8030   0.12104540E+02
 8031   0.99848600E+01
 8032   0.10037870E+02
 8033   0.12015960E+02
 8034   0.18643610E+02
 8035   0.18962630E+02
 8036   0.15897020E+02
 8037   0.12757350E+02
 8038   0.10476270E+02
 8039   0.86079300E+01
 8040   0.70343500E+01
 8041   0.54550000E+01
 8042   0.41142900E+01
 8043   0.32738600E+01
 8044   0.27994900E+01
 8045   0.24570200E+01
 8046   0.33917400E+01
 8047   0.90086400E+01
 8048   0.13326610E+02
 8049   0.14786030E+02
 8050   0.12490780E+02
 8051   0.10791480E+02
 8052   0.84414400E+01
 8053   0.87678400E+01
 8054   0.18899130E+02
 8055   0.48044190E+02
 8056   0.80643060E+02
 8057   0.23613776E+03
 8058   0.29903030E+03
 8059   0.49934461E+03
 8060   0.28516194E+03
 8061   0.16805699E+03
 8062   0.10697741E+03
 8063   0.73557890E+02
 8064   0.55732620E+02
 8065   0.46943090E+02
 8066   0.36887010E+02
 8067   0.29085510E+02
 8068   0.23364280E+02
 8069   0.18788160E+02
 8070   0.15161070E+02
 8071   0.12332610E+02
 8072   0.94396300E+01
 8073   0.70650900E+01
 8074   0.64123100E+01
 8075   0.70382600E+01
 8076   0.67720000E+01
 8077   0.75417100E+01
 8078   0.10008100E+02
 8079   0.11545300E+02
 8080   0.11283720E+02
 8081   0.12907760E+02
 8082   0.20042900E+02
 8083   0.28248390E+02
 8084   0.58143190E+02
 8085   0.74002840E+02
 8086   0.66336330E+02
 8087   0.63580510E+02
 8088   0.70225460E+02
 8089   0.61053540E+02
 8090   0.48982160E+02
 8091   0.41043160E+02
 8092   0.36744570E+02
 8093   0.32358790E+02
 8094   0.28537780E+02
 8095   0.24057490E+02
 8096   0.19886720E+02
 8097   0.16324250E+02
 8098   0.13364590E+02
 8099   0.10680260E+02
 8100   0.85791100E+01
 8101   0.68927500E+01
 8102   0.55483600E+01
 8103   0.44928200E+01
 8104   0.34818800E+01
 8105   0.28165700E+01
 8106   0.27771700E+01
 8107   0.24690400E+01
 8108   0.22024900E+01
 8109   0.19173100E+01
 8110   0.16681300E+01
 8111   0.15044100E+01
 8112   0.13502200E+01
 8113   0.12141600E+01
 8114   0.39667000E+01
 8115   0.11119120E+02
 8116   0.13076850E+02
 8117   0.98294300E+01
 8118   0.81606400E+01
 8119   0.70887900E+01
 8120   0.72889300E+01
 8121   0.65810700E+01
 8122   0.53484500E+01
 8123   0.40548800E+01
 8124   0.52665700E+01
 8125   0.41067700E+01
 8126   0.36317300E+01
 8127   0.38454800E+01
 8128   0.42623700E+01
 8129   0.45459000E+01
 8130   0.78340100E+01
 8131   0.74689700E+01
 8132   0.65882700E+01
 8133   0.52191100E+01
 8134   0.43907800E+01
 8135   0.40391400E+01
 8136   0.38251400E+01
 8137   0.34541400E+01
 8138   0.29617700E+01
 8139   0.26073400E+01
 8140   0.24332700E+01
 8141   0.27258000E+01
 8142   0.65948600E+01
 8143   0.19157560E+02
 8144   0.24568610E+02
 8145   0.18901750E+02
 8146   0.21372290E+02
 8147   0.25713040E+02
 8148   0.24641050E+02
 8149   0.41018410E+02
 8150   0.43622680E+02
 8151   0.35297270E+02
 8152   0.37178860E+02
 8153   0.84709860E+02
 8154   0.64381010E+02
 8155   0.45729250E+02
 8156   0.34515310E+02
 8157   0.24868660E+02
 8158   0.18919100E+02
 8159   0.16224720E+02
 8160   0.17627450E+02
 8161   0.19371830E+02
 8162   0.18296280E+02
 8163   0.15769700E+02
 8164   0.12913840E+02
 8165   0.15215680E+02
 8166   0.35356700E+02
 8167   0.43571080E+02
 8168   0.33659860E+02
 8169   0.27413540E+02
 8170   0.25867850E+02
 8171   0.27971750E+02
 8172   0.36272460E+02
 8173   0.62403840E+02
 8174   0.65079620E+02
 8175   0.43125000E+02
 8176   0.31145710E+02
 8177   0.22948810E+02
 8178   0.17299540E+02
 8179   0.13128160E+02
 8180   0.98871600E+01
 8181   0.76379600E+01
 8182   0.87272200E+01
 8183   0.72059400E+01
 8184   0.58299800E+01
 8185   0.10947290E+02
 8186   0.16765880E+02
 8187   0.20521950E+02
 8188   0.17072190E+02
 8189   0.12243260E+02
 8190   0.91679000E+01
 8191   0.69831500E+01
 8192   0.55438700E+01
 8193   0.54470400E+01
 8194   0.92396600E+01
 8195   0.12806020E+02
 8196   0.12287770E+02
 8197   0.10773230E+02
 8198   0.90634800E+01
 8199   0.74317100E+01
 8200   0.61247900E+01
 8201   0.49882800E+01
 8202   0.41018600E+01
 8203   0.10247240E+02
 8204   0.28863610E+02
 8205   0.29672860E+02
 8206   0.18065800E+02
 8207   0.22264470E+02
 8208   0.19271069E+03
 8209   0.18382485E+03
 8210   0.24157196E+03
 8211   0.26693982E+03
 8212   0.16391802E+03
 8213   0.10653498E+03
 8214   0.73721840E+02
 8215   0.52271740E+02
 8216   0.38853400E+02
 8217   0.16417265E+03
 8218   0.80771559E+03
 8219   0.14615995E+04
 8220   0.93526008E+03
 8221   0.47965215E+03
 8222   0.26190340E+03
 8223   0.15934959E+03
 8224   0.10364769E+03
 8225   0.75726870E+02
 8226   0.23387954E+03
 8227   0.47128597E+03
 8228   0.15412345E+04
 8229   0.17412167E+04
 8230   0.94952642E+03
 8231   0.58081773E+03
 8232   0.35598132E+03
 8233   0.20967364E+03
 8234   0.14937834E+03
 8235   0.20712730E+03
 8236   0.21680584E+03
 8237   0.15399527E+03
 8238   0.10549503E+03
 8239   0.81758730E+02
 8240   0.70914500E+02
 8241   0.59174690E+02
 8242   0.47294100E+02
 8243   0.37049820E+02
 8244   0.28913770E+02
 8245   0.22749930E+02
 8246   0.17714520E+02
 8247   0.13527230E+02
 8248   0.11337240E+02
 8249   0.92892900E+01
 8250   0.21098310E+02
 8251   0.32974230E+02
 8252   0.39829760E+02
 8253   0.33794860E+02
 8254   0.41029300E+02
 8255   0.28295200E+03
 8256   0.76772795E+03
 8257   0.70607358E+03
 8258   0.14257100E+04
 8259   0.69729156E+03
 8260   0.47215101E+03
 8261   0.30441679E+03
 8262   0.17639405E+03
 8263   0.11032439E+03
 8264   0.74894870E+02
 8265   0.57027490E+02
 8266   0.58191120E+02
 8267   0.20722856E+03
 8268   0.19187140E+03
 8269   0.17013726E+03
 8270   0.12891286E+03
 8271   0.97899000E+02
 8272   0.99288340E+02
 8273   0.11216481E+03
 8274   0.94160250E+02
 8275   0.91913880E+02
 8276   0.80268400E+02
 8277   0.64752130E+02
 8278   0.98345370E+02
 8279   0.99086440E+02
 8280   0.10918040E+03
 8281   0.90412410E+02
 8282   0.80570850E+02
 8283   0.87756490E+02
 8284   0.13686210E+03
 8285   0.13918015E+03
 8286   0.17042884E+03
 8287   0.13552662E+03
 8288   0.95315140E+02
 8289   0.72249330E+02
 8290   0.57240630E+02
 8291   0.44639290E+02
 8292   0.45805210E+02
 8293   0.37656610E+02
 8294   0.28552700E+02
 8295   0.24781900E+02
 8296   0.20157400E+02
 8297   0.15276360E+02
 8298   0.10870150E+02
 8299   0.83365700E+01
 8300   0.12509800E+02
 8301   0.12212070E+02
 8302   0.10213280E+02
 8303   0.18017270E+03
 8304   0.28266901E+03
 8305   0.21055908E+03
 8306   0.16179550E+03
 8307   0.11468285E+03
 8308   0.83100720E+02
 8309   0.61470480E+02
 8310   0.47459620E+02
 8311   0.36667840E+02
 8312   0.28587250E+02
 8313   0.22531690E+02
 8314   0.18044680E+02
 8315   0.14477380E+02
 8316   0.11408680E+02
 8317   0.95752300E+01
 8318   0.85560000E+01
 8319   0.61778600E+01
 8320   0.62803600E+01
 8321   0.28723850E+02
 8322   0.41428190E+02
 8323   0.46805690E+02
 8324   0.51407790E+02
 8325   0.72465990E+02
 8326   0.75109930E+02
 8327   0.60350670E+02
 8328   0.88096550E+02
 8329   0.13418099E+04
 8330   0.11713031E+04
 8331   0.51900172E+03
 8332   0.26633549E+03
 8333   0.15678102E+03
 8334   0.10159740E+03
 8335   0.70313600E+02
 8336   0.50922590E+02
 8337   0.38069090E+02
 8338   0.28491670E+02
 8339   0.21557120E+02
 8340   0.17158990E+02
 8341   0.16295650E+02
 8342   0.14412320E+02
 8343   0.11859370E+02
 8344   0.90922700E+01
 8345   0.71575700E+01
 8346   0.60272900E+01
 8347   0.50394900E+01
 8348   0.41081300E+01
 8349   0.33043500E+01
 8350   0.25741600E+01
 8351   0.20364500E+01
 8352   0.16885600E+01
 8353   0.14929200E+01
 8354   0.13644300E+01
 8355   0.12541300E+01
 8356   0.11507600E+01
 8357   0.10706800E+01
 8358   0.99786000E+00
 8359   0.89836000E+00
 8360   0.77217000E+00
 8361   0.68698000E+00
 8362   0.61463000E+00
 8363   0.56422000E+00
 8364   0.52520000E+00
 8365   0.49120000E+00
 8366   0.46048000E+00
 8367   0.43059000E+00
 8368   0.40048000E+00
 8369   0.36991000E+00
 8370   0.33816000E+00
 8371   0.30576000E+00
 8372   0.65185000E+00
 8373   0.53862000E+00
 8374   0.42519000E+00
 8375   0.35585000E+00
 8376   0.29753000E+00
 8377   0.26118000E+00
 8378   0.23890000E+00
 8379   0.22135000E+00
 8380   0.20478000E+00
 8381   0.18878000E+00
 8382   0.17372000E+00
 8383   0.15986000E+00
 8384   0.14834000E+00
 8385   0.13674000E+00
 8386   0.12646000E+00
 8387   0.11723000E+00
 8388   0.10900000E+00
 8389   0.10160000E+00
 8390   0.94950000E-01
 8391   0.12001000E+00
 8392   0.10969000E+00
 8393   0.10361000E+00
 8394   0.94560000E-01
 8395   0.87890000E-01
 8396   0.82700000E-01
 8397   0.78080000E-01
 8398   0.75080000E-01
 8399   0.71570000E-01
 8400   0.69240000E-01
 8401   0.68230000E-01
 8402   0.87025000E+00
 8403   0.75810000E+00
 8404   0.64198000E+00
 8405   0.47199000E+00
 8406   0.38052000E+00
 8407   0.35414000E+00
 8408   0.35316000E+00
 8409   0.35478000E+00
 8410   0.39655000E+00
 8411   0.36241000E+00
 8412   0.34479000E+00
 8413   0.32613000E+00
 8414   0.32296000E+00
 8415   0.31611000E+00
 8416   0.31950000E+00
 8417   0.33167000E+00
 8418   0.34798000E+00
 8419   0.36308000E+00
 8420   0.37594000E+00
 8421   0.38556000E+00
 8422   0.38877000E+00
 8423   0.38046000E+00
 8424   0.36823000E+00
 8425   0.36344000E+00
 8426   0.36252000E+00
 8427   0.36481000E+00
 8428   0.37118000E+00
 8429   0.38156000E+00
 8430   0.39317000E+00
 8431   0.40321000E+00
 8432   0.40971000E+00
 8433   0.40929000E+00
 8434   0.39423000E+00
 8435   0.37324000E+00
 8436   0.35849000E+00
 8437   0.34916000E+00
 8438   0.34045000E+00
 8439   0.36237400E+01
 8440   0.38956900E+01
 8441   0.31182400E+01
 8442   0.24093800E+01
 8443   0.18027200E+01
 8444   0.38360400E+01
 8445   0.32324300E+01
 8446   0.25875700E+01
 8447   0.22492000E+01
 8448   0.19235400E+01
 8449   0.16299100E+01
 8450   0.14309600E+01
 8451   0.12888400E+01
 8452   0.11355800E+01
 8453   0.99996000E+00
 8454   0.88643000E+00
 8455   0.77685000E+00
 8456   0.72307000E+00
 8457   0.69185000E+00
 8458   0.67000000E+00
 8459   0.65813000E+00
 8460   0.66399000E+00
 8461   0.67537000E+00
 8462   0.68947000E+00
 8463   0.67261000E+00
 8464   0.87535000E+00
 8465   0.79076000E+00
 8466   0.79001000E+00
 8467   0.74203000E+00
 8468   0.70193000E+00
 8469   0.68015000E+00
 8470   0.66033000E+00
 8471   0.64115000E+00
 8472   0.62007000E+00
 8473   0.58964000E+00
 8474   0.54367000E+00
 8475   0.48696000E+00
 8476   0.44091000E+00
 8477   0.40859000E+00
 8478   0.38318000E+00
 8479   0.36066000E+00
 8480   0.33977000E+00
 8481   0.32052000E+00
 8482   0.30331000E+00
 8483   0.28791000E+00
 8484   0.27547000E+00
 8485   0.26234000E+00
 8486   0.24984000E+00
 8487   0.23778000E+00
 8488   0.22608000E+00
 8489   0.21487000E+00
 8490   0.20420000E+00
 8491   0.19397000E+00
 8492   0.18420000E+00
 8493   0.17486000E+00
 8494   0.16600000E+00
 8495   0.15764000E+00
 8496   0.14982000E+00
 8497   0.14256000E+00
 8498   0.13590000E+00
 8499   0.12983000E+00
 8500   0.12432000E+00
 8501   0.11928000E+00
 8502   0.11459000E+00
 8503   0.11017000E+00
 8504   0.10591000E+00
 8505   0.10180000E+00
 8506   0.86848000E+00
 8507   0.72760000E+00
 8508   0.12036600E+01
 8509   0.10922200E+01
 8510   0.83061000E+00
 8511   0.54383000E+00
 8512   0.43534000E+00
 8513   0.39003000E+00
 8514   0.36581000E+00
 8515   0.34335000E+00
 8516   0.31697000E+00
 8517   0.28806000E+00
 8518   0.25988000E+00
 8519   0.23438000E+00
 8520   0.21211000E+00
 8521   0.19292000E+00
 8522   0.19148000E+00
 8523   0.18207000E+00
 8524   0.29841000E+00
 8525   0.29256000E+00
 8526   0.27895000E+00
 8527   0.25053000E+00
 8528   0.21595000E+00
 8529   0.18998000E+00
 8530   0.17246000E+00
 8531   0.16017000E+00
 8532   0.15103000E+00
 8533   0.14337000E+00
 8534   0.13610000E+00
 8535   0.40777300E+01
 8536   0.92072100E+01
 8537   0.93652900E+01
 8538   0.71248800E+01
 8539   0.98271800E+01
 8540   0.13234970E+02
 8541   0.15825710E+02
 8542   0.12851550E+03
 8543   0.10314305E+03
 8544   0.11191037E+03
 8545   0.95733050E+02
 8546   0.77081120E+02
 8547   0.67915180E+02
 8548   0.56885990E+02
 8549   0.51063200E+02
 8550   0.13858234E+03
 8551   0.26544209E+03
 8552   0.25099814E+03
 8553   0.33115903E+03
 8554   0.21535027E+03
 8555   0.13701480E+03
 8556   0.90449710E+02
 8557   0.62995950E+02
 8558   0.46000860E+02
 8559   0.34700270E+02
 8560   0.33474800E+02
 8561   0.29082410E+02
 8562   0.22183870E+02
 8563   0.16613840E+02
 8564   0.12277040E+02
 8565   0.85312100E+01
 8566   0.64854500E+01
 8567   0.52811100E+01
 8568   0.44027200E+01
 8569   0.36440400E+01
 8570   0.11793220E+02
 8571   0.16620769E+03
 8572   0.47746709E+03
 8573   0.13264346E+04
 8574   0.67126295E+03
 8575   0.36053856E+03
 8576   0.21223614E+03
 8577   0.13490087E+03
 8578   0.96410340E+02
 8579   0.96347690E+02
 8580   0.10181050E+03
 8581   0.74277760E+02
 8582   0.56606190E+02
 8583   0.20559675E+03
 8584   0.30911998E+03
 8585   0.50212739E+03
 8586   0.34623899E+03
 8587   0.60259473E+03
 8588   0.93255323E+03
 8589   0.10764739E+04
 8590   0.49320934E+03
 8591   0.25645686E+03
 8592   0.15168207E+03
 8593   0.99358640E+02
 8594   0.69173120E+02
 8595   0.51187560E+02
 8596   0.38381750E+02
 8597   0.30211030E+02
 8598   0.23994770E+02
 8599   0.19219310E+02
 8600   0.15909750E+02
 8601   0.14692180E+02
 8602   0.13346000E+02
 8603   0.11394820E+02
 8604   0.88005000E+01
 8605   0.66519100E+01
 8606   0.50271400E+01
 8607   0.41516400E+01
 8608   0.35990900E+01
 8609   0.31452900E+01
 8610   0.17003590E+02
 8611   0.34327340E+02
 8612   0.33719450E+02
 8613   0.26540370E+02
 8614   0.20713040E+02
 8615   0.29223490E+02
 8616   0.56707850E+02
 8617   0.14494074E+03
 8618   0.19497385E+03
 8619   0.13172834E+03
 8620   0.84415770E+02
 8621   0.64942270E+02
 8622   0.11532758E+03
 8623   0.20544082E+03
 8624   0.13900862E+03
 8625   0.85825610E+02
 8626   0.88979930E+02
 8627   0.11792708E+03
 8628   0.39294188E+03
 8629   0.30449429E+03
 8630   0.18567351E+03
 8631   0.13357807E+03
 8632   0.12568695E+03
 8633   0.98330260E+02
 8634   0.76197040E+02
 8635   0.62505960E+02
 8636   0.62528060E+02
 8637   0.82840760E+02
 8638   0.14667586E+03
 8639   0.87811270E+02
 8640   0.56625330E+02
 8641   0.36916410E+02
 8642   0.25046000E+02
 8643   0.18053310E+02
 8644   0.13516460E+02
 8645   0.10073320E+02
 8646   0.14160020E+02
 8647   0.16107540E+02
 8648   0.36673080E+02
 8649   0.25658539E+03
 8650   0.42793730E+04
 8651   0.33577785E+04
 8652   0.11008050E+04
 8653   0.47557051E+03
 8654   0.30941818E+03
 8655   0.52997512E+03
 8656   0.42038558E+03
 8657   0.28091760E+03
 8658   0.17450132E+03
 8659   0.11363567E+03
 8660   0.89837670E+02
 8661   0.65921150E+02
 8662   0.50744090E+02
 8663   0.40033800E+02
 8664   0.31096590E+02
 8665   0.24496200E+02
 8666   0.19300860E+02
 8667   0.14990480E+02
 8668   0.11923050E+02
 8669   0.95688200E+01
 8670   0.76340000E+01
 8671   0.63214700E+01
 8672   0.51868200E+01
 8673   0.43495600E+01
 8674   0.36534300E+01
 8675   0.30003700E+01
 8676   0.24214500E+01
 8677   0.19977100E+01
 8678   0.16403700E+01
 8679   0.13978800E+01
 8680   0.12425100E+01
 8681   0.11295800E+01
 8682   0.10297400E+01
 8683   0.95322000E+00
 8684   0.87454000E+00
 8685   0.77529000E+00
 8686   0.71215000E+00
 8687   0.66669000E+00
 8688   0.62414000E+00
 8689   0.28616500E+01
 8690   0.20241300E+01
 8691   0.16285200E+01
 8692   0.13704300E+01
 8693   0.11742700E+01
 8694   0.87464000E+00
 8695   0.62492000E+00
 8696   0.59803000E+00
 8697   0.58465000E+00
 8698   0.56648000E+00
 8699   0.53271000E+00
 8700   0.48591000E+00
 8701   0.46485000E+00
 8702   0.52924000E+00
 8703   0.72190000E+00
 8704   0.84237000E+00
 8705   0.86841000E+00
 8706   0.89371000E+00
 8707   0.89493000E+00
 8708   0.15179500E+01
 8709   0.13950500E+01
 8710   0.13965300E+01
 8711   0.15944200E+01
 8712   0.18131700E+01
 8713   0.18882000E+01
 8714   0.18530400E+01
 8715   0.17427800E+01
 8716   0.16110100E+01
 8717   0.14903100E+01
 8718   0.13676800E+01
 8719   0.12171500E+01
 8720   0.10925300E+01
 8721   0.99720000E+00
 8722   0.92736000E+00
 8723   0.87430000E+00
 8724   0.80390000E+00
 8725   0.74146000E+00
 8726   0.69802000E+00
 8727   0.37052900E+01
 8728   0.89772700E+01
 8729   0.14380770E+02
 8730   0.32465130E+02
 8731   0.69492540E+02
 8732   0.69142300E+02
 8733   0.63622850E+02
 8734   0.53157400E+02
 8735   0.43018370E+02
 8736   0.34317920E+02
 8737   0.27340880E+02
 8738   0.21294600E+02
 8739   0.16435760E+02
 8740   0.13255850E+02
 8741   0.10833670E+02
 8742   0.87806100E+01
 8743   0.70562000E+01
 8744   0.59004000E+01
 8745   0.56256100E+01
 8746   0.47781900E+01
 8747   0.41428100E+01
 8748   0.33480000E+01
 8749   0.25313100E+01
 8750   0.20304700E+01
 8751   0.17574300E+01
 8752   0.16003500E+01
 8753   0.14928000E+01
 8754   0.14060700E+01
 8755   0.13256500E+01
 8756   0.12428200E+01
 8757   0.11536500E+01
 8758   0.10707000E+01
 8759   0.97634000E+00
 8760   0.82095000E+00
 8761   0.70572000E+00
 8762   0.62794000E+00
 8763   0.58069000E+00
 8764   0.54465000E+00
 8765   0.51263000E+00
 8766   0.48257000E+00
 8767   0.45179000E+00
 8768   0.42138000E+00
 8769   0.39256000E+00
 8770   0.36299000E+00
 8771   0.33035000E+00
 8772   0.29631000E+00
 8773   0.26445000E+00
 8774   0.23667000E+00
 8775   0.21313000E+00
 8776   0.19327000E+00
 8777   0.17642000E+00
 8778   0.16197000E+00
 8779   0.14946000E+00
 8780   0.13852000E+00
 8781   0.12889000E+00
 8782   0.12035000E+00
 8783   0.11271000E+00
 8784   0.10585000E+00
 8785   0.35546000E+00
 8786   0.61457500E+01
 8787   0.62169100E+01
 8788   0.46966700E+01
 8789   0.31162400E+01
 8790   0.20388600E+01
 8791   0.15240000E+01
 8792   0.12954300E+01
 8793   0.12209400E+01
 8794   0.19409300E+01
 8795   0.17922400E+01
 8796   0.16396800E+01
 8797   0.14998400E+01
 8798   0.13669900E+01
 8799   0.12472800E+01
 8800   0.11405900E+01
 8801   0.10418600E+01
 8802   0.98791000E+00
 8803   0.10116800E+01
 8804   0.11152300E+01
 8805   0.12439500E+01
 8806   0.13544800E+01
 8807   0.13981000E+01
 8808   0.13705900E+01
 8809   0.13122800E+01
 8810   0.53989400E+01
 8811   0.79180400E+01
 8812   0.12376330E+02
 8813   0.19372330E+02
 8814   0.20875970E+02
 8815   0.19131200E+02
 8816   0.17469100E+02
 8817   0.14795200E+02
 8818   0.16178260E+02
 8819   0.33004150E+02
 8820   0.44597240E+02
 8821   0.39717680E+02
 8822   0.39969770E+02
 8823   0.40734990E+02
 8824   0.33827270E+02
 8825   0.40093290E+02
 8826   0.74901540E+02
 8827   0.90641130E+02
 8828   0.94326940E+02
 8829   0.83358210E+02
 8830   0.93644320E+02
 8831   0.10391985E+03
 8832   0.79315210E+02
 8833   0.58040620E+02
 8834   0.43578430E+02
 8835   0.33400130E+02
 8836   0.26096530E+02
 8837   0.20851880E+02
 8838   0.16802910E+02
 8839   0.13607070E+02
 8840   0.10665020E+02
 8841   0.83581600E+01
 8842   0.62602200E+01
 8843   0.56744300E+01
 8844   0.66373800E+01
 8845   0.85997200E+01
 8846   0.10739620E+02
 8847   0.13415570E+02
 8848   0.14867870E+02
 8849   0.17943170E+02
 8850   0.17992850E+02
 8851   0.13131410E+02
 8852   0.20518490E+02
 8853   0.66280750E+02
 8854   0.19379013E+03
 8855   0.37263020E+03
 8856   0.43335397E+03
 8857   0.35897658E+03
 8858   0.26752012E+03
 8859   0.20023482E+03
 8860   0.15411857E+03
 8861   0.11168747E+03
 8862   0.83594450E+02
 8863   0.66690120E+02
 8864   0.53930850E+02
 8865   0.43835460E+02
 8866   0.35633240E+02
 8867   0.28785400E+02
 8868   0.23204330E+02
 8869   0.18816510E+02
 8870   0.15360760E+02
 8871   0.12008500E+02
 8872   0.97979600E+01
 8873   0.10714760E+02
 8874   0.13950410E+02
 8875   0.14208830E+02
 8876   0.14656860E+02
 8877   0.16287720E+02
 8878   0.16944620E+02
 8879   0.13015350E+02
 8880   0.29024090E+02
 8881   0.41322490E+02
 8882   0.64499870E+02
 8883   0.68164280E+02
 8884   0.62526120E+02
 8885   0.12768430E+03
 8886   0.15484264E+03
 8887   0.10851113E+03
 8888   0.76596930E+02
 8889   0.56098910E+02
 8890   0.44283030E+02
 8891   0.37712230E+02
 8892   0.44881340E+02
 8893   0.62285470E+02
 8894   0.16603369E+03
 8895   0.14415898E+03
 8896   0.97250900E+02
 8897   0.64482440E+02
 8898   0.53603420E+02
 8899   0.58090220E+02
 8900   0.51747830E+02
 8901   0.39068850E+02
 8902   0.28291610E+02
 8903   0.22246880E+02
 8904   0.28335500E+02
 8905   0.47512580E+02
 8906   0.46817020E+02
 8907   0.35840700E+02
 8908   0.25953900E+02
 8909   0.18524220E+02
 8910   0.13670410E+02
 8911   0.96611200E+01
 8912   0.66647800E+01
 8913   0.46918000E+01
 8914   0.51971200E+01
 8915   0.59215100E+01
 8916   0.49882800E+01
 8917   0.41121200E+01
 8918   0.31617100E+01
 8919   0.25597400E+01
 8920   0.21619500E+01
 8921   0.36112500E+01
 8922   0.46855900E+01
 8923   0.42567500E+01
 8924   0.31798500E+01
 8925   0.24247300E+01
 8926   0.14141780E+02
 8927   0.33741750E+02
 8928   0.32349090E+02
 8929   0.27957520E+02
 8930   0.26976730E+02
 8931   0.21746780E+02
 8932   0.43322190E+02
 8933   0.49918420E+02
 8934   0.47700810E+02
 8935   0.48176710E+02
 8936   0.84715920E+02
 8937   0.72813722E+03
 8938   0.11273915E+04
 8939   0.78897731E+03
 8940   0.72425256E+03
 8941   0.54878372E+03
 8942   0.38648025E+03
 8943   0.22015658E+03
 8944   0.13643696E+03
 8945   0.91886400E+02
 8946   0.10315741E+03
 8947   0.14635294E+03
 8948   0.11725716E+03
 8949   0.82409090E+02
 8950   0.87515520E+02
 8951   0.96365860E+02
 8952   0.72839020E+02
 8953   0.54762010E+02
 8954   0.40871480E+02
 8955   0.31565500E+02
 8956   0.24537810E+02
 8957   0.19488400E+02
 8958   0.47208920E+02
 8959   0.16357712E+03
 8960   0.66410380E+03
 8961   0.10798958E+04
 8962   0.10551212E+04
 8963   0.63450089E+03
 8964   0.37908797E+03
 8965   0.24343672E+03
 8966   0.15731501E+03
 8967   0.10808485E+03
 8968   0.77954700E+02
 8969   0.57966050E+02
 8970   0.44166680E+02
 8971   0.34051520E+02
 8972   0.26488120E+02
 8973   0.20772670E+02
 8974   0.16174340E+02
 8975   0.12161160E+02
 8976   0.94055700E+01
 8977   0.74066200E+01
 8978   0.62128300E+01
 8979   0.50770100E+01
 8980   0.41916500E+01
 8981   0.34142500E+01
 8982   0.27296000E+01
 8983   0.22475400E+01
 8984   0.18611800E+01
 8985   0.15417500E+01
 8986   0.27246420E+02
 8987   0.56928570E+02
 8988   0.42474960E+02
 8989   0.32811670E+02
 8990   0.24621810E+02
 8991   0.17864210E+02
 8992   0.12428620E+02
 8993   0.83850200E+01
 8994   0.57961600E+01
 8995   0.48414100E+01
 8996   0.38338300E+01
 8997   0.33057600E+01
 8998   0.29546100E+01
 8999   0.26944100E+01
 9000   0.24367200E+01
 9001   0.21849200E+01
 9002   0.19425200E+01
 9003   0.18643900E+01
 9004   0.21110700E+01
 9005   0.17934200E+01
 9006   0.15259500E+01
 9007   0.13264300E+01
 9008   0.11707200E+01
 9009   0.10546500E+01
 9010   0.95742000E+00
 9011   0.87620000E+00
 9012   0.78470000E+00
 9013   0.71783000E+00
 9014   0.47745400E+01
 9015   0.54885800E+01
 9016   0.17035660E+02
 9017   0.41919757E+03
 9018   0.27617009E+03
 9019   0.18071398E+03
 9020   0.12698065E+03
 9021   0.84890120E+02
 9022   0.58918060E+02
 9023   0.42707170E+02
 9024   0.11434108E+03
 9025   0.23419222E+03
 9026   0.36641684E+03
 9027   0.29120464E+03
 9028   0.20390994E+03
 9029   0.12951463E+03
 9030   0.87349160E+02
 9031   0.62210420E+02
 9032   0.46238680E+02
 9033   0.35197040E+02
 9034   0.27330540E+02
 9035   0.21145450E+02
 9036   0.16307200E+02
 9037   0.13111270E+02
 9038   0.10506080E+02
 9039   0.83769700E+01
 9040   0.67284100E+01
 9041   0.57034400E+01
 9042   0.52231400E+01
 9043   0.51829600E+01
 9044   0.49973400E+01
 9045   0.43308100E+01
 9046   0.10374010E+02
 9047   0.58399470E+02
 9048   0.64192170E+02
 9049   0.59431980E+02
 9050   0.49480810E+02
 9051   0.39530120E+02
 9052   0.31295090E+02
 9053   0.24812140E+02
 9054   0.19850520E+02
 9055   0.16043180E+02
 9056   0.12541190E+02
 9057   0.10024230E+02
 9058   0.11697400E+02
 9059   0.13092659E+03
 9060   0.12453830E+03
 9061   0.97503460E+02
 9062   0.82125140E+02
 9063   0.76615060E+02
 9064   0.66437910E+02
 9065   0.75081110E+02
 9066   0.98530130E+02
 9067   0.11011198E+03
 9068   0.18199647E+03
 9069   0.15319134E+03
 9070   0.19048206E+03
 9071   0.16970745E+03
 9072   0.11610725E+03
 9073   0.82882520E+02
 9074   0.62135000E+02
 9075   0.47718660E+02
 9076   0.36258680E+02
 9077   0.27855900E+02
 9078   0.22575880E+02
 9079   0.18531980E+02
 9080   0.15477010E+02
 9081   0.14276290E+02
 9082   0.14034570E+02
 9083   0.15192320E+02
 9084   0.15912560E+02
 9085   0.15592060E+02
 9086   0.13801630E+02
 9087   0.11674200E+02
 9088   0.92028400E+01
 9089   0.73009200E+01
 9090   0.61380300E+01
 9091   0.51183800E+01
 9092   0.43364600E+01
 9093   0.15211720E+02
 9094   0.25132010E+02
 9095   0.22073620E+02
 9096   0.14377250E+02
 9097   0.97900300E+01
 9098   0.71278800E+01
 9099   0.57153100E+01
 9100   0.46174000E+01
 9101   0.37577400E+01
 9102   0.30283000E+01
 9103   0.24531800E+01
 9104   0.20419000E+01
 9105   0.17109500E+01
 9106   0.14706500E+01
 9107   0.14406100E+01
 9108   0.11366100E+01
 9109   0.10124000E+01
 9110   0.23941900E+01
 9111   0.26457500E+01
 9112   0.21435700E+01
 9113   0.17647800E+01
 9114   0.15097800E+01
 9115   0.15911700E+01
 9116   0.28682600E+01
 9117   0.36773100E+01
 9118   0.34010200E+01
 9119   0.32126000E+01
 9120   0.32666900E+01
 9121   0.33235600E+01
 9122   0.32908900E+01
 9123   0.32649700E+01
 9124   0.31244300E+01
 9125   0.29621700E+01
 9126   0.27610900E+01
 9127   0.24460400E+01
 9128   0.21172900E+01
 9129   0.18543900E+01
 9130   0.15860900E+01
 9131   0.14102700E+01
 9132   0.13107800E+01
 9133   0.12374500E+01
 9134   0.11786200E+01
 9135   0.11248000E+01
 9136   0.10885400E+01
 9137   0.56645300E+01
 9138   0.67479300E+01
 9139   0.45600900E+01
 9140   0.30662400E+01
 9141   0.24509500E+01
 9142   0.19246900E+01
 9143   0.17569600E+01
 9144   0.17800300E+01
 9145   0.23861200E+01
 9146   0.40821500E+01
 9147   0.35748500E+01
 9148   0.28280900E+01
 9149   0.21061100E+01
 9150   0.16520700E+01
 9151   0.13592200E+01
 9152   0.11944800E+01
 9153   0.10919600E+01
 9154   0.10482800E+01
 9155   0.10484800E+01
 9156   0.10873200E+01
 9157   0.42610000E+01
 9158   0.42621100E+01
 9159   0.31473900E+01
 9160   0.24380100E+01
 9161   0.21644600E+01
 9162   0.31092100E+01
 9163   0.39669400E+01
 9164   0.51363500E+01
 9165   0.47185200E+01
 9166   0.41217000E+01
 9167   0.34885700E+01
 9168   0.29321700E+01
 9169   0.26795200E+01
 9170   0.26464700E+01
 9171   0.28128900E+01
 9172   0.32161000E+01
 9173   0.35206600E+01
 9174   0.36399200E+01
 9175   0.37407400E+01
 9176   0.38575800E+01
 9177   0.39469200E+01
 9178   0.41762300E+01
 9179   0.42764400E+01
 9180   0.33459400E+01
 9181   0.28257400E+01
 9182   0.25267000E+01
 9183   0.23572400E+01
 9184   0.21578500E+01
 9185   0.19790400E+01
 9186   0.17979700E+01
 9187   0.16130700E+01
 9188   0.14643300E+01
 9189   0.13188400E+01
 9190   0.11562100E+01
 9191   0.10051700E+01
 9192   0.86530000E+00
 9193   0.75975000E+00
 9194   0.71066000E+00
 9195   0.67392000E+00
 9196   0.64109000E+00
 9197   0.62953000E+00
 9198   0.59199000E+00
 9199   0.55070000E+00
 9200   0.50950000E+00
 9201   0.46831000E+00
 9202   0.41985000E+00
 9203   0.37139000E+00
 9204   0.33021000E+00
 9205   0.29596000E+00
 9206   0.26693000E+00
 9207   0.24701000E+00
 9208   0.18518600E+01
 9209   0.16940200E+01
 9210   0.13758300E+01
 9211   0.11530600E+01
 9212   0.82422000E+00
 9213   0.60937000E+00
 9214   0.61660000E+00
 9215   0.64980000E+00
 9216   0.68810000E+00
 9217   0.71383000E+00
 9218   0.71833000E+00
 9219   0.72361000E+00
 9220   0.81755000E+00
 9221   0.85848000E+00
 9222   0.90940000E+00
 9223   0.10443400E+01
 9224   0.15981900E+01
 9225   0.22319500E+01
 9226   0.24526400E+01
 9227   0.23713300E+01
 9228   0.21677400E+01
 9229   0.19659500E+01
 9230   0.17421000E+01
 9231   0.14836800E+01
 9232   0.36699500E+01
 9233   0.36711500E+01
 9234   0.30632100E+01
 9235   0.24932300E+01
 9236   0.20106900E+01
 9237   0.16435600E+01
 9238   0.14033500E+01
 9239   0.12501000E+01
 9240   0.11275700E+01
 9241   0.97972000E+00
 9242   0.80411000E+00
 9243   0.69700000E+00
 9244   0.64113000E+00
 9245   0.59548000E+00
 9246   0.55150000E+00
 9247   0.51004000E+00
 9248   0.47106000E+00
 9249   0.43350000E+00
 9250   0.39817000E+00
 9251   0.36503000E+00
 9252   0.33382000E+00
 9253   0.30528000E+00
 9254   0.28017000E+00
 9255   0.25851000E+00
 9256   0.23985000E+00
 9257   0.22359000E+00
 9258   0.20923000E+00
 9259   0.19640000E+00
 9260   0.11019500E+01
 9261   0.64600200E+01
 9262   0.56101900E+01
 9263   0.58273200E+01
 9264   0.43814000E+01
 9265   0.48380800E+01
 9266   0.15516260E+02
 9267   0.19262200E+02
 9268   0.14197040E+02
 9269   0.84793600E+01
 9270   0.89033100E+01
 9271   0.22236050E+02
 9272   0.43416490E+02
 9273   0.14880514E+03
 9274   0.22453780E+03
 9275   0.47358753E+03
 9276   0.37199564E+03
 9277   0.37792431E+03
 9278   0.55091677E+03
 9279   0.68089029E+03
 9280   0.97710499E+03
 9281   0.87891727E+03
 9282   0.73046595E+03
 9283   0.48959930E+03
 9284   0.35465399E+03
 9285   0.26315047E+03
 9286   0.33087143E+03
 9287   0.32045196E+03
 9288   0.21727525E+03
 9289   0.48318604E+03
 9290   0.59145880E+03
 9291   0.59998157E+03
 9292   0.38030272E+03
 9293   0.21608777E+03
 9294   0.47823996E+03
 9295   0.60983340E+03
 9296   0.81225029E+03
 9297   0.57000669E+03
 9298   0.35570101E+03
 9299   0.20873140E+03
 9300   0.13054779E+03
 9301   0.98146010E+02
 9302   0.67717090E+02
 9303   0.47904690E+02
 9304   0.61720000E+02
 9305   0.27657071E+03
 9306   0.36735820E+03
 9307   0.51794278E+03
 9308   0.55180152E+03
 9309   0.30394855E+03
 9310   0.18982912E+03
 9311   0.12441756E+03
 9312   0.84040940E+02
 9313   0.59847160E+02
 9314   0.44935110E+02
 9315   0.34195280E+02
 9316   0.26964810E+02
 9317   0.21333540E+02
 9318   0.19784590E+02
 9319   0.18902290E+02
 9320   0.18911500E+02
 9321   0.40886210E+02
 9322   0.64799540E+02
 9323   0.40807620E+02
 9324   0.29067310E+02
 9325   0.21277330E+02
 9326   0.15274310E+02
 9327   0.10359450E+02
 9328   0.71163400E+01
 9329   0.53433700E+01
 9330   0.41395600E+01
 9331   0.32242600E+01
 9332   0.25138400E+01
 9333   0.20424900E+01
 9334   0.16638000E+01
 9335   0.14155400E+01
 9336   0.12546700E+01
 9337   0.11504600E+01
 9338   0.10806500E+01
 9339   0.15927900E+01
 9340   0.91857400E+01
 9341   0.11901630E+02
 9342   0.12718320E+02
 9343   0.86828300E+01
 9344   0.73153540E+02
 9345   0.14001063E+03
 9346   0.11664205E+03
 9347   0.30124549E+03
 9348   0.21974167E+03
 9349   0.14587917E+03
 9350   0.10319487E+03
 9351   0.74163330E+02
 9352   0.56065330E+02
 9353   0.42138380E+02
 9354   0.30940480E+02
 9355   0.24083920E+02
 9356   0.32087640E+02
 9357   0.39728050E+02
 9358   0.33377800E+02
 9359   0.23221860E+02
 9360   0.16388910E+02
 9361   0.11711520E+02
 9362   0.84130700E+01
 9363   0.70368100E+01
 9364   0.48985100E+01
 9365   0.78919600E+01
 9366   0.65880300E+01
 9367   0.52808600E+01
 9368   0.20954210E+02
 9369   0.81918460E+02
 9370   0.90408810E+02
 9371   0.10320447E+03
 9372   0.18503056E+03
 9373   0.21976900E+03
 9374   0.25927217E+03
 9375   0.21365744E+03
 9376   0.16003132E+03
 9377   0.15790980E+03
 9378   0.78544243E+03
 9379   0.66211658E+03
 9380   0.50566696E+03
 9381   0.29790002E+03
 9382   0.17478342E+03
 9383   0.11080282E+03
 9384   0.74527400E+02
 9385   0.53302660E+02
 9386   0.40240780E+02
 9387   0.30798210E+02
 9388   0.23914820E+02
 9389   0.18821680E+02
 9390   0.15016430E+02
 9391   0.11794700E+02
 9392   0.91621300E+01
 9393   0.72248900E+01
 9394   0.56148000E+01
 9395   0.42152300E+01
 9396   0.33449600E+01
 9397   0.28495100E+01
 9398   0.28032300E+01
 9399   0.35482300E+01
 9400   0.69054110E+02
 9401   0.66435294E+03
 9402   0.12477648E+04
 9403   0.66705363E+03
 9404   0.33951163E+03
 9405   0.19530498E+03
 9406   0.13843825E+03
 9407   0.21099968E+03
 9408   0.51716472E+03
 9409   0.44585933E+03
 9410   0.37645182E+03
 9411   0.27894138E+03
 9412   0.19230170E+03
 9413   0.12716107E+03
 9414   0.86624050E+02
 9415   0.61055990E+02
 9416   0.43926100E+02
 9417   0.33477610E+02
 9418   0.25861600E+02
 9419   0.20279180E+02
 9420   0.16060470E+02
 9421   0.12675180E+02
 9422   0.96851500E+01
 9423   0.73600500E+01
 9424   0.59229200E+01
 9425   0.44699200E+01
 9426   0.33031300E+01
 9427   0.25748400E+01
 9428   0.21151200E+01
 9429   0.18224800E+01
 9430   0.16151900E+01
 9431   0.15122300E+01
 9432   0.25972000E+01
 9433   0.80221900E+01
 9434   0.88253400E+01
 9435   0.94381710E+02
 9436   0.11241093E+03
 9437   0.10118612E+03
 9438   0.81987110E+02
 9439   0.62100230E+02
 9440   0.46889860E+02
 9441   0.35915490E+02
 9442   0.28023340E+02
 9443   0.25665310E+02
 9444   0.23504960E+02
 9445   0.19390500E+02
 9446   0.16571660E+02
 9447   0.18222120E+02
 9448   0.17378230E+02
 9449   0.15569100E+02
 9450   0.13394330E+02
 9451   0.11031630E+02
 9452   0.88831600E+01
 9453   0.71697100E+01
 9454   0.60464800E+01
 9455   0.49831000E+01
 9456   0.42485900E+01
 9457   0.34167500E+01
 9458   0.28083400E+01
 9459   0.27052800E+01
 9460   0.25355700E+01
 9461   0.24918700E+01
 9462   0.22215400E+01
 9463   0.19551000E+01
 9464   0.17151800E+01
 9465   0.15344200E+01
 9466   0.13762400E+01
 9467   0.12096200E+01
 9468   0.10635400E+01
 9469   0.95749000E+00
 9470   0.86283000E+00
 9471   0.76958000E+00
 9472   0.71950000E+00
 9473   0.11259200E+01
 9474   0.15882070E+02
 9475   0.22543430E+02
 9476   0.16250740E+02
 9477   0.10529200E+02
 9478   0.15295680E+02
 9479   0.16833610E+02
 9480   0.13651430E+02
 9481   0.96111500E+01
 9482   0.72689000E+01
 9483   0.64049200E+01
 9484   0.61358600E+01
 9485   0.60841100E+01
 9486   0.54632200E+01
 9487   0.44594400E+01
 9488   0.39033900E+01
 9489   0.36140600E+01
 9490   0.32950400E+01
 9491   0.29599100E+01
 9492   0.26289200E+01
 9493   0.23510300E+01
 9494   0.20771000E+01
 9495   0.18373600E+01
 9496   0.16179200E+01
 9497   0.14418300E+01
 9498   0.12643900E+01
 9499   0.11184400E+01
 9500   0.10068000E+01
 9501   0.92504000E+00
 9502   0.32077900E+01
 9503   0.35240200E+01
 9504   0.38586800E+01
 9505   0.38917000E+01
 9506   0.31472100E+01
 9507   0.22823000E+01
 9508   0.12464530E+02
 9509   0.21521440E+02
 9510   0.22177630E+02
 9511   0.26063280E+02
 9512   0.37202890E+02
 9513   0.85961040E+02
 9514   0.73733690E+02
 9515   0.56038110E+02
 9516   0.42775960E+02
 9517   0.32217000E+02
 9518   0.24460720E+02
 9519   0.19845260E+02
 9520   0.16466010E+02
 9521   0.13578120E+02
 9522   0.11186440E+02
 9523   0.10683360E+02
 9524   0.92247400E+01
 9525   0.74972300E+01
 9526   0.61508900E+01
 9527   0.48062200E+01
 9528   0.36438300E+01
 9529   0.29030300E+01
 9530   0.44886000E+01
 9531   0.53052500E+01
 9532   0.53771900E+01
 9533   0.51134900E+01
 9534   0.61505600E+01
 9535   0.55335200E+01
 9536   0.49056900E+01
 9537   0.40310000E+01
 9538   0.32156200E+01
 9539   0.25473100E+01
 9540   0.20435300E+01
 9541   0.17132600E+01
 9542   0.15081400E+01
 9543   0.14187500E+01
 9544   0.13067300E+01
 9545   0.12385400E+01
 9546   0.12302000E+01
 9547   0.12925800E+01
 9548   0.13836200E+01
 9549   0.13898200E+01
 9550   0.13553000E+01
 9551   0.12979500E+01
 9552   0.12552400E+01
 9553   0.12210000E+01
 9554   0.12004400E+01
 9555   0.11800100E+01
 9556   0.11526600E+01
 9557   0.26572800E+01
 9558   0.41345500E+01
 9559   0.18407520E+02
 9560   0.22544090E+02
 9561   0.17583870E+02
 9562   0.21000690E+02
 9563   0.46534930E+02
 9564   0.66363370E+02
 9565   0.93106610E+02
 9566   0.96956190E+02
 9567   0.10541738E+03
 9568   0.96849200E+02
 9569   0.75694520E+02
 9570   0.60663290E+02
 9571   0.49323390E+02
 9572   0.43345890E+02
 9573   0.34909180E+02
 9574   0.27402550E+02
 9575   0.23250930E+02
 9576   0.27780080E+02
 9577   0.39944640E+02
 9578   0.42882800E+02
 9579   0.40842180E+02
 9580   0.50377310E+02
 9581   0.45995620E+02
 9582   0.46698260E+02
 9583   0.60316470E+02
 9584   0.57220220E+02
 9585   0.49416110E+02
 9586   0.54723660E+02
 9587   0.67028840E+02
 9588   0.66253290E+02
 9589   0.13560356E+03
 9590   0.14086088E+03
 9591   0.15492652E+03
 9592   0.13141984E+03
 9593   0.11850191E+03
 9594   0.89901290E+02
 9595   0.66190800E+02
 9596   0.49425760E+02
 9597   0.37703620E+02
 9598   0.29226050E+02
 9599   0.22651100E+02
 9600   0.17840420E+02
 9601   0.14532750E+02
 9602   0.12091490E+02
 9603   0.99210300E+01
 9604   0.81980100E+01
 9605   0.74645400E+01
 9606   0.64012700E+01
 9607   0.54763000E+01
 9608   0.56962100E+01
 9609   0.43596500E+01
 9610   0.88635000E+01
 9611   0.12028080E+02
 9612   0.25380820E+02
 9613   0.25559270E+02
 9614   0.24428560E+02
 9615   0.32032610E+02
 9616   0.28098580E+02
 9617   0.62180890E+02
 9618   0.89430260E+02
 9619   0.97612830E+02
 9620   0.12228690E+03
 9621   0.20189419E+03
 9622   0.14259415E+03
 9623   0.11005197E+03
 9624   0.74525340E+02
 9625   0.51487700E+02
 9626   0.38084820E+02
 9627   0.31507450E+02
 9628   0.24594780E+02
 9629   0.19048930E+02
 9630   0.14552030E+02
 9631   0.10555410E+02
 9632   0.12733580E+02
 9633   0.40583690E+02
 9634   0.64382440E+02
 9635   0.60081220E+02
 9636   0.80568600E+02
 9637   0.77990580E+02
 9638   0.50349800E+02
 9639   0.33704330E+02
 9640   0.23098340E+02
 9641   0.19072870E+02
 9642   0.87254180E+02
 9643   0.11662112E+03
 9644   0.26567302E+03
 9645   0.38612347E+03
 9646   0.22824293E+03
 9647   0.14781367E+03
 9648   0.17228901E+03
 9649   0.12442950E+03
 9650   0.93102820E+02
 9651   0.11912908E+03
 9652   0.26349461E+03
 9653   0.32133160E+03
 9654   0.31014771E+03
 9655   0.40706159E+03
 9656   0.41585398E+03
 9657   0.26292741E+03
 9658   0.16676716E+03
 9659   0.10988798E+03
 9660   0.75013780E+02
 9661   0.52925250E+02
 9662   0.38247180E+02
 9663   0.29346580E+02
 9664   0.22802430E+02
 9665   0.18006540E+02
 9666   0.14254520E+02
 9667   0.11133930E+02
 9668   0.86250800E+01
 9669   0.67810800E+01
 9670   0.94642600E+01
 9671   0.17697630E+02
 9672   0.19573130E+02
 9673   0.31819230E+02
 9674   0.27446141E+03
 9675   0.11853480E+04
 9676   0.92576769E+03
 9677   0.94701054E+03
 9678   0.22058177E+04
 9679   0.15094990E+04
 9680   0.11180028E+04
 9681   0.96134284E+03
 9682   0.10829093E+04
 9683   0.74082792E+03
 9684   0.17798892E+04
 9685   0.17450146E+04
 9686   0.89671921E+03
 9687   0.57687232E+03
 9688   0.39575685E+03
 9689   0.24863187E+03
 9690   0.18218165E+03
 9691   0.17088668E+03
 9692   0.16578075E+03
 9693   0.16859482E+03
 9694   0.21308934E+03
 9695   0.69963666E+03
 9696   0.10401768E+04
 9697   0.54870512E+03
 9698   0.30816644E+03
 9699   0.18711128E+03
 9700   0.15660804E+03
 9701   0.11900436E+03
 9702   0.79381830E+02
 9703   0.54571530E+02
 9704   0.46031870E+02
 9705   0.50183860E+02
 9706   0.47571700E+02
 9707   0.64416460E+02
 9708   0.11533221E+03
 9709   0.24471526E+03
 9710   0.25192772E+03
 9711   0.20547814E+03
 9712   0.13748950E+03
 9713   0.94539980E+02
 9714   0.67696760E+02
 9715   0.49805230E+02
 9716   0.40839440E+02
 9717   0.32495060E+02
 9718   0.25221920E+02
 9719   0.19467980E+02
 9720   0.15145720E+02
 9721   0.11657440E+02
 9722   0.84843500E+01
 9723   0.60578000E+01
 9724   0.47708400E+01
 9725   0.40615500E+01
 9726   0.34933200E+01
 9727   0.29107200E+01
 9728   0.24346500E+01
 9729   0.20437000E+01
 9730   0.17529300E+01
 9731   0.15292800E+01
 9732   0.13591700E+01
 9733   0.11838500E+01
 9734   0.10325300E+01
 9735   0.91577000E+00
 9736   0.80072000E+00
 9737   0.73286000E+00
 9738   0.68794000E+00
 9739   0.64852000E+00
 9740   0.60995000E+00
 9741   0.58926000E+00
 9742   0.31312600E+01
 9743   0.34922100E+01
 9744   0.26106700E+01
 9745   0.25797750E+02
 9746   0.49540120E+02
 9747   0.51691380E+02
 9748   0.47220340E+02
 9749   0.42051940E+02
 9750   0.40306810E+02
 9751   0.76284860E+02
 9752   0.83534340E+02
 9753   0.12860271E+03
 9754   0.56028476E+03
 9755   0.13707040E+04
 9756   0.83007292E+03
 9757   0.42346028E+03
 9758   0.24077723E+03
 9759   0.14967771E+03
 9760   0.17623127E+03
 9761   0.14652425E+03
 9762   0.96201640E+02
 9763   0.61870130E+02
 9764   0.42978920E+02
 9765   0.32891440E+02
 9766   0.26232720E+02
 9767   0.21242870E+02
 9768   0.17259520E+02
 9769   0.13966830E+02
 9770   0.11093540E+02
 9771   0.86918600E+01
 9772   0.68729300E+01
 9773   0.52876100E+01
 9774   0.39796100E+01
 9775   0.31332600E+01
 9776   0.25882600E+01
 9777   0.22279400E+01
 9778   0.19407200E+01
 9779   0.16962900E+01
 9780   0.15083700E+01
 9781   0.13593300E+01
 9782   0.12240800E+01
 9783   0.11076200E+01
 9784   0.99934000E+00
 9785   0.85377000E+00
 9786   0.74073000E+00
 9787   0.66077000E+00
 9788   0.61676000E+00
 9789   0.58283000E+00
 9790   0.54780000E+00
 9791   0.51410000E+00
 9792   0.48393000E+00
 9793   0.45950000E+00
 9794   0.44029000E+00
 9795   0.42105000E+00
 9796   0.39805000E+00
 9797   0.36924000E+00
 9798   0.33897000E+00
 9799   0.31415000E+00
 9800   0.29991000E+00
 9801   0.29862000E+00
 9802   0.30630000E+00
 9803   0.31886000E+00
 9804   0.33256000E+00
 9805   0.34222000E+00
 9806   0.34391000E+00
 9807   0.33609000E+00
 9808   0.32389000E+00
 9809   0.31626000E+00
 9810   0.32175000E+00
 9811   0.34689000E+00
 9812   0.39032000E+00
 9813   0.43089000E+00
 9814   0.45173000E+00
 9815   0.45784000E+00
 9816   0.45140000E+00
 9817   0.42982000E+00
 9818   0.40378000E+00
 9819   0.38514000E+00
 9820   0.37341000E+00
 9821   0.36569000E+00
 9822   0.36066000E+00
 9823   0.35633000E+00
 9824   0.35006000E+00
 9825   0.34068000E+00
 9826   0.32872000E+00
 9827   0.31574000E+00
 9828   0.30203000E+00
 9829   0.28658000E+00
 9830   0.22391500E+01
 9831   0.16806200E+01
 9832   0.14522300E+01
 9833   0.17004300E+01
 9834   0.16440300E+01
 9835   0.12471900E+01
 9836   0.93594000E+00
 9837   0.60858000E+00
 9838   0.51212000E+00
 9839   0.46489000E+00
 9840   0.44571000E+00
 9841   0.15099950E+02
 9842   0.53191320E+02
 9843   0.42135290E+02
 9844   0.25971600E+02
 9845   0.19328030E+02
 9846   0.20825900E+02
 9847   0.24123130E+02
 9848   0.20677810E+02
 9849   0.13312520E+02
 9850   0.10883830E+02
 9851   0.93511000E+01
 9852   0.77067200E+01
 9853   0.65113100E+01
 9854   0.58497400E+01
 9855   0.50603900E+01
 9856   0.10379240E+02
 9857   0.13264610E+02
 9858   0.20512360E+02
 9859   0.32685620E+02
 9860   0.31972310E+02
 9861   0.31081230E+02
 9862   0.29979390E+02
 9863   0.23447190E+02
 9864   0.20458350E+02
 9865   0.40122960E+02
 9866   0.43377920E+02
 9867   0.33581560E+02
 9868   0.27144020E+02
 9869   0.22145580E+02
 9870   0.17959290E+02
 9871   0.14501450E+02
 9872   0.11560260E+02
 9873   0.91431900E+01
 9874   0.73704100E+01
 9875   0.61704800E+01
 9876   0.48410000E+01
 9877   0.37000900E+01
 9878   0.30510400E+01
 9879   0.26609600E+01
 9880   0.24093000E+01
 9881   0.21447100E+01
 9882   0.20214300E+01
 9883   0.21742900E+01
 9884   0.16843550E+02
 9885   0.54131650E+02
 9886   0.70159020E+02
 9887   0.73656600E+02
 9888   0.15780860E+03
 9889   0.13993747E+03
 9890   0.10074225E+03
 9891   0.72636500E+02
 9892   0.53834390E+02
 9893   0.41094050E+02
 9894   0.32060710E+02
 9895   0.25469620E+02
 9896   0.20048030E+02
 9897   0.15547730E+02
 9898   0.12810210E+02
 9899   0.11537950E+02
 9900   0.97430200E+01
 9901   0.79909900E+01
 9902   0.66573300E+01
 9903   0.56561500E+01
 9904   0.47803600E+01
 9905   0.41351900E+01
 9906   0.34435700E+01
 9907   0.29565200E+01
 9908   0.32873600E+01
 9909   0.26309500E+01
 9910   0.52352900E+01
 9911   0.51743900E+01
 9912   0.45101800E+01
 9913   0.36982300E+01
 9914   0.28660200E+01
 9915   0.24821300E+01
 9916   0.21379400E+01
 9917   0.29177000E+01
 9918   0.22060300E+01
 9919   0.17271900E+01
 9920   0.14753600E+01
 9921   0.13435400E+01
 9922   0.13558200E+01
 9923   0.17019500E+01
 9924   0.11008810E+02
 9925   0.16451610E+02
 9926   0.16293650E+02
 9927   0.12429140E+02
 9928   0.10302450E+02
 9929   0.13911060E+02
 9930   0.16435940E+02
 9931   0.22081160E+02
 9932   0.23947960E+02
 9933   0.21197360E+02
 9934   0.16714130E+02
 9935   0.14532330E+02
 9936   0.11556540E+02
 9937   0.87282700E+01
 9938   0.83010500E+01
 9939   0.95754600E+01
 9940   0.12000120E+02
 9941   0.12570700E+02
 9942   0.11607120E+02
 9943   0.10062220E+02
 9944   0.11150010E+02
 9945   0.18479600E+02
 9946   0.10476591E+03
 9947   0.11807891E+03
 9948   0.11053499E+03
 9949   0.10416491E+03
 9950   0.22138830E+03
 9951   0.18548829E+03
 9952   0.15336117E+03
 9953   0.22687981E+03
 9954   0.24147737E+03
 9955   0.18929221E+03
 9956   0.23137388E+03
 9957   0.18091669E+03
 9958   0.13337483E+03
 9959   0.12489148E+03
 9960   0.12654750E+03
 9961   0.10676663E+03
 9962   0.94022350E+02
 9963   0.10088224E+03
 9964   0.10711606E+03
 9965   0.88573260E+02
 9966   0.76400490E+02
 9967   0.94875750E+02
 9968   0.83314870E+02
 9969   0.63349200E+02
 9970   0.49697930E+02
 9971   0.42422550E+02
 9972   0.35024430E+02
 9973   0.31755330E+02
 9974   0.29242610E+02
 9975   0.31773230E+02
 9976   0.34261730E+02
 9977   0.30173700E+02
 9978   0.25553830E+02
 9979   0.21852250E+02
 9980   0.18947090E+02
 9981   0.16233720E+02
 9982   0.13671520E+02
 9983   0.13928500E+02
 9984   0.13383570E+02
 9985   0.12921720E+02
 9986   0.13975000E+02
 9987   0.13892700E+02
 9988   0.14324800E+02
 9989   0.18911250E+02
 9990   0.16947440E+02
 9991   0.11186970E+02
 9992   0.80249700E+01
 9993   0.63820900E+01
 9994   0.11892520E+02
 9995   0.12237650E+02
 9996   0.91643200E+01
 9997   0.11377150E+02
 9998   0.15359440E+02
 9999   0.14873580E+02
10000   0.89766700E+01
10001   0.13621420E+02
10002   0.15477650E+02
10003   0.11657910E+02
10004   0.81157100E+01
10005   0.17466450E+02
10006   0.22201550E+02
10007   0.16754240E+02
10008   0.12553530E+02
10009   0.95687600E+01
10010   0.65242700E+01
10011   0.47055300E+01
10012   0.37301300E+01
10013   0.29999600E+01
10014   0.24508800E+01
10015   0.20471600E+01
10016   0.17260400E+01
10017   0.14687700E+01
10018   0.12984900E+01
10019   0.12650700E+01
10020   0.55611660E+02
10021   0.16350373E+03
10022   0.91167470E+02
10023   0.60911360E+02
10024   0.43859260E+02
10025   0.48491650E+02
10026   0.61224160E+02
10027   0.10439464E+03
10028   0.17609278E+03
10029   0.18157771E+03
10030   0.14575730E+03
10031   0.12553831E+03
10032   0.10093117E+03
10033   0.75890820E+02
10034   0.63926050E+02
10035   0.56876370E+02
10036   0.42741680E+02
10037   0.32650720E+02
10038   0.25311480E+02
10039   0.19946640E+02
10040   0.17010830E+02
10041   0.21023700E+02
10042   0.28169930E+02
10043   0.33386730E+02
10044   0.36609840E+02
10045   0.36665260E+02
10046   0.34488190E+02
10047   0.31454010E+02
10048   0.28427770E+02
10049   0.25276850E+02
10050   0.22038510E+02
10051   0.18303830E+02
10052   0.16991190E+02
10053   0.20249930E+02
10054   0.18191010E+02
10055   0.14351990E+02
10056   0.11017760E+02
10057   0.85846600E+01
10058   0.66912100E+01
10059   0.52701900E+01
10060   0.40431800E+01
10061   0.30552100E+01
10062   0.26679700E+01
10063   0.22069100E+01
10064   0.22657600E+01
10065   0.23312700E+01
10066   0.20791300E+01
10067   0.20872100E+01
10068   0.17580600E+01
10069   0.15751900E+01
10070   0.13971300E+01
10071   0.12409000E+01
10072   0.36299800E+01
10073   0.34359930E+02
10074   0.21738800E+03
10075   0.14528344E+03
10076   0.99050690E+02
10077   0.78106330E+02
10078   0.71849990E+02
10079   0.57607080E+02
10080   0.50653440E+02
10081   0.96028860E+02
10082   0.15748476E+03
10083   0.96962420E+02
10084   0.59222740E+02
10085   0.37338990E+02
10086   0.25092610E+02
10087   0.19016340E+02
10088   0.16661670E+02
10089   0.10508269E+03
10090   0.14532883E+03
10091   0.12911166E+03
10092   0.93049570E+02
10093   0.84757660E+02
10094   0.77948620E+02
10095   0.62206180E+02
10096   0.47620110E+02
10097   0.36656470E+02
10098   0.28505740E+02
10099   0.22310890E+02
10100   0.17651070E+02
10101   0.20038820E+02
10102   0.24356510E+02
10103   0.21904840E+02
10104   0.15200000E+02
10105   0.13399970E+02
10106   0.13977050E+02
10107   0.35818750E+02
10108   0.33988270E+02
10109   0.23153400E+02
10110   0.23482620E+02
10111   0.20020400E+02
10112   0.18534210E+02
10113   0.74050730E+02
10114   0.15208214E+03
10115   0.10648485E+03
10116   0.75255730E+02
10117   0.63151190E+02
10118   0.51559750E+02
10119   0.38520080E+02
10120   0.31809170E+02
10121   0.27263520E+02
10122   0.22114070E+02
10123   0.17953230E+02
10124   0.15338700E+02
10125   0.13135780E+02
10126   0.10918800E+02
10127   0.90951500E+01
10128   0.73425100E+01
10129   0.61111700E+01
10130   0.52416200E+01
10131   0.47713800E+01
10132   0.41728900E+01
10133   0.33301200E+01
10134   0.37379700E+01
10135   0.22669830E+02
10136   0.96124790E+02
10137   0.26923864E+03
10138   0.27281170E+03
10139   0.19444570E+03
10140   0.13327424E+03
10141   0.92820360E+02
10142   0.65227720E+02
10143   0.47747620E+02
10144   0.36616160E+02
10145   0.28292070E+02
10146   0.22102610E+02
10147   0.17502740E+02
10148   0.13907030E+02
10149   0.10840780E+02
10150   0.83611500E+01
10151   0.65732900E+01
10152   0.51087000E+01
10153   0.16142570E+02
10154   0.19461840E+02
10155   0.14991440E+02
10156   0.10904460E+02
10157   0.12308240E+02
10158   0.11873070E+02
10159   0.99065100E+01
10160   0.82154300E+01
10161   0.69598500E+01
10162   0.59345800E+01
10163   0.47167700E+01
10164   0.36127200E+01
10165   0.28408000E+01
10166   0.24853200E+01
10167   0.21529700E+01
10168   0.18774700E+01
10169   0.16589700E+01
10170   0.14710700E+01
10171   0.13197800E+01
10172   0.11972500E+01
10173   0.10835200E+01
10174   0.93013000E+00
10175   0.77493000E+00
10176   0.68714000E+00
10177   0.63825000E+00
10178   0.60032000E+00
10179   0.56373000E+00
10180   0.52968000E+00
10181   0.49796000E+00
10182   0.46805000E+00
10183   0.43833000E+00
10184   0.41176000E+00
10185   0.37853000E+00
10186   0.34399000E+00
10187   0.31038000E+00
10188   0.28276000E+00
10189   0.27059000E+00
10190   0.27939000E+00
10191   0.29929000E+00
10192   0.37563000E+00
10193   0.37962000E+00
10194   0.41657000E+00
10195   0.38911000E+00
10196   0.35903000E+00
10197   0.33889000E+00
10198   0.32362000E+00
10199   0.31485000E+00
10200   0.30908000E+00
10201   0.30430000E+00
10202   0.29845000E+00
10203   0.29151000E+00
10204   0.35099000E+00
10205   0.14097100E+01
10206   0.10579960E+02
10207   0.15360430E+02
10208   0.13874050E+02
10209   0.88598200E+01
10210   0.94681600E+01
10211   0.16266010E+02
10212   0.59124140E+02
10213   0.10545635E+03
10214   0.95499390E+02
10215   0.74780540E+02
10216   0.96498090E+02
10217   0.10175936E+03
10218   0.78139150E+02
10219   0.58316170E+02
10220   0.44177640E+02
10221   0.34139140E+02
10222   0.26844270E+02
10223   0.21406840E+02
10224   0.16782750E+02
10225   0.12729860E+02
10226   0.99416200E+01
10227   0.82393200E+01
10228   0.67795200E+01
10229   0.56934400E+01
10230   0.47556800E+01
10231   0.40924500E+01
10232   0.34913100E+01
10233   0.29816700E+01
10234   0.24752100E+01
10235   0.20696100E+01
10236   0.17479800E+01
10237   0.14798400E+01
10238   0.13172900E+01
10239   0.12000100E+01
10240   0.11419700E+01
10241   0.15062600E+01
10242   0.34072300E+01
10243   0.25832100E+01
10244   0.22364400E+01
10245   0.18060100E+01
10246   0.14652400E+01
10247   0.12243500E+01
10248   0.10567400E+01
10249   0.95298000E+00
10250   0.88086000E+00
10251   0.84820000E+00
10252   0.81094000E+00
10253   0.76149000E+00
10254   0.14885000E+01
10255   0.10583600E+01
10256   0.91981000E+00
10257   0.69198000E+00
10258   0.65565000E+00
10259   0.58312000E+00
10260   0.53500000E+00
10261   0.49484000E+00
10262   0.46141000E+00
10263   0.44033000E+00
10264   0.42624000E+00
10265   0.41624000E+00
10266   0.40924000E+00
10267   0.40126000E+00
10268   0.38467000E+00
10269   0.36402000E+00
10270   0.34892000E+00
10271   0.36439700E+01
10272   0.39849400E+01
10273   0.40833600E+01
10274   0.37287400E+01
10275   0.51408300E+01
10276   0.10721900E+02
10277   0.13508350E+02
10278   0.11666980E+02
10279   0.15286220E+02
10280   0.28072410E+02
10281   0.38126490E+02
10282   0.52371620E+02
10283   0.47362150E+02
10284   0.38742720E+02
10285   0.30713110E+02
10286   0.24151510E+02
10287   0.48761760E+02
10288   0.63121840E+02
10289   0.52935010E+02
10290   0.44935970E+02
10291   0.32972540E+02
10292   0.25279700E+02
10293   0.36922440E+02
10294   0.41876800E+02
10295   0.41946790E+02
10296   0.41385420E+02
10297   0.32330350E+02
10298   0.25661570E+02
10299   0.22328760E+02
10300   0.27185180E+02
10301   0.29773090E+02
10302   0.46639270E+02
10303   0.12317895E+03
10304   0.28308180E+03
10305   0.24456977E+03
10306   0.19321670E+03
10307   0.16372191E+03
10308   0.14004644E+03
10309   0.10578635E+03
10310   0.81363420E+02
10311   0.80290700E+02
10312   0.73657830E+02
10313   0.59195050E+02
10314   0.65529710E+02
10315   0.68159990E+02
10316   0.49634500E+02
10317   0.37622170E+02
10318   0.27917990E+02
10319   0.21673590E+02
10320   0.18000410E+02
10321   0.17638640E+02
10322   0.19827020E+02
10323   0.20230910E+02
10324   0.18143600E+02
10325   0.15563580E+02
10326   0.19881980E+02
10327   0.18967130E+02
10328   0.14220840E+02
10329   0.11171810E+02
10330   0.10672570E+02
10331   0.96343600E+01
10332   0.83182900E+01
10333   0.15589990E+02
10334   0.19133890E+02
10335   0.32494280E+02
10336   0.43613470E+02
10337   0.32133490E+02
10338   0.22136470E+02
10339   0.18735410E+02
10340   0.16030630E+02
10341   0.13289560E+02
10342   0.11548730E+02
10343   0.10840300E+02
10344   0.10244730E+02
10345   0.10974690E+02
10346   0.10304030E+02
10347   0.83442500E+01
10348   0.48279570E+02
10349   0.78029540E+02
10350   0.78210980E+02
10351   0.85611550E+02
10352   0.88803110E+02
10353   0.76089350E+02
10354   0.20367507E+03
10355   0.14911211E+03
10356   0.10061972E+03
10357   0.70544800E+02
10358   0.56913560E+02
10359   0.99313780E+02
10360   0.75492840E+02
10361   0.72715290E+02
10362   0.85427720E+02
10363   0.70928680E+02
10364   0.10571719E+03
10365   0.17263501E+03
10366   0.13707834E+03
10367   0.10764343E+03
10368   0.72370670E+02
10369   0.51000340E+02
10370   0.37943790E+02
10371   0.28978170E+02
10372   0.22945070E+02
10373   0.18606370E+02
10374   0.15349210E+02
10375   0.12829350E+02
10376   0.10686330E+02
10377   0.89845800E+01
10378   0.27094410E+02
10379   0.14495596E+03
10380   0.14635199E+03
10381   0.14188652E+03
10382   0.21213601E+03
10383   0.13958543E+03
10384   0.93700440E+02
10385   0.13376418E+03
10386   0.14023512E+03
10387   0.14816036E+03
10388   0.22841367E+03
10389   0.19126337E+03
10390   0.15953749E+03
10391   0.11922825E+03
10392   0.85296840E+02
10393   0.61969390E+02
10394   0.46221820E+02
10395   0.35279740E+02
10396   0.29165700E+02
10397   0.24981620E+02
10398   0.20742710E+02
10399   0.20894280E+02
10400   0.19927340E+02
10401   0.17724640E+02
10402   0.15002380E+02
10403   0.11706670E+02
10404   0.89592700E+01
10405   0.73625400E+01
10406   0.10862700E+02
10407   0.21651040E+02
10408   0.11617763E+03
10409   0.18548114E+03
10410   0.11215434E+03
10411   0.65750350E+02
10412   0.42409840E+02
10413   0.46930160E+02
10414   0.65268870E+02
10415   0.61167450E+02
10416   0.46375520E+02
10417   0.34846990E+02
10418   0.33289150E+02
10419   0.10135315E+03
10420   0.15019341E+03
10421   0.15193183E+03
10422   0.97668410E+02
10423   0.10572009E+03
10424   0.97046930E+02
10425   0.74223350E+02
10426   0.57216530E+02
10427   0.43710850E+02
10428   0.42283050E+02
10429   0.61428430E+02
10430   0.48811740E+02
10431   0.54108230E+02
10432   0.69132180E+02
10433   0.74966040E+02
10434   0.51211690E+02
10435   0.35102420E+02
10436   0.24361820E+02
10437   0.17382600E+02
10438   0.14626010E+02
10439   0.22245820E+02
10440   0.30509090E+02
10441   0.33781300E+02
10442   0.49757900E+02
10443   0.48990190E+02
10444   0.34485220E+02
10445   0.23994420E+02
10446   0.18511460E+02
10447   0.13803820E+02
10448   0.99461500E+01
10449   0.72392100E+01
10450   0.53562700E+01
10451   0.38930900E+01
10452   0.30535300E+01
10453   0.24736200E+01
10454   0.27091900E+01
10455   0.22462800E+01
10456   0.18945300E+01
10457   0.16487700E+01
10458   0.14511100E+01
10459   0.12999200E+01
10460   0.11953700E+01
10461   0.10819400E+01
10462   0.10966000E+01
10463   0.10377000E+01
10464   0.11186800E+01
10465   0.19537100E+01
10466   0.14804900E+02
10467   0.20626940E+02
10468   0.25725450E+02
10469   0.30091910E+02
10470   0.31008390E+02
10471   0.52630390E+02
10472   0.55828600E+02
10473   0.50016350E+02
10474   0.48631090E+02
10475   0.39742240E+02
10476   0.30161030E+02
10477   0.40673050E+02
10478   0.59338360E+02
10479   0.42478340E+02
10480   0.29547740E+02
10481   0.21459180E+02
10482   0.15182950E+02
10483   0.10742230E+02
10484   0.80222300E+01
10485   0.87019000E+01
10486   0.71652600E+01
10487   0.16528530E+02
10488   0.23106600E+02
10489   0.24493260E+02
10490   0.21671190E+02
10491   0.23846700E+02
10492   0.22759180E+02
10493   0.21736850E+02
10494   0.29352130E+02
10495   0.94999050E+02
10496   0.76193890E+02
10497   0.56167470E+02
10498   0.39294080E+02
10499   0.27603830E+02
10500   0.20691660E+02
10501   0.17770890E+02
10502   0.14625670E+02
10503   0.13456630E+02
10504   0.14757780E+02
10505   0.19571280E+02
10506   0.24312260E+02
10507   0.24097370E+02
10508   0.21248540E+02
10509   0.18082260E+02
10510   0.14615640E+02
10511   0.11079760E+02
10512   0.79402000E+01
10513   0.24401840E+02
10514   0.62676230E+02
10515   0.51581560E+02
10516   0.63724480E+02
10517   0.58162030E+02
10518   0.55698880E+02
10519   0.52742520E+02
10520   0.11919111E+03
10521   0.11924704E+03
10522   0.82121180E+02
10523   0.59698990E+02
10524   0.47935100E+02
10525   0.39323690E+02
10526   0.32318990E+02
10527   0.27487540E+02
10528   0.35543000E+02
10529   0.42223820E+02
10530   0.33312410E+02
10531   0.25728500E+02
10532   0.35801880E+02
10533   0.54976410E+02
10534   0.13056553E+03
10535   0.91051120E+02
10536   0.61633570E+02
10537   0.43706460E+02
10538   0.32570010E+02
10539   0.25255690E+02
10540   0.20144730E+02
10541   0.17176960E+02
10542   0.13785910E+02
10543   0.11004280E+02
10544   0.99295500E+01
10545   0.91700300E+01
10546   0.10777740E+02
10547   0.10957210E+02
10548   0.99618900E+01
10549   0.79861400E+01
10550   0.77066500E+01
10551   0.72283800E+01
10552   0.58157600E+01
10553   0.42926300E+01
10554   0.32978300E+01
10555   0.27069600E+01
10556   0.23496100E+01
10557   0.20749200E+01
10558   0.18443600E+01
10559   0.16578600E+01
10560   0.16202200E+01
10561   0.15070700E+01
10562   0.13560500E+01
10563   0.12200200E+01
10564   0.10699000E+01
10565   0.94921000E+00
10566   0.76683000E+00
10567   0.71150000E+00
10568   0.67711000E+00
10569   0.64420000E+00
10570   0.61958000E+00
10571   0.62078000E+00
10572   0.65298000E+00
10573   0.69563000E+01
10574   0.15523820E+02
10575   0.18128680E+02
10576   0.11746150E+02
10577   0.87016900E+01
10578   0.85826700E+01
10579   0.79514100E+01
10580   0.65430400E+01
10581   0.51415300E+01
10582   0.40683000E+01
10583   0.30140600E+01
10584   0.22298400E+01
10585   0.17565500E+01
10586   0.14633100E+01
10587   0.13003400E+01
10588   0.11848200E+01
10589   0.10983000E+01
10590   0.10290000E+01
10591   0.97860000E+00
10592   0.94376000E+00
10593   0.89785000E+00
10594   0.84576000E+00
10595   0.78797000E+00
10596   0.73056000E+00
10597   0.70700000E+00
10598   0.69114000E+00
10599   0.67512000E+00
10600   0.65826000E+00
10601   0.10195500E+01
10602   0.67729900E+01
10603   0.86945200E+01
10604   0.73283800E+01
10605   0.49991800E+01
10606   0.48476200E+01
10607   0.63894700E+01
10608   0.64891000E+01
10609   0.61298700E+01
10610   0.88328800E+01
10611   0.14179990E+02
10612   0.15864670E+02
10613   0.14661750E+02
10614   0.11960400E+02
10615   0.89288600E+01
10616   0.71165200E+01
10617   0.62069500E+01
10618   0.54311400E+01
10619   0.46764900E+01
10620   0.41023300E+01
10621   0.36362300E+01
10622   0.31477700E+01
10623   0.30078700E+01
10624   0.24834600E+01
10625   0.19730500E+01
10626   0.16475200E+01
10627   0.14562100E+01
10628   0.13958100E+01
10629   0.14261300E+01
10630   0.15059400E+01
10631   0.22041200E+01
10632   0.96874200E+01
10633   0.17730820E+02
10634   0.21147590E+02
10635   0.23272190E+02
10636   0.24647060E+02
10637   0.26980230E+02
10638   0.54206000E+02
10639   0.55525790E+02
10640   0.45548000E+02
10641   0.36342950E+02
10642   0.29136960E+02
10643   0.24204960E+02
10644   0.21813130E+02
10645   0.19498040E+02
10646   0.19830310E+02
10647   0.17123920E+02
10648   0.20814730E+02
10649   0.21712110E+02
10650   0.18539560E+02
10651   0.14780730E+02
10652   0.11375330E+02
10653   0.89377800E+01
10654   0.83379700E+01
10655   0.15996150E+02
10656   0.24243080E+02
10657   0.28418130E+02
10658   0.25456680E+02
10659   0.20835090E+02
10660   0.18115870E+02
10661   0.19404490E+02
10662   0.40624670E+02
10663   0.82174000E+02
10664   0.10365208E+03
10665   0.88115610E+02
10666   0.73941410E+02
10667   0.74413020E+02
10668   0.66025580E+02
10669   0.57090570E+02
10670   0.51121990E+02
10671   0.44462240E+02
10672   0.36995260E+02
10673   0.30074000E+02
10674   0.24307310E+02
10675   0.19161520E+02
10676   0.14718060E+02
10677   0.11724060E+02
10678   0.95724400E+01
10679   0.77749600E+01
10680   0.64850300E+01
10681   0.53901200E+01
10682   0.45289400E+01
10683   0.41101800E+01
10684   0.38456000E+01
10685   0.25860440E+02
10686   0.53013680E+02
10687   0.35745680E+02
10688   0.33422400E+02
10689   0.41018480E+02
10690   0.48298820E+02
10691   0.79056190E+02
10692   0.77706030E+02
10693   0.63210450E+02
10694   0.46778740E+02
10695   0.36697450E+02
10696   0.29671590E+02
10697   0.24140260E+02
10698   0.20650130E+02
10699   0.17664590E+02
10700   0.14898790E+02
10701   0.12305140E+02
10702   0.10133370E+02
10703   0.83982000E+01
10704   0.79184700E+01
10705   0.71342000E+01
10706   0.87788600E+01
10707   0.38250910E+02
10708   0.84796830E+02
10709   0.10164818E+03
10710   0.32156536E+03
10711   0.20141922E+03
10712   0.12867650E+03
10713   0.87575880E+02
10714   0.62460720E+02
10715   0.46129620E+02
10716   0.34232660E+02
10717   0.25770250E+02
10718   0.20834370E+02
10719   0.17593250E+02
10720   0.14350290E+02
10721   0.11754710E+02
10722   0.10101600E+02
10723   0.93674600E+01
10724   0.20387500E+02
10725   0.36486110E+02
10726   0.29067900E+02
10727   0.19750370E+02
10728   0.14634170E+02
10729   0.11253350E+02
10730   0.83846100E+01
10731   0.69765700E+01
10732   0.99821800E+01
10733   0.18243510E+02
10734   0.19747900E+02
10735   0.20155020E+02
10736   0.19355320E+02
10737   0.19441370E+02
10738   0.33737260E+02
10739   0.10253020E+03
10740   0.11433887E+03
10741   0.87316180E+02
10742   0.61115060E+02
10743   0.44086820E+02
10744   0.34059750E+02
10745   0.31251720E+02
10746   0.34137560E+02
10747   0.45902900E+02
10748   0.88233570E+02
10749   0.76741220E+02
10750   0.59442410E+02
10751   0.50730070E+02
10752   0.53359400E+02
10753   0.57936200E+02
10754   0.57776840E+02
10755   0.47970770E+02
10756   0.61750210E+02
10757   0.54470590E+02
10758   0.34369220E+02
10759   0.26444760E+02
10760   0.22115000E+02
10761   0.19035140E+02
10762   0.16645440E+02
10763   0.14606970E+02
10764   0.12407170E+02
10765   0.10232880E+02
10766   0.84282100E+01
10767   0.69983400E+01
10768   0.59442800E+01
10769   0.12478050E+02
10770   0.16343540E+02
10771   0.19554950E+02
10772   0.47432076E+03
10773   0.96604155E+03
10774   0.58436039E+03
10775   0.34933006E+03
10776   0.34429094E+03
10777   0.10829794E+04
10778   0.16865809E+04
10779   0.11073315E+04
10780   0.65961010E+03
10781   0.36031013E+03
10782   0.21439604E+03
10783   0.14116333E+03
10784   0.99718010E+02
10785   0.73720550E+02
10786   0.57883750E+02
10787   0.43446260E+02
10788   0.32177430E+02
10789   0.24161620E+02
10790   0.19155360E+02
10791   0.16061600E+02
10792   0.13057230E+02
10793   0.10190170E+02
10794   0.79066100E+01
10795   0.63856500E+01
10796   0.51247200E+01
10797   0.41121600E+01
10798   0.31860500E+01
10799   0.24127900E+01
10800   0.19405900E+01
10801   0.26283000E+01
10802   0.10326400E+02
10803   0.15928570E+02
10804   0.27064820E+02
10805   0.18436155E+03
10806   0.16351621E+03
10807   0.11062184E+03
10808   0.76860750E+02
10809   0.55282900E+02
10810   0.40957760E+02
10811   0.33673000E+02
10812   0.12967328E+03
10813   0.21076764E+03
10814   0.13391016E+03
10815   0.76963820E+02
10816   0.48409260E+02
10817   0.45223040E+02
10818   0.37171340E+02
10819   0.36470500E+02
10820   0.40814230E+02
10821   0.37326600E+02
10822   0.31635990E+02
10823   0.40263540E+02
10824   0.10841137E+03
10825   0.13441310E+03
10826   0.11932066E+03
10827   0.27326890E+03
10828   0.31159551E+03
10829   0.21372861E+03
10830   0.19138729E+03
10831   0.15559960E+03
10832   0.11169901E+03
10833   0.79918550E+02
10834   0.58254600E+02
10835   0.43525700E+02
10836   0.33156920E+02
10837   0.25603840E+02
10838   0.20045230E+02
10839   0.15681040E+02
10840   0.25031160E+02
10841   0.57839020E+02
10842   0.24217447E+03
10843   0.37289801E+03
10844   0.25730922E+03
10845   0.16524234E+03
10846   0.11081180E+03
10847   0.81450060E+02
10848   0.61099110E+02
10849   0.80939830E+02
10850   0.74431730E+02
10851   0.48449130E+02
10852   0.34779690E+02
10853   0.25091590E+02
10854   0.18591700E+02
10855   0.14174810E+02
10856   0.10724130E+02
10857   0.82249800E+01
10858   0.67240500E+01
10859   0.78833700E+01
10860   0.67282100E+01
10861   0.47761700E+01
10862   0.36019300E+01
10863   0.29019400E+01
10864   0.25234500E+01
10865   0.21860400E+01
10866   0.19147200E+01
10867   0.16818400E+01
10868   0.14813500E+01
10869   0.13251100E+01
10870   0.11950500E+01
10871   0.44511100E+01
10872   0.14359770E+02
10873   0.34888444E+03
10874   0.60964867E+03
10875   0.39771954E+03
10876   0.22478911E+03
10877   0.13799802E+03
10878   0.91962050E+02
10879   0.64827540E+02
10880   0.46561580E+02
10881   0.34415130E+02
10882   0.26902290E+02
10883   0.21267230E+02
10884   0.17011260E+02
10885   0.21993250E+02
10886   0.15886290E+03
10887   0.32411527E+03
10888   0.26400436E+03
10889   0.21289884E+03
10890   0.15484726E+03
10891   0.11658067E+03
10892   0.86195530E+02
10893   0.63269260E+02
10894   0.46546710E+02
10895   0.35555280E+02
10896   0.28679240E+02
10897   0.23340580E+02
10898   0.19292120E+02
10899   0.17406960E+02
10900   0.17448440E+02
10901   0.16109990E+02
10902   0.13725050E+02
10903   0.11855470E+02
10904   0.10150520E+02
10905   0.84092600E+01
10906   0.68615100E+01
10907   0.57147900E+01
10908   0.47032800E+01
10909   0.39040000E+01
10910   0.32014300E+01
10911   0.25316200E+01
10912   0.19868700E+01
10913   0.16378000E+01
10914   0.14126700E+01
10915   0.12703900E+01
10916   0.11613400E+01
10917   0.10781200E+01
10918   0.93264200E+01
10919   0.20418870E+02
10920   0.23212770E+02
10921   0.16809350E+02
10922   0.16380750E+02
10923   0.15872790E+02
10924   0.18885210E+02
10925   0.39747150E+02
10926   0.38050060E+02
10927   0.30933090E+02
10928   0.24715280E+02
10929   0.20055930E+02
10930   0.16257790E+02
10931   0.13500890E+02
10932   0.10443090E+02
10933   0.75330900E+01
10934   0.60043000E+01
10935   0.50932300E+01
10936   0.58905600E+01
10937   0.55068600E+01
10938   0.46884000E+01
10939   0.40045900E+01
10940   0.32123200E+01
10941   0.46732100E+01
10942   0.52474000E+01
10943   0.37321200E+01
10944   0.27755200E+01
10945   0.22769900E+01
10946   0.20189300E+01
10947   0.18166400E+01
10948   0.16756300E+01
10949   0.15338000E+01
10950   0.14052200E+01
10951   0.13102300E+01
10952   0.12273100E+01
10953   0.11189300E+01
10954   0.10221400E+01
10955   0.11843400E+01
10956   0.11332900E+01
10957   0.10431100E+01
