    1   0.00000000E+00
    2   0.00000000E+00
    3   0.57000000E-03
    4   0.20000000E-03
    5   0.94070000E-01
    6   0.28585000E+00
    7   0.26878000E+00
    8   0.24765000E+00
    9   0.22683000E+00
   10   0.20524000E+00
   11   0.18282000E+00
   12   0.16025000E+00
   13   0.13902000E+00
   14   0.10695700E+01
   15   0.93437540E+02
   16   0.17748403E+03
   17   0.96991250E+02
   18   0.52165060E+02
   19   0.31156420E+02
   20   0.20174380E+02
   21   0.13455360E+02
   22   0.89753900E+01
   23   0.64214700E+01
   24   0.36274400E+01
   25   0.29437300E+01
   26   0.24092500E+01
   27   0.19754000E+01
   28   0.16432000E+01
   29   0.12952800E+01
   30   0.10775300E+01
   31   0.93377000E+00
   32   0.82873000E+00
   33   0.99378000E+00
   34   0.13309600E+01
   35   0.15666100E+01
   36   0.15641500E+01
   37   0.14188900E+01
   38   0.13179500E+01
   39   0.13392100E+01
   40   0.46696400E+01
   41   0.27348140E+02
   42   0.17459995E+03
   43   0.31781744E+03
   44   0.16777327E+03
   45   0.82653930E+02
   46   0.49480340E+02
   47   0.45459750E+02
   48   0.60135450E+02
   49   0.66628350E+02
   50   0.49674270E+02
   51   0.34029990E+02
   52   0.23151410E+02
   53   0.15906800E+02
   54   0.11009480E+02
   55   0.67675600E+01
   56   0.47722500E+01
   57   0.36504000E+01
   58   0.28836600E+01
   59   0.23097600E+01
   60   0.18873400E+01
   61   0.15439900E+01
   62   0.12170500E+01
   63   0.10162000E+01
   64   0.11715300E+01
   65   0.10806000E+01
   66   0.12404500E+01
   67   0.12740000E+01
   68   0.27096900E+01
   69   0.15181120E+02
   70   0.15196860E+02
   71   0.16247000E+02
   72   0.21146280E+02
   73   0.44718350E+02
   74   0.44559420E+02
   75   0.39444510E+02
   76   0.30351450E+02
   77   0.28890730E+02
   78   0.37067390E+02
   79   0.28825710E+02
   80   0.19061960E+02
   81   0.13120660E+02
   82   0.97638700E+01
   83   0.76255200E+01
   84   0.14579270E+02
   85   0.10209440E+02
   86   0.50665300E+01
   87   0.47026000E+01
   88   0.11940450E+02
   89   0.16557920E+02
   90   0.12959420E+02
   91   0.85815900E+01
   92   0.59996300E+01
   93   0.42368600E+01
   94   0.34329300E+01
   95   0.28963800E+01
   96   0.21122200E+01
   97   0.19085000E+01
   98   0.16983700E+01
   99   0.14381100E+01
  100   0.12358600E+01
  101   0.10586100E+01
  102   0.91483000E+00
  103   0.80039000E+00
  104   0.68901000E+00
  105   0.57608000E+00
  106   0.45721000E+00
  107   0.10680000E+01
  108   0.10622400E+01
  109   0.18294300E+01
  110   0.20631500E+01
  111   0.44653000E+01
  112   0.17909320E+02
  113   0.19314310E+02
  114   0.15904190E+02
  115   0.23061990E+02
  116   0.17706430E+02
  117   0.21722040E+02
  118   0.55578420E+02
  119   0.51257440E+02
  120   0.31401960E+02
  121   0.22251160E+02
  122   0.17182960E+02
  123   0.13171570E+02
  124   0.99219800E+01
  125   0.71010800E+01
  126   0.41027300E+01
  127   0.31492500E+01
  128   0.24274000E+01
  129   0.19001100E+01
  130   0.15071800E+01
  131   0.11750900E+01
  132   0.95977000E+00
  133   0.27583600E+01
  134   0.63121300E+02
  135   0.18854969E+03
  136   0.13706355E+03
  137   0.77932230E+02
  138   0.50220310E+02
  139   0.34601710E+02
  140   0.22398270E+02
  141   0.24833320E+02
  142   0.91770830E+02
  143   0.12929425E+03
  144   0.11135288E+03
  145   0.78793460E+02
  146   0.65185060E+02
  147   0.54473480E+02
  148   0.46746030E+02
  149   0.37950470E+02
  150   0.36914270E+02
  151   0.31669710E+02
  152   0.21826960E+02
  153   0.33861840E+02
  154   0.11636839E+03
  155   0.31964647E+03
  156   0.39318038E+03
  157   0.14913601E+03
  158   0.69664890E+02
  159   0.55264450E+02
  160   0.58467338E+03
  161   0.91943488E+03
  162   0.93000939E+03
  163   0.90383197E+03
  164   0.51355095E+03
  165   0.44946724E+03
  166   0.82061121E+03
  167   0.97084049E+03
  168   0.13064269E+04
  169   0.76101714E+03
  170   0.46811206E+03
  171   0.33915132E+03
  172   0.18211004E+03
  173   0.14566105E+03
  174   0.15405040E+03
  175   0.21453380E+03
  176   0.29340294E+03
  177   0.27111556E+03
  178   0.23773140E+03
  179   0.25791177E+03
  180   0.34826551E+03
  181   0.31445701E+03
  182   0.14301670E+03
  183   0.69521790E+02
  184   0.50255620E+02
  185   0.46541890E+02
  186   0.41423580E+02
  187   0.31080890E+02
  188   0.21235390E+02
  189   0.35407150E+02
  190   0.78952280E+02
  191   0.87432840E+02
  192   0.93456220E+02
  193   0.13537710E+03
  194   0.89635850E+02
  195   0.67659670E+02
  196   0.31707100E+02
  197   0.28196590E+02
  198   0.10104413E+03
  199   0.14249688E+03
  200   0.10394105E+03
  201   0.63936960E+02
  202   0.41895750E+02
  203   0.23952500E+02
  204   0.16572100E+02
  205   0.15148960E+02
  206   0.51728780E+02
  207   0.78400350E+02
  208   0.61898890E+02
  209   0.61524110E+02
  210   0.65805610E+02
  211   0.57105890E+02
  212   0.29850540E+02
  213   0.16498180E+02
  214   0.10697390E+02
  215   0.15172920E+02
  216   0.22595340E+02
  217   0.31744810E+02
  218   0.54420460E+02
  219   0.50469610E+02
  220   0.40314010E+02
  221   0.24176160E+02
  222   0.15506680E+02
  223   0.11604190E+02
  224   0.82016600E+01
  225   0.56013400E+01
  226   0.39335700E+01
  227   0.30071000E+01
  228   0.23841800E+01
  229   0.16541700E+01
  230   0.12531200E+01
  231   0.11143800E+01
  232   0.90726000E+00
  233   0.77386000E+00
  234   0.66092000E+00
  235   0.81005900E+01
  236   0.84461400E+01
  237   0.50025100E+01
  238   0.39980800E+01
  239   0.20187300E+01
  240   0.14898300E+01
  241   0.10732000E+01
  242   0.88682000E+00
  243   0.77290000E+00
  244   0.71269000E+00
  245   0.69672000E+00
  246   0.72031000E+00
  247   0.12532700E+01
  248   0.13791310E+02
  249   0.50291790E+02
  250   0.39162060E+02
  251   0.27928700E+02
  252   0.20192160E+02
  253   0.13999700E+02
  254   0.93472800E+01
  255   0.10208100E+02
  256   0.21756750E+02
  257   0.12662559E+03
  258   0.92350850E+02
  259   0.51140000E+02
  260   0.29531070E+02
  261   0.19342460E+02
  262   0.12793140E+02
  263   0.83260500E+01
  264   0.57784000E+01
  265   0.38888100E+01
  266   0.28797000E+01
  267   0.21922700E+01
  268   0.16960100E+01
  269   0.12826000E+01
  270   0.90107000E+00
  271   0.73867000E+00
  272   0.11975100E+01
  273   0.15781100E+01
  274   0.12049700E+01
  275   0.84531000E+00
  276   0.45652000E+00
  277   0.32046000E+00
  278   0.19424000E+00
  279   0.13258000E+00
  280   0.10121000E+00
  281   0.82290000E-01
  282   0.11323000E+00
  283   0.37146000E+00
  284   0.55943000E+00
  285   0.60859000E+00
  286   0.63964000E+00
  287   0.23246400E+01
  288   0.69510800E+01
  289   0.74395700E+01
  290   0.50785300E+01
  291   0.37835400E+01
  292   0.29172000E+01
  293   0.22457500E+01
  294   0.17832300E+01
  295   0.13827500E+01
  296   0.10865900E+01
  297   0.90143000E+00
  298   0.76975000E+00
  299   0.62929000E+00
  300   0.50990000E+00
  301   0.40460000E+00
  302   0.30281000E+00
  303   0.21992000E+00
  304   0.16549000E+00
  305   0.12884000E+00
  306   0.10318000E+00
  307   0.84610000E-01
  308   0.70800000E-01
  309   0.60230000E-01
  310   0.51980000E-01
  311   0.45390000E-01
  312   0.40040000E-01
  313   0.35630000E-01
  314   0.31950000E-01
  315   0.28840000E-01
  316   0.26190000E-01
  317   0.23900000E-01
  318   0.21910000E-01
  319   0.20180000E-01
  320   0.18650000E-01
  321   0.17290000E-01
  322   0.16090000E-01
  323   0.15010000E-01
  324   0.14040000E-01
  325   0.13160000E-01
  326   0.12370000E-01
  327   0.28890000E-01
  328   0.32828000E+00
  329   0.37984000E+00
  330   0.36253000E+00
  331   0.31702000E+00
  332   0.28227000E+00
  333   0.25490000E+00
  334   0.22854000E+00
  335   0.20152000E+00
  336   0.17457000E+00
  337   0.14964000E+00
  338   0.16917000E+00
  339   0.17864000E+00
  340   0.57584000E+00
  341   0.81296000E+00
  342   0.11410600E+01
  343   0.10352300E+01
  344   0.11259200E+01
  345   0.13716500E+01
  346   0.18056700E+01
  347   0.20900300E+01
  348   0.20849400E+01
  349   0.18953600E+01
  350   0.15846100E+01
  351   0.13144900E+01
  352   0.97215000E+00
  353   0.82527000E+00
  354   0.72039000E+00
  355   0.62132000E+00
  356   0.53898000E+00
  357   0.47343000E+00
  358   0.40664000E+00
  359   0.34559000E+00
  360   0.30771900E+01
  361   0.39700700E+01
  362   0.51070500E+01
  363   0.49178200E+01
  364   0.40128200E+01
  365   0.32309800E+01
  366   0.27978100E+01
  367   0.25620500E+01
  368   0.23577100E+01
  369   0.21137100E+01
  370   0.18507100E+01
  371   0.15123000E+01
  372   0.10796900E+01
  373   0.91172000E+00
  374   0.80228000E+00
  375   0.71779000E+00
  376   0.63263000E+00
  377   0.54848000E+00
  378   0.47453000E+00
  379   0.40330000E+00
  380   0.34177000E+00
  381   0.33187000E+00
  382   0.34019000E+00
  383   0.29961000E+00
  384   0.24272000E+00
  385   0.20125000E+00
  386   0.17227000E+00
  387   0.15261000E+00
  388   0.13678000E+00
  389   0.12195000E+00
  390   0.10800000E+00
  391   0.95330000E-01
  392   0.11956000E+00
  393   0.57950000E+00
  394   0.72257000E+00
  395   0.77363000E+00
  396   0.81681000E+00
  397   0.80987000E+00
  398   0.76993000E+00
  399   0.72140000E+00
  400   0.66256000E+00
  401   0.61763000E+00
  402   0.56689000E+00
  403   0.50444000E+00
  404   0.44002000E+00
  405   0.41812000E+00
  406   0.39784000E+00
  407   0.37466000E+00
  408   0.34696000E+00
  409   0.31286000E+00
  410   0.24663000E+00
  411   0.18871000E+00
  412   0.14652000E+00
  413   0.11635000E+00
  414   0.94550000E-01
  415   0.78450000E-01
  416   0.66270000E-01
  417   0.56840000E-01
  418   0.49380000E-01
  419   0.43370000E-01
  420   0.38450000E-01
  421   0.34360000E-01
  422   0.30930000E-01
  423   0.12196480E+02
  424   0.23676275E+03
  425   0.32463171E+03
  426   0.24775241E+03
  427   0.12461797E+03
  428   0.64144180E+02
  429   0.47370120E+02
  430   0.38413550E+02
  431   0.26419100E+02
  432   0.17541620E+02
  433   0.12429440E+02
  434   0.82966300E+01
  435   0.65529400E+01
  436   0.48510300E+01
  437   0.37148100E+01
  438   0.29064000E+01
  439   0.22977000E+01
  440   0.26988500E+01
  441   0.19740000E+01
  442   0.15677600E+01
  443   0.11818900E+01
  444   0.12271200E+01
  445   0.31686300E+01
  446   0.89758300E+01
  447   0.16426260E+02
  448   0.27356610E+02
  449   0.33690490E+02
  450   0.28148690E+02
  451   0.25424860E+02
  452   0.62025170E+02
  453   0.20833145E+03
  454   0.11893632E+03
  455   0.66561940E+02
  456   0.38455790E+02
  457   0.24185140E+02
  458   0.16429380E+02
  459   0.12520110E+02
  460   0.12953090E+02
  461   0.15689910E+02
  462   0.26031090E+02
  463   0.34713160E+02
  464   0.29097170E+02
  465   0.25438660E+02
  466   0.21838550E+02
  467   0.16410960E+02
  468   0.11431250E+02
  469   0.78711400E+01
  470   0.57286600E+01
  471   0.39921700E+01
  472   0.30346200E+01
  473   0.23693100E+01
  474   0.18882200E+01
  475   0.12806000E+01
  476   0.10269400E+01
  477   0.85995000E+00
  478   0.74156000E+00
  479   0.63572000E+00
  480   0.54479000E+00
  481   0.58344000E+00
  482   0.73588000E+00
  483   0.56379800E+01
  484   0.63401700E+01
  485   0.43107100E+01
  486   0.33996200E+01
  487   0.26278600E+01
  488   0.20645700E+01
  489   0.16729800E+01
  490   0.12842700E+01
  491   0.10383500E+01
  492   0.87270000E+00
  493   0.75149000E+00
  494   0.30020050E+02
  495   0.30508746E+03
  496   0.34376183E+03
  497   0.41183105E+03
  498   0.55107352E+03
  499   0.51978541E+03
  500   0.25214221E+03
  501   0.12010035E+03
  502   0.25193887E+03
  503   0.44585486E+03
  504   0.96140836E+03
  505   0.68831782E+03
  506   0.29077451E+03
  507   0.38386964E+03
  508   0.73334307E+03
  509   0.92353466E+03
  510   0.83667903E+03
  511   0.58986808E+03
  512   0.33229423E+03
  513   0.26772236E+03
  514   0.22046837E+03
  515   0.65364072E+03
  516   0.51690570E+03
  517   0.30677594E+03
  518   0.27501781E+03
  519   0.14039164E+03
  520   0.87132630E+02
  521   0.86520660E+02
  522   0.80385530E+02
  523   0.49525250E+02
  524   0.30332440E+02
  525   0.22694960E+02
  526   0.22550970E+02
  527   0.24256670E+02
  528   0.31893940E+02
  529   0.88115698E+03
  530   0.13312170E+04
  531   0.18958345E+04
  532   0.17504114E+04
  533   0.15061231E+04
  534   0.69422348E+03
  535   0.58729377E+03
  536   0.19374808E+04
  537   0.11221867E+04
  538   0.46832301E+03
  539   0.15191666E+03
  540   0.69364830E+02
  541   0.39380380E+02
  542   0.56110080E+02
  543   0.59455990E+02
  544   0.40554750E+02
  545   0.27048810E+02
  546   0.29507850E+02
  547   0.10137076E+03
  548   0.21693072E+03
  549   0.13198970E+03
  550   0.66190820E+02
  551   0.37426520E+02
  552   0.23161330E+02
  553   0.15524460E+02
  554   0.10293370E+02
  555   0.80238700E+01
  556   0.67256100E+01
  557   0.29153011E+03
  558   0.16638899E+04
  559   0.85884942E+03
  560   0.37498397E+03
  561   0.40967587E+03
  562   0.39418373E+03
  563   0.24813086E+03
  564   0.10789715E+03
  565   0.57799910E+02
  566   0.34446680E+02
  567   0.20873660E+02
  568   0.13791480E+02
  569   0.67296420E+02
  570   0.32015619E+03
  571   0.11434354E+04
  572   0.82396755E+03
  573   0.62301787E+03
  574   0.77447543E+03
  575   0.76692914E+03
  576   0.11844045E+04
  577   0.11271754E+04
  578   0.24266616E+04
  579   0.24281251E+04
  580   0.22849340E+04
  581   0.63377916E+03
  582   0.16882002E+03
  583   0.71662880E+02
  584   0.38911500E+02
  585   0.23570240E+02
  586   0.15079230E+02
  587   0.16190510E+02
  588   0.27609726E+03
  589   0.21264942E+03
  590   0.14055193E+03
  591   0.76278060E+02
  592   0.56730150E+02
  593   0.37421620E+02
  594   0.96549950E+02
  595   0.12972851E+03
  596   0.75665070E+02
  597   0.17147665E+03
  598   0.11024849E+03
  599   0.51283450E+02
  600   0.27347020E+02
  601   0.18029240E+02
  602   0.12497580E+02
  603   0.90605900E+01
  604   0.67522400E+01
  605   0.58480700E+01
  606   0.13250230E+02
  607   0.26797550E+02
  608   0.14693090E+02
  609   0.18426230E+02
  610   0.33118460E+02
  611   0.55772120E+02
  612   0.47809890E+02
  613   0.34829390E+02
  614   0.36429210E+02
  615   0.35671150E+02
  616   0.54091110E+02
  617   0.32014260E+02
  618   0.37393750E+02
  619   0.80467890E+02
  620   0.53334000E+02
  621   0.34375350E+02
  622   0.22964970E+02
  623   0.15364820E+02
  624   0.10064630E+02
  625   0.68748800E+01
  626   0.45275200E+01
  627   0.39156200E+01
  628   0.28424900E+01
  629   0.18195600E+01
  630   0.14096200E+01
  631   0.24983900E+01
  632   0.80654100E+01
  633   0.24286620E+02
  634   0.30697980E+02
  635   0.35782450E+02
  636   0.29552380E+02
  637   0.21912760E+02
  638   0.15288960E+02
  639   0.10135950E+02
  640   0.47578080E+02
  641   0.19643939E+03
  642   0.11896812E+03
  643   0.63807330E+02
  644   0.37104110E+02
  645   0.23124240E+02
  646   0.15050370E+02
  647   0.97470500E+01
  648   0.67069500E+01
  649   0.37525100E+01
  650   0.28962700E+01
  651   0.22303300E+01
  652   0.17614000E+01
  653   0.13545600E+01
  654   0.10712600E+01
  655   0.89247000E+00
  656   0.76280000E+00
  657   0.62840000E+00
  658   0.51186000E+00
  659   0.40636000E+00
  660   0.31002000E+00
  661   0.22948000E+00
  662   0.17321000E+00
  663   0.13464000E+00
  664   0.10752000E+00
  665   0.87940000E-01
  666   0.21648000E+00
  667   0.49606600E+01
  668   0.11065920E+02
  669   0.12779960E+02
  670   0.89071900E+01
  671   0.74724600E+01
  672   0.69421100E+01
  673   0.60155000E+01
  674   0.45154100E+01
  675   0.36192700E+01
  676   0.29812300E+01
  677   0.23884300E+01
  678   0.19457600E+01
  679   0.15553200E+01
  680   0.10576800E+01
  681   0.86159000E+00
  682   0.73542000E+00
  683   0.61840000E+00
  684   0.52476000E+00
  685   0.45117000E+00
  686   0.38559000E+00
  687   0.32801000E+00
  688   0.23267000E+00
  689   0.16608000E+00
  690   0.12712000E+00
  691   0.10147000E+00
  692   0.83340000E-01
  693   0.78600000E-01
  694   0.27444000E+00
  695   0.31135000E+00
  696   0.28051000E+00
  697   0.24882550E+02
  698   0.55074410E+02
  699   0.51949170E+02
  700   0.36410560E+02
  701   0.31269300E+02
  702   0.22831480E+02
  703   0.18311230E+02
  704   0.13129240E+02
  705   0.88595000E+01
  706   0.62700500E+01
  707   0.42916400E+01
  708   0.39876700E+01
  709   0.28999700E+01
  710   0.21948000E+01
  711   0.14971000E+01
  712   0.11208500E+01
  713   0.93095000E+00
  714   0.82226000E+00
  715   0.87022000E+00
  716   0.10307800E+01
  717   0.11418100E+01
  718   0.15727100E+01
  719   0.11831750E+02
  720   0.14611746E+03
  721   0.11524699E+03
  722   0.64589630E+02
  723   0.40658480E+02
  724   0.53759180E+02
  725   0.68305750E+02
  726   0.50943420E+02
  727   0.33019600E+02
  728   0.24600330E+02
  729   0.17994420E+02
  730   0.12617870E+02
  731   0.78389900E+01
  732   0.59841500E+01
  733   0.44041000E+01
  734   0.33907300E+01
  735   0.26901900E+01
  736   0.21507700E+01
  737   0.17665700E+01
  738   0.13970600E+01
  739   0.11728300E+01
  740   0.38170600E+01
  741   0.66828200E+01
  742   0.71861200E+01
  743   0.76573500E+01
  744   0.86874800E+01
  745   0.78728900E+01
  746   0.76298200E+01
  747   0.15810970E+02
  748   0.19305790E+02
  749   0.15739760E+02
  750   0.15457190E+02
  751   0.13701150E+02
  752   0.92181100E+01
  753   0.68827900E+01
  754   0.48912800E+01
  755   0.36848800E+01
  756   0.29024400E+01
  757   0.22972200E+01
  758   0.18607700E+01
  759   0.15185000E+01
  760   0.12135400E+01
  761   0.10324700E+01
  762   0.76774000E+00
  763   0.63744000E+00
  764   0.56460000E+00
  765   0.49346000E+00
  766   0.42678000E+00
  767   0.36280000E+00
  768   0.27938000E+00
  769   0.18778000E+00
  770   0.13816000E+00
  771   0.10809000E+00
  772   0.10498000E+00
  773   0.13403000E+00
  774   0.79384000E+00
  775   0.14356000E+01
  776   0.26454450E+02
  777   0.16504000E+03
  778   0.14656999E+03
  779   0.89965450E+02
  780   0.54299710E+02
  781   0.54978970E+02
  782   0.82945990E+02
  783   0.18101624E+03
  784   0.12508343E+03
  785   0.69320370E+02
  786   0.40677550E+02
  787   0.25973750E+02
  788   0.28878300E+02
  789   0.31726320E+02
  790   0.21901200E+02
  791   0.15348870E+02
  792   0.11818420E+02
  793   0.13108930E+02
  794   0.27112020E+02
  795   0.35876450E+02
  796   0.35953950E+02
  797   0.28214040E+02
  798   0.82616650E+02
  799   0.81642060E+02
  800   0.17931196E+03
  801   0.38579976E+03
  802   0.20043667E+03
  803   0.12462413E+03
  804   0.15728952E+03
  805   0.14344464E+03
  806   0.88826850E+02
  807   0.10035721E+03
  808   0.10897916E+03
  809   0.10859304E+03
  810   0.76171060E+02
  811   0.48931630E+02
  812   0.33826570E+02
  813   0.89636620E+02
  814   0.17373557E+03
  815   0.11751287E+03
  816   0.62327020E+02
  817   0.36315160E+02
  818   0.24598810E+02
  819   0.21781500E+02
  820   0.16686550E+02
  821   0.11507050E+02
  822   0.78911300E+01
  823   0.47754200E+01
  824   0.36917400E+01
  825   0.35587000E+01
  826   0.28899700E+01
  827   0.36555170E+02
  828   0.97783620E+02
  829   0.10092933E+03
  830   0.12105599E+03
  831   0.78647040E+02
  832   0.52207490E+02
  833   0.34262080E+02
  834   0.21040630E+02
  835   0.14106560E+02
  836   0.92988800E+01
  837   0.86961800E+01
  838   0.15727970E+02
  839   0.21545330E+02
  840   0.17722750E+02
  841   0.13025450E+02
  842   0.12967890E+02
  843   0.11110257E+03
  844   0.29285869E+03
  845   0.39277510E+03
  846   0.17847506E+03
  847   0.83586740E+02
  848   0.45017670E+02
  849   0.26849140E+02
  850   0.31754520E+02
  851   0.41737770E+02
  852   0.29987500E+02
  853   0.19356310E+02
  854   0.12944820E+02
  855   0.97547300E+01
  856   0.14456500E+02
  857   0.39417620E+02
  858   0.45368860E+02
  859   0.14804429E+03
  860   0.38574715E+03
  861   0.52758723E+03
  862   0.30248506E+03
  863   0.23656153E+03
  864   0.36984699E+03
  865   0.11135260E+04
  866   0.36350322E+03
  867   0.13785339E+03
  868   0.80273830E+02
  869   0.49615670E+02
  870   0.32400030E+02
  871   0.23621870E+02
  872   0.17151640E+02
  873   0.11822400E+02
  874   0.79660800E+01
  875   0.47142100E+01
  876   0.49864140E+02
  877   0.18358653E+03
  878   0.16484982E+03
  879   0.12703843E+03
  880   0.24932660E+03
  881   0.16771966E+03
  882   0.79877770E+02
  883   0.14731450E+03
  884   0.11793537E+04
  885   0.76976987E+03
  886   0.39849035E+03
  887   0.16623395E+03
  888   0.78502530E+02
  889   0.44374070E+02
  890   0.27342670E+02
  891   0.31957680E+03
  892   0.95589256E+03
  893   0.90279848E+03
  894   0.28413622E+03
  895   0.92032303E+03
  896   0.14499747E+04
  897   0.71389255E+03
  898   0.56266730E+03
  899   0.48915546E+03
  900   0.40928625E+03
  901   0.48236738E+03
  902   0.13535497E+04
  903   0.11537015E+04
  904   0.64764271E+03
  905   0.42756767E+03
  906   0.36825472E+03
  907   0.33508082E+03
  908   0.24776754E+03
  909   0.12363815E+03
  910   0.63169410E+02
  911   0.41048500E+02
  912   0.27250040E+02
  913   0.18357600E+02
  914   0.26155600E+02
  915   0.21948937E+03
  916   0.26851237E+03
  917   0.21008532E+03
  918   0.18621421E+03
  919   0.36146226E+03
  920   0.32518092E+03
  921   0.13822310E+03
  922   0.65575210E+02
  923   0.53647450E+02
  924   0.70672410E+02
  925   0.32092950E+02
  926   0.14407160E+02
  927   0.79372900E+01
  928   0.51555100E+01
  929   0.35566600E+01
  930   0.27076300E+01
  931   0.26066500E+01
  932   0.22639700E+01
  933   0.49817433E+03
  934   0.33076248E+03
  935   0.15633974E+03
  936   0.11324790E+03
  937   0.12018259E+03
  938   0.10699768E+03
  939   0.15003554E+03
  940   0.94566260E+02
  941   0.54180330E+02
  942   0.31107400E+02
  943   0.19361970E+02
  944   0.12545690E+02
  945   0.80663900E+01
  946   0.46787600E+01
  947   0.41172100E+01
  948   0.31878800E+01
  949   0.23436600E+01
  950   0.36280500E+01
  951   0.36555400E+01
  952   0.33443900E+01
  953   0.26688600E+01
  954   0.55531300E+01
  955   0.38299870E+02
  956   0.59464560E+02
  957   0.37200970E+02
  958   0.24714670E+02
  959   0.53970730E+02
  960   0.90572010E+02
  961   0.49053600E+02
  962   0.23459020E+02
  963   0.13808860E+02
  964   0.88276100E+01
  965   0.86950500E+01
  966   0.42770710E+02
  967   0.47765690E+02
  968   0.32481440E+02
  969   0.16844900E+02
  970   0.69282500E+01
  971   0.34068000E+01
  972   0.98304000E+01
  973   0.42963580E+02
  974   0.16181724E+03
  975   0.14288615E+03
  976   0.78039050E+02
  977   0.41812440E+02
  978   0.26451790E+02
  979   0.18482770E+02
  980   0.12260750E+02
  981   0.77286100E+01
  982   0.52617600E+01
  983   0.39725900E+01
  984   0.31192000E+01
  985   0.22444400E+01
  986   0.16783700E+01
  987   0.11168000E+01
  988   0.14888900E+01
  989   0.89519300E+01
  990   0.13979560E+02
  991   0.66082230E+02
  992   0.46430600E+02
  993   0.29131070E+02
  994   0.19578140E+02
  995   0.13257760E+02
  996   0.87799900E+01
  997   0.76834900E+01
  998   0.68138500E+01
  999   0.73091380E+02
 1000   0.51923669E+03
 1001   0.18775844E+03
 1002   0.87116820E+02
 1003   0.49268990E+02
 1004   0.33224450E+02
 1005   0.23090720E+02
 1006   0.16131350E+02
 1007   0.10604502E+03
 1008   0.22479333E+03
 1009   0.20026687E+03
 1010   0.10030518E+03
 1011   0.54480670E+02
 1012   0.33801610E+02
 1013   0.25040070E+02
 1014   0.19234230E+02
 1015   0.13834760E+02
 1016   0.94039800E+01
 1017   0.66807300E+01
 1018   0.37937200E+01
 1019   0.29360900E+01
 1020   0.22861800E+01
 1021   0.17951600E+01
 1022   0.13930300E+01
 1023   0.10964300E+01
 1024   0.91821000E+00
 1025   0.85578000E+00
 1026   0.87042000E+00
 1027   0.84641000E+00
 1028   0.70549000E+00
 1029   0.61000000E+00
 1030   0.53259000E+00
 1031   0.47260000E+00
 1032   0.41986000E+00
 1033   0.37784000E+00
 1034   0.34516000E+00
 1035   0.40864000E+00
 1036   0.21243000E+01
 1037   0.52770100E+01
 1038   0.55265100E+01
 1039   0.36521700E+01
 1040   0.30407000E+01
 1041   0.25741500E+01
 1042   0.22130400E+01
 1043   0.19121700E+01
 1044   0.16154700E+01
 1045   0.13097500E+01
 1046   0.11132700E+01
 1047   0.94119000E+00
 1048   0.81540000E+00
 1049   0.62812000E+00
 1050   0.50738000E+00
 1051   0.43884000E+00
 1052   0.37788000E+00
 1053   0.32247000E+00
 1054   0.10182500E+02
 1055   0.35125070E+02
 1056   0.37081490E+02
 1057   0.41883630E+02
 1058   0.30794300E+02
 1059   0.19867410E+02
 1060   0.13711010E+02
 1061   0.13432220E+02
 1062   0.18643840E+02
 1063   0.19074190E+02
 1064   0.14479750E+02
 1065   0.11021160E+02
 1066   0.93585500E+01
 1067   0.79989800E+01
 1068   0.63751900E+01
 1069   0.38456300E+01
 1070   0.30672900E+01
 1071   0.24498400E+01
 1072   0.19385400E+01
 1073   0.15501300E+01
 1074   0.11963200E+01
 1075   0.98089000E+00
 1076   0.84318000E+00
 1077   0.74978000E+00
 1078   0.62332000E+00
 1079   0.50877000E+00
 1080   0.40517000E+00
 1081   0.30601000E+00
 1082   0.22305000E+00
 1083   0.16745000E+00
 1084   0.12999000E+00
 1085   0.10381000E+00
 1086   0.93590000E-01
 1087   0.27624000E+00
 1088   0.32978000E+00
 1089   0.30985000E+00
 1090   0.27454000E+00
 1091   0.26016000E+00
 1092   0.26514000E+00
 1093   0.29588000E+00
 1094   0.31288000E+00
 1095   0.33467000E+00
 1096   0.35889000E+00
 1097   0.38050000E+00
 1098   0.41150000E+00
 1099   0.79528600E+01
 1100   0.42253450E+02
 1101   0.65897480E+02
 1102   0.74710390E+02
 1103   0.51290730E+02
 1104   0.32963510E+02
 1105   0.22578600E+02
 1106   0.15687370E+02
 1107   0.10961150E+02
 1108   0.76460800E+01
 1109   0.55687700E+01
 1110   0.32110800E+01
 1111   0.26024300E+01
 1112   0.21224900E+01
 1113   0.17603000E+01
 1114   0.13970300E+01
 1115   0.11763000E+01
 1116   0.10172800E+01
 1117   0.89260000E+00
 1118   0.79242000E+00
 1119   0.68609000E+00
 1120   0.57033000E+00
 1121   0.45584000E+00
 1122   0.36914000E+00
 1123   0.33251000E+00
 1124   0.30027000E+00
 1125   0.26410000E+00
 1126   0.22412000E+00
 1127   0.18319000E+00
 1128   0.22064000E+00
 1129   0.19217000E+00
 1130   0.24172000E+00
 1131   0.31201000E+00
 1132   0.46271000E+00
 1133   0.77228000E+00
 1134   0.13044900E+01
 1135   0.28372900E+01
 1136   0.67421900E+01
 1137   0.10529730E+02
 1138   0.21291510E+02
 1139   0.58924050E+02
 1140   0.10094144E+03
 1141   0.85897460E+02
 1142   0.61289630E+02
 1143   0.38557090E+02
 1144   0.26381250E+02
 1145   0.21982060E+02
 1146   0.18992040E+02
 1147   0.14470890E+02
 1148   0.11758530E+02
 1149   0.10864860E+02
 1150   0.11494260E+02
 1151   0.97399400E+01
 1152   0.88041700E+01
 1153   0.23551250E+02
 1154   0.38082880E+02
 1155   0.35659730E+02
 1156   0.26047470E+02
 1157   0.22806130E+02
 1158   0.18747310E+02
 1159   0.13468920E+02
 1160   0.93859700E+01
 1161   0.68791400E+01
 1162   0.39706500E+01
 1163   0.30989500E+01
 1164   0.24078800E+01
 1165   0.62887900E+01
 1166   0.19568800E+02
 1167   0.64748400E+02
 1168   0.12600501E+03
 1169   0.12963958E+03
 1170   0.85560080E+02
 1171   0.51900830E+02
 1172   0.31050450E+02
 1173   0.23460410E+02
 1174   0.19847660E+02
 1175   0.15103620E+02
 1176   0.86193900E+01
 1177   0.55937500E+01
 1178   0.27873360E+02
 1179   0.10456042E+03
 1180   0.12895640E+03
 1181   0.84414080E+02
 1182   0.50877270E+02
 1183   0.38519810E+02
 1184   0.91300310E+02
 1185   0.28271201E+03
 1186   0.29740732E+03
 1187   0.15323922E+03
 1188   0.76657990E+02
 1189   0.49619670E+02
 1190   0.63341880E+02
 1191   0.75984910E+02
 1192   0.13120067E+03
 1193   0.12225403E+03
 1194   0.73457740E+02
 1195   0.43623520E+02
 1196   0.27051180E+02
 1197   0.17772000E+02
 1198   0.11832480E+02
 1199   0.84061300E+01
 1200   0.61514100E+01
 1201   0.42611000E+01
 1202   0.31411500E+01
 1203   0.19809160E+02
 1204   0.63529460E+02
 1205   0.50800970E+02
 1206   0.58783070E+02
 1207   0.19308028E+03
 1208   0.14055668E+03
 1209   0.75234060E+02
 1210   0.26656826E+03
 1211   0.24526008E+03
 1212   0.11560949E+03
 1213   0.57109840E+02
 1214   0.33652930E+02
 1215   0.21179860E+02
 1216   0.21455820E+02
 1217   0.88848690E+02
 1218   0.13401248E+03
 1219   0.16619547E+03
 1220   0.22292618E+03
 1221   0.37044318E+03
 1222   0.23622401E+03
 1223   0.36939943E+03
 1224   0.42136039E+03
 1225   0.20832632E+03
 1226   0.15570675E+03
 1227   0.25393716E+03
 1228   0.25479079E+03
 1229   0.46093504E+03
 1230   0.18316313E+03
 1231   0.83693890E+02
 1232   0.51091000E+02
 1233   0.29976330E+02
 1234   0.18429870E+02
 1235   0.12014290E+02
 1236   0.78624000E+01
 1237   0.54347300E+01
 1238   0.40202800E+01
 1239   0.29813900E+01
 1240   0.22587700E+01
 1241   0.20133000E+01
 1242   0.18036950E+02
 1243   0.41374763E+03
 1244   0.36606314E+03
 1245   0.14255786E+03
 1246   0.66633850E+02
 1247   0.37163410E+02
 1248   0.22921040E+02
 1249   0.15040750E+02
 1250   0.56326770E+02
 1251   0.10165180E+03
 1252   0.18751931E+03
 1253   0.92674618E+03
 1254   0.33017941E+03
 1255   0.15390690E+03
 1256   0.89620390E+02
 1257   0.60210060E+02
 1258   0.30664250E+03
 1259   0.13812397E+04
 1260   0.91703914E+03
 1261   0.13967920E+04
 1262   0.17309941E+04
 1263   0.82270050E+03
 1264   0.11500441E+04
 1265   0.11452932E+04
 1266   0.39689908E+03
 1267   0.49921778E+03
 1268   0.16778772E+04
 1269   0.18780049E+04
 1270   0.33106220E+04
 1271   0.60690468E+03
 1272   0.18644806E+03
 1273   0.13859280E+03
 1274   0.84344810E+02
 1275   0.56993650E+02
 1276   0.14282155E+03
 1277   0.10587814E+04
 1278   0.10464408E+04
 1279   0.67330239E+03
 1280   0.44833172E+03
 1281   0.35578403E+03
 1282   0.50990634E+03
 1283   0.74179895E+03
 1284   0.30408992E+03
 1285   0.12268776E+03
 1286   0.57939150E+02
 1287   0.33028960E+02
 1288   0.20916080E+02
 1289   0.27410880E+02
 1290   0.12169182E+04
 1291   0.75646548E+03
 1292   0.37460661E+03
 1293   0.24025479E+03
 1294   0.10797128E+03
 1295   0.52527240E+02
 1296   0.31003710E+02
 1297   0.19716300E+02
 1298   0.13002140E+02
 1299   0.85877600E+01
 1300   0.38162220E+02
 1301   0.15921610E+03
 1302   0.50141547E+03
 1303   0.46090972E+03
 1304   0.22815480E+03
 1305   0.10027200E+03
 1306   0.55103910E+02
 1307   0.32916750E+02
 1308   0.20731440E+02
 1309   0.15951100E+02
 1310   0.27259780E+02
 1311   0.32876300E+02
 1312   0.74241610E+02
 1313   0.15234170E+03
 1314   0.49497747E+03
 1315   0.14207381E+04
 1316   0.10005893E+04
 1317   0.63470924E+03
 1318   0.35094289E+03
 1319   0.20831347E+03
 1320   0.19065281E+03
 1321   0.46881651E+03
 1322   0.12366743E+04
 1323   0.74580795E+03
 1324   0.25678964E+03
 1325   0.96879900E+02
 1326   0.65886460E+02
 1327   0.97153570E+02
 1328   0.91005350E+02
 1329   0.31685840E+02
 1330   0.14569650E+02
 1331   0.78973400E+01
 1332   0.49158800E+01
 1333   0.69851400E+01
 1334   0.47523760E+02
 1335   0.19621730E+02
 1336   0.62509800E+01
 1337   0.30084600E+01
 1338   0.20916200E+01
 1339   0.14968200E+01
 1340   0.11031200E+01
 1341   0.86909000E+00
 1342   0.72737000E+00
 1343   0.57690000E+00
 1344   0.10936400E+01
 1345   0.26339020E+02
 1346   0.24909091E+03
 1347   0.11497137E+03
 1348   0.63473630E+02
 1349   0.34635780E+02
 1350   0.21441550E+02
 1351   0.13929950E+02
 1352   0.89791300E+01
 1353   0.61883000E+01
 1354   0.41034900E+01
 1355   0.29861100E+01
 1356   0.19195000E+01
 1357   0.15316300E+01
 1358   0.13378400E+01
 1359   0.22579000E+01
 1360   0.28886900E+01
 1361   0.11687550E+02
 1362   0.55722260E+02
 1363   0.39607820E+02
 1364   0.25623950E+02
 1365   0.41247270E+02
 1366   0.19913836E+03
 1367   0.15490557E+03
 1368   0.17168426E+03
 1369   0.10631935E+03
 1370   0.70245320E+02
 1371   0.43711180E+02
 1372   0.27327840E+02
 1373   0.25422450E+02
 1374   0.25079650E+02
 1375   0.18156423E+03
 1376   0.17819316E+03
 1377   0.15895054E+03
 1378   0.12025826E+03
 1379   0.88993630E+02
 1380   0.59868750E+02
 1381   0.43188960E+02
 1382   0.45902860E+02
 1383   0.55075300E+02
 1384   0.36316110E+02
 1385   0.31963210E+02
 1386   0.35501920E+02
 1387   0.66316390E+02
 1388   0.69307230E+02
 1389   0.40497420E+02
 1390   0.24821150E+02
 1391   0.15991800E+02
 1392   0.10342420E+02
 1393   0.69369100E+01
 1394   0.64376300E+01
 1395   0.12258870E+02
 1396   0.30810470E+02
 1397   0.59902290E+02
 1398   0.47614180E+02
 1399   0.31095930E+02
 1400   0.21736040E+02
 1401   0.14476700E+02
 1402   0.10503970E+02
 1403   0.32468840E+02
 1404   0.36125360E+02
 1405   0.24220210E+02
 1406   0.16375650E+02
 1407   0.11103320E+02
 1408   0.68322400E+01
 1409   0.47259700E+01
 1410   0.35158600E+01
 1411   0.27007500E+01
 1412   0.24026100E+01
 1413   0.18415800E+01
 1414   0.14341400E+01
 1415   0.11167200E+01
 1416   0.92572000E+00
 1417   0.79612000E+00
 1418   0.59314000E+00
 1419   0.46026000E+00
 1420   0.38911000E+00
 1421   0.32918000E+00
 1422   0.23981000E+00
 1423   0.17407000E+00
 1424   0.13346000E+00
 1425   0.10612000E+00
 1426   0.86680000E-01
 1427   0.18317000E+00
 1428   0.29819000E+00
 1429   0.45602000E+00
 1430   0.58770000E+00
 1431   0.59538000E+00
 1432   0.57641000E+00
 1433   0.52972000E+00
 1434   0.48075000E+00
 1435   0.43224000E+00
 1436   0.38615000E+00
 1437   0.34706000E+00
 1438   0.30699000E+00
 1439   0.27242000E+00
 1440   0.23575000E+00
 1441   0.19448000E+00
 1442   0.15794000E+00
 1443   0.12912000E+00
 1444   0.10705000E+00
 1445   0.90110000E-01
 1446   0.76910000E-01
 1447   0.66450000E-01
 1448   0.58030000E-01
 1449   0.51150000E-01
 1450   0.45460000E-01
 1451   0.40680000E-01
 1452   0.36640000E-01
 1453   0.33190000E-01
 1454   0.30210000E-01
 1455   0.27630000E-01
 1456   0.25370000E-01
 1457   0.23380000E-01
 1458   0.71850000E-01
 1459   0.31798000E+00
 1460   0.31243000E+00
 1461   0.30407000E+00
 1462   0.29363000E+00
 1463   0.37845000E+00
 1464   0.37165000E+00
 1465   0.46978000E+00
 1466   0.58425000E+00
 1467   0.72768200E+01
 1468   0.80147800E+02
 1469   0.68140850E+02
 1470   0.46575270E+02
 1471   0.29168640E+02
 1472   0.18965650E+02
 1473   0.12489430E+02
 1474   0.82368300E+01
 1475   0.57679100E+01
 1476   0.39706100E+01
 1477   0.30287100E+01
 1478   0.23921000E+01
 1479   0.16291500E+01
 1480   0.12287300E+01
 1481   0.10093100E+01
 1482   0.86155000E+00
 1483   0.76286000E+00
 1484   0.65171000E+00
 1485   0.55329000E+00
 1486   0.13627700E+01
 1487   0.12412700E+01
 1488   0.10671400E+01
 1489   0.10042400E+01
 1490   0.80964000E+00
 1491   0.72356000E+00
 1492   0.63680000E+00
 1493   0.56084000E+00
 1494   0.49950000E+00
 1495   0.44756000E+00
 1496   0.39863000E+00
 1497   0.35932000E+00
 1498   0.32658000E+00
 1499   0.28441000E+00
 1500   0.23300000E+00
 1501   0.31619900E+01
 1502   0.26015540E+02
 1503   0.49479500E+02
 1504   0.33195000E+02
 1505   0.26580540E+02
 1506   0.20480400E+02
 1507   0.14406390E+02
 1508   0.98022100E+01
 1509   0.24050260E+02
 1510   0.35015180E+02
 1511   0.38916960E+02
 1512   0.43627090E+02
 1513   0.44577090E+02
 1514   0.97398840E+02
 1515   0.34271041E+03
 1516   0.38736372E+03
 1517   0.22525704E+03
 1518   0.18714378E+03
 1519   0.14606351E+03
 1520   0.84204800E+02
 1521   0.50952520E+02
 1522   0.31906310E+02
 1523   0.20826320E+02
 1524   0.13772760E+02
 1525   0.90103200E+01
 1526   0.63007400E+01
 1527   0.42660800E+01
 1528   0.32511900E+01
 1529   0.28613650E+02
 1530   0.50906800E+02
 1531   0.35810290E+02
 1532   0.32008150E+02
 1533   0.26224630E+02
 1534   0.18914190E+02
 1535   0.13235530E+02
 1536   0.90778200E+01
 1537   0.65471000E+01
 1538   0.18342580E+02
 1539   0.22346080E+02
 1540   0.17449510E+02
 1541   0.11673090E+02
 1542   0.91911200E+01
 1543   0.77086100E+01
 1544   0.63460500E+01
 1545   0.48564100E+01
 1546   0.39260600E+01
 1547   0.84251300E+01
 1548   0.13234140E+02
 1549   0.12443940E+02
 1550   0.24380890E+02
 1551   0.16687837E+03
 1552   0.31154016E+03
 1553   0.29381640E+03
 1554   0.28339532E+03
 1555   0.30413177E+03
 1556   0.53762387E+03
 1557   0.55430610E+03
 1558   0.29858734E+03
 1559   0.40522374E+03
 1560   0.20817547E+03
 1561   0.93830070E+02
 1562   0.76894690E+02
 1563   0.14052502E+03
 1564   0.17746704E+03
 1565   0.18624213E+03
 1566   0.19111844E+03
 1567   0.15366721E+03
 1568   0.15051603E+03
 1569   0.10495755E+03
 1570   0.57790510E+02
 1571   0.47576480E+02
 1572   0.15347328E+03
 1573   0.21551273E+03
 1574   0.11583189E+03
 1575   0.61332670E+02
 1576   0.37280380E+02
 1577   0.25339970E+02
 1578   0.16335360E+02
 1579   0.10615050E+02
 1580   0.71333800E+01
 1581   0.48954300E+01
 1582   0.11589920E+02
 1583   0.46519550E+02
 1584   0.51629010E+02
 1585   0.32727590E+02
 1586   0.25742470E+02
 1587   0.46551980E+02
 1588   0.27447335E+03
 1589   0.71224707E+03
 1590   0.47955957E+03
 1591   0.35236434E+03
 1592   0.27474997E+03
 1593   0.16867983E+03
 1594   0.42602013E+03
 1595   0.11074848E+04
 1596   0.92393931E+03
 1597   0.32170238E+03
 1598   0.12502465E+03
 1599   0.49245223E+03
 1600   0.59406790E+03
 1601   0.24512991E+03
 1602   0.97943790E+02
 1603   0.51021970E+02
 1604   0.29830870E+02
 1605   0.18872110E+02
 1606   0.36742080E+02
 1607   0.17038162E+03
 1608   0.26027568E+03
 1609   0.13349518E+03
 1610   0.67751710E+02
 1611   0.51535150E+02
 1612   0.21491728E+03
 1613   0.11492568E+03
 1614   0.66576850E+02
 1615   0.35861782E+03
 1616   0.64719810E+03
 1617   0.93048500E+03
 1618   0.11195903E+04
 1619   0.53667202E+03
 1620   0.19305691E+03
 1621   0.84178750E+02
 1622   0.51356450E+02
 1623   0.10437103E+03
 1624   0.22311899E+03
 1625   0.25220434E+03
 1626   0.30656347E+03
 1627   0.35139751E+03
 1628   0.49114778E+03
 1629   0.16091831E+04
 1630   0.17165086E+04
 1631   0.26362134E+04
 1632   0.15343430E+04
 1633   0.60344301E+03
 1634   0.24398512E+03
 1635   0.33856403E+03
 1636   0.56338869E+03
 1637   0.14837534E+04
 1638   0.20260673E+04
 1639   0.13038264E+04
 1640   0.79162240E+03
 1641   0.39439213E+03
 1642   0.23187966E+03
 1643   0.20469641E+03
 1644   0.20375603E+03
 1645   0.16847561E+03
 1646   0.11313962E+03
 1647   0.10007843E+03
 1648   0.82764300E+02
 1649   0.91002990E+02
 1650   0.64403350E+02
 1651   0.41193770E+02
 1652   0.21557130E+02
 1653   0.10383060E+02
 1654   0.11826130E+02
 1655   0.50422830E+02
 1656   0.11369729E+03
 1657   0.23604050E+03
 1658   0.37717677E+03
 1659   0.21758720E+03
 1660   0.11040752E+03
 1661   0.50175080E+02
 1662   0.29861680E+02
 1663   0.20457100E+02
 1664   0.34825110E+02
 1665   0.30171224E+03
 1666   0.70786529E+03
 1667   0.84020235E+03
 1668   0.78874521E+03
 1669   0.12308909E+04
 1670   0.15290115E+04
 1671   0.14361957E+04
 1672   0.19652562E+04
 1673   0.20845444E+04
 1674   0.14097835E+04
 1675   0.11554492E+04
 1676   0.77133463E+03
 1677   0.65804535E+03
 1678   0.60361424E+03
 1679   0.13020103E+04
 1680   0.19135883E+04
 1681   0.70478823E+03
 1682   0.20991835E+03
 1683   0.97149370E+02
 1684   0.78125760E+02
 1685   0.48234943E+03
 1686   0.83964651E+03
 1687   0.30882650E+03
 1688   0.12128949E+03
 1689   0.60287160E+02
 1690   0.34453860E+02
 1691   0.21638440E+02
 1692   0.14044640E+02
 1693   0.89190600E+01
 1694   0.60971700E+01
 1695   0.34798300E+01
 1696   0.37219000E+01
 1697   0.41865100E+01
 1698   0.33348100E+01
 1699   0.40574800E+01
 1700   0.19648060E+02
 1701   0.22314210E+02
 1702   0.34584120E+02
 1703   0.30488730E+02
 1704   0.21188590E+02
 1705   0.14656410E+02
 1706   0.10854000E+02
 1707   0.17652322E+03
 1708   0.20331377E+03
 1709   0.35246769E+03
 1710   0.58296511E+03
 1711   0.28168547E+03
 1712   0.12426716E+03
 1713   0.63319720E+02
 1714   0.40534880E+02
 1715   0.25784370E+02
 1716   0.18339390E+02
 1717   0.12478150E+02
 1718   0.82009200E+01
 1719   0.57709200E+01
 1720   0.39503100E+01
 1721   0.29890200E+01
 1722   0.23209600E+01
 1723   0.18554000E+01
 1724   0.31753900E+01
 1725   0.91810300E+01
 1726   0.62865600E+01
 1727   0.37250900E+01
 1728   0.31951400E+01
 1729   0.14150200E+02
 1730   0.33409580E+02
 1731   0.24027630E+02
 1732   0.16561380E+02
 1733   0.11400760E+02
 1734   0.78603200E+01
 1735   0.56447200E+01
 1736   0.32566800E+01
 1737   0.25700800E+01
 1738   0.20316400E+01
 1739   0.16543800E+01
 1740   0.13123900E+01
 1741   0.10532700E+01
 1742   0.91743000E+00
 1743   0.78753000E+00
 1744   0.64915000E+00
 1745   0.54289000E+00
 1746   0.13316010E+02
 1747   0.10012980E+02
 1748   0.14855670E+02
 1749   0.62625880E+02
 1750   0.45054590E+02
 1751   0.17974310E+03
 1752   0.23665945E+03
 1753   0.12168973E+03
 1754   0.18084314E+03
 1755   0.79192330E+02
 1756   0.64423570E+02
 1757   0.43534380E+02
 1758   0.27210560E+02
 1759   0.17665510E+02
 1760   0.11578650E+02
 1761   0.75881500E+01
 1762   0.50944200E+01
 1763   0.35831900E+01
 1764   0.26517300E+01
 1765   0.20381400E+01
 1766   0.14030800E+01
 1767   0.10642600E+01
 1768   0.87348000E+00
 1769   0.74600000E+00
 1770   0.62259000E+00
 1771   0.51905000E+00
 1772   0.43872000E+00
 1773   0.36750000E+00
 1774   0.28626000E+00
 1775   0.19546000E+00
 1776   0.14442000E+00
 1777   0.11284000E+00
 1778   0.91270000E-01
 1779   0.75670000E-01
 1780   0.63960000E-01
 1781   0.54910000E-01
 1782   0.47750000E-01
 1783   0.41980000E-01
 1784   0.37250000E-01
 1785   0.33320000E-01
 1786   0.30010000E-01
 1787   0.27200000E-01
 1788   0.24780000E-01
 1789   0.22690000E-01
 1790   0.20860000E-01
 1791   0.19260000E-01
 1792   0.17840000E-01
 1793   0.34516000E+00
 1794   0.64165000E+00
 1795   0.71856000E+00
 1796   0.79925000E+00
 1797   0.74896000E+00
 1798   0.77885000E+00
 1799   0.11424400E+01
 1800   0.69083900E+01
 1801   0.12761310E+02
 1802   0.27035540E+02
 1803   0.55036820E+02
 1804   0.41086990E+02
 1805   0.32531670E+02
 1806   0.23951180E+02
 1807   0.17125430E+02
 1808   0.54684740E+02
 1809   0.17428172E+03
 1810   0.15309619E+03
 1811   0.82873110E+02
 1812   0.46622800E+02
 1813   0.28349460E+02
 1814   0.18473140E+02
 1815   0.12542210E+02
 1816   0.84197200E+01
 1817   0.59705800E+01
 1818   0.33667300E+01
 1819   0.25996900E+01
 1820   0.20691700E+01
 1821   0.16787600E+01
 1822   0.14677700E+01
 1823   0.19599060E+02
 1824   0.44309680E+02
 1825   0.36105230E+02
 1826   0.27583330E+02
 1827   0.23231240E+02
 1828   0.18420750E+02
 1829   0.21230370E+02
 1830   0.24993220E+02
 1831   0.19852280E+02
 1832   0.19313040E+02
 1833   0.17217890E+02
 1834   0.12943230E+02
 1835   0.20030360E+02
 1836   0.23905980E+02
 1837   0.19847500E+02
 1838   0.12990390E+02
 1839   0.96039500E+01
 1840   0.83270500E+01
 1841   0.70979600E+01
 1842   0.57024000E+01
 1843   0.42800200E+01
 1844   0.33679200E+01
 1845   0.26941100E+01
 1846   0.21934200E+01
 1847   0.18221100E+01
 1848   0.12195000E+01
 1849   0.98162000E+00
 1850   0.84450000E+00
 1851   0.74810000E+00
 1852   0.64986000E+00
 1853   0.61815000E+00
 1854   0.51504000E+00
 1855   0.43855000E+00
 1856   0.36750000E+00
 1857   0.27883000E+00
 1858   0.18491000E+00
 1859   0.13549000E+00
 1860   0.10606000E+00
 1861   0.86250000E-01
 1862   0.71970000E-01
 1863   0.61220000E-01
 1864   0.52900000E-01
 1865   0.14559000E+00
 1866   0.23714000E+00
 1867   0.55516000E+00
 1868   0.70564000E+00
 1869   0.11858300E+01
 1870   0.91064000E+00
 1871   0.18506600E+01
 1872   0.64935000E+01
 1873   0.91086000E+01
 1874   0.94025700E+01
 1875   0.87937000E+01
 1876   0.74765700E+01
 1877   0.59128200E+01
 1878   0.43258400E+01
 1879   0.26984600E+01
 1880   0.77588300E+01
 1881   0.17213540E+02
 1882   0.21832730E+02
 1883   0.21466500E+02
 1884   0.59057150E+02
 1885   0.89605790E+02
 1886   0.67087830E+02
 1887   0.45784600E+02
 1888   0.29168930E+02
 1889   0.18395240E+02
 1890   0.12925120E+02
 1891   0.89256800E+01
 1892   0.64263200E+01
 1893   0.45116300E+01
 1894   0.35311600E+01
 1895   0.28840900E+01
 1896   0.24258600E+01
 1897   0.20561700E+01
 1898   0.17649100E+01
 1899   0.14277900E+01
 1900   0.10311700E+01
 1901   0.14874700E+01
 1902   0.16952900E+01
 1903   0.12446400E+01
 1904   0.92810000E+00
 1905   0.71456300E+01
 1906   0.40561088E+03
 1907   0.38469301E+03
 1908   0.20462010E+03
 1909   0.19045651E+03
 1910   0.11644333E+03
 1911   0.11258189E+03
 1912   0.67500750E+02
 1913   0.45024340E+02
 1914   0.30608750E+02
 1915   0.20652550E+02
 1916   0.13936070E+02
 1917   0.93341500E+01
 1918   0.17669760E+02
 1919   0.18845770E+02
 1920   0.16619740E+02
 1921   0.18952210E+02
 1922   0.17927290E+02
 1923   0.15424000E+02
 1924   0.13022230E+02
 1925   0.10317970E+02
 1926   0.78444600E+01
 1927   0.58211200E+01
 1928   0.40810100E+01
 1929   0.30766700E+01
 1930   0.20073300E+01
 1931   0.16760900E+01
 1932   0.12911900E+01
 1933   0.17085970E+02
 1934   0.86760900E+02
 1935   0.89189520E+02
 1936   0.77460790E+02
 1937   0.53882250E+02
 1938   0.31320590E+02
 1939   0.33844960E+02
 1940   0.44633930E+02
 1941   0.33202848E+03
 1942   0.38090025E+03
 1943   0.16002363E+03
 1944   0.77786340E+02
 1945   0.47270120E+02
 1946   0.31324060E+02
 1947   0.21886210E+02
 1948   0.13726870E+02
 1949   0.95616100E+01
 1950   0.67060100E+01
 1951   0.38238200E+01
 1952   0.29389500E+01
 1953   0.38889800E+01
 1954   0.53470980E+02
 1955   0.66552060E+02
 1956   0.38043860E+02
 1957   0.28661060E+02
 1958   0.20999070E+02
 1959   0.14514710E+02
 1960   0.11529170E+02
 1961   0.23204120E+02
 1962   0.40384120E+02
 1963   0.92483910E+02
 1964   0.13550525E+04
 1965   0.35018081E+03
 1966   0.15869830E+03
 1967   0.83736100E+02
 1968   0.59664190E+02
 1969   0.40822400E+02
 1970   0.28591560E+02
 1971   0.20039600E+02
 1972   0.14192670E+02
 1973   0.12881650E+02
 1974   0.11902630E+02
 1975   0.14753390E+02
 1976   0.22758080E+02
 1977   0.18190970E+02
 1978   0.13280330E+02
 1979   0.26435250E+02
 1980   0.60596180E+02
 1981   0.21413477E+03
 1982   0.10660707E+04
 1983   0.59116759E+03
 1984   0.36237981E+03
 1985   0.18626540E+03
 1986   0.97418770E+02
 1987   0.62789430E+02
 1988   0.63096190E+02
 1989   0.10347524E+03
 1990   0.45765571E+03
 1991   0.20179705E+04
 1992   0.24304642E+04
 1993   0.11059979E+04
 1994   0.29116240E+03
 1995   0.12727970E+03
 1996   0.19166982E+03
 1997   0.40850650E+03
 1998   0.28336277E+03
 1999   0.23215305E+03
 2000   0.20470650E+03
 2001   0.21061755E+03
 2002   0.29671952E+03
 2003   0.27007392E+03
 2004   0.22155984E+03
 2005   0.25019967E+03
 2006   0.28717876E+03
 2007   0.33612477E+03
 2008   0.47095788E+03
 2009   0.44874338E+03
 2010   0.28946550E+03
 2011   0.14728124E+03
 2012   0.76511800E+02
 2013   0.76440430E+02
 2014   0.70663980E+02
 2015   0.56095940E+02
 2016   0.50530720E+02
 2017   0.18578806E+03
 2018   0.49343036E+03
 2019   0.25060473E+03
 2020   0.10334665E+03
 2021   0.52836490E+02
 2022   0.30750180E+02
 2023   0.18537530E+02
 2024   0.12050700E+02
 2025   0.78529000E+01
 2026   0.52609100E+01
 2027   0.35818800E+01
 2028   0.26783400E+01
 2029   0.27601700E+01
 2030   0.24247100E+01
 2031   0.20788200E+01
 2032   0.14978400E+01
 2033   0.95529000E+00
 2034   0.74572000E+00
 2035   0.53000000E+00
 2036   0.44877000E+00
 2037   0.45278500E+01
 2038   0.66327900E+01
 2039   0.38432480E+02
 2040   0.12217587E+03
 2041   0.18582696E+03
 2042   0.22664535E+03
 2043   0.11087148E+03
 2044   0.58945120E+02
 2045   0.34339070E+02
 2046   0.21515580E+02
 2047   0.14161320E+02
 2048   0.12791123E+03
 2049   0.48885282E+03
 2050   0.88421032E+03
 2051   0.93011245E+03
 2052   0.70286273E+03
 2053   0.27042860E+03
 2054   0.11993491E+03
 2055   0.65723630E+02
 2056   0.36172070E+02
 2057   0.26466970E+02
 2058   0.17261000E+02
 2059   0.10939080E+02
 2060   0.74573200E+01
 2061   0.46035100E+01
 2062   0.37737900E+01
 2063   0.21928220E+02
 2064   0.21435181E+03
 2065   0.10624959E+04
 2066   0.69790511E+03
 2067   0.56864043E+03
 2068   0.36798558E+03
 2069   0.13982871E+03
 2070   0.67234380E+02
 2071   0.37216000E+02
 2072   0.23056090E+02
 2073   0.15125220E+02
 2074   0.92174300E+01
 2075   0.67054000E+01
 2076   0.45188400E+01
 2077   0.33011500E+01
 2078   0.25469400E+01
 2079   0.19875100E+01
 2080   0.16115700E+01
 2081   0.12172900E+01
 2082   0.97868000E+00
 2083   0.81305000E+00
 2084   0.60681000E+00
 2085   0.47945000E+00
 2086   0.40812000E+00
 2087   0.34717000E+00
 2088   0.27352000E+00
 2089   0.20132000E+00
 2090   0.15372000E+00
 2091   0.12114000E+00
 2092   0.98020000E-01
 2093   0.81090000E-01
 2094   0.68350000E-01
 2095   0.58570000E-01
 2096   0.51800000E-01
 2097   0.55970000E-01
 2098   0.10510000E+00
 2099   0.17357000E+00
 2100   0.19603000E+00
 2101   0.18586000E+00
 2102   0.16372000E+00
 2103   0.14029000E+00
 2104   0.11945000E+00
 2105   0.10202000E+00
 2106   0.87720000E-01
 2107   0.76020000E-01
 2108   0.66420000E-01
 2109   0.58470000E-01
 2110   0.51850000E-01
 2111   0.46280000E-01
 2112   0.41550000E-01
 2113   0.19360000E+00
 2114   0.11914000E+00
 2115   0.81570000E-01
 2116   0.59520000E-01
 2117   0.76299000E+00
 2118   0.14191230E+02
 2119   0.37557380E+02
 2120   0.32603590E+02
 2121   0.30073470E+02
 2122   0.23530040E+02
 2123   0.16275930E+02
 2124   0.10837210E+02
 2125   0.65092500E+01
 2126   0.42932200E+01
 2127   0.31254000E+01
 2128   0.23422300E+01
 2129   0.18286900E+01
 2130   0.14352300E+01
 2131   0.11163500E+01
 2132   0.92514000E+00
 2133   0.79103000E+00
 2134   0.65417000E+00
 2135   0.50771000E+00
 2136   0.64531000E+00
 2137   0.74623000E+00
 2138   0.12606300E+01
 2139   0.16414400E+01
 2140   0.15737000E+01
 2141   0.13573200E+01
 2142   0.11526900E+01
 2143   0.97429000E+00
 2144   0.82871000E+00
 2145   0.71229000E+00
 2146   0.55970000E+00
 2147   0.46781000E+00
 2148   0.42544000E+00
 2149   0.39274000E+00
 2150   0.36129000E+00
 2151   0.32941000E+00
 2152   0.28834000E+00
 2153   0.23120000E+00
 2154   0.18097000E+00
 2155   0.14271000E+00
 2156   0.11473000E+00
 2157   0.94170000E-01
 2158   0.78780000E-01
 2159   0.66990000E-01
 2160   0.57760000E-01
 2161   0.50400000E-01
 2162   0.44420000E-01
 2163   0.39490000E-01
 2164   0.35370000E-01
 2165   0.31890000E-01
 2166   0.28930000E-01
 2167   0.26370000E-01
 2168   0.24150000E-01
 2169   0.22220000E-01
 2170   0.20510000E-01
 2171   0.19000000E-01
 2172   0.17660000E-01
 2173   0.16450000E-01
 2174   0.15380000E-01
 2175   0.14400000E-01
 2176   0.13520000E-01
 2177   0.12720000E-01
 2178   0.12010000E-01
 2179   0.14803700E+01
 2180   0.22825400E+02
 2181   0.26794490E+02
 2182   0.21613430E+02
 2183   0.15951460E+02
 2184   0.12448710E+02
 2185   0.97937400E+01
 2186   0.76432800E+01
 2187   0.47679500E+01
 2188   0.37077500E+01
 2189   0.29215000E+01
 2190   0.23813200E+01
 2191   0.24519300E+01
 2192   0.19556370E+02
 2193   0.46569020E+02
 2194   0.49728150E+02
 2195   0.36801830E+02
 2196   0.24833840E+02
 2197   0.15888610E+02
 2198   0.11008300E+02
 2199   0.76693800E+01
 2200   0.54749400E+01
 2201   0.38033200E+01
 2202   0.29250400E+01
 2203   0.23076500E+01
 2204   0.18608200E+01
 2205   0.15117300E+01
 2206   0.12193100E+01
 2207   0.88460000E+00
 2208   0.75745000E+00
 2209   0.67414000E+00
 2210   0.62119000E+00
 2211   0.50797000E+00
 2212   0.42378000E+00
 2213   0.34855000E+00
 2214   0.30957000E+00
 2215   0.48434200E+01
 2216   0.12686880E+02
 2217   0.44399820E+02
 2218   0.68822870E+02
 2219   0.69168600E+02
 2220   0.47879410E+02
 2221   0.29856550E+02
 2222   0.19618600E+02
 2223   0.13137160E+02
 2224   0.88086900E+01
 2225   0.63185500E+01
 2226   0.49096100E+01
 2227   0.38554100E+01
 2228   0.23518900E+01
 2229   0.19370300E+01
 2230   0.15790300E+01
 2231   0.12267800E+01
 2232   0.10188400E+01
 2233   0.87512000E+00
 2234   0.77295000E+00
 2235   0.73172000E+00
 2236   0.82531000E+00
 2237   0.96037000E+00
 2238   0.84867000E+00
 2239   0.78491000E+00
 2240   0.77170000E+00
 2241   0.70299500E+01
 2242   0.21969950E+02
 2243   0.20403770E+02
 2244   0.20215630E+02
 2245   0.16937490E+02
 2246   0.12468500E+02
 2247   0.90013000E+01
 2248   0.79066600E+01
 2249   0.80256000E+01
 2250   0.88265400E+01
 2251   0.96062000E+01
 2252   0.87540700E+01
 2253   0.99478900E+01
 2254   0.21669380E+02
 2255   0.23717270E+02
 2256   0.40891540E+02
 2257   0.55530720E+02
 2258   0.39202630E+02
 2259   0.39810920E+02
 2260   0.30718250E+02
 2261   0.24469740E+02
 2262   0.45710600E+02
 2263   0.13262509E+03
 2264   0.20563842E+03
 2265   0.22706337E+03
 2266   0.18504574E+03
 2267   0.10779676E+03
 2268   0.11018253E+03
 2269   0.13468749E+03
 2270   0.31444361E+03
 2271   0.41937566E+03
 2272   0.42295882E+03
 2273   0.20968704E+03
 2274   0.94974120E+02
 2275   0.51187350E+02
 2276   0.30786730E+02
 2277   0.37000680E+02
 2278   0.40512670E+02
 2279   0.27242960E+02
 2280   0.18238230E+02
 2281   0.13519210E+02
 2282   0.93187930E+02
 2283   0.15986317E+03
 2284   0.11456358E+03
 2285   0.72685010E+02
 2286   0.45211820E+02
 2287   0.51710930E+02
 2288   0.40898900E+02
 2289   0.25115150E+02
 2290   0.18709990E+02
 2291   0.14412230E+02
 2292   0.10883580E+02
 2293   0.75573100E+01
 2294   0.51974400E+01
 2295   0.37185800E+01
 2296   0.28315400E+01
 2297   0.21899800E+01
 2298   0.17115000E+01
 2299   0.11658100E+01
 2300   0.13032000E+01
 2301   0.10085900E+01
 2302   0.66958290E+02
 2303   0.57344500E+03
 2304   0.40091458E+03
 2305   0.20224729E+03
 2306   0.21372452E+03
 2307   0.11907826E+03
 2308   0.12345240E+03
 2309   0.10331915E+03
 2310   0.87025440E+02
 2311   0.53275170E+02
 2312   0.33467070E+02
 2313   0.21921920E+02
 2314   0.14655270E+02
 2315   0.22241630E+02
 2316   0.35909960E+02
 2317   0.30819990E+02
 2318   0.20184620E+02
 2319   0.14320050E+02
 2320   0.10048900E+02
 2321   0.14285270E+02
 2322   0.14111216E+03
 2323   0.26423570E+03
 2324   0.19342778E+03
 2325   0.24024887E+03
 2326   0.79030167E+03
 2327   0.24173713E+03
 2328   0.94766730E+02
 2329   0.51498780E+02
 2330   0.32802290E+02
 2331   0.22496820E+02
 2332   0.15041360E+02
 2333   0.12557960E+02
 2334   0.39226417E+03
 2335   0.82922058E+03
 2336   0.10803360E+04
 2337   0.37411262E+03
 2338   0.13347263E+03
 2339   0.65291100E+02
 2340   0.32303370E+03
 2341   0.49590372E+03
 2342   0.19218317E+03
 2343   0.87864290E+02
 2344   0.97268580E+02
 2345   0.33435287E+03
 2346   0.19887530E+03
 2347   0.89047930E+02
 2348   0.48130150E+02
 2349   0.54968382E+03
 2350   0.11974399E+04
 2351   0.72407201E+03
 2352   0.48261421E+03
 2353   0.46630101E+03
 2354   0.43143519E+03
 2355   0.62377118E+03
 2356   0.45443319E+03
 2357   0.22908833E+03
 2358   0.17671261E+03
 2359   0.18061981E+03
 2360   0.16739051E+03
 2361   0.21115497E+03
 2362   0.30240842E+03
 2363   0.50338843E+03
 2364   0.41563318E+03
 2365   0.28201082E+03
 2366   0.24814287E+03
 2367   0.27667928E+03
 2368   0.35317891E+03
 2369   0.54844805E+03
 2370   0.55087315E+03
 2371   0.47705940E+03
 2372   0.43001158E+03
 2373   0.17861456E+03
 2374   0.29527581E+03
 2375   0.12348765E+04
 2376   0.68227038E+03
 2377   0.39957214E+03
 2378   0.29327764E+03
 2379   0.22849497E+03
 2380   0.24739967E+03
 2381   0.20155271E+03
 2382   0.97762220E+02
 2383   0.54403220E+02
 2384   0.31627360E+02
 2385   0.30088990E+02
 2386   0.26431258E+03
 2387   0.16894221E+03
 2388   0.62496060E+02
 2389   0.35929340E+02
 2390   0.32575890E+02
 2391   0.37932410E+02
 2392   0.16507110E+03
 2393   0.24511597E+03
 2394   0.11999265E+03
 2395   0.62668590E+02
 2396   0.37358790E+02
 2397   0.23762580E+02
 2398   0.16121580E+02
 2399   0.15105650E+02
 2400   0.87281900E+01
 2401   0.54479800E+01
 2402   0.33425000E+01
 2403   0.31583500E+01
 2404   0.13106260E+02
 2405   0.18731679E+04
 2406   0.99327765E+03
 2407   0.74195860E+03
 2408   0.50063346E+03
 2409   0.17959306E+03
 2410   0.80565760E+02
 2411   0.43939250E+02
 2412   0.25927270E+02
 2413   0.31359650E+02
 2414   0.16807410E+02
 2415   0.85129600E+01
 2416   0.51848100E+01
 2417   0.37545810E+02
 2418   0.13143845E+03
 2419   0.72190920E+02
 2420   0.48556390E+02
 2421   0.52370420E+02
 2422   0.63684980E+02
 2423   0.65645900E+02
 2424   0.56097770E+02
 2425   0.12915299E+03
 2426   0.21229355E+03
 2427   0.18544495E+03
 2428   0.93359400E+02
 2429   0.46435420E+02
 2430   0.27958320E+02
 2431   0.18330490E+02
 2432   0.12001140E+02
 2433   0.72182200E+01
 2434   0.49467400E+01
 2435   0.39709400E+01
 2436   0.29348300E+01
 2437   0.21777800E+01
 2438   0.17145400E+01
 2439   0.27927000E+01
 2440   0.18963600E+01
 2441   0.13705300E+01
 2442   0.14996200E+01
 2443   0.25878780E+02
 2444   0.48383140E+02
 2445   0.19865882E+03
 2446   0.29350057E+03
 2447   0.22358355E+03
 2448   0.10462367E+03
 2449   0.53423860E+02
 2450   0.33733430E+02
 2451   0.21228110E+02
 2452   0.13962860E+02
 2453   0.86014600E+01
 2454   0.63555900E+01
 2455   0.44744900E+01
 2456   0.33065900E+01
 2457   0.25217600E+01
 2458   0.19650800E+01
 2459   0.15661200E+01
 2460   0.11876400E+01
 2461   0.96618000E+00
 2462   0.80167000E+00
 2463   0.60040000E+00
 2464   0.47491000E+00
 2465   0.40329000E+00
 2466   0.34288000E+00
 2467   0.25929000E+00
 2468   0.18723000E+00
 2469   0.14275000E+00
 2470   0.11303000E+00
 2471   0.92280000E-01
 2472   0.77810000E-01
 2473   0.68430000E-01
 2474   0.63330000E-01
 2475   0.61220000E-01
 2476   0.60360000E-01
 2477   0.59790000E-01
 2478   0.60340000E-01
 2479   0.18270000E+00
 2480   0.38233000E+00
 2481   0.44133000E+00
 2482   0.43316000E+00
 2483   0.10349000E+01
 2484   0.34996300E+01
 2485   0.45306000E+01
 2486   0.39614800E+01
 2487   0.31416500E+01
 2488   0.26398300E+01
 2489   0.20748400E+01
 2490   0.16559700E+01
 2491   0.12519900E+01
 2492   0.99959000E+00
 2493   0.82871000E+00
 2494   0.62263000E+00
 2495   0.49596000E+00
 2496   0.43144000E+00
 2497   0.38049000E+00
 2498   0.33919000E+00
 2499   0.30267000E+00
 2500   0.25622000E+00
 2501   0.20838000E+00
 2502   0.16683000E+00
 2503   0.13457000E+00
 2504   0.11031000E+00
 2505   0.92000000E-01
 2506   0.77940000E-01
 2507   0.66950000E-01
 2508   0.58190000E-01
 2509   0.51100000E-01
 2510   0.45260000E-01
 2511   0.40400000E-01
 2512   0.36310000E-01
 2513   0.32830000E-01
 2514   0.29840000E-01
 2515   0.27250000E-01
 2516   0.24990000E-01
 2517   0.23010000E-01
 2518   0.20179140E+02
 2519   0.13133614E+03
 2520   0.11152839E+03
 2521   0.60975090E+02
 2522   0.36924330E+02
 2523   0.24515630E+02
 2524   0.17517820E+02
 2525   0.11827350E+02
 2526   0.86274000E+01
 2527   0.65418500E+01
 2528   0.45541200E+01
 2529   0.34365300E+01
 2530   0.26306300E+01
 2531   0.20574400E+01
 2532   0.16569600E+01
 2533   0.12741500E+01
 2534   0.10375900E+01
 2535   0.76948000E+00
 2536   0.62696000E+00
 2537   0.52933000E+00
 2538   0.45464000E+00
 2539   0.38755000E+00
 2540   0.38007000E+00
 2541   0.27922000E+00
 2542   0.21752000E+00
 2543   0.17061000E+00
 2544   0.13466000E+00
 2545   0.10961000E+00
 2546   0.91630000E-01
 2547   0.77990000E-01
 2548   0.67210000E-01
 2549   0.58510000E-01
 2550   0.58374000E+00
 2551   0.83362000E+00
 2552   0.61371000E+00
 2553   0.61107000E+00
 2554   0.62132000E+00
 2555   0.58288000E+00
 2556   0.48554000E+00
 2557   0.39608000E+00
 2558   0.35254000E+00
 2559   0.31709000E+00
 2560   0.28330000E+00
 2561   0.25572000E+00
 2562   0.22947000E+00
 2563   0.20882000E+00
 2564   0.17985000E+00
 2565   0.14986000E+00
 2566   0.12525000E+00
 2567   0.10583000E+00
 2568   0.90440000E-01
 2569   0.78340000E-01
 2570   0.69010000E-01
 2571   0.12121300E+01
 2572   0.95692000E+00
 2573   0.51054000E+00
 2574   0.24529000E+00
 2575   0.24104000E+00
 2576   0.18386000E+00
 2577   0.20378000E+00
 2578   0.20576000E+00
 2579   0.17766000E+00
 2580   0.15226000E+00
 2581   0.13034000E+00
 2582   0.11412000E+00
 2583   0.10366000E+00
 2584   0.95660000E-01
 2585   0.88460000E-01
 2586   0.61582000E+00
 2587   0.53319000E+00
 2588   0.90806000E+00
 2589   0.19911800E+01
 2590   0.28128800E+01
 2591   0.33028800E+01
 2592   0.49969300E+01
 2593   0.12409840E+02
 2594   0.20428050E+02
 2595   0.20263640E+02
 2596   0.19059220E+02
 2597   0.15314290E+02
 2598   0.11744410E+02
 2599   0.44076060E+02
 2600   0.17825741E+03
 2601   0.13207027E+03
 2602   0.84093380E+02
 2603   0.58454320E+02
 2604   0.48363210E+02
 2605   0.35336070E+02
 2606   0.26059490E+02
 2607   0.22186310E+02
 2608   0.26794030E+02
 2609   0.26852700E+02
 2610   0.19479260E+02
 2611   0.18332210E+02
 2612   0.44997580E+02
 2613   0.50766690E+02
 2614   0.42578080E+02
 2615   0.33794670E+02
 2616   0.22933300E+02
 2617   0.14411050E+02
 2618   0.16921210E+02
 2619   0.11682270E+02
 2620   0.64510400E+01
 2621   0.38810500E+01
 2622   0.34110000E+01
 2623   0.47067500E+01
 2624   0.80817100E+01
 2625   0.39602230E+02
 2626   0.78225830E+02
 2627   0.68707350E+02
 2628   0.56766640E+02
 2629   0.30591430E+02
 2630   0.18365110E+02
 2631   0.13246500E+02
 2632   0.27959640E+02
 2633   0.48166100E+02
 2634   0.39316190E+02
 2635   0.49220340E+02
 2636   0.74838040E+02
 2637   0.65510040E+02
 2638   0.50124010E+02
 2639   0.38455090E+02
 2640   0.25514400E+02
 2641   0.16901760E+02
 2642   0.11206540E+02
 2643   0.77332700E+01
 2644   0.56442300E+01
 2645   0.51976900E+01
 2646   0.41875100E+01
 2647   0.29379400E+01
 2648   0.20103800E+01
 2649   0.23705500E+01
 2650   0.21146400E+01
 2651   0.24363400E+01
 2652   0.25775300E+01
 2653   0.23670900E+01
 2654   0.33687300E+01
 2655   0.26283300E+01
 2656   0.19869200E+01
 2657   0.14687200E+01
 2658   0.94885000E+00
 2659   0.75208000E+00
 2660   0.57815000E+00
 2661   0.55167000E+00
 2662   0.41113800E+01
 2663   0.19605570E+02
 2664   0.21034180E+02
 2665   0.16822970E+02
 2666   0.19043580E+02
 2667   0.54769450E+02
 2668   0.12077666E+03
 2669   0.13242336E+03
 2670   0.86478470E+02
 2671   0.51958810E+02
 2672   0.14227089E+03
 2673   0.40400788E+03
 2674   0.14338116E+03
 2675   0.10533732E+03
 2676   0.15101195E+03
 2677   0.22671576E+03
 2678   0.23007107E+03
 2679   0.10835488E+03
 2680   0.59875140E+02
 2681   0.38649090E+02
 2682   0.32590960E+02
 2683   0.29342900E+02
 2684   0.21707330E+02
 2685   0.14839470E+02
 2686   0.10591150E+02
 2687   0.33413220E+02
 2688   0.20183784E+03
 2689   0.74121044E+03
 2690   0.14916209E+04
 2691   0.40730152E+03
 2692   0.13732273E+03
 2693   0.66020570E+02
 2694   0.37522040E+02
 2695   0.23313440E+02
 2696   0.15434790E+02
 2697   0.12430500E+02
 2698   0.17795260E+02
 2699   0.12916245E+03
 2700   0.35660598E+03
 2701   0.23746273E+03
 2702   0.18894042E+03
 2703   0.12718732E+03
 2704   0.17010431E+03
 2705   0.11708283E+03
 2706   0.77845170E+02
 2707   0.69305580E+02
 2708   0.46135469E+03
 2709   0.22195092E+03
 2710   0.13105765E+03
 2711   0.48970263E+03
 2712   0.55917742E+03
 2713   0.87479439E+03
 2714   0.32926347E+03
 2715   0.12030480E+03
 2716   0.10500865E+03
 2717   0.20289317E+03
 2718   0.84068126E+03
 2719   0.20481941E+04
 2720   0.90025999E+03
 2721   0.18288311E+04
 2722   0.30354336E+04
 2723   0.95524097E+03
 2724   0.56921309E+03
 2725   0.78561067E+03
 2726   0.27511443E+03
 2727   0.11221631E+03
 2728   0.71502203E+03
 2729   0.18394215E+04
 2730   0.13119453E+04
 2731   0.11934462E+04
 2732   0.62451257E+03
 2733   0.25869871E+03
 2734   0.11138073E+03
 2735   0.58785700E+02
 2736   0.34272170E+02
 2737   0.21491710E+02
 2738   0.33443690E+02
 2739   0.10922097E+03
 2740   0.73427880E+02
 2741   0.73909980E+02
 2742   0.60626550E+02
 2743   0.81029040E+02
 2744   0.86589920E+02
 2745   0.13533461E+03
 2746   0.17225361E+03
 2747   0.10931382E+03
 2748   0.53691260E+02
 2749   0.30646840E+02
 2750   0.18369160E+02
 2751   0.12227430E+02
 2752   0.84154100E+01
 2753   0.57500500E+01
 2754   0.37585400E+01
 2755   0.27238600E+01
 2756   0.20665000E+01
 2757   0.21207800E+01
 2758   0.11509700E+02
 2759   0.36142521E+03
 2760   0.18216283E+03
 2761   0.87969050E+02
 2762   0.64272340E+02
 2763   0.35717783E+03
 2764   0.71483546E+03
 2765   0.58099261E+03
 2766   0.20298382E+03
 2767   0.91235740E+02
 2768   0.52030290E+02
 2769   0.29729180E+02
 2770   0.23105376E+03
 2771   0.92207874E+03
 2772   0.10592570E+04
 2773   0.12145477E+04
 2774   0.15337457E+04
 2775   0.14134919E+04
 2776   0.13408563E+04
 2777   0.13535190E+04
 2778   0.16313471E+04
 2779   0.87891613E+03
 2780   0.30155524E+03
 2781   0.95082290E+02
 2782   0.51865690E+02
 2783   0.71804600E+02
 2784   0.23097365E+03
 2785   0.61429532E+03
 2786   0.26033320E+03
 2787   0.10649647E+03
 2788   0.54210740E+02
 2789   0.31506200E+02
 2790   0.20002180E+02
 2791   0.12631450E+02
 2792   0.84564000E+01
 2793   0.61231700E+01
 2794   0.42060100E+01
 2795   0.15187120E+02
 2796   0.99455340E+02
 2797   0.53115388E+03
 2798   0.42920800E+03
 2799   0.34316025E+03
 2800   0.16857841E+03
 2801   0.10072906E+03
 2802   0.84072190E+02
 2803   0.13674855E+03
 2804   0.88291610E+02
 2805   0.66773570E+02
 2806   0.42404390E+02
 2807   0.28600120E+02
 2808   0.72163100E+02
 2809   0.27109699E+03
 2810   0.15571054E+03
 2811   0.75996920E+02
 2812   0.41523860E+02
 2813   0.25864700E+02
 2814   0.16914730E+02
 2815   0.11493320E+02
 2816   0.88853200E+01
 2817   0.59833000E+01
 2818   0.81678700E+01
 2819   0.18913620E+02
 2820   0.19901303E+03
 2821   0.11834697E+03
 2822   0.59393940E+02
 2823   0.34867730E+02
 2824   0.22041970E+02
 2825   0.14344060E+02
 2826   0.92016600E+01
 2827   0.64528200E+01
 2828   0.46019500E+01
 2829   0.37654900E+01
 2830   0.31271700E+01
 2831   0.25572400E+01
 2832   0.18167900E+01
 2833   0.14925400E+01
 2834   0.12063500E+01
 2835   0.10229900E+01
 2836   0.87651000E+00
 2837   0.76252000E+00
 2838   0.64207000E+00
 2839   0.53290000E+00
 2840   0.44386000E+00
 2841   0.36505000E+00
 2842   0.27797000E+00
 2843   0.19543000E+00
 2844   0.14673000E+00
 2845   0.11520000E+00
 2846   0.93600000E-01
 2847   0.19736000E+00
 2848   0.14213700E+01
 2849   0.73525300E+01
 2850   0.34598580E+02
 2851   0.25738860E+02
 2852   0.17349410E+02
 2853   0.10898320E+02
 2854   0.74755500E+01
 2855   0.52128800E+01
 2856   0.42476100E+01
 2857   0.62790700E+01
 2858   0.85541100E+01
 2859   0.76538600E+01
 2860   0.58948100E+01
 2861   0.40968900E+01
 2862   0.30439500E+01
 2863   0.19775500E+01
 2864   0.15892700E+01
 2865   0.12080100E+01
 2866   0.97798000E+00
 2867   0.82582000E+00
 2868   0.71042000E+00
 2869   0.58135000E+00
 2870   0.47956000E+00
 2871   0.39981000E+00
 2872   0.33069000E+00
 2873   0.23020000E+00
 2874   0.16405000E+00
 2875   0.12547000E+00
 2876   0.10008000E+00
 2877   0.82120000E-01
 2878   0.68850000E-01
 2879   0.58710000E-01
 2880   0.50770000E-01
 2881   0.44420000E-01
 2882   0.39250000E-01
 2883   0.34980000E-01
 2884   0.13703000E+00
 2885   0.16781000E+00
 2886   0.40723000E+00
 2887   0.58549000E+00
 2888   0.60571000E+00
 2889   0.59846000E+00
 2890   0.55596000E+00
 2891   0.50733000E+00
 2892   0.46299000E+00
 2893   0.42091000E+00
 2894   0.37005000E+00
 2895   0.31815000E+00
 2896   0.30633000E+00
 2897   0.30186000E+00
 2898   0.28462000E+00
 2899   0.25253000E+00
 2900   0.21018000E+00
 2901   0.16990000E+00
 2902   0.13828000E+00
 2903   0.25138410E+02
 2904   0.72095980E+02
 2905   0.57466680E+02
 2906   0.45253280E+02
 2907   0.31201090E+02
 2908   0.20725920E+02
 2909   0.13805640E+02
 2910   0.90997200E+01
 2911   0.64215500E+01
 2912   0.43548500E+01
 2913   0.32414800E+01
 2914   0.20506600E+01
 2915   0.34635000E+01
 2916   0.73904900E+01
 2917   0.78856260E+02
 2918   0.32550154E+03
 2919   0.20254016E+03
 2920   0.10397382E+03
 2921   0.59357690E+02
 2922   0.35993500E+02
 2923   0.23399670E+02
 2924   0.15825160E+02
 2925   0.96160200E+01
 2926   0.69236000E+01
 2927   0.48082000E+01
 2928   0.35369400E+01
 2929   0.27075800E+01
 2930   0.22638600E+01
 2931   0.18184100E+01
 2932   0.15237100E+01
 2933   0.29755300E+01
 2934   0.26989700E+01
 2935   0.19522200E+01
 2936   0.17079400E+01
 2937   0.13547400E+01
 2938   0.11160200E+01
 2939   0.95132000E+00
 2940   0.82509000E+00
 2941   0.72450000E+00
 2942   0.59448000E+00
 2943   0.22094200E+01
 2944   0.11594410E+02
 2945   0.14500110E+02
 2946   0.15697150E+02
 2947   0.31592680E+02
 2948   0.25550530E+02
 2949   0.18879180E+02
 2950   0.13806760E+02
 2951   0.98326900E+01
 2952   0.71981500E+01
 2953   0.50848800E+01
 2954   0.38272900E+01
 2955   0.24589600E+01
 2956   0.48755200E+01
 2957   0.10690450E+02
 2958   0.13538840E+02
 2959   0.18683320E+02
 2960   0.22330570E+02
 2961   0.17054430E+02
 2962   0.11958380E+02
 2963   0.13170060E+02
 2964   0.37348200E+02
 2965   0.79557220E+02
 2966   0.99442330E+02
 2967   0.82959850E+02
 2968   0.91488340E+02
 2969   0.11080778E+03
 2970   0.10213475E+03
 2971   0.73953430E+02
 2972   0.10447006E+03
 2973   0.11568446E+03
 2974   0.12923026E+03
 2975   0.95863220E+02
 2976   0.55977640E+02
 2977   0.37877390E+02
 2978   0.25353590E+02
 2979   0.17173120E+02
 2980   0.11941340E+02
 2981   0.11753870E+02
 2982   0.10207580E+02
 2983   0.10006010E+02
 2984   0.15450450E+02
 2985   0.20888960E+02
 2986   0.17424350E+02
 2987   0.16637980E+02
 2988   0.15869920E+02
 2989   0.14395490E+02
 2990   0.13666550E+02
 2991   0.11007440E+02
 2992   0.14177400E+02
 2993   0.20999420E+02
 2994   0.22480910E+02
 2995   0.16639940E+02
 2996   0.11278440E+02
 2997   0.10223490E+02
 2998   0.11646220E+02
 2999   0.98911000E+01
 3000   0.75665200E+01
 3001   0.64655600E+01
 3002   0.51947000E+01
 3003   0.43096700E+01
 3004   0.35467700E+01
 3005   0.28744800E+01
 3006   0.23246600E+01
 3007   0.16342600E+01
 3008   0.12618900E+01
 3009   0.10385800E+01
 3010   0.88312000E+00
 3011   0.77206000E+00
 3012   0.29650600E+01
 3013   0.62678600E+01
 3014   0.48678800E+01
 3015   0.33017800E+01
 3016   0.23735700E+01
 3017   0.25388700E+01
 3018   0.19446200E+01
 3019   0.37452000E+01
 3020   0.66116190E+02
 3021   0.37484950E+03
 3022   0.36304357E+03
 3023   0.15193772E+03
 3024   0.73222620E+02
 3025   0.41591040E+02
 3026   0.25644590E+02
 3027   0.15793020E+02
 3028   0.10463270E+02
 3029   0.71841200E+01
 3030   0.47617600E+01
 3031   0.33948200E+01
 3032   0.25299700E+01
 3033   0.22467500E+01
 3034   0.30585900E+01
 3035   0.25849200E+01
 3036   0.50675600E+01
 3037   0.26860600E+01
 3038   0.17699900E+01
 3039   0.16970700E+01
 3040   0.53222900E+01
 3041   0.11840630E+02
 3042   0.19857790E+02
 3043   0.18265480E+02
 3044   0.33290710E+02
 3045   0.40629780E+02
 3046   0.28707860E+02
 3047   0.20498490E+02
 3048   0.14099340E+02
 3049   0.10119150E+02
 3050   0.74061600E+01
 3051   0.51330000E+01
 3052   0.48133700E+01
 3053   0.33534600E+01
 3054   0.26633500E+01
 3055   0.20033400E+01
 3056   0.18378000E+01
 3057   0.15810240E+02
 3058   0.78293340E+02
 3059   0.12797984E+03
 3060   0.11798572E+03
 3061   0.69664440E+02
 3062   0.54215670E+02
 3063   0.11965926E+03
 3064   0.94768131E+03
 3065   0.76130482E+03
 3066   0.71757055E+03
 3067   0.27251726E+03
 3068   0.18710775E+03
 3069   0.10941489E+03
 3070   0.65001590E+02
 3071   0.37350600E+02
 3072   0.22825200E+02
 3073   0.12369631E+03
 3074   0.27257779E+03
 3075   0.19383725E+03
 3076   0.16826224E+03
 3077   0.96282460E+02
 3078   0.48350000E+02
 3079   0.35315620E+02
 3080   0.24512490E+02
 3081   0.29900560E+02
 3082   0.77847730E+02
 3083   0.37516001E+03
 3084   0.63771159E+03
 3085   0.47094650E+03
 3086   0.43253059E+03
 3087   0.57731731E+03
 3088   0.30244907E+03
 3089   0.20546309E+03
 3090   0.75328284E+03
 3091   0.37075015E+03
 3092   0.12953782E+03
 3093   0.62798340E+02
 3094   0.36608100E+02
 3095   0.60512480E+02
 3096   0.63755684E+03
 3097   0.62310877E+03
 3098   0.88954104E+03
 3099   0.37194308E+03
 3100   0.10795534E+04
 3101   0.51127134E+03
 3102   0.26847108E+03
 3103   0.42576826E+03
 3104   0.93693403E+03
 3105   0.15958015E+04
 3106   0.75917874E+03
 3107   0.34113843E+03
 3108   0.20922647E+03
 3109   0.18455844E+03
 3110   0.15209981E+03
 3111   0.10044032E+03
 3112   0.87793540E+02
 3113   0.83192590E+02
 3114   0.58193150E+02
 3115   0.37694420E+02
 3116   0.25885580E+02
 3117   0.24335810E+02
 3118   0.21813500E+02
 3119   0.15385440E+02
 3120   0.12725830E+02
 3121   0.66585800E+01
 3122   0.35200400E+01
 3123   0.23496600E+01
 3124   0.17375300E+01
 3125   0.13299500E+01
 3126   0.10132300E+01
 3127   0.83795000E+00
 3128   0.15256700E+01
 3129   0.12333770E+02
 3130   0.53413180E+02
 3131   0.13695650E+03
 3132   0.16725840E+03
 3133   0.11070561E+03
 3134   0.83483310E+02
 3135   0.67482470E+02
 3136   0.47492220E+02
 3137   0.24056860E+02
 3138   0.14259360E+02
 3139   0.94913000E+01
 3140   0.13612850E+02
 3141   0.41980850E+02
 3142   0.42781480E+02
 3143   0.21003906E+03
 3144   0.16698995E+03
 3145   0.12016418E+03
 3146   0.64330030E+02
 3147   0.43928160E+02
 3148   0.30048510E+02
 3149   0.25263620E+02
 3150   0.31872250E+02
 3151   0.16737580E+02
 3152   0.13293230E+02
 3153   0.72998700E+01
 3154   0.41280000E+01
 3155   0.28781500E+01
 3156   0.22242200E+01
 3157   0.17641800E+01
 3158   0.13505600E+01
 3159   0.10341400E+01
 3160   0.75815000E+00
 3161   0.60877000E+00
 3162   0.50984000E+00
 3163   0.83683000E+00
 3164   0.67319000E+00
 3165   0.40638000E+00
 3166   0.29888000E+00
 3167   0.18866000E+00
 3168   0.13417000E+00
 3169   0.33088500E+01
 3170   0.55338900E+01
 3171   0.66036400E+01
 3172   0.24054870E+02
 3173   0.22140330E+02
 3174   0.15019300E+02
 3175   0.96997200E+01
 3176   0.66524200E+01
 3177   0.43635800E+01
 3178   0.31637900E+01
 3179   0.24821700E+01
 3180   0.18933200E+01
 3181   0.12739200E+01
 3182   0.10042900E+01
 3183   0.21602300E+01
 3184   0.23854106E+03
 3185   0.20806496E+03
 3186   0.15655133E+03
 3187   0.11520399E+03
 3188   0.65480550E+02
 3189   0.37383630E+02
 3190   0.23388360E+02
 3191   0.14495620E+02
 3192   0.95605200E+01
 3193   0.67452000E+01
 3194   0.11432030E+02
 3195   0.81686300E+01
 3196   0.43565200E+01
 3197   0.28871300E+01
 3198   0.21474200E+01
 3199   0.16892700E+01
 3200   0.12996600E+01
 3201   0.92341000E+00
 3202   0.76450000E+00
 3203   0.64176000E+00
 3204   0.55653000E+00
 3205   0.48585000E+00
 3206   0.41962000E+00
 3207   0.36143000E+00
 3208   0.29317000E+00
 3209   0.20528000E+00
 3210   0.15259000E+00
 3211   0.11915000E+00
 3212   0.96110000E-01
 3213   0.79440000E-01
 3214   0.66940000E-01
 3215   0.57320000E-01
 3216   0.49730000E-01
 3217   0.43640000E-01
 3218   0.38650000E-01
 3219   0.34520000E-01
 3220   0.31050000E-01
 3221   0.28110000E-01
 3222   0.25580000E-01
 3223   0.23400000E-01
 3224   0.21500000E-01
 3225   0.19830000E-01
 3226   0.18360000E-01
 3227   0.17050000E-01
 3228   0.15880000E-01
 3229   0.14830000E-01
 3230   0.13890000E-01
 3231   0.13040000E-01
 3232   0.11420500E+01
 3233   0.13167000E+01
 3234   0.91978000E+00
 3235   0.34481000E+00
 3236   0.15507000E+00
 3237   0.99570000E-01
 3238   0.52017000E+00
 3239   0.13084000E+01
 3240   0.27052400E+01
 3241   0.29002100E+01
 3242   0.21221100E+01
 3243   0.18303200E+01
 3244   0.14599300E+01
 3245   0.12518100E+01
 3246   0.13055100E+01
 3247   0.17998500E+01
 3248   0.21946600E+01
 3249   0.21717600E+01
 3250   0.19572800E+01
 3251   0.15774900E+01
 3252   0.12943900E+01
 3253   0.94837000E+00
 3254   0.78730000E+00
 3255   0.65642000E+00
 3256   0.55742000E+00
 3257   0.47813000E+00
 3258   0.40744000E+00
 3259   0.34482000E+00
 3260   0.25428000E+00
 3261   0.17745000E+00
 3262   0.13377000E+00
 3263   0.10573000E+00
 3264   0.86190000E-01
 3265   0.71880000E-01
 3266   0.61040000E-01
 3267   0.52590000E-01
 3268   0.48740000E-01
 3269   0.71297000E+00
 3270   0.35090000E+00
 3271   0.24460000E+00
 3272   0.17424000E+00
 3273   0.14071000E+00
 3274   0.14808000E+00
 3275   0.21161000E+00
 3276   0.30012000E+00
 3277   0.32671000E+00
 3278   0.35208000E+00
 3279   0.37950000E+00
 3280   0.40288000E+00
 3281   0.42030000E+00
 3282   0.43117000E+00
 3283   0.40415000E+00
 3284   0.36869000E+00
 3285   0.59689000E+00
 3286   0.56495000E+00
 3287   0.42547000E+00
 3288   0.36207000E+00
 3289   0.29883000E+00
 3290   0.22054000E+00
 3291   0.11549100E+01
 3292   0.16637300E+01
 3293   0.13253100E+01
 3294   0.93307000E+00
 3295   0.77832000E+00
 3296   0.67155000E+00
 3297   0.62815000E+00
 3298   0.60730000E+00
 3299   0.57066000E+00
 3300   0.52341000E+00
 3301   0.47904000E+00
 3302   0.43170000E+00
 3303   0.38457000E+00
 3304   0.33011000E+00
 3305   0.28713000E+00
 3306   0.22748300E+01
 3307   0.29953700E+01
 3308   0.42319900E+01
 3309   0.43891900E+01
 3310   0.44067600E+01
 3311   0.41081100E+01
 3312   0.38042100E+01
 3313   0.35001200E+01
 3314   0.24847100E+01
 3315   0.23533100E+01
 3316   0.22274100E+01
 3317   0.19963300E+01
 3318   0.17081600E+01
 3319   0.16330900E+01
 3320   0.13601500E+01
 3321   0.11448000E+01
 3322   0.10051000E+01
 3323   0.88999000E+00
 3324   0.68461000E+00
 3325   0.12708880E+02
 3326   0.34751140E+02
 3327   0.31453820E+02
 3328   0.21815820E+02
 3329   0.18127210E+02
 3330   0.14994280E+02
 3331   0.19581050E+02
 3332   0.22856640E+02
 3333   0.20793990E+02
 3334   0.19591270E+02
 3335   0.22973740E+02
 3336   0.25356000E+02
 3337   0.20764720E+02
 3338   0.15313630E+02
 3339   0.10907820E+02
 3340   0.76455500E+01
 3341   0.55457900E+01
 3342   0.39529200E+01
 3343   0.31293100E+01
 3344   0.80869100E+01
 3345   0.90108000E+01
 3346   0.92698000E+01
 3347   0.75831100E+01
 3348   0.56700800E+01
 3349   0.54537200E+01
 3350   0.41675830E+02
 3351   0.92680070E+02
 3352   0.88682350E+02
 3353   0.56249610E+02
 3354   0.34422910E+02
 3355   0.22100180E+02
 3356   0.22875760E+02
 3357   0.51048790E+02
 3358   0.79744510E+02
 3359   0.59820440E+02
 3360   0.50978610E+02
 3361   0.61839380E+02
 3362   0.45840920E+02
 3363   0.29410370E+02
 3364   0.29795950E+02
 3365   0.48169560E+02
 3366   0.44023270E+02
 3367   0.41414810E+02
 3368   0.30444220E+02
 3369   0.20441650E+02
 3370   0.50610240E+02
 3371   0.55958530E+02
 3372   0.15466075E+03
 3373   0.75062918E+03
 3374   0.31426156E+03
 3375   0.11743895E+03
 3376   0.57024700E+02
 3377   0.33487770E+02
 3378   0.21178150E+02
 3379   0.13738710E+02
 3380   0.88740400E+01
 3381   0.63055300E+01
 3382   0.42045400E+01
 3383   0.27149260E+02
 3384   0.42277100E+02
 3385   0.30799510E+02
 3386   0.20356680E+02
 3387   0.17398260E+02
 3388   0.13502500E+02
 3389   0.11214920E+02
 3390   0.38973780E+02
 3391   0.24714685E+03
 3392   0.38991225E+03
 3393   0.20808087E+03
 3394   0.93591190E+02
 3395   0.50173050E+02
 3396   0.28914690E+02
 3397   0.25155350E+02
 3398   0.47101760E+02
 3399   0.75970350E+02
 3400   0.60285940E+02
 3401   0.39631240E+02
 3402   0.55627010E+02
 3403   0.37592710E+02
 3404   0.30333490E+02
 3405   0.25137010E+02
 3406   0.49049580E+02
 3407   0.80014700E+02
 3408   0.61286540E+02
 3409   0.61949300E+02
 3410   0.75909090E+02
 3411   0.18773505E+03
 3412   0.13757094E+03
 3413   0.17561772E+03
 3414   0.51387533E+03
 3415   0.58365318E+03
 3416   0.59369329E+03
 3417   0.36902690E+03
 3418   0.40591779E+03
 3419   0.61965437E+03
 3420   0.39054069E+03
 3421   0.14422558E+03
 3422   0.67499430E+02
 3423   0.55882550E+02
 3424   0.44541056E+03
 3425   0.50914098E+03
 3426   0.26004263E+03
 3427   0.25097558E+03
 3428   0.36609589E+03
 3429   0.33155746E+03
 3430   0.18163709E+03
 3431   0.31258342E+03
 3432   0.23979387E+03
 3433   0.25139760E+03
 3434   0.49810438E+03
 3435   0.54437428E+03
 3436   0.45983414E+03
 3437   0.42356827E+03
 3438   0.22368052E+03
 3439   0.23643169E+03
 3440   0.17765290E+03
 3441   0.29628707E+03
 3442   0.83425405E+03
 3443   0.18468952E+04
 3444   0.86407834E+03
 3445   0.20647077E+03
 3446   0.84344060E+02
 3447   0.43819400E+02
 3448   0.26789100E+02
 3449   0.17453910E+02
 3450   0.42419621E+03
 3451   0.11406368E+04
 3452   0.14712665E+04
 3453   0.17909833E+04
 3454   0.53870189E+03
 3455   0.63374541E+03
 3456   0.45725870E+03
 3457   0.18723467E+04
 3458   0.15824790E+04
 3459   0.48169571E+03
 3460   0.15190885E+03
 3461   0.69444980E+02
 3462   0.42447140E+02
 3463   0.71492247E+03
 3464   0.66795089E+03
 3465   0.14856758E+04
 3466   0.20678295E+04
 3467   0.13610521E+04
 3468   0.56179287E+03
 3469   0.28877452E+03
 3470   0.14300869E+03
 3471   0.14499309E+03
 3472   0.11503704E+03
 3473   0.91788820E+02
 3474   0.19028687E+03
 3475   0.60731992E+03
 3476   0.56444261E+03
 3477   0.40249778E+03
 3478   0.35342785E+03
 3479   0.25758253E+03
 3480   0.18928762E+03
 3481   0.75794650E+02
 3482   0.40511850E+02
 3483   0.25894150E+02
 3484   0.17974620E+02
 3485   0.12418830E+02
 3486   0.83319200E+01
 3487   0.62000400E+01
 3488   0.72377900E+01
 3489   0.12930080E+02
 3490   0.10087260E+02
 3491   0.71383900E+01
 3492   0.21600060E+02
 3493   0.14362131E+03
 3494   0.70288398E+03
 3495   0.43308238E+03
 3496   0.25810471E+03
 3497   0.16490743E+03
 3498   0.19875778E+03
 3499   0.21636394E+03
 3500   0.81734791E+03
 3501   0.51677355E+03
 3502   0.30940585E+03
 3503   0.58950655E+03
 3504   0.14141701E+03
 3505   0.30973743E+03
 3506   0.12457572E+03
 3507   0.71147210E+02
 3508   0.43021280E+02
 3509   0.24042420E+02
 3510   0.15423120E+02
 3511   0.10050070E+02
 3512   0.69395500E+01
 3513   0.45986600E+01
 3514   0.14281160E+02
 3515   0.36626830E+02
 3516   0.37288570E+02
 3517   0.56813380E+02
 3518   0.11237666E+03
 3519   0.12378252E+03
 3520   0.80045980E+02
 3521   0.55432490E+02
 3522   0.13198331E+03
 3523   0.87770100E+02
 3524   0.26966060E+02
 3525   0.14917430E+02
 3526   0.31652430E+02
 3527   0.25566010E+02
 3528   0.11252860E+02
 3529   0.38835100E+01
 3530   0.24475400E+01
 3531   0.18121300E+01
 3532   0.14931400E+01
 3533   0.11014800E+01
 3534   0.87213000E+00
 3535   0.72277000E+00
 3536   0.55141000E+00
 3537   0.45473000E+00
 3538   0.37745000E+00
 3539   0.30007000E+00
 3540   0.21218000E+00
 3541   0.15869000E+00
 3542   0.13470000E+00
 3543   0.10868000E+00
 3544   0.10738000E+00
 3545   0.32713000E+00
 3546   0.11197000E+02
 3547   0.71028300E+01
 3548   0.30039500E+01
 3549   0.16421100E+01
 3550   0.92466000E+00
 3551   0.31523000E+00
 3552   0.14623000E+00
 3553   0.89310000E-01
 3554   0.62980000E-01
 3555   0.48520000E-01
 3556   0.39640000E-01
 3557   0.33680000E-01
 3558   0.29430000E-01
 3559   0.26210000E-01
 3560   0.23680000E-01
 3561   0.21620000E-01
 3562   0.19900000E-01
 3563   0.18440000E-01
 3564   0.17180000E-01
 3565   0.16080000E-01
 3566   0.15130000E-01
 3567   0.14280000E-01
 3568   0.13530000E-01
 3569   0.12860000E-01
 3570   0.12270000E-01
 3571   0.11730000E-01
 3572   0.11240000E-01
 3573   0.10790000E-01
 3574   0.10370000E-01
 3575   0.99900000E-02
 3576   0.96300000E-02
 3577   0.93000000E-02
 3578   0.89800000E-02
 3579   0.86800000E-02
 3580   0.83900000E-02
 3581   0.81100000E-02
 3582   0.78400000E-02
 3583   0.75900000E-02
 3584   0.73400000E-02
 3585   0.71100000E-02
 3586   0.68800000E-02
 3587   0.44979500E+01
 3588   0.39156910E+02
 3589   0.11005070E+03
 3590   0.64085330E+02
 3591   0.37223350E+02
 3592   0.26706150E+02
 3593   0.19234830E+02
 3594   0.13185970E+02
 3595   0.87432200E+01
 3596   0.92516800E+01
 3597   0.14356470E+02
 3598   0.29699670E+02
 3599   0.33854920E+02
 3600   0.26746510E+02
 3601   0.19429290E+02
 3602   0.20923880E+02
 3603   0.23889300E+02
 3604   0.18986220E+02
 3605   0.13190550E+02
 3606   0.87586100E+01
 3607   0.60993400E+01
 3608   0.40764600E+01
 3609   0.30327500E+01
 3610   0.22631100E+01
 3611   0.15536000E+01
 3612   0.11586200E+01
 3613   0.94419000E+00
 3614   0.80295000E+00
 3615   0.68096000E+00
 3616   0.57592000E+00
 3617   0.24510500E+01
 3618   0.12379260E+02
 3619   0.24983740E+02
 3620   0.20423430E+02
 3621   0.16758290E+02
 3622   0.14321850E+02
 3623   0.11475980E+02
 3624   0.82932600E+01
 3625   0.60281400E+01
 3626   0.41346300E+01
 3627   0.31361900E+01
 3628   0.24398900E+01
 3629   0.19431100E+01
 3630   0.15603400E+01
 3631   0.11912200E+01
 3632   0.86473000E+00
 3633   0.72998000E+00
 3634   0.25569390E+02
 3635   0.85527800E+02
 3636   0.87104840E+02
 3637   0.58756520E+02
 3638   0.36753280E+02
 3639   0.23667300E+02
 3640   0.15723410E+02
 3641   0.10369580E+02
 3642   0.63549500E+01
 3643   0.43109800E+01
 3644   0.32460100E+01
 3645   0.51180500E+01
 3646   0.75087600E+01
 3647   0.11787680E+02
 3648   0.10290000E+02
 3649   0.76492400E+01
 3650   0.58217500E+01
 3651   0.49260300E+01
 3652   0.35775300E+01
 3653   0.32578300E+01
 3654   0.28104800E+01
 3655   0.23680500E+01
 3656   0.20044200E+01
 3657   0.17017600E+01
 3658   0.13403000E+01
 3659   0.11121500E+01
 3660   0.94806000E+00
 3661   0.82326000E+00
 3662   0.73033000E+00
 3663   0.55163000E+00
 3664   0.43578000E+00
 3665   0.37281000E+00
 3666   0.30856000E+00
 3667   0.21547000E+00
 3668   0.15779000E+00
 3669   0.12207000E+00
 3670   0.97830000E-01
 3671   0.80460000E-01
 3672   0.67540000E-01
 3673   0.57880000E-01
 3674   0.51230000E-01
 3675   0.46620000E-01
 3676   0.42870000E-01
 3677   0.40430000E-01
 3678   0.37350000E-01
 3679   0.34410000E-01
 3680   0.31620000E-01
 3681   0.29020000E-01
 3682   0.26640000E-01
 3683   0.24520000E-01
 3684   0.22630000E-01
 3685   0.20960000E-01
 3686   0.19460000E-01
 3687   0.18120000E-01
 3688   0.15652440E+02
 3689   0.15603959E+03
 3690   0.13976095E+03
 3691   0.74338610E+02
 3692   0.43694980E+02
 3693   0.33595240E+02
 3694   0.27898360E+02
 3695   0.20562830E+02
 3696   0.15356960E+02
 3697   0.12697930E+02
 3698   0.99956300E+01
 3699   0.75386900E+01
 3700   0.56933900E+01
 3701   0.41126100E+01
 3702   0.32232000E+01
 3703   0.30569300E+01
 3704   0.14544140E+02
 3705   0.43493530E+02
 3706   0.48674440E+02
 3707   0.80911780E+02
 3708   0.14003802E+03
 3709   0.92248670E+02
 3710   0.54170880E+02
 3711   0.44273920E+02
 3712   0.40063400E+02
 3713   0.28588770E+02
 3714   0.20908700E+02
 3715   0.18317790E+02
 3716   0.15794100E+02
 3717   0.11940490E+02
 3718   0.84919600E+01
 3719   0.11544390E+02
 3720   0.55624020E+02
 3721   0.11034479E+03
 3722   0.82855660E+02
 3723   0.49499760E+02
 3724   0.29934110E+02
 3725   0.30544160E+02
 3726   0.71638940E+02
 3727   0.10089781E+03
 3728   0.96210370E+02
 3729   0.35446951E+03
 3730   0.26291472E+03
 3731   0.11146180E+03
 3732   0.80334880E+02
 3733   0.20531198E+03
 3734   0.18406690E+03
 3735   0.12692252E+03
 3736   0.11510136E+03
 3737   0.15790815E+03
 3738   0.25331905E+03
 3739   0.20346904E+03
 3740   0.13695546E+03
 3741   0.99775900E+02
 3742   0.66440640E+02
 3743   0.78278740E+02
 3744   0.68418700E+02
 3745   0.38142490E+02
 3746   0.60208220E+02
 3747   0.37292271E+03
 3748   0.19572704E+03
 3749   0.10534831E+03
 3750   0.71817030E+02
 3751   0.40176170E+02
 3752   0.25290230E+02
 3753   0.17214480E+02
 3754   0.11722150E+02
 3755   0.71980500E+01
 3756   0.49478400E+01
 3757   0.59244700E+01
 3758   0.91770200E+01
 3759   0.90934830E+02
 3760   0.96426890E+02
 3761   0.68145460E+02
 3762   0.56927320E+02
 3763   0.34326250E+02
 3764   0.21857820E+02
 3765   0.83894460E+02
 3766   0.35940286E+03
 3767   0.18993141E+03
 3768   0.84458880E+02
 3769   0.45533140E+02
 3770   0.27240550E+02
 3771   0.17566650E+02
 3772   0.11821210E+02
 3773   0.14006780E+02
 3774   0.10859879E+03
 3775   0.22384207E+03
 3776   0.31792816E+03
 3777   0.37788914E+03
 3778   0.30617887E+03
 3779   0.23712365E+03
 3780   0.44527930E+03
 3781   0.28529463E+03
 3782   0.32204683E+03
 3783   0.15242979E+03
 3784   0.73479310E+02
 3785   0.41023450E+02
 3786   0.24077250E+02
 3787   0.17657940E+02
 3788   0.18687400E+02
 3789   0.80028390E+02
 3790   0.26225452E+03
 3791   0.15902698E+03
 3792   0.75586910E+02
 3793   0.46916630E+02
 3794   0.49599470E+02
 3795   0.42036450E+02
 3796   0.26115730E+02
 3797   0.18815920E+02
 3798   0.13707490E+02
 3799   0.96760000E+01
 3800   0.70004600E+01
 3801   0.16098780E+02
 3802   0.20221240E+02
 3803   0.12074014E+03
 3804   0.35002258E+03
 3805   0.41066790E+03
 3806   0.13321552E+03
 3807   0.25742242E+03
 3808   0.78393810E+02
 3809   0.39656540E+02
 3810   0.38939380E+02
 3811   0.22150187E+03
 3812   0.77942949E+03
 3813   0.12314024E+04
 3814   0.52512520E+03
 3815   0.82737644E+03
 3816   0.58522296E+03
 3817   0.36656261E+03
 3818   0.14647610E+03
 3819   0.96061740E+02
 3820   0.57506920E+02
 3821   0.37420560E+02
 3822   0.87833020E+02
 3823   0.10443869E+03
 3824   0.56257050E+02
 3825   0.35008960E+02
 3826   0.22404190E+02
 3827   0.14035350E+02
 3828   0.92945900E+01
 3829   0.66250700E+01
 3830   0.44761300E+01
 3831   0.33610000E+01
 3832   0.25798000E+01
 3833   0.20101200E+01
 3834   0.16005300E+01
 3835   0.12017100E+01
 3836   0.95841000E+00
 3837   0.70953000E+00
 3838   0.58819000E+00
 3839   0.46685430E+03
 3840   0.51933393E+03
 3841   0.31605822E+03
 3842   0.17989773E+03
 3843   0.13529157E+03
 3844   0.10388730E+03
 3845   0.59755810E+02
 3846   0.33664370E+02
 3847   0.19017720E+02
 3848   0.12563230E+02
 3849   0.83789100E+01
 3850   0.59304900E+01
 3851   0.40223300E+01
 3852   0.29887400E+01
 3853   0.46056500E+01
 3854   0.14881930E+02
 3855   0.18756640E+02
 3856   0.14881010E+02
 3857   0.71294780E+02
 3858   0.78555250E+02
 3859   0.28714320E+02
 3860   0.14338900E+02
 3861   0.90688300E+01
 3862   0.70547400E+01
 3863   0.15371721E+03
 3864   0.22809483E+04
 3865   0.75145761E+03
 3866   0.29014055E+03
 3867   0.13074539E+03
 3868   0.69817980E+02
 3869   0.43526750E+02
 3870   0.29307920E+02
 3871   0.18545010E+02
 3872   0.12066750E+02
 3873   0.82790600E+01
 3874   0.58348700E+01
 3875   0.10561530E+02
 3876   0.11627470E+02
 3877   0.93504400E+02
 3878   0.16576775E+03
 3879   0.16179073E+03
 3880   0.11540872E+03
 3881   0.68239820E+02
 3882   0.68447080E+02
 3883   0.80257340E+02
 3884   0.64617440E+02
 3885   0.45309190E+02
 3886   0.41464260E+02
 3887   0.10745806E+03
 3888   0.68274367E+03
 3889   0.71221231E+03
 3890   0.39661340E+03
 3891   0.17815660E+03
 3892   0.78793530E+02
 3893   0.40280760E+02
 3894   0.24009920E+02
 3895   0.15481650E+02
 3896   0.16121770E+02
 3897   0.14290010E+02
 3898   0.17813300E+02
 3899   0.30243540E+02
 3900   0.22470650E+02
 3901   0.15631920E+02
 3902   0.10925750E+02
 3903   0.76883500E+01
 3904   0.55692600E+01
 3905   0.38885800E+01
 3906   0.49243300E+01
 3907   0.41048400E+01
 3908   0.26323100E+01
 3909   0.16203500E+01
 3910   0.11551600E+01
 3911   0.87521000E+00
 3912   0.80913000E+00
 3913   0.85547600E+01
 3914   0.48176900E+01
 3915   0.24529800E+01
 3916   0.15040300E+01
 3917   0.99732000E+00
 3918   0.45676000E+00
 3919   0.24027000E+00
 3920   0.14313000E+00
 3921   0.10110000E+00
 3922   0.78950000E-01
 3923   0.65230000E-01
 3924   0.55720000E-01
 3925   0.48630000E-01
 3926   0.43080000E-01
 3927   0.54205000E+00
 3928   0.50452000E+00
 3929   0.20860000E+00
 3930   0.11859000E+00
 3931   0.78370000E-01
 3932   0.56750000E-01
 3933   0.43730000E-01
 3934   0.35250000E-01
 3935   0.29400000E-01
 3936   0.25190000E-01
 3937   0.22050000E-01
 3938   0.19630000E-01
 3939   0.17710000E-01
 3940   0.16160000E-01
 3941   0.14880000E-01
 3942   0.13800000E-01
 3943   0.12870000E-01
 3944   0.12060000E-01
 3945   0.11350000E-01
 3946   0.10710000E-01
 3947   0.10140000E-01
 3948   0.96200000E-02
 3949   0.88420000E-01
 3950   0.13082100E+01
 3951   0.10417200E+01
 3952   0.82316000E+00
 3953   0.65438000E+00
 3954   0.59654000E+00
 3955   0.52290000E+00
 3956   0.46256000E+00
 3957   0.41082000E+00
 3958   0.37034000E+00
 3959   0.33960000E+00
 3960   0.31345000E+00
 3961   0.30629000E+00
 3962   0.30567000E+00
 3963   0.30497000E+00
 3964   0.30315000E+00
 3965   0.29346000E+00
 3966   0.27230000E+00
 3967   0.23710000E+00
 3968   0.19460000E+00
 3969   0.15692000E+00
 3970   0.12742000E+00
 3971   0.10550000E+00
 3972   0.11468000E+00
 3973   0.14364000E+00
 3974   0.13573000E+00
 3975   0.11953000E+00
 3976   0.36472860E+02
 3977   0.15799940E+03
 3978   0.30257243E+03
 3979   0.34094095E+03
 3980   0.14136672E+03
 3981   0.68425150E+02
 3982   0.38872780E+02
 3983   0.23863560E+02
 3984   0.15425090E+02
 3985   0.10103950E+02
 3986   0.17202940E+02
 3987   0.68571800E+02
 3988   0.62940610E+02
 3989   0.44869980E+02
 3990   0.31207130E+02
 3991   0.19899280E+02
 3992   0.13403490E+02
 3993   0.88795000E+01
 3994   0.62373500E+01
 3995   0.68533900E+01
 3996   0.61551100E+01
 3997   0.45862200E+01
 3998   0.34249300E+01
 3999   0.26044500E+01
 4000   0.20223200E+01
 4001   0.13811400E+01
 4002   0.10428700E+01
 4003   0.86334000E+00
 4004   0.74585000E+00
 4005   0.62776000E+00
 4006   0.53563000E+00
 4007   0.47153000E+00
 4008   0.41431000E+00
 4009   0.36547000E+00
 4010   0.32137000E+00
 4011   0.24770000E+00
 4012   0.55661600E+01
 4013   0.38560650E+02
 4014   0.14196135E+03
 4015   0.13446048E+03
 4016   0.11303450E+03
 4017   0.94670070E+02
 4018   0.57305360E+02
 4019   0.38749390E+02
 4020   0.27360200E+02
 4021   0.18226000E+02
 4022   0.12850410E+02
 4023   0.88068900E+01
 4024   0.63094100E+01
 4025   0.43014400E+01
 4026   0.32556100E+01
 4027   0.26828600E+01
 4028   0.29068800E+01
 4029   0.81782600E+01
 4030   0.10816020E+02
 4031   0.91723700E+01
 4032   0.72662000E+01
 4033   0.70316500E+01
 4034   0.63350300E+01
 4035   0.49505200E+01
 4036   0.39221000E+01
 4037   0.31370700E+01
 4038   0.25567800E+01
 4039   0.21124000E+01
 4040   0.17692700E+01
 4041   0.14134300E+01
 4042   0.54349900E+01
 4043   0.15150970E+02
 4044   0.21194850E+02
 4045   0.19565790E+02
 4046   0.19937200E+02
 4047   0.15718980E+02
 4048   0.11192310E+02
 4049   0.79032200E+01
 4050   0.57649000E+01
 4051   0.40959200E+01
 4052   0.25320900E+01
 4053   0.21039400E+01
 4054   0.17539400E+01
 4055   0.14141800E+01
 4056   0.11523200E+01
 4057   0.98496000E+00
 4058   0.86022000E+00
 4059   0.76523000E+00
 4060   0.64964000E+00
 4061   0.54142000E+00
 4062   0.42927000E+00
 4063   0.35091000E+00
 4064   0.42947000E+00
 4065   0.51956000E+00
 4066   0.54028000E+00
 4067   0.64020000E+00
 4068   0.51345000E+00
 4069   0.52083000E+00
 4070   0.49665000E+00
 4071   0.11701400E+01
 4072   0.11665400E+02
 4073   0.36410520E+02
 4074   0.65266800E+02
 4075   0.64397370E+02
 4076   0.51553470E+02
 4077   0.23458294E+03
 4078   0.27371177E+03
 4079   0.16742641E+03
 4080   0.87357090E+02
 4081   0.48863200E+02
 4082   0.31114690E+02
 4083   0.20059250E+02
 4084   0.24611200E+02
 4085   0.40617070E+02
 4086   0.43823140E+02
 4087   0.42152180E+02
 4088   0.29236920E+02
 4089   0.19754540E+02
 4090   0.13366350E+02
 4091   0.12287810E+02
 4092   0.96368100E+01
 4093   0.50999600E+01
 4094   0.34224500E+01
 4095   0.26078000E+01
 4096   0.20683900E+01
 4097   0.17202700E+01
 4098   0.81941200E+01
 4099   0.76783400E+01
 4100   0.39915400E+02
 4101   0.74289400E+02
 4102   0.24083928E+03
 4103   0.27735236E+03
 4104   0.14900804E+03
 4105   0.80751610E+02
 4106   0.16603369E+03
 4107   0.27239337E+03
 4108   0.26939249E+03
 4109   0.17807001E+03
 4110   0.15468240E+03
 4111   0.19091863E+03
 4112   0.16197083E+03
 4113   0.12467942E+03
 4114   0.14722479E+03
 4115   0.21861491E+03
 4116   0.23286127E+03
 4117   0.16781426E+03
 4118   0.99482920E+02
 4119   0.79704500E+02
 4120   0.75960340E+02
 4121   0.60254910E+02
 4122   0.42735390E+02
 4123   0.32412670E+02
 4124   0.64429390E+02
 4125   0.55865080E+02
 4126   0.57050340E+02
 4127   0.11708795E+03
 4128   0.19401351E+03
 4129   0.14742089E+03
 4130   0.84996620E+02
 4131   0.53904540E+02
 4132   0.34224220E+02
 4133   0.22284580E+02
 4134   0.14021870E+02
 4135   0.14181570E+02
 4136   0.13381560E+02
 4137   0.88493350E+02
 4138   0.98538580E+02
 4139   0.13508030E+03
 4140   0.29700962E+03
 4141   0.15688109E+03
 4142   0.76225490E+02
 4143   0.48906900E+02
 4144   0.27193325E+03
 4145   0.21993724E+03
 4146   0.95659350E+02
 4147   0.49936130E+02
 4148   0.29356060E+02
 4149   0.18819960E+02
 4150   0.12337070E+02
 4151   0.80344800E+01
 4152   0.15395030E+02
 4153   0.30772970E+02
 4154   0.98940110E+02
 4155   0.23177721E+03
 4156   0.31982036E+03
 4157   0.18937666E+03
 4158   0.14795779E+03
 4159   0.18165747E+03
 4160   0.16631392E+03
 4161   0.34664635E+03
 4162   0.19913145E+03
 4163   0.11144687E+03
 4164   0.83037560E+02
 4165   0.16105325E+03
 4166   0.13530844E+03
 4167   0.90453230E+02
 4168   0.18479181E+03
 4169   0.46817434E+03
 4170   0.23211372E+03
 4171   0.95622020E+02
 4172   0.49079210E+02
 4173   0.28585650E+02
 4174   0.18145610E+02
 4175   0.10968400E+02
 4176   0.12909920E+02
 4177   0.55150450E+02
 4178   0.80613800E+02
 4179   0.17782868E+03
 4180   0.13934596E+03
 4181   0.10534347E+03
 4182   0.74199900E+02
 4183   0.49579220E+02
 4184   0.44632530E+02
 4185   0.39530590E+02
 4186   0.35800850E+02
 4187   0.29489280E+02
 4188   0.22336770E+02
 4189   0.15515150E+02
 4190   0.97937100E+01
 4191   0.21183502E+03
 4192   0.10552205E+04
 4193   0.13408877E+04
 4194   0.13489131E+04
 4195   0.56986707E+03
 4196   0.72572661E+03
 4197   0.82058197E+03
 4198   0.52788843E+03
 4199   0.52520470E+03
 4200   0.24586845E+03
 4201   0.15993946E+03
 4202   0.22224541E+03
 4203   0.29321826E+03
 4204   0.32732954E+03
 4205   0.15691677E+03
 4206   0.81127800E+02
 4207   0.45037610E+02
 4208   0.27867790E+02
 4209   0.24184710E+02
 4210   0.25339070E+02
 4211   0.76531478E+03
 4212   0.10612360E+04
 4213   0.97273192E+03
 4214   0.31750950E+04
 4215   0.31611025E+04
 4216   0.16516310E+04
 4217   0.27210227E+03
 4218   0.95524320E+02
 4219   0.60058130E+02
 4220   0.10966016E+04
 4221   0.22100001E+04
 4222   0.92301840E+03
 4223   0.22522539E+03
 4224   0.91746940E+02
 4225   0.63739555E+03
 4226   0.25508432E+04
 4227   0.32116407E+04
 4228   0.32798650E+04
 4229   0.12436604E+04
 4230   0.61680543E+03
 4231   0.18770844E+04
 4232   0.11702158E+04
 4233   0.10290888E+04
 4234   0.20960857E+04
 4235   0.26709347E+04
 4236   0.10214735E+04
 4237   0.22710438E+03
 4238   0.10891139E+03
 4239   0.36144635E+03
 4240   0.15823282E+03
 4241   0.12088901E+03
 4242   0.18913091E+04
 4243   0.10014773E+04
 4244   0.44120903E+03
 4245   0.27017759E+03
 4246   0.15228304E+03
 4247   0.68456300E+02
 4248   0.38550540E+02
 4249   0.23602580E+02
 4250   0.17808290E+02
 4251   0.14018650E+02
 4252   0.96387600E+01
 4253   0.10231950E+02
 4254   0.94402100E+01
 4255   0.50893000E+01
 4256   0.27646300E+01
 4257   0.16356200E+01
 4258   0.11981900E+01
 4259   0.88318000E+00
 4260   0.69785000E+00
 4261   0.53594000E+00
 4262   0.44650000E+00
 4263   0.37026000E+00
 4264   0.29079000E+00
 4265   0.20355000E+00
 4266   0.82934000E+00
 4267   0.62019000E+00
 4268   0.71133000E+00
 4269   0.27749700E+01
 4270   0.10218400E+02
 4271   0.12773340E+02
 4272   0.13402890E+02
 4273   0.21620450E+02
 4274   0.28941562E+03
 4275   0.15627442E+03
 4276   0.77655110E+02
 4277   0.43257130E+02
 4278   0.26279980E+02
 4279   0.18226260E+02
 4280   0.25571400E+02
 4281   0.27103850E+02
 4282   0.33719540E+02
 4283   0.30838980E+02
 4284   0.24855100E+02
 4285   0.29612250E+02
 4286   0.28149580E+02
 4287   0.20733210E+02
 4288   0.13599360E+02
 4289   0.92144500E+01
 4290   0.65896900E+01
 4291   0.43979700E+01
 4292   0.32108200E+01
 4293   0.24202400E+01
 4294   0.18679400E+01
 4295   0.33881700E+01
 4296   0.13157790E+02
 4297   0.33126400E+02
 4298   0.22679440E+02
 4299   0.17789010E+02
 4300   0.13468900E+02
 4301   0.93708500E+01
 4302   0.67247500E+01
 4303   0.45368100E+01
 4304   0.33132200E+01
 4305   0.24887200E+01
 4306   0.19153600E+01
 4307   0.14946300E+01
 4308   0.10074000E+01
 4309   0.82344000E+00
 4310   0.69560000E+00
 4311   0.57854000E+00
 4312   0.49127000E+00
 4313   0.41725000E+00
 4314   0.35254000E+00
 4315   0.26723000E+00
 4316   0.18736000E+00
 4317   0.14096000E+00
 4318   0.11104000E+00
 4319   0.90190000E-01
 4320   0.74980000E-01
 4321   0.63490000E-01
 4322   0.54580000E-01
 4323   0.47520000E-01
 4324   0.41820000E-01
 4325   0.37140000E-01
 4326   0.33240000E-01
 4327   0.29960000E-01
 4328   0.27170000E-01
 4329   0.24770000E-01
 4330   0.22690000E-01
 4331   0.20870000E-01
 4332   0.19280000E-01
 4333   0.17870000E-01
 4334   0.16610000E-01
 4335   0.15490000E-01
 4336   0.14480000E-01
 4337   0.13580000E-01
 4338   0.12760000E-01
 4339   0.12010000E-01
 4340   0.11330000E-01
 4341   0.10720000E-01
 4342   0.10150000E-01
 4343   0.18924800E+01
 4344   0.19421600E+01
 4345   0.24495200E+01
 4346   0.31086600E+01
 4347   0.29581600E+01
 4348   0.30234100E+01
 4349   0.21835200E+01
 4350   0.19257200E+01
 4351   0.16042000E+01
 4352   0.13170800E+01
 4353   0.11261200E+01
 4354   0.97816000E+00
 4355   0.86434000E+00
 4356   0.77555000E+00
 4357   0.68453000E+00
 4358   0.61175000E+00
 4359   0.52955000E+00
 4360   0.44671000E+00
 4361   0.36638000E+00
 4362   0.32179000E+00
 4363   0.25474000E+00
 4364   0.19435000E+00
 4365   0.15076000E+00
 4366   0.26456000E+00
 4367   0.17541300E+01
 4368   0.54895600E+01
 4369   0.79120700E+01
 4370   0.80840700E+01
 4371   0.12669130E+02
 4372   0.12629600E+02
 4373   0.93313600E+01
 4374   0.42761560E+02
 4375   0.78392920E+02
 4376   0.57686110E+02
 4377   0.46970450E+02
 4378   0.31383780E+02
 4379   0.20811760E+02
 4380   0.13229630E+02
 4381   0.10303790E+02
 4382   0.13955250E+02
 4383   0.13984510E+02
 4384   0.10883080E+02
 4385   0.98343800E+01
 4386   0.73138310E+02
 4387   0.12347265E+03
 4388   0.88739190E+02
 4389   0.51955970E+02
 4390   0.30142920E+02
 4391   0.19873870E+02
 4392   0.13338900E+02
 4393   0.90426200E+01
 4394   0.82383500E+01
 4395   0.66863900E+01
 4396   0.48538000E+01
 4397   0.36363200E+01
 4398   0.28488500E+01
 4399   0.22606100E+01
 4400   0.18142100E+01
 4401   0.12167300E+01
 4402   0.96069000E+00
 4403   0.81733000E+00
 4404   0.72789000E+00
 4405   0.63097000E+00
 4406   0.54978000E+00
 4407   0.48106000E+00
 4408   0.41674000E+00
 4409   0.36061000E+00
 4410   0.40633100E+01
 4411   0.12724900E+02
 4412   0.21780410E+02
 4413   0.18486410E+02
 4414   0.16453990E+02
 4415   0.14668260E+02
 4416   0.11390710E+02
 4417   0.81408700E+01
 4418   0.59509900E+01
 4419   0.41520500E+01
 4420   0.31876000E+01
 4421   0.20417100E+01
 4422   0.17219300E+01
 4423   0.13715500E+01
 4424   0.11270500E+01
 4425   0.98230000E+00
 4426   0.87072000E+00
 4427   0.77233000E+00
 4428   0.65706000E+00
 4429   0.54538000E+00
 4430   0.45079000E+00
 4431   0.35446000E+00
 4432   0.24119000E+00
 4433   0.17287000E+00
 4434   0.13183000E+00
 4435   0.10445000E+00
 4436   0.85090000E-01
 4437   0.15270000E+00
 4438   0.30750000E+00
 4439   0.28336000E+00
 4440   0.24828000E+00
 4441   0.23529450E+02
 4442   0.96925730E+02
 4443   0.20573939E+03
 4444   0.33252524E+03
 4445   0.43441155E+03
 4446   0.19901572E+03
 4447   0.94624560E+02
 4448   0.52218830E+02
 4449   0.32657240E+02
 4450   0.22476220E+02
 4451   0.15998670E+02
 4452   0.10231480E+02
 4453   0.74888200E+01
 4454   0.57045600E+01
 4455   0.40135800E+01
 4456   0.31024100E+01
 4457   0.32462600E+01
 4458   0.55656600E+01
 4459   0.72516200E+01
 4460   0.58787100E+01
 4461   0.42481100E+01
 4462   0.25427200E+01
 4463   0.20714900E+01
 4464   0.16827000E+01
 4465   0.95032000E+01
 4466   0.23810160E+02
 4467   0.28070510E+02
 4468   0.22023390E+02
 4469   0.15593010E+02
 4470   0.25703620E+02
 4471   0.44191340E+02
 4472   0.37805910E+02
 4473   0.27502230E+02
 4474   0.20020720E+02
 4475   0.59043560E+02
 4476   0.89122670E+02
 4477   0.59522440E+02
 4478   0.79676050E+02
 4479   0.55808330E+02
 4480   0.33629760E+02
 4481   0.22718000E+02
 4482   0.15996980E+02
 4483   0.99915700E+01
 4484   0.72415600E+01
 4485   0.51382300E+01
 4486   0.36950300E+01
 4487   0.44817500E+01
 4488   0.34009710E+02
 4489   0.62702900E+02
 4490   0.38145680E+02
 4491   0.27845200E+02
 4492   0.21366510E+02
 4493   0.10865963E+03
 4494   0.31058294E+03
 4495   0.29669191E+03
 4496   0.30353367E+03
 4497   0.19892363E+03
 4498   0.97912290E+02
 4499   0.67612040E+02
 4500   0.95072000E+02
 4501   0.73958810E+02
 4502   0.49095570E+02
 4503   0.33412500E+02
 4504   0.55031120E+02
 4505   0.64246240E+02
 4506   0.39050680E+02
 4507   0.28773930E+02
 4508   0.72824160E+02
 4509   0.31284240E+03
 4510   0.27271683E+03
 4511   0.20296448E+03
 4512   0.19522960E+03
 4513   0.26161999E+03
 4514   0.58460660E+03
 4515   0.56337720E+03
 4516   0.35366284E+03
 4517   0.50262129E+03
 4518   0.54247691E+03
 4519   0.34974561E+03
 4520   0.24868971E+03
 4521   0.62779734E+03
 4522   0.59055429E+03
 4523   0.20042173E+03
 4524   0.82644080E+02
 4525   0.44760010E+02
 4526   0.26847420E+02
 4527   0.18905260E+02
 4528   0.20378250E+02
 4529   0.29366730E+02
 4530   0.15017570E+03
 4531   0.21195309E+03
 4532   0.13773411E+03
 4533   0.17871068E+03
 4534   0.14806043E+03
 4535   0.13820957E+03
 4536   0.18851473E+03
 4537   0.93509210E+03
 4538   0.78550268E+03
 4539   0.47316073E+03
 4540   0.24983222E+03
 4541   0.33015930E+03
 4542   0.42988740E+03
 4543   0.29710491E+03
 4544   0.19696951E+03
 4545   0.17690417E+03
 4546   0.16105751E+03
 4547   0.87521840E+02
 4548   0.59148520E+02
 4549   0.74120560E+02
 4550   0.12029562E+04
 4551   0.10531309E+04
 4552   0.41477645E+03
 4553   0.41067042E+03
 4554   0.16251416E+04
 4555   0.47004156E+03
 4556   0.14670525E+03
 4557   0.11948933E+03
 4558   0.37495073E+03
 4559   0.55262914E+03
 4560   0.20811179E+03
 4561   0.91978960E+02
 4562   0.92643150E+02
 4563   0.73850083E+03
 4564   0.77769424E+03
 4565   0.41238041E+03
 4566   0.74519409E+03
 4567   0.54773012E+03
 4568   0.53112522E+03
 4569   0.28695804E+03
 4570   0.12457031E+03
 4571   0.12775588E+03
 4572   0.13884514E+03
 4573   0.63063569E+03
 4574   0.39755379E+03
 4575   0.19297017E+03
 4576   0.14896069E+03
 4577   0.14522177E+03
 4578   0.16888231E+03
 4579   0.11869046E+03
 4580   0.10605119E+03
 4581   0.76042160E+02
 4582   0.92477620E+02
 4583   0.18646022E+03
 4584   0.30007497E+03
 4585   0.30489504E+03
 4586   0.19896679E+03
 4587   0.13802722E+03
 4588   0.14802573E+03
 4589   0.14218625E+03
 4590   0.86472780E+02
 4591   0.53324630E+02
 4592   0.37350990E+02
 4593   0.26558530E+02
 4594   0.64844220E+02
 4595   0.83677600E+02
 4596   0.28157447E+03
 4597   0.18973206E+03
 4598   0.85976880E+02
 4599   0.59368580E+02
 4600   0.32261635E+03
 4601   0.39438847E+04
 4602   0.11731321E+04
 4603   0.25184417E+03
 4604   0.10589551E+03
 4605   0.53601961E+03
 4606   0.13058314E+04
 4607   0.13256853E+04
 4608   0.92070049E+03
 4609   0.25991404E+03
 4610   0.20503697E+03
 4611   0.16233513E+03
 4612   0.71954930E+02
 4613   0.49401100E+02
 4614   0.33285500E+02
 4615   0.21691870E+02
 4616   0.13388420E+02
 4617   0.89129300E+01
 4618   0.63287900E+01
 4619   0.41565300E+01
 4620   0.31852900E+01
 4621   0.25240700E+01
 4622   0.19049500E+01
 4623   0.14675600E+01
 4624   0.10916500E+01
 4625   0.87444000E+00
 4626   0.65088000E+00
 4627   0.19733600E+01
 4628   0.15631770E+02
 4629   0.13539060E+02
 4630   0.57466900E+01
 4631   0.26012400E+01
 4632   0.15911700E+01
 4633   0.11156400E+01
 4634   0.79980000E+00
 4635   0.69599193E+03
 4636   0.77222886E+03
 4637   0.25112235E+03
 4638   0.11257306E+03
 4639   0.58479000E+02
 4640   0.34296500E+02
 4641   0.21890630E+02
 4642   0.14441010E+02
 4643   0.94151000E+01
 4644   0.67262800E+01
 4645   0.46870300E+01
 4646   0.54535350E+02
 4647   0.79573202E+03
 4648   0.28441984E+03
 4649   0.10761886E+03
 4650   0.54914870E+02
 4651   0.32623950E+02
 4652   0.20980070E+02
 4653   0.14401390E+02
 4654   0.26065700E+02
 4655   0.28897150E+02
 4656   0.20621870E+02
 4657   0.13121550E+02
 4658   0.87387600E+01
 4659   0.62466600E+01
 4660   0.42534600E+01
 4661   0.32125100E+01
 4662   0.25140300E+01
 4663   0.20030630E+02
 4664   0.10169796E+03
 4665   0.84679180E+02
 4666   0.54981760E+02
 4667   0.32386520E+02
 4668   0.20986360E+02
 4669   0.13850550E+02
 4670   0.89312100E+01
 4671   0.63116600E+01
 4672   0.61901100E+01
 4673   0.12075790E+02
 4674   0.97022600E+01
 4675   0.54955100E+01
 4676   0.32326300E+01
 4677   0.19484300E+01
 4678   0.14905350E+02
 4679   0.13559990E+02
 4680   0.63540000E+01
 4681   0.36171600E+01
 4682   0.65499000E+01
 4683   0.90147500E+01
 4684   0.76922400E+01
 4685   0.57839900E+01
 4686   0.39650700E+01
 4687   0.30102800E+01
 4688   0.11356180E+02
 4689   0.79874800E+01
 4690   0.38297800E+01
 4691   0.22657800E+01
 4692   0.23098600E+01
 4693   0.57829000E+01
 4694   0.69969400E+01
 4695   0.58895300E+01
 4696   0.41654300E+01
 4697   0.31834300E+01
 4698   0.20812900E+01
 4699   0.19701300E+01
 4700   0.24275200E+01
 4701   0.16866270E+02
 4702   0.56683860E+02
 4703   0.49217450E+02
 4704   0.34569590E+02
 4705   0.22971610E+02
 4706   0.15406290E+02
 4707   0.10796430E+02
 4708   0.94758900E+01
 4709   0.16423920E+02
 4710   0.46475170E+02
 4711   0.14571204E+03
 4712   0.19027058E+03
 4713   0.91934610E+02
 4714   0.64829590E+02
 4715   0.53068590E+02
 4716   0.33285570E+02
 4717   0.23031390E+02
 4718   0.15718060E+02
 4719   0.11187770E+02
 4720   0.78572500E+01
 4721   0.56286500E+01
 4722   0.38726200E+01
 4723   0.29782700E+01
 4724   0.23577700E+01
 4725   0.18871100E+01
 4726   0.15079600E+01
 4727   0.11737900E+01
 4728   0.97611000E+00
 4729   0.72594000E+00
 4730   0.57683000E+00
 4731   0.49446000E+00
 4732   0.42263000E+00
 4733   0.36126000E+00
 4734   0.29153000E+00
 4735   0.20022000E+00
 4736   0.14746000E+00
 4737   0.11483000E+00
 4738   0.92600000E-01
 4739   0.76580000E-01
 4740   0.64580000E-01
 4741   0.55340000E-01
 4742   0.48050000E-01
 4743   0.42180000E-01
 4744   0.37390000E-01
 4745   0.33410000E-01
 4746   0.30070000E-01
 4747   0.27230000E-01
 4748   0.24800000E-01
 4749   0.22700000E-01
 4750   0.20870000E-01
 4751   0.19260000E-01
 4752   0.17840000E-01
 4753   0.16580000E-01
 4754   0.15450000E-01
 4755   0.14440000E-01
 4756   0.13530000E-01
 4757   0.13208000E+01
 4758   0.10503600E+01
 4759   0.55019000E+00
 4760   0.33817000E+00
 4761   0.23722000E+00
 4762   0.44310300E+01
 4763   0.14934740E+02
 4764   0.28845520E+02
 4765   0.22343920E+02
 4766   0.20188360E+02
 4767   0.17941420E+02
 4768   0.13407790E+02
 4769   0.93615100E+01
 4770   0.59418200E+01
 4771   0.41382800E+01
 4772   0.31868700E+01
 4773   0.25017200E+01
 4774   0.19919300E+01
 4775   0.16387800E+01
 4776   0.12775700E+01
 4777   0.10679400E+01
 4778   0.91699000E+00
 4779   0.80167000E+00
 4780   0.60752000E+00
 4781   0.47640000E+00
 4782   0.40479000E+00
 4783   0.34371000E+00
 4784   0.25599000E+00
 4785   0.18023000E+00
 4786   0.13598000E+00
 4787   0.10723000E+00
 4788   0.87140000E-01
 4789   0.72460000E-01
 4790   0.61360000E-01
 4791   0.52760000E-01
 4792   0.45940000E-01
 4793   0.40430000E-01
 4794   0.35910000E-01
 4795   0.32150000E-01
 4796   0.28980000E-01
 4797   0.26280000E-01
 4798   0.23970000E-01
 4799   0.21960000E-01
 4800   0.50700000E-01
 4801   0.87347000E+00
 4802   0.19240800E+01
 4803   0.12870200E+02
 4804   0.21323770E+02
 4805   0.26259730E+02
 4806   0.24159280E+02
 4807   0.17684780E+02
 4808   0.12302470E+02
 4809   0.84195600E+01
 4810   0.11876300E+02
 4811   0.12200560E+02
 4812   0.11055670E+02
 4813   0.95984600E+01
 4814   0.10607290E+02
 4815   0.10958870E+02
 4816   0.12749350E+02
 4817   0.14273830E+02
 4818   0.86444630E+02
 4819   0.11517338E+03
 4820   0.85030670E+02
 4821   0.57299960E+02
 4822   0.14920743E+03
 4823   0.12700843E+03
 4824   0.85673690E+02
 4825   0.53319800E+02
 4826   0.37788090E+02
 4827   0.44143650E+02
 4828   0.52735780E+02
 4829   0.49670380E+02
 4830   0.40626260E+02
 4831   0.28122770E+02
 4832   0.19776400E+02
 4833   0.13802080E+02
 4834   0.90761100E+01
 4835   0.63077400E+01
 4836   0.41991300E+01
 4837   0.31399600E+01
 4838   0.24386300E+01
 4839   0.19246500E+01
 4840   0.15512900E+01
 4841   0.11815100E+01
 4842   0.69145200E+01
 4843   0.53530160E+02
 4844   0.15403305E+03
 4845   0.14602736E+03
 4846   0.94977370E+02
 4847   0.10847163E+03
 4848   0.74074990E+02
 4849   0.43637520E+02
 4850   0.28443230E+02
 4851   0.19788020E+02
 4852   0.12706650E+02
 4853   0.86275400E+01
 4854   0.62307600E+01
 4855   0.42358500E+01
 4856   0.31976700E+01
 4857   0.24739200E+01
 4858   0.20902400E+01
 4859   0.17432600E+01
 4860   0.12713530E+02
 4861   0.17676340E+02
 4862   0.10315610E+02
 4863   0.68464200E+01
 4864   0.12981690E+02
 4865   0.18255010E+02
 4866   0.26867890E+02
 4867   0.11970846E+03
 4868   0.43114188E+03
 4869   0.51157565E+03
 4870   0.85503395E+03
 4871   0.10158926E+04
 4872   0.48063685E+03
 4873   0.22501979E+03
 4874   0.10079392E+03
 4875   0.18101164E+03
 4876   0.16449673E+03
 4877   0.24600168E+03
 4878   0.14399814E+03
 4879   0.77708020E+02
 4880   0.44577490E+02
 4881   0.27066630E+02
 4882   0.50495520E+02
 4883   0.50174150E+02
 4884   0.41216530E+02
 4885   0.57894120E+02
 4886   0.11924976E+03
 4887   0.13937479E+03
 4888   0.11552086E+03
 4889   0.11855242E+03
 4890   0.14585129E+03
 4891   0.22984233E+03
 4892   0.92837521E+03
 4893   0.78418570E+03
 4894   0.81599375E+03
 4895   0.14587143E+04
 4896   0.82168832E+03
 4897   0.38224655E+03
 4898   0.20982095E+03
 4899   0.14872527E+03
 4900   0.11077258E+03
 4901   0.18257393E+03
 4902   0.46262421E+03
 4903   0.29082763E+03
 4904   0.12909076E+03
 4905   0.63008840E+02
 4906   0.35852920E+02
 4907   0.22373980E+02
 4908   0.14561370E+02
 4909   0.18149510E+02
 4910   0.11019528E+03
 4911   0.87940880E+02
 4912   0.58641840E+02
 4913   0.33689360E+02
 4914   0.21800600E+02
 4915   0.14307990E+02
 4916   0.92659000E+01
 4917   0.65814300E+01
 4918   0.56682800E+01
 4919   0.96922800E+01
 4920   0.98313700E+01
 4921   0.75273900E+01
 4922   0.39359670E+02
 4923   0.16584042E+03
 4924   0.15187587E+03
 4925   0.87241160E+02
 4926   0.55152000E+02
 4927   0.27766050E+02
 4928   0.16777420E+02
 4929   0.27913545E+03
 4930   0.52606525E+03
 4931   0.46638369E+03
 4932   0.63082011E+03
 4933   0.94367312E+03
 4934   0.21429614E+04
 4935   0.74148894E+03
 4936   0.31962989E+03
 4937   0.13366185E+03
 4938   0.22354840E+03
 4939   0.17860108E+03
 4940   0.23388171E+03
 4941   0.34340167E+03
 4942   0.13585220E+03
 4943   0.63553020E+02
 4944   0.35186700E+02
 4945   0.83069400E+02
 4946   0.96916490E+02
 4947   0.57807930E+02
 4948   0.35409860E+02
 4949   0.22737940E+02
 4950   0.54689210E+02
 4951   0.26123291E+03
 4952   0.27651072E+03
 4953   0.11911194E+03
 4954   0.56167120E+02
 4955   0.35024110E+02
 4956   0.23534720E+02
 4957   0.16896970E+02
 4958   0.21298640E+02
 4959   0.22368110E+02
 4960   0.75466660E+02
 4961   0.15820706E+03
 4962   0.14361285E+03
 4963   0.68748449E+03
 4964   0.12912542E+04
 4965   0.41887311E+03
 4966   0.13973046E+03
 4967   0.69379930E+02
 4968   0.37491400E+02
 4969   0.41951020E+02
 4970   0.29835430E+02
 4971   0.14298140E+02
 4972   0.75030000E+01
 4973   0.44765300E+01
 4974   0.31325900E+01
 4975   0.56708600E+01
 4976   0.19460472E+04
 4977   0.30380976E+04
 4978   0.33947211E+04
 4979   0.80922307E+03
 4980   0.11622037E+04
 4981   0.13510925E+04
 4982   0.55537364E+03
 4983   0.61895606E+03
 4984   0.87403133E+03
 4985   0.94839783E+03
 4986   0.91368652E+03
 4987   0.34554223E+03
 4988   0.22196667E+03
 4989   0.10507638E+03
 4990   0.57520470E+02
 4991   0.33894630E+02
 4992   0.20817380E+02
 4993   0.13298590E+02
 4994   0.84477900E+01
 4995   0.48956600E+01
 4996   0.35128400E+01
 4997   0.26520300E+01
 4998   0.20877200E+01
 4999   0.22705500E+01
 5000   0.75793700E+01
 5001   0.39210140E+02
 5002   0.41042290E+02
 5003   0.26932800E+02
 5004   0.18457340E+02
 5005   0.11931990E+02
 5006   0.82294700E+01
 5007   0.59641100E+01
 5008   0.42162900E+01
 5009   0.35101100E+01
 5010   0.10305970E+02
 5011   0.33294990E+02
 5012   0.31434830E+02
 5013   0.39457850E+02
 5014   0.36798490E+02
 5015   0.25674630E+02
 5016   0.17279200E+02
 5017   0.12104000E+02
 5018   0.82840000E+01
 5019   0.58396700E+01
 5020   0.39292600E+01
 5021   0.28996500E+01
 5022   0.21956300E+01
 5023   0.17228200E+01
 5024   0.13057600E+01
 5025   0.10240400E+01
 5026   0.28189300E+01
 5027   0.62192100E+01
 5028   0.44646300E+02
 5029   0.42587440E+02
 5030   0.27596130E+02
 5031   0.18546510E+02
 5032   0.12642730E+02
 5033   0.85163100E+01
 5034   0.60457800E+01
 5035   0.40475700E+01
 5036   0.24619200E+01
 5037   0.19793000E+01
 5038   0.46942100E+01
 5039   0.17428860E+02
 5040   0.26925000E+02
 5041   0.19152510E+02
 5042   0.15287790E+02
 5043   0.12115940E+02
 5044   0.87241900E+01
 5045   0.63139200E+01
 5046   0.36302000E+01
 5047   0.28139700E+01
 5048   0.21727100E+01
 5049   0.17283800E+01
 5050   0.13237300E+01
 5051   0.10538100E+01
 5052   0.87840000E+00
 5053   0.75416000E+00
 5054   0.61797000E+00
 5055   0.50092000E+00
 5056   0.41420000E+00
 5057   0.32718000E+00
 5058   0.22870000E+00
 5059   0.16881000E+00
 5060   0.13065000E+00
 5061   0.10445000E+00
 5062   0.85640000E-01
 5063   0.71670000E-01
 5064   0.61000000E-01
 5065   0.52660000E-01
 5066   0.46010000E-01
 5067   0.40600000E-01
 5068   0.36150000E-01
 5069   0.32420000E-01
 5070   0.29280000E-01
 5071   0.26590000E-01
 5072   0.24270000E-01
 5073   0.22260000E-01
 5074   0.20500000E-01
 5075   0.18950000E-01
 5076   0.17580000E-01
 5077   0.16350000E-01
 5078   0.15260000E-01
 5079   0.25650000E-01
 5080   0.11099000E+00
 5081   0.39208000E+00
 5082   0.45530000E+00
 5083   0.44977000E+00
 5084   0.41727000E+00
 5085   0.37504000E+00
 5086   0.33573000E+00
 5087   0.29538000E+00
 5088   0.26250000E+00
 5089   0.84778000E+00
 5090   0.48894000E+00
 5091   0.47179000E+00
 5092   0.45981000E+00
 5093   0.41375000E+00
 5094   0.35963000E+00
 5095   0.31575000E+00
 5096   0.26512000E+00
 5097   0.23804000E+00
 5098   0.22571000E+00
 5099   0.16778400E+01
 5100   0.10964060E+02
 5101   0.35190510E+02
 5102   0.42914550E+02
 5103   0.35746380E+02
 5104   0.23985780E+02
 5105   0.16165820E+02
 5106   0.10960660E+02
 5107   0.73754800E+01
 5108   0.41972400E+01
 5109   0.32126900E+01
 5110   0.25027700E+01
 5111   0.19993800E+01
 5112   0.16308300E+01
 5113   0.12669500E+01
 5114   0.10564500E+01
 5115   0.90819000E+00
 5116   0.80060000E+00
 5117   0.71150000E+00
 5118   0.60555000E+00
 5119   0.54089000E+00
 5120   0.49885000E+00
 5121   0.45370000E+00
 5122   0.40324000E+00
 5123   0.35939000E+00
 5124   0.32326000E+00
 5125   0.27550000E+00
 5126   0.23365000E+00
 5127   0.19779000E+00
 5128   0.16550000E+00
 5129   0.13848000E+00
 5130   0.11671000E+00
 5131   0.99330000E-01
 5132   0.85400000E-01
 5133   0.74120000E-01
 5134   0.64900000E-01
 5135   0.57280000E-01
 5136   0.50910000E-01
 5137   0.45550000E-01
 5138   0.40990000E-01
 5139   0.37080000E-01
 5140   0.33710000E-01
 5141   0.30780000E-01
 5142   0.28210000E-01
 5143   0.25960000E-01
 5144   0.25190000E-01
 5145   0.55630000E-01
 5146   0.10624000E+00
 5147   0.11426000E+00
 5148   0.11278000E+00
 5149   0.12578000E+00
 5150   0.16548000E+00
 5151   0.20286000E+00
 5152   0.10495900E+01
 5153   0.23476500E+02
 5154   0.91910330E+02
 5155   0.90228210E+02
 5156   0.53009780E+02
 5157   0.32337180E+02
 5158   0.21069890E+02
 5159   0.13072350E+02
 5160   0.87231900E+01
 5161   0.63123900E+01
 5162   0.43167500E+01
 5163   0.32296400E+01
 5164   0.25015500E+01
 5165   0.19518000E+01
 5166   0.15376700E+01
 5167   0.11728600E+01
 5168   0.96314000E+00
 5169   0.71993000E+00
 5170   0.58038000E+00
 5171   0.49753000E+00
 5172   0.42762000E+00
 5173   0.36653000E+00
 5174   0.10099500E+01
 5175   0.76567000E+00
 5176   0.48429000E+00
 5177   0.39293000E+00
 5178   0.81178000E+01
 5179   0.72172800E+01
 5180   0.36021800E+01
 5181   0.35678500E+01
 5182   0.26685400E+01
 5183   0.22161500E+01
 5184   0.22069270E+02
 5185   0.29408440E+02
 5186   0.79466900E+02
 5187   0.15317010E+03
 5188   0.18262337E+03
 5189   0.18634500E+03
 5190   0.23782329E+03
 5191   0.23753753E+03
 5192   0.25000372E+03
 5193   0.16079164E+03
 5194   0.84413780E+02
 5195   0.51650030E+02
 5196   0.33455300E+02
 5197   0.25056420E+02
 5198   0.33046070E+02
 5199   0.30971210E+02
 5200   0.29863200E+02
 5201   0.27166480E+02
 5202   0.19537830E+02
 5203   0.28210020E+02
 5204   0.25553870E+02
 5205   0.15463500E+02
 5206   0.96415200E+01
 5207   0.19306580E+02
 5208   0.98124000E+02
 5209   0.20829176E+03
 5210   0.23820428E+03
 5211   0.13451296E+03
 5212   0.69272070E+02
 5213   0.39917630E+02
 5214   0.24972790E+02
 5215   0.17230620E+02
 5216   0.13261050E+02
 5217   0.10462850E+02
 5218   0.13932310E+02
 5219   0.32332560E+02
 5220   0.84499900E+02
 5221   0.68895440E+02
 5222   0.47430310E+02
 5223   0.32450320E+02
 5224   0.21852460E+02
 5225   0.14718690E+02
 5226   0.10682400E+02
 5227   0.30188360E+02
 5228   0.11140001E+03
 5229   0.71995050E+02
 5230   0.47354240E+02
 5231   0.34624830E+02
 5232   0.61228470E+02
 5233   0.57966410E+02
 5234   0.40079920E+02
 5235   0.28549120E+02
 5236   0.20175600E+02
 5237   0.55508440E+02
 5238   0.20047899E+03
 5239   0.12551900E+03
 5240   0.74367340E+02
 5241   0.48647680E+02
 5242   0.31329650E+02
 5243   0.21959080E+02
 5244   0.16315780E+02
 5245   0.11707030E+02
 5246   0.81587400E+01
 5247   0.59760500E+01
 5248   0.22474300E+02
 5249   0.20628868E+03
 5250   0.25928160E+03
 5251   0.21998548E+03
 5252   0.17659274E+03
 5253   0.25711740E+03
 5254   0.34314467E+03
 5255   0.46050129E+03
 5256   0.72275129E+03
 5257   0.47646581E+03
 5258   0.20458726E+03
 5259   0.13471666E+03
 5260   0.52614326E+03
 5261   0.10116858E+04
 5262   0.32232131E+03
 5263   0.15697351E+03
 5264   0.23934860E+03
 5265   0.70051229E+03
 5266   0.47936148E+03
 5267   0.27825031E+03
 5268   0.16414154E+03
 5269   0.15814439E+04
 5270   0.10312303E+04
 5271   0.39873171E+03
 5272   0.13952789E+03
 5273   0.66104140E+02
 5274   0.45288900E+02
 5275   0.63530640E+02
 5276   0.11190431E+04
 5277   0.69163955E+03
 5278   0.13726823E+04
 5279   0.78999803E+03
 5280   0.29674270E+03
 5281   0.13920446E+03
 5282   0.59071922E+03
 5283   0.81785677E+03
 5284   0.97106095E+03
 5285   0.17084389E+04
 5286   0.14814779E+04
 5287   0.10376062E+04
 5288   0.68157056E+03
 5289   0.48194150E+03
 5290   0.30626402E+03
 5291   0.23683170E+03
 5292   0.16181103E+03
 5293   0.83922750E+02
 5294   0.47922700E+02
 5295   0.30892120E+02
 5296   0.20348380E+02
 5297   0.13660630E+02
 5298   0.91283000E+01
 5299   0.49041558E+03
 5300   0.85755956E+03
 5301   0.30026232E+03
 5302   0.12864646E+03
 5303   0.60761620E+02
 5304   0.36591830E+02
 5305   0.23561800E+02
 5306   0.15585260E+02
 5307   0.10119150E+02
 5308   0.69494400E+01
 5309   0.45850300E+01
 5310   0.33282200E+01
 5311   0.24611200E+01
 5312   0.18614800E+01
 5313   0.12729700E+01
 5314   0.98031000E+00
 5315   0.80382000E+00
 5316   0.71925000E+00
 5317   0.36867093E+03
 5318   0.16329889E+04
 5319   0.28979728E+04
 5320   0.14479188E+04
 5321   0.14327336E+04
 5322   0.18054294E+04
 5323   0.16331439E+04
 5324   0.13889120E+04
 5325   0.10866543E+04
 5326   0.67597115E+03
 5327   0.61113207E+03
 5328   0.31620118E+03
 5329   0.24928401E+03
 5330   0.10708500E+03
 5331   0.53903320E+02
 5332   0.27993742E+03
 5333   0.73038531E+03
 5334   0.93639724E+03
 5335   0.90578128E+03
 5336   0.83112561E+03
 5337   0.37124672E+03
 5338   0.22561723E+03
 5339   0.17695485E+03
 5340   0.49854423E+03
 5341   0.34578086E+03
 5342   0.26980632E+03
 5343   0.30553832E+03
 5344   0.17517297E+03
 5345   0.87657340E+02
 5346   0.59310640E+02
 5347   0.36799023E+03
 5348   0.47076745E+03
 5349   0.74398711E+03
 5350   0.25664851E+04
 5351   0.36520852E+04
 5352   0.14849040E+04
 5353   0.11977342E+04
 5354   0.58215645E+03
 5355   0.18604178E+03
 5356   0.79171330E+02
 5357   0.41905930E+02
 5358   0.25097110E+02
 5359   0.16179860E+02
 5360   0.10572620E+02
 5361   0.70494900E+01
 5362   0.45866400E+01
 5363   0.32380300E+01
 5364   0.27756700E+01
 5365   0.21015400E+01
 5366   0.23499320E+02
 5367   0.92302760E+02
 5368   0.32358863E+03
 5369   0.13949470E+03
 5370   0.65792740E+02
 5371   0.36600610E+02
 5372   0.22406250E+02
 5373   0.14267860E+02
 5374   0.83584000E+01
 5375   0.99827600E+01
 5376   0.53732910E+02
 5377   0.36509810E+02
 5378   0.12484975E+03
 5379   0.75876188E+03
 5380   0.24969506E+03
 5381   0.10310347E+03
 5382   0.55034000E+02
 5383   0.49488410E+02
 5384   0.34361370E+02
 5385   0.22892800E+02
 5386   0.30785320E+02
 5387   0.27528870E+02
 5388   0.28223270E+02
 5389   0.34381830E+02
 5390   0.87389840E+02
 5391   0.54922030E+02
 5392   0.44899310E+02
 5393   0.37411010E+02
 5394   0.20739390E+03
 5395   0.12541366E+03
 5396   0.16168008E+03
 5397   0.82970860E+02
 5398   0.47482320E+02
 5399   0.30694260E+02
 5400   0.21930380E+02
 5401   0.16099560E+02
 5402   0.11481560E+02
 5403   0.79163500E+01
 5404   0.56147800E+01
 5405   0.32173800E+01
 5406   0.25323400E+01
 5407   0.19857200E+01
 5408   0.15884800E+01
 5409   0.12149700E+01
 5410   0.98767000E+00
 5411   0.83227000E+00
 5412   0.68678000E+00
 5413   0.55483000E+00
 5414   0.46301000E+00
 5415   0.40037000E+00
 5416   0.35849000E+00
 5417   0.39473000E+00
 5418   0.53803000E+00
 5419   0.78273000E+00
 5420   0.78432000E+00
 5421   0.82119000E+00
 5422   0.82732000E+00
 5423   0.79837000E+00
 5424   0.74061000E+00
 5425   0.66615000E+00
 5426   0.54226000E+00
 5427   0.43537000E+00
 5428   0.37635000E+00
 5429   0.32421000E+00
 5430   0.24912000E+00
 5431   0.18835000E+00
 5432   0.14672000E+00
 5433   0.11743000E+00
 5434   0.96280000E-01
 5435   0.80590000E-01
 5436   0.68640000E-01
 5437   0.59310000E-01
 5438   0.51880000E-01
 5439   0.45850000E-01
 5440   0.40880000E-01
 5441   0.36730000E-01
 5442   0.33210000E-01
 5443   0.30200000E-01
 5444   0.27610000E-01
 5445   0.25350000E-01
 5446   0.23370000E-01
 5447   0.21620000E-01
 5448   0.20070000E-01
 5449   0.18690000E-01
 5450   0.17460000E-01
 5451   0.16390000E-01
 5452   0.15440000E-01
 5453   0.14600000E-01
 5454   0.13840000E-01
 5455   0.31167000E+00
 5456   0.57866000E+00
 5457   0.28341800E+01
 5458   0.51469400E+01
 5459   0.52465300E+01
 5460   0.54424400E+01
 5461   0.57786500E+01
 5462   0.52266700E+01
 5463   0.54093200E+01
 5464   0.64024200E+01
 5465   0.58457200E+01
 5466   0.43642800E+01
 5467   0.27153400E+01
 5468   0.23247100E+01
 5469   0.20805400E+01
 5470   0.24390400E+01
 5471   0.73399500E+01
 5472   0.10177570E+02
 5473   0.97931200E+01
 5474   0.10092170E+02
 5475   0.93987900E+01
 5476   0.82765500E+01
 5477   0.68779600E+01
 5478   0.65327700E+01
 5479   0.56911900E+01
 5480   0.43518300E+01
 5481   0.34741000E+01
 5482   0.27898000E+01
 5483   0.22693700E+01
 5484   0.18574200E+01
 5485   0.14933400E+01
 5486   0.11867800E+01
 5487   0.86542000E+00
 5488   0.72811000E+00
 5489   0.61492000E+00
 5490   0.52599000E+00
 5491   0.45470000E+00
 5492   0.38674000E+00
 5493   0.31939000E+00
 5494   0.21680000E+00
 5495   0.15485000E+00
 5496   0.11878000E+00
 5497   0.95000000E-01
 5498   0.78150000E-01
 5499   0.65660000E-01
 5500   0.56100000E-01
 5501   0.48590000E-01
 5502   0.42580000E-01
 5503   0.37680000E-01
 5504   0.33630000E-01
 5505   0.30230000E-01
 5506   0.27350000E-01
 5507   0.24880000E-01
 5508   0.22750000E-01
 5509   0.20900000E-01
 5510   0.19270000E-01
 5511   0.17840000E-01
 5512   0.16570000E-01
 5513   0.15430000E-01
 5514   0.14450000E-01
 5515   0.52670000E+00
 5516   0.67672100E+01
 5517   0.14065200E+02
 5518   0.18150220E+02
 5519   0.20900890E+02
 5520   0.16289140E+02
 5521   0.11468210E+02
 5522   0.79046400E+01
 5523   0.56182400E+01
 5524   0.39085700E+01
 5525   0.29742400E+01
 5526   0.17633740E+02
 5527   0.35352950E+02
 5528   0.29390980E+02
 5529   0.21161320E+02
 5530   0.18137010E+02
 5531   0.14920680E+02
 5532   0.11055050E+02
 5533   0.78261100E+01
 5534   0.56965400E+01
 5535   0.40624500E+01
 5536   0.27932270E+02
 5537   0.29934790E+02
 5538   0.22483350E+02
 5539   0.36745380E+02
 5540   0.60129130E+02
 5541   0.54430980E+02
 5542   0.60929680E+02
 5543   0.42837120E+02
 5544   0.29969440E+02
 5545   0.22369180E+02
 5546   0.16241430E+02
 5547   0.11409480E+02
 5548   0.78968900E+01
 5549   0.46771400E+01
 5550   0.35574200E+01
 5551   0.27975100E+01
 5552   0.22463100E+01
 5553   0.18737900E+01
 5554   0.23220100E+01
 5555   0.10109690E+02
 5556   0.16404190E+02
 5557   0.35926940E+02
 5558   0.40243610E+02
 5559   0.34504190E+02
 5560   0.28920360E+02
 5561   0.20497750E+02
 5562   0.13929960E+02
 5563   0.92585000E+01
 5564   0.97686900E+01
 5565   0.15681210E+02
 5566   0.22166390E+02
 5567   0.57828920E+02
 5568   0.13895906E+03
 5569   0.12552433E+03
 5570   0.10275360E+03
 5571   0.69277990E+02
 5572   0.48149490E+02
 5573   0.32851440E+02
 5574   0.21938030E+02
 5575   0.14667520E+02
 5576   0.96936700E+01
 5577   0.67617400E+01
 5578   0.55449300E+01
 5579   0.30631600E+01
 5580   0.28776700E+01
 5581   0.20754200E+01
 5582   0.27869400E+01
 5583   0.29465900E+01
 5584   0.58567400E+01
 5585   0.75045000E+01
 5586   0.77307000E+01
 5587   0.63701200E+01
 5588   0.46220100E+01
 5589   0.35659000E+01
 5590   0.23431500E+01
 5591   0.20109300E+01
 5592   0.17346300E+01
 5593   0.15582300E+01
 5594   0.58439800E+02
 5595   0.78740180E+03
 5596   0.22071630E+03
 5597   0.89180320E+02
 5598   0.20222432E+03
 5599   0.66089568E+03
 5600   0.78348223E+03
 5601   0.37691019E+03
 5602   0.17198556E+03
 5603   0.11135141E+03
 5604   0.76001400E+02
 5605   0.45092370E+02
 5606   0.29567330E+02
 5607   0.51833170E+02
 5608   0.16025187E+03
 5609   0.11270500E+03
 5610   0.80948530E+02
 5611   0.23855911E+03
 5612   0.16985407E+03
 5613   0.90326060E+02
 5614   0.55134880E+02
 5615   0.80379610E+02
 5616   0.18267258E+03
 5617   0.41115556E+03
 5618   0.46963183E+03
 5619   0.29147941E+03
 5620   0.13179162E+03
 5621   0.86245390E+02
 5622   0.12076832E+03
 5623   0.19744784E+03
 5624   0.21514245E+03
 5625   0.12414738E+03
 5626   0.78313760E+02
 5627   0.63427670E+02
 5628   0.36008620E+02
 5629   0.37286290E+02
 5630   0.30616020E+02
 5631   0.20369130E+02
 5632   0.18028020E+02
 5633   0.37811991E+03
 5634   0.91331972E+03
 5635   0.62819474E+03
 5636   0.37586904E+03
 5637   0.18330087E+03
 5638   0.21855084E+03
 5639   0.57714444E+03
 5640   0.28581051E+03
 5641   0.13840166E+03
 5642   0.16054321E+03
 5643   0.21841873E+03
 5644   0.41970527E+03
 5645   0.11257660E+04
 5646   0.70861431E+03
 5647   0.44020355E+03
 5648   0.48272992E+03
 5649   0.83939517E+03
 5650   0.37777601E+03
 5651   0.22563726E+03
 5652   0.12595654E+03
 5653   0.55425135E+03
 5654   0.20528025E+04
 5655   0.15433765E+04
 5656   0.92025357E+03
 5657   0.53202311E+03
 5658   0.45907146E+03
 5659   0.28286132E+03
 5660   0.20414310E+03
 5661   0.21268425E+03
 5662   0.14804332E+03
 5663   0.81382360E+02
 5664   0.41867310E+02
 5665   0.26149020E+02
 5666   0.17857140E+02
 5667   0.12235430E+02
 5668   0.81764700E+01
 5669   0.57650700E+01
 5670   0.67979900E+01
 5671   0.40014800E+01
 5672   0.22076900E+01
 5673   0.16900300E+01
 5674   0.17282500E+01
 5675   0.33463330E+02
 5676   0.55351932E+03
 5677   0.87567330E+03
 5678   0.80836339E+03
 5679   0.19220147E+04
 5680   0.16059456E+04
 5681   0.43162782E+03
 5682   0.13542869E+03
 5683   0.62970410E+02
 5684   0.10923755E+03
 5685   0.25388229E+04
 5686   0.15554278E+04
 5687   0.78153258E+03
 5688   0.39718168E+03
 5689   0.20148593E+03
 5690   0.89225520E+02
 5691   0.47823170E+02
 5692   0.27926900E+02
 5693   0.44943010E+02
 5694   0.39307114E+03
 5695   0.10736680E+04
 5696   0.51596359E+03
 5697   0.19401758E+03
 5698   0.88092930E+02
 5699   0.51632120E+02
 5700   0.31075010E+02
 5701   0.20020650E+02
 5702   0.13822080E+02
 5703   0.10601370E+02
 5704   0.73010500E+01
 5705   0.48780900E+01
 5706   0.55531400E+01
 5707   0.16868244E+03
 5708   0.45193970E+02
 5709   0.66968510E+02
 5710   0.37101991E+03
 5711   0.25921069E+03
 5712   0.34247700E+03
 5713   0.36041545E+03
 5714   0.14160092E+03
 5715   0.68220930E+02
 5716   0.38284650E+02
 5717   0.23687980E+02
 5718   0.15739980E+02
 5719   0.10686220E+02
 5720   0.73963400E+01
 5721   0.51584000E+01
 5722   0.36659000E+01
 5723   0.22808700E+01
 5724   0.18398000E+01
 5725   0.14620500E+01
 5726   0.11563000E+01
 5727   0.96655000E+00
 5728   0.83034000E+00
 5729   0.72783000E+00
 5730   0.61116000E+00
 5731   0.50973000E+00
 5732   0.44651000E+00
 5733   0.36991000E+00
 5734   0.32898000E+00
 5735   0.12676400E+01
 5736   0.28053700E+01
 5737   0.91279000E+01
 5738   0.97068900E+01
 5739   0.77872700E+01
 5740   0.58351800E+01
 5741   0.40820700E+01
 5742   0.30805200E+01
 5743   0.19944200E+01
 5744   0.16223500E+01
 5745   0.12433700E+01
 5746   0.10125800E+01
 5747   0.86792000E+00
 5748   0.29280200E+01
 5749   0.24374300E+01
 5750   0.16017100E+01
 5751   0.11421200E+01
 5752   0.77597000E+00
 5753   0.39849000E+00
 5754   0.26017000E+00
 5755   0.16185000E+00
 5756   0.11609000E+00
 5757   0.90560000E-01
 5758   0.73990000E-01
 5759   0.62190000E-01
 5760   0.53300000E-01
 5761   0.46360000E-01
 5762   0.40810000E-01
 5763   0.36270000E-01
 5764   0.32530000E-01
 5765   0.29390000E-01
 5766   0.26760000E-01
 5767   0.24520000E-01
 5768   0.22630000E-01
 5769   0.21010000E-01
 5770   0.19620000E-01
 5771   0.18440000E-01
 5772   0.17420000E-01
 5773   0.16530000E-01
 5774   0.15750000E-01
 5775   0.15060000E-01
 5776   0.14450000E-01
 5777   0.13880000E-01
 5778   0.13360000E-01
 5779   0.12870000E-01
 5780   0.30848000E+00
 5781   0.40363800E+01
 5782   0.36977970E+02
 5783   0.10798296E+03
 5784   0.13428941E+03
 5785   0.14898342E+03
 5786   0.11099656E+03
 5787   0.98458750E+02
 5788   0.65371520E+02
 5789   0.39281100E+02
 5790   0.24944200E+02
 5791   0.16542640E+02
 5792   0.11022990E+02
 5793   0.73947800E+01
 5794   0.50112200E+01
 5795   0.29651500E+01
 5796   0.24621400E+01
 5797   0.49422900E+01
 5798   0.99273100E+01
 5799   0.97131600E+01
 5800   0.76565600E+01
 5801   0.56846500E+01
 5802   0.39795800E+01
 5803   0.30006800E+01
 5804   0.23123200E+01
 5805   0.16052900E+01
 5806   0.12130800E+01
 5807   0.98987000E+00
 5808   0.84652000E+00
 5809   0.74452000E+00
 5810   0.62781000E+00
 5811   0.52080000E+00
 5812   0.43731000E+00
 5813   0.36545000E+00
 5814   0.28273000E+00
 5815   0.19496000E+00
 5816   0.14506000E+00
 5817   0.11374000E+00
 5818   0.92200000E-01
 5819   0.13142700E+01
 5820   0.10309500E+01
 5821   0.81450000E+00
 5822   0.62141000E+00
 5823   0.54234000E+00
 5824   0.10498200E+02
 5825   0.96831940E+02
 5826   0.40500491E+03
 5827   0.22351734E+03
 5828   0.10163236E+03
 5829   0.55319930E+02
 5830   0.32158390E+02
 5831   0.20548440E+02
 5832   0.14465870E+02
 5833   0.15573490E+02
 5834   0.16791820E+02
 5835   0.14314000E+02
 5836   0.11751220E+02
 5837   0.10465220E+02
 5838   0.86808800E+01
 5839   0.68882900E+01
 5840   0.51502700E+01
 5841   0.39474000E+01
 5842   0.31551900E+01
 5843   0.53729300E+01
 5844   0.82968500E+01
 5845   0.85548700E+01
 5846   0.60092300E+01
 5847   0.45627900E+01
 5848   0.39703700E+01
 5849   0.38091600E+01
 5850   0.34741400E+01
 5851   0.30714800E+01
 5852   0.26502600E+01
 5853   0.23272200E+01
 5854   0.19942900E+01
 5855   0.16688000E+01
 5856   0.11323700E+01
 5857   0.92482000E+00
 5858   0.79605000E+00
 5859   0.68526000E+00
 5860   0.59914000E+00
 5861   0.51173000E+00
 5862   0.44258000E+00
 5863   0.37930000E+00
 5864   0.31887000E+00
 5865   0.29961000E+00
 5866   0.30859000E+00
 5867   0.27561000E+00
 5868   0.23189000E+00
 5869   0.20328000E+00
 5870   0.20340000E+00
 5871   0.22494000E+00
 5872   0.24597000E+00
 5873   0.26351000E+00
 5874   0.28068000E+00
 5875   0.29631000E+00
 5876   0.30344000E+00
 5877   0.30342000E+00
 5878   0.29796000E+00
 5879   0.28101000E+00
 5880   0.24943000E+00
 5881   0.20622000E+00
 5882   0.16566000E+00
 5883   0.13352000E+00
 5884   0.10922000E+00
 5885   0.70599000E+00
 5886   0.91640000E+00
 5887   0.41447000E+00
 5888   0.28193900E+01
 5889   0.74850700E+01
 5890   0.17465970E+02
 5891   0.18317450E+02
 5892   0.17560970E+02
 5893   0.16615050E+02
 5894   0.30616360E+02
 5895   0.12693896E+03
 5896   0.25432313E+03
 5897   0.22623819E+03
 5898   0.13260452E+03
 5899   0.74651140E+02
 5900   0.45668830E+02
 5901   0.28888740E+02
 5902   0.19260090E+02
 5903   0.13028350E+02
 5904   0.89000700E+01
 5905   0.64297600E+01
 5906   0.44287000E+01
 5907   0.35489000E+01
 5908   0.24408280E+02
 5909   0.73249440E+02
 5910   0.54290510E+02
 5911   0.10298835E+03
 5912   0.14993940E+03
 5913   0.14706593E+03
 5914   0.23703365E+03
 5915   0.33655200E+03
 5916   0.18343949E+03
 5917   0.88309310E+02
 5918   0.56637860E+02
 5919   0.45812480E+02
 5920   0.84785880E+02
 5921   0.18065840E+03
 5922   0.29466754E+03
 5923   0.17770112E+03
 5924   0.89241310E+02
 5925   0.49612270E+02
 5926   0.30168830E+02
 5927   0.22544740E+02
 5928   0.13029020E+02
 5929   0.83180200E+01
 5930   0.59795400E+01
 5931   0.46089600E+01
 5932   0.33470800E+01
 5933   0.31651700E+01
 5934   0.73021460E+02
 5935   0.11794995E+03
 5936   0.77204760E+02
 5937   0.52051690E+02
 5938   0.58500110E+02
 5939   0.50395160E+02
 5940   0.55680620E+02
 5941   0.67422780E+02
 5942   0.17346299E+03
 5943   0.14279314E+03
 5944   0.81067870E+02
 5945   0.11013704E+03
 5946   0.25380295E+03
 5947   0.17216559E+03
 5948   0.88068850E+02
 5949   0.50109820E+02
 5950   0.30604720E+02
 5951   0.64164950E+02
 5952   0.68979500E+02
 5953   0.42915950E+02
 5954   0.31923970E+02
 5955   0.11139774E+03
 5956   0.97645130E+02
 5957   0.62794210E+02
 5958   0.41119570E+02
 5959   0.24863320E+02
 5960   0.16560820E+02
 5961   0.11073630E+02
 5962   0.15337630E+02
 5963   0.48619140E+02
 5964   0.50426000E+02
 5965   0.73586980E+02
 5966   0.58437680E+02
 5967   0.40048850E+02
 5968   0.60339680E+02
 5969   0.59863820E+02
 5970   0.47818090E+02
 5971   0.71569410E+02
 5972   0.62689780E+02
 5973   0.64230950E+02
 5974   0.10062641E+03
 5975   0.17538907E+03
 5976   0.56954062E+03
 5977   0.31103117E+03
 5978   0.26717343E+03
 5979   0.46417344E+03
 5980   0.52800003E+03
 5981   0.53640125E+03
 5982   0.27692479E+03
 5983   0.11413299E+03
 5984   0.61841680E+02
 5985   0.26105075E+03
 5986   0.52964910E+03
 5987   0.57090737E+03
 5988   0.45595450E+03
 5989   0.19506031E+03
 5990   0.88046920E+02
 5991   0.48236530E+02
 5992   0.63172200E+02
 5993   0.43668336E+03
 5994   0.91129788E+03
 5995   0.56273844E+03
 5996   0.43968338E+03
 5997   0.24623905E+03
 5998   0.45644960E+03
 5999   0.95997387E+03
 6000   0.47694639E+03
 6001   0.15279933E+03
 6002   0.87310650E+02
 6003   0.16776605E+03
 6004   0.15252664E+03
 6005   0.18784566E+03
 6006   0.55657853E+03
 6007   0.52753126E+03
 6008   0.19212522E+03
 6009   0.82967250E+02
 6010   0.43690630E+02
 6011   0.26599480E+02
 6012   0.17532440E+02
 6013   0.11983430E+02
 6014   0.86022800E+01
 6015   0.67582200E+01
 6016   0.15343460E+02
 6017   0.19378070E+02
 6018   0.14595710E+02
 6019   0.99800100E+01
 6020   0.63663300E+01
 6021   0.27224200E+02
 6022   0.45211076E+03
 6023   0.52294984E+03
 6024   0.28378208E+03
 6025   0.12200912E+03
 6026   0.28443218E+03
 6027   0.17023374E+04
 6028   0.14044651E+04
 6029   0.58150078E+03
 6030   0.17918800E+03
 6031   0.48451467E+03
 6032   0.12837295E+04
 6033   0.59101596E+03
 6034   0.20509821E+03
 6035   0.92026810E+02
 6036   0.45867670E+02
 6037   0.28712770E+02
 6038   0.23029390E+02
 6039   0.16773090E+02
 6040   0.11142700E+02
 6041   0.58784900E+01
 6042   0.37793000E+01
 6043   0.27770300E+01
 6044   0.21262100E+01
 6045   0.16802700E+01
 6046   0.14704280E+02
 6047   0.69091230E+02
 6048   0.31546484E+03
 6049   0.79141017E+03
 6050   0.39004148E+03
 6051   0.20278894E+03
 6052   0.43596809E+03
 6053   0.53907956E+03
 6054   0.36153507E+03
 6055   0.21062607E+03
 6056   0.12929939E+03
 6057   0.10108018E+04
 6058   0.30159797E+03
 6059   0.11762279E+03
 6060   0.57860100E+02
 6061   0.37093590E+02
 6062   0.21545380E+02
 6063   0.20044630E+02
 6064   0.14292400E+02
 6065   0.19854440E+02
 6066   0.90747410E+02
 6067   0.94212320E+02
 6068   0.53679320E+02
 6069   0.22384310E+02
 6070   0.10966000E+02
 6071   0.57251400E+01
 6072   0.42346300E+01
 6073   0.35491100E+01
 6074   0.29653100E+01
 6075   0.24269700E+01
 6076   0.19957000E+01
 6077   0.16252300E+01
 6078   0.12613100E+01
 6079   0.14324700E+01
 6080   0.64886400E+01
 6081   0.15035085E+03
 6082   0.81770720E+02
 6083   0.46379520E+02
 6084   0.97130400E+02
 6085   0.97165635E+03
 6086   0.17244917E+04
 6087   0.20517823E+04
 6088   0.19897179E+04
 6089   0.49212043E+03
 6090   0.23753848E+03
 6091   0.91829130E+02
 6092   0.45334800E+02
 6093   0.28977460E+02
 6094   0.19623130E+02
 6095   0.13142920E+02
 6096   0.86753300E+01
 6097   0.61784200E+01
 6098   0.45389500E+01
 6099   0.40040000E+01
 6100   0.40505300E+01
 6101   0.17346140E+02
 6102   0.10011830E+02
 6103   0.12196010E+02
 6104   0.54505610E+02
 6105   0.44582330E+02
 6106   0.31133270E+02
 6107   0.21874410E+02
 6108   0.14950800E+02
 6109   0.99433900E+01
 6110   0.68451100E+01
 6111   0.44436300E+01
 6112   0.26621100E+01
 6113   0.20670600E+01
 6114   0.16757300E+01
 6115   0.12902800E+01
 6116   0.10384100E+01
 6117   0.87550000E+00
 6118   0.75680000E+00
 6119   0.62672000E+00
 6120   0.51288000E+00
 6121   0.42772000E+00
 6122   0.35552000E+00
 6123   0.31906000E+00
 6124   0.21198000E+00
 6125   0.14975000E+00
 6126   0.11379000E+00
 6127   0.11091600E+01
 6128   0.13590800E+01
 6129   0.85258700E+01
 6130   0.14660290E+02
 6131   0.16088010E+02
 6132   0.97627100E+01
 6133   0.53575300E+01
 6134   0.39039000E+01
 6135   0.29110600E+01
 6136   0.22143700E+01
 6137   0.17431100E+01
 6138   0.13415200E+01
 6139   0.10857400E+01
 6140   0.96187000E+00
 6141   0.93497000E+00
 6142   0.96040000E+00
 6143   0.87126000E+00
 6144   0.29067080E+02
 6145   0.64203190E+02
 6146   0.56513160E+02
 6147   0.41525220E+02
 6148   0.26331960E+02
 6149   0.30969730E+02
 6150   0.53493410E+02
 6151   0.55072020E+02
 6152   0.48337450E+02
 6153   0.33757080E+02
 6154   0.23552250E+02
 6155   0.16057000E+02
 6156   0.18228860E+02
 6157   0.18201180E+02
 6158   0.39632720E+02
 6159   0.44834690E+02
 6160   0.28382290E+02
 6161   0.18578440E+02
 6162   0.12213520E+02
 6163   0.79437600E+01
 6164   0.45411700E+01
 6165   0.33390800E+01
 6166   0.25472700E+01
 6167   0.20015300E+01
 6168   0.15857700E+01
 6169   0.12032800E+01
 6170   0.97273000E+00
 6171   0.82473000E+00
 6172   0.69940000E+00
 6173   0.56029000E+00
 6174   0.44176000E+00
 6175   0.34533000E+00
 6176   0.26465000E+00
 6177   0.19251000E+00
 6178   0.14656000E+00
 6179   0.11551000E+00
 6180   0.93560000E-01
 6181   0.77530000E-01
 6182   0.90590000E-01
 6183   0.22411000E+00
 6184   0.46342000E+00
 6185   0.54674000E+00
 6186   0.57719000E+00
 6187   0.56026000E+00
 6188   0.54622000E+00
 6189   0.55509000E+00
 6190   0.58023000E+00
 6191   0.59721000E+00
 6192   0.60360000E+00
 6193   0.60382000E+00
 6194   0.56648000E+00
 6195   0.50355000E+00
 6196   0.47186000E+00
 6197   0.43395000E+00
 6198   0.38760000E+00
 6199   0.57215600E+01
 6200   0.29759320E+02
 6201   0.55883850E+02
 6202   0.57186610E+02
 6203   0.39456190E+02
 6204   0.25284080E+02
 6205   0.15796890E+02
 6206   0.10494350E+02
 6207   0.72296800E+01
 6208   0.49017600E+01
 6209   0.37726900E+01
 6210   0.77263100E+01
 6211   0.77055600E+01
 6212   0.61905800E+01
 6213   0.43972600E+01
 6214   0.33189700E+01
 6215   0.20851000E+01
 6216   0.16799800E+01
 6217   0.12997300E+01
 6218   0.10796600E+01
 6219   0.95638000E+00
 6220   0.86011000E+00
 6221   0.78408000E+00
 6222   0.71625000E+00
 6223   0.64471000E+00
 6224   0.57541000E+00
 6225   0.47723000E+00
 6226   0.39054000E+00
 6227   0.34475000E+00
 6228   0.28681000E+00
 6229   0.21545000E+00
 6230   0.16453000E+00
 6231   0.12891000E+00
 6232   0.10358000E+00
 6233   0.85140000E-01
 6234   0.71360000E-01
 6235   0.74110000E-01
 6236   0.12985380E+02
 6237   0.34587000E+02
 6238   0.53771200E+02
 6239   0.60106050E+02
 6240   0.66524180E+02
 6241   0.49949680E+02
 6242   0.35650200E+02
 6243   0.27191280E+02
 6244   0.19793050E+02
 6245   0.13797540E+02
 6246   0.84968700E+01
 6247   0.61584600E+01
 6248   0.43135800E+01
 6249   0.33065700E+01
 6250   0.26240900E+01
 6251   0.21114200E+01
 6252   0.17346800E+01
 6253   0.13584300E+01
 6254   0.11106700E+01
 6255   0.95111000E+00
 6256   0.70843000E+00
 6257   0.11213480E+02
 6258   0.34076040E+02
 6259   0.75617140E+02
 6260   0.10944562E+03
 6261   0.84876000E+02
 6262   0.54566760E+02
 6263   0.35150710E+02
 6264   0.24365140E+02
 6265   0.20799490E+02
 6266   0.16364190E+02
 6267   0.12541520E+02
 6268   0.99382700E+01
 6269   0.85235600E+01
 6270   0.71149800E+01
 6271   0.67072900E+01
 6272   0.44774480E+02
 6273   0.48162194E+03
 6274   0.20971859E+03
 6275   0.13477876E+03
 6276   0.84486990E+02
 6277   0.54101670E+02
 6278   0.54100620E+02
 6279   0.47261970E+02
 6280   0.83107040E+02
 6281   0.10714915E+03
 6282   0.79297100E+02
 6283   0.50213040E+02
 6284   0.32187040E+02
 6285   0.21308180E+02
 6286   0.14296200E+02
 6287   0.85894400E+01
 6288   0.61158100E+01
 6289   0.42755500E+01
 6290   0.32945800E+01
 6291   0.26077600E+01
 6292   0.92269900E+01
 6293   0.83139400E+01
 6294   0.47887800E+01
 6295   0.28980300E+01
 6296   0.87025100E+01
 6297   0.14849460E+02
 6298   0.18544470E+02
 6299   0.14284960E+02
 6300   0.10193030E+02
 6301   0.83333600E+01
 6302   0.95270000E+01
 6303   0.18208930E+02
 6304   0.14225130E+02
 6305   0.91400200E+01
 6306   0.91575340E+02
 6307   0.11964210E+03
 6308   0.75948550E+02
 6309   0.59042260E+02
 6310   0.18227151E+03
 6311   0.27615737E+03
 6312   0.22796111E+03
 6313   0.10740092E+03
 6314   0.69359830E+02
 6315   0.64899200E+02
 6316   0.80519900E+02
 6317   0.78051610E+02
 6318   0.76210190E+02
 6319   0.62432670E+02
 6320   0.41296340E+02
 6321   0.35327810E+02
 6322   0.52719590E+02
 6323   0.11337532E+03
 6324   0.18573982E+03
 6325   0.19105975E+03
 6326   0.13983940E+03
 6327   0.80928170E+02
 6328   0.44935830E+02
 6329   0.38692210E+02
 6330   0.73870350E+02
 6331   0.84335510E+02
 6332   0.10242406E+03
 6333   0.72789980E+02
 6334   0.45426460E+02
 6335   0.50914540E+02
 6336   0.15696123E+03
 6337   0.27304442E+03
 6338   0.15778844E+03
 6339   0.10446690E+03
 6340   0.61665000E+02
 6341   0.48718110E+02
 6342   0.81066770E+02
 6343   0.81027050E+02
 6344   0.14328401E+03
 6345   0.41010061E+03
 6346   0.36583970E+03
 6347   0.30298356E+03
 6348   0.21433131E+03
 6349   0.13081990E+03
 6350   0.76382080E+02
 6351   0.50736050E+02
 6352   0.31686180E+02
 6353   0.56699710E+02
 6354   0.24315366E+03
 6355   0.21972322E+03
 6356   0.50739091E+03
 6357   0.13213032E+04
 6358   0.21435623E+04
 6359   0.11895611E+04
 6360   0.11514173E+04
 6361   0.39869135E+03
 6362   0.21658463E+03
 6363   0.74747259E+03
 6364   0.70754997E+03
 6365   0.35717609E+03
 6366   0.11064961E+04
 6367   0.93666925E+03
 6368   0.33076182E+03
 6369   0.10382158E+04
 6370   0.21786206E+04
 6371   0.14983824E+04
 6372   0.15639685E+04
 6373   0.19048037E+04
 6374   0.14292887E+04
 6375   0.35445254E+03
 6376   0.17743528E+03
 6377   0.17180789E+04
 6378   0.21483690E+04
 6379   0.15649269E+04
 6380   0.63162200E+03
 6381   0.29383484E+03
 6382   0.16840789E+03
 6383   0.73212527E+03
 6384   0.66916083E+03
 6385   0.34347895E+03
 6386   0.15776060E+03
 6387   0.94188810E+02
 6388   0.87363970E+02
 6389   0.84657740E+02
 6390   0.12691212E+03
 6391   0.72169118E+03
 6392   0.59841041E+03
 6393   0.50556050E+03
 6394   0.21704445E+03
 6395   0.14061152E+03
 6396   0.88165620E+02
 6397   0.14889365E+03
 6398   0.63610430E+03
 6399   0.57981604E+03
 6400   0.49180696E+03
 6401   0.38274762E+03
 6402   0.21203379E+03
 6403   0.97150730E+02
 6404   0.51502440E+02
 6405   0.31634860E+02
 6406   0.20382360E+02
 6407   0.14043210E+02
 6408   0.12471100E+02
 6409   0.11176490E+02
 6410   0.78479500E+01
 6411   0.58539100E+01
 6412   0.40451400E+01
 6413   0.30182000E+01
 6414   0.23003300E+01
 6415   0.18130600E+01
 6416   0.13994400E+01
 6417   0.10872800E+01
 6418   0.89148000E+00
 6419   0.10642700E+01
 6420   0.74622000E+00
 6421   0.66530000E+00
 6422   0.62320000E+00
 6423   0.58401000E+00
 6424   0.55724000E+00
 6425   0.59480000E+00
 6426   0.98666000E+00
 6427   0.46296400E+01
 6428   0.16000530E+02
 6429   0.36086860E+02
 6430   0.36435150E+02
 6431   0.25034720E+02
 6432   0.19527630E+02
 6433   0.14531970E+02
 6434   0.14401870E+02
 6435   0.33014570E+02
 6436   0.18913425E+03
 6437   0.12565244E+03
 6438   0.78075580E+02
 6439   0.55673330E+02
 6440   0.39316390E+02
 6441   0.38788020E+02
 6442   0.19633570E+02
 6443   0.11014350E+02
 6444   0.68218000E+01
 6445   0.44778200E+01
 6446   0.32923700E+01
 6447   0.25624900E+01
 6448   0.20799900E+01
 6449   0.20560700E+01
 6450   0.16287100E+01
 6451   0.50938500E+01
 6452   0.10101961E+03
 6453   0.26931493E+03
 6454   0.13492472E+03
 6455   0.66775970E+02
 6456   0.39152280E+02
 6457   0.24241820E+02
 6458   0.14901050E+02
 6459   0.77613700E+02
 6460   0.11842477E+03
 6461   0.79606080E+02
 6462   0.45814700E+02
 6463   0.31129270E+02
 6464   0.53526880E+02
 6465   0.85997220E+02
 6466   0.61382550E+02
 6467   0.82995970E+02
 6468   0.55098750E+02
 6469   0.32605110E+02
 6470   0.21762570E+02
 6471   0.14373460E+02
 6472   0.10235990E+02
 6473   0.75558500E+01
 6474   0.52396000E+01
 6475   0.36966800E+01
 6476   0.27953200E+01
 6477   0.29113900E+01
 6478   0.29890543E+03
 6479   0.13147598E+04
 6480   0.84954676E+03
 6481   0.23259475E+03
 6482   0.20217589E+03
 6483   0.10366913E+03
 6484   0.56752570E+02
 6485   0.37598120E+02
 6486   0.22363280E+02
 6487   0.15523410E+02
 6488   0.10453450E+02
 6489   0.71864900E+01
 6490   0.47570900E+01
 6491   0.33870900E+01
 6492   0.21279200E+01
 6493   0.17233500E+01
 6494   0.13618500E+01
 6495   0.11360000E+01
 6496   0.10146200E+01
 6497   0.93030000E+00
 6498   0.85571000E+00
 6499   0.77970000E+00
 6500   0.70172000E+00
 6501   0.62399000E+00
 6502   0.51592000E+00
 6503   0.42226000E+00
 6504   0.71772000E+00
 6505   0.56113000E+00
 6506   0.36371000E+00
 6507   0.24215000E+00
 6508   0.16022000E+00
 6509   0.11981000E+00
 6510   0.10789000E+00
 6511   0.15121000E+00
 6512   0.21648000E+00
 6513   0.97138000E+00
 6514   0.58979000E+00
 6515   0.50193000E+00
 6516   0.47609000E+00
 6517   0.43808000E+00
 6518   0.39541000E+00
 6519   0.35568000E+00
 6520   0.32037000E+00
 6521   0.28003000E+00
 6522   0.23376000E+00
 6523   0.18875000E+00
 6524   0.15201000E+00
 6525   0.12407000E+00
 6526   0.20108000E+02
 6527   0.39519920E+02
 6528   0.81485570E+02
 6529   0.88709670E+02
 6530   0.50171440E+02
 6531   0.30498250E+02
 6532   0.19822630E+02
 6533   0.12219660E+02
 6534   0.80793800E+01
 6535   0.56862300E+01
 6536   0.38575900E+01
 6537   0.28613800E+01
 6538   0.21948000E+01
 6539   0.17111200E+01
 6540   0.13299200E+01
 6541   0.10581300E+01
 6542   0.88636000E+00
 6543   0.66265000E+00
 6544   0.53671000E+00
 6545   0.51885000E+00
 6546   0.50107000E+00
 6547   0.46181000E+00
 6548   0.40713000E+00
 6549   0.35520000E+00
 6550   0.30622000E+00
 6551   0.42106000E+00
 6552   0.45300000E+00
 6553   0.38292000E+00
 6554   0.35949000E+00
 6555   0.33314000E+00
 6556   0.29775000E+00
 6557   0.26473000E+00
 6558   0.23501000E+00
 6559   0.20439000E+00
 6560   0.17523000E+00
 6561   0.14958000E+00
 6562   0.12791000E+00
 6563   0.10991000E+00
 6564   0.95050000E-01
 6565   0.82770000E-01
 6566   0.72750000E-01
 6567   0.60037000E+00
 6568   0.19788900E+01
 6569   0.27475300E+01
 6570   0.33120100E+01
 6571   0.31396500E+01
 6572   0.45324500E+01
 6573   0.67294500E+01
 6574   0.75172300E+01
 6575   0.66917500E+01
 6576   0.60082500E+01
 6577   0.55841700E+01
 6578   0.47491400E+01
 6579   0.39795000E+01
 6580   0.32187900E+01
 6581   0.26005100E+01
 6582   0.21217000E+01
 6583   0.17381700E+01
 6584   0.11666000E+01
 6585   0.93671000E+00
 6586   0.10880100E+01
 6587   0.15689200E+01
 6588   0.47645100E+01
 6589   0.57702600E+01
 6590   0.49683200E+01
 6591   0.41884400E+01
 6592   0.40149300E+01
 6593   0.38653200E+01
 6594   0.28383900E+01
 6595   0.25525900E+01
 6596   0.21816300E+01
 6597   0.18618200E+01
 6598   0.15226700E+01
 6599   0.12383200E+01
 6600   0.10518100E+01
 6601   0.91194000E+00
 6602   0.80224000E+00
 6603   0.69557000E+00
 6604   0.52903000E+00
 6605   0.41253000E+00
 6606   0.35259000E+00
 6607   0.27627000E+00
 6608   0.19290000E+00
 6609   0.14406000E+00
 6610   0.11284000E+00
 6611   0.91240000E-01
 6612   0.75560000E-01
 6613   0.63790000E-01
 6614   0.26582000E+00
 6615   0.29631000E+00
 6616   0.73608000E+00
 6617   0.80331000E+00
 6618   0.39735000E+00
 6619   0.27780000E+00
 6620   0.18381000E+00
 6621   0.13971000E+00
 6622   0.11469000E+00
 6623   0.97340000E-01
 6624   0.84710000E-01
 6625   0.75870000E-01
 6626   0.13449200E+01
 6627   0.18634700E+01
 6628   0.46115100E+01
 6629   0.68835600E+01
 6630   0.66501500E+01
 6631   0.57809600E+01
 6632   0.55126600E+01
 6633   0.64978200E+01
 6634   0.33420940E+02
 6635   0.62160050E+02
 6636   0.69452370E+02
 6637   0.47233740E+02
 6638   0.29304130E+02
 6639   0.19270450E+02
 6640   0.12993120E+02
 6641   0.88033800E+01
 6642   0.63447900E+01
 6643   0.44837900E+01
 6644   0.61417000E+01
 6645   0.68694600E+01
 6646   0.10823140E+02
 6647   0.15426140E+02
 6648   0.14922190E+02
 6649   0.15858250E+02
 6650   0.27601180E+02
 6651   0.29583730E+02
 6652   0.28284120E+02
 6653   0.62930480E+02
 6654   0.78059780E+02
 6655   0.68527360E+02
 6656   0.42657950E+02
 6657   0.27430870E+02
 6658   0.46515890E+02
 6659   0.39177183E+03
 6660   0.76767108E+03
 6661   0.60713778E+03
 6662   0.25361942E+03
 6663   0.11878768E+03
 6664   0.73476530E+02
 6665   0.48772280E+02
 6666   0.32681870E+02
 6667   0.24818890E+02
 6668   0.18398200E+02
 6669   0.13023550E+02
 6670   0.89566500E+01
 6671   0.64445200E+01
 6672   0.44140400E+01
 6673   0.57853600E+01
 6674   0.44014700E+01
 6675   0.32872800E+01
 6676   0.20403100E+01
 6677   0.16340200E+01
 6678   0.12468900E+01
 6679   0.57556800E+01
 6680   0.87346700E+01
 6681   0.28470130E+02
 6682   0.91360090E+02
 6683   0.75671770E+02
 6684   0.59053560E+02
 6685   0.20693951E+03
 6686   0.23146026E+03
 6687   0.14375018E+03
 6688   0.73846590E+02
 6689   0.41907470E+02
 6690   0.25887760E+02
 6691   0.17175880E+02
 6692   0.12402780E+02
 6693   0.13286470E+02
 6694   0.16710260E+02
 6695   0.27320340E+02
 6696   0.72584970E+02
 6697   0.23095946E+03
 6698   0.52601346E+03
 6699   0.50045829E+03
 6700   0.37678536E+03
 6701   0.18624461E+03
 6702   0.84966600E+02
 6703   0.12891737E+03
 6704   0.16085026E+03
 6705   0.10298020E+03
 6706   0.55945640E+02
 6707   0.79895210E+02
 6708   0.18733781E+03
 6709   0.35605148E+03
 6710   0.41921193E+03
 6711   0.26451640E+03
 6712   0.15963936E+03
 6713   0.17555440E+03
 6714   0.17763080E+03
 6715   0.10732333E+03
 6716   0.61672730E+02
 6717   0.38247410E+02
 6718   0.43392900E+02
 6719   0.54440410E+02
 6720   0.93952620E+02
 6721   0.33006898E+03
 6722   0.19007530E+03
 6723   0.85023150E+02
 6724   0.45568900E+02
 6725   0.27820560E+02
 6726   0.42249780E+02
 6727   0.88587780E+02
 6728   0.63528180E+02
 6729   0.45942100E+02
 6730   0.35904780E+02
 6731   0.24656155E+03
 6732   0.35314714E+03
 6733   0.10123391E+04
 6734   0.10897239E+04
 6735   0.61844315E+03
 6736   0.60583425E+03
 6737   0.27671890E+03
 6738   0.10907946E+03
 6739   0.55370510E+02
 6740   0.31821480E+02
 6741   0.26146020E+02
 6742   0.70191798E+03
 6743   0.78603830E+03
 6744   0.55425219E+03
 6745   0.34973430E+03
 6746   0.34073032E+03
 6747   0.45295018E+03
 6748   0.43373080E+03
 6749   0.48067250E+03
 6750   0.13481840E+04
 6751   0.22062159E+04
 6752   0.17891525E+04
 6753   0.55020993E+03
 6754   0.22236399E+03
 6755   0.18628437E+03
 6756   0.32786395E+03
 6757   0.35966897E+03
 6758   0.13331259E+03
 6759   0.65225530E+02
 6760   0.52388990E+02
 6761   0.14543925E+03
 6762   0.72827477E+03
 6763   0.15750848E+04
 6764   0.15597426E+04
 6765   0.76911983E+03
 6766   0.35685367E+03
 6767   0.16540024E+03
 6768   0.10688550E+03
 6769   0.10099178E+03
 6770   0.73685290E+02
 6771   0.60916770E+02
 6772   0.67451700E+02
 6773   0.69157780E+02
 6774   0.55238030E+02
 6775   0.33119220E+02
 6776   0.21284100E+02
 6777   0.14508060E+02
 6778   0.97150800E+01
 6779   0.61743400E+01
 6780   0.41626800E+01
 6781   0.31089000E+01
 6782   0.65258600E+01
 6783   0.22754650E+02
 6784   0.11221398E+03
 6785   0.12056498E+03
 6786   0.11723186E+03
 6787   0.41516070E+02
 6788   0.33435710E+02
 6789   0.63059020E+02
 6790   0.10339659E+03
 6791   0.25176005E+03
 6792   0.18062697E+03
 6793   0.12326256E+03
 6794   0.99169170E+02
 6795   0.19311523E+03
 6796   0.16761468E+03
 6797   0.12468209E+03
 6798   0.11653888E+03
 6799   0.80290460E+02
 6800   0.16296469E+03
 6801   0.92299540E+02
 6802   0.37043040E+02
 6803   0.21062200E+02
 6804   0.14194980E+02
 6805   0.99137300E+01
 6806   0.73321700E+01
 6807   0.14954380E+02
 6808   0.89525000E+01
 6809   0.92769500E+01
 6810   0.72778000E+01
 6811   0.40502800E+01
 6812   0.33874400E+01
 6813   0.43415150E+02
 6814   0.10187965E+03
 6815   0.68334570E+02
 6816   0.54181420E+02
 6817   0.30294310E+02
 6818   0.17267920E+02
 6819   0.10758010E+02
 6820   0.64673700E+01
 6821   0.42344800E+01
 6822   0.31047800E+01
 6823   0.23489600E+01
 6824   0.16735894E+03
 6825   0.29666300E+04
 6826   0.13979405E+04
 6827   0.76961223E+03
 6828   0.22471733E+03
 6829   0.90574160E+02
 6830   0.10216951E+03
 6831   0.94154530E+02
 6832   0.38237100E+02
 6833   0.21598640E+02
 6834   0.14286370E+02
 6835   0.10433670E+02
 6836   0.78858600E+01
 6837   0.60848200E+01
 6838   0.13009850E+02
 6839   0.48744550E+02
 6840   0.24384540E+02
 6841   0.11129570E+02
 6842   0.62214100E+01
 6843   0.39907800E+01
 6844   0.30305000E+01
 6845   0.24739800E+01
 6846   0.21083900E+01
 6847   0.18219100E+01
 6848   0.14795900E+01
 6849   0.12094500E+01
 6850   0.90307000E+00
 6851   0.76852000E+00
 6852   0.65180000E+00
 6853   0.56899000E+00
 6854   0.49799000E+00
 6855   0.43342000E+00
 6856   0.37240000E+00
 6857   0.30816000E+00
 6858   0.21840000E+00
 6859   0.16170000E+00
 6860   0.12567000E+00
 6861   0.10092000E+00
 6862   0.83080000E-01
 6863   0.69770000E-01
 6864   0.59570000E-01
 6865   0.80160000E-01
 6866   0.10478400E+01
 6867   0.48767800E+01
 6868   0.31064750E+02
 6869   0.24360150E+02
 6870   0.16775440E+02
 6871   0.10964350E+02
 6872   0.76686300E+01
 6873   0.55063700E+01
 6874   0.37682400E+01
 6875   0.28535500E+01
 6876   0.21889200E+01
 6877   0.17087700E+01
 6878   0.13039600E+01
 6879   0.10370500E+01
 6880   0.85842000E+00
 6881   0.63409000E+00
 6882   0.50171000E+00
 6883   0.42999000E+00
 6884   0.37021000E+00
 6885   0.31503000E+00
 6886   0.22915000E+00
 6887   0.16991000E+00
 6888   0.13173000E+00
 6889   0.10542000E+00
 6890   0.86500000E-01
 6891   0.72430000E-01
 6892   0.61680000E-01
 6893   0.53260000E-01
 6894   0.46540000E-01
 6895   0.41080000E-01
 6896   0.36580000E-01
 6897   0.32810000E-01
 6898   0.29630000E-01
 6899   0.26910000E-01
 6900   0.24560000E-01
 6901   0.22530000E-01
 6902   0.20740000E-01
 6903   0.19170000E-01
 6904   0.17780000E-01
 6905   0.16540000E-01
 6906   0.15440000E-01
 6907   0.14440000E-01
 6908   0.13540000E-01
 6909   0.12720000E-01
 6910   0.11980000E-01
 6911   0.11300000E-01
 6912   0.10690000E-01
 6913   0.78549000E+00
 6914   0.37591700E+01
 6915   0.55406600E+01
 6916   0.57473900E+01
 6917   0.46489600E+01
 6918   0.38540800E+01
 6919   0.32931900E+01
 6920   0.28152600E+01
 6921   0.23678400E+01
 6922   0.17099300E+01
 6923   0.13620900E+01
 6924   0.11428000E+01
 6925   0.98845000E+00
 6926   0.87522000E+00
 6927   0.78211000E+00
 6928   0.68270000E+00
 6929   0.59315000E+00
 6930   0.49742000E+00
 6931   0.42003000E+00
 6932   0.33674000E+00
 6933   0.23807000E+00
 6934   0.17568000E+00
 6935   0.13544000E+00
 6936   0.10775000E+00
 6937   0.87930000E-01
 6938   0.73290000E-01
 6939   0.62160000E-01
 6940   0.53530000E-01
 6941   0.46770000E-01
 6942   0.41380000E-01
 6943   0.36980000E-01
 6944   0.33280000E-01
 6945   0.30110000E-01
 6946   0.27370000E-01
 6947   0.24980000E-01
 6948   0.22890000E-01
 6949   0.21070000E-01
 6950   0.19460000E-01
 6951   0.21426000E+00
 6952   0.82949000E+00
 6953   0.10023700E+01
 6954   0.11033700E+01
 6955   0.10995400E+01
 6956   0.10270300E+01
 6957   0.95011000E+00
 6958   0.88624000E+00
 6959   0.84845000E+00
 6960   0.83262000E+00
 6961   0.81201000E+00
 6962   0.78347000E+00
 6963   0.67789000E+00
 6964   0.59381000E+00
 6965   0.54386000E+00
 6966   0.49553000E+00
 6967   0.44441000E+00
 6968   0.38900000E+00
 6969   0.33611000E+00
 6970   0.20079800E+01
 6971   0.35027400E+01
 6972   0.26620700E+01
 6973   0.14082000E+01
 6974   0.95166000E+00
 6975   0.49693000E+00
 6976   0.40446000E+00
 6977   0.44272000E+00
 6978   0.48359000E+00
 6979   0.47783000E+00
 6980   0.44496000E+00
 6981   0.39967000E+00
 6982   0.35671000E+00
 6983   0.32061000E+00
 6984   0.37382900E+01
 6985   0.62758700E+01
 6986   0.83354900E+01
 6987   0.17043570E+02
 6988   0.25047410E+02
 6989   0.24020530E+02
 6990   0.18630400E+02
 6991   0.20095550E+02
 6992   0.78063690E+02
 6993   0.90928090E+02
 6994   0.63622490E+02
 6995   0.40755170E+02
 6996   0.25925630E+02
 6997   0.17341870E+02
 6998   0.11712320E+02
 6999   0.88516600E+01
 7000   0.63714500E+01
 7001   0.43128700E+01
 7002   0.32191800E+01
 7003   0.25279000E+01
 7004   0.17008900E+01
 7005   0.13010400E+01
 7006   0.26281800E+01
 7007   0.20429800E+01
 7008   0.29691000E+01
 7009   0.24127200E+01
 7010   0.19765800E+01
 7011   0.16655800E+01
 7012   0.35288900E+01
 7013   0.33870400E+01
 7014   0.20749500E+01
 7015   0.17260700E+01
 7016   0.13879200E+01
 7017   0.51481300E+01
 7018   0.25959610E+02
 7019   0.60899050E+02
 7020   0.73906280E+02
 7021   0.60049650E+02
 7022   0.54037640E+02
 7023   0.45879680E+02
 7024   0.36208920E+02
 7025   0.65481760E+02
 7026   0.80065680E+02
 7027   0.52066840E+02
 7028   0.36101240E+02
 7029   0.39784940E+02
 7030   0.41522140E+02
 7031   0.28253970E+02
 7032   0.20404940E+02
 7033   0.15629440E+02
 7034   0.11661290E+02
 7035   0.77617700E+01
 7036   0.11319290E+02
 7037   0.14397560E+02
 7038   0.14801320E+02
 7039   0.45140650E+02
 7040   0.51184660E+02
 7041   0.39932080E+02
 7042   0.33160640E+02
 7043   0.21997200E+02
 7044   0.14862080E+02
 7045   0.92578100E+01
 7046   0.69780100E+01
 7047   0.47653900E+01
 7048   0.34536300E+01
 7049   0.26665200E+01
 7050   0.23173500E+01
 7051   0.13747850E+02
 7052   0.40642750E+02
 7053   0.38465510E+02
 7054   0.26363890E+02
 7055   0.20154010E+02
 7056   0.15017410E+02
 7057   0.16643830E+02
 7058   0.15395880E+02
 7059   0.11468400E+02
 7060   0.83422000E+01
 7061   0.59195200E+01
 7062   0.49079000E+01
 7063   0.43881310E+02
 7064   0.59792610E+02
 7065   0.42091140E+02
 7066   0.26992550E+02
 7067   0.27164510E+02
 7068   0.54633330E+02
 7069   0.43706100E+02
 7070   0.25908890E+02
 7071   0.17559090E+02
 7072   0.14578170E+02
 7073   0.57057800E+02
 7074   0.69886020E+02
 7075   0.44176840E+02
 7076   0.30799570E+02
 7077   0.24394720E+02
 7078   0.21121970E+02
 7079   0.18969770E+02
 7080   0.12353050E+02
 7081   0.12190620E+02
 7082   0.13156505E+03
 7083   0.17769061E+03
 7084   0.92120520E+02
 7085   0.49982770E+02
 7086   0.28794510E+02
 7087   0.19022400E+02
 7088   0.96356250E+02
 7089   0.37471743E+03
 7090   0.18360819E+03
 7091   0.59275186E+03
 7092   0.83320242E+03
 7093   0.94443235E+03
 7094   0.39276012E+03
 7095   0.14493122E+03
 7096   0.67709780E+02
 7097   0.40234850E+02
 7098   0.44712140E+02
 7099   0.93857910E+02
 7100   0.64508490E+02
 7101   0.41324440E+02
 7102   0.30316240E+02
 7103   0.27753742E+03
 7104   0.14965159E+03
 7105   0.80428450E+02
 7106   0.44804760E+02
 7107   0.25783840E+02
 7108   0.17028040E+02
 7109   0.21934730E+02
 7110   0.41194820E+02
 7111   0.18607330E+02
 7112   0.13216280E+02
 7113   0.20171192E+04
 7114   0.31563610E+04
 7115   0.12609303E+04
 7116   0.23844932E+04
 7117   0.13206219E+04
 7118   0.49070056E+03
 7119   0.17546572E+03
 7120   0.13836207E+04
 7121   0.14015278E+04
 7122   0.60278708E+03
 7123   0.32867653E+03
 7124   0.41948838E+03
 7125   0.50415247E+03
 7126   0.72840938E+03
 7127   0.63462734E+03
 7128   0.53096947E+03
 7129   0.19132009E+03
 7130   0.79277890E+02
 7131   0.43806420E+02
 7132   0.91382310E+02
 7133   0.22234725E+03
 7134   0.45078739E+03
 7135   0.68601505E+03
 7136   0.52274776E+03
 7137   0.55903021E+03
 7138   0.38080807E+03
 7139   0.13631204E+03
 7140   0.65692470E+02
 7141   0.39918950E+02
 7142   0.26761860E+02
 7143   0.21427854E+03
 7144   0.41593233E+03
 7145   0.27508467E+03
 7146   0.10743929E+03
 7147   0.53277770E+02
 7148   0.41194550E+02
 7149   0.14285113E+03
 7150   0.28442272E+04
 7151   0.84774762E+03
 7152   0.26508086E+03
 7153   0.16296354E+03
 7154   0.84802140E+02
 7155   0.40774460E+02
 7156   0.23957620E+02
 7157   0.15156640E+02
 7158   0.89433800E+01
 7159   0.64301500E+01
 7160   0.44170300E+01
 7161   0.32709400E+01
 7162   0.25191100E+01
 7163   0.20642200E+01
 7164   0.23967990E+03
 7165   0.99458338E+03
 7166   0.62053658E+03
 7167   0.29281718E+03
 7168   0.10957922E+03
 7169   0.55159870E+02
 7170   0.31951670E+02
 7171   0.20085290E+02
 7172   0.13077640E+02
 7173   0.91384900E+01
 7174   0.75986500E+01
 7175   0.66844500E+01
 7176   0.81315500E+01
 7177   0.60680210E+02
 7178   0.13618232E+03
 7179   0.31458939E+03
 7180   0.13801555E+03
 7181   0.66492630E+02
 7182   0.37323820E+02
 7183   0.24405220E+02
 7184   0.22775590E+02
 7185   0.29932600E+02
 7186   0.77632200E+02
 7187   0.46708580E+02
 7188   0.28363460E+02
 7189   0.17745760E+02
 7190   0.11991550E+02
 7191   0.80511100E+01
 7192   0.77054800E+01
 7193   0.49048800E+01
 7194   0.32553900E+01
 7195   0.24459400E+01
 7196   0.18577900E+01
 7197   0.14085400E+01
 7198   0.14448000E+02
 7199   0.47497450E+02
 7200   0.65182190E+02
 7201   0.78957920E+02
 7202   0.45628920E+02
 7203   0.27991040E+02
 7204   0.18362220E+02
 7205   0.12211430E+02
 7206   0.80496300E+01
 7207   0.55822000E+01
 7208   0.37227000E+01
 7209   0.22787500E+01
 7210   0.18348500E+01
 7211   0.14498200E+01
 7212   0.11256800E+01
 7213   0.93528000E+00
 7214   0.80407000E+00
 7215   0.68244000E+00
 7216   0.56157000E+00
 7217   0.46413000E+00
 7218   0.38363000E+00
 7219   0.33846000E+00
 7220   0.45504000E+00
 7221   0.10549700E+01
 7222   0.18854200E+01
 7223   0.20602200E+01
 7224   0.18207100E+01
 7225   0.14659200E+01
 7226   0.11984800E+01
 7227   0.99339000E+00
 7228   0.83880000E+00
 7229   0.71874000E+00
 7230   0.56324000E+00
 7231   0.46686000E+00
 7232   0.42123000E+00
 7233   0.38424000E+00
 7234   0.34932000E+00
 7235   0.31254000E+00
 7236   0.24958000E+00
 7237   0.19334000E+00
 7238   0.15118000E+00
 7239   0.12060000E+00
 7240   0.98340000E-01
 7241   0.81810000E-01
 7242   0.69240000E-01
 7243   0.59480000E-01
 7244   0.10349800E+01
 7245   0.29231280E+02
 7246   0.11566333E+03
 7247   0.60138390E+02
 7248   0.35240870E+02
 7249   0.22334070E+02
 7250   0.13780730E+02
 7251   0.90712800E+01
 7252   0.71491500E+01
 7253   0.56312800E+01
 7254   0.36577900E+01
 7255   0.26536200E+01
 7256   0.19801800E+01
 7257   0.15809600E+01
 7258   0.13751100E+01
 7259   0.18325700E+01
 7260   0.19990800E+01
 7261   0.21326700E+01
 7262   0.19704100E+01
 7263   0.16576500E+01
 7264   0.13710100E+01
 7265   0.11581500E+01
 7266   0.98354000E+00
 7267   0.84283000E+00
 7268   0.73504000E+00
 7269   0.60837000E+00
 7270   0.49731000E+00
 7271   0.39714000E+00
 7272   0.29630000E+00
 7273   0.21432000E+00
 7274   0.16135000E+00
 7275   0.12583000E+00
 7276   0.10094000E+00
 7277   0.82910000E-01
 7278   0.69460000E-01
 7279   0.59170000E-01
 7280   0.51110000E-01
 7281   0.44670000E-01
 7282   0.39430000E-01
 7283   0.42440000E-01
 7284   0.12196000E+01
 7285   0.40546600E+01
 7286   0.77136600E+01
 7287   0.73998500E+01
 7288   0.58865600E+01
 7289   0.47535700E+01
 7290   0.42707600E+01
 7291   0.30091000E+01
 7292   0.26799600E+01
 7293   0.22753100E+01
 7294   0.19740600E+01
 7295   0.42204400E+01
 7296   0.82066200E+01
 7297   0.12414970E+02
 7298   0.18189857E+03
 7299   0.17292554E+03
 7300   0.10229157E+03
 7301   0.53381900E+02
 7302   0.32341250E+02
 7303   0.20968980E+02
 7304   0.13869660E+02
 7305   0.92152200E+01
 7306   0.65356000E+01
 7307   0.44872000E+01
 7308   0.34255100E+01
 7309   0.27181900E+01
 7310   0.21920700E+01
 7311   0.18022600E+01
 7312   0.12710800E+01
 7313   0.29648400E+01
 7314   0.53876900E+01
 7315   0.12388050E+02
 7316   0.12466790E+02
 7317   0.13025050E+02
 7318   0.43582910E+02
 7319   0.76436160E+02
 7320   0.60610610E+02
 7321   0.42290960E+02
 7322   0.41831810E+02
 7323   0.42289390E+02
 7324   0.30192520E+02
 7325   0.24251030E+02
 7326   0.21765250E+02
 7327   0.19716360E+02
 7328   0.15962870E+02
 7329   0.12249250E+02
 7330   0.91072400E+01
 7331   0.68615500E+01
 7332   0.41172100E+01
 7333   0.33305000E+01
 7334   0.27140400E+01
 7335   0.22140000E+01
 7336   0.18355200E+01
 7337   0.14869200E+01
 7338   0.11841100E+01
 7339   0.10185100E+01
 7340   0.87597000E+00
 7341   0.84878500E+01
 7342   0.14474271E+03
 7343   0.28319010E+03
 7344   0.13378401E+03
 7345   0.70634770E+02
 7346   0.53951960E+02
 7347   0.63723610E+02
 7348   0.11971410E+03
 7349   0.14449707E+03
 7350   0.95278590E+02
 7351   0.60668250E+02
 7352   0.55591510E+02
 7353   0.46920200E+02
 7354   0.44934830E+02
 7355   0.36727080E+02
 7356   0.40888930E+02
 7357   0.50014320E+02
 7358   0.38667980E+02
 7359   0.32012350E+02
 7360   0.29368760E+02
 7361   0.23092850E+02
 7362   0.16852870E+02
 7363   0.12411430E+02
 7364   0.18452900E+02
 7365   0.33162460E+02
 7366   0.31666460E+02
 7367   0.36161720E+02
 7368   0.31951070E+02
 7369   0.23837740E+02
 7370   0.17863980E+02
 7371   0.13020960E+02
 7372   0.45979070E+02
 7373   0.90344250E+02
 7374   0.12116843E+03
 7375   0.14341266E+03
 7376   0.30646783E+03
 7377   0.36256272E+03
 7378   0.27388344E+03
 7379   0.20478390E+03
 7380   0.12211138E+03
 7381   0.95161930E+02
 7382   0.61313620E+02
 7383   0.39123790E+02
 7384   0.28300510E+02
 7385   0.19942780E+02
 7386   0.33382030E+02
 7387   0.45059598E+03
 7388   0.64874349E+03
 7389   0.50290502E+03
 7390   0.27013513E+03
 7391   0.13732524E+03
 7392   0.88202610E+02
 7393   0.69925230E+02
 7394   0.92746910E+02
 7395   0.23202062E+03
 7396   0.22242746E+03
 7397   0.17736084E+03
 7398   0.21327842E+03
 7399   0.13232105E+03
 7400   0.90807790E+02
 7401   0.74278410E+02
 7402   0.85434860E+02
 7403   0.62522550E+02
 7404   0.43438110E+02
 7405   0.30111120E+02
 7406   0.22457420E+02
 7407   0.20896810E+02
 7408   0.15296780E+02
 7409   0.12556890E+02
 7410   0.34940840E+02
 7411   0.69559440E+02
 7412   0.47115120E+02
 7413   0.35583670E+02
 7414   0.24791170E+02
 7415   0.17482740E+02
 7416   0.11895460E+02
 7417   0.78998500E+01
 7418   0.55803400E+01
 7419   0.38572900E+01
 7420   0.64291500E+01
 7421   0.71004700E+01
 7422   0.66550300E+01
 7423   0.53479800E+01
 7424   0.33159900E+01
 7425   0.27146000E+01
 7426   0.21645400E+01
 7427   0.19857900E+01
 7428   0.29140400E+01
 7429   0.25049400E+01
 7430   0.22551100E+01
 7431   0.21997700E+01
 7432   0.12073570E+02
 7433   0.39087300E+02
 7434   0.35047150E+02
 7435   0.26407580E+02
 7436   0.28819440E+02
 7437   0.22714200E+02
 7438   0.19966910E+02
 7439   0.26417930E+02
 7440   0.31164760E+02
 7441   0.17929250E+02
 7442   0.11082140E+02
 7443   0.96505800E+01
 7444   0.99486800E+01
 7445   0.11430000E+02
 7446   0.18270500E+02
 7447   0.62370140E+02
 7448   0.23422974E+03
 7449   0.50956372E+03
 7450   0.50593530E+03
 7451   0.66948255E+03
 7452   0.43584239E+03
 7453   0.26135916E+03
 7454   0.37214972E+03
 7455   0.44821937E+03
 7456   0.34926433E+03
 7457   0.16999988E+03
 7458   0.93563740E+02
 7459   0.57799410E+02
 7460   0.96613750E+02
 7461   0.40749791E+03
 7462   0.35883853E+03
 7463   0.15303662E+03
 7464   0.89471440E+02
 7465   0.76144580E+02
 7466   0.10766854E+03
 7467   0.23769537E+03
 7468   0.39218786E+03
 7469   0.30309449E+03
 7470   0.64127585E+03
 7471   0.58820317E+03
 7472   0.10135001E+04
 7473   0.13184880E+04
 7474   0.61532794E+03
 7475   0.30843836E+03
 7476   0.55871435E+03
 7477   0.77674705E+03
 7478   0.51575016E+03
 7479   0.18297932E+03
 7480   0.80774860E+02
 7481   0.44365940E+02
 7482   0.27514650E+02
 7483   0.22714860E+02
 7484   0.11840820E+03
 7485   0.22738128E+03
 7486   0.17308021E+03
 7487   0.93423410E+02
 7488   0.56711070E+02
 7489   0.29515788E+03
 7490   0.38250725E+03
 7491   0.23428629E+03
 7492   0.28448240E+03
 7493   0.18653698E+03
 7494   0.89985500E+02
 7495   0.50628030E+02
 7496   0.29498910E+02
 7497   0.24503120E+02
 7498   0.10457266E+03
 7499   0.25653469E+03
 7500   0.12076564E+03
 7501   0.60030830E+02
 7502   0.34311840E+02
 7503   0.47543630E+02
 7504   0.13281598E+03
 7505   0.26636805E+03
 7506   0.40554320E+03
 7507   0.48651516E+03
 7508   0.92666223E+03
 7509   0.46799261E+03
 7510   0.16534342E+03
 7511   0.79698750E+02
 7512   0.79773900E+02
 7513   0.61291820E+02
 7514   0.55612760E+02
 7515   0.28357230E+02
 7516   0.17142250E+02
 7517   0.10843500E+02
 7518   0.78426500E+01
 7519   0.60291300E+01
 7520   0.48916100E+01
 7521   0.19878530E+02
 7522   0.15777789E+03
 7523   0.33700797E+03
 7524   0.11984144E+03
 7525   0.57292380E+02
 7526   0.34372790E+02
 7527   0.22592630E+02
 7528   0.15560370E+02
 7529   0.10588970E+02
 7530   0.70554200E+01
 7531   0.46352800E+01
 7532   0.33577100E+01
 7533   0.25114200E+01
 7534   0.54280300E+01
 7535   0.40489800E+01
 7536   0.28501500E+01
 7537   0.18302500E+01
 7538   0.35728000E+01
 7539   0.11557710E+02
 7540   0.76616100E+01
 7541   0.44528000E+01
 7542   0.32822500E+01
 7543   0.25712200E+01
 7544   0.20459800E+01
 7545   0.16642700E+01
 7546   0.12555900E+01
 7547   0.89723000E+00
 7548   0.75361000E+00
 7549   0.62613000E+00
 7550   0.53811000E+00
 7551   0.47508000E+00
 7552   0.41538000E+00
 7553   0.36007000E+00
 7554   0.29754000E+00
 7555   0.21833000E+00
 7556   0.10494190E+02
 7557   0.18751340E+02
 7558   0.89273200E+01
 7559   0.43042400E+01
 7560   0.26587200E+01
 7561   0.18741200E+01
 7562   0.14618400E+01
 7563   0.11137100E+01
 7564   0.92237000E+00
 7565   0.81021000E+00
 7566   0.72609000E+00
 7567   0.65969000E+00
 7568   0.56835000E+00
 7569   0.48885000E+00
 7570   0.46126000E+00
 7571   0.52734000E+00
 7572   0.76409600E+01
 7573   0.13372290E+02
 7574   0.24042240E+02
 7575   0.17953380E+02
 7576   0.12119600E+02
 7577   0.79807200E+01
 7578   0.45848300E+01
 7579   0.33649300E+01
 7580   0.25491100E+01
 7581   0.19726900E+01
 7582   0.15816400E+01
 7583   0.12059400E+01
 7584   0.97540000E+00
 7585   0.80909000E+00
 7586   0.65626000E+00
 7587   0.52530000E+00
 7588   0.41418000E+00
 7589   0.31807000E+00
 7590   0.23106000E+00
 7591   0.17210000E+00
 7592   0.13348000E+00
 7593   0.10673000E+00
 7594   0.87460000E-01
 7595   0.73140000E-01
 7596   0.62200000E-01
 7597   0.53650000E-01
 7598   0.46830000E-01
 7599   0.41290000E-01
 7600   0.46220000E-01
 7601   0.39714100E+01
 7602   0.10893250E+02
 7603   0.11069990E+02
 7604   0.88984500E+01
 7605   0.68617700E+01
 7606   0.49431100E+01
 7607   0.36828600E+01
 7608   0.27973700E+01
 7609   0.43478100E+01
 7610   0.31151100E+01
 7611   0.23914700E+01
 7612   0.19002500E+01
 7613   0.15137400E+01
 7614   0.11627200E+01
 7615   0.94650000E+00
 7616   0.80345000E+00
 7617   0.66440000E+00
 7618   0.53921000E+00
 7619   0.43441000E+00
 7620   0.34715000E+00
 7621   0.29589000E+00
 7622   0.23432000E+00
 7623   0.18410000E+00
 7624   0.14626000E+00
 7625   0.11844000E+00
 7626   0.97860000E-01
 7627   0.82340000E-01
 7628   0.70370000E-01
 7629   0.60940000E-01
 7630   0.53370000E-01
 7631   0.47190000E-01
 7632   0.42070000E-01
 7633   0.37770000E-01
 7634   0.34130000E-01
 7635   0.31010000E-01
 7636   0.28310000E-01
 7637   0.25960000E-01
 7638   0.23900000E-01
 7639   0.22080000E-01
 7640   0.20890000E-01
 7641   0.19040000E-01
 7642   0.17750000E-01
 7643   0.16600000E-01
 7644   0.15570000E-01
 7645   0.14640000E-01
 7646   0.13820000E-01
 7647   0.13070000E-01
 7648   0.12410000E-01
 7649   0.11830000E-01
 7650   0.11310000E-01
 7651   0.10850000E-01
 7652   0.10450000E-01
 7653   0.10090000E-01
 7654   0.97800000E-02
 7655   0.95000000E-02
 7656   0.92500000E-02
 7657   0.90200000E-02
 7658   0.88000000E-02
 7659   0.86000000E-02
 7660   0.84000000E-02
 7661   0.82000000E-02
 7662   0.80100000E-02
 7663   0.78200000E-02
 7664   0.76300000E-02
 7665   0.74400000E-02
 7666   0.72500000E-02
 7667   0.36910000E-01
 7668   0.38690000E-01
 7669   0.29000000E-01
 7670   0.23760000E-01
 7671   0.20270000E-01
 7672   0.17670000E-01
 7673   0.15680000E-01
 7674   0.14120000E-01
 7675   0.14908000E+00
 7676   0.33070470E+02
 7677   0.78290910E+02
 7678   0.54295710E+02
 7679   0.43032200E+02
 7680   0.30178590E+02
 7681   0.20260920E+02
 7682   0.13619700E+02
 7683   0.91375300E+01
 7684   0.66802700E+01
 7685   0.38283300E+01
 7686   0.30419000E+01
 7687   0.24326000E+01
 7688   0.19984900E+01
 7689   0.16847500E+01
 7690   0.13198600E+01
 7691   0.10908200E+01
 7692   0.93296000E+00
 7693   0.81659000E+00
 7694   0.72372000E+00
 7695   0.53698000E+00
 7696   0.28047200E+01
 7697   0.56584300E+01
 7698   0.91631400E+01
 7699   0.15242090E+02
 7700   0.21057050E+02
 7701   0.22735370E+02
 7702   0.25029720E+02
 7703   0.19014720E+02
 7704   0.13246720E+02
 7705   0.82319000E+01
 7706   0.60687800E+01
 7707   0.42933300E+01
 7708   0.32701700E+01
 7709   0.25988000E+01
 7710   0.21076100E+01
 7711   0.52606200E+01
 7712   0.11900630E+02
 7713   0.16927930E+02
 7714   0.19008640E+02
 7715   0.17317110E+02
 7716   0.24852620E+02
 7717   0.57914690E+02
 7718   0.92449390E+02
 7719   0.11420673E+03
 7720   0.10881947E+03
 7721   0.92125400E+02
 7722   0.93301850E+02
 7723   0.70770370E+02
 7724   0.67656970E+02
 7725   0.58400410E+02
 7726   0.38527900E+02
 7727   0.28578150E+02
 7728   0.37425160E+02
 7729   0.58941080E+02
 7730   0.77255330E+02
 7731   0.66230200E+02
 7732   0.92169240E+02
 7733   0.85872690E+02
 7734   0.55626710E+02
 7735   0.42224440E+02
 7736   0.42808130E+02
 7737   0.12138826E+03
 7738   0.24216619E+03
 7739   0.36065323E+03
 7740   0.18390131E+03
 7741   0.87666290E+02
 7742   0.31195061E+03
 7743   0.57230503E+03
 7744   0.47575614E+03
 7745   0.20169426E+03
 7746   0.10715384E+03
 7747   0.97730440E+02
 7748   0.59091890E+02
 7749   0.36810880E+02
 7750   0.27915410E+02
 7751   0.19991880E+02
 7752   0.15597020E+02
 7753   0.10213180E+02
 7754   0.68364400E+01
 7755   0.64684300E+01
 7756   0.37559200E+01
 7757   0.39946000E+01
 7758   0.19914610E+02
 7759   0.80766650E+02
 7760   0.78985090E+02
 7761   0.67058030E+02
 7762   0.65745290E+02
 7763   0.60777820E+02
 7764   0.71799950E+02
 7765   0.73250830E+02
 7766   0.11076555E+03
 7767   0.12916607E+03
 7768   0.75642430E+02
 7769   0.49384110E+02
 7770   0.29851900E+02
 7771   0.53960740E+02
 7772   0.12083789E+03
 7773   0.11297537E+03
 7774   0.76355370E+02
 7775   0.44592720E+02
 7776   0.27419420E+02
 7777   0.17802570E+02
 7778   0.21962520E+02
 7779   0.19242840E+03
 7780   0.21229001E+03
 7781   0.10442560E+03
 7782   0.77870400E+02
 7783   0.22453272E+03
 7784   0.20946701E+03
 7785   0.13373070E+03
 7786   0.12429700E+03
 7787   0.17858262E+03
 7788   0.10291091E+03
 7789   0.57997800E+02
 7790   0.34369560E+02
 7791   0.21721400E+02
 7792   0.14849690E+02
 7793   0.32971610E+02
 7794   0.46544400E+02
 7795   0.75909250E+02
 7796   0.54022080E+02
 7797   0.35245830E+02
 7798   0.31939090E+02
 7799   0.25749160E+02
 7800   0.18041500E+02
 7801   0.26710390E+02
 7802   0.36378500E+02
 7803   0.48331480E+02
 7804   0.97885640E+02
 7805   0.18998163E+03
 7806   0.15698009E+03
 7807   0.12725731E+03
 7808   0.11164572E+03
 7809   0.12680013E+03
 7810   0.14721548E+03
 7811   0.30959334E+03
 7812   0.37066581E+03
 7813   0.33410658E+03
 7814   0.16626751E+03
 7815   0.92750240E+02
 7816   0.84092120E+02
 7817   0.12445823E+03
 7818   0.11048417E+03
 7819   0.67903800E+02
 7820   0.43977060E+02
 7821   0.28839850E+02
 7822   0.18400500E+02
 7823   0.12818300E+02
 7824   0.11393560E+02
 7825   0.19118210E+02
 7826   0.19458710E+02
 7827   0.14772460E+02
 7828   0.46133190E+02
 7829   0.19584570E+03
 7830   0.35191392E+03
 7831   0.53013832E+03
 7832   0.69305379E+03
 7833   0.36372308E+03
 7834   0.14929251E+03
 7835   0.70720630E+02
 7836   0.39567620E+02
 7837   0.25971270E+02
 7838   0.21129634E+03
 7839   0.14408883E+04
 7840   0.98357607E+03
 7841   0.83005325E+03
 7842   0.90414532E+03
 7843   0.14883421E+04
 7844   0.11962498E+04
 7845   0.42658219E+03
 7846   0.47246381E+03
 7847   0.51493071E+03
 7848   0.52202525E+03
 7849   0.85746010E+03
 7850   0.54499121E+03
 7851   0.33673626E+03
 7852   0.19337219E+03
 7853   0.11137140E+03
 7854   0.11617667E+03
 7855   0.21578076E+03
 7856   0.18549638E+03
 7857   0.18022504E+03
 7858   0.14997964E+03
 7859   0.11618133E+03
 7860   0.48981732E+03
 7861   0.31768162E+03
 7862   0.14032555E+03
 7863   0.68537880E+02
 7864   0.38648290E+02
 7865   0.23959190E+02
 7866   0.54160950E+02
 7867   0.26894231E+03
 7868   0.32040593E+03
 7869   0.18627441E+03
 7870   0.10241348E+03
 7871   0.63751490E+02
 7872   0.47847330E+02
 7873   0.34660520E+02
 7874   0.18365760E+02
 7875   0.11739280E+02
 7876   0.33408101E+03
 7877   0.20937709E+03
 7878   0.91300340E+02
 7879   0.10970903E+03
 7880   0.34367392E+03
 7881   0.19316634E+04
 7882   0.31679532E+04
 7883   0.21989086E+04
 7884   0.60112762E+03
 7885   0.19716087E+03
 7886   0.86223490E+02
 7887   0.28950261E+03
 7888   0.24396038E+03
 7889   0.88548976E+03
 7890   0.23801067E+03
 7891   0.87734060E+02
 7892   0.45204400E+02
 7893   0.60175039E+03
 7894   0.45396624E+03
 7895   0.71618363E+03
 7896   0.27356335E+03
 7897   0.99566810E+02
 7898   0.49370990E+02
 7899   0.28403790E+02
 7900   0.16972960E+02
 7901   0.11977760E+02
 7902   0.77843700E+01
 7903   0.64679600E+01
 7904   0.43001000E+01
 7905   0.34018600E+01
 7906   0.39754500E+01
 7907   0.45409800E+01
 7908   0.40639400E+01
 7909   0.35492900E+01
 7910   0.81302550E+02
 7911   0.17890511E+03
 7912   0.10957904E+03
 7913   0.60792580E+02
 7914   0.37395960E+02
 7915   0.24512820E+02
 7916   0.17647880E+02
 7917   0.13715040E+02
 7918   0.40500910E+02
 7919   0.40638890E+02
 7920   0.26064940E+02
 7921   0.17676570E+02
 7922   0.11832690E+02
 7923   0.77390300E+01
 7924   0.52606900E+01
 7925   0.35007350E+02
 7926   0.63981400E+02
 7927   0.65927900E+02
 7928   0.35583780E+02
 7929   0.26712050E+02
 7930   0.20327120E+02
 7931   0.13384490E+02
 7932   0.91813000E+01
 7933   0.66377600E+01
 7934   0.44932500E+01
 7935   0.33100000E+01
 7936   0.25106900E+01
 7937   0.19526400E+01
 7938   0.15513100E+01
 7939   0.11654600E+01
 7940   0.93964000E+00
 7941   0.69814000E+00
 7942   0.55078000E+00
 7943   0.46888000E+00
 7944   0.39759000E+00
 7945   0.33717000E+00
 7946   0.25151000E+00
 7947   0.18192000E+00
 7948   0.13907000E+00
 7949   0.11034000E+00
 7950   0.89980000E-01
 7951   0.74980000E-01
 7952   0.63600000E-01
 7953   0.54750000E-01
 7954   0.47710000E-01
 7955   0.42020000E-01
 7956   0.37340000E-01
 7957   0.33440000E-01
 7958   0.30150000E-01
 7959   0.27340000E-01
 7960   0.24930000E-01
 7961   0.22840000E-01
 7962   0.21010000E-01
 7963   0.12083000E+01
 7964   0.83639000E+00
 7965   0.33217000E+00
 7966   0.18772000E+00
 7967   0.14314000E+00
 7968   0.14292000E+00
 7969   0.16824000E+00
 7970   0.81627000E+00
 7971   0.63386000E+00
 7972   0.60617000E+00
 7973   0.80109600E+01
 7974   0.36324740E+02
 7975   0.27069130E+02
 7976   0.18565330E+02
 7977   0.12582260E+02
 7978   0.84035800E+01
 7979   0.59764100E+01
 7980   0.40901500E+01
 7981   0.30704800E+01
 7982   0.19798600E+01
 7983   0.16307700E+01
 7984   0.12468400E+01
 7985   0.10175800E+01
 7986   0.86647000E+00
 7987   0.75572000E+00
 7988   0.64041000E+00
 7989   0.56483000E+00
 7990   0.52081000E+00
 7991   0.51733000E+00
 7992   0.75375000E+00
 7993   0.22835800E+01
 7994   0.38166100E+01
 7995   0.36061600E+01
 7996   0.30355000E+01
 7997   0.24845000E+01
 7998   0.20252400E+01
 7999   0.16569700E+01
 8000   0.12749200E+01
 8001   0.10378000E+01
 8002   0.77206000E+00
 8003   0.62890000E+00
 8004   0.52897000E+00
 8005   0.45188000E+00
 8006   0.38187000E+00
 8007   0.31496000E+00
 8008   0.21754000E+00
 8009   0.15773000E+00
 8010   0.12162000E+00
 8011   0.97390000E-01
 8012   0.40411500E+01
 8013   0.14685730E+02
 8014   0.64016020E+02
 8015   0.73361740E+02
 8016   0.53862120E+02
 8017   0.35641240E+02
 8018   0.35682310E+02
 8019   0.36482070E+02
 8020   0.24583630E+02
 8021   0.17183320E+02
 8022   0.12703540E+02
 8023   0.87886200E+01
 8024   0.72043900E+01
 8025   0.58493300E+01
 8026   0.43466400E+01
 8027   0.33894300E+01
 8028   0.26910900E+01
 8029   0.21659500E+01
 8030   0.17926700E+01
 8031   0.14640800E+01
 8032   0.12273500E+01
 8033   0.93861000E+00
 8034   0.28878100E+01
 8035   0.50872700E+01
 8036   0.65302800E+01
 8037   0.59640500E+01
 8038   0.44134000E+01
 8039   0.33888600E+01
 8040   0.27052700E+01
 8041   0.22547100E+01
 8042   0.19317300E+01
 8043   0.13752700E+01
 8044   0.11269000E+01
 8045   0.99121000E+00
 8046   0.41611100E+01
 8047   0.13044470E+02
 8048   0.24596530E+02
 8049   0.23144420E+02
 8050   0.21070470E+02
 8051   0.21158180E+02
 8052   0.16640780E+02
 8053   0.25679920E+02
 8054   0.10195711E+03
 8055   0.25734304E+03
 8056   0.39377434E+03
 8057   0.61640459E+03
 8058   0.35120507E+03
 8059   0.12941521E+03
 8060   0.63183790E+02
 8061   0.36540200E+02
 8062   0.23056600E+02
 8063   0.15326730E+02
 8064   0.10431460E+02
 8065   0.13261590E+02
 8066   0.14274370E+02
 8067   0.11562120E+02
 8068   0.82905200E+01
 8069   0.62235900E+01
 8070   0.48198700E+01
 8071   0.62911000E+01
 8072   0.57338200E+01
 8073   0.43181400E+01
 8074   0.26921100E+01
 8075   0.22419100E+01
 8076   0.19473200E+01
 8077   0.21520100E+01
 8078   0.22410900E+01
 8079   0.33858300E+01
 8080   0.93393800E+01
 8081   0.13476140E+02
 8082   0.22473310E+02
 8083   0.46508040E+02
 8084   0.62919390E+02
 8085   0.66016730E+02
 8086   0.56273820E+02
 8087   0.44672370E+02
 8088   0.30876200E+02
 8089   0.22464840E+02
 8090   0.17291600E+02
 8091   0.12865520E+02
 8092   0.90890600E+01
 8093   0.66969700E+01
 8094   0.46842500E+01
 8095   0.28333200E+01
 8096   0.23014600E+01
 8097   0.18638100E+01
 8098   0.15341300E+01
 8099   0.12041800E+01
 8100   0.10077400E+01
 8101   0.86557000E+00
 8102   0.13067800E+01
 8103   0.33059200E+01
 8104   0.31669600E+01
 8105   0.20228500E+01
 8106   0.35828700E+01
 8107   0.26281500E+01
 8108   0.19981800E+01
 8109   0.15704300E+01
 8110   0.11754800E+01
 8111   0.93911000E+00
 8112   0.78781000E+00
 8113   0.64244000E+00
 8114   0.11994750E+02
 8115   0.47129610E+02
 8116   0.82330470E+02
 8117   0.62105070E+02
 8118   0.53058940E+02
 8119   0.60599720E+02
 8120   0.41140370E+02
 8121   0.37305520E+02
 8122   0.29030610E+02
 8123   0.20192350E+02
 8124   0.18879450E+02
 8125   0.33209910E+02
 8126   0.36888890E+02
 8127   0.25007900E+02
 8128   0.18710220E+02
 8129   0.14028800E+02
 8130   0.45509980E+02
 8131   0.54957280E+02
 8132   0.37115230E+02
 8133   0.32290670E+02
 8134   0.28176110E+02
 8135   0.25643550E+02
 8136   0.18318120E+02
 8137   0.13020620E+02
 8138   0.93044300E+01
 8139   0.71046100E+01
 8140   0.53633100E+01
 8141   0.40975500E+01
 8142   0.12831600E+02
 8143   0.67025160E+02
 8144   0.75790440E+02
 8145   0.63442760E+02
 8146   0.40796850E+02
 8147   0.12209630E+03
 8148   0.14738961E+03
 8149   0.17820359E+03
 8150   0.12489378E+03
 8151   0.91973700E+02
 8152   0.16865557E+03
 8153   0.96016848E+03
 8154   0.91664924E+03
 8155   0.36113251E+03
 8156   0.13140568E+03
 8157   0.14249366E+03
 8158   0.12754534E+03
 8159   0.85509960E+02
 8160   0.62006940E+02
 8161   0.72943670E+02
 8162   0.64259970E+02
 8163   0.55615700E+02
 8164   0.12681449E+03
 8165   0.30523809E+03
 8166   0.36668567E+03
 8167   0.25405822E+03
 8168   0.25766014E+03
 8169   0.17671059E+03
 8170   0.15988154E+03
 8171   0.21748629E+03
 8172   0.45589270E+03
 8173   0.55784186E+03
 8174   0.30063280E+03
 8175   0.13079441E+03
 8176   0.64785520E+02
 8177   0.36260860E+02
 8178   0.23197820E+02
 8179   0.15225610E+02
 8180   0.98726500E+01
 8181   0.67832100E+01
 8182   0.31903540E+02
 8183   0.19116634E+03
 8184   0.32384614E+03
 8185   0.37619158E+03
 8186   0.62321556E+03
 8187   0.57395404E+03
 8188   0.18244513E+03
 8189   0.78004590E+02
 8190   0.41960570E+02
 8191   0.25284660E+02
 8192   0.16359550E+02
 8193   0.10843920E+02
 8194   0.74795500E+01
 8195   0.55169300E+01
 8196   0.37703200E+01
 8197   0.23225300E+01
 8198   0.18666200E+01
 8199   0.14639300E+01
 8200   0.11183800E+01
 8201   0.91857000E+00
 8202   0.78326000E+00
 8203   0.23568250E+02
 8204   0.14279820E+04
 8205   0.28646877E+03
 8206   0.10454756E+03
 8207   0.10307773E+03
 8208   0.16025369E+04
 8209   0.11040173E+04
 8210   0.35839451E+03
 8211   0.12426655E+03
 8212   0.59400460E+02
 8213   0.33657530E+02
 8214   0.21023260E+02
 8215   0.13614380E+02
 8216   0.38847270E+02
 8217   0.15069084E+04
 8218   0.24236094E+04
 8219   0.13284164E+04
 8220   0.61989116E+03
 8221   0.52425165E+03
 8222   0.33054960E+03
 8223   0.17034056E+03
 8224   0.14092503E+03
 8225   0.26399164E+03
 8226   0.11407532E+04
 8227   0.14108150E+04
 8228   0.12702341E+04
 8229   0.78533420E+03
 8230   0.49600113E+03
 8231   0.36248340E+03
 8232   0.12852989E+03
 8233   0.67064290E+02
 8234   0.39320540E+02
 8235   0.41648300E+03
 8236   0.79912606E+03
 8237   0.41106420E+03
 8238   0.14561634E+03
 8239   0.75763290E+02
 8240   0.40927150E+02
 8241   0.23611630E+02
 8242   0.14877070E+02
 8243   0.94764500E+01
 8244   0.65333900E+01
 8245   0.43193400E+01
 8246   0.31141800E+01
 8247   0.25192100E+01
 8248   0.29232100E+01
 8249   0.47025300E+01
 8250   0.16044180E+02
 8251   0.96906380E+02
 8252   0.69587000E+02
 8253   0.31590913E+03
 8254   0.15903759E+04
 8255   0.13376094E+04
 8256   0.14045600E+04
 8257   0.73436951E+03
 8258   0.11085835E+04
 8259   0.87093227E+03
 8260   0.15884913E+04
 8261   0.39048575E+03
 8262   0.13074569E+03
 8263   0.62362340E+02
 8264   0.35365380E+02
 8265   0.13292562E+03
 8266   0.42134661E+03
 8267   0.33254096E+03
 8268   0.14509038E+03
 8269   0.71001410E+02
 8270   0.40829820E+02
 8271   0.25921200E+02
 8272   0.27627360E+02
 8273   0.24672610E+02
 8274   0.42488520E+02
 8275   0.56785980E+02
 8276   0.41089040E+02
 8277   0.18221420E+02
 8278   0.22165740E+02
 8279   0.49934180E+02
 8280   0.11126235E+03
 8281   0.14215472E+03
 8282   0.81289030E+02
 8283   0.44867480E+02
 8284   0.44218150E+02
 8285   0.10577715E+03
 8286   0.11333872E+03
 8287   0.39199829E+03
 8288   0.29819217E+03
 8289   0.12982514E+03
 8290   0.64694820E+02
 8291   0.36687060E+02
 8292   0.22521960E+02
 8293   0.14447200E+02
 8294   0.92214000E+01
 8295   0.63563300E+01
 8296   0.42792200E+01
 8297   0.51244800E+01
 8298   0.80108600E+01
 8299   0.12909980E+02
 8300   0.12310160E+02
 8301   0.17003760E+02
 8302   0.28030860E+02
 8303   0.71753140E+02
 8304   0.37543500E+02
 8305   0.19494900E+02
 8306   0.11765300E+02
 8307   0.80270000E+01
 8308   0.67920900E+01
 8309   0.60542700E+01
 8310   0.41191700E+01
 8311   0.34399500E+01
 8312   0.27645600E+01
 8313   0.22017200E+01
 8314   0.17838600E+01
 8315   0.13855300E+01
 8316   0.10996000E+01
 8317   0.91520000E+00
 8318   0.78431000E+00
 8319   0.64794000E+00
 8320   0.50281000E+00
 8321   0.39664000E+00
 8322   0.34504000E+00
 8323   0.34858000E+00
 8324   0.62107000E+00
 8325   0.10770000E+01
 8326   0.19894500E+01
 8327   0.22315600E+01
 8328   0.85003620E+02
 8329   0.75174148E+03
 8330   0.21919984E+03
 8331   0.90021130E+02
 8332   0.47604210E+02
 8333   0.28468670E+02
 8334   0.18579790E+02
 8335   0.12548160E+02
 8336   0.85479000E+01
 8337   0.61926500E+01
 8338   0.42688700E+01
 8339   0.31765100E+01
 8340   0.24384700E+01
 8341   0.16734300E+01
 8342   0.12818200E+01
 8343   0.10278300E+01
 8344   0.86524000E+00
 8345   0.74735000E+00
 8346   0.62709000E+00
 8347   0.52082000E+00
 8348   0.43804000E+00
 8349   0.36606000E+00
 8350   0.28312000E+00
 8351   0.19373000E+00
 8352   0.14348000E+00
 8353   0.11224000E+00
 8354   0.91610000E-01
 8355   0.88440000E-01
 8356   0.95730000E-01
 8357   0.91140000E-01
 8358   0.80850000E-01
 8359   0.71140000E-01
 8360   0.63030000E-01
 8361   0.56180000E-01
 8362   0.50270000E-01
 8363   0.45130000E-01
 8364   0.40690000E-01
 8365   0.36890000E-01
 8366   0.33660000E-01
 8367   0.30940000E-01
 8368   0.28660000E-01
 8369   0.26760000E-01
 8370   0.27550000E-01
 8371   0.47550000E-01
 8372   0.16809690E+02
 8373   0.16392260E+02
 8374   0.10353340E+02
 8375   0.65049400E+01
 8376   0.42770500E+01
 8377   0.31548900E+01
 8378   0.25300000E+01
 8379   0.21622200E+01
 8380   0.18865600E+01
 8381   0.16210500E+01
 8382   0.11670400E+01
 8383   0.99468000E+00
 8384   0.87902000E+00
 8385   0.78575000E+00
 8386   0.70933000E+00
 8387   0.63251000E+00
 8388   0.55178000E+00
 8389   0.49033000E+00
 8390   0.45286000E+00
 8391   0.43584000E+00
 8392   0.41094000E+00
 8393   0.37809000E+00
 8394   0.39595000E+00
 8395   0.42565000E+00
 8396   0.45228000E+00
 8397   0.46579000E+00
 8398   0.46179000E+00
 8399   0.44225000E+00
 8400   0.40573000E+00
 8401   0.36198000E+00
 8402   0.60173600E+01
 8403   0.84653800E+01
 8404   0.93290000E+01
 8405   0.76393300E+01
 8406   0.58170400E+01
 8407   0.45356300E+01
 8408   0.40106600E+01
 8409   0.35298000E+01
 8410   0.34461500E+01
 8411   0.28443000E+01
 8412   0.19740900E+01
 8413   0.16921000E+01
 8414   0.36529700E+01
 8415   0.29207500E+01
 8416   0.23199400E+01
 8417   0.18204300E+01
 8418   0.14203000E+01
 8419   0.11020900E+01
 8420   0.91356000E+00
 8421   0.78842000E+00
 8422   0.66792000E+00
 8423   0.51648000E+00
 8424   0.41369000E+00
 8425   0.36779000E+00
 8426   0.33131000E+00
 8427   0.28410000E+00
 8428   0.22299000E+00
 8429   0.17478000E+00
 8430   0.13893000E+00
 8431   0.11269000E+00
 8432   0.93250000E-01
 8433   0.78550000E-01
 8434   0.67180000E-01
 8435   0.58200000E-01
 8436   0.50990000E-01
 8437   0.45100000E-01
 8438   0.40220000E-01
 8439   0.30845400E+01
 8440   0.56982500E+01
 8441   0.13559860E+02
 8442   0.12802710E+02
 8443   0.89709700E+01
 8444   0.10752970E+02
 8445   0.27054710E+02
 8446   0.29427730E+02
 8447   0.21615160E+02
 8448   0.17045150E+02
 8449   0.13032440E+02
 8450   0.94427400E+01
 8451   0.69737400E+01
 8452   0.48578900E+01
 8453   0.29191100E+01
 8454   0.23890200E+01
 8455   0.19558500E+01
 8456   0.16005700E+01
 8457   0.12338300E+01
 8458   0.10251000E+01
 8459   0.87759000E+00
 8460   0.77794000E+00
 8461   0.67762000E+00
 8462   0.68988000E+00
 8463   0.11514400E+01
 8464   0.36063500E+01
 8465   0.54805200E+01
 8466   0.65561000E+01
 8467   0.12601190E+02
 8468   0.10114130E+02
 8469   0.74160800E+01
 8470   0.58836700E+01
 8471   0.44486400E+01
 8472   0.34416100E+01
 8473   0.27241600E+01
 8474   0.18586900E+01
 8475   0.15126800E+01
 8476   0.11869900E+01
 8477   0.99085000E+00
 8478   0.86259000E+00
 8479   0.76634000E+00
 8480   0.66027000E+00
 8481   0.56486000E+00
 8482   0.47906000E+00
 8483   0.40628000E+00
 8484   0.32690000E+00
 8485   0.23353000E+00
 8486   0.17392000E+00
 8487   0.13472000E+00
 8488   0.10752000E+00
 8489   0.87950000E-01
 8490   0.74840000E-01
 8491   0.26959000E+00
 8492   0.41522000E+00
 8493   0.48599000E+00
 8494   0.56064000E+00
 8495   0.55249000E+00
 8496   0.54507000E+00
 8497   0.51621000E+00
 8498   0.47876000E+00
 8499   0.44399000E+00
 8500   0.41411000E+00
 8501   0.39027000E+00
 8502   0.37037000E+00
 8503   0.43713900E+01
 8504   0.30707500E+01
 8505   0.19428700E+01
 8506   0.19135890E+02
 8507   0.32609550E+02
 8508   0.57334650E+02
 8509   0.67760630E+02
 8510   0.45616570E+02
 8511   0.30748390E+02
 8512   0.24908350E+02
 8513   0.18608340E+02
 8514   0.12850200E+02
 8515   0.80759300E+01
 8516   0.97846200E+01
 8517   0.14854910E+02
 8518   0.19328310E+02
 8519   0.14720450E+02
 8520   0.99887400E+01
 8521   0.79924400E+01
 8522   0.41875410E+02
 8523   0.12836797E+03
 8524   0.88875490E+02
 8525   0.54536030E+02
 8526   0.42539980E+02
 8527   0.24885740E+02
 8528   0.15638270E+02
 8529   0.10041580E+02
 8530   0.69015800E+01
 8531   0.46039800E+01
 8532   0.36654400E+01
 8533   0.50761500E+01
 8534   0.70666580E+02
 8535   0.32979229E+03
 8536   0.44868001E+03
 8537   0.39033594E+03
 8538   0.23540301E+03
 8539   0.14634878E+03
 8540   0.86332100E+02
 8541   0.83855880E+02
 8542   0.37445024E+03
 8543   0.63434218E+03
 8544   0.25296297E+03
 8545   0.16708398E+03
 8546   0.47041640E+03
 8547   0.10573278E+04
 8548   0.49569361E+03
 8549   0.26788443E+03
 8550   0.75497233E+03
 8551   0.10588963E+04
 8552   0.32234034E+03
 8553   0.14619105E+03
 8554   0.80610340E+02
 8555   0.57368000E+02
 8556   0.63106750E+02
 8557   0.44112310E+02
 8558   0.29118680E+02
 8559   0.23927040E+02
 8560   0.38487780E+02
 8561   0.11827878E+03
 8562   0.78282270E+02
 8563   0.50830850E+02
 8564   0.31856180E+02
 8565   0.21230750E+02
 8566   0.15017440E+02
 8567   0.16594940E+02
 8568   0.98186100E+01
 8569   0.54021600E+01
 8570   0.20290408E+03
 8571   0.72750857E+03
 8572   0.17846317E+04
 8573   0.88209939E+03
 8574   0.45488185E+03
 8575   0.21028186E+03
 8576   0.11254940E+03
 8577   0.91254660E+02
 8578   0.91860380E+02
 8579   0.20007740E+03
 8580   0.43835634E+03
 8581   0.69723190E+03
 8582   0.50269737E+03
 8583   0.11252108E+04
 8584   0.74193257E+03
 8585   0.18982594E+03
 8586   0.85650330E+02
 8587   0.36432529E+03
 8588   0.11119335E+04
 8589   0.40839704E+03
 8590   0.26474029E+03
 8591   0.11825085E+03
 8592   0.61888870E+02
 8593   0.73525580E+02
 8594   0.49916930E+02
 8595   0.35330000E+02
 8596   0.37550980E+02
 8597   0.28573550E+02
 8598   0.21171940E+02
 8599   0.14589260E+02
 8600   0.98842400E+01
 8601   0.21088100E+02
 8602   0.23871858E+03
 8603   0.32538641E+03
 8604   0.14034029E+03
 8605   0.64300540E+02
 8606   0.36655300E+02
 8607   0.22226350E+02
 8608   0.17832970E+02
 8609   0.67771840E+02
 8610   0.31922602E+03
 8611   0.19829541E+03
 8612   0.86817710E+02
 8613   0.46349000E+02
 8614   0.27588480E+02
 8615   0.18512420E+02
 8616   0.12509190E+02
 8617   0.39113317E+03
 8618   0.96666904E+03
 8619   0.28428778E+03
 8620   0.12596100E+03
 8621   0.68931370E+02
 8622   0.31815540E+03
 8623   0.41062890E+03
 8624   0.33017035E+03
 8625   0.31694602E+03
 8626   0.23049508E+03
 8627   0.23601767E+03
 8628   0.30126987E+03
 8629   0.41000818E+03
 8630   0.17426857E+03
 8631   0.76563300E+02
 8632   0.49283100E+02
 8633   0.38380020E+02
 8634   0.70169520E+02
 8635   0.12005329E+03
 8636   0.10086214E+03
 8637   0.82996700E+02
 8638   0.46590010E+02
 8639   0.31435530E+02
 8640   0.21266280E+02
 8641   0.14135560E+02
 8642   0.92068000E+01
 8643   0.64381800E+01
 8644   0.42947500E+01
 8645   0.31433800E+01
 8646   0.23399600E+01
 8647   0.18132700E+01
 8648   0.12304400E+01
 8649   0.76963400E+01
 8650   0.65401904E+03
 8651   0.80428915E+03
 8652   0.44294603E+03
 8653   0.28079841E+03
 8654   0.15385492E+03
 8655   0.25382652E+03
 8656   0.10257631E+03
 8657   0.53065720E+02
 8658   0.30199060E+02
 8659   0.19671690E+02
 8660   0.13176980E+02
 8661   0.85041000E+01
 8662   0.58369900E+01
 8663   0.38971900E+01
 8664   0.28986300E+01
 8665   0.22241100E+01
 8666   0.17615300E+01
 8667   0.13699200E+01
 8668   0.10994100E+01
 8669   0.83025000E+00
 8670   0.71124000E+00
 8671   0.61947000E+00
 8672   0.55042000E+00
 8673   0.49474000E+00
 8674   0.44114000E+00
 8675   0.38467000E+00
 8676   0.33205000E+00
 8677   0.25120000E+00
 8678   0.18490000E+00
 8679   0.14209000E+00
 8680   0.11278000E+00
 8681   0.91860000E-01
 8682   0.76440000E-01
 8683   0.64740000E-01
 8684   0.55660000E-01
 8685   0.48460000E-01
 8686   0.42630000E-01
 8687   0.37860000E-01
 8688   0.33880000E-01
 8689   0.30530000E-01
 8690   0.27670000E-01
 8691   0.25220000E-01
 8692   0.23100000E-01
 8693   0.21240000E-01
 8694   0.19610000E-01
 8695   0.18170000E-01
 8696   0.14001000E+01
 8697   0.10111400E+01
 8698   0.48526000E+00
 8699   0.18961000E+00
 8700   0.13474000E+00
 8701   0.75089000E+00
 8702   0.26160800E+01
 8703   0.41333700E+01
 8704   0.38864900E+01
 8705   0.32451300E+01
 8706   0.26157400E+01
 8707   0.31038200E+01
 8708   0.28198400E+01
 8709   0.20018900E+01
 8710   0.13074400E+01
 8711   0.95461000E+00
 8712   0.76789000E+00
 8713   0.59039000E+00
 8714   0.48919000E+00
 8715   0.42006000E+00
 8716   0.36558000E+00
 8717   0.31988000E+00
 8718   0.25730000E+00
 8719   0.20231000E+00
 8720   0.16067000E+00
 8721   0.12973000E+00
 8722   0.10676000E+00
 8723   0.89440000E-01
 8724   0.76120000E-01
 8725   0.65670000E-01
 8726   0.57300000E-01
 8727   0.50490000E-01
 8728   0.44870000E-01
 8729   0.40220000E-01
 8730   0.36580000E-01
 8731   0.34680000E-01
 8732   0.36160000E-01
 8733   0.96505000E+00
 8734   0.65115000E+00
 8735   0.30966000E+00
 8736   0.18353000E+00
 8737   0.13906000E+00
 8738   0.15113000E+00
 8739   0.18845000E+00
 8740   0.21192000E+00
 8741   0.22225000E+00
 8742   0.22591000E+00
 8743   0.22431000E+00
 8744   0.21580000E+00
 8745   0.19623000E+00
 8746   0.16994000E+00
 8747   0.14393000E+00
 8748   0.12143000E+00
 8749   0.10295000E+00
 8750   0.88010000E-01
 8751   0.75940000E-01
 8752   0.66130000E-01
 8753   0.58070000E-01
 8754   0.51400000E-01
 8755   0.45810000E-01
 8756   0.41100000E-01
 8757   0.37080000E-01
 8758   0.33630000E-01
 8759   0.30640000E-01
 8760   0.28040000E-01
 8761   0.25770000E-01
 8762   0.23760000E-01
 8763   0.21980000E-01
 8764   0.20400000E-01
 8765   0.18980000E-01
 8766   0.17710000E-01
 8767   0.16560000E-01
 8768   0.15520000E-01
 8769   0.14580000E-01
 8770   0.13720000E-01
 8771   0.12940000E-01
 8772   0.12220000E-01
 8773   0.11560000E-01
 8774   0.10960000E-01
 8775   0.10400000E-01
 8776   0.98800000E-02
 8777   0.94000000E-02
 8778   0.89500000E-02
 8779   0.85400000E-02
 8780   0.81500000E-02
 8781   0.77900000E-02
 8782   0.74600000E-02
 8783   0.71400000E-02
 8784   0.68500000E-02
 8785   0.55235800E+01
 8786   0.22854850E+02
 8787   0.24570270E+02
 8788   0.18040670E+02
 8789   0.14984050E+02
 8790   0.14090010E+02
 8791   0.11383080E+02
 8792   0.74153300E+01
 8793   0.55048200E+01
 8794   0.56608500E+01
 8795   0.42389700E+01
 8796   0.30657300E+01
 8797   0.23118900E+01
 8798   0.18436400E+01
 8799   0.14990300E+01
 8800   0.11557300E+01
 8801   0.96224000E+00
 8802   0.14939700E+01
 8803   0.10548300E+01
 8804   0.83071000E+00
 8805   0.62739000E+00
 8806   0.45524000E+00
 8807   0.36993000E+00
 8808   0.27334000E+00
 8809   0.17783000E+00
 8810   0.61255000E+00
 8811   0.29658500E+01
 8812   0.81024500E+01
 8813   0.16986310E+02
 8814   0.32554930E+02
 8815   0.29957920E+02
 8816   0.24020480E+02
 8817   0.18067460E+02
 8818   0.12801220E+02
 8819   0.98524000E+01
 8820   0.13781950E+02
 8821   0.35450250E+02
 8822   0.38830510E+02
 8823   0.50902820E+02
 8824   0.48161610E+02
 8825   0.35153500E+02
 8826   0.75396290E+02
 8827   0.10398815E+03
 8828   0.93558450E+02
 8829   0.91427990E+02
 8830   0.73345070E+02
 8831   0.60681380E+02
 8832   0.37556120E+02
 8833   0.23946540E+02
 8834   0.17672140E+02
 8835   0.12509930E+02
 8836   0.85602000E+01
 8837   0.62558700E+01
 8838   0.43728700E+01
 8839   0.33555500E+01
 8840   0.37538100E+01
 8841   0.37578800E+01
 8842   0.44563400E+01
 8843   0.17147580E+02
 8844   0.13609083E+03
 8845   0.34751317E+03
 8846   0.23673236E+03
 8847   0.17529560E+03
 8848   0.12342607E+03
 8849   0.93095260E+02
 8850   0.80415930E+02
 8851   0.77612710E+02
 8852   0.12646509E+03
 8853   0.33889855E+03
 8854   0.45198384E+03
 8855   0.63817966E+03
 8856   0.56521412E+03
 8857   0.37345738E+03
 8858   0.30899330E+03
 8859   0.19902111E+03
 8860   0.14545764E+03
 8861   0.11467835E+03
 8862   0.67950750E+02
 8863   0.39623680E+02
 8864   0.26189460E+02
 8865   0.17833160E+02
 8866   0.12096530E+02
 8867   0.81403100E+01
 8868   0.57750200E+01
 8869   0.39899300E+01
 8870   0.30644100E+01
 8871   0.23777600E+01
 8872   0.43220700E+01
 8873   0.24271800E+02
 8874   0.13097721E+03
 8875   0.10113002E+03
 8876   0.98569110E+02
 8877   0.94553570E+02
 8878   0.97059380E+02
 8879   0.58616580E+02
 8880   0.81756080E+02
 8881   0.18096409E+03
 8882   0.18563550E+03
 8883   0.24825183E+03
 8884   0.16929774E+03
 8885   0.84992080E+02
 8886   0.48953540E+02
 8887   0.35580300E+02
 8888   0.28199930E+03
 8889   0.57556784E+03
 8890   0.70370562E+03
 8891   0.27237858E+03
 8892   0.21648093E+03
 8893   0.19875570E+03
 8894   0.23799720E+03
 8895   0.24672822E+03
 8896   0.17053271E+03
 8897   0.84055870E+02
 8898   0.59617320E+02
 8899   0.75911760E+02
 8900   0.20873536E+03
 8901   0.16310197E+03
 8902   0.80767610E+02
 8903   0.11728850E+03
 8904   0.24757633E+03
 8905   0.47465340E+03
 8906   0.41199943E+03
 8907   0.31609835E+03
 8908   0.13398706E+03
 8909   0.74181250E+02
 8910   0.60719250E+02
 8911   0.69196850E+02
 8912   0.46122090E+02
 8913   0.47605220E+02
 8914   0.45554570E+02
 8915   0.33240430E+02
 8916   0.19881950E+02
 8917   0.12514230E+02
 8918   0.79392900E+01
 8919   0.58241300E+01
 8920   0.51958200E+01
 8921   0.84504100E+01
 8922   0.44943820E+02
 8923   0.49909670E+02
 8924   0.80753200E+02
 8925   0.97208870E+02
 8926   0.23977036E+03
 8927   0.69917382E+03
 8928   0.22477951E+03
 8929   0.10602793E+03
 8930   0.55857600E+02
 8931   0.32941180E+02
 8932   0.21168780E+02
 8933   0.15928500E+02
 8934   0.72599450E+02
 8935   0.31080065E+03
 8936   0.13261015E+04
 8937   0.16256108E+04
 8938   0.12892066E+04
 8939   0.19545732E+04
 8940   0.98562101E+03
 8941   0.38928773E+03
 8942   0.21157733E+03
 8943   0.16401567E+03
 8944   0.22287739E+03
 8945   0.21091332E+03
 8946   0.31765793E+03
 8947   0.48939360E+03
 8948   0.46258163E+03
 8949   0.27310234E+03
 8950   0.25282558E+03
 8951   0.13305478E+03
 8952   0.75844070E+02
 8953   0.24974243E+03
 8954   0.61105135E+03
 8955   0.43326029E+03
 8956   0.60632959E+03
 8957   0.58932862E+03
 8958   0.60256467E+03
 8959   0.62128344E+03
 8960   0.68639619E+03
 8961   0.11911302E+04
 8962   0.86496139E+03
 8963   0.47829936E+03
 8964   0.36578293E+03
 8965   0.16728831E+03
 8966   0.74626160E+02
 8967   0.43685860E+02
 8968   0.27090600E+02
 8969   0.17658110E+02
 8970   0.11618200E+02
 8971   0.11181430E+02
 8972   0.18660080E+02
 8973   0.17846760E+02
 8974   0.14755180E+02
 8975   0.14412510E+02
 8976   0.11917100E+02
 8977   0.11087530E+02
 8978   0.13009420E+02
 8979   0.76290200E+01
 8980   0.41197100E+01
 8981   0.27498600E+01
 8982   0.21011500E+01
 8983   0.25858400E+01
 8984   0.17990000E+01
 8985   0.13716100E+01
 8986   0.73399200E+01
 8987   0.81659000E+01
 8988   0.13578630E+02
 8989   0.71285600E+01
 8990   0.30901800E+01
 8991   0.17962900E+01
 8992   0.12417700E+01
 8993   0.85941000E+00
 8994   0.63712000E+00
 8995   0.63625000E+00
 8996   0.59727000E+00
 8997   0.55651000E+00
 8998   0.50218000E+00
 8999   0.48153000E+00
 9000   0.46108000E+00
 9001   0.43192000E+00
 9002   0.39890000E+00
 9003   0.36070000E+00
 9004   0.32252000E+00
 9005   0.26533000E+00
 9006   0.20734000E+00
 9007   0.16246000E+00
 9008   0.13201000E+00
 9009   0.12398000E+00
 9010   0.15967000E+00
 9011   0.21427000E+00
 9012   0.24251000E+00
 9013   0.56166420E+02
 9014   0.68115665E+03
 9015   0.24612008E+03
 9016   0.18852153E+03
 9017   0.12069495E+03
 9018   0.50495910E+02
 9019   0.28842360E+02
 9020   0.18598170E+02
 9021   0.12272880E+02
 9022   0.81356200E+01
 9023   0.72285800E+01
 9024   0.14279260E+02
 9025   0.94237210E+02
 9026   0.19621150E+03
 9027   0.90713660E+02
 9028   0.55614810E+02
 9029   0.38373680E+02
 9030   0.25236550E+02
 9031   0.16667020E+02
 9032   0.10960140E+02
 9033   0.72254100E+01
 9034   0.47528400E+01
 9035   0.33803500E+01
 9036   0.24997800E+01
 9037   0.19286100E+01
 9038   0.13182300E+01
 9039   0.12378600E+01
 9040   0.96249000E+00
 9041   0.80025000E+00
 9042   0.66342000E+00
 9043   0.54965000E+00
 9044   0.49923000E+00
 9045   0.57094000E+00
 9046   0.73814000E+00
 9047   0.31101200E+01
 9048   0.15195510E+02
 9049   0.18389630E+02
 9050   0.13798730E+02
 9051   0.94560300E+01
 9052   0.71257800E+01
 9053   0.58213800E+01
 9054   0.46384700E+01
 9055   0.37070500E+01
 9056   0.29333700E+01
 9057   0.87525010E+02
 9058   0.29823432E+03
 9059   0.15152750E+03
 9060   0.70775970E+02
 9061   0.39313080E+02
 9062   0.53517810E+02
 9063   0.16771853E+03
 9064   0.18605087E+03
 9065   0.15164454E+03
 9066   0.10135531E+04
 9067   0.33481249E+03
 9068   0.12781953E+03
 9069   0.99205810E+02
 9070   0.11241549E+03
 9071   0.93419920E+02
 9072   0.53728280E+02
 9073   0.32328200E+02
 9074   0.20770430E+02
 9075   0.13637150E+02
 9076   0.89014300E+01
 9077   0.61486400E+01
 9078   0.40817500E+01
 9079   0.24800100E+01
 9080   0.19871000E+01
 9081   0.16073800E+01
 9082   0.12409100E+01
 9083   0.10287200E+01
 9084   0.11234100E+01
 9085   0.32380300E+01
 9086   0.45224400E+01
 9087   0.41637800E+01
 9088   0.34325500E+01
 9089   0.22285300E+01
 9090   0.18426600E+01
 9091   0.14618000E+01
 9092   0.11821600E+01
 9093   0.10179800E+01
 9094   0.87987000E+00
 9095   0.79570000E+00
 9096   0.74905000E+00
 9097   0.71086000E+00
 9098   0.65507000E+00
 9099   0.53357000E+00
 9100   0.43043000E+00
 9101   0.37595000E+00
 9102   0.33237000E+00
 9103   0.29119000E+00
 9104   0.25644000E+00
 9105   0.22735000E+00
 9106   0.19604000E+00
 9107   0.29516000E+00
 9108   0.44907000E+00
 9109   0.51934000E+00
 9110   0.60023700E+01
 9111   0.45131200E+01
 9112   0.28054100E+01
 9113   0.19555800E+01
 9114   0.14765500E+01
 9115   0.10826500E+01
 9116   0.86036000E+00
 9117   0.73069000E+00
 9118   0.57952000E+00
 9119   0.50028000E+00
 9120   0.43018000E+00
 9121   0.37051000E+00
 9122   0.35539000E+00
 9123   0.34090000E+00
 9124   0.32333000E+00
 9125   0.30269000E+00
 9126   0.27043000E+00
 9127   0.22360000E+00
 9128   0.17767000E+00
 9129   0.14280000E+00
 9130   0.15720000E+00
 9131   0.17160000E+00
 9132   0.15000000E+00
 9133   0.12771000E+00
 9134   0.10932000E+00
 9135   0.93960000E-01
 9136   0.14515000E+00
 9137   0.19113000E+01
 9138   0.24282600E+01
 9139   0.46895400E+01
 9140   0.43739800E+01
 9141   0.41684200E+01
 9142   0.44747400E+01
 9143   0.51750200E+01
 9144   0.53812400E+01
 9145   0.48693200E+01
 9146   0.47747600E+01
 9147   0.43272400E+01
 9148   0.36014800E+01
 9149   0.29333200E+01
 9150   0.19410900E+01
 9151   0.16254700E+01
 9152   0.12738800E+01
 9153   0.10640800E+01
 9154   0.92244000E+00
 9155   0.81381000E+00
 9156   0.73560000E+00
 9157   0.22858500E+01
 9158   0.49018300E+01
 9159   0.10069250E+02
 9160   0.96604100E+01
 9161   0.75630400E+01
 9162   0.82934100E+01
 9163   0.81638100E+01
 9164   0.68534500E+01
 9165   0.60447500E+01
 9166   0.57107100E+01
 9167   0.46600600E+01
 9168   0.41409600E+01
 9169   0.45837700E+01
 9170   0.50246600E+01
 9171   0.38226200E+01
 9172   0.34586800E+01
 9173   0.29764600E+01
 9174   0.24930700E+01
 9175   0.21048100E+01
 9176   0.17852300E+01
 9177   0.14476400E+01
 9178   0.11743000E+01
 9179   0.99964000E+00
 9180   0.87027000E+00
 9181   0.66783000E+00
 9182   0.54599000E+00
 9183   0.47619000E+00
 9184   0.40592000E+00
 9185   0.34251000E+00
 9186   0.25235000E+00
 9187   0.17946000E+00
 9188   0.13712000E+00
 9189   0.10961000E+00
 9190   0.90360000E-01
 9191   0.76250000E-01
 9192   0.65530000E-01
 9193   0.57170000E-01
 9194   0.50470000E-01
 9195   0.45000000E-01
 9196   0.40470000E-01
 9197   0.51213900E+01
 9198   0.58539300E+01
 9199   0.55622600E+01
 9200   0.42878400E+01
 9201   0.33973500E+01
 9202   0.21713400E+01
 9203   0.18219300E+01
 9204   0.14970700E+01
 9205   0.12494400E+01
 9206   0.11155600E+01
 9207   0.10043900E+01
 9208   0.19180700E+01
 9209   0.76450900E+01
 9210   0.19102490E+02
 9211   0.20327760E+02
 9212   0.22875710E+02
 9213   0.18581330E+02
 9214   0.13075230E+02
 9215   0.87772200E+01
 9216   0.62325100E+01
 9217   0.42359800E+01
 9218   0.31814200E+01
 9219   0.24783900E+01
 9220   0.19793200E+01
 9221   0.16168600E+01
 9222   0.10728500E+01
 9223   0.87738000E+00
 9224   0.10230400E+01
 9225   0.83329000E+00
 9226   0.68907000E+00
 9227   0.52293000E+00
 9228   0.42563000E+00
 9229   0.34907000E+00
 9230   0.24487000E+00
 9231   0.16622000E+00
 9232   0.19363300E+01
 9233   0.43297300E+01
 9234   0.25984200E+01
 9235   0.15366000E+01
 9236   0.10373600E+01
 9237   0.48021000E+00
 9238   0.23463000E+00
 9239   0.23320800E+01
 9240   0.55108000E+01
 9241   0.91778600E+01
 9242   0.82165200E+01
 9243   0.55280200E+01
 9244   0.40631000E+01
 9245   0.34289600E+01
 9246   0.29221800E+01
 9247   0.24558300E+01
 9248   0.20373300E+01
 9249   0.17489200E+01
 9250   0.14250000E+01
 9251   0.12381700E+01
 9252   0.10882400E+01
 9253   0.82338000E+00
 9254   0.68893000E+00
 9255   0.59187000E+00
 9256   0.50990000E+00
 9257   0.44384000E+00
 9258   0.38142000E+00
 9259   0.32479000E+00
 9260   0.25424000E+00
 9261   0.11876600E+01
 9262   0.64305340E+02
 9263   0.12458816E+03
 9264   0.84315800E+02
 9265   0.54954010E+02
 9266   0.24871413E+03
 9267   0.25278665E+03
 9268   0.11420541E+03
 9269   0.87510110E+02
 9270   0.10886517E+03
 9271   0.27405999E+03
 9272   0.33933832E+03
 9273   0.15310977E+04
 9274   0.89680637E+03
 9275   0.86169199E+03
 9276   0.52586613E+03
 9277   0.12788945E+04
 9278   0.15480511E+04
 9279   0.12076026E+04
 9280   0.89446775E+03
 9281   0.75863100E+03
 9282   0.52011816E+03
 9283   0.80954960E+03
 9284   0.88784577E+03
 9285   0.78777131E+03
 9286   0.57218453E+03
 9287   0.31393081E+03
 9288   0.22243692E+03
 9289   0.48539681E+03
 9290   0.11596781E+04
 9291   0.58951439E+03
 9292   0.35556941E+03
 9293   0.24864250E+03
 9294   0.72441404E+03
 9295   0.90850183E+03
 9296   0.66132649E+03
 9297   0.26847167E+03
 9298   0.32319068E+03
 9299   0.17672701E+03
 9300   0.84032270E+02
 9301   0.54702530E+02
 9302   0.34543960E+02
 9303   0.28819470E+02
 9304   0.97786210E+02
 9305   0.17825546E+03
 9306   0.20094380E+03
 9307   0.22957426E+03
 9308   0.12393130E+03
 9309   0.78101910E+02
 9310   0.46738280E+02
 9311   0.28940170E+02
 9312   0.20986460E+02
 9313   0.16643790E+02
 9314   0.11603530E+02
 9315   0.13047400E+02
 9316   0.18563800E+02
 9317   0.13611730E+02
 9318   0.45594210E+02
 9319   0.17474623E+03
 9320   0.19272998E+03
 9321   0.10399186E+03
 9322   0.50642680E+02
 9323   0.28967720E+02
 9324   0.18599690E+02
 9325   0.11898550E+02
 9326   0.10860570E+02
 9327   0.87036800E+01
 9328   0.60090700E+01
 9329   0.71889800E+01
 9330   0.21826560E+02
 9331   0.20182420E+02
 9332   0.13221760E+02
 9333   0.96108100E+01
 9334   0.22937740E+02
 9335   0.54277570E+02
 9336   0.51004590E+02
 9337   0.33028230E+02
 9338   0.22114470E+02
 9339   0.14549070E+02
 9340   0.11170480E+03
 9341   0.14533433E+03
 9342   0.15419069E+03
 9343   0.23678255E+03
 9344   0.70575568E+03
 9345   0.73446481E+03
 9346   0.45988149E+03
 9347   0.30881625E+03
 9348   0.50231710E+03
 9349   0.61935213E+03
 9350   0.50088420E+03
 9351   0.30388177E+03
 9352   0.20783224E+03
 9353   0.96565870E+02
 9354   0.45936760E+02
 9355   0.25658810E+02
 9356   0.36561710E+02
 9357   0.75610310E+02
 9358   0.30260250E+02
 9359   0.13396130E+02
 9360   0.68300500E+01
 9361   0.41571400E+01
 9362   0.62622900E+01
 9363   0.82895400E+01
 9364   0.73990400E+01
 9365   0.24113640E+02
 9366   0.16644550E+02
 9367   0.10994110E+02
 9368   0.74431300E+01
 9369   0.50297900E+01
 9370   0.35269400E+01
 9371   0.26248300E+01
 9372   0.16759061E+03
 9373   0.13627971E+03
 9374   0.60340870E+02
 9375   0.44006480E+02
 9376   0.29568960E+02
 9377   0.32711790E+02
 9378   0.25204031E+03
 9379   0.19646628E+03
 9380   0.11719746E+03
 9381   0.60938830E+02
 9382   0.36385150E+02
 9383   0.24241280E+02
 9384   0.16481730E+02
 9385   0.11066880E+02
 9386   0.68154100E+01
 9387   0.47056100E+01
 9388   0.34849200E+01
 9389   0.26668800E+01
 9390   0.21079800E+01
 9391   0.16906800E+01
 9392   0.13021100E+01
 9393   0.10548400E+01
 9394   0.89131000E+00
 9395   0.76261000E+00
 9396   0.57688000E+00
 9397   0.46039000E+00
 9398   0.39377000E+00
 9399   0.33347000E+00
 9400   0.12869500E+01
 9401   0.75909000E+01
 9402   0.11012090E+02
 9403   0.20415290E+02
 9404   0.18050670E+02
 9405   0.15540900E+02
 9406   0.14226880E+02
 9407   0.11600190E+02
 9408   0.61473180E+02
 9409   0.11365249E+03
 9410   0.64027660E+02
 9411   0.39584070E+02
 9412   0.25065680E+02
 9413   0.16615640E+02
 9414   0.11174240E+02
 9415   0.75264600E+01
 9416   0.51298900E+01
 9417   0.29980200E+01
 9418   0.23278700E+01
 9419   0.18292100E+01
 9420   0.14519300E+01
 9421   0.11294300E+01
 9422   0.92687000E+00
 9423   0.78784000E+00
 9424   0.65136000E+00
 9425   0.53205000E+00
 9426   0.44044000E+00
 9427   0.35127000E+00
 9428   0.25315000E+00
 9429   0.18752000E+00
 9430   0.14439000E+00
 9431   0.20295000E+00
 9432   0.17202980E+02
 9433   0.27938005E+03
 9434   0.27824410E+03
 9435   0.11687636E+03
 9436   0.61830790E+02
 9437   0.35578280E+02
 9438   0.23005670E+02
 9439   0.15248650E+02
 9440   0.99049200E+01
 9441   0.68062500E+01
 9442   0.66727000E+01
 9443   0.35729170E+02
 9444   0.42879620E+02
 9445   0.71043050E+02
 9446   0.48570250E+02
 9447   0.30164020E+02
 9448   0.18734260E+02
 9449   0.12468520E+02
 9450   0.82939000E+01
 9451   0.58109700E+01
 9452   0.39382800E+01
 9453   0.29260300E+01
 9454   0.22506800E+01
 9455   0.18432200E+01
 9456   0.15431400E+01
 9457   0.12463000E+01
 9458   0.91371000E+00
 9459   0.15427100E+01
 9460   0.21955500E+01
 9461   0.30826800E+01
 9462   0.22988500E+01
 9463   0.18651700E+01
 9464   0.15405800E+01
 9465   0.11756000E+01
 9466   0.95593000E+00
 9467   0.80531000E+00
 9468   0.61567000E+00
 9469   0.52405000E+00
 9470   0.50071000E+00
 9471   0.49066000E+00
 9472   0.48235000E+00
 9473   0.46974000E+00
 9474   0.12103800E+01
 9475   0.19904900E+01
 9476   0.38050800E+01
 9477   0.38352100E+01
 9478   0.26387300E+01
 9479   0.22615200E+01
 9480   0.20640700E+01
 9481   0.19988800E+01
 9482   0.18785800E+01
 9483   0.16571700E+01
 9484   0.14487100E+01
 9485   0.12534800E+01
 9486   0.10884300E+01
 9487   0.93498000E+00
 9488   0.81486000E+00
 9489   0.62553000E+00
 9490   0.51353000E+00
 9491   0.46542000E+00
 9492   0.41446000E+00
 9493   0.36259000E+00
 9494   0.31508000E+00
 9495   0.24967000E+00
 9496   0.21308000E+00
 9497   0.19383000E+00
 9498   0.17717000E+00
 9499   0.15832000E+00
 9500   0.13868000E+00
 9501   0.12034000E+00
 9502   0.31655200E+01
 9503   0.96836600E+01
 9504   0.15071460E+02
 9505   0.16931830E+02
 9506   0.22858080E+02
 9507   0.20997910E+02
 9508   0.24882700E+02
 9509   0.44757470E+02
 9510   0.45905500E+02
 9511   0.42784570E+02
 9512   0.32202250E+02
 9513   0.21618890E+02
 9514   0.14513620E+02
 9515   0.96429200E+01
 9516   0.68302500E+01
 9517   0.46990600E+01
 9518   0.35597900E+01
 9519   0.22306900E+01
 9520   0.18913200E+01
 9521   0.15557800E+01
 9522   0.12310800E+01
 9523   0.10458300E+01
 9524   0.90846000E+00
 9525   0.80081000E+00
 9526   0.71687000E+00
 9527   0.60401000E+00
 9528   0.49092000E+00
 9529   0.40597000E+00
 9530   0.27076100E+01
 9531   0.71113200E+01
 9532   0.14353060E+02
 9533   0.13577240E+02
 9534   0.15333360E+02
 9535   0.15294960E+02
 9536   0.13164190E+02
 9537   0.10047390E+02
 9538   0.76043800E+01
 9539   0.57791300E+01
 9540   0.35203300E+01
 9541   0.32533000E+01
 9542   0.29478600E+01
 9543   0.24946000E+01
 9544   0.20717900E+01
 9545   0.17362500E+01
 9546   0.13689500E+01
 9547   0.11340300E+01
 9548   0.97002000E+00
 9549   0.84309000E+00
 9550   0.63875000E+00
 9551   0.57242000E+00
 9552   0.58365000E+00
 9553   0.57040000E+00
 9554   0.53668000E+00
 9555   0.49835000E+00
 9556   0.45730000E+00
 9557   0.10149600E+01
 9558   0.38323100E+01
 9559   0.17753460E+02
 9560   0.41743420E+02
 9561   0.42133480E+02
 9562   0.35556600E+02
 9563   0.33134750E+02
 9564   0.48824100E+02
 9565   0.12496895E+03
 9566   0.15753927E+03
 9567   0.98213850E+02
 9568   0.60775370E+02
 9569   0.39802870E+02
 9570   0.38428290E+02
 9571   0.34600180E+02
 9572   0.42797570E+02
 9573   0.38749120E+02
 9574   0.28155770E+02
 9575   0.21933260E+02
 9576   0.39594500E+02
 9577   0.18985511E+03
 9578   0.22834885E+03
 9579   0.15255083E+03
 9580   0.15971146E+03
 9581   0.11798740E+03
 9582   0.79479060E+02
 9583   0.47772550E+02
 9584   0.29197050E+02
 9585   0.20406200E+02
 9586   0.19725610E+02
 9587   0.39853690E+02
 9588   0.47160150E+02
 9589   0.63441970E+02
 9590   0.88299040E+02
 9591   0.62591070E+02
 9592   0.52653620E+02
 9593   0.86937540E+02
 9594   0.91958960E+02
 9595   0.55788420E+02
 9596   0.36901280E+02
 9597   0.24329910E+02
 9598   0.16250880E+02
 9599   0.10871370E+02
 9600   0.75580900E+01
 9601   0.45839500E+01
 9602   0.10588370E+02
 9603   0.26067790E+02
 9604   0.54260920E+02
 9605   0.61281600E+02
 9606   0.10033404E+03
 9607   0.95219850E+02
 9608   0.10487890E+03
 9609   0.11027916E+03
 9610   0.48817621E+03
 9611   0.37178287E+03
 9612   0.29996844E+03
 9613   0.15797083E+03
 9614   0.24493846E+03
 9615   0.26877133E+03
 9616   0.18129805E+03
 9617   0.44315814E+03
 9618   0.40588937E+03
 9619   0.28144801E+03
 9620   0.28669294E+03
 9621   0.19025253E+03
 9622   0.23840022E+03
 9623   0.28036469E+03
 9624   0.16111966E+03
 9625   0.11931114E+03
 9626   0.98867240E+02
 9627   0.19604615E+03
 9628   0.12000520E+03
 9629   0.93003660E+02
 9630   0.91106660E+02
 9631   0.54434260E+02
 9632   0.40718040E+02
 9633   0.19136693E+03
 9634   0.46742667E+03
 9635   0.43910831E+03
 9636   0.38346063E+03
 9637   0.54660537E+03
 9638   0.25167266E+03
 9639   0.10267955E+03
 9640   0.52964410E+02
 9641   0.42162280E+02
 9642   0.10514778E+04
 9643   0.95772558E+03
 9644   0.33096146E+03
 9645   0.12027222E+03
 9646   0.58881410E+02
 9647   0.72229520E+02
 9648   0.41932838E+03
 9649   0.54357477E+03
 9650   0.52438343E+03
 9651   0.52098829E+03
 9652   0.96936964E+03
 9653   0.12461711E+04
 9654   0.81556580E+03
 9655   0.10242566E+04
 9656   0.37952980E+03
 9657   0.13046990E+03
 9658   0.61452310E+02
 9659   0.34618070E+02
 9660   0.21422500E+02
 9661   0.13678330E+02
 9662   0.86874000E+01
 9663   0.51865000E+01
 9664   0.35791100E+01
 9665   0.26652500E+01
 9666   0.20409900E+01
 9667   0.16230800E+01
 9668   0.12350500E+01
 9669   0.99768000E+00
 9670   0.17521040E+02
 9671   0.72450343E+03
 9672   0.97907774E+03
 9673   0.32876162E+04
 9674   0.20228870E+04
 9675   0.12209757E+04
 9676   0.11181545E+04
 9677   0.37464551E+04
 9678   0.35594178E+04
 9679   0.11290491E+04
 9680   0.11877432E+04
 9681   0.13974018E+04
 9682   0.11441806E+04
 9683   0.39835828E+04
 9684   0.17600473E+04
 9685   0.15247896E+04
 9686   0.89665143E+03
 9687   0.55685920E+03
 9688   0.92633977E+03
 9689   0.43759277E+03
 9690   0.42840506E+03
 9691   0.40183876E+03
 9692   0.44307370E+03
 9693   0.47733129E+03
 9694   0.10284715E+04
 9695   0.12166131E+04
 9696   0.10182597E+04
 9697   0.41224900E+03
 9698   0.14233692E+03
 9699   0.38015471E+03
 9700   0.34550617E+03
 9701   0.16369285E+03
 9702   0.79311670E+02
 9703   0.52563500E+02
 9704   0.38118440E+02
 9705   0.28209310E+02
 9706   0.25414480E+02
 9707   0.23372170E+02
 9708   0.18813890E+02
 9709   0.17444050E+02
 9710   0.18940830E+02
 9711   0.57123780E+02
 9712   0.40439820E+02
 9713   0.26233680E+02
 9714   0.16389880E+02
 9715   0.10964750E+02
 9716   0.10384010E+02
 9717   0.13400120E+02
 9718   0.70968300E+01
 9719   0.36273700E+01
 9720   0.23667900E+01
 9721   0.17174900E+01
 9722   0.13049000E+01
 9723   0.97787000E+00
 9724   0.70077000E+00
 9725   0.53698000E+00
 9726   0.45554000E+00
 9727   0.38436000E+00
 9728   0.31894000E+00
 9729   0.22856000E+00
 9730   0.16842000E+00
 9731   0.13026000E+00
 9732   0.10414000E+00
 9733   0.85400000E-01
 9734   0.71480000E-01
 9735   0.60840000E-01
 9736   0.52520000E-01
 9737   0.45880000E-01
 9738   0.40490000E-01
 9739   0.36040000E-01
 9740   0.32320000E-01
 9741   0.29180000E-01
 9742   0.15309000E+00
 9743   0.31410000E+00
 9744   0.15872000E+00
 9745   0.96180000E-01
 9746   0.65280000E-01
 9747   0.15392000E+01
 9748   0.21204550E+02
 9749   0.10593382E+03
 9750   0.22293545E+03
 9751   0.99153560E+02
 9752   0.52277030E+02
 9753   0.30914550E+02
 9754   0.26965610E+02
 9755   0.31302270E+02
 9756   0.46357580E+02
 9757   0.41274880E+02
 9758   0.62427030E+02
 9759   0.62739230E+02
 9760   0.84179020E+02
 9761   0.60406530E+02
 9762   0.32220490E+02
 9763   0.24372430E+02
 9764   0.19605740E+02
 9765   0.13553700E+02
 9766   0.12191720E+02
 9767   0.15406920E+02
 9768   0.14313900E+02
 9769   0.10445780E+02
 9770   0.73636700E+01
 9771   0.50234300E+01
 9772   0.35647400E+01
 9773   0.26339300E+01
 9774   0.19976000E+01
 9775   0.15640900E+01
 9776   0.10494900E+01
 9777   0.83143000E+00
 9778   0.67614000E+00
 9779   0.55452000E+00
 9780   0.47008000E+00
 9781   0.39743000E+00
 9782   0.33299000E+00
 9783   0.23743000E+00
 9784   0.17054000E+00
 9785   0.13062000E+00
 9786   0.10408000E+00
 9787   0.85260000E-01
 9788   0.71340000E-01
 9789   0.60730000E-01
 9790   0.52440000E-01
 9791   0.45820000E-01
 9792   0.40440000E-01
 9793   0.36000000E-01
 9794   0.32290000E-01
 9795   0.29150000E-01
 9796   0.26470000E-01
 9797   0.24160000E-01
 9798   0.22160000E-01
 9799   0.20400000E-01
 9800   0.18860000E-01
 9801   0.17490000E-01
 9802   0.16270000E-01
 9803   0.15170000E-01
 9804   0.14190000E-01
 9805   0.13310000E-01
 9806   0.12500000E-01
 9807   0.11780000E-01
 9808   0.11110000E-01
 9809   0.10510000E-01
 9810   0.10000000E-01
 9811   0.57940000E-01
 9812   0.30864000E+00
 9813   0.37126000E+00
 9814   0.44036000E+00
 9815   0.49544000E+00
 9816   0.52668000E+00
 9817   0.50830000E+00
 9818   0.46231000E+00
 9819   0.44041000E+00
 9820   0.40676000E+00
 9821   0.36331000E+00
 9822   0.31818000E+00
 9823   0.24435000E+00
 9824   0.18422000E+00
 9825   0.14264000E+00
 9826   0.11342000E+00
 9827   0.92390000E-01
 9828   0.76830000E-01
 9829   0.99730000E-01
 9830   0.11413650E+02
 9831   0.13702590E+02
 9832   0.11311890E+02
 9833   0.85120700E+01
 9834   0.67747100E+01
 9835   0.57766800E+01
 9836   0.48155200E+01
 9837   0.33728000E+01
 9838   0.29197700E+01
 9839   0.24567800E+01
 9840   0.21921900E+01
 9841   0.50806620E+02
 9842   0.23103648E+03
 9843   0.15869597E+03
 9844   0.78624750E+02
 9845   0.43875150E+02
 9846   0.38511910E+02
 9847   0.64760980E+02
 9848   0.61555850E+02
 9849   0.44354540E+02
 9850   0.60381910E+02
 9851   0.58083960E+02
 9852   0.36341980E+02
 9853   0.25317920E+02
 9854   0.19202620E+02
 9855   0.13510160E+02
 9856   0.92111300E+01
 9857   0.66204700E+01
 9858   0.38251400E+01
 9859   0.32864200E+01
 9860   0.31150100E+01
 9861   0.35225600E+01
 9862   0.33513700E+01
 9863   0.30040300E+01
 9864   0.31356800E+01
 9865   0.38442400E+01
 9866   0.39963700E+01
 9867   0.35776400E+01
 9868   0.24241800E+01
 9869   0.21003700E+01
 9870   0.17969600E+01
 9871   0.14462800E+01
 9872   0.11855800E+01
 9873   0.10142500E+01
 9874   0.88225000E+00
 9875   0.77886000E+00
 9876   0.66695000E+00
 9877   0.56183000E+00
 9878   0.43976000E+00
 9879   0.34104000E+00
 9880   0.25904000E+00
 9881   0.18662000E+00
 9882   0.14154000E+00
 9883   0.11139000E+00
 9884   0.95979800E+01
 9885   0.56878360E+02
 9886   0.12080601E+03
 9887   0.94525140E+02
 9888   0.56005050E+02
 9889   0.34996130E+02
 9890   0.22547750E+02
 9891   0.14901200E+02
 9892   0.99230400E+01
 9893   0.71697700E+01
 9894   0.54278400E+01
 9895   0.40536400E+01
 9896   0.32161500E+01
 9897   0.25715100E+01
 9898   0.22557200E+01
 9899   0.33573900E+01
 9900   0.34180100E+01
 9901   0.32489100E+01
 9902   0.27620800E+01
 9903   0.22714700E+01
 9904   0.18705600E+01
 9905   0.15103900E+01
 9906   0.12149900E+01
 9907   0.10589500E+01
 9908   0.20431400E+01
 9909   0.13514900E+01
 9910   0.27715100E+01
 9911   0.71196100E+01
 9912   0.10552550E+02
 9913   0.93528500E+01
 9914   0.95935700E+01
 9915   0.98785000E+01
 9916   0.83873600E+01
 9917   0.76179200E+01
 9918   0.64448600E+01
 9919   0.43722300E+01
 9920   0.35944800E+01
 9921   0.28811900E+01
 9922   0.23213300E+01
 9923   0.25358500E+01
 9924   0.37612760E+02
 9925   0.54652540E+02
 9926   0.36754490E+02
 9927   0.25979350E+02
 9928   0.20496950E+02
 9929   0.42838420E+02
 9930   0.13338000E+03
 9931   0.15646821E+03
 9932   0.13167018E+03
 9933   0.79839420E+02
 9934   0.79799470E+02
 9935   0.10202519E+03
 9936   0.53362240E+02
 9937   0.30311950E+02
 9938   0.26012890E+02
 9939   0.20365990E+02
 9940   0.13646870E+02
 9941   0.95912600E+01
 9942   0.70428000E+01
 9943   0.13572560E+02
 9944   0.12366840E+02
 9945   0.64817780E+02
 9946   0.24826477E+03
 9947   0.25994014E+03
 9948   0.13234984E+03
 9949   0.11426201E+03
 9950   0.13362950E+03
 9951   0.19638889E+03
 9952   0.38012149E+03
 9953   0.74936934E+03
 9954   0.75277200E+03
 9955   0.36054683E+03
 9956   0.18258069E+03
 9957   0.14887700E+03
 9958   0.10243089E+03
 9959   0.14039617E+03
 9960   0.28406572E+03
 9961   0.19209867E+03
 9962   0.36572951E+03
 9963   0.46875458E+03
 9964   0.22985843E+03
 9965   0.10364467E+03
 9966   0.69127740E+02
 9967   0.15603059E+03
 9968   0.11527072E+03
 9969   0.71046880E+02
 9970   0.43530890E+02
 9971   0.97806490E+02
 9972   0.72952240E+02
 9973   0.49628470E+02
 9974   0.35819430E+02
 9975   0.55615750E+02
 9976   0.10427195E+03
 9977   0.61066940E+02
 9978   0.43797200E+02
 9979   0.41420960E+02
 9980   0.40527770E+02
 9981   0.23214800E+02
 9982   0.16867460E+02
 9983   0.18250820E+02
 9984   0.21147890E+02
 9985   0.20511310E+02
 9986   0.37059970E+02
 9987   0.36464110E+02
 9988   0.47778060E+02
 9989   0.48420143E+03
 9990   0.21551127E+03
 9991   0.88186340E+02
 9992   0.47108160E+02
 9993   0.27937180E+02
 9994   0.36850410E+02
 9995   0.47614950E+02
 9996   0.31882860E+02
 9997   0.27038930E+02
 9998   0.51303890E+02
 9999   0.59318620E+02
10000   0.75115080E+02
10001   0.23944992E+03
10002   0.16435423E+03
10003   0.80980360E+02
10004   0.46212130E+02
10005   0.17882279E+03
10006   0.19968615E+03
10007   0.11192184E+03
10008   0.70235660E+02
10009   0.12185923E+03
10010   0.21192905E+03
10011   0.20551671E+03
10012   0.44308904E+03
10013   0.23794252E+03
10014   0.27687751E+03
10015   0.31457491E+03
10016   0.19982917E+03
10017   0.10839176E+03
10018   0.60713760E+02
10019   0.61235780E+02
10020   0.32393680E+02
10021   0.92714050E+02
10022   0.57036190E+02
10023   0.49465120E+02
10024   0.75574000E+02
10025   0.44771478E+03
10026   0.43734275E+03
10027   0.36412136E+03
10028   0.99067880E+03
10029   0.70801716E+03
10030   0.22720698E+03
10031   0.15999001E+03
10032   0.31540115E+03
10033   0.29282302E+03
10034   0.36086014E+03
10035   0.36855920E+03
10036   0.27672283E+03
10037   0.45783446E+03
10038   0.42458359E+03
10039   0.37049027E+03
10040   0.40866725E+03
10041   0.38684387E+03
10042   0.42969143E+03
10043   0.37320795E+03
10044   0.30234433E+03
10045   0.22370209E+03
10046   0.17285556E+03
10047   0.17760232E+03
10048   0.25105932E+03
10049   0.21946405E+03
10050   0.12718600E+03
10051   0.67317630E+02
10052   0.42593530E+02
10053   0.43709170E+02
10054   0.40195260E+02
10055   0.18009750E+02
10056   0.88577300E+01
10057   0.53737000E+01
10058   0.37598600E+01
10059   0.27152000E+01
10060   0.20117700E+01
10061   0.15496000E+01
10062   0.11439300E+01
10063   0.81866000E+00
10064   0.65054000E+00
10065   0.51192680E+02
10066   0.27553489E+03
10067   0.22678623E+03
10068   0.30218870E+03
10069   0.49781219E+03
10070   0.54572936E+03
10071   0.46135101E+03
10072   0.87059862E+03
10073   0.59744202E+03
10074   0.20059770E+03
10075   0.86100590E+02
10076   0.54593640E+02
10077   0.27172902E+03
10078   0.59866657E+03
10079   0.40183593E+03
10080   0.30743236E+03
10081   0.35765352E+03
10082   0.45139109E+03
10083   0.23046891E+03
10084   0.89423120E+02
10085   0.46671000E+02
10086   0.28932110E+02
10087   0.23292840E+02
10088   0.18777341E+03
10089   0.10493598E+04
10090   0.78757182E+03
10091   0.40742411E+03
10092   0.57960285E+03
10093   0.35593907E+03
10094   0.22833540E+03
10095   0.11104834E+03
10096   0.52375040E+02
10097   0.29193190E+02
10098   0.18915800E+02
10099   0.12856800E+02
10100   0.99121000E+01
10101   0.67425300E+01
10102   0.43921600E+01
10103   0.30969100E+01
10104   0.19847100E+01
10105   0.21842750E+02
10106   0.82875660E+02
10107   0.49215050E+03
10108   0.21003785E+03
10109   0.15485736E+03
10110   0.25462542E+03
10111   0.15242479E+03
10112   0.85119670E+02
10113   0.72005990E+02
10114   0.14581971E+03
10115   0.25359421E+03
10116   0.13785594E+03
10117   0.67523370E+02
10118   0.37839170E+02
10119   0.23518660E+02
10120   0.16508270E+02
10121   0.16459650E+02
10122   0.18721020E+02
10123   0.16289650E+02
10124   0.11679930E+02
10125   0.13616360E+02
10126   0.20535900E+02
10127   0.12645700E+02
10128   0.67369000E+01
10129   0.42115600E+01
10130   0.34365300E+01
10131   0.38430000E+01
10132   0.43528000E+01
10133   0.39434000E+01
10134   0.27401800E+01
10135   0.22936200E+01
10136   0.19071900E+01
10137   0.15474600E+01
10138   0.13254200E+01
10139   0.10876800E+01
10140   0.92926000E+00
10141   0.80655000E+00
10142   0.68899000E+00
10143   0.57135000E+00
10144   0.48349000E+00
10145   0.40407000E+00
10146   0.33583000E+00
10147   0.30917000E+00
10148   0.29480000E+00
10149   0.26716000E+00
10150   0.22659000E+00
10151   0.18437000E+00
10152   0.14910000E+00
10153   0.48078500E+01
10154   0.49182400E+01
10155   0.51502200E+01
10156   0.85550300E+01
10157   0.14885780E+02
10158   0.12743560E+02
10159   0.88614900E+01
10160   0.62945800E+01
10161   0.42222400E+01
10162   0.30978300E+01
10163   0.23111200E+01
10164   0.17668000E+01
10165   0.11968700E+01
10166   0.92207000E+00
10167   0.76262000E+00
10168   0.62003000E+00
10169   0.51877000E+00
10170   0.44324000E+00
10171   0.37401000E+00
10172   0.30291000E+00
10173   0.21076000E+00
10174   0.15553000E+00
10175   0.12117000E+00
10176   0.99320000E-01
10177   0.84850000E-01
10178   0.73300000E-01
10179   0.63390000E-01
10180   0.55070000E-01
10181   0.48220000E-01
10182   0.42630000E-01
10183   0.38010000E-01
10184   0.74620000E-01
10185   0.66250000E-01
10186   0.86450000E-01
10187   0.96810000E-01
10188   0.90780000E-01
10189   0.92310000E-01
10190   0.14365000E+00
10191   0.21727000E+00
10192   0.16065900E+01
10193   0.24108800E+01
10194   0.50187300E+01
10195   0.51524400E+01
10196   0.34520300E+01
10197   0.28096300E+01
10198   0.22647200E+01
10199   0.18706600E+01
10200   0.15755400E+01
10201   0.12862900E+01
10202   0.11049100E+01
10203   0.96373000E+00
10204   0.85501000E+00
10205   0.12165600E+01
10206   0.12969950E+02
10207   0.87005060E+02
10208   0.87400600E+02
10209   0.59579330E+02
10210   0.36901720E+02
10211   0.24244370E+02
10212   0.33233020E+02
10213   0.65479840E+02
10214   0.83893470E+02
10215   0.67017510E+02
10216   0.42178040E+02
10217   0.27166340E+02
10218   0.17969220E+02
10219   0.11906370E+02
10220   0.79090700E+01
10221   0.56085000E+01
10222   0.39328600E+01
10223   0.30207800E+01
10224   0.23823300E+01
10225   0.20652900E+01
10226   0.17641700E+01
10227   0.12491100E+01
10228   0.98643000E+00
10229   0.83307000E+00
10230   0.72461000E+00
10231   0.61035000E+00
10232   0.50323000E+00
10233   0.42001000E+00
10234   0.34924000E+00
10235   0.25288000E+00
10236   0.17321000E+00
10237   0.13020000E+00
10238   0.10344000E+00
10239   0.85030000E-01
10240   0.71600000E-01
10241   0.63560000E-01
10242   0.70171000E+00
10243   0.79096000E+00
10244   0.74761000E+00
10245   0.81379000E+00
10246   0.84699000E+00
10247   0.71162000E+00
10248   0.62955000E+00
10249   0.56376000E+00
10250   0.51085000E+00
10251   0.46646000E+00
10252   0.43443000E+00
10253   0.41328000E+00
10254   0.20525100E+01
10255   0.18655200E+01
10256   0.16394500E+01
10257   0.13098600E+01
10258   0.10905700E+01
10259   0.10331600E+01
10260   0.16806000E+01
10261   0.22408100E+01
10262   0.21948500E+01
10263   0.19351600E+01
10264   0.16047500E+01
10265   0.13472600E+01
10266   0.11595600E+01
10267   0.10443900E+01
10268   0.82339000E+00
10269   0.72625000E+00
10270   0.66285000E+00
10271   0.14506400E+01
10272   0.16868800E+01
10273   0.17913300E+01
10274   0.32033900E+01
10275   0.81216200E+01
10276   0.10934110E+02
10277   0.13619780E+02
10278   0.17008360E+02
10279   0.16586840E+02
10280   0.19397050E+02
10281   0.17801970E+02
10282   0.12902490E+02
10283   0.87872200E+01
10284   0.74999500E+01
10285   0.57115000E+01
10286   0.95971200E+01
10287   0.18554443E+03
10288   0.30227423E+03
10289   0.18038441E+03
10290   0.11221921E+03
10291   0.67729760E+02
10292   0.43546750E+02
10293   0.29262840E+02
10294   0.20452630E+02
10295   0.26862140E+02
10296   0.85231420E+02
10297   0.80089640E+02
10298   0.60504780E+02
10299   0.43957830E+02
10300   0.44348200E+02
10301   0.61862380E+02
10302   0.11942097E+03
10303   0.26158226E+03
10304   0.33449616E+03
10305   0.25828019E+03
10306   0.47512749E+03
10307   0.74331649E+03
10308   0.40534814E+03
10309   0.19707271E+03
10310   0.90801110E+02
10311   0.49492450E+02
10312   0.29855070E+02
10313   0.19296160E+02
10314   0.55924250E+02
10315   0.10483154E+03
10316   0.71356420E+02
10317   0.53047760E+02
10318   0.33725460E+02
10319   0.20738270E+02
10320   0.17682010E+02
10321   0.33539500E+02
10322   0.36490110E+02
10323   0.23818760E+02
10324   0.16341690E+02
10325   0.12381880E+02
10326   0.15626400E+02
10327   0.58439550E+02
10328   0.52744050E+02
10329   0.43985890E+02
10330   0.48433930E+02
10331   0.55578010E+02
10332   0.44984580E+02
10333   0.20699002E+03
10334   0.18254560E+03
10335   0.40687134E+03
10336   0.32290505E+03
10337   0.12748670E+03
10338   0.61980200E+02
10339   0.34238630E+02
10340   0.22828190E+02
10341   0.17591800E+02
10342   0.12563980E+02
10343   0.84647400E+01
10344   0.59387500E+01
10345   0.59692200E+01
10346   0.43354600E+01
10347   0.93931200E+01
10348   0.11541539E+04
10349   0.94051438E+03
10350   0.10811789E+04
10351   0.64262635E+03
10352   0.36192508E+03
10353   0.15471113E+03
10354   0.10927332E+03
10355   0.13186198E+03
10356   0.73785350E+02
10357   0.70993290E+02
10358   0.13388476E+03
10359   0.46191352E+03
10360   0.33330515E+03
10361   0.44479922E+03
10362   0.56087650E+03
10363   0.20973501E+03
10364   0.87248770E+02
10365   0.48225760E+02
10366   0.12161969E+03
10367   0.29351640E+03
10368   0.19251312E+03
10369   0.12676774E+03
10370   0.12017268E+03
10371   0.81206550E+02
10372   0.52354180E+02
10373   0.35155870E+02
10374   0.23578220E+02
10375   0.15731170E+02
10376   0.10311220E+02
10377   0.71800200E+01
10378   0.81362770E+02
10379   0.53000591E+03
10380   0.38916902E+03
10381   0.13573231E+03
10382   0.63877570E+02
10383   0.61789150E+02
10384   0.27285803E+03
10385   0.76889518E+03
10386   0.20368092E+04
10387   0.12122012E+04
10388   0.37127056E+03
10389   0.17586635E+03
10390   0.86033080E+02
10391   0.46755930E+02
10392   0.35725260E+02
10393   0.37037820E+02
10394   0.90866710E+02
10395   0.46374570E+02
10396   0.20721570E+02
10397   0.40038540E+02
10398   0.37728305E+03
10399   0.61387636E+03
10400   0.49604796E+03
10401   0.32738718E+03
10402   0.18481219E+03
10403   0.86639890E+02
10404   0.64018170E+02
10405   0.73917910E+02
10406   0.13908951E+03
10407   0.10084026E+04
10408   0.15661300E+04
10409   0.80337001E+03
10410   0.34947725E+03
10411   0.26207555E+03
10412   0.22857543E+03
10413   0.13268877E+03
10414   0.17830932E+03
10415   0.24091702E+03
10416   0.15303610E+03
10417   0.11524460E+03
10418   0.14447174E+03
10419   0.34519467E+03
10420   0.49727271E+03
10421   0.26660413E+03
10422   0.15058848E+03
10423   0.34238480E+03
10424   0.21624593E+03
10425   0.11711027E+03
10426   0.64423430E+02
10427   0.14492971E+03
10428   0.31283375E+03
10429   0.70032635E+03
10430   0.56075978E+03
10431   0.52258666E+03
10432   0.62779105E+03
10433   0.44926875E+03
10434   0.25335590E+03
10435   0.10831670E+03
10436   0.55814500E+02
10437   0.32771210E+02
10438   0.22308200E+02
10439   0.39090330E+02
10440   0.33650528E+03
10441   0.47450043E+03
10442   0.35298213E+03
10443   0.25936550E+03
10444   0.18904231E+03
10445   0.16206234E+03
10446   0.12757435E+03
10447   0.87632910E+02
10448   0.54481620E+02
10449   0.30094110E+02
10450   0.19203140E+02
10451   0.12796000E+02
10452   0.82572800E+01
10453   0.59113600E+01
10454   0.43436100E+01
10455   0.30421800E+01
10456   0.22356700E+01
10457   0.17252600E+01
10458   0.48087700E+01
10459   0.12704210E+02
10460   0.46421790E+02
10461   0.76281280E+02
10462   0.11203001E+03
10463   0.59221090E+02
10464   0.39874700E+02
10465   0.35976980E+02
10466   0.16618035E+03
10467   0.11415216E+03
10468   0.67917370E+02
10469   0.40170120E+02
10470   0.24490020E+02
10471   0.16053870E+02
10472   0.11364900E+02
10473   0.74207000E+01
10474   0.26044040E+02
10475   0.19516000E+02
10476   0.97468200E+01
10477   0.14443350E+02
10478   0.20268410E+02
10479   0.19573130E+02
10480   0.17968510E+02
10481   0.17622010E+02
10482   0.15213810E+02
10483   0.13271310E+02
10484   0.14109160E+02
10485   0.29312860E+02
10486   0.31221280E+02
10487   0.23128740E+02
10488   0.17132360E+02
10489   0.12806500E+02
10490   0.93992200E+01
10491   0.72362060E+02
10492   0.93255690E+02
10493   0.13173026E+03
10494   0.21990711E+03
10495   0.20572300E+03
10496   0.16394811E+03
10497   0.85805820E+02
10498   0.48724430E+02
10499   0.29538070E+02
10500   0.20750910E+02
10501   0.16587900E+02
10502   0.18225380E+02
10503   0.22265210E+02
10504   0.47605120E+02
10505   0.44602590E+02
10506   0.29447990E+02
10507   0.19318850E+02
10508   0.12732120E+02
10509   0.86505400E+01
10510   0.60158800E+01
10511   0.38764000E+01
10512   0.27556500E+01
10513   0.29908900E+01
10514   0.22693350E+02
10515   0.19362080E+02
10516   0.13117620E+02
10517   0.20184930E+02
10518   0.21836100E+02
10519   0.20622220E+02
10520   0.37068710E+02
10521   0.73614690E+02
10522   0.64279170E+02
10523   0.41050360E+02
10524   0.25765530E+02
10525   0.17902590E+02
10526   0.12256470E+02
10527   0.81608900E+01
10528   0.58108800E+01
10529   0.45649900E+01
10530   0.51527900E+01
10531   0.51474500E+01
10532   0.44551300E+01
10533   0.36607200E+01
10534   0.26806100E+01
10535   0.53019800E+01
10536   0.84479400E+01
10537   0.79723500E+01
10538   0.61816600E+01
10539   0.42941400E+01
10540   0.31994000E+01
10541   0.24374400E+01
10542   0.19175300E+01
10543   0.15213800E+01
10544   0.10393000E+01
10545   0.87674000E+00
10546   0.94977000E+00
10547   0.13440000E+01
10548   0.16739500E+01
10549   0.16940200E+01
10550   0.37591200E+01
10551   0.29226300E+01
10552   0.20534900E+01
10553   0.15040500E+01
10554   0.10935000E+01
10555   0.75785000E+00
10556   0.54113000E+00
10557   0.44642000E+00
10558   0.37385000E+00
10559   0.30343000E+00
10560   0.21489000E+00
10561   0.16063000E+00
10562   0.12616000E+00
10563   0.10238000E+00
10564   0.85170000E-01
10565   0.72240000E-01
10566   0.65000000E-01
10567   0.75650000E-01
10568   0.26655000E+00
10569   0.31422000E+00
10570   0.28462000E+00
10571   0.25457000E+00
10572   0.23193000E+00
10573   0.21261000E+00
10574   0.21855000E+00
10575   0.30926000E+00
10576   0.35867000E+00
10577   0.44793000E+00
10578   0.48997000E+00
10579   0.11700100E+01
10580   0.24135000E+01
10581   0.44044200E+01
10582   0.78409400E+01
10583   0.82754500E+01
10584   0.75454500E+01
10585   0.69423400E+01
10586   0.69668200E+01
10587   0.60744200E+01
10588   0.46261100E+01
10589   0.35393500E+01
10590   0.27459300E+01
10591   0.21783500E+01
10592   0.17848700E+01
10593   0.14043600E+01
10594   0.11193000E+01
10595   0.93878000E+00
10596   0.70290000E+00
10597   0.56918000E+00
10598   0.48799000E+00
10599   0.41623000E+00
10600   0.35371000E+00
10601   0.27536000E+00
10602   0.23957040E+02
10603   0.29871710E+02
10604   0.22630840E+02
10605   0.19094980E+02
10606   0.19095190E+02
10607   0.15548950E+02
10608   0.11142130E+02
10609   0.76406300E+01
10610   0.53128400E+01
10611   0.37410400E+01
10612   0.28445900E+01
10613   0.22198300E+01
10614   0.17713100E+01
10615   0.13780700E+01
10616   0.97514000E+00
10617   0.81817000E+00
10618   0.71288000E+00
10619   0.60351000E+00
10620   0.51317000E+00
10621   0.44981000E+00
10622   0.49638000E+00
10623   0.92014000E+00
10624   0.43978000E+01
10625   0.73963800E+01
10626   0.14359620E+02
10627   0.18245320E+02
10628   0.14274110E+02
10629   0.99702000E+01
10630   0.71532600E+01
10631   0.51382900E+01
10632   0.73409900E+01
10633   0.13241920E+02
10634   0.25052140E+02
10635   0.53085280E+02
10636   0.48306220E+02
10637   0.32297970E+02
10638   0.23248320E+02
10639   0.16558380E+02
10640   0.11472290E+02
10641   0.79483700E+01
10642   0.58670000E+01
10643   0.45748800E+01
10644   0.55433100E+01
10645   0.11825000E+02
10646   0.27377940E+02
10647   0.57534730E+02
10648   0.12419443E+03
10649   0.83680820E+02
10650   0.48142270E+02
10651   0.56834570E+02
10652   0.71381080E+02
10653   0.82875550E+02
10654   0.66846790E+02
10655   0.14440713E+03
10656   0.25036790E+03
10657   0.22536675E+03
10658   0.12587873E+03
10659   0.66596660E+02
10660   0.42854560E+02
10661   0.48358870E+02
10662   0.76449420E+02
10663   0.89970180E+02
10664   0.17363645E+03
10665   0.27950901E+03
10666   0.22591887E+03
10667   0.10831695E+03
10668   0.58279840E+02
10669   0.34429590E+02
10670   0.22051050E+02
10671   0.14415990E+02
10672   0.94597100E+01
10673   0.70007400E+01
10674   0.47035500E+01
10675   0.34477900E+01
10676   0.26182200E+01
10677   0.20443800E+01
10678   0.13898300E+01
10679   0.10554100E+01
10680   0.87962000E+00
10681   0.10464200E+01
10682   0.59042900E+01
10683   0.20053200E+02
10684   0.11796843E+03
10685   0.43973158E+03
10686   0.40787316E+03
10687   0.16805389E+03
10688   0.75697460E+02
10689   0.45907070E+02
10690   0.37057850E+02
10691   0.57864030E+02
10692   0.10287053E+03
10693   0.12894432E+03
10694   0.79782150E+02
10695   0.50414500E+02
10696   0.32725380E+02
10697   0.21588430E+02
10698   0.13380040E+02
10699   0.88697500E+01
10700   0.63287500E+01
10701   0.42159500E+01
10702   0.30784300E+01
10703   0.26212300E+01
10704   0.17795870E+02
10705   0.12623678E+03
10706   0.26728056E+03
10707   0.77722521E+03
10708   0.81816996E+03
10709   0.26439891E+03
10710   0.10315640E+03
10711   0.52781310E+02
10712   0.30947740E+02
10713   0.19883330E+02
10714   0.13086830E+02
10715   0.86305200E+01
10716   0.60592100E+01
10717   0.57501900E+01
10718   0.10835450E+02
10719   0.27156010E+02
10720   0.36660440E+02
10721   0.28513020E+02
10722   0.24710030E+02
10723   0.44239590E+02
10724   0.33144865E+03
10725   0.38320194E+03
10726   0.16143656E+03
10727   0.74358170E+02
10728   0.40924910E+02
10729   0.23872510E+02
10730   0.15586350E+02
10731   0.10226780E+02
10732   0.11969562E+03
10733   0.63010934E+03
10734   0.49686482E+03
10735   0.60615823E+03
10736   0.30308611E+03
10737   0.19620309E+03
10738   0.10468595E+04
10739   0.79191348E+03
10740   0.48613545E+03
10741   0.29233950E+03
10742   0.17333763E+03
10743   0.11447219E+03
10744   0.73080020E+02
10745   0.47636210E+02
10746   0.38748970E+02
10747   0.17636232E+03
10748   0.11017209E+04
10749   0.36924673E+03
10750   0.29880050E+03
10751   0.33139039E+03
10752   0.66820234E+03
10753   0.72701625E+03
10754   0.51690258E+03
10755   0.19481129E+03
10756   0.76550420E+02
10757   0.42489930E+02
10758   0.33406360E+02
10759   0.27322260E+02
10760   0.17766620E+02
10761   0.12140030E+02
10762   0.86309000E+01
10763   0.36780390E+02
10764   0.38630770E+02
10765   0.21019560E+02
10766   0.35968200E+02
10767   0.66382780E+02
10768   0.37668868E+03
10769   0.69024389E+03
10770   0.67545907E+03
10771   0.17840798E+04
10772   0.15678762E+04
10773   0.13152989E+04
10774   0.14585446E+04
10775   0.79446001E+03
10776   0.61717710E+03
10777   0.12910178E+04
10778   0.10836184E+04
10779   0.68864639E+03
10780   0.44300828E+03
10781   0.20564071E+03
10782   0.11191995E+03
10783   0.73686580E+02
10784   0.53498660E+02
10785   0.34933500E+02
10786   0.21534030E+02
10787   0.13982430E+02
10788   0.19344850E+02
10789   0.30661480E+02
10790   0.25281880E+02
10791   0.18088200E+02
10792   0.82694100E+01
10793   0.39773800E+01
10794   0.23304500E+01
10795   0.16084800E+01
10796   0.11821300E+01
10797   0.88766000E+00
10798   0.71991000E+00
10799   0.53254000E+00
10800   0.43805000E+00
10801   0.35006000E+00
10802   0.20461590E+02
10803   0.87517900E+02
10804   0.11455902E+03
10805   0.60510740E+02
10806   0.36134530E+02
10807   0.26836750E+02
10808   0.27638180E+02
10809   0.26027230E+02
10810   0.11029740E+03
10811   0.65991388E+03
10812   0.78276495E+03
10813   0.46284657E+03
10814   0.57338939E+03
10815   0.44433911E+03
10816   0.15299217E+03
10817   0.10872570E+03
10818   0.64241860E+02
10819   0.47306570E+02
10820   0.41287050E+02
10821   0.27218210E+02
10822   0.18986340E+02
10823   0.13413240E+02
10824   0.60812760E+02
10825   0.94040470E+02
10826   0.48762548E+03
10827   0.39431257E+03
10828   0.27007181E+03
10829   0.23243613E+03
10830   0.11869155E+03
10831   0.88520380E+02
10832   0.48858480E+02
10833   0.26862440E+02
10834   0.16748410E+02
10835   0.10897820E+02
10836   0.74613200E+01
10837   0.50529100E+01
10838   0.35640900E+01
10839   0.26403600E+01
10840   0.19728450E+03
10841   0.63729569E+03
10842   0.79300035E+03
10843   0.38925095E+03
10844   0.24553890E+03
10845   0.10657242E+03
10846   0.54292870E+02
10847   0.31513930E+02
10848   0.19854000E+02
10849   0.12869530E+02
10850   0.82736200E+01
10851   0.57091200E+01
10852   0.41730700E+01
10853   0.13054930E+02
10854   0.91731000E+01
10855   0.63777800E+01
10856   0.96798400E+01
10857   0.20442080E+02
10858   0.25923780E+02
10859   0.21955920E+02
10860   0.16846330E+02
10861   0.12489790E+02
10862   0.82269100E+01
10863   0.62661400E+01
10864   0.44362800E+01
10865   0.33153900E+01
10866   0.25376500E+01
10867   0.19836600E+01
10868   0.15794800E+01
10869   0.12018900E+01
10870   0.96747000E+00
10871   0.85723000E+00
10872   0.11707310E+02
10873   0.52702062E+03
10874   0.20108062E+03
10875   0.89194790E+02
10876   0.48397190E+02
10877   0.29257330E+02
10878   0.19095610E+02
10879   0.12713640E+02
10880   0.83748700E+01
10881   0.58082100E+01
10882   0.38872500E+01
10883   0.23610300E+01
10884   0.18979200E+01
10885   0.15246100E+01
10886   0.29966800E+01
10887   0.43898900E+01
10888   0.74428400E+01
10889   0.71564300E+01
10890   0.69984500E+01
10891   0.11513250E+02
10892   0.15497030E+02
10893   0.16488970E+02
10894   0.20484420E+02
10895   0.16931420E+02
10896   0.12721700E+02
10897   0.92804600E+01
10898   0.69203700E+01
10899   0.49830900E+01
10900   0.50176900E+01
10901   0.65983300E+01
10902   0.70222200E+01
10903   0.49719600E+01
10904   0.37703500E+01
10905   0.29170900E+01
10906   0.22568300E+01
10907   0.17945700E+01
10908   0.13884800E+01
10909   0.10927600E+01
10910   0.90642000E+00
10911   0.77440000E+00
10912   0.63502000E+00
10913   0.49372000E+00
10914   0.38880000E+00
10915   0.32576000E+00
10916   0.23507000E+00
10917   0.17192000E+00
10918   0.17525130E+02
10919   0.58914590E+02
10920   0.58223620E+02
10921   0.50048150E+02
10922   0.35138420E+02
10923   0.23056660E+02
10924   0.14357410E+02
10925   0.93282900E+01
10926   0.71347300E+01
10927   0.49873900E+01
10928   0.36590100E+01
10929   0.33976300E+01
10930   0.47126300E+01
10931   0.34356200E+01
10932   0.23636600E+01
10933   0.17189300E+01
10934   0.11230500E+01
10935   0.85725000E+00
10936   0.69771000E+00
10937   0.55608000E+00
10938   0.47630000E+00
10939   0.40745000E+00
10940   0.35003000E+00
10941   0.14917500E+01
10942   0.31722000E+01
10943   0.66091100E+01
10944   0.67785000E+01
10945   0.58194800E+01
10946   0.46229100E+01
10947   0.40812100E+01
10948   0.37052400E+01
10949   0.32443100E+01
10950   0.27312000E+01
10951   0.22425600E+01
10952   0.18612800E+01
10953   0.14821900E+01
10954   0.10350800E+01
10955   0.85313000E+00
10956   0.74062000E+00
10957   0.63047000E+00
