    1   0.00000000E+00
    2   0.00000000E+00
    3   0.00000000E+00
    4   0.00000000E+00
    5   0.00000000E+00
    6   0.00000000E+00
    7   0.00000000E+00
    8   0.40780000E+00
    9   0.37914000E+00
   10   0.36597000E+00
   11   0.30356000E+00
   12   0.25295000E+00
   13   0.15218000E+00
   14   0.17179000E+00
   15   0.23798900E+01
   16   0.94172600E+01
   17   0.21295940E+02
   18   0.16253940E+02
   19   0.10185110E+02
   20   0.56147500E+01
   21   0.24121200E+01
   22   0.12569200E+01
   23   0.81112000E+00
   24   0.58322000E+00
   25   0.41702000E+00
   26   0.30482000E+00
   27   0.28245000E+00
   28   0.12814000E+00
   29   0.69220000E-01
   30   0.46330000E-01
   31   0.33790000E-01
   32   0.25910000E-01
   33   0.21430000E-01
   34   0.68270000E-01
   35   0.10028000E+00
   36   0.90550000E-01
   37   0.69940000E-01
   38   0.52390000E-01
   39   0.41010000E-01
   40   0.49369000E+00
   41   0.26199300E+01
   42   0.10427460E+02
   43   0.56505970E+02
   44   0.63659880E+02
   45   0.34931110E+02
   46   0.18709600E+02
   47   0.10639830E+02
   48   0.55398300E+01
   49   0.22624400E+01
   50   0.11983000E+01
   51   0.78054000E+00
   52   0.56106000E+00
   53   0.39294000E+00
   54   0.29533000E+00
   55   0.28124000E+00
   56   0.13092000E+00
   57   0.67630000E-01
   58   0.93780000E-01
   59   0.15539000E+00
   60   0.12035000E+00
   61   0.80360000E-01
   62   0.53800000E-01
   63   0.37580000E-01
   64   0.27460000E-01
   65   0.20890000E-01
   66   0.16410000E-01
   67   0.13240000E-01
   68   0.12100600E+01
   69   0.33952800E+01
   70   0.51611600E+01
   71   0.50437800E+01
   72   0.40628400E+01
   73   0.35606300E+01
   74   0.32484700E+01
   75   0.29758700E+01
   76   0.22845800E+01
   77   0.14789000E+01
   78   0.18491200E+01
   79   0.14630400E+01
   80   0.10080100E+01
   81   0.75171000E+00
   82   0.57681000E+00
   83   0.53668000E+00
   84   0.52275000E+00
   85   0.41238000E+00
   86   0.30188000E+00
   87   0.26680000E+00
   88   0.12400000E+00
   89   0.76290000E-01
   90   0.52730000E-01
   91   0.38720000E-01
   92   0.29640000E-01
   93   0.23420000E-01
   94   0.18970000E-01
   95   0.15680000E-01
   96   0.13180000E-01
   97   0.11240000E-01
   98   0.97000000E-02
   99   0.84500000E-02
  100   0.74300000E-02
  101   0.65900000E-02
  102   0.58900000E-02
  103   0.53000000E-02
  104   0.47900000E-02
  105   0.43600000E-02
  106   0.39900000E-02
  107   0.80458000E+00
  108   0.17166900E+01
  109   0.12419100E+01
  110   0.84314000E+00
  111   0.68506000E+00
  112   0.59414000E+00
  113   0.49715000E+00
  114   0.42189000E+00
  115   0.37996000E+00
  116   0.35401000E+00
  117   0.30814000E+00
  118   0.99158000E+00
  119   0.19825900E+01
  120   0.29472700E+01
  121   0.29487300E+01
  122   0.19785200E+01
  123   0.12085300E+01
  124   0.10062800E+01
  125   0.15481800E+01
  126   0.22417600E+01
  127   0.23308500E+01
  128   0.12983100E+01
  129   0.85007000E+00
  130   0.60193000E+00
  131   0.45270000E+00
  132   0.33174000E+00
  133   0.28537000E+00
  134   0.23025400E+01
  135   0.13935100E+02
  136   0.51640570E+02
  137   0.39466110E+02
  138   0.23136860E+02
  139   0.14048160E+02
  140   0.89254100E+01
  141   0.79613400E+01
  142   0.10550420E+02
  143   0.15281800E+02
  144   0.21148190E+02
  145   0.25705320E+02
  146   0.29820550E+02
  147   0.43933360E+02
  148   0.39812600E+02
  149   0.28054440E+02
  150   0.19288150E+02
  151   0.16864000E+02
  152   0.18380870E+02
  153   0.23156900E+02
  154   0.26952760E+02
  155   0.38768820E+02
  156   0.77957180E+02
  157   0.62035390E+02
  158   0.30876680E+02
  159   0.21228440E+02
  160   0.38527640E+02
  161   0.11151140E+03
  162   0.22508164E+03
  163   0.17754072E+03
  164   0.11317090E+03
  165   0.99607990E+02
  166   0.13621531E+03
  167   0.16139000E+03
  168   0.18981502E+03
  169   0.18028537E+03
  170   0.12649606E+03
  171   0.95945870E+02
  172   0.66907500E+02
  173   0.51182920E+02
  174   0.48752960E+02
  175   0.63207180E+02
  176   0.10784237E+03
  177   0.11345635E+03
  178   0.92190530E+02
  179   0.75006180E+02
  180   0.67143270E+02
  181   0.86106840E+02
  182   0.63185610E+02
  183   0.40320300E+02
  184   0.30004080E+02
  185   0.26643500E+02
  186   0.29829810E+02
  187   0.38151730E+02
  188   0.50299400E+02
  189   0.55227100E+02
  190   0.57965200E+02
  191   0.66909190E+02
  192   0.64966080E+02
  193   0.65256360E+02
  194   0.87967320E+02
  195   0.10629394E+03
  196   0.65245880E+02
  197   0.39586910E+02
  198   0.31711190E+02
  199   0.51788640E+02
  200   0.74006460E+02
  201   0.65018980E+02
  202   0.57723540E+02
  203   0.47488950E+02
  204   0.35085910E+02
  205   0.31091120E+02
  206   0.45118350E+02
  207   0.44121450E+02
  208   0.37599480E+02
  209   0.29354590E+02
  210   0.22017280E+02
  211   0.19111560E+02
  212   0.17786160E+02
  213   0.16628900E+02
  214   0.13515870E+02
  215   0.99596200E+01
  216   0.65384900E+01
  217   0.11217390E+02
  218   0.96460440E+02
  219   0.12449776E+03
  220   0.93913090E+02
  221   0.61118520E+02
  222   0.59225270E+02
  223   0.43009530E+02
  224   0.29010500E+02
  225   0.21755020E+02
  226   0.16319420E+02
  227   0.13836490E+02
  228   0.12619010E+02
  229   0.10255500E+02
  230   0.73065500E+01
  231   0.49042400E+01
  232   0.32312300E+01
  233   0.56387200E+01
  234   0.10019149E+03
  235   0.10521491E+03
  236   0.10308545E+03
  237   0.45445544E+03
  238   0.44229491E+03
  239   0.22881549E+03
  240   0.73217200E+02
  241   0.31434060E+02
  242   0.20892030E+02
  243   0.17354600E+02
  244   0.18906000E+02
  245   0.24772830E+02
  246   0.41574760E+02
  247   0.80131320E+02
  248   0.72837770E+02
  249   0.60321870E+02
  250   0.43360660E+02
  251   0.27365270E+02
  252   0.22695580E+02
  253   0.16032880E+02
  254   0.94990200E+01
  255   0.53844000E+01
  256   0.31717100E+01
  257   0.18415700E+01
  258   0.10880600E+01
  259   0.72071000E+00
  260   0.47167000E+00
  261   0.32404000E+00
  262   0.28393000E+00
  263   0.12950000E+00
  264   0.68730000E-01
  265   0.46100000E-01
  266   0.33840000E-01
  267   0.26150000E-01
  268   0.23140000E-01
  269   0.41590000E-01
  270   0.37230000E-01
  271   0.28000000E-01
  272   0.21840000E-01
  273   0.17570000E-01
  274   0.14450000E-01
  275   0.12090000E-01
  276   0.10250000E-01
  277   0.88000000E-02
  278   0.76300000E-02
  279   0.66700000E-02
  280   0.58900000E-02
  281   0.52400000E-02
  282   0.46900000E-02
  283   0.42121000E+00
  284   0.64957000E+00
  285   0.52660000E+00
  286   0.35213000E+00
  287   0.28043000E+00
  288   0.10494000E+00
  289   0.52020000E-01
  290   0.32760000E-01
  291   0.22970000E-01
  292   0.17160000E-01
  293   0.13370000E-01
  294   0.10740000E-01
  295   0.88300000E-02
  296   0.73900000E-02
  297   0.62900000E-02
  298   0.54100000E-02
  299   0.47100000E-02
  300   0.41400000E-02
  301   0.36700000E-02
  302   0.32800000E-02
  303   0.29400000E-02
  304   0.26600000E-02
  305   0.24100000E-02
  306   0.22000000E-02
  307   0.20200000E-02
  308   0.18600000E-02
  309   0.17200000E-02
  310   0.15900000E-02
  311   0.14800000E-02
  312   0.13800000E-02
  313   0.12900000E-02
  314   0.12100000E-02
  315   0.11400000E-02
  316   0.10700000E-02
  317   0.10100000E-02
  318   0.96000000E-03
  319   0.91000000E-03
  320   0.86000000E-03
  321   0.82000000E-03
  322   0.78000000E-03
  323   0.74000000E-03
  324   0.71000000E-03
  325   0.68000000E-03
  326   0.63832000E+00
  327   0.13135500E+01
  328   0.17833100E+01
  329   0.15837000E+01
  330   0.11210300E+01
  331   0.80672000E+00
  332   0.60599000E+00
  333   0.47412000E+00
  334   0.35681000E+00
  335   0.29988000E+00
  336   0.21897000E+00
  337   0.91370000E-01
  338   0.58880000E-01
  339   0.42070000E-01
  340   0.59660000E-01
  341   0.27728000E+00
  342   0.25111000E+00
  343   0.24584000E+00
  344   0.23283000E+00
  345   0.17717000E+00
  346   0.13957000E+00
  347   0.10801000E+00
  348   0.78210000E-01
  349   0.56370000E-01
  350   0.41730000E-01
  351   0.31890000E-01
  352   0.25080000E-01
  353   0.20230000E-01
  354   0.16650000E-01
  355   0.13950000E-01
  356   0.11860000E-01
  357   0.10210000E-01
  358   0.88900000E-02
  359   0.78300000E-02
  360   0.37070000E+00
  361   0.60682000E+00
  362   0.62441000E+00
  363   0.55753000E+00
  364   0.48687000E+00
  365   0.41582000E+00
  366   0.34333000E+00
  367   0.29646000E+00
  368   0.23026000E+00
  369   0.13499000E+00
  370   0.96380000E-01
  371   0.68100000E-01
  372   0.49270000E-01
  373   0.36840000E-01
  374   0.28640000E-01
  375   0.23820000E-01
  376   0.21000000E-01
  377   0.18740000E-01
  378   0.16660000E-01
  379   0.14790000E-01
  380   0.13150000E-01
  381   0.11710000E-01
  382   0.10460000E-01
  383   0.93700000E-02
  384   0.84100000E-02
  385   0.75800000E-02
  386   0.68400000E-02
  387   0.62000000E-02
  388   0.56400000E-02
  389   0.51400000E-02
  390   0.47000000E-02
  391   0.43100000E-02
  392   0.39700000E-02
  393   0.36600000E-02
  394   0.33900000E-02
  395   0.31400000E-02
  396   0.29200000E-02
  397   0.27200000E-02
  398   0.25400000E-02
  399   0.23800000E-02
  400   0.22300000E-02
  401   0.20900000E-02
  402   0.19700000E-02
  403   0.18600000E-02
  404   0.17600000E-02
  405   0.16600000E-02
  406   0.15800000E-02
  407   0.15000000E-02
  408   0.14200000E-02
  409   0.13500000E-02
  410   0.12900000E-02
  411   0.12300000E-02
  412   0.11700000E-02
  413   0.11200000E-02
  414   0.10700000E-02
  415   0.10300000E-02
  416   0.98000000E-03
  417   0.94000000E-03
  418   0.90000000E-03
  419   0.87000000E-03
  420   0.83000000E-03
  421   0.80000000E-03
  422   0.77000000E-03
  423   0.14920000E-01
  424   0.53580700E+01
  425   0.42688680E+02
  426   0.50613710E+02
  427   0.32174370E+02
  428   0.18611310E+02
  429   0.12581660E+02
  430   0.94376800E+01
  431   0.80573500E+01
  432   0.72146500E+01
  433   0.55479200E+01
  434   0.31721800E+01
  435   0.14667300E+01
  436   0.89509000E+00
  437   0.62493000E+00
  438   0.43629000E+00
  439   0.30435000E+00
  440   0.27713000E+00
  441   0.11425000E+00
  442   0.62890000E-01
  443   0.42450000E-01
  444   0.31220000E-01
  445   0.24180000E-01
  446   0.40420000E-01
  447   0.25675000E+00
  448   0.22923000E+00
  449   0.15761000E+00
  450   0.24094000E+00
  451   0.18492000E+00
  452   0.12568000E+01
  453   0.57094600E+01
  454   0.16249180E+02
  455   0.21224030E+02
  456   0.14080850E+02
  457   0.82449400E+01
  458   0.39377900E+01
  459   0.16243000E+01
  460   0.95011000E+00
  461   0.67355000E+00
  462   0.10897400E+01
  463   0.11700000E+01
  464   0.11149700E+01
  465   0.95044000E+00
  466   0.74818000E+00
  467   0.58342000E+00
  468   0.46152000E+00
  469   0.35581000E+00
  470   0.30247000E+00
  471   0.25396000E+00
  472   0.12352000E+00
  473   0.80560000E-01
  474   0.56120000E-01
  475   0.71712000E+00
  476   0.91351000E+00
  477   0.63357000E+00
  478   0.42065000E+00
  479   0.26998000E+00
  480   0.22721000E+00
  481   0.64630000E-01
  482   0.49927000E+00
  483   0.11155900E+01
  484   0.10451700E+01
  485   0.75622000E+00
  486   0.55636000E+00
  487   0.43158000E+00
  488   0.33326000E+00
  489   0.29935000E+00
  490   0.21712000E+00
  491   0.20158000E+00
  492   0.19416900E+01
  493   0.35473300E+01
  494   0.10314880E+02
  495   0.55646120E+02
  496   0.12195804E+03
  497   0.10954589E+03
  498   0.11483547E+03
  499   0.12034105E+03
  500   0.84553840E+02
  501   0.56042590E+02
  502   0.76923040E+02
  503   0.11134743E+03
  504   0.14745474E+03
  505   0.23403399E+03
  506   0.11759503E+03
  507   0.71103450E+02
  508   0.10700870E+03
  509   0.14536898E+03
  510   0.11830025E+03
  511   0.84667180E+02
  512   0.60458840E+02
  513   0.51561900E+02
  514   0.50199480E+02
  515   0.58909880E+02
  516   0.12333546E+03
  517   0.13866724E+03
  518   0.10546923E+03
  519   0.60951480E+02
  520   0.31907940E+02
  521   0.20410310E+02
  522   0.16504950E+02
  523   0.14975440E+02
  524   0.11982860E+02
  525   0.88422400E+01
  526   0.59217200E+01
  527   0.31261700E+01
  528   0.23138900E+01
  529   0.36246100E+01
  530   0.23583660E+02
  531   0.26940442E+03
  532   0.40249493E+03
  533   0.38941181E+03
  534   0.22643863E+03
  535   0.13820314E+03
  536   0.20236999E+03
  537   0.19342658E+03
  538   0.12974805E+03
  539   0.62726260E+02
  540   0.28797080E+02
  541   0.15065700E+02
  542   0.86385200E+01
  543   0.50654200E+01
  544   0.35464700E+01
  545   0.27281800E+01
  546   0.22898100E+01
  547   0.32977800E+01
  548   0.90973400E+01
  549   0.14987330E+02
  550   0.13425900E+02
  551   0.94498300E+01
  552   0.77298000E+01
  553   0.67625700E+01
  554   0.68141400E+01
  555   0.83100500E+01
  556   0.91062500E+01
  557   0.11294960E+02
  558   0.74659120E+02
  559   0.13057724E+03
  560   0.92411240E+02
  561   0.80508660E+02
  562   0.10206250E+03
  563   0.10089839E+03
  564   0.75413160E+02
  565   0.42395080E+02
  566   0.22475080E+02
  567   0.12425950E+02
  568   0.77657700E+01
  569   0.11716810E+02
  570   0.71092720E+02
  571   0.16999245E+03
  572   0.21228704E+03
  573   0.15997469E+03
  574   0.24409636E+03
  575   0.16853831E+03
  576   0.29386209E+03
  577   0.31432296E+03
  578   0.28538437E+03
  579   0.20572845E+03
  580   0.18935390E+03
  581   0.20440823E+03
  582   0.14773014E+03
  583   0.62410290E+02
  584   0.28896280E+02
  585   0.15615080E+02
  586   0.88206600E+01
  587   0.13656288E+03
  588   0.27322579E+03
  589   0.12143779E+03
  590   0.69376050E+02
  591   0.86867420E+02
  592   0.91270520E+02
  593   0.68090220E+02
  594   0.29643110E+03
  595   0.10098888E+03
  596   0.38378010E+02
  597   0.22926370E+02
  598   0.20898990E+02
  599   0.30770790E+02
  600   0.39194640E+02
  601   0.41392110E+02
  602   0.41120100E+02
  603   0.39693600E+02
  604   0.24412270E+02
  605   0.12787520E+02
  606   0.71050100E+01
  607   0.57692600E+01
  608   0.72642600E+01
  609   0.13610080E+02
  610   0.21476000E+02
  611   0.25994190E+02
  612   0.31960150E+02
  613   0.33465860E+02
  614   0.26230830E+02
  615   0.18223490E+02
  616   0.15984050E+02
  617   0.23310090E+02
  618   0.23840620E+02
  619   0.15983080E+02
  620   0.10058040E+02
  621   0.56463200E+01
  622   0.22879500E+01
  623   0.13885300E+01
  624   0.15640600E+01
  625   0.16156200E+01
  626   0.16222200E+01
  627   0.15596200E+01
  628   0.12622600E+01
  629   0.91495000E+00
  630   0.68658000E+00
  631   0.56392000E+00
  632   0.14735340E+02
  633   0.22039327E+03
  634   0.11379875E+03
  635   0.44706340E+02
  636   0.22130770E+02
  637   0.12739880E+02
  638   0.82942000E+01
  639   0.67007900E+01
  640   0.10723840E+02
  641   0.59428670E+02
  642   0.66533520E+02
  643   0.38535660E+02
  644   0.21184360E+02
  645   0.12257210E+02
  646   0.68456600E+01
  647   0.31194000E+01
  648   0.13956500E+01
  649   0.84828000E+00
  650   0.59120000E+00
  651   0.40261000E+00
  652   0.29095000E+00
  653   0.25974000E+00
  654   0.10130000E+00
  655   0.61180000E-01
  656   0.42470000E-01
  657   0.31580000E-01
  658   0.24520000E-01
  659   0.19640000E-01
  660   0.16110000E-01
  661   0.13500000E-01
  662   0.11570000E-01
  663   0.10140000E-01
  664   0.90200000E-02
  665   0.80900000E-02
  666   0.22552000E+00
  667   0.13777200E+01
  668   0.24693100E+01
  669   0.31318600E+01
  670   0.33098500E+01
  671   0.25941600E+01
  672   0.12978600E+01
  673   0.83158000E+00
  674   0.58592000E+00
  675   0.44310000E+00
  676   0.36662000E+00
  677   0.31408000E+00
  678   0.26535000E+00
  679   0.15756000E+00
  680   0.11256000E+00
  681   0.80000000E-01
  682   0.57250000E-01
  683   0.42210000E-01
  684   0.32170000E-01
  685   0.25250000E-01
  686   0.20330000E-01
  687   0.16710000E-01
  688   0.13980000E-01
  689   0.11870000E-01
  690   0.10210000E-01
  691   0.88700000E-02
  692   0.77900000E-02
  693   0.68900000E-02
  694   0.61400000E-02
  695   0.55100000E-02
  696   0.49700000E-02
  697   0.22811700E+01
  698   0.19674920E+02
  699   0.49259210E+02
  700   0.30754170E+02
  701   0.16985150E+02
  702   0.95458600E+01
  703   0.46625000E+01
  704   0.18332400E+01
  705   0.10186500E+01
  706   0.66848000E+00
  707   0.45661000E+00
  708   0.51959000E+00
  709   0.43462000E+00
  710   0.30325000E+00
  711   0.25636000E+00
  712   0.87950000E-01
  713   0.50670000E-01
  714   0.34650000E-01
  715   0.25780000E-01
  716   0.20160000E-01
  717   0.16320000E-01
  718   0.15750000E-01
  719   0.38419000E+00
  720   0.20689200E+01
  721   0.47211500E+01
  722   0.91278500E+01
  723   0.87037000E+01
  724   0.67096700E+01
  725   0.57630400E+01
  726   0.53443900E+01
  727   0.44585600E+01
  728   0.33857100E+01
  729   0.17239300E+01
  730   0.10725800E+01
  731   0.75821000E+00
  732   0.56277000E+00
  733   0.43375000E+00
  734   0.31573000E+00
  735   0.28488000E+00
  736   0.13573000E+00
  737   0.73740000E-01
  738   0.49280000E-01
  739   0.35790000E-01
  740   0.27330000E-01
  741   0.21800000E-01
  742   0.19170000E-01
  743   0.18930000E-01
  744   0.19030000E-01
  745   0.18480000E-01
  746   0.17310000E-01
  747   0.15810000E-01
  748   0.44150000E-01
  749   0.10574000E+00
  750   0.10563000E+00
  751   0.85790000E-01
  752   0.64050000E-01
  753   0.47710000E-01
  754   0.36350000E-01
  755   0.28420000E-01
  756   0.22760000E-01
  757   0.18610000E-01
  758   0.15490000E-01
  759   0.13080000E-01
  760   0.11200000E-01
  761   0.96900000E-02
  762   0.84700000E-02
  763   0.74600000E-02
  764   0.66300000E-02
  765   0.59300000E-02
  766   0.53300000E-02
  767   0.48200000E-02
  768   0.43800000E-02
  769   0.40000000E-02
  770   0.36600000E-02
  771   0.33700000E-02
  772   0.33500000E-02
  773   0.46693000E+00
  774   0.70552000E+00
  775   0.61939000E+00
  776   0.11614200E+01
  777   0.40447700E+01
  778   0.14201940E+02
  779   0.23229580E+02
  780   0.17030540E+02
  781   0.11454610E+02
  782   0.10637230E+02
  783   0.22528650E+02
  784   0.39700360E+02
  785   0.26442540E+02
  786   0.14767580E+02
  787   0.81157500E+01
  788   0.40398100E+01
  789   0.17811300E+01
  790   0.10469100E+01
  791   0.71994000E+00
  792   0.53322000E+00
  793   0.45696000E+00
  794   0.79155000E+00
  795   0.11924900E+01
  796   0.12034000E+01
  797   0.97541000E+00
  798   0.30051100E+01
  799   0.89085500E+01
  800   0.30281810E+02
  801   0.80545120E+02
  802   0.76693030E+02
  803   0.41323250E+02
  804   0.27870650E+02
  805   0.23742960E+02
  806   0.19736980E+02
  807   0.14751690E+02
  808   0.11055220E+02
  809   0.10266120E+02
  810   0.10842870E+02
  811   0.97328300E+01
  812   0.73821000E+01
  813   0.82995800E+01
  814   0.13108330E+02
  815   0.26890410E+02
  816   0.19394310E+02
  817   0.11502160E+02
  818   0.61462000E+01
  819   0.25895600E+01
  820   0.12857200E+01
  821   0.80727000E+00
  822   0.56975000E+00
  823   0.38788000E+00
  824   0.11642300E+01
  825   0.15710300E+01
  826   0.86805000E+00
  827   0.16362100E+01
  828   0.39027000E+01
  829   0.99434200E+01
  830   0.13850420E+02
  831   0.11019260E+02
  832   0.79277300E+01
  833   0.53080600E+01
  834   0.26504100E+01
  835   0.13435400E+01
  836   0.84589000E+00
  837   0.59499000E+00
  838   0.41971000E+00
  839   0.31359000E+00
  840   0.30175000E+00
  841   0.24631000E+00
  842   0.24778000E+00
  843   0.37563900E+01
  844   0.37086460E+02
  845   0.91963960E+02
  846   0.70575630E+02
  847   0.37344900E+02
  848   0.21122230E+02
  849   0.13066130E+02
  850   0.10137990E+02
  851   0.89554000E+01
  852   0.97137900E+01
  853   0.93347900E+01
  854   0.67382900E+01
  855   0.35809600E+01
  856   0.46419700E+01
  857   0.30605580E+02
  858   0.56645130E+02
  859   0.34876810E+02
  860   0.35228140E+02
  861   0.96475010E+02
  862   0.11762000E+03
  863   0.75880950E+02
  864   0.88718820E+02
  865   0.97028030E+02
  866   0.92667990E+02
  867   0.51354300E+02
  868   0.27983480E+02
  869   0.17526210E+02
  870   0.12788630E+02
  871   0.90859300E+01
  872   0.55953000E+01
  873   0.24552400E+01
  874   0.12327000E+01
  875   0.78202000E+00
  876   0.13732900E+01
  877   0.55007100E+01
  878   0.42129280E+02
  879   0.60770590E+02
  880   0.45854850E+02
  881   0.28258560E+02
  882   0.19121310E+02
  883   0.50471370E+02
  884   0.15182469E+03
  885   0.14832156E+03
  886   0.14367861E+03
  887   0.87159510E+02
  888   0.40851220E+02
  889   0.20476970E+02
  890   0.11803500E+02
  891   0.12362840E+02
  892   0.88028360E+02
  893   0.11861745E+03
  894   0.12049524E+03
  895   0.55172919E+03
  896   0.43341428E+03
  897   0.17735805E+03
  898   0.88777770E+02
  899   0.84366790E+02
  900   0.10715819E+03
  901   0.11987139E+03
  902   0.28074612E+03
  903   0.26061760E+03
  904   0.15924190E+03
  905   0.99997530E+02
  906   0.82510850E+02
  907   0.83753750E+02
  908   0.61228040E+02
  909   0.49299050E+02
  910   0.34521170E+02
  911   0.19763140E+02
  912   0.14399450E+02
  913   0.14087540E+02
  914   0.18305170E+02
  915   0.25783320E+02
  916   0.28084540E+02
  917   0.38032240E+02
  918   0.50977250E+02
  919   0.54668330E+02
  920   0.60963740E+02
  921   0.46443180E+02
  922   0.30836440E+02
  923   0.22906750E+02
  924   0.23068200E+02
  925   0.23623400E+02
  926   0.20615260E+02
  927   0.15099020E+02
  928   0.11412100E+02
  929   0.10032900E+02
  930   0.87232200E+01
  931   0.28783800E+02
  932   0.22656604E+03
  933   0.42810368E+03
  934   0.23249139E+03
  935   0.10171654E+03
  936   0.52332810E+02
  937   0.38603370E+02
  938   0.47814820E+02
  939   0.66146620E+02
  940   0.57219220E+02
  941   0.34138700E+02
  942   0.26472730E+02
  943   0.34405540E+02
  944   0.30560470E+02
  945   0.22922690E+02
  946   0.18624930E+02
  947   0.18619010E+02
  948   0.15768240E+02
  949   0.11207430E+02
  950   0.67184000E+01
  951   0.32939700E+01
  952   0.16038600E+01
  953   0.28420900E+01
  954   0.71579100E+01
  955   0.11502930E+02
  956   0.13053100E+02
  957   0.15011280E+02
  958   0.47800920E+02
  959   0.16330575E+03
  960   0.14502505E+03
  961   0.11269164E+03
  962   0.55992290E+02
  963   0.30488630E+02
  964   0.29227880E+02
  965   0.96926270E+02
  966   0.60567690E+02
  967   0.43896670E+02
  968   0.66886120E+02
  969   0.60052940E+02
  970   0.51474350E+02
  971   0.31622840E+02
  972   0.30785490E+02
  973   0.86220170E+02
  974   0.80525810E+02
  975   0.51522530E+02
  976   0.27874530E+02
  977   0.21341770E+02
  978   0.27421350E+02
  979   0.35382890E+02
  980   0.31420020E+02
  981   0.25271850E+02
  982   0.21148690E+02
  983   0.18817170E+02
  984   0.18546380E+02
  985   0.15547800E+02
  986   0.15709300E+02
  987   0.16309060E+02
  988   0.19888040E+02
  989   0.23488530E+02
  990   0.22573970E+02
  991   0.27562240E+02
  992   0.26226920E+02
  993   0.24969900E+02
  994   0.18584060E+02
  995   0.12452690E+02
  996   0.80567800E+01
  997   0.72424800E+01
  998   0.94885500E+01
  999   0.10284790E+02
 1000   0.10113470E+02
 1001   0.92495100E+01
 1002   0.64820800E+01
 1003   0.32906800E+01
 1004   0.13187500E+01
 1005   0.75125000E+00
 1006   0.46613000E+00
 1007   0.36572200E+01
 1008   0.76035710E+02
 1009   0.11290085E+03
 1010   0.78740910E+02
 1011   0.36661940E+02
 1012   0.18472770E+02
 1013   0.98729700E+01
 1014   0.47326500E+01
 1015   0.18746200E+01
 1016   0.10404400E+01
 1017   0.68446000E+00
 1018   0.47153000E+00
 1019   0.32525000E+00
 1020   0.28300000E+00
 1021   0.13955000E+00
 1022   0.70740000E-01
 1023   0.46690000E-01
 1024   0.33880000E-01
 1025   0.25930000E-01
 1026   0.20620000E-01
 1027   0.17290000E-01
 1028   0.15630000E-01
 1029   0.14660000E-01
 1030   0.13720000E-01
 1031   0.12720000E-01
 1032   0.11700000E-01
 1033   0.10700000E-01
 1034   0.97600000E-02
 1035   0.88800000E-02
 1036   0.80700000E-02
 1037   0.73400000E-02
 1038   0.66900000E-02
 1039   0.64300000E-02
 1040   0.75800000E-02
 1041   0.10250000E-01
 1042   0.12670000E-01
 1043   0.13660000E-01
 1044   0.13460000E-01
 1045   0.12660000E-01
 1046   0.11610000E-01
 1047   0.10520000E-01
 1048   0.94700000E-02
 1049   0.85000000E-02
 1050   0.76400000E-02
 1051   0.68800000E-02
 1052   0.62100000E-02
 1053   0.56200000E-02
 1054   0.10772700E+01
 1055   0.36386700E+01
 1056   0.91599300E+01
 1057   0.12080000E+02
 1058   0.94042800E+01
 1059   0.62216300E+01
 1060   0.31907100E+01
 1061   0.26773600E+01
 1062   0.43559700E+01
 1063   0.71039000E+01
 1064   0.83218300E+01
 1065   0.69773200E+01
 1066   0.44943200E+01
 1067   0.19858700E+01
 1068   0.11081500E+01
 1069   0.73876000E+00
 1070   0.53328000E+00
 1071   0.37278000E+00
 1072   0.27720000E+00
 1073   0.24889000E+00
 1074   0.95180000E-01
 1075   0.59120000E-01
 1076   0.41450000E-01
 1077   0.30950000E-01
 1078   0.24090000E-01
 1079   0.19310000E-01
 1080   0.15850000E-01
 1081   0.13250000E-01
 1082   0.11250000E-01
 1083   0.96700000E-02
 1084   0.84100000E-02
 1085   0.73800000E-02
 1086   0.65300000E-02
 1087   0.58400000E-02
 1088   0.10330000E-01
 1089   0.37590000E-01
 1090   0.45040000E-01
 1091   0.40140000E-01
 1092   0.33580000E-01
 1093   0.27620000E-01
 1094   0.22750000E-01
 1095   0.18900000E-01
 1096   0.15880000E-01
 1097   0.13490000E-01
 1098   0.14320000E-01
 1099   0.49009000E+00
 1100   0.24957700E+01
 1101   0.59628100E+01
 1102   0.11388310E+02
 1103   0.10129290E+02
 1104   0.68016400E+01
 1105   0.34582500E+01
 1106   0.15620100E+01
 1107   0.95405000E+00
 1108   0.66163000E+00
 1109   0.48449000E+00
 1110   0.33882000E+00
 1111   0.26195000E+00
 1112   0.23024000E+00
 1113   0.83780000E-01
 1114   0.52860000E-01
 1115   0.37460000E-01
 1116   0.28230000E-01
 1117   0.22140000E-01
 1118   0.17870000E-01
 1119   0.14740000E-01
 1120   0.12380000E-01
 1121   0.10550000E-01
 1122   0.91100000E-02
 1123   0.79400000E-02
 1124   0.69900000E-02
 1125   0.62000000E-02
 1126   0.55400000E-02
 1127   0.49800000E-02
 1128   0.70600000E-02
 1129   0.24780000E-01
 1130   0.53000000E-01
 1131   0.90830000E-01
 1132   0.90870000E-01
 1133   0.15819000E+00
 1134   0.25261000E+00
 1135   0.19708000E+00
 1136   0.14982000E+00
 1137   0.12193000E+00
 1138   0.13803000E+00
 1139   0.11865700E+01
 1140   0.42271200E+01
 1141   0.11294830E+02
 1142   0.14858910E+02
 1143   0.10935250E+02
 1144   0.66494600E+01
 1145   0.30798300E+01
 1146   0.13806300E+01
 1147   0.84468000E+00
 1148   0.59088000E+00
 1149   0.43296000E+00
 1150   0.67502000E+00
 1151   0.57593000E+00
 1152   0.46307000E+00
 1153   0.49847000E+00
 1154   0.11037500E+01
 1155   0.14945100E+01
 1156   0.14302200E+01
 1157   0.11349200E+01
 1158   0.85647000E+00
 1159   0.66870000E+00
 1160   0.52371000E+00
 1161   0.42807000E+00
 1162   0.32961000E+00
 1163   0.29843000E+00
 1164   0.19658000E+00
 1165   0.10848000E+00
 1166   0.27583000E+00
 1167   0.15104100E+01
 1168   0.35139200E+01
 1169   0.59737800E+01
 1170   0.83228900E+01
 1171   0.86465000E+01
 1172   0.75732000E+01
 1173   0.56423100E+01
 1174   0.35675700E+01
 1175   0.22513000E+01
 1176   0.15946300E+01
 1177   0.19225900E+01
 1178   0.39059500E+01
 1179   0.14064840E+02
 1180   0.45817270E+02
 1181   0.40395130E+02
 1182   0.23060120E+02
 1183   0.13296320E+02
 1184   0.91326100E+01
 1185   0.13372690E+02
 1186   0.61465080E+02
 1187   0.59854710E+02
 1188   0.33782530E+02
 1189   0.18978130E+02
 1190   0.12304780E+02
 1191   0.93418100E+01
 1192   0.97189500E+01
 1193   0.12642240E+02
 1194   0.15130740E+02
 1195   0.12155580E+02
 1196   0.80182200E+01
 1197   0.41242700E+01
 1198   0.17164500E+01
 1199   0.10031800E+01
 1200   0.67584000E+00
 1201   0.47870000E+00
 1202   0.33053000E+00
 1203   0.40731000E+00
 1204   0.14425400E+01
 1205   0.20871300E+01
 1206   0.29791300E+01
 1207   0.11593550E+02
 1208   0.35035130E+02
 1209   0.25019000E+02
 1210   0.26763190E+02
 1211   0.66803710E+02
 1212   0.50754040E+02
 1213   0.25745370E+02
 1214   0.13748130E+02
 1215   0.73054800E+01
 1216   0.47151100E+01
 1217   0.12089490E+02
 1218   0.65591240E+02
 1219   0.55643290E+02
 1220   0.56872600E+02
 1221   0.75295930E+02
 1222   0.63895040E+02
 1223   0.75556400E+02
 1224   0.21317002E+03
 1225   0.10008857E+03
 1226   0.58414080E+02
 1227   0.60201320E+02
 1228   0.64188910E+02
 1229   0.53953960E+02
 1230   0.53560170E+02
 1231   0.30452630E+02
 1232   0.17088120E+02
 1233   0.13652520E+02
 1234   0.13245720E+02
 1235   0.12918770E+02
 1236   0.96041700E+01
 1237   0.55671800E+01
 1238   0.33722500E+01
 1239   0.42912100E+01
 1240   0.67708600E+01
 1241   0.86377200E+01
 1242   0.90668100E+01
 1243   0.16858320E+02
 1244   0.88879570E+02
 1245   0.64485570E+02
 1246   0.30067780E+02
 1247   0.15159840E+02
 1248   0.77369600E+01
 1249   0.34328600E+01
 1250   0.25316200E+01
 1251   0.41467800E+01
 1252   0.11455420E+02
 1253   0.31860940E+02
 1254   0.51186280E+02
 1255   0.44339220E+02
 1256   0.34825260E+02
 1257   0.30250580E+02
 1258   0.33596130E+02
 1259   0.59065070E+02
 1260   0.10169167E+03
 1261   0.12855018E+03
 1262   0.15507663E+03
 1263   0.23994057E+03
 1264   0.17181323E+03
 1265   0.25677273E+03
 1266   0.15210596E+03
 1267   0.85966850E+02
 1268   0.91292570E+02
 1269   0.13390486E+03
 1270   0.18809720E+03
 1271   0.61213682E+03
 1272   0.39474221E+03
 1273   0.43285612E+03
 1274   0.25102366E+03
 1275   0.88832640E+02
 1276   0.75878020E+02
 1277   0.98662090E+02
 1278   0.10529294E+03
 1279   0.97489940E+02
 1280   0.77426810E+02
 1281   0.89659020E+02
 1282   0.11328532E+03
 1283   0.11066747E+03
 1284   0.68059110E+02
 1285   0.41174690E+02
 1286   0.32066370E+02
 1287   0.23323060E+02
 1288   0.14757430E+02
 1289   0.13052890E+02
 1290   0.10595499E+03
 1291   0.21501334E+03
 1292   0.88617780E+02
 1293   0.43344820E+02
 1294   0.24909870E+02
 1295   0.16250180E+02
 1296   0.10525430E+02
 1297   0.56741700E+01
 1298   0.21915700E+01
 1299   0.10943600E+01
 1300   0.19736200E+01
 1301   0.32312240E+02
 1302   0.12469862E+03
 1303   0.14705425E+03
 1304   0.12585671E+03
 1305   0.69629430E+02
 1306   0.35036840E+02
 1307   0.18782940E+02
 1308   0.10839660E+02
 1309   0.85722600E+01
 1310   0.34295100E+02
 1311   0.69494950E+02
 1312   0.53919750E+02
 1313   0.61216140E+02
 1314   0.22163698E+03
 1315   0.23457489E+03
 1316   0.18924270E+03
 1317   0.13232618E+03
 1318   0.86049730E+02
 1319   0.52772810E+02
 1320   0.47713890E+02
 1321   0.15479658E+03
 1322   0.23299227E+03
 1323   0.13653823E+03
 1324   0.86439450E+02
 1325   0.87506280E+02
 1326   0.11482903E+03
 1327   0.26536188E+03
 1328   0.39283791E+03
 1329   0.21076470E+03
 1330   0.66663660E+02
 1331   0.33049920E+02
 1332   0.32701070E+02
 1333   0.47965870E+02
 1334   0.49920810E+02
 1335   0.43283620E+02
 1336   0.46647760E+02
 1337   0.70646360E+02
 1338   0.41349710E+02
 1339   0.22338760E+02
 1340   0.14562060E+02
 1341   0.10704380E+02
 1342   0.75460800E+01
 1343   0.40933100E+01
 1344   0.19737200E+01
 1345   0.44154300E+01
 1346   0.98674100E+01
 1347   0.10801210E+02
 1348   0.15984400E+02
 1349   0.15975750E+02
 1350   0.11322830E+02
 1351   0.67311400E+01
 1352   0.30774700E+01
 1353   0.13600600E+01
 1354   0.83177000E+00
 1355   0.58199000E+00
 1356   0.40374000E+00
 1357   0.29312000E+00
 1358   0.14025700E+01
 1359   0.36832000E+01
 1360   0.47443800E+01
 1361   0.36047600E+01
 1362   0.16770100E+01
 1363   0.81434000E+00
 1364   0.47047000E+00
 1365   0.54223200E+01
 1366   0.26659310E+02
 1367   0.44926010E+02
 1368   0.29182990E+02
 1369   0.17121820E+02
 1370   0.96527400E+01
 1371   0.45746800E+01
 1372   0.17738500E+01
 1373   0.16502200E+01
 1374   0.21627306E+03
 1375   0.67259987E+03
 1376   0.41473813E+03
 1377   0.12403687E+03
 1378   0.47887230E+02
 1379   0.23948030E+02
 1380   0.17104240E+02
 1381   0.20094560E+02
 1382   0.18952330E+02
 1383   0.13070370E+02
 1384   0.80695700E+01
 1385   0.68908900E+01
 1386   0.19541340E+02
 1387   0.22346720E+02
 1388   0.13966850E+02
 1389   0.71525900E+01
 1390   0.30353500E+01
 1391   0.12868100E+01
 1392   0.75448000E+00
 1393   0.49769000E+00
 1394   0.68091000E+00
 1395   0.11987600E+01
 1396   0.19108100E+01
 1397   0.28213900E+01
 1398   0.35211600E+01
 1399   0.40594500E+01
 1400   0.11571360E+02
 1401   0.26224230E+02
 1402   0.21034350E+02
 1403   0.12609150E+02
 1404   0.67469800E+01
 1405   0.28521400E+01
 1406   0.13182400E+01
 1407   0.81100000E+00
 1408   0.57080000E+00
 1409   0.39344000E+00
 1410   0.28985000E+00
 1411   0.26423000E+00
 1412   0.10367000E+00
 1413   0.61050000E-01
 1414   0.42050000E-01
 1415   0.31180000E-01
 1416   0.24190000E-01
 1417   0.19390000E-01
 1418   0.15950000E-01
 1419   0.13390000E-01
 1420   0.11420000E-01
 1421   0.98700000E-02
 1422   0.86100000E-02
 1423   0.75700000E-02
 1424   0.67100000E-02
 1425   0.59900000E-02
 1426   0.53800000E-02
 1427   0.48600000E-02
 1428   0.44100000E-02
 1429   0.40200000E-02
 1430   0.36800000E-02
 1431   0.33900000E-02
 1432   0.31300000E-02
 1433   0.29100000E-02
 1434   0.27500000E-02
 1435   0.26300000E-02
 1436   0.25700000E-02
 1437   0.25300000E-02
 1438   0.25100000E-02
 1439   0.24800000E-02
 1440   0.24500000E-02
 1441   0.24100000E-02
 1442   0.23600000E-02
 1443   0.23000000E-02
 1444   0.22400000E-02
 1445   0.21700000E-02
 1446   0.21000000E-02
 1447   0.20300000E-02
 1448   0.19600000E-02
 1449   0.18900000E-02
 1450   0.18200000E-02
 1451   0.17600000E-02
 1452   0.16900000E-02
 1453   0.16200000E-02
 1454   0.15600000E-02
 1455   0.15000000E-02
 1456   0.14400000E-02
 1457   0.13800000E-02
 1458   0.13300000E-02
 1459   0.12700000E-02
 1460   0.12200000E-02
 1461   0.11800000E-02
 1462   0.11300000E-02
 1463   0.10900000E-02
 1464   0.10400000E-02
 1465   0.10200000E-02
 1466   0.11450000E-01
 1467   0.43255000E+00
 1468   0.12535200E+01
 1469   0.20352000E+01
 1470   0.29649000E+01
 1471   0.32117900E+01
 1472   0.16821000E+01
 1473   0.99136000E+00
 1474   0.68387000E+00
 1475   0.50443000E+00
 1476   0.35710000E+00
 1477   0.27356000E+00
 1478   0.25709000E+00
 1479   0.10397000E+00
 1480   0.63120000E-01
 1481   0.43740000E-01
 1482   0.32380000E-01
 1483   0.25020000E-01
 1484   0.19950000E-01
 1485   0.16300000E-01
 1486   0.13570000E-01
 1487   0.11480000E-01
 1488   0.98400000E-02
 1489   0.85400000E-02
 1490   0.74800000E-02
 1491   0.66000000E-02
 1492   0.58800000E-02
 1493   0.52700000E-02
 1494   0.47500000E-02
 1495   0.43000000E-02
 1496   0.39200000E-02
 1497   0.35800000E-02
 1498   0.32900000E-02
 1499   0.30600000E-02
 1500   0.28800000E-02
 1501   0.12389600E+01
 1502   0.14223860E+02
 1503   0.29383350E+02
 1504   0.24640090E+02
 1505   0.15654450E+02
 1506   0.95900700E+01
 1507   0.52638600E+01
 1508   0.23144300E+01
 1509   0.19896300E+01
 1510   0.24607200E+01
 1511   0.40544400E+01
 1512   0.61369800E+01
 1513   0.71441200E+01
 1514   0.75021700E+01
 1515   0.10733660E+02
 1516   0.32051020E+02
 1517   0.47197280E+02
 1518   0.34781350E+02
 1519   0.23680380E+02
 1520   0.16203710E+02
 1521   0.11071340E+02
 1522   0.72440500E+01
 1523   0.37938800E+01
 1524   0.15961300E+01
 1525   0.93851000E+00
 1526   0.63444000E+00
 1527   0.44212000E+00
 1528   0.31748000E+00
 1529   0.15340500E+01
 1530   0.45966000E+01
 1531   0.83144800E+01
 1532   0.87104300E+01
 1533   0.64991500E+01
 1534   0.34600500E+01
 1535   0.14851800E+01
 1536   0.88667000E+00
 1537   0.61319000E+00
 1538   0.12989700E+01
 1539   0.20732200E+01
 1540   0.26099600E+01
 1541   0.23226700E+01
 1542   0.13364400E+01
 1543   0.89689000E+00
 1544   0.64961000E+00
 1545   0.48943000E+00
 1546   0.39375000E+00
 1547   0.20530100E+01
 1548   0.58952400E+01
 1549   0.11358840E+02
 1550   0.12540230E+02
 1551   0.14544100E+02
 1552   0.30399530E+02
 1553   0.50983080E+02
 1554   0.47674160E+02
 1555   0.52199280E+02
 1556   0.56924500E+02
 1557   0.72478910E+02
 1558   0.71931250E+02
 1559   0.56502520E+02
 1560   0.68480140E+02
 1561   0.44757440E+02
 1562   0.25234760E+02
 1563   0.18135200E+02
 1564   0.19290490E+02
 1565   0.34848920E+02
 1566   0.52509310E+02
 1567   0.51241350E+02
 1568   0.32553800E+02
 1569   0.21573670E+02
 1570   0.15343660E+02
 1571   0.12263960E+02
 1572   0.12596850E+02
 1573   0.19184230E+02
 1574   0.24634640E+02
 1575   0.17410060E+02
 1576   0.10687170E+02
 1577   0.58188800E+01
 1578   0.23735700E+01
 1579   0.11989600E+01
 1580   0.76216000E+00
 1581   0.54436000E+00
 1582   0.11959800E+01
 1583   0.28787500E+01
 1584   0.51377600E+01
 1585   0.74428000E+01
 1586   0.73041500E+01
 1587   0.56014300E+01
 1588   0.12375870E+02
 1589   0.12899370E+03
 1590   0.16191534E+03
 1591   0.13806152E+03
 1592   0.11649766E+03
 1593   0.65391160E+02
 1594   0.72555870E+02
 1595   0.23459215E+03
 1596   0.13491985E+03
 1597   0.60523660E+02
 1598   0.36706300E+02
 1599   0.42971500E+02
 1600   0.10172298E+03
 1601   0.92313760E+02
 1602   0.44834590E+02
 1603   0.22094850E+02
 1604   0.11864310E+02
 1605   0.60259400E+01
 1606   0.49121500E+01
 1607   0.91151500E+01
 1608   0.33360710E+02
 1609   0.44394550E+02
 1610   0.29928000E+02
 1611   0.17894340E+02
 1612   0.22972260E+02
 1613   0.15865231E+03
 1614   0.11516352E+03
 1615   0.11055272E+03
 1616   0.15669941E+03
 1617   0.13641811E+03
 1618   0.13931569E+03
 1619   0.21477866E+03
 1620   0.25940551E+03
 1621   0.13897357E+03
 1622   0.80677230E+02
 1623   0.88664160E+02
 1624   0.90656220E+02
 1625   0.62497000E+02
 1626   0.65120530E+02
 1627   0.89627520E+02
 1628   0.98079460E+02
 1629   0.10644377E+03
 1630   0.17180115E+03
 1631   0.21060906E+03
 1632   0.22332416E+03
 1633   0.37588420E+03
 1634   0.67547337E+03
 1635   0.65954099E+03
 1636   0.23398433E+03
 1637   0.48497079E+03
 1638   0.52573524E+03
 1639   0.23037502E+03
 1640   0.15245895E+03
 1641   0.10219692E+03
 1642   0.74217440E+02
 1643   0.60265130E+02
 1644   0.61109450E+02
 1645   0.61452220E+02
 1646   0.48285240E+02
 1647   0.37823860E+02
 1648   0.37609000E+02
 1649   0.47758550E+02
 1650   0.70344360E+02
 1651   0.88432380E+02
 1652   0.55702280E+02
 1653   0.29508670E+02
 1654   0.23184760E+02
 1655   0.28738580E+02
 1656   0.38971640E+02
 1657   0.46767990E+02
 1658   0.75439530E+02
 1659   0.12275514E+03
 1660   0.96178800E+02
 1661   0.51664940E+02
 1662   0.26722660E+02
 1663   0.16225910E+02
 1664   0.91312760E+02
 1665   0.26165955E+03
 1666   0.31312517E+03
 1667   0.31052161E+03
 1668   0.30052001E+03
 1669   0.33093389E+03
 1670   0.33976161E+03
 1671   0.24897623E+03
 1672   0.22270745E+03
 1673   0.24036251E+03
 1674   0.19251606E+03
 1675   0.23711740E+03
 1676   0.22964000E+03
 1677   0.17921625E+03
 1678   0.14233750E+03
 1679   0.14573988E+03
 1680   0.18466900E+03
 1681   0.13746463E+03
 1682   0.74899960E+02
 1683   0.39303260E+02
 1684   0.26364880E+02
 1685   0.38328630E+02
 1686   0.12789603E+03
 1687   0.12630200E+03
 1688   0.65574480E+02
 1689   0.33292920E+02
 1690   0.19120230E+02
 1691   0.12059100E+02
 1692   0.71893400E+01
 1693   0.56934500E+01
 1694   0.25589080E+02
 1695   0.38182710E+02
 1696   0.31904070E+02
 1697   0.47196680E+02
 1698   0.81764090E+02
 1699   0.64416630E+02
 1700   0.49896170E+02
 1701   0.31046310E+02
 1702   0.20515110E+02
 1703   0.18968310E+02
 1704   0.64412910E+02
 1705   0.57028190E+02
 1706   0.33039460E+02
 1707   0.20749170E+02
 1708   0.70367920E+02
 1709   0.19295829E+03
 1710   0.34070751E+03
 1711   0.15008131E+03
 1712   0.59759030E+02
 1713   0.32815270E+02
 1714   0.26061270E+02
 1715   0.22731620E+02
 1716   0.16144200E+02
 1717   0.10287300E+02
 1718   0.72168400E+01
 1719   0.51230000E+01
 1720   0.32081000E+01
 1721   0.13699300E+01
 1722   0.79331000E+00
 1723   0.53682000E+00
 1724   0.10941940E+02
 1725   0.56035290E+02
 1726   0.32893330E+02
 1727   0.18099940E+02
 1728   0.12929950E+02
 1729   0.97139600E+01
 1730   0.60960600E+01
 1731   0.31146500E+01
 1732   0.11783500E+01
 1733   0.67939000E+00
 1734   0.40334000E+00
 1735   0.27315000E+00
 1736   0.25411000E+00
 1737   0.72200000E-01
 1738   0.39120000E-01
 1739   0.28442000E+00
 1740   0.62720500E+01
 1741   0.22734180E+02
 1742   0.19813920E+02
 1743   0.16749870E+02
 1744   0.13160620E+02
 1745   0.87993600E+01
 1746   0.48834500E+01
 1747   0.27663500E+01
 1748   0.20511200E+01
 1749   0.80473000E+01
 1750   0.82727140E+02
 1751   0.11325366E+03
 1752   0.82433680E+02
 1753   0.61148970E+02
 1754   0.38643430E+02
 1755   0.21964420E+02
 1756   0.12331520E+02
 1757   0.64084300E+01
 1758   0.25565500E+01
 1759   0.12389600E+01
 1760   0.75673000E+00
 1761   0.51525000E+00
 1762   0.34431000E+00
 1763   0.25382000E+00
 1764   0.18048000E+00
 1765   0.71940000E-01
 1766   0.45800000E-01
 1767   0.32850000E-01
 1768   0.25080000E-01
 1769   0.19900000E-01
 1770   0.16240000E-01
 1771   0.13530000E-01
 1772   0.11460000E-01
 1773   0.98400000E-02
 1774   0.85500000E-02
 1775   0.75000000E-02
 1776   0.66300000E-02
 1777   0.59100000E-02
 1778   0.53000000E-02
 1779   0.47800000E-02
 1780   0.43400000E-02
 1781   0.39500000E-02
 1782   0.36200000E-02
 1783   0.33200000E-02
 1784   0.30600000E-02
 1785   0.28300000E-02
 1786   0.26300000E-02
 1787   0.24500000E-02
 1788   0.22800000E-02
 1789   0.21300000E-02
 1790   0.20000000E-02
 1791   0.18800000E-02
 1792   0.17700000E-02
 1793   0.39600000E-02
 1794   0.13741000E+00
 1795   0.26487000E+00
 1796   0.26194000E+00
 1797   0.22800000E+00
 1798   0.21030000E+00
 1799   0.99504000E+00
 1800   0.30895900E+01
 1801   0.62098500E+01
 1802   0.91247000E+01
 1803   0.89674500E+01
 1804   0.77812600E+01
 1805   0.83425100E+01
 1806   0.85376500E+01
 1807   0.28443550E+02
 1808   0.11512211E+03
 1809   0.82593400E+02
 1810   0.47523130E+02
 1811   0.24417700E+02
 1812   0.13405570E+02
 1813   0.74344500E+01
 1814   0.34716700E+01
 1815   0.15304400E+01
 1816   0.92661000E+00
 1817   0.64322000E+00
 1818   0.46570000E+00
 1819   0.32891000E+00
 1820   0.28823000E+00
 1821   0.17656000E+00
 1822   0.83850000E-01
 1823   0.14361000E+01
 1824   0.35712100E+01
 1825   0.62596000E+01
 1826   0.73602000E+01
 1827   0.59154700E+01
 1828   0.37669600E+01
 1829   0.26687300E+01
 1830   0.23204500E+01
 1831   0.21627500E+01
 1832   0.14039100E+01
 1833   0.95568000E+00
 1834   0.71604000E+00
 1835   0.81407000E+00
 1836   0.14045400E+01
 1837   0.18155100E+01
 1838   0.19439500E+01
 1839   0.14119800E+01
 1840   0.98077000E+00
 1841   0.71420000E+00
 1842   0.53561000E+00
 1843   0.41434000E+00
 1844   0.31206000E+00
 1845   0.28867000E+00
 1846   0.17564000E+00
 1847   0.93150000E-01
 1848   0.62200000E-01
 1849   0.44540000E-01
 1850   0.33440000E-01
 1851   0.26020000E-01
 1852   0.20820000E-01
 1853   0.17040000E-01
 1854   0.14210000E-01
 1855   0.12040000E-01
 1856   0.10330000E-01
 1857   0.89700000E-02
 1858   0.78600000E-02
 1859   0.69500000E-02
 1860   0.61900000E-02
 1861   0.55400000E-02
 1862   0.50000000E-02
 1863   0.45300000E-02
 1864   0.41500000E-02
 1865   0.37999000E+00
 1866   0.13570000E+01
 1867   0.23375700E+01
 1868   0.29926000E+01
 1869   0.32193600E+01
 1870   0.24300800E+01
 1871   0.13800600E+01
 1872   0.90696000E+00
 1873   0.65018000E+00
 1874   0.49338000E+00
 1875   0.37285000E+00
 1876   0.28928000E+00
 1877   0.26993000E+00
 1878   0.13471000E+00
 1879   0.81950000E-01
 1880   0.12881000E+00
 1881   0.12408400E+01
 1882   0.18995500E+01
 1883   0.12311700E+01
 1884   0.16366900E+01
 1885   0.22605000E+01
 1886   0.29649000E+01
 1887   0.37018500E+01
 1888   0.36534900E+01
 1889   0.19958800E+01
 1890   0.11521000E+01
 1891   0.78791000E+00
 1892   0.57187000E+00
 1893   0.41753000E+00
 1894   0.30077000E+00
 1895   0.28116000E+00
 1896   0.13139000E+00
 1897   0.68230000E-01
 1898   0.45360000E-01
 1899   0.33050000E-01
 1900   0.25370000E-01
 1901   0.56920000E-01
 1902   0.15422000E+00
 1903   0.16469000E+00
 1904   0.11081000E+00
 1905   0.87530000E-01
 1906   0.40619200E+01
 1907   0.42570150E+02
 1908   0.48783240E+02
 1909   0.33824160E+02
 1910   0.27597310E+02
 1911   0.22545580E+02
 1912   0.16235350E+02
 1913   0.11734920E+02
 1914   0.78764800E+01
 1915   0.42365200E+01
 1916   0.17889900E+01
 1917   0.10380900E+01
 1918   0.92654000E+00
 1919   0.85900000E+00
 1920   0.74561000E+00
 1921   0.70187000E+00
 1922   0.62750000E+00
 1923   0.53013000E+00
 1924   0.43625000E+00
 1925   0.35415000E+00
 1926   0.11396800E+01
 1927   0.18790100E+01
 1928   0.17492300E+01
 1929   0.86718000E+00
 1930   0.52162000E+00
 1931   0.33110000E+00
 1932   0.24034000E+00
 1933   0.62541000E+00
 1934   0.39048500E+01
 1935   0.10021710E+02
 1936   0.14142530E+02
 1937   0.11648380E+02
 1938   0.79724000E+01
 1939   0.47048200E+01
 1940   0.24113900E+01
 1941   0.61927400E+01
 1942   0.61118070E+02
 1943   0.57599430E+02
 1944   0.31242860E+02
 1945   0.17216000E+02
 1946   0.11205080E+02
 1947   0.78167600E+01
 1948   0.51841500E+01
 1949   0.29804000E+01
 1950   0.14936800E+01
 1951   0.94047000E+00
 1952   0.67222000E+00
 1953   0.50886000E+00
 1954   0.16999900E+01
 1955   0.36842600E+01
 1956   0.90938100E+01
 1957   0.12079950E+02
 1958   0.90627000E+01
 1959   0.51515800E+01
 1960   0.89625900E+01
 1961   0.66811850E+02
 1962   0.60865950E+02
 1963   0.33345770E+02
 1964   0.37229190E+02
 1965   0.24379428E+03
 1966   0.17576956E+03
 1967   0.73800690E+02
 1968   0.34154600E+02
 1969   0.18567960E+02
 1970   0.16072070E+02
 1971   0.17844960E+02
 1972   0.15456010E+02
 1973   0.10824020E+02
 1974   0.10165550E+02
 1975   0.20370840E+02
 1976   0.37143590E+02
 1977   0.25286480E+02
 1978   0.14700830E+02
 1979   0.96284400E+01
 1980   0.78251200E+01
 1981   0.11947120E+02
 1982   0.53611990E+02
 1983   0.87892590E+02
 1984   0.72243690E+02
 1985   0.57797540E+02
 1986   0.36694570E+02
 1987   0.23195720E+02
 1988   0.18245120E+02
 1989   0.21596930E+02
 1990   0.75424090E+02
 1991   0.11250358E+03
 1992   0.11964977E+03
 1993   0.90866940E+02
 1994   0.56825390E+02
 1995   0.37500440E+02
 1996   0.35055530E+02
 1997   0.53274820E+02
 1998   0.69199050E+02
 1999   0.67058770E+02
 2000   0.67324490E+02
 2001   0.65966160E+02
 2002   0.69936240E+02
 2003   0.74404130E+02
 2004   0.70923550E+02
 2005   0.64999810E+02
 2006   0.66986490E+02
 2007   0.67958390E+02
 2008   0.86458910E+02
 2009   0.10250751E+03
 2010   0.94433100E+02
 2011   0.77538700E+02
 2012   0.56291920E+02
 2013   0.36821260E+02
 2014   0.26486950E+02
 2015   0.22191240E+02
 2016   0.24087080E+02
 2017   0.38382460E+02
 2018   0.65198030E+02
 2019   0.13281448E+03
 2020   0.10810976E+03
 2021   0.59958060E+02
 2022   0.31610820E+02
 2023   0.20887020E+02
 2024   0.15947860E+02
 2025   0.12640690E+02
 2026   0.99384100E+01
 2027   0.81490800E+01
 2028   0.81366000E+01
 2029   0.10359510E+02
 2030   0.12648020E+02
 2031   0.14282620E+02
 2032   0.14152730E+02
 2033   0.11373690E+02
 2034   0.71880500E+01
 2035   0.38331800E+01
 2036   0.16722500E+01
 2037   0.17098560E+02
 2038   0.40856900E+02
 2039   0.24713090E+02
 2040   0.14354980E+02
 2041   0.13613490E+02
 2042   0.46705520E+02
 2043   0.44632550E+02
 2044   0.33101020E+02
 2045   0.27006710E+02
 2046   0.23476330E+02
 2047   0.22919780E+02
 2048   0.15344049E+03
 2049   0.53908642E+03
 2050   0.33964485E+03
 2051   0.20707504E+03
 2052   0.15970571E+03
 2053   0.11568066E+03
 2054   0.77089030E+02
 2055   0.56595670E+02
 2056   0.34367840E+02
 2057   0.28717240E+02
 2058   0.29527860E+02
 2059   0.37835050E+02
 2060   0.25115320E+02
 2061   0.14664400E+02
 2062   0.87254500E+01
 2063   0.57552600E+01
 2064   0.63220700E+01
 2065   0.18847670E+02
 2066   0.64025790E+02
 2067   0.24224950E+03
 2068   0.25657110E+03
 2069   0.13653644E+03
 2070   0.11257415E+03
 2071   0.82759460E+02
 2072   0.38361450E+02
 2073   0.20267280E+02
 2074   0.14029940E+02
 2075   0.11576810E+02
 2076   0.11162410E+02
 2077   0.95068100E+01
 2078   0.62888400E+01
 2079   0.35059200E+01
 2080   0.16156800E+01
 2081   0.15188800E+01
 2082   0.13285600E+01
 2083   0.10495800E+01
 2084   0.61548000E+00
 2085   0.42258000E+00
 2086   0.46797000E+00
 2087   0.52874000E+00
 2088   0.41219000E+00
 2089   0.67683000E+00
 2090   0.68281000E+00
 2091   0.45771000E+00
 2092   0.30429000E+00
 2093   0.25237000E+00
 2094   0.79320000E-01
 2095   0.44400000E-01
 2096   0.29440000E-01
 2097   0.21280000E-01
 2098   0.16230000E-01
 2099   0.12284100E+01
 2100   0.22106700E+01
 2101   0.16076700E+01
 2102   0.82816000E+00
 2103   0.49680000E+00
 2104   0.31055000E+00
 2105   0.25799000E+00
 2106   0.88660000E-01
 2107   0.41060000E-01
 2108   0.25340000E-01
 2109   0.17760000E-01
 2110   0.13360000E-01
 2111   0.10530000E-01
 2112   0.85600000E-02
 2113   0.93300000E-02
 2114   0.30380000E-01
 2115   0.29750000E-01
 2116   0.36820000E-01
 2117   0.48800000E-01
 2118   0.41256000E+00
 2119   0.84833000E+00
 2120   0.12419100E+01
 2121   0.13284500E+01
 2122   0.10034900E+01
 2123   0.74587000E+00
 2124   0.56666000E+00
 2125   0.44198000E+00
 2126   0.32919000E+00
 2127   0.28683000E+00
 2128   0.16360000E+00
 2129   0.98730000E-01
 2130   0.66810000E-01
 2131   0.47630000E-01
 2132   0.35440000E-01
 2133   0.27310000E-01
 2134   0.21670000E-01
 2135   0.45350000E-01
 2136   0.90096000E+00
 2137   0.15267000E+01
 2138   0.20722900E+01
 2139   0.25031500E+01
 2140   0.15338300E+01
 2141   0.96139000E+00
 2142   0.67804000E+00
 2143   0.50444000E+00
 2144   0.36675000E+00
 2145   0.28006000E+00
 2146   0.24663000E+00
 2147   0.10554000E+00
 2148   0.67640000E-01
 2149   0.47450000E-01
 2150   0.35140000E-01
 2151   0.27060000E-01
 2152   0.21480000E-01
 2153   0.17460000E-01
 2154   0.14480000E-01
 2155   0.12210000E-01
 2156   0.10430000E-01
 2157   0.90200000E-02
 2158   0.78800000E-02
 2159   0.69400000E-02
 2160   0.61700000E-02
 2161   0.55100000E-02
 2162   0.49600000E-02
 2163   0.44900000E-02
 2164   0.40800000E-02
 2165   0.37300000E-02
 2166   0.34200000E-02
 2167   0.31400000E-02
 2168   0.29000000E-02
 2169   0.26900000E-02
 2170   0.25000000E-02
 2171   0.23300000E-02
 2172   0.21700000E-02
 2173   0.20300000E-02
 2174   0.19100000E-02
 2175   0.17900000E-02
 2176   0.16900000E-02
 2177   0.15900000E-02
 2178   0.15100000E-02
 2179   0.14300000E-02
 2180   0.57568000E+00
 2181   0.11382400E+01
 2182   0.11432700E+01
 2183   0.10294100E+01
 2184   0.83876000E+00
 2185   0.67205000E+00
 2186   0.53570000E+00
 2187   0.44059000E+00
 2188   0.35074000E+00
 2189   0.30692000E+00
 2190   0.24215000E+00
 2191   0.10465000E+00
 2192   0.32398000E+00
 2193   0.75372000E+00
 2194   0.11924900E+01
 2195   0.11635300E+01
 2196   0.92667000E+00
 2197   0.72063000E+00
 2198   0.56731000E+00
 2199   0.45578000E+00
 2200   0.35158000E+00
 2201   0.30245000E+00
 2202   0.21153000E+00
 2203   0.92850000E-01
 2204   0.60030000E-01
 2205   0.42440000E-01
 2206   0.31660000E-01
 2207   0.24540000E-01
 2208   0.19590000E-01
 2209   0.21180000E-01
 2210   0.12235000E+00
 2211   0.11899000E+00
 2212   0.91250000E-01
 2213   0.64950000E-01
 2214   0.45840000E-01
 2215   0.77078000E+00
 2216   0.17447300E+01
 2217   0.27500500E+01
 2218   0.34876500E+01
 2219   0.39458700E+01
 2220   0.44461700E+01
 2221   0.36222700E+01
 2222   0.17026100E+01
 2223   0.10200500E+01
 2224   0.70639000E+00
 2225   0.52221000E+00
 2226   0.38775000E+00
 2227   0.33333000E+00
 2228   0.34178000E+00
 2229   0.29070000E+00
 2230   0.20350000E+00
 2231   0.12778000E+00
 2232   0.88830000E-01
 2233   0.63030000E-01
 2234   0.46310000E-01
 2235   0.35240000E-01
 2236   0.27670000E-01
 2237   0.22650000E-01
 2238   0.19590000E-01
 2239   0.17460000E-01
 2240   0.15620000E-01
 2241   0.13960000E-01
 2242   0.97800000E-01
 2243   0.13413000E+00
 2244   0.11611000E+00
 2245   0.92840000E-01
 2246   0.69640000E-01
 2247   0.52060000E-01
 2248   0.39770000E-01
 2249   0.31220000E-01
 2250   0.25090000E-01
 2251   0.20540000E-01
 2252   0.17090000E-01
 2253   0.17970000E-01
 2254   0.70150000E-01
 2255   0.26684000E+00
 2256   0.28872000E+00
 2257   0.49054000E+00
 2258   0.64902000E+00
 2259   0.66190000E+00
 2260   0.61121000E+00
 2261   0.53054000E+00
 2262   0.10434700E+01
 2263   0.16782700E+01
 2264   0.20820400E+01
 2265   0.30050600E+01
 2266   0.54755200E+01
 2267   0.91409300E+01
 2268   0.12456660E+02
 2269   0.12295450E+02
 2270   0.18680850E+02
 2271   0.53999940E+02
 2272   0.86949500E+02
 2273   0.71675210E+02
 2274   0.38606660E+02
 2275   0.20379530E+02
 2276   0.11405250E+02
 2277   0.67345000E+01
 2278   0.43075100E+01
 2279   0.34422300E+01
 2280   0.32562400E+01
 2281   0.18623700E+01
 2282   0.22648700E+01
 2283   0.39258800E+01
 2284   0.87908900E+01
 2285   0.14504790E+02
 2286   0.13188160E+02
 2287   0.10842260E+02
 2288   0.80330900E+01
 2289   0.60300400E+01
 2290   0.46607100E+01
 2291   0.25753800E+01
 2292   0.17426300E+01
 2293   0.13111900E+01
 2294   0.96005000E+00
 2295   0.73657000E+00
 2296   0.58211000E+00
 2297   0.47152000E+00
 2298   0.38939000E+00
 2299   0.55355000E+00
 2300   0.50787000E+00
 2301   0.35523000E+00
 2302   0.36679500E+01
 2303   0.66365940E+02
 2304   0.18837107E+03
 2305   0.96391810E+02
 2306   0.63214530E+02
 2307   0.65881760E+02
 2308   0.44758430E+02
 2309   0.25835360E+02
 2310   0.16124660E+02
 2311   0.10562580E+02
 2312   0.67631800E+01
 2313   0.33903500E+01
 2314   0.14657100E+01
 2315   0.21100200E+01
 2316   0.37670200E+01
 2317   0.62011800E+01
 2318   0.70196300E+01
 2319   0.58286400E+01
 2320   0.34945000E+01
 2321   0.18210300E+01
 2322   0.50393000E+01
 2323   0.34155050E+02
 2324   0.54860090E+02
 2325   0.39259190E+02
 2326   0.51796230E+02
 2327   0.56573330E+02
 2328   0.32056860E+02
 2329   0.20562640E+02
 2330   0.15874840E+02
 2331   0.14683040E+02
 2332   0.11355240E+02
 2333   0.75936700E+01
 2334   0.11041290E+02
 2335   0.84672790E+02
 2336   0.24134040E+03
 2337   0.21516699E+03
 2338   0.81530790E+02
 2339   0.37272070E+02
 2340   0.33335070E+02
 2341   0.92444290E+02
 2342   0.83695110E+02
 2343   0.44518710E+02
 2344   0.26184320E+02
 2345   0.22583100E+02
 2346   0.35890020E+02
 2347   0.25726340E+02
 2348   0.19108300E+02
 2349   0.42247530E+02
 2350   0.18793211E+03
 2351   0.16400622E+03
 2352   0.10370271E+03
 2353   0.90425880E+02
 2354   0.10086076E+03
 2355   0.12484187E+03
 2356   0.11595903E+03
 2357   0.71705630E+02
 2358   0.45803250E+02
 2359   0.39603160E+02
 2360   0.45245440E+02
 2361   0.49924790E+02
 2362   0.65174190E+02
 2363   0.90098430E+02
 2364   0.95377410E+02
 2365   0.80723510E+02
 2366   0.66848140E+02
 2367   0.65048770E+02
 2368   0.77417270E+02
 2369   0.10451189E+03
 2370   0.12296091E+03
 2371   0.10930347E+03
 2372   0.37878459E+03
 2373   0.48706491E+03
 2374   0.34043265E+03
 2375   0.19893708E+03
 2376   0.13019740E+03
 2377   0.99222340E+02
 2378   0.77475060E+02
 2379   0.61234100E+02
 2380   0.51129040E+02
 2381   0.46884210E+02
 2382   0.39824370E+02
 2383   0.48632180E+02
 2384   0.76058530E+02
 2385   0.68266430E+02
 2386   0.93349760E+02
 2387   0.10953135E+03
 2388   0.85208260E+02
 2389   0.46385760E+02
 2390   0.26879280E+02
 2391   0.20037590E+02
 2392   0.34057910E+02
 2393   0.22089427E+03
 2394   0.11808191E+03
 2395   0.46064330E+02
 2396   0.21473880E+02
 2397   0.11483240E+02
 2398   0.94561900E+01
 2399   0.26709660E+02
 2400   0.38608020E+02
 2401   0.28287910E+02
 2402   0.15865400E+02
 2403   0.10375930E+02
 2404   0.19481810E+02
 2405   0.28627195E+03
 2406   0.32490627E+03
 2407   0.28095155E+03
 2408   0.30830098E+03
 2409   0.99530480E+02
 2410   0.48078220E+02
 2411   0.48868110E+02
 2412   0.39840820E+02
 2413   0.36994800E+02
 2414   0.61810540E+02
 2415   0.41835400E+02
 2416   0.24716250E+02
 2417   0.16476110E+02
 2418   0.15904270E+02
 2419   0.28991300E+02
 2420   0.33529850E+02
 2421   0.23018730E+02
 2422   0.16032810E+02
 2423   0.11064560E+02
 2424   0.69527500E+01
 2425   0.43850200E+01
 2426   0.30565000E+01
 2427   0.13639210E+02
 2428   0.10712178E+03
 2429   0.96731770E+02
 2430   0.61070650E+02
 2431   0.32168130E+02
 2432   0.17477550E+02
 2433   0.10909560E+02
 2434   0.10774500E+02
 2435   0.22056740E+02
 2436   0.18594160E+02
 2437   0.11340190E+02
 2438   0.74266000E+01
 2439   0.50896530E+02
 2440   0.95586330E+02
 2441   0.68474260E+02
 2442   0.37533450E+02
 2443   0.21058650E+02
 2444   0.13532210E+02
 2445   0.12285040E+02
 2446   0.15068700E+02
 2447   0.20027370E+02
 2448   0.20578870E+02
 2449   0.17675220E+02
 2450   0.12379800E+02
 2451   0.78310200E+01
 2452   0.39719800E+01
 2453   0.16387300E+01
 2454   0.95075000E+00
 2455   0.64183000E+00
 2456   0.44420000E+00
 2457   0.30795000E+00
 2458   0.27363000E+00
 2459   0.10893000E+00
 2460   0.60150000E-01
 2461   0.40670000E-01
 2462   0.29990000E-01
 2463   0.23260000E-01
 2464   0.18650000E-01
 2465   0.15330000E-01
 2466   0.12850000E-01
 2467   0.10930000E-01
 2468   0.94200000E-02
 2469   0.82100000E-02
 2470   0.72200000E-02
 2471   0.39262000E+00
 2472   0.39068000E+00
 2473   0.30398000E+00
 2474   0.15789000E+00
 2475   0.73550000E-01
 2476   0.45430000E-01
 2477   0.31180000E-01
 2478   0.22800000E-01
 2479   0.17420000E-01
 2480   0.49452000E+00
 2481   0.12484500E+01
 2482   0.11681900E+01
 2483   0.79784000E+00
 2484   0.59499000E+00
 2485   0.46699000E+00
 2486   0.36841000E+00
 2487   0.31831000E+00
 2488   0.25574000E+00
 2489   0.27234000E+00
 2490   0.27719000E+00
 2491   0.18239000E+00
 2492   0.10527000E+00
 2493   0.68600000E-01
 2494   0.47900000E-01
 2495   0.35260000E-01
 2496   0.27060000E-01
 2497   0.21400000E-01
 2498   0.17320000E-01
 2499   0.14290000E-01
 2500   0.11990000E-01
 2501   0.10200000E-01
 2502   0.87900000E-02
 2503   0.76600000E-02
 2504   0.67400000E-02
 2505   0.59700000E-02
 2506   0.53400000E-02
 2507   0.48000000E-02
 2508   0.43400000E-02
 2509   0.39500000E-02
 2510   0.36100000E-02
 2511   0.33100000E-02
 2512   0.30500000E-02
 2513   0.28200000E-02
 2514   0.26100000E-02
 2515   0.24300000E-02
 2516   0.22700000E-02
 2517   0.22900000E-02
 2518   0.11970000E+01
 2519   0.44628800E+01
 2520   0.12643780E+02
 2521   0.16097740E+02
 2522   0.11504590E+02
 2523   0.71074200E+01
 2524   0.34439000E+01
 2525   0.14896800E+01
 2526   0.89434000E+00
 2527   0.61248000E+00
 2528   0.42109000E+00
 2529   0.29789000E+00
 2530   0.26939000E+00
 2531   0.10369000E+00
 2532   0.58320000E-01
 2533   0.39680000E-01
 2534   0.29370000E-01
 2535   0.22830000E-01
 2536   0.18340000E-01
 2537   0.15090000E-01
 2538   0.12660000E-01
 2539   0.10780000E-01
 2540   0.13580000E-01
 2541   0.71870000E-01
 2542   0.26780000E+00
 2543   0.25483000E+00
 2544   0.24227000E+00
 2545   0.21754000E+00
 2546   0.18156000E+00
 2547   0.14849000E+00
 2548   0.11994000E+00
 2549   0.88880000E-01
 2550   0.63820000E-01
 2551   0.46920000E-01
 2552   0.35480000E-01
 2553   0.27690000E-01
 2554   0.22350000E-01
 2555   0.18620000E-01
 2556   0.15850000E-01
 2557   0.13640000E-01
 2558   0.11840000E-01
 2559   0.10350000E-01
 2560   0.91100000E-02
 2561   0.80700000E-02
 2562   0.72100000E-02
 2563   0.64700000E-02
 2564   0.58400000E-02
 2565   0.53000000E-02
 2566   0.48400000E-02
 2567   0.44300000E-02
 2568   0.51130000E+00
 2569   0.16259600E+01
 2570   0.23039100E+01
 2571   0.19144000E+01
 2572   0.98670000E+00
 2573   0.63540000E+00
 2574   0.39752000E+00
 2575   0.53493000E+00
 2576   0.64913000E+00
 2577   0.50315000E+00
 2578   0.34332000E+00
 2579   0.28991000E+00
 2580   0.13817000E+00
 2581   0.73250000E-01
 2582   0.49790000E-01
 2583   0.36940000E-01
 2584   0.28750000E-01
 2585   0.23110000E-01
 2586   0.14554600E+01
 2587   0.36771500E+01
 2588   0.63341900E+01
 2589   0.70607300E+01
 2590   0.52300100E+01
 2591   0.24638600E+01
 2592   0.12404700E+01
 2593   0.79775000E+00
 2594   0.57304000E+00
 2595   0.40832000E+00
 2596   0.30276000E+00
 2597   0.28338000E+00
 2598   0.13323000E+00
 2599   0.62531000E+00
 2600   0.77305900E+01
 2601   0.30590560E+02
 2602   0.24960340E+02
 2603   0.15191520E+02
 2604   0.93267700E+01
 2605   0.55907200E+01
 2606   0.30135100E+01
 2607   0.22453300E+01
 2608   0.26887700E+01
 2609   0.31386400E+01
 2610   0.28825900E+01
 2611   0.18094000E+01
 2612   0.21946700E+01
 2613   0.25042000E+01
 2614   0.29322300E+01
 2615   0.33338700E+01
 2616   0.23586900E+01
 2617   0.12900000E+01
 2618   0.10674400E+01
 2619   0.86216000E+00
 2620   0.63744000E+00
 2621   0.48714000E+00
 2622   0.36636000E+00
 2623   0.31105000E+00
 2624   0.31745000E+00
 2625   0.11445800E+01
 2626   0.25895700E+01
 2627   0.47796800E+01
 2628   0.72104300E+01
 2629   0.70063900E+01
 2630   0.51831700E+01
 2631   0.27480900E+01
 2632   0.27231300E+01
 2633   0.45344200E+01
 2634   0.82359100E+01
 2635   0.12360040E+02
 2636   0.12361150E+02
 2637   0.11206400E+02
 2638   0.10574000E+02
 2639   0.88258200E+01
 2640   0.60541300E+01
 2641   0.28781000E+01
 2642   0.13240300E+01
 2643   0.82274000E+00
 2644   0.21077400E+01
 2645   0.63710300E+01
 2646   0.97525300E+01
 2647   0.79895100E+01
 2648   0.47135200E+01
 2649   0.19744200E+01
 2650   0.10490100E+01
 2651   0.69801000E+00
 2652   0.96760000E+00
 2653   0.83116000E+00
 2654   0.60777000E+00
 2655   0.38797000E+00
 2656   0.26779000E+00
 2657   0.23761000E+00
 2658   0.72060000E-01
 2659   0.43520000E-01
 2660   0.30640000E-01
 2661   0.22895000E+00
 2662   0.34883000E+00
 2663   0.41465000E+00
 2664   0.44336000E+00
 2665   0.42442000E+00
 2666   0.14278000E+01
 2667   0.34137600E+01
 2668   0.57679200E+01
 2669   0.82273900E+01
 2670   0.14191770E+02
 2671   0.15930260E+02
 2672   0.25511880E+02
 2673   0.10368485E+03
 2674   0.59382260E+02
 2675   0.34932190E+02
 2676   0.37635000E+02
 2677   0.59302500E+02
 2678   0.52333520E+02
 2679   0.35199330E+02
 2680   0.21072320E+02
 2681   0.12355780E+02
 2682   0.79447000E+01
 2683   0.54605300E+01
 2684   0.38712500E+01
 2685   0.23170000E+01
 2686   0.26507600E+01
 2687   0.45533400E+01
 2688   0.10780850E+02
 2689   0.77905860E+02
 2690   0.21046884E+03
 2691   0.14612901E+03
 2692   0.59916500E+02
 2693   0.26563280E+02
 2694   0.13512230E+02
 2695   0.69148500E+01
 2696   0.29046400E+01
 2697   0.14256900E+01
 2698   0.89381000E+00
 2699   0.95994000E+00
 2700   0.21616900E+01
 2701   0.37511270E+02
 2702   0.10883511E+03
 2703   0.68295070E+02
 2704   0.33141270E+02
 2705   0.17485370E+02
 2706   0.99745900E+01
 2707   0.54343100E+01
 2708   0.42416100E+01
 2709   0.50100300E+01
 2710   0.83781600E+01
 2711   0.15657770E+02
 2712   0.40751210E+02
 2713   0.80339040E+02
 2714   0.24738930E+03
 2715   0.87393480E+02
 2716   0.38785090E+02
 2717   0.29410260E+02
 2718   0.52518230E+02
 2719   0.11605966E+03
 2720   0.15042911E+03
 2721   0.13854526E+03
 2722   0.24140017E+03
 2723   0.22024192E+03
 2724   0.13984094E+03
 2725   0.14121946E+03
 2726   0.11918191E+03
 2727   0.94954510E+02
 2728   0.59052684E+03
 2729   0.48009308E+03
 2730   0.24390812E+03
 2731   0.16712312E+03
 2732   0.13176858E+03
 2733   0.10001265E+03
 2734   0.73138160E+02
 2735   0.47076790E+02
 2736   0.33702150E+02
 2737   0.29094200E+02
 2738   0.25906820E+02
 2739   0.21840700E+02
 2740   0.20550690E+02
 2741   0.21177330E+02
 2742   0.25149110E+02
 2743   0.32274490E+02
 2744   0.45091870E+02
 2745   0.56107770E+02
 2746   0.76638000E+02
 2747   0.10270879E+03
 2748   0.87666920E+02
 2749   0.51066740E+02
 2750   0.30310780E+02
 2751   0.19221530E+02
 2752   0.12664070E+02
 2753   0.86855100E+01
 2754   0.53687200E+01
 2755   0.22600300E+01
 2756   0.31530100E+01
 2757   0.85692900E+01
 2758   0.14536030E+02
 2759   0.13812080E+02
 2760   0.90707700E+01
 2761   0.49511400E+01
 2762   0.60273600E+01
 2763   0.40264200E+02
 2764   0.14003208E+03
 2765   0.10881280E+03
 2766   0.10760305E+03
 2767   0.11326235E+03
 2768   0.14273676E+03
 2769   0.22968562E+03
 2770   0.17360685E+03
 2771   0.11272053E+03
 2772   0.13814125E+03
 2773   0.14398288E+03
 2774   0.35536636E+03
 2775   0.67472056E+03
 2776   0.91867061E+03
 2777   0.40108569E+03
 2778   0.15769282E+03
 2779   0.23394153E+03
 2780   0.17298516E+03
 2781   0.82742000E+02
 2782   0.42903730E+02
 2783   0.31076880E+02
 2784   0.51741430E+02
 2785   0.15790053E+03
 2786   0.39253090E+03
 2787   0.14333308E+03
 2788   0.62581420E+02
 2789   0.58348570E+02
 2790   0.96060460E+02
 2791   0.60442940E+02
 2792   0.32838690E+02
 2793   0.22157860E+02
 2794   0.32697970E+02
 2795   0.12526999E+03
 2796   0.18091736E+03
 2797   0.24695847E+03
 2798   0.23200784E+03
 2799   0.13423084E+03
 2800   0.40330133E+03
 2801   0.23978878E+03
 2802   0.87161100E+02
 2803   0.41674290E+02
 2804   0.24472440E+02
 2805   0.14937130E+02
 2806   0.86499000E+01
 2807   0.43047300E+01
 2808   0.36141000E+01
 2809   0.81001300E+01
 2810   0.12800950E+02
 2811   0.10596560E+02
 2812   0.62803300E+01
 2813   0.28838700E+01
 2814   0.11240000E+01
 2815   0.68567000E+00
 2816   0.14138800E+01
 2817   0.20918300E+01
 2818   0.32335900E+01
 2819   0.65287340E+02
 2820   0.97668550E+02
 2821   0.47088170E+02
 2822   0.29264410E+02
 2823   0.19987380E+02
 2824   0.13041880E+02
 2825   0.74779300E+01
 2826   0.37464000E+01
 2827   0.14267700E+01
 2828   0.80738000E+00
 2829   0.53178000E+00
 2830   0.35023000E+00
 2831   0.25305000E+00
 2832   0.19624000E+00
 2833   0.67470000E-01
 2834   0.41880000E-01
 2835   0.29880000E-01
 2836   0.22850000E-01
 2837   0.18230000E-01
 2838   0.14960000E-01
 2839   0.12530000E-01
 2840   0.10670000E-01
 2841   0.92100000E-02
 2842   0.80300000E-02
 2843   0.70700000E-02
 2844   0.62800000E-02
 2845   0.56100000E-02
 2846   0.50500000E-02
 2847   0.45700000E-02
 2848   0.10470000E+00
 2849   0.20575000E+00
 2850   0.18198000E+00
 2851   0.15980000E+00
 2852   0.13663000E+00
 2853   0.11042000E+00
 2854   0.81190000E-01
 2855   0.58410000E-01
 2856   0.42930000E-01
 2857   0.32550000E-01
 2858   0.25420000E-01
 2859   0.20360000E-01
 2860   0.16660000E-01
 2861   0.13890000E-01
 2862   0.11750000E-01
 2863   0.10080000E-01
 2864   0.87400000E-02
 2865   0.76500000E-02
 2866   0.67500000E-02
 2867   0.60100000E-02
 2868   0.53800000E-02
 2869   0.48500000E-02
 2870   0.43900000E-02
 2871   0.40000000E-02
 2872   0.36500000E-02
 2873   0.33500000E-02
 2874   0.30900000E-02
 2875   0.28600000E-02
 2876   0.26500000E-02
 2877   0.24600000E-02
 2878   0.22900000E-02
 2879   0.21400000E-02
 2880   0.20100000E-02
 2881   0.18800000E-02
 2882   0.17700000E-02
 2883   0.16700000E-02
 2884   0.16800000E-02
 2885   0.33297000E+00
 2886   0.31465000E+00
 2887   0.31041000E+00
 2888   0.26822000E+00
 2889   0.19234000E+00
 2890   0.14791000E+00
 2891   0.11352000E+00
 2892   0.81840000E-01
 2893   0.58850000E-01
 2894   0.43490000E-01
 2895   0.33190000E-01
 2896   0.26070000E-01
 2897   0.20980000E-01
 2898   0.17240000E-01
 2899   0.14420000E-01
 2900   0.12240000E-01
 2901   0.10520000E-01
 2902   0.92500000E-02
 2903   0.21672500E+01
 2904   0.12652310E+02
 2905   0.23507150E+02
 2906   0.18501820E+02
 2907   0.11440450E+02
 2908   0.61966600E+01
 2909   0.25656900E+01
 2910   0.12692000E+01
 2911   0.79234000E+00
 2912   0.55884000E+00
 2913   0.37824000E+00
 2914   0.28045000E+00
 2915   0.28329000E+00
 2916   0.60055000E+00
 2917   0.19924300E+01
 2918   0.77031600E+01
 2919   0.35428010E+02
 2920   0.32314020E+02
 2921   0.19795010E+02
 2922   0.12135250E+02
 2923   0.74665100E+01
 2924   0.38543700E+01
 2925   0.16597800E+01
 2926   0.98768000E+00
 2927   0.66898000E+00
 2928   0.46578000E+00
 2929   0.31872000E+00
 2930   0.52193000E+00
 2931   0.52006000E+00
 2932   0.38058000E+00
 2933   0.57523000E+00
 2934   0.86392000E+00
 2935   0.85082000E+00
 2936   0.74254000E+00
 2937   0.62013000E+00
 2938   0.50417000E+00
 2939   0.41471000E+00
 2940   0.32070000E+00
 2941   0.29148000E+00
 2942   0.20042000E+00
 2943   0.12315000E+00
 2944   0.61284900E+01
 2945   0.20965520E+02
 2946   0.21259010E+02
 2947   0.14789330E+02
 2948   0.94394200E+01
 2949   0.52486200E+01
 2950   0.22207500E+01
 2951   0.11979700E+01
 2952   0.77898000E+00
 2953   0.55509000E+00
 2954   0.38623000E+00
 2955   0.28920000E+00
 2956   0.34747000E+00
 2957   0.94156000E+00
 2958   0.13715300E+01
 2959   0.12652900E+01
 2960   0.96163000E+00
 2961   0.73006000E+00
 2962   0.56685000E+00
 2963   0.58805000E+00
 2964   0.12739400E+01
 2965   0.24135300E+01
 2966   0.49676700E+01
 2967   0.90179600E+01
 2968   0.11773050E+02
 2969   0.11681820E+02
 2970   0.10929540E+02
 2971   0.10608550E+02
 2972   0.10970200E+02
 2973   0.13295520E+02
 2974   0.16384500E+02
 2975   0.17909520E+02
 2976   0.17827910E+02
 2977   0.13350480E+02
 2978   0.87901400E+01
 2979   0.48321400E+01
 2980   0.20255900E+01
 2981   0.12140700E+01
 2982   0.86390000E+00
 2983   0.63770000E+00
 2984   0.50726000E+00
 2985   0.56263000E+00
 2986   0.57262000E+00
 2987   0.52709000E+00
 2988   0.46827000E+00
 2989   0.40533000E+00
 2990   0.12443500E+01
 2991   0.25022800E+01
 2992   0.37751700E+01
 2993   0.40224500E+01
 2994   0.39688700E+01
 2995   0.38927300E+01
 2996   0.33993100E+01
 2997   0.18056300E+01
 2998   0.13111200E+01
 2999   0.92253000E+00
 3000   0.68212000E+00
 3001   0.55840000E+00
 3002   0.51750000E+00
 3003   0.47695000E+00
 3004   0.41653000E+00
 3005   0.36635000E+00
 3006   0.33111000E+00
 3007   0.28275000E+00
 3008   0.14087700E+01
 3009   0.35600200E+01
 3010   0.44964700E+01
 3011   0.33338600E+01
 3012   0.20805900E+01
 3013   0.19226900E+01
 3014   0.17470100E+01
 3015   0.10877800E+01
 3016   0.79578000E+00
 3017   0.62543000E+00
 3018   0.53499000E+00
 3019   0.46794000E+00
 3020   0.14452500E+01
 3021   0.60558700E+01
 3022   0.46628960E+02
 3023   0.54568900E+02
 3024   0.29629670E+02
 3025   0.16192390E+02
 3026   0.93355300E+01
 3027   0.52262600E+01
 3028   0.30565300E+01
 3029   0.14274400E+01
 3030   0.86643000E+00
 3031   0.58463000E+00
 3032   0.45441000E+00
 3033   0.39081000E+00
 3034   0.28563000E+00
 3035   0.24436000E+00
 3036   0.83230000E-01
 3037   0.69920000E-01
 3038   0.17112000E+00
 3039   0.19222000E+00
 3040   0.25639000E+00
 3041   0.56872000E+00
 3042   0.14393900E+01
 3043   0.20813500E+01
 3044   0.29038600E+01
 3045   0.35747300E+01
 3046   0.35335500E+01
 3047   0.27581900E+01
 3048   0.14072100E+01
 3049   0.90215000E+00
 3050   0.64048000E+00
 3051   0.47000000E+00
 3052   0.32860000E+00
 3053   0.29219000E+00
 3054   0.17657000E+00
 3055   0.84740000E-01
 3056   0.55760000E-01
 3057   0.31149000E+00
 3058   0.21968200E+01
 3059   0.88428800E+01
 3060   0.26292450E+02
 3061   0.23337360E+02
 3062   0.14796440E+02
 3063   0.14953580E+02
 3064   0.51729030E+02
 3065   0.10420488E+03
 3066   0.82257380E+02
 3067   0.59636100E+02
 3068   0.38045040E+02
 3069   0.31725740E+02
 3070   0.23932720E+02
 3071   0.16187200E+02
 3072   0.11011530E+02
 3073   0.12916750E+02
 3074   0.19454120E+02
 3075   0.33717790E+02
 3076   0.45498830E+02
 3077   0.55317320E+02
 3078   0.39716400E+02
 3079   0.23092320E+02
 3080   0.13527890E+02
 3081   0.91119400E+01
 3082   0.77774300E+01
 3083   0.18765020E+02
 3084   0.11058285E+03
 3085   0.10815980E+03
 3086   0.80012080E+02
 3087   0.63436600E+02
 3088   0.53901350E+02
 3089   0.41626910E+02
 3090   0.52773100E+02
 3091   0.13584066E+03
 3092   0.83859710E+02
 3093   0.45292630E+02
 3094   0.30771750E+02
 3095   0.25394280E+02
 3096   0.33365850E+02
 3097   0.73900920E+02
 3098   0.11577530E+03
 3099   0.13428563E+03
 3100   0.26683285E+03
 3101   0.12485328E+03
 3102   0.63135330E+02
 3103   0.51400710E+02
 3104   0.93315010E+02
 3105   0.10733145E+03
 3106   0.91623050E+02
 3107   0.72555820E+02
 3108   0.54460780E+02
 3109   0.45003650E+02
 3110   0.42113150E+02
 3111   0.41911980E+02
 3112   0.40060120E+02
 3113   0.38293020E+02
 3114   0.34397030E+02
 3115   0.29110390E+02
 3116   0.26427400E+02
 3117   0.29316390E+02
 3118   0.58225240E+02
 3119   0.71720060E+02
 3120   0.57807340E+02
 3121   0.47302930E+02
 3122   0.32571820E+02
 3123   0.18734490E+02
 3124   0.10394010E+02
 3125   0.60875700E+01
 3126   0.41946400E+01
 3127   0.21822100E+01
 3128   0.12704300E+01
 3129   0.50935800E+01
 3130   0.12628210E+02
 3131   0.16037920E+02
 3132   0.25015980E+02
 3133   0.60437220E+02
 3134   0.78205140E+02
 3135   0.83279830E+02
 3136   0.92974330E+02
 3137   0.55302100E+02
 3138   0.30070600E+02
 3139   0.24922420E+02
 3140   0.25322440E+02
 3141   0.47303590E+02
 3142   0.20043485E+03
 3143   0.14285125E+03
 3144   0.80749170E+02
 3145   0.69151180E+02
 3146   0.58516010E+02
 3147   0.33124920E+02
 3148   0.19289070E+02
 3149   0.15745750E+02
 3150   0.24043160E+02
 3151   0.45140230E+02
 3152   0.65299560E+02
 3153   0.83205350E+02
 3154   0.48942550E+02
 3155   0.26794620E+02
 3156   0.84332020E+02
 3157   0.11270526E+03
 3158   0.44612700E+02
 3159   0.21792270E+02
 3160   0.12112780E+02
 3161   0.75980600E+01
 3162   0.12688340E+02
 3163   0.23645820E+02
 3164   0.20661760E+02
 3165   0.16620640E+02
 3166   0.18881990E+02
 3167   0.27254560E+02
 3168   0.26511450E+02
 3169   0.16711060E+02
 3170   0.90558800E+01
 3171   0.46662400E+01
 3172   0.17984400E+01
 3173   0.91901000E+00
 3174   0.56796000E+00
 3175   0.10289600E+01
 3176   0.81919000E+00
 3177   0.58824000E+00
 3178   0.13679900E+01
 3179   0.20656800E+01
 3180   0.25800000E+01
 3181   0.23929100E+01
 3182   0.10909900E+01
 3183   0.66138000E+00
 3184   0.61435600E+01
 3185   0.70561750E+02
 3186   0.18302176E+03
 3187   0.90268720E+02
 3188   0.42044520E+02
 3189   0.21916480E+02
 3190   0.13264720E+02
 3191   0.81159500E+01
 3192   0.41583200E+01
 3193   0.29625200E+01
 3194   0.23418980E+02
 3195   0.53683720E+02
 3196   0.30131750E+02
 3197   0.16548600E+02
 3198   0.93790700E+01
 3199   0.46567300E+01
 3200   0.18333900E+01
 3201   0.10100300E+01
 3202   0.66188000E+00
 3203   0.45211000E+00
 3204   0.31726000E+00
 3205   0.28182000E+00
 3206   0.12533000E+00
 3207   0.66410000E-01
 3208   0.44300000E-01
 3209   0.32370000E-01
 3210   0.24920000E-01
 3211   0.19860000E-01
 3212   0.16240000E-01
 3213   0.13540000E-01
 3214   0.11480000E-01
 3215   0.98600000E-02
 3216   0.85700000E-02
 3217   0.75100000E-02
 3218   0.66500000E-02
 3219   0.59200000E-02
 3220   0.61500000E-02
 3221   0.11370000E-01
 3222   0.11670000E-01
 3223   0.98200000E-02
 3224   0.81900000E-02
 3225   0.69300000E-02
 3226   0.59500000E-02
 3227   0.51800000E-02
 3228   0.45500000E-02
 3229   0.40300000E-02
 3230   0.36000000E-02
 3231   0.32400000E-02
 3232   0.29400000E-02
 3233   0.26800000E-02
 3234   0.24500000E-02
 3235   0.22600000E-02
 3236   0.20900000E-02
 3237   0.19400000E-02
 3238   0.18000000E-02
 3239   0.16800000E-02
 3240   0.15800000E-02
 3241   0.14800000E-02
 3242   0.13900000E-02
 3243   0.13100000E-02
 3244   0.12400000E-02
 3245   0.11800000E-02
 3246   0.11100000E-02
 3247   0.10600000E-02
 3248   0.10100000E-02
 3249   0.96000000E-03
 3250   0.92000000E-03
 3251   0.88000000E-03
 3252   0.84000000E-03
 3253   0.80000000E-03
 3254   0.77000000E-03
 3255   0.74000000E-03
 3256   0.71000000E-03
 3257   0.68000000E-03
 3258   0.66000000E-03
 3259   0.63000000E-03
 3260   0.61000000E-03
 3261   0.59000000E-03
 3262   0.57000000E-03
 3263   0.55000000E-03
 3264   0.53000000E-03
 3265   0.51000000E-03
 3266   0.49000000E-03
 3267   0.48000000E-03
 3268   0.13400000E-02
 3269   0.12637000E+01
 3270   0.25644000E+01
 3271   0.28800200E+01
 3272   0.15936700E+01
 3273   0.94080000E+00
 3274   0.67420000E+00
 3275   0.51519000E+00
 3276   0.39319000E+00
 3277   0.29071000E+00
 3278   0.26094000E+00
 3279   0.11282000E+00
 3280   0.69030000E-01
 3281   0.47830000E-01
 3282   0.35310000E-01
 3283   0.28800000E-01
 3284   0.22403000E+00
 3285   0.28657000E+00
 3286   0.29798000E+00
 3287   0.28237000E+00
 3288   0.25466000E+00
 3289   0.20497000E+00
 3290   0.15997000E+00
 3291   0.12723000E+00
 3292   0.94960000E-01
 3293   0.67880000E-01
 3294   0.49170000E-01
 3295   0.36740000E-01
 3296   0.28320000E-01
 3297   0.22440000E-01
 3298   0.18200000E-01
 3299   0.15060000E-01
 3300   0.12660000E-01
 3301   0.10800000E-01
 3302   0.93200000E-02
 3303   0.81300000E-02
 3304   0.71500000E-02
 3305   0.63400000E-02
 3306   0.41303000E+00
 3307   0.70113000E+00
 3308   0.63662000E+00
 3309   0.56279000E+00
 3310   0.50284000E+00
 3311   0.44153000E+00
 3312   0.38979000E+00
 3313   0.33437000E+00
 3314   0.29686000E+00
 3315   0.23476000E+00
 3316   0.93479000E+00
 3317   0.76097000E+00
 3318   0.56718000E+00
 3319   0.41427000E+00
 3320   0.30452000E+00
 3321   0.29475000E+00
 3322   0.22685000E+00
 3323   0.11705000E+00
 3324   0.79810000E-01
 3325   0.13930000E+01
 3326   0.76477100E+01
 3327   0.16650340E+02
 3328   0.16748730E+02
 3329   0.11524930E+02
 3330   0.67812600E+01
 3331   0.35738500E+01
 3332   0.25305000E+01
 3333   0.21332900E+01
 3334   0.16795900E+01
 3335   0.12184400E+01
 3336   0.88730000E+00
 3337   0.65801000E+00
 3338   0.50132000E+00
 3339   0.37684000E+00
 3340   0.28715000E+00
 3341   0.26430000E+00
 3342   0.12704000E+00
 3343   0.78950000E-01
 3344   0.31243000E+00
 3345   0.44464000E+00
 3346   0.52919000E+00
 3347   0.49615000E+00
 3348   0.43235000E+00
 3349   0.37815000E+00
 3350   0.12277500E+01
 3351   0.28582500E+01
 3352   0.53313400E+01
 3353   0.83166300E+01
 3354   0.77521300E+01
 3355   0.51824500E+01
 3356   0.30994700E+01
 3357   0.34765400E+01
 3358   0.47245700E+01
 3359   0.59472700E+01
 3360   0.63925100E+01
 3361   0.57018800E+01
 3362   0.44287300E+01
 3363   0.34346400E+01
 3364   0.31654900E+01
 3365   0.51858100E+01
 3366   0.94032200E+01
 3367   0.11737660E+02
 3368   0.91333000E+01
 3369   0.53796100E+01
 3370   0.35505400E+01
 3371   0.38489900E+01
 3372   0.67248000E+01
 3373   0.48455290E+02
 3374   0.10871195E+03
 3375   0.49666800E+02
 3376   0.23700370E+02
 3377   0.12695230E+02
 3378   0.65782400E+01
 3379   0.26890900E+01
 3380   0.12869400E+01
 3381   0.79250000E+00
 3382   0.55471000E+00
 3383   0.16507700E+01
 3384   0.32605800E+01
 3385   0.49930900E+01
 3386   0.57432900E+01
 3387   0.47190700E+01
 3388   0.23485000E+01
 3389   0.12801800E+01
 3390   0.18698700E+01
 3391   0.75735500E+01
 3392   0.54202470E+02
 3393   0.64067680E+02
 3394   0.38011230E+02
 3395   0.20306410E+02
 3396   0.11531220E+02
 3397   0.84560200E+01
 3398   0.13620520E+02
 3399   0.25826890E+02
 3400   0.22825470E+02
 3401   0.14406840E+02
 3402   0.99921600E+01
 3403   0.10777440E+02
 3404   0.20466250E+02
 3405   0.23773360E+02
 3406   0.20558400E+02
 3407   0.17965630E+02
 3408   0.18859390E+02
 3409   0.18572890E+02
 3410   0.15984730E+02
 3411   0.15457880E+02
 3412   0.20950870E+02
 3413   0.26665050E+02
 3414   0.53438340E+02
 3415   0.10310534E+03
 3416   0.99934910E+02
 3417   0.90912120E+02
 3418   0.84279800E+02
 3419   0.11149871E+03
 3420   0.10934849E+03
 3421   0.67772050E+02
 3422   0.37393970E+02
 3423   0.29641660E+02
 3424   0.43557040E+02
 3425   0.62181680E+02
 3426   0.84823390E+02
 3427   0.70726650E+02
 3428   0.88958440E+02
 3429   0.11143275E+03
 3430   0.81998460E+02
 3431   0.48530910E+02
 3432   0.41449310E+02
 3433   0.45741030E+02
 3434   0.65211240E+02
 3435   0.11633430E+03
 3436   0.81334180E+02
 3437   0.48717670E+02
 3438   0.27208820E+02
 3439   0.15756160E+02
 3440   0.10860020E+02
 3441   0.11944810E+02
 3442   0.74970340E+02
 3443   0.28085623E+03
 3444   0.25209401E+03
 3445   0.91964470E+02
 3446   0.36782770E+02
 3447   0.17871930E+02
 3448   0.96123100E+01
 3449   0.46072800E+01
 3450   0.77998200E+01
 3451   0.77639630E+02
 3452   0.15447752E+03
 3453   0.15812603E+03
 3454   0.58361122E+03
 3455   0.64953621E+03
 3456   0.47467249E+03
 3457   0.27907079E+03
 3458   0.26282778E+03
 3459   0.23552882E+03
 3460   0.10455618E+03
 3461   0.49503300E+02
 3462   0.29399150E+02
 3463   0.86200200E+02
 3464   0.33949956E+03
 3465   0.54170210E+03
 3466   0.40454625E+03
 3467   0.16994496E+03
 3468   0.97309040E+02
 3469   0.65734440E+02
 3470   0.42719770E+02
 3471   0.28201470E+02
 3472   0.21564100E+02
 3473   0.27813300E+02
 3474   0.55919370E+02
 3475   0.92227040E+02
 3476   0.82919440E+02
 3477   0.83013540E+02
 3478   0.77595100E+02
 3479   0.48608710E+02
 3480   0.41890040E+02
 3481   0.40995200E+02
 3482   0.29480530E+02
 3483   0.18455000E+02
 3484   0.11720300E+02
 3485   0.83768700E+01
 3486   0.71701500E+01
 3487   0.78417000E+01
 3488   0.80094500E+01
 3489   0.70454200E+01
 3490   0.77150700E+01
 3491   0.39076220E+02
 3492   0.64003370E+02
 3493   0.81288170E+02
 3494   0.11985978E+03
 3495   0.10444981E+03
 3496   0.69675110E+02
 3497   0.68907500E+02
 3498   0.12400154E+03
 3499   0.15825745E+03
 3500   0.10417688E+03
 3501   0.10831677E+03
 3502   0.14680161E+03
 3503   0.31570773E+03
 3504   0.45029227E+03
 3505   0.47159778E+03
 3506   0.15057655E+03
 3507   0.66902040E+02
 3508   0.40046020E+02
 3509   0.26962220E+02
 3510   0.19670440E+02
 3511   0.15008260E+02
 3512   0.20252160E+02
 3513   0.62970600E+02
 3514   0.11200172E+03
 3515   0.78555410E+02
 3516   0.61788730E+02
 3517   0.12196102E+03
 3518   0.16926488E+03
 3519   0.12405008E+03
 3520   0.79212460E+02
 3521   0.50567240E+02
 3522   0.35436170E+02
 3523   0.45096050E+02
 3524   0.56986640E+02
 3525   0.36590930E+02
 3526   0.21527400E+02
 3527   0.15077190E+02
 3528   0.11464350E+02
 3529   0.95690500E+01
 3530   0.71011700E+01
 3531   0.40968400E+01
 3532   0.18832600E+01
 3533   0.10670500E+01
 3534   0.71521000E+00
 3535   0.52596000E+00
 3536   0.54257000E+00
 3537   0.50999000E+00
 3538   0.43000000E+00
 3539   0.34906000E+00
 3540   0.29933000E+00
 3541   0.23445000E+00
 3542   0.50096000E+00
 3543   0.11440800E+01
 3544   0.21206900E+01
 3545   0.53840600E+01
 3546   0.79256400E+01
 3547   0.85146900E+01
 3548   0.76265600E+01
 3549   0.49731900E+01
 3550   0.20253600E+01
 3551   0.10522200E+01
 3552   0.68744000E+00
 3553   0.48280000E+00
 3554   0.33184000E+00
 3555   0.28554000E+00
 3556   0.14095000E+00
 3557   0.71610000E-01
 3558   0.47340000E-01
 3559   0.34400000E-01
 3560   0.26380000E-01
 3561   0.20990000E-01
 3562   0.19450000E-01
 3563   0.78380000E-01
 3564   0.48670000E-01
 3565   0.32330000E-01
 3566   0.23080000E-01
 3567   0.17430000E-01
 3568   0.13740000E-01
 3569   0.11190000E-01
 3570   0.93300000E-02
 3571   0.79300000E-02
 3572   0.68500000E-02
 3573   0.59800000E-02
 3574   0.52800000E-02
 3575   0.47000000E-02
 3576   0.42200000E-02
 3577   0.38100000E-02
 3578   0.34600000E-02
 3579   0.31600000E-02
 3580   0.29000000E-02
 3581   0.26700000E-02
 3582   0.24700000E-02
 3583   0.22900000E-02
 3584   0.21300000E-02
 3585   0.19900000E-02
 3586   0.18600000E-02
 3587   0.35641700E+01
 3588   0.21623580E+02
 3589   0.21875000E+02
 3590   0.13408580E+02
 3591   0.70612200E+01
 3592   0.30614000E+01
 3593   0.12890000E+01
 3594   0.76431000E+00
 3595   0.51176000E+00
 3596   0.15090600E+01
 3597   0.31306300E+01
 3598   0.46343100E+01
 3599   0.85177500E+01
 3600   0.19496260E+02
 3601   0.23049810E+02
 3602   0.16102520E+02
 3603   0.94968400E+01
 3604   0.45289200E+01
 3605   0.17247800E+01
 3606   0.95812000E+00
 3607   0.63569000E+00
 3608   0.42737000E+00
 3609   0.30653000E+00
 3610   0.27825000E+00
 3611   0.11699000E+00
 3612   0.63430000E-01
 3613   0.42640000E-01
 3614   0.31320000E-01
 3615   0.24260000E-01
 3616   0.19580000E-01
 3617   0.47200000E-01
 3618   0.13889800E+01
 3619   0.31051100E+01
 3620   0.65220300E+01
 3621   0.79926600E+01
 3622   0.60075600E+01
 3623   0.31743800E+01
 3624   0.14131500E+01
 3625   0.85633000E+00
 3626   0.59102000E+00
 3627   0.40369000E+00
 3628   0.29513000E+00
 3629   0.27221000E+00
 3630   0.11042000E+00
 3631   0.62020000E-01
 3632   0.42110000E-01
 3633   0.41430000E-01
 3634   0.11107700E+01
 3635   0.34132100E+01
 3636   0.76857800E+01
 3637   0.12480190E+02
 3638   0.10272700E+02
 3639   0.66436700E+01
 3640   0.33068700E+01
 3641   0.14846000E+01
 3642   0.90126000E+00
 3643   0.62559000E+00
 3644   0.43901000E+00
 3645   0.81447000E+00
 3646   0.22309800E+01
 3647   0.39261700E+01
 3648   0.45025600E+01
 3649   0.38768000E+01
 3650   0.20542900E+01
 3651   0.11588600E+01
 3652   0.78871000E+00
 3653   0.58164000E+00
 3654   0.44444000E+00
 3655   0.32207000E+00
 3656   0.29040000E+00
 3657   0.15793000E+00
 3658   0.75820000E-01
 3659   0.49560000E-01
 3660   0.35710000E-01
 3661   0.27170000E-01
 3662   0.21450000E-01
 3663   0.17400000E-01
 3664   0.14420000E-01
 3665   0.12150000E-01
 3666   0.10380000E-01
 3667   0.89800000E-02
 3668   0.78500000E-02
 3669   0.69200000E-02
 3670   0.61500000E-02
 3671   0.55000000E-02
 3672   0.49500000E-02
 3673   0.44800000E-02
 3674   0.40700000E-02
 3675   0.37200000E-02
 3676   0.34100000E-02
 3677   0.31400000E-02
 3678   0.29000000E-02
 3679   0.26900000E-02
 3680   0.25000000E-02
 3681   0.23300000E-02
 3682   0.21700000E-02
 3683   0.20300000E-02
 3684   0.19100000E-02
 3685   0.17900000E-02
 3686   0.16900000E-02
 3687   0.15900000E-02
 3688   0.32223000E+00
 3689   0.65721500E+01
 3690   0.23179140E+02
 3691   0.23161610E+02
 3692   0.14810790E+02
 3693   0.95671600E+01
 3694   0.59720500E+01
 3695   0.33157800E+01
 3696   0.15393000E+01
 3697   0.93978000E+00
 3698   0.65876000E+00
 3699   0.49326000E+00
 3700   0.35800000E+00
 3701   0.27695000E+00
 3702   0.25907000E+00
 3703   0.11438000E+00
 3704   0.30156000E+00
 3705   0.11390000E+01
 3706   0.25707800E+01
 3707   0.39450700E+01
 3708   0.43137100E+01
 3709   0.52649500E+01
 3710   0.65541300E+01
 3711   0.70572000E+01
 3712   0.68552400E+01
 3713   0.67149600E+01
 3714   0.61824000E+01
 3715   0.48240900E+01
 3716   0.26585400E+01
 3717   0.13404900E+01
 3718   0.85528000E+00
 3719   0.68235000E+00
 3720   0.26051000E+01
 3721   0.62582900E+01
 3722   0.10965100E+02
 3723   0.10620300E+02
 3724   0.75217000E+01
 3725   0.47302900E+01
 3726   0.41338300E+01
 3727   0.49942400E+01
 3728   0.62862100E+01
 3729   0.22294070E+02
 3730   0.92346150E+02
 3731   0.50079190E+02
 3732   0.25586620E+02
 3733   0.18916760E+02
 3734   0.23233350E+02
 3735   0.23582310E+02
 3736   0.16744940E+02
 3737   0.16285290E+02
 3738   0.27912560E+02
 3739   0.48215640E+02
 3740   0.34493060E+02
 3741   0.22095660E+02
 3742   0.16232670E+02
 3743   0.14231260E+02
 3744   0.12530230E+02
 3745   0.11293340E+02
 3746   0.14109650E+02
 3747   0.42905850E+02
 3748   0.78615710E+02
 3749   0.41291000E+02
 3750   0.24428950E+02
 3751   0.15841300E+02
 3752   0.11130090E+02
 3753   0.79288800E+01
 3754   0.50560800E+01
 3755   0.22880000E+01
 3756   0.11938900E+01
 3757   0.77435000E+00
 3758   0.59920000E+00
 3759   0.23753700E+01
 3760   0.57940900E+01
 3761   0.11416820E+02
 3762   0.12856780E+02
 3763   0.99762400E+01
 3764   0.73985400E+01
 3765   0.13389060E+02
 3766   0.66021490E+02
 3767   0.76377190E+02
 3768   0.36841530E+02
 3769   0.18251070E+02
 3770   0.96557500E+01
 3771   0.45772700E+01
 3772   0.18462500E+01
 3773   0.11391200E+01
 3774   0.25484600E+01
 3775   0.79832600E+01
 3776   0.39205390E+02
 3777   0.79257500E+02
 3778   0.71430410E+02
 3779   0.48095010E+02
 3780   0.47153680E+02
 3781   0.64269670E+02
 3782   0.45310140E+02
 3783   0.30293460E+02
 3784   0.20971180E+02
 3785   0.13283650E+02
 3786   0.80460100E+01
 3787   0.40383200E+01
 3788   0.28983400E+01
 3789   0.52282000E+01
 3790   0.12050910E+02
 3791   0.28146290E+02
 3792   0.24419330E+02
 3793   0.15045050E+02
 3794   0.89561300E+01
 3795   0.47365000E+01
 3796   0.20017400E+01
 3797   0.11488900E+01
 3798   0.77791000E+00
 3799   0.57695000E+00
 3800   0.47379000E+00
 3801   0.44619000E+00
 3802   0.34454900E+01
 3803   0.24289900E+02
 3804   0.63438170E+02
 3805   0.56498920E+02
 3806   0.42135070E+02
 3807   0.43507390E+02
 3808   0.50411890E+02
 3809   0.31401950E+02
 3810   0.17011710E+02
 3811   0.15887910E+02
 3812   0.56162490E+02
 3813   0.96534260E+02
 3814   0.19897007E+03
 3815   0.35609691E+03
 3816   0.18023347E+03
 3817   0.65968990E+02
 3818   0.38638350E+02
 3819   0.37300270E+02
 3820   0.26533970E+02
 3821   0.17339230E+02
 3822   0.17257110E+02
 3823   0.16641800E+02
 3824   0.12222660E+02
 3825   0.70989600E+01
 3826   0.34630900E+01
 3827   0.30928600E+01
 3828   0.49538100E+01
 3829   0.56941200E+01
 3830   0.46851200E+01
 3831   0.36228400E+01
 3832   0.28522100E+01
 3833   0.24515800E+01
 3834   0.21451900E+01
 3835   0.12649900E+01
 3836   0.19511200E+01
 3837   0.34410100E+01
 3838   0.62580500E+01
 3839   0.35478810E+03
 3840   0.20182298E+03
 3841   0.11039288E+03
 3842   0.77114330E+02
 3843   0.66678480E+02
 3844   0.63076950E+02
 3845   0.56817710E+02
 3846   0.50897080E+02
 3847   0.33161230E+02
 3848   0.19802110E+02
 3849   0.11665210E+02
 3850   0.61713900E+01
 3851   0.24428900E+01
 3852   0.19336700E+01
 3853   0.17319600E+01
 3854   0.25914700E+01
 3855   0.53804600E+01
 3856   0.68484400E+01
 3857   0.14497350E+02
 3858   0.91157610E+02
 3859   0.75390990E+02
 3860   0.39344200E+02
 3861   0.27900220E+02
 3862   0.52191990E+02
 3863   0.15637050E+03
 3864   0.78951178E+03
 3865   0.32155311E+03
 3866   0.12390641E+03
 3867   0.61508160E+02
 3868   0.45574710E+02
 3869   0.29923670E+02
 3870   0.18406770E+02
 3871   0.15321920E+02
 3872   0.16083630E+02
 3873   0.12794550E+02
 3874   0.12336500E+02
 3875   0.43662730E+02
 3876   0.12928807E+03
 3877   0.15730689E+03
 3878   0.14367010E+03
 3879   0.10244234E+03
 3880   0.87597370E+02
 3881   0.57053960E+02
 3882   0.46000650E+02
 3883   0.11173344E+03
 3884   0.34947808E+03
 3885   0.17236827E+03
 3886   0.63697240E+02
 3887   0.53449120E+02
 3888   0.27861185E+03
 3889   0.14885803E+03
 3890   0.88634300E+02
 3891   0.60719650E+02
 3892   0.39294020E+02
 3893   0.24744820E+02
 3894   0.16311810E+02
 3895   0.11547070E+02
 3896   0.10175150E+02
 3897   0.99239400E+01
 3898   0.11832080E+02
 3899   0.14527960E+02
 3900   0.14262520E+02
 3901   0.17900720E+02
 3902   0.51171870E+02
 3903   0.37201150E+02
 3904   0.20528400E+02
 3905   0.13803280E+02
 3906   0.10659120E+02
 3907   0.99742500E+01
 3908   0.15515930E+02
 3909   0.16001190E+02
 3910   0.11101840E+02
 3911   0.75976300E+01
 3912   0.58924800E+01
 3913   0.91406600E+01
 3914   0.11887010E+02
 3915   0.10670940E+02
 3916   0.76279600E+01
 3917   0.49402300E+01
 3918   0.24423800E+01
 3919   0.12310500E+01
 3920   0.80432000E+00
 3921   0.57993000E+00
 3922   0.43201000E+00
 3923   0.31040000E+00
 3924   0.27689000E+00
 3925   0.12847000E+00
 3926   0.73890000E-01
 3927   0.50110000E-01
 3928   0.36580000E-01
 3929   0.27970000E-01
 3930   0.22120000E-01
 3931   0.17940000E-01
 3932   0.14860000E-01
 3933   0.12510000E-01
 3934   0.10690000E-01
 3935   0.92400000E-02
 3936   0.80700000E-02
 3937   0.71100000E-02
 3938   0.63100000E-02
 3939   0.56400000E-02
 3940   0.50700000E-02
 3941   0.45900000E-02
 3942   0.41700000E-02
 3943   0.38100000E-02
 3944   0.34900000E-02
 3945   0.32100000E-02
 3946   0.29700000E-02
 3947   0.27500000E-02
 3948   0.32600000E-02
 3949   0.17164700E+01
 3950   0.51695400E+01
 3951   0.78942400E+01
 3952   0.64949500E+01
 3953   0.43598000E+01
 3954   0.39407600E+01
 3955   0.41421900E+01
 3956   0.32090300E+01
 3957   0.14342400E+01
 3958   0.80922000E+00
 3959   0.52022000E+00
 3960   0.33586000E+00
 3961   0.24203000E+00
 3962   0.15010000E+00
 3963   0.59680000E-01
 3964   0.37420000E-01
 3965   0.26880000E-01
 3966   0.20690000E-01
 3967   0.16600000E-01
 3968   0.13700000E-01
 3969   0.11540000E-01
 3970   0.98700000E-02
 3971   0.85500000E-02
 3972   0.74900000E-02
 3973   0.66900000E-02
 3974   0.76800000E-02
 3975   0.14230000E-01
 3976   0.12541370E+02
 3977   0.65683210E+02
 3978   0.57183340E+02
 3979   0.44660700E+02
 3980   0.37190870E+02
 3981   0.22984400E+02
 3982   0.13605240E+02
 3983   0.79516300E+01
 3984   0.37847300E+01
 3985   0.15971900E+01
 3986   0.10034850E+02
 3987   0.63270820E+02
 3988   0.49814920E+02
 3989   0.26795370E+02
 3990   0.15143740E+02
 3991   0.89951900E+01
 3992   0.47616200E+01
 3993   0.19286100E+01
 3994   0.10569600E+01
 3995   0.68968000E+00
 3996   0.47432000E+00
 3997   0.33225000E+00
 3998   0.26871000E+00
 3999   0.18969000E+00
 4000   0.76690000E-01
 4001   0.49100000E-01
 4002   0.35180000E-01
 4003   0.26760000E-01
 4004   0.21160000E-01
 4005   0.17200000E-01
 4006   0.14280000E-01
 4007   0.12060000E-01
 4008   0.10330000E-01
 4009   0.89500000E-02
 4010   0.78400000E-02
 4011   0.69200000E-02
 4012   0.10879200E+01
 4013   0.56548900E+01
 4014   0.21867480E+02
 4015   0.44856510E+02
 4016   0.35223510E+02
 4017   0.27896800E+02
 4018   0.22634240E+02
 4019   0.15821920E+02
 4020   0.10285810E+02
 4021   0.60547100E+01
 4022   0.27769700E+01
 4023   0.13473600E+01
 4024   0.83648000E+00
 4025   0.57778000E+00
 4026   0.38749000E+00
 4027   0.28512000E+00
 4028   0.27223000E+00
 4029   0.27448000E+00
 4030   0.29266000E+00
 4031   0.29207000E+00
 4032   0.28108000E+00
 4033   0.25969000E+00
 4034   0.20604000E+00
 4035   0.15300000E+00
 4036   0.11140000E+00
 4037   0.78400000E-01
 4038   0.55790000E-01
 4039   0.41000000E-01
 4040   0.31180000E-01
 4041   0.24440000E-01
 4042   0.37634000E+00
 4043   0.10855100E+01
 4044   0.17722300E+01
 4045   0.24105000E+01
 4046   0.19964400E+01
 4047   0.12062500E+01
 4048   0.83859000E+00
 4049   0.61833000E+00
 4050   0.48454000E+00
 4051   0.36126000E+00
 4052   0.27804000E+00
 4053   0.26045000E+00
 4054   0.11513000E+00
 4055   0.70840000E-01
 4056   0.48950000E-01
 4057   0.35950000E-01
 4058   0.27530000E-01
 4059   0.21770000E-01
 4060   0.17650000E-01
 4061   0.21350000E-01
 4062   0.27790000E-01
 4063   0.22100000E-01
 4064   0.17280000E-01
 4065   0.13840000E-01
 4066   0.11340000E-01
 4067   0.12550000E-01
 4068   0.23320000E-01
 4069   0.35300000E-01
 4070   0.68390000E-01
 4071   0.74670000E-01
 4072   0.10852000E+00
 4073   0.35240000E+00
 4074   0.11031500E+01
 4075   0.19789600E+01
 4076   0.23742200E+01
 4077   0.37044300E+01
 4078   0.99225300E+01
 4079   0.29139340E+02
 4080   0.26746210E+02
 4081   0.16681780E+02
 4082   0.10061360E+02
 4083   0.55457300E+01
 4084   0.31696300E+01
 4085   0.25700100E+01
 4086   0.24047500E+01
 4087   0.19378100E+01
 4088   0.12379400E+01
 4089   0.86377000E+00
 4090   0.63582000E+00
 4091   0.10000600E+01
 4092   0.79425000E+00
 4093   0.59468000E+00
 4094   0.42467000E+00
 4095   0.29189000E+00
 4096   0.26405000E+00
 4097   0.93180000E-01
 4098   0.32935000E+00
 4099   0.46820000E+00
 4100   0.11279500E+01
 4101   0.20419000E+01
 4102   0.42786800E+01
 4103   0.10993490E+02
 4104   0.28609640E+02
 4105   0.24973200E+02
 4106   0.23647020E+02
 4107   0.36234410E+02
 4108   0.56593960E+02
 4109   0.51597040E+02
 4110   0.38609640E+02
 4111   0.29194300E+02
 4112   0.24154280E+02
 4113   0.20810120E+02
 4114   0.18407400E+02
 4115   0.16095470E+02
 4116   0.15952540E+02
 4117   0.16750140E+02
 4118   0.15414560E+02
 4119   0.13161790E+02
 4120   0.10251730E+02
 4121   0.74806700E+01
 4122   0.53439400E+01
 4123   0.34900000E+01
 4124   0.30638600E+01
 4125   0.35781700E+01
 4126   0.40115800E+01
 4127   0.52044400E+01
 4128   0.10284910E+02
 4129   0.24452270E+02
 4130   0.26465010E+02
 4131   0.17310160E+02
 4132   0.10501070E+02
 4133   0.58518100E+01
 4134   0.25136900E+01
 4135   0.16645600E+01
 4136   0.12824500E+01
 4137   0.24912100E+01
 4138   0.64407400E+01
 4139   0.16332810E+02
 4140   0.25684030E+02
 4141   0.28393150E+02
 4142   0.23591720E+02
 4143   0.15077070E+02
 4144   0.17738420E+02
 4145   0.28580270E+02
 4146   0.28198030E+02
 4147   0.16982370E+02
 4148   0.95456100E+01
 4149   0.45529800E+01
 4150   0.17962000E+01
 4151   0.10055600E+01
 4152   0.80959000E+00
 4153   0.16862000E+01
 4154   0.42444900E+01
 4155   0.16523670E+02
 4156   0.54333010E+02
 4157   0.66025920E+02
 4158   0.56238800E+02
 4159   0.57650210E+02
 4160   0.69540090E+02
 4161   0.72369680E+02
 4162   0.60008920E+02
 4163   0.40207720E+02
 4164   0.26876180E+02
 4165   0.21453200E+02
 4166   0.19683780E+02
 4167   0.19371450E+02
 4168   0.17223090E+02
 4169   0.18898640E+02
 4170   0.22705390E+02
 4171   0.20269040E+02
 4172   0.13710160E+02
 4173   0.82681200E+01
 4174   0.40912100E+01
 4175   0.16715100E+01
 4176   0.99472000E+00
 4177   0.70226000E+00
 4178   0.15539800E+01
 4179   0.67318100E+01
 4180   0.34953190E+02
 4181   0.56390770E+02
 4182   0.54379060E+02
 4183   0.45970830E+02
 4184   0.39038930E+02
 4185   0.36133710E+02
 4186   0.32805040E+02
 4187   0.26441380E+02
 4188   0.19493500E+02
 4189   0.14270400E+02
 4190   0.96883300E+01
 4191   0.64558240E+02
 4192   0.40924711E+03
 4193   0.18830027E+03
 4194   0.13627994E+03
 4195   0.12299008E+03
 4196   0.12821895E+03
 4197   0.11370409E+03
 4198   0.79510000E+02
 4199   0.61789540E+02
 4200   0.52959560E+02
 4201   0.42870110E+02
 4202   0.41909170E+02
 4203   0.66157270E+02
 4204   0.85505260E+02
 4205   0.78127660E+02
 4206   0.73944590E+02
 4207   0.54149460E+02
 4208   0.28556910E+02
 4209   0.15098150E+02
 4210   0.85770100E+01
 4211   0.93011700E+01
 4212   0.31090850E+02
 4213   0.77781150E+02
 4214   0.11275982E+03
 4215   0.16219505E+03
 4216   0.31167912E+03
 4217   0.49740999E+03
 4218   0.22664312E+03
 4219   0.14778905E+03
 4220   0.10974395E+03
 4221   0.54047935E+03
 4222   0.45553804E+03
 4223   0.12920108E+03
 4224   0.51728470E+02
 4225   0.14518607E+03
 4226   0.36838478E+03
 4227   0.43263414E+03
 4228   0.55318771E+03
 4229   0.45969483E+03
 4230   0.48565424E+03
 4231   0.50473783E+03
 4232   0.23630699E+03
 4233   0.19763787E+03
 4234   0.14111788E+03
 4235   0.33141351E+03
 4236   0.65781766E+03
 4237   0.34205237E+03
 4238   0.12048794E+03
 4239   0.10320580E+03
 4240   0.25805618E+03
 4241   0.12284874E+03
 4242   0.83588230E+02
 4243   0.18715812E+03
 4244   0.14518009E+03
 4245   0.10834105E+03
 4246   0.83800790E+02
 4247   0.59553530E+02
 4248   0.43457300E+02
 4249   0.31870990E+02
 4250   0.21964450E+02
 4251   0.18373660E+02
 4252   0.38121300E+02
 4253   0.91427740E+02
 4254   0.73776220E+02
 4255   0.40726980E+02
 4256   0.21861400E+02
 4257   0.12167890E+02
 4258   0.64811900E+01
 4259   0.37477900E+01
 4260   0.26620300E+01
 4261   0.13277300E+01
 4262   0.82037000E+00
 4263   0.54634000E+00
 4264   0.34528000E+00
 4265   0.39413000E+00
 4266   0.35277800E+01
 4267   0.30221510E+02
 4268   0.29543080E+02
 4269   0.22241110E+02
 4270   0.29545040E+02
 4271   0.41052140E+02
 4272   0.25003000E+02
 4273   0.15662660E+03
 4274   0.44713909E+03
 4275   0.29068913E+03
 4276   0.13713480E+03
 4277   0.57363530E+02
 4278   0.26409930E+02
 4279   0.13873180E+02
 4280   0.96864500E+01
 4281   0.84290500E+01
 4282   0.25819560E+02
 4283   0.32749200E+02
 4284   0.24682910E+02
 4285   0.15673880E+02
 4286   0.90101800E+01
 4287   0.43298600E+01
 4288   0.16536900E+01
 4289   0.92899000E+00
 4290   0.62212000E+00
 4291   0.42204000E+00
 4292   0.29896000E+00
 4293   0.26730000E+00
 4294   0.10205000E+00
 4295   0.62310000E-01
 4296   0.22892000E+00
 4297   0.28115000E+00
 4298   0.28317000E+00
 4299   0.27095000E+00
 4300   0.24696000E+00
 4301   0.19402000E+00
 4302   0.14482000E+00
 4303   0.10212000E+00
 4304   0.71450000E-01
 4305   0.51490000E-01
 4306   0.38490000E-01
 4307   0.29740000E-01
 4308   0.23630000E-01
 4309   0.19210000E-01
 4310   0.15920000E-01
 4311   0.13410000E-01
 4312   0.11450000E-01
 4313   0.98900000E-02
 4314   0.86300000E-02
 4315   0.76000000E-02
 4316   0.67400000E-02
 4317   0.60200000E-02
 4318   0.54100000E-02
 4319   0.48900000E-02
 4320   0.44400000E-02
 4321   0.40500000E-02
 4322   0.37100000E-02
 4323   0.34100000E-02
 4324   0.31500000E-02
 4325   0.29200000E-02
 4326   0.27100000E-02
 4327   0.25200000E-02
 4328   0.23500000E-02
 4329   0.22000000E-02
 4330   0.20600000E-02
 4331   0.19300000E-02
 4332   0.18200000E-02
 4333   0.17200000E-02
 4334   0.16200000E-02
 4335   0.15300000E-02
 4336   0.14500000E-02
 4337   0.13800000E-02
 4338   0.13100000E-02
 4339   0.12400000E-02
 4340   0.11800000E-02
 4341   0.11300000E-02
 4342   0.10800000E-02
 4343   0.42028000E+00
 4344   0.10906600E+01
 4345   0.15136700E+01
 4346   0.16534900E+01
 4347   0.15160000E+01
 4348   0.12394700E+01
 4349   0.95394000E+00
 4350   0.73516000E+00
 4351   0.57454000E+00
 4352   0.45739000E+00
 4353   0.34321000E+00
 4354   0.29922000E+00
 4355   0.21161000E+00
 4356   0.10148000E+00
 4357   0.66950000E-01
 4358   0.47450000E-01
 4359   0.35300000E-01
 4360   0.27260000E-01
 4361   0.21670000E-01
 4362   0.17640000E-01
 4363   0.14640000E-01
 4364   0.12350000E-01
 4365   0.10560000E-01
 4366   0.91400000E-02
 4367   0.37462000E+00
 4368   0.73877000E+00
 4369   0.10182500E+01
 4370   0.10336200E+01
 4371   0.87481000E+00
 4372   0.69163000E+00
 4373   0.53591000E+00
 4374   0.19342800E+01
 4375   0.55930700E+01
 4376   0.12780020E+02
 4377   0.13969940E+02
 4378   0.99504200E+01
 4379   0.59806300E+01
 4380   0.28155200E+01
 4381   0.14003500E+01
 4382   0.88872000E+00
 4383   0.63466000E+00
 4384   0.46766000E+00
 4385   0.89019000E+00
 4386   0.12636100E+02
 4387   0.40025290E+02
 4388   0.35629070E+02
 4389   0.20524430E+02
 4390   0.11855810E+02
 4391   0.65641900E+01
 4392   0.30357600E+01
 4393   0.14260600E+01
 4394   0.15949700E+01
 4395   0.17393400E+01
 4396   0.13238200E+01
 4397   0.98846000E+00
 4398   0.75676000E+00
 4399   0.60013000E+00
 4400   0.48657000E+00
 4401   0.40571000E+00
 4402   0.31455000E+00
 4403   0.28165000E+00
 4404   0.15867000E+00
 4405   0.92200000E-01
 4406   0.61940000E-01
 4407   0.44360000E-01
 4408   0.33260000E-01
 4409   0.25840000E-01
 4410   0.43198000E+00
 4411   0.19837500E+01
 4412   0.41669500E+01
 4413   0.64790500E+01
 4414   0.67206200E+01
 4415   0.45874500E+01
 4416   0.20238600E+01
 4417   0.11190300E+01
 4418   0.74355000E+00
 4419   0.53739000E+00
 4420   0.37687000E+00
 4421   0.28506000E+00
 4422   0.27281000E+00
 4423   0.11300000E+00
 4424   0.63390000E-01
 4425   0.42970000E-01
 4426   0.31620000E-01
 4427   0.24410000E-01
 4428   0.19490000E-01
 4429   0.15950000E-01
 4430   0.13300000E-01
 4431   0.11280000E-01
 4432   0.96900000E-02
 4433   0.84100000E-02
 4434   0.73800000E-02
 4435   0.65300000E-02
 4436   0.58100000E-02
 4437   0.55300000E-02
 4438   0.70000000E-02
 4439   0.83000000E-02
 4440   0.10110000E-01
 4441   0.16462400E+01
 4442   0.14212770E+02
 4443   0.46118310E+02
 4444   0.75116220E+02
 4445   0.93784270E+02
 4446   0.69533880E+02
 4447   0.36582780E+02
 4448   0.19538580E+02
 4449   0.11343390E+02
 4450   0.64504100E+01
 4451   0.30849000E+01
 4452   0.14573900E+01
 4453   0.90840000E+00
 4454   0.63558000E+00
 4455   0.45353000E+00
 4456   0.31623000E+00
 4457   0.27979000E+00
 4458   0.16266000E+00
 4459   0.73560000E-01
 4460   0.57220000E-01
 4461   0.72720000E-01
 4462   0.76750000E-01
 4463   0.65060000E-01
 4464   0.51700000E-01
 4465   0.89039000E+00
 4466   0.21871400E+01
 4467   0.32989700E+01
 4468   0.37295600E+01
 4469   0.35568500E+01
 4470   0.32295000E+01
 4471   0.38673900E+01
 4472   0.45834100E+01
 4473   0.46818800E+01
 4474   0.45736100E+01
 4475   0.57947800E+01
 4476   0.82961200E+01
 4477   0.13962100E+02
 4478   0.16927020E+02
 4479   0.14076220E+02
 4480   0.11694930E+02
 4481   0.87323400E+01
 4482   0.55113400E+01
 4483   0.24990500E+01
 4484   0.12901700E+01
 4485   0.81933000E+00
 4486   0.56595000E+00
 4487   0.52909000E+00
 4488   0.11310700E+01
 4489   0.15053200E+01
 4490   0.19319900E+01
 4491   0.19490200E+01
 4492   0.13060800E+01
 4493   0.26495500E+01
 4494   0.15244800E+02
 4495   0.68257000E+02
 4496   0.68121670E+02
 4497   0.54953290E+02
 4498   0.34041590E+02
 4499   0.19518510E+02
 4500   0.12338150E+02
 4501   0.81557800E+01
 4502   0.54985900E+01
 4503   0.40537100E+01
 4504   0.45280900E+01
 4505   0.61680100E+01
 4506   0.94874000E+01
 4507   0.91917000E+01
 4508   0.17978370E+02
 4509   0.71492940E+02
 4510   0.75078230E+02
 4511   0.54187950E+02
 4512   0.49889460E+02
 4513   0.47641300E+02
 4514   0.10360051E+03
 4515   0.21253872E+03
 4516   0.13883928E+03
 4517   0.12587836E+03
 4518   0.11698799E+03
 4519   0.94219060E+02
 4520   0.61899890E+02
 4521   0.91780850E+02
 4522   0.25624736E+03
 4523   0.95056500E+02
 4524   0.37898060E+02
 4525   0.18462390E+02
 4526   0.99644100E+01
 4527   0.48406100E+01
 4528   0.19438500E+01
 4529   0.12220000E+01
 4530   0.35480500E+01
 4531   0.99772800E+01
 4532   0.29463720E+02
 4533   0.40878270E+02
 4534   0.59915630E+02
 4535   0.60316140E+02
 4536   0.74464570E+02
 4537   0.14568344E+03
 4538   0.13204266E+03
 4539   0.73622190E+02
 4540   0.49019180E+02
 4541   0.44425650E+02
 4542   0.60022640E+02
 4543   0.63706690E+02
 4544   0.60455880E+02
 4545   0.54401050E+02
 4546   0.50743100E+02
 4547   0.41773540E+02
 4548   0.27148790E+02
 4549   0.18572570E+02
 4550   0.17570020E+02
 4551   0.32882860E+02
 4552   0.60683250E+02
 4553   0.54560820E+02
 4554   0.62105740E+02
 4555   0.11173328E+03
 4556   0.60692930E+02
 4557   0.35504390E+02
 4558   0.69824800E+02
 4559   0.93799200E+02
 4560   0.67913300E+02
 4561   0.34050270E+02
 4562   0.18253010E+02
 4563   0.16430040E+02
 4564   0.70586690E+02
 4565   0.11029187E+03
 4566   0.10770547E+03
 4567   0.12038627E+03
 4568   0.10660511E+03
 4569   0.74111390E+02
 4570   0.46684790E+02
 4571   0.30086920E+02
 4572   0.25998510E+02
 4573   0.46491660E+02
 4574   0.89030640E+02
 4575   0.71323590E+02
 4576   0.65324450E+02
 4577   0.81535320E+02
 4578   0.87648180E+02
 4579   0.84270530E+02
 4580   0.77077940E+02
 4581   0.73929650E+02
 4582   0.79754560E+02
 4583   0.99968560E+02
 4584   0.11672562E+03
 4585   0.12305470E+03
 4586   0.11655802E+03
 4587   0.98045950E+02
 4588   0.94924810E+02
 4589   0.97089880E+02
 4590   0.68680780E+02
 4591   0.38747320E+02
 4592   0.21197220E+02
 4593   0.18035890E+02
 4594   0.22526080E+02
 4595   0.18781100E+02
 4596   0.20475580E+02
 4597   0.43496050E+02
 4598   0.46771440E+02
 4599   0.75300830E+02
 4600   0.59455007E+03
 4601   0.37512830E+03
 4602   0.29672974E+03
 4603   0.67132661E+03
 4604   0.30123422E+03
 4605   0.17237012E+03
 4606   0.23537226E+03
 4607   0.20179538E+03
 4608   0.14825953E+03
 4609   0.37017551E+03
 4610   0.75232766E+03
 4611   0.37781942E+03
 4612   0.10779103E+03
 4613   0.41741480E+02
 4614   0.21271870E+02
 4615   0.12221620E+02
 4616   0.68477600E+01
 4617   0.44048900E+01
 4618   0.57291100E+01
 4619   0.11228780E+02
 4620   0.17934760E+02
 4621   0.20417550E+02
 4622   0.18450050E+02
 4623   0.13418320E+02
 4624   0.81499300E+01
 4625   0.45848900E+01
 4626   0.34823800E+01
 4627   0.54221400E+01
 4628   0.46423490E+02
 4629   0.10046081E+03
 4630   0.59819810E+02
 4631   0.36055160E+02
 4632   0.20865730E+02
 4633   0.11689900E+02
 4634   0.63236400E+01
 4635   0.38572763E+03
 4636   0.27694953E+03
 4637   0.95140140E+02
 4638   0.41889400E+02
 4639   0.20881520E+02
 4640   0.11350020E+02
 4641   0.57568900E+01
 4642   0.33951100E+01
 4643   0.38165000E+01
 4644   0.80672100E+01
 4645   0.14651430E+02
 4646   0.18194420E+02
 4647   0.15298990E+02
 4648   0.13696680E+02
 4649   0.17501400E+02
 4650   0.18535550E+02
 4651   0.12909910E+02
 4652   0.78126900E+01
 4653   0.39336100E+01
 4654   0.15606100E+01
 4655   0.90148000E+00
 4656   0.61188000E+00
 4657   0.41562000E+00
 4658   0.29921000E+00
 4659   0.26894000E+00
 4660   0.11033000E+00
 4661   0.64770000E-01
 4662   0.46060000E-01
 4663   0.80878000E+00
 4664   0.18636100E+01
 4665   0.51460900E+01
 4666   0.76196500E+01
 4667   0.58489300E+01
 4668   0.29493100E+01
 4669   0.13375300E+01
 4670   0.82116000E+00
 4671   0.56317000E+00
 4672   0.14584900E+01
 4673   0.54933100E+01
 4674   0.10489460E+02
 4675   0.98298300E+01
 4676   0.71114700E+01
 4677   0.45563300E+01
 4678   0.42129100E+01
 4679   0.49535600E+01
 4680   0.44133000E+01
 4681   0.28432300E+01
 4682   0.11129200E+01
 4683   0.66200000E+00
 4684   0.39816000E+00
 4685   0.27186000E+00
 4686   0.26073000E+00
 4687   0.25925000E+00
 4688   0.17339900E+01
 4689   0.53214300E+01
 4690   0.95120600E+01
 4691   0.88724400E+01
 4692   0.56189500E+01
 4693   0.23879300E+01
 4694   0.11837200E+01
 4695   0.75355000E+00
 4696   0.53219000E+00
 4697   0.38580000E+00
 4698   0.40070000E+00
 4699   0.76877000E+00
 4700   0.11951700E+01
 4701   0.21147800E+01
 4702   0.26361500E+01
 4703   0.33401200E+01
 4704   0.43980500E+01
 4705   0.38291900E+01
 4706   0.18474700E+01
 4707   0.10874900E+01
 4708   0.95961000E+00
 4709   0.17549100E+01
 4710   0.61319500E+01
 4711   0.48710740E+02
 4712   0.67407660E+02
 4713   0.38042250E+02
 4714   0.20521020E+02
 4715   0.11974170E+02
 4716   0.78314100E+01
 4717   0.55584400E+01
 4718   0.33594000E+01
 4719   0.15496500E+01
 4720   0.93733000E+00
 4721   0.64763000E+00
 4722   0.45849000E+00
 4723   0.32066000E+00
 4724   0.27951000E+00
 4725   0.16259000E+00
 4726   0.72310000E-01
 4727   0.46750000E-01
 4728   0.33660000E-01
 4729   0.25690000E-01
 4730   0.20360000E-01
 4731   0.16580000E-01
 4732   0.13780000E-01
 4733   0.11660000E-01
 4734   0.99900000E-02
 4735   0.86700000E-02
 4736   0.75900000E-02
 4737   0.67100000E-02
 4738   0.59700000E-02
 4739   0.53500000E-02
 4740   0.48200000E-02
 4741   0.43700000E-02
 4742   0.39800000E-02
 4743   0.36400000E-02
 4744   0.33400000E-02
 4745   0.30800000E-02
 4746   0.28500000E-02
 4747   0.26400000E-02
 4748   0.24600000E-02
 4749   0.22900000E-02
 4750   0.21400000E-02
 4751   0.20100000E-02
 4752   0.18800000E-02
 4753   0.17700000E-02
 4754   0.16700000E-02
 4755   0.15800000E-02
 4756   0.14900000E-02
 4757   0.38000000E-02
 4758   0.14090000E-01
 4759   0.20713000E+00
 4760   0.19716000E+00
 4761   0.16926000E+00
 4762   0.26605000E+00
 4763   0.12079500E+01
 4764   0.22124200E+01
 4765   0.40843800E+01
 4766   0.55309300E+01
 4767   0.44822400E+01
 4768   0.22811800E+01
 4769   0.12550200E+01
 4770   0.83391000E+00
 4771   0.60207000E+00
 4772   0.44057000E+00
 4773   0.30907000E+00
 4774   0.27748000E+00
 4775   0.11512000E+00
 4776   0.61730000E-01
 4777   0.41340000E-01
 4778   0.30330000E-01
 4779   0.23440000E-01
 4780   0.18750000E-01
 4781   0.15380000E-01
 4782   0.12870000E-01
 4783   0.10940000E-01
 4784   0.94200000E-02
 4785   0.82000000E-02
 4786   0.72100000E-02
 4787   0.63900000E-02
 4788   0.57000000E-02
 4789   0.51200000E-02
 4790   0.46200000E-02
 4791   0.42000000E-02
 4792   0.38300000E-02
 4793   0.35100000E-02
 4794   0.32200000E-02
 4795   0.29800000E-02
 4796   0.27500000E-02
 4797   0.25600000E-02
 4798   0.23800000E-02
 4799   0.22200000E-02
 4800   0.21100000E-02
 4801   0.83150000E-01
 4802   0.27888000E+00
 4803   0.30285000E+00
 4804   0.33530000E+00
 4805   0.33164000E+00
 4806   0.31424000E+00
 4807   0.29243000E+00
 4808   0.26132000E+00
 4809   0.19302000E+00
 4810   0.89408000E+00
 4811   0.20906600E+01
 4812   0.33017100E+01
 4813   0.39860900E+01
 4814   0.49088900E+01
 4815   0.63539000E+01
 4816   0.91022700E+01
 4817   0.10287340E+02
 4818   0.16631400E+02
 4819   0.24196150E+02
 4820   0.24704100E+02
 4821   0.16996750E+02
 4822   0.15433760E+02
 4823   0.18007750E+02
 4824   0.22049090E+02
 4825   0.15337610E+02
 4826   0.94224000E+01
 4827   0.51846400E+01
 4828   0.28269000E+01
 4829   0.18246600E+01
 4830   0.13019800E+01
 4831   0.93613000E+00
 4832   0.99156000E+00
 4833   0.75735000E+00
 4834   0.55317000E+00
 4835   0.39308000E+00
 4836   0.28136000E+00
 4837   0.25141000E+00
 4838   0.96370000E-01
 4839   0.59590000E-01
 4840   0.41860000E-01
 4841   0.31370000E-01
 4842   0.83640000E-01
 4843   0.69873000E+00
 4844   0.21593800E+01
 4845   0.36429100E+01
 4846   0.50742300E+01
 4847   0.63915800E+01
 4848   0.58713700E+01
 4849   0.44967700E+01
 4850   0.28189000E+01
 4851   0.14154600E+01
 4852   0.90815000E+00
 4853   0.65328000E+00
 4854   0.49134000E+00
 4855   0.34639000E+00
 4856   0.28431000E+00
 4857   0.19623000E+00
 4858   0.83110000E-01
 4859   0.11720400E+01
 4860   0.30186700E+01
 4861   0.41196900E+01
 4862   0.38917000E+01
 4863   0.31902400E+01
 4864   0.21555800E+01
 4865   0.14709400E+01
 4866   0.13435500E+01
 4867   0.39046300E+01
 4868   0.43475690E+02
 4869   0.12497079E+03
 4870   0.17783203E+03
 4871   0.25393484E+03
 4872   0.13989395E+03
 4873   0.76709580E+02
 4874   0.46445560E+02
 4875   0.32499490E+02
 4876   0.27060180E+02
 4877   0.33666460E+02
 4878   0.33644060E+02
 4879   0.26620600E+02
 4880   0.21235500E+02
 4881   0.17375990E+02
 4882   0.16337010E+02
 4883   0.16312440E+02
 4884   0.24815350E+02
 4885   0.25860790E+02
 4886   0.20524680E+02
 4887   0.16616270E+02
 4888   0.21776030E+02
 4889   0.25719320E+02
 4890   0.26186910E+02
 4891   0.41883760E+02
 4892   0.96120980E+02
 4893   0.15671207E+03
 4894   0.10964714E+03
 4895   0.80209170E+02
 4896   0.82859420E+02
 4897   0.49078660E+02
 4898   0.26813050E+02
 4899   0.17330840E+02
 4900   0.14262740E+02
 4901   0.14983760E+02
 4902   0.16100890E+02
 4903   0.19539170E+02
 4904   0.23334080E+02
 4905   0.16731100E+02
 4906   0.10255330E+02
 4907   0.54061300E+01
 4908   0.21712600E+01
 4909   0.17165400E+01
 4910   0.33805900E+01
 4911   0.97075400E+01
 4912   0.24713350E+02
 4913   0.21475570E+02
 4914   0.15457520E+02
 4915   0.10311500E+02
 4916   0.61724400E+01
 4917   0.27433700E+01
 4918   0.13330900E+01
 4919   0.83601000E+00
 4920   0.60122000E+00
 4921   0.44705000E+00
 4922   0.38177970E+02
 4923   0.33874427E+03
 4924   0.98667950E+02
 4925   0.43393900E+02
 4926   0.27783320E+02
 4927   0.18772640E+02
 4928   0.13169690E+02
 4929   0.17674370E+02
 4930   0.32541790E+02
 4931   0.57164350E+02
 4932   0.13564688E+03
 4933   0.16709870E+03
 4934   0.21720141E+03
 4935   0.14522752E+03
 4936   0.81824140E+02
 4937   0.51037960E+02
 4938   0.50212420E+02
 4939   0.68869010E+02
 4940   0.74010540E+02
 4941   0.12022848E+03
 4942   0.22186510E+03
 4943   0.97058940E+02
 4944   0.52743610E+02
 4945   0.26868480E+02
 4946   0.16094470E+02
 4947   0.11115000E+02
 4948   0.88269100E+01
 4949   0.77345700E+01
 4950   0.22204860E+02
 4951   0.10294079E+03
 4952   0.10408076E+03
 4953   0.10884128E+03
 4954   0.75047780E+02
 4955   0.44961970E+02
 4956   0.30073470E+02
 4957   0.19819340E+02
 4958   0.16407020E+02
 4959   0.19290930E+02
 4960   0.17566771E+03
 4961   0.12831857E+03
 4962   0.77127810E+02
 4963   0.99633810E+02
 4964   0.14389958E+03
 4965   0.89696290E+02
 4966   0.47358610E+02
 4967   0.29346140E+02
 4968   0.28751210E+02
 4969   0.67823860E+02
 4970   0.53341910E+02
 4971   0.35580750E+02
 4972   0.22372950E+02
 4973   0.13126190E+02
 4974   0.76523300E+01
 4975   0.11490333E+03
 4976   0.24434178E+03
 4977   0.15029040E+03
 4978   0.17044527E+03
 4979   0.37566710E+03
 4980   0.36478644E+03
 4981   0.48471043E+03
 4982   0.34346873E+03
 4983   0.39492499E+03
 4984   0.28236674E+03
 4985   0.16235826E+03
 4986   0.90196310E+02
 4987   0.57712720E+02
 4988   0.43748270E+02
 4989   0.40168380E+02
 4990   0.39266940E+02
 4991   0.27499390E+02
 4992   0.16772860E+02
 4993   0.10546940E+02
 4994   0.10192720E+02
 4995   0.22582380E+02
 4996   0.25916900E+02
 4997   0.13974510E+02
 4998   0.67160000E+01
 4999   0.26165800E+01
 5000   0.21360400E+01
 5001   0.48290200E+01
 5002   0.85380700E+01
 5003   0.72803800E+01
 5004   0.43471000E+01
 5005   0.17657100E+01
 5006   0.88100000E+00
 5007   0.51999000E+00
 5008   0.32635000E+00
 5009   0.23679000E+00
 5010   0.30690000E+00
 5011   0.14039800E+01
 5012   0.52481100E+01
 5013   0.61489100E+02
 5014   0.63763000E+02
 5015   0.31382200E+02
 5016   0.16260530E+02
 5017   0.88568100E+01
 5018   0.40915800E+01
 5019   0.16286200E+01
 5020   0.91851000E+00
 5021   0.61197000E+00
 5022   0.40743000E+00
 5023   0.29197000E+00
 5024   0.26763000E+00
 5025   0.66220000E+00
 5026   0.81901000E+00
 5027   0.62977000E+00
 5028   0.44061000E+00
 5029   0.28502000E+00
 5030   0.24089000E+00
 5031   0.73150000E-01
 5032   0.42750000E-01
 5033   0.29010000E-01
 5034   0.21280000E-01
 5035   0.16410000E-01
 5036   0.13100000E-01
 5037   0.10750000E-01
 5038   0.91800000E-02
 5039   0.80700000E-02
 5040   0.87120000E-01
 5041   0.12260000E+00
 5042   0.11035000E+00
 5043   0.86240000E-01
 5044   0.63850000E-01
 5045   0.47630000E-01
 5046   0.36410000E-01
 5047   0.28570000E-01
 5048   0.22960000E-01
 5049   0.18820000E-01
 5050   0.15700000E-01
 5051   0.13300000E-01
 5052   0.11400000E-01
 5053   0.98800000E-02
 5054   0.86500000E-02
 5055   0.76300000E-02
 5056   0.68700000E-02
 5057   0.66300000E-02
 5058   0.66600000E-02
 5059   0.64600000E-02
 5060   0.60300000E-02
 5061   0.55200000E-02
 5062   0.50100000E-02
 5063   0.45400000E-02
 5064   0.41200000E-02
 5065   0.37500000E-02
 5066   0.34300000E-02
 5067   0.31500000E-02
 5068   0.29000000E-02
 5069   0.26800000E-02
 5070   0.24800000E-02
 5071   0.26900000E-02
 5072   0.27500000E-02
 5073   0.28100000E-02
 5074   0.28900000E-02
 5075   0.29400000E-02
 5076   0.29300000E-02
 5077   0.28700000E-02
 5078   0.27700000E-02
 5079   0.26700000E-02
 5080   0.25600000E-02
 5081   0.24500000E-02
 5082   0.23400000E-02
 5083   0.22300000E-02
 5084   0.21200000E-02
 5085   0.20100000E-02
 5086   0.19000000E-02
 5087   0.18000000E-02
 5088   0.17000000E-02
 5089   0.16100000E-02
 5090   0.15200000E-02
 5091   0.14400000E-02
 5092   0.13700000E-02
 5093   0.13100000E-02
 5094   0.16100000E-02
 5095   0.39600000E-02
 5096   0.86800000E-02
 5097   0.11990000E-01
 5098   0.12800000E-01
 5099   0.19736000E+00
 5100   0.17525200E+01
 5101   0.36986900E+01
 5102   0.54260300E+01
 5103   0.57796900E+01
 5104   0.42685100E+01
 5105   0.19442800E+01
 5106   0.10871500E+01
 5107   0.73180000E+00
 5108   0.53264000E+00
 5109   0.37577000E+00
 5110   0.28185000E+00
 5111   0.25918000E+00
 5112   0.10514000E+00
 5113   0.64080000E-01
 5114   0.44460000E-01
 5115   0.32930000E-01
 5116   0.25450000E-01
 5117   0.20290000E-01
 5118   0.16570000E-01
 5119   0.13800000E-01
 5120   0.11680000E-01
 5121   0.10030000E-01
 5122   0.87200000E-02
 5123   0.76700000E-02
 5124   0.68100000E-02
 5125   0.60900000E-02
 5126   0.54800000E-02
 5127   0.49500000E-02
 5128   0.45000000E-02
 5129   0.41000000E-02
 5130   0.37600000E-02
 5131   0.34500000E-02
 5132   0.31800000E-02
 5133   0.29500000E-02
 5134   0.27300000E-02
 5135   0.25400000E-02
 5136   0.23700000E-02
 5137   0.22200000E-02
 5138   0.20800000E-02
 5139   0.19500000E-02
 5140   0.18400000E-02
 5141   0.17300000E-02
 5142   0.16400000E-02
 5143   0.15500000E-02
 5144   0.14700000E-02
 5145   0.13900000E-02
 5146   0.13200000E-02
 5147   0.12600000E-02
 5148   0.12000000E-02
 5149   0.11400000E-02
 5150   0.10900000E-02
 5151   0.10400000E-02
 5152   0.10000000E-02
 5153   0.14984000E+01
 5154   0.51234600E+01
 5155   0.11600770E+02
 5156   0.12221440E+02
 5157   0.87916300E+01
 5158   0.50793800E+01
 5159   0.21496600E+01
 5160   0.11635600E+01
 5161   0.75813000E+00
 5162   0.53830000E+00
 5163   0.36401000E+00
 5164   0.26526000E+00
 5165   0.23721000E+00
 5166   0.77660000E-01
 5167   0.47980000E-01
 5168   0.33970000E-01
 5169   0.25750000E-01
 5170   0.20350000E-01
 5171   0.16550000E-01
 5172   0.13760000E-01
 5173   0.11640000E-01
 5174   0.99800000E-02
 5175   0.86600000E-02
 5176   0.75900000E-02
 5177   0.67100000E-02
 5178   0.33451000E+00
 5179   0.36944000E+00
 5180   0.40610000E+00
 5181   0.39143000E+00
 5182   0.35338000E+00
 5183   0.29884000E+00
 5184   0.29601000E+00
 5185   0.39131000E+00
 5186   0.16003200E+01
 5187   0.46658500E+01
 5188   0.13844230E+02
 5189   0.25866460E+02
 5190   0.24150680E+02
 5191   0.20110820E+02
 5192   0.18991960E+02
 5193   0.19916890E+02
 5194   0.18465230E+02
 5195   0.13687740E+02
 5196   0.93551200E+01
 5197   0.59968400E+01
 5198   0.40084400E+01
 5199   0.32780400E+01
 5200   0.34219700E+01
 5201   0.36212300E+01
 5202   0.23775500E+01
 5203   0.22641600E+01
 5204   0.24932000E+01
 5205   0.24559700E+01
 5206   0.16962300E+01
 5207   0.17940000E+01
 5208   0.20959900E+01
 5209   0.44922900E+01
 5210   0.15157820E+02
 5211   0.36281060E+02
 5212   0.28145160E+02
 5213   0.16658930E+02
 5214   0.96901100E+01
 5215   0.49929900E+01
 5216   0.20686300E+01
 5217   0.11900800E+01
 5218   0.17397600E+01
 5219   0.31919100E+01
 5220   0.61760600E+01
 5221   0.10104990E+02
 5222   0.11981700E+02
 5223   0.91708600E+01
 5224   0.54717300E+01
 5225   0.25166000E+01
 5226   0.35813200E+01
 5227   0.10170390E+02
 5228   0.17886750E+02
 5229   0.21646810E+02
 5230   0.19419320E+02
 5231   0.13233470E+02
 5232   0.85078000E+01
 5233   0.52413900E+01
 5234   0.29778100E+01
 5235   0.14534900E+01
 5236   0.91683000E+00
 5237   0.15863200E+01
 5238   0.62274100E+01
 5239   0.27054980E+02
 5240   0.25524380E+02
 5241   0.15619100E+02
 5242   0.94145700E+01
 5243   0.55124600E+01
 5244   0.23985900E+01
 5245   0.12077100E+01
 5246   0.77714000E+00
 5247   0.73781000E+00
 5248   0.15912700E+01
 5249   0.52940500E+01
 5250   0.28591200E+02
 5251   0.56374570E+02
 5252   0.49909840E+02
 5253   0.44914390E+02
 5254   0.38198670E+02
 5255   0.43210620E+02
 5256   0.10064515E+03
 5257   0.14978088E+03
 5258   0.80859470E+02
 5259   0.42769390E+02
 5260   0.55406870E+02
 5261   0.16597349E+03
 5262   0.11206787E+03
 5263   0.59812250E+02
 5264   0.51122650E+02
 5265   0.58974410E+02
 5266   0.78125370E+02
 5267   0.92551610E+02
 5268   0.64167240E+02
 5269   0.12498561E+03
 5270   0.18767914E+03
 5271   0.10766515E+03
 5272   0.60947800E+02
 5273   0.33393970E+02
 5274   0.19231080E+02
 5275   0.16158860E+02
 5276   0.62160470E+02
 5277   0.11509079E+03
 5278   0.21703792E+03
 5279   0.38139422E+03
 5280   0.21454152E+03
 5281   0.11128158E+03
 5282   0.13437597E+03
 5283   0.20790873E+03
 5284   0.21467682E+03
 5285   0.22276355E+03
 5286   0.22309347E+03
 5287   0.17728198E+03
 5288   0.14238155E+03
 5289   0.13757147E+03
 5290   0.95881640E+02
 5291   0.68962020E+02
 5292   0.62066670E+02
 5293   0.51883960E+02
 5294   0.34262720E+02
 5295   0.20688130E+02
 5296   0.13641130E+02
 5297   0.99924800E+01
 5298   0.81894400E+01
 5299   0.24217400E+02
 5300   0.12606934E+03
 5301   0.10981598E+03
 5302   0.64208920E+02
 5303   0.37214370E+02
 5304   0.23030970E+02
 5305   0.14974410E+02
 5306   0.10230790E+02
 5307   0.63444600E+01
 5308   0.46692000E+01
 5309   0.42640200E+01
 5310   0.36788300E+01
 5311   0.27631700E+01
 5312   0.25767400E+01
 5313   0.38348000E+01
 5314   0.13282710E+02
 5315   0.17470610E+02
 5316   0.12445020E+02
 5317   0.15237290E+02
 5318   0.14540464E+03
 5319   0.22161949E+03
 5320   0.18559500E+03
 5321   0.14613902E+03
 5322   0.15937324E+03
 5323   0.17413363E+03
 5324   0.17155040E+03
 5325   0.31633981E+03
 5326   0.67054256E+03
 5327   0.37882053E+03
 5328   0.20356085E+03
 5329   0.10916148E+03
 5330   0.13526935E+03
 5331   0.22360122E+03
 5332   0.27413766E+03
 5333   0.20591275E+03
 5334   0.18710943E+03
 5335   0.20081275E+03
 5336   0.22911870E+03
 5337   0.14269209E+03
 5338   0.83853540E+02
 5339   0.62392060E+02
 5340   0.91498060E+02
 5341   0.11550200E+03
 5342   0.10517917E+03
 5343   0.86893020E+02
 5344   0.61384990E+02
 5345   0.43487860E+02
 5346   0.34318380E+02
 5347   0.45451570E+02
 5348   0.91407990E+02
 5349   0.76631060E+02
 5350   0.17603322E+03
 5351   0.18609725E+03
 5352   0.15705983E+03
 5353   0.13467185E+03
 5354   0.28536956E+03
 5355   0.44474147E+03
 5356   0.12789428E+03
 5357   0.46778870E+02
 5358   0.21589700E+02
 5359   0.12065620E+02
 5360   0.32302640E+02
 5361   0.44270810E+02
 5362   0.29060680E+02
 5363   0.17887150E+02
 5364   0.16274180E+02
 5365   0.45893400E+02
 5366   0.73264200E+02
 5367   0.47204480E+02
 5368   0.35049610E+02
 5369   0.24602600E+02
 5370   0.15959530E+02
 5371   0.96612400E+01
 5372   0.52180500E+01
 5373   0.22556000E+01
 5374   0.11892300E+01
 5375   0.77698000E+00
 5376   0.55489000E+00
 5377   0.40496000E+00
 5378   0.71795000E+00
 5379   0.75745000E+00
 5380   0.59961000E+00
 5381   0.96675000E+00
 5382   0.15457300E+01
 5383   0.34781100E+01
 5384   0.67157800E+01
 5385   0.62631400E+01
 5386   0.35715200E+01
 5387   0.14632000E+01
 5388   0.22649600E+01
 5389   0.28497600E+01
 5390   0.18118700E+01
 5391   0.98793000E+00
 5392   0.63558000E+00
 5393   0.86542000E+00
 5394   0.35591400E+01
 5395   0.10495560E+02
 5396   0.11231220E+02
 5397   0.78176500E+01
 5398   0.47107300E+01
 5399   0.19820800E+01
 5400   0.97112000E+00
 5401   0.58323000E+00
 5402   0.35223000E+00
 5403   0.24351000E+00
 5404   0.17985000E+00
 5405   0.51260000E-01
 5406   0.28700000E-01
 5407   0.19290000E-01
 5408   0.14290000E-01
 5409   0.11230000E-01
 5410   0.91900000E-02
 5411   0.96200000E-02
 5412   0.47280000E+00
 5413   0.18956700E+01
 5414   0.47522200E+01
 5415   0.10041310E+02
 5416   0.10185050E+02
 5417   0.78524700E+01
 5418   0.50927200E+01
 5419   0.22237700E+01
 5420   0.11640800E+01
 5421   0.75953000E+00
 5422   0.54641000E+00
 5423   0.38758000E+00
 5424   0.28802000E+00
 5425   0.26355000E+00
 5426   0.11452000E+00
 5427   0.70200000E-01
 5428   0.52120000E-01
 5429   0.52830000E-01
 5430   0.52300000E-01
 5431   0.46070000E-01
 5432   0.38360000E-01
 5433   0.31410000E-01
 5434   0.25760000E-01
 5435   0.21310000E-01
 5436   0.17820000E-01
 5437   0.15080000E-01
 5438   0.12890000E-01
 5439   0.11140000E-01
 5440   0.97100000E-02
 5441   0.85300000E-02
 5442   0.75500000E-02
 5443   0.67300000E-02
 5444   0.60300000E-02
 5445   0.54400000E-02
 5446   0.49300000E-02
 5447   0.44800000E-02
 5448   0.41000000E-02
 5449   0.37600000E-02
 5450   0.34600000E-02
 5451   0.31900000E-02
 5452   0.29600000E-02
 5453   0.27500000E-02
 5454   0.25600000E-02
 5455   0.34700000E-02
 5456   0.11100000E-01
 5457   0.11534000E+00
 5458   0.17842000E+00
 5459   0.15495000E+00
 5460   0.12480000E+00
 5461   0.91420000E-01
 5462   0.65890000E-01
 5463   0.48630000E-01
 5464   0.37050000E-01
 5465   0.29400000E-01
 5466   0.24470000E-01
 5467   0.21030000E-01
 5468   0.23720000E-01
 5469   0.14185000E+00
 5470   0.13017000E+00
 5471   0.10120000E+00
 5472   0.83180000E-01
 5473   0.67560000E-01
 5474   0.53360000E-01
 5475   0.49630000E-01
 5476   0.71510000E-01
 5477   0.71970000E-01
 5478   0.59250000E-01
 5479   0.46480000E-01
 5480   0.36450000E-01
 5481   0.28980000E-01
 5482   0.23440000E-01
 5483   0.19280000E-01
 5484   0.16100000E-01
 5485   0.13630000E-01
 5486   0.11680000E-01
 5487   0.10110000E-01
 5488   0.88400000E-02
 5489   0.77900000E-02
 5490   0.69200000E-02
 5491   0.61800000E-02
 5492   0.55500000E-02
 5493   0.50200000E-02
 5494   0.45600000E-02
 5495   0.41600000E-02
 5496   0.38100000E-02
 5497   0.35000000E-02
 5498   0.32300000E-02
 5499   0.29800000E-02
 5500   0.27700000E-02
 5501   0.25800000E-02
 5502   0.24000000E-02
 5503   0.22500000E-02
 5504   0.21000000E-02
 5505   0.19800000E-02
 5506   0.18600000E-02
 5507   0.17500000E-02
 5508   0.16500000E-02
 5509   0.15600000E-02
 5510   0.14800000E-02
 5511   0.14000000E-02
 5512   0.13300000E-02
 5513   0.12700000E-02
 5514   0.12100000E-02
 5515   0.11500000E-02
 5516   0.11000000E-02
 5517   0.10500000E-02
 5518   0.10000000E-02
 5519   0.96000000E-03
 5520   0.92000000E-03
 5521   0.88000000E-03
 5522   0.85000000E-03
 5523   0.81000000E-03
 5524   0.78000000E-03
 5525   0.75000000E-03
 5526   0.15667000E+00
 5527   0.48548000E+00
 5528   0.84688000E+00
 5529   0.92460000E+00
 5530   0.81364000E+00
 5531   0.65815000E+00
 5532   0.52026000E+00
 5533   0.42576000E+00
 5534   0.33031000E+00
 5535   0.30020000E+00
 5536   0.11371900E+01
 5537   0.28869500E+01
 5538   0.51036500E+01
 5539   0.65055200E+01
 5540   0.61131800E+01
 5541   0.47887000E+01
 5542   0.29488800E+01
 5543   0.15014800E+01
 5544   0.95351000E+00
 5545   0.68805000E+00
 5546   0.52103000E+00
 5547   0.40711000E+00
 5548   0.31075000E+00
 5549   0.28606000E+00
 5550   0.16262000E+00
 5551   0.94540000E-01
 5552   0.63800000E-01
 5553   0.45660000E-01
 5554   0.34150000E-01
 5555   0.33340000E-01
 5556   0.34024000E+00
 5557   0.15304200E+01
 5558   0.25754800E+01
 5559   0.32808900E+01
 5560   0.35704600E+01
 5561   0.24320400E+01
 5562   0.12597900E+01
 5563   0.81504000E+00
 5564   0.59080000E+00
 5565   0.61548000E+00
 5566   0.55884000E+00
 5567   0.12718900E+01
 5568   0.34728600E+01
 5569   0.94832000E+01
 5570   0.17201780E+02
 5571   0.15430330E+02
 5572   0.11469110E+02
 5573   0.76538200E+01
 5574   0.40285600E+01
 5575   0.16834900E+01
 5576   0.97964000E+00
 5577   0.66176000E+00
 5578   0.46599000E+00
 5579   0.32647000E+00
 5580   0.28005000E+00
 5581   0.18397000E+00
 5582   0.28353000E+00
 5583   0.77321000E+00
 5584   0.88184000E+00
 5585   0.84223000E+00
 5586   0.74748000E+00
 5587   0.63111000E+00
 5588   0.52098000E+00
 5589   0.43053000E+00
 5590   0.34815000E+00
 5591   0.30286000E+00
 5592   0.22099000E+00
 5593   0.11995000E+00
 5594   0.52360100E+01
 5595   0.55011360E+02
 5596   0.60636720E+02
 5597   0.32520370E+02
 5598   0.21807130E+02
 5599   0.44992340E+02
 5600   0.10798599E+03
 5601   0.10914561E+03
 5602   0.62289650E+02
 5603   0.36735150E+02
 5604   0.22647830E+02
 5605   0.13906160E+02
 5606   0.12784710E+02
 5607   0.15932340E+02
 5608   0.23614240E+02
 5609   0.23202460E+02
 5610   0.18402650E+02
 5611   0.20759570E+02
 5612   0.31498630E+02
 5613   0.29364140E+02
 5614   0.18994810E+02
 5615   0.13860290E+02
 5616   0.14895250E+02
 5617   0.42528280E+02
 5618   0.65029150E+02
 5619   0.46085890E+02
 5620   0.28123270E+02
 5621   0.18448600E+02
 5622   0.16262690E+02
 5623   0.21996250E+02
 5624   0.33345760E+02
 5625   0.30934500E+02
 5626   0.22695890E+02
 5627   0.16716860E+02
 5628   0.12374450E+02
 5629   0.94827000E+01
 5630   0.71691300E+01
 5631   0.58313600E+01
 5632   0.60870100E+01
 5633   0.12384320E+02
 5634   0.70809930E+02
 5635   0.10196535E+03
 5636   0.84384740E+02
 5637   0.53564960E+02
 5638   0.42193970E+02
 5639   0.57012490E+02
 5640   0.56526990E+02
 5641   0.36723460E+02
 5642   0.25472540E+02
 5643   0.20669910E+02
 5644   0.23369570E+02
 5645   0.59824000E+02
 5646   0.35145015E+03
 5647   0.13542942E+03
 5648   0.95560590E+02
 5649   0.10653118E+03
 5650   0.85507010E+02
 5651   0.54531270E+02
 5652   0.38009690E+02
 5653   0.19119461E+03
 5654   0.35970984E+03
 5655   0.25783085E+03
 5656   0.20313581E+03
 5657   0.10647075E+03
 5658   0.96537780E+02
 5659   0.85197110E+02
 5660   0.65723740E+02
 5661   0.60329080E+02
 5662   0.70417740E+02
 5663   0.60540010E+02
 5664   0.38019030E+02
 5665   0.21862630E+02
 5666   0.12704750E+02
 5667   0.70376200E+01
 5668   0.31557700E+01
 5669   0.13868100E+01
 5670   0.82618000E+00
 5671   0.57582000E+00
 5672   0.23679100E+01
 5673   0.80176100E+01
 5674   0.13906560E+02
 5675   0.42523640E+02
 5676   0.70508920E+02
 5677   0.13111042E+03
 5678   0.21400678E+03
 5679   0.15883222E+03
 5680   0.13196208E+03
 5681   0.17548929E+03
 5682   0.12781364E+03
 5683   0.85236080E+02
 5684   0.76072130E+02
 5685   0.47034314E+03
 5686   0.38619967E+03
 5687   0.27507724E+03
 5688   0.13511328E+03
 5689   0.10130149E+03
 5690   0.60647250E+02
 5691   0.30842290E+02
 5692   0.20665300E+02
 5693   0.37983490E+02
 5694   0.16156173E+03
 5695   0.32588479E+03
 5696   0.42752312E+03
 5697   0.20595603E+03
 5698   0.72426820E+02
 5699   0.47802590E+02
 5700   0.75121780E+02
 5701   0.77106770E+02
 5702   0.60469060E+02
 5703   0.40190020E+02
 5704   0.34312370E+02
 5705   0.26463000E+02
 5706   0.17387300E+02
 5707   0.40662090E+02
 5708   0.12195011E+03
 5709   0.40034579E+03
 5710   0.51126803E+03
 5711   0.26299633E+03
 5712   0.29309904E+03
 5713   0.32989867E+03
 5714   0.16800398E+03
 5715   0.79764310E+02
 5716   0.46403460E+02
 5717   0.39181450E+02
 5718   0.26849750E+02
 5719   0.18135680E+02
 5720   0.13573810E+02
 5721   0.12173210E+02
 5722   0.81933100E+01
 5723   0.47040300E+01
 5724   0.18627100E+01
 5725   0.90137000E+00
 5726   0.53508000E+00
 5727   0.33665000E+00
 5728   0.23750000E+00
 5729   0.15091000E+00
 5730   0.54770000E-01
 5731   0.33400000E-01
 5732   0.23750000E-01
 5733   0.18260000E-01
 5734   0.14700000E-01
 5735   0.32197840E+02
 5736   0.10420368E+03
 5737   0.56265330E+02
 5738   0.27462130E+02
 5739   0.14850400E+02
 5740   0.84070800E+01
 5741   0.42405400E+01
 5742   0.17439500E+01
 5743   0.99803000E+00
 5744   0.66883000E+00
 5745   0.46413000E+00
 5746   0.32337000E+00
 5747   0.26208000E+00
 5748   0.41310700E+01
 5749   0.22160140E+02
 5750   0.34142750E+02
 5751   0.23533390E+02
 5752   0.13723770E+02
 5753   0.76904000E+01
 5754   0.35098300E+01
 5755   0.14763000E+01
 5756   0.86443000E+00
 5757   0.58306000E+00
 5758   0.38053000E+00
 5759   0.27403000E+00
 5760   0.25065000E+00
 5761   0.85240000E-01
 5762   0.51300000E-01
 5763   0.35880000E-01
 5764   0.26990000E-01
 5765   0.21220000E-01
 5766   0.17190000E-01
 5767   0.14240000E-01
 5768   0.12010000E-01
 5769   0.10280000E-01
 5770   0.89000000E-02
 5771   0.77800000E-02
 5772   0.68700000E-02
 5773   0.61100000E-02
 5774   0.54700000E-02
 5775   0.49300000E-02
 5776   0.44600000E-02
 5777   0.40600000E-02
 5778   0.37100000E-02
 5779   0.34100000E-02
 5780   0.34400000E-02
 5781   0.20212000E+00
 5782   0.12438400E+01
 5783   0.51904100E+01
 5784   0.12821970E+02
 5785   0.85349350E+02
 5786   0.86191580E+02
 5787   0.40832690E+02
 5788   0.20772780E+02
 5789   0.11308860E+02
 5790   0.56269500E+01
 5791   0.22043300E+01
 5792   0.11459900E+01
 5793   0.73527000E+00
 5794   0.51401000E+00
 5795   0.34886000E+00
 5796   0.26284000E+00
 5797   0.22027000E+00
 5798   0.82610000E-01
 5799   0.52470000E-01
 5800   0.37320000E-01
 5801   0.28190000E-01
 5802   0.22150000E-01
 5803   0.17900000E-01
 5804   0.14790000E-01
 5805   0.12440000E-01
 5806   0.10610000E-01
 5807   0.91600000E-02
 5808   0.79900000E-02
 5809   0.70400000E-02
 5810   0.62500000E-02
 5811   0.55800000E-02
 5812   0.50200000E-02
 5813   0.45400000E-02
 5814   0.41200000E-02
 5815   0.37600000E-02
 5816   0.34500000E-02
 5817   0.31700000E-02
 5818   0.29300000E-02
 5819   0.34000000E-02
 5820   0.47700000E-02
 5821   0.68200000E-02
 5822   0.17000000E-01
 5823   0.46570000E-01
 5824   0.10326000E+01
 5825   0.13511440E+02
 5826   0.53428860E+02
 5827   0.53183710E+02
 5828   0.33840080E+02
 5829   0.19078060E+02
 5830   0.11001210E+02
 5831   0.62266000E+01
 5832   0.28849000E+01
 5833   0.13918000E+01
 5834   0.86710000E+00
 5835   0.65790000E+00
 5836   0.52315000E+00
 5837   0.37269000E+00
 5838   0.27825000E+00
 5839   0.24938000E+00
 5840   0.96710000E-01
 5841   0.60490000E-01
 5842   0.42690000E-01
 5843   0.11605000E+00
 5844   0.53543000E+00
 5845   0.73108000E+00
 5846   0.70959000E+00
 5847   0.63918000E+00
 5848   0.54501000E+00
 5849   0.44915000E+00
 5850   0.36481000E+00
 5851   0.31175000E+00
 5852   0.25252000E+00
 5853   0.13244000E+00
 5854   0.88900000E-01
 5855   0.62040000E-01
 5856   0.45000000E-01
 5857   0.33870000E-01
 5858   0.26340000E-01
 5859   0.21040000E-01
 5860   0.17180000E-01
 5861   0.14300000E-01
 5862   0.12080000E-01
 5863   0.10350000E-01
 5864   0.89700000E-02
 5865   0.78500000E-02
 5866   0.69200000E-02
 5867   0.61600000E-02
 5868   0.55100000E-02
 5869   0.49700000E-02
 5870   0.45000000E-02
 5871   0.41200000E-02
 5872   0.37900000E-02
 5873   0.35200000E-02
 5874   0.32800000E-02
 5875   0.30800000E-02
 5876   0.28900000E-02
 5877   0.27200000E-02
 5878   0.25600000E-02
 5879   0.24200000E-02
 5880   0.22800000E-02
 5881   0.21600000E-02
 5882   0.20400000E-02
 5883   0.19300000E-02
 5884   0.18300000E-02
 5885   0.41174000E+00
 5886   0.11106700E+01
 5887   0.79322000E+00
 5888   0.61020000E+00
 5889   0.60458000E+00
 5890   0.12265000E+01
 5891   0.14591300E+01
 5892   0.14270700E+01
 5893   0.12219300E+01
 5894   0.14186000E+01
 5895   0.23583900E+01
 5896   0.48277700E+01
 5897   0.15224530E+02
 5898   0.26531720E+02
 5899   0.20877950E+02
 5900   0.13452150E+02
 5901   0.81880100E+01
 5902   0.41160100E+01
 5903   0.17599900E+01
 5904   0.10473000E+01
 5905   0.71088000E+00
 5906   0.51059000E+00
 5907   0.35267000E+00
 5908   0.30317000E+00
 5909   0.92071000E+00
 5910   0.14100000E+01
 5911   0.26191800E+01
 5912   0.55824600E+01
 5913   0.12431980E+02
 5914   0.21736950E+02
 5915   0.32608090E+02
 5916   0.36587110E+02
 5917   0.26126510E+02
 5918   0.16862640E+02
 5919   0.10987860E+02
 5920   0.74071000E+01
 5921   0.55021000E+01
 5922   0.68818600E+01
 5923   0.12486680E+02
 5924   0.17996840E+02
 5925   0.13515560E+02
 5926   0.86997700E+01
 5927   0.47041900E+01
 5928   0.19665700E+01
 5929   0.10971600E+01
 5930   0.84293000E+00
 5931   0.13228100E+01
 5932   0.18250200E+01
 5933   0.15805300E+01
 5934   0.67646700E+01
 5935   0.28696960E+02
 5936   0.34139970E+02
 5937   0.20834540E+02
 5938   0.12288520E+02
 5939   0.71955800E+01
 5940   0.37178800E+01
 5941   0.41531300E+01
 5942   0.19151210E+02
 5943   0.39221970E+02
 5944   0.27078870E+02
 5945   0.21970370E+02
 5946   0.40054900E+02
 5947   0.61147930E+02
 5948   0.35235310E+02
 5949   0.19498670E+02
 5950   0.11556810E+02
 5951   0.81921700E+01
 5952   0.73260000E+01
 5953   0.93545600E+01
 5954   0.10407320E+02
 5955   0.12813190E+02
 5956   0.18489840E+02
 5957   0.26134410E+02
 5958   0.17243700E+02
 5959   0.10249710E+02
 5960   0.54128800E+01
 5961   0.21972700E+01
 5962   0.17201700E+01
 5963   0.27245800E+01
 5964   0.49492400E+01
 5965   0.86198900E+01
 5966   0.92827700E+01
 5967   0.75562900E+01
 5968   0.59641300E+01
 5969   0.49854200E+01
 5970   0.44228600E+01
 5971   0.45507900E+01
 5972   0.48691300E+01
 5973   0.50226600E+01
 5974   0.48679600E+01
 5975   0.68185200E+01
 5976   0.60825780E+02
 5977   0.12478838E+03
 5978   0.75491690E+02
 5979   0.75475720E+02
 5980   0.13105290E+03
 5981   0.14421031E+03
 5982   0.11667428E+03
 5983   0.57622460E+02
 5984   0.28150010E+02
 5985   0.24035530E+02
 5986   0.76096240E+02
 5987   0.10337292E+03
 5988   0.10370530E+03
 5989   0.67787880E+02
 5990   0.37243770E+02
 5991   0.26980440E+02
 5992   0.37035410E+02
 5993   0.78832360E+02
 5994   0.59020340E+02
 5995   0.43940320E+02
 5996   0.34231650E+02
 5997   0.28737800E+02
 5998   0.24615550E+02
 5999   0.28845030E+02
 6000   0.59893370E+02
 6001   0.46783810E+02
 6002   0.26090750E+02
 6003   0.14794720E+02
 6004   0.10474870E+02
 6005   0.12129720E+02
 6006   0.30581680E+02
 6007   0.29100310E+02
 6008   0.23456300E+02
 6009   0.17141200E+02
 6010   0.11308330E+02
 6011   0.67933200E+01
 6012   0.37854300E+01
 6013   0.30026300E+01
 6014   0.22069700E+01
 6015   0.12600100E+01
 6016   0.20204500E+01
 6017   0.31639100E+01
 6018   0.29139400E+01
 6019   0.12836300E+01
 6020   0.73693000E+00
 6021   0.52267100E+01
 6022   0.28962314E+03
 6023   0.18944044E+03
 6024   0.16815897E+03
 6025   0.75079900E+02
 6026   0.49027360E+02
 6027   0.17295105E+03
 6028   0.34539969E+03
 6029   0.18232816E+03
 6030   0.80021800E+02
 6031   0.61865340E+02
 6032   0.13555264E+03
 6033   0.13071941E+03
 6034   0.77942630E+02
 6035   0.51447490E+02
 6036   0.46155660E+02
 6037   0.31265190E+02
 6038   0.19477300E+02
 6039   0.13107540E+02
 6040   0.98324400E+01
 6041   0.78224300E+01
 6042   0.60996900E+01
 6043   0.39727400E+01
 6044   0.16776500E+01
 6045   0.96140000E+00
 6046   0.14594500E+01
 6047   0.44210500E+01
 6048   0.14715910E+02
 6049   0.56951560E+02
 6050   0.91471470E+02
 6051   0.81449840E+02
 6052   0.79297190E+02
 6053   0.13352061E+03
 6054   0.12059861E+03
 6055   0.67713450E+02
 6056   0.44703820E+02
 6057   0.55534210E+02
 6058   0.83241490E+02
 6059   0.94187110E+02
 6060   0.89950730E+02
 6061   0.83065190E+02
 6062   0.78212260E+02
 6063   0.62465730E+02
 6064   0.79167740E+02
 6065   0.11224468E+03
 6066   0.81922790E+02
 6067   0.51299450E+02
 6068   0.42529290E+02
 6069   0.34056330E+02
 6070   0.22434320E+02
 6071   0.14392190E+02
 6072   0.92365400E+01
 6073   0.57020000E+01
 6074   0.46290500E+01
 6075   0.42021400E+01
 6076   0.29559500E+01
 6077   0.22899600E+01
 6078   0.25510200E+01
 6079   0.35525500E+01
 6080   0.12646638E+03
 6081   0.12052808E+03
 6082   0.48604120E+02
 6083   0.31395420E+02
 6084   0.89275750E+02
 6085   0.30806353E+03
 6086   0.24404127E+03
 6087   0.22739345E+03
 6088   0.48571429E+03
 6089   0.19340036E+03
 6090   0.10179743E+03
 6091   0.71415780E+02
 6092   0.42120940E+02
 6093   0.22966740E+02
 6094   0.16164220E+02
 6095   0.12442980E+02
 6096   0.11007710E+02
 6097   0.10774290E+02
 6098   0.96957100E+01
 6099   0.67453300E+01
 6100   0.40006900E+01
 6101   0.35408700E+01
 6102   0.40656700E+01
 6103   0.44529600E+01
 6104   0.50558600E+01
 6105   0.74682900E+01
 6106   0.91730600E+01
 6107   0.73114800E+01
 6108   0.45544900E+01
 6109   0.19583600E+01
 6110   0.10694700E+01
 6111   0.70799000E+00
 6112   0.50124000E+00
 6113   0.34241000E+00
 6114   0.28224000E+00
 6115   0.19064000E+00
 6116   0.84020000E-01
 6117   0.54560000E-01
 6118   0.40500000E-01
 6119   0.15172000E+00
 6120   0.10408000E+00
 6121   0.28178000E+00
 6122   0.31879000E+00
 6123   0.62426000E+00
 6124   0.83837000E+00
 6125   0.60309000E+00
 6126   0.75397000E+00
 6127   0.57754000E+00
 6128   0.55786000E+00
 6129   0.44504000E+00
 6130   0.22841900E+01
 6131   0.30822410E+02
 6132   0.36933500E+02
 6133   0.23114280E+02
 6134   0.13574210E+02
 6135   0.75510800E+01
 6136   0.33753500E+01
 6137   0.14232200E+01
 6138   0.83530000E+00
 6139   0.57917000E+00
 6140   0.38942000E+00
 6141   0.28530000E+00
 6142   0.26118000E+00
 6143   0.96840000E-01
 6144   0.17248300E+01
 6145   0.62132500E+01
 6146   0.15388450E+02
 6147   0.13060820E+02
 6148   0.81832200E+01
 6149   0.33388050E+02
 6150   0.82368990E+02
 6151   0.58098660E+02
 6152   0.31033410E+02
 6153   0.16776160E+02
 6154   0.94874900E+01
 6155   0.47364800E+01
 6156   0.37562400E+01
 6157   0.41003000E+01
 6158   0.28269600E+01
 6159   0.12092300E+01
 6160   0.72797000E+00
 6161   0.45971000E+00
 6162   0.30475000E+00
 6163   0.26799000E+00
 6164   0.96830000E-01
 6165   0.50010000E-01
 6166   0.33280000E-01
 6167   0.24630000E-01
 6168   0.19310000E-01
 6169   0.15690000E-01
 6170   0.13060000E-01
 6171   0.11080000E-01
 6172   0.95400000E-02
 6173   0.83100000E-02
 6174   0.73100000E-02
 6175   0.64800000E-02
 6176   0.57900000E-02
 6177   0.52100000E-02
 6178   0.47100000E-02
 6179   0.42800000E-02
 6180   0.39100000E-02
 6181   0.35800000E-02
 6182   0.32900000E-02
 6183   0.30400000E-02
 6184   0.28200000E-02
 6185   0.26200000E-02
 6186   0.24400000E-02
 6187   0.22800000E-02
 6188   0.21400000E-02
 6189   0.20200000E-02
 6190   0.19500000E-02
 6191   0.19200000E-02
 6192   0.19200000E-02
 6193   0.19500000E-02
 6194   0.19800000E-02
 6195   0.20100000E-02
 6196   0.20300000E-02
 6197   0.20400000E-02
 6198   0.20300000E-02
 6199   0.97155000E+00
 6200   0.92750300E+01
 6201   0.25224940E+02
 6202   0.22472400E+02
 6203   0.14072850E+02
 6204   0.83272400E+01
 6205   0.41669000E+01
 6206   0.17389000E+01
 6207   0.99530000E+00
 6208   0.65842000E+00
 6209   0.46190000E+00
 6210   0.15845500E+01
 6211   0.27692000E+01
 6212   0.33177800E+01
 6213   0.28731000E+01
 6214   0.15291500E+01
 6215   0.97523000E+00
 6216   0.70251000E+00
 6217   0.52539000E+00
 6218   0.39519000E+00
 6219   0.29259000E+00
 6220   0.26440000E+00
 6221   0.10844000E+00
 6222   0.64100000E-01
 6223   0.44100000E-01
 6224   0.32610000E-01
 6225   0.25220000E-01
 6226   0.20140000E-01
 6227   0.16470000E-01
 6228   0.13740000E-01
 6229   0.11640000E-01
 6230   0.99900000E-02
 6231   0.86800000E-02
 6232   0.76100000E-02
 6233   0.67200000E-02
 6234   0.59900000E-02
 6235   0.53900000E-02
 6236   0.32106100E+01
 6237   0.14097100E+02
 6238   0.17583080E+02
 6239   0.13948330E+02
 6240   0.10982120E+02
 6241   0.84402000E+01
 6242   0.68667200E+01
 6243   0.56196100E+01
 6244   0.37668200E+01
 6245   0.17128600E+01
 6246   0.10161800E+01
 6247   0.70483000E+00
 6248   0.51855000E+00
 6249   0.36010000E+00
 6250   0.26665000E+00
 6251   0.24565000E+00
 6252   0.83900000E-01
 6253   0.51390000E-01
 6254   0.36160000E-01
 6255   0.27250000E-01
 6256   0.21420000E-01
 6257   0.36915000E+00
 6258   0.16319800E+01
 6259   0.41593800E+01
 6260   0.83539000E+01
 6261   0.12668010E+02
 6262   0.12636050E+02
 6263   0.93506500E+01
 6264   0.61243800E+01
 6265   0.37198400E+01
 6266   0.20171400E+01
 6267   0.12778800E+01
 6268   0.88093000E+00
 6269   0.64685000E+00
 6270   0.49277000E+00
 6271   0.36915000E+00
 6272   0.19423700E+01
 6273   0.17811320E+02
 6274   0.49277070E+02
 6275   0.32315010E+02
 6276   0.19429000E+02
 6277   0.12701560E+02
 6278   0.84713400E+01
 6279   0.58227700E+01
 6280   0.50290500E+01
 6281   0.53739000E+01
 6282   0.55713400E+01
 6283   0.53316000E+01
 6284   0.41380000E+01
 6285   0.19676000E+01
 6286   0.11267600E+01
 6287   0.76101000E+00
 6288   0.55634000E+00
 6289   0.40278000E+00
 6290   0.29313000E+00
 6291   0.26722000E+00
 6292   0.10853000E+00
 6293   0.72240000E-01
 6294   0.58720000E-01
 6295   0.55730000E-01
 6296   0.16024000E+00
 6297   0.95454000E+00
 6298   0.14584200E+01
 6299   0.14477200E+01
 6300   0.10831900E+01
 6301   0.80614000E+00
 6302   0.64709000E+00
 6303   0.92236000E+00
 6304   0.86978000E+00
 6305   0.74460000E+00
 6306   0.25956500E+01
 6307   0.86452500E+01
 6308   0.26267080E+02
 6309   0.20481140E+02
 6310   0.17010470E+02
 6311   0.29302690E+02
 6312   0.59890560E+02
 6313   0.41197420E+02
 6314   0.23005440E+02
 6315   0.13870870E+02
 6316   0.99038000E+01
 6317   0.87288300E+01
 6318   0.99777000E+01
 6319   0.11022770E+02
 6320   0.93273700E+01
 6321   0.64154700E+01
 6322   0.37547300E+01
 6323   0.39011300E+01
 6324   0.72706100E+01
 6325   0.18435980E+02
 6326   0.23851480E+02
 6327   0.20112160E+02
 6328   0.15203980E+02
 6329   0.10264440E+02
 6330   0.69155500E+01
 6331   0.43819200E+01
 6332   0.30519400E+01
 6333   0.22074000E+01
 6334   0.15206600E+01
 6335   0.44846600E+01
 6336   0.16459020E+02
 6337   0.26660440E+02
 6338   0.40822370E+02
 6339   0.29052950E+02
 6340   0.17931040E+02
 6341   0.11565190E+02
 6342   0.81910000E+01
 6343   0.62781100E+01
 6344   0.72121300E+01
 6345   0.21611510E+02
 6346   0.82045790E+02
 6347   0.71156530E+02
 6348   0.43671790E+02
 6349   0.28392690E+02
 6350   0.23979100E+02
 6351   0.21869010E+02
 6352   0.16350280E+02
 6353   0.12686440E+02
 6354   0.13269220E+02
 6355   0.28665310E+02
 6356   0.49167110E+02
 6357   0.11519266E+03
 6358   0.17301840E+03
 6359   0.19799304E+03
 6360   0.23503956E+03
 6361   0.36278736E+03
 6362   0.17668034E+03
 6363   0.10336795E+03
 6364   0.93544520E+02
 6365   0.79095730E+02
 6366   0.72961870E+02
 6367   0.15022526E+03
 6368   0.18077491E+03
 6369   0.25435468E+03
 6370   0.17225017E+03
 6371   0.12032405E+03
 6372   0.13255533E+03
 6373   0.31105907E+03
 6374   0.20436711E+03
 6375   0.11302030E+03
 6376   0.50370230E+02
 6377   0.12297165E+03
 6378   0.28380692E+03
 6379   0.17367262E+03
 6380   0.12444386E+03
 6381   0.73868000E+02
 6382   0.42656420E+02
 6383   0.40364660E+02
 6384   0.10862380E+03
 6385   0.88880540E+02
 6386   0.59740880E+02
 6387   0.44418500E+02
 6388   0.38854710E+02
 6389   0.36126330E+02
 6390   0.36888340E+02
 6391   0.70373700E+02
 6392   0.96863350E+02
 6393   0.72259640E+02
 6394   0.45825940E+02
 6395   0.27013180E+02
 6396   0.18141980E+02
 6397   0.21186800E+02
 6398   0.47913610E+02
 6399   0.62732910E+02
 6400   0.72101840E+02
 6401   0.62440410E+02
 6402   0.52408290E+02
 6403   0.51846770E+02
 6404   0.40399370E+02
 6405   0.28709120E+02
 6406   0.23075650E+02
 6407   0.17728850E+02
 6408   0.11901380E+02
 6409   0.76512600E+01
 6410   0.54056100E+01
 6411   0.49082500E+01
 6412   0.43897000E+01
 6413   0.34054600E+01
 6414   0.44904500E+01
 6415   0.10523780E+02
 6416   0.13813300E+02
 6417   0.11107150E+02
 6418   0.85968200E+01
 6419   0.10614540E+02
 6420   0.12652770E+02
 6421   0.13626510E+02
 6422   0.17119910E+02
 6423   0.35929760E+02
 6424   0.43219900E+02
 6425   0.25852910E+02
 6426   0.26641810E+02
 6427   0.15421971E+03
 6428   0.12314820E+03
 6429   0.85849100E+02
 6430   0.70849040E+02
 6431   0.43653750E+02
 6432   0.23168720E+02
 6433   0.13372390E+02
 6434   0.75362900E+01
 6435   0.51371400E+01
 6436   0.72189800E+01
 6437   0.14041490E+02
 6438   0.34171960E+02
 6439   0.69619420E+02
 6440   0.11058259E+03
 6441   0.86183390E+02
 6442   0.43075880E+02
 6443   0.23314340E+02
 6444   0.14550690E+02
 6445   0.10727830E+02
 6446   0.98098300E+01
 6447   0.82040800E+01
 6448   0.64018200E+01
 6449   0.10761890E+02
 6450   0.45280700E+02
 6451   0.11025032E+03
 6452   0.10210989E+03
 6453   0.97428830E+02
 6454   0.66906480E+02
 6455   0.49496280E+02
 6456   0.39579990E+02
 6457   0.24931910E+02
 6458   0.14616970E+02
 6459   0.85585200E+01
 6460   0.62063500E+01
 6461   0.64938700E+01
 6462   0.57246200E+01
 6463   0.41472700E+01
 6464   0.29730400E+01
 6465   0.35386000E+01
 6466   0.47406100E+01
 6467   0.57146900E+01
 6468   0.59547900E+01
 6469   0.44743000E+01
 6470   0.22328500E+01
 6471   0.25305900E+01
 6472   0.47585100E+01
 6473   0.81742100E+01
 6474   0.75544900E+01
 6475   0.48032200E+01
 6476   0.19654600E+01
 6477   0.21702900E+01
 6478   0.16849815E+03
 6479   0.46862282E+03
 6480   0.20007084E+03
 6481   0.96122090E+02
 6482   0.66941530E+02
 6483   0.64005430E+02
 6484   0.48437310E+02
 6485   0.27285760E+02
 6486   0.15547630E+02
 6487   0.91164400E+01
 6488   0.49388500E+01
 6489   0.24498400E+01
 6490   0.12570800E+01
 6491   0.79488000E+00
 6492   0.55587000E+00
 6493   0.37236000E+00
 6494   0.27247000E+00
 6495   0.24184000E+00
 6496   0.87770000E-01
 6497   0.55270000E-01
 6498   0.39140000E-01
 6499   0.29480000E-01
 6500   0.23100000E-01
 6501   0.18630000E-01
 6502   0.15360000E-01
 6503   0.12890000E-01
 6504   0.60474000E+00
 6505   0.19513300E+01
 6506   0.19047100E+01
 6507   0.94217000E+00
 6508   0.61127000E+00
 6509   0.37633000E+00
 6510   0.25708000E+00
 6511   0.20476000E+00
 6512   0.65500000E-01
 6513   0.10427200E+01
 6514   0.25619800E+01
 6515   0.36932100E+01
 6516   0.34687500E+01
 6517   0.18918100E+01
 6518   0.10832900E+01
 6519   0.73729000E+00
 6520   0.53724000E+00
 6521   0.39400000E+00
 6522   0.30380000E+00
 6523   0.28221000E+00
 6524   0.14873000E+00
 6525   0.85290000E-01
 6526   0.53963000E+00
 6527   0.35096500E+01
 6528   0.70544600E+01
 6529   0.61938300E+01
 6530   0.37218600E+01
 6531   0.14535400E+01
 6532   0.80399000E+00
 6533   0.53116000E+00
 6534   0.35376000E+00
 6535   0.25848000E+00
 6536   0.19603000E+00
 6537   0.74250000E-01
 6538   0.47230000E-01
 6539   0.33940000E-01
 6540   0.25960000E-01
 6541   0.20650000E-01
 6542   0.16870000E-01
 6543   0.14140000E-01
 6544   0.14030000E-01
 6545   0.30440000E+00
 6546   0.26179000E+00
 6547   0.24697000E+00
 6548   0.22350000E+00
 6549   0.18543000E+00
 6550   0.14906000E+00
 6551   0.12006000E+00
 6552   0.89250000E-01
 6553   0.69770000E-01
 6554   0.71230000E-01
 6555   0.65990000E-01
 6556   0.55020000E-01
 6557   0.44110000E-01
 6558   0.35190000E-01
 6559   0.28320000E-01
 6560   0.23110000E-01
 6561   0.19130000E-01
 6562   0.16050000E-01
 6563   0.13640000E-01
 6564   0.11720000E-01
 6565   0.10170000E-01
 6566   0.89100000E-02
 6567   0.79400000E-02
 6568   0.78900000E-02
 6569   0.87800000E-02
 6570   0.14253000E+00
 6571   0.15001000E+00
 6572   0.22831000E+00
 6573   0.37254000E+00
 6574   0.49789000E+00
 6575   0.51364000E+00
 6576   0.45482000E+00
 6577   0.42327000E+00
 6578   0.49049000E+00
 6579   0.42386000E+00
 6580   0.35193000E+00
 6581   0.30524000E+00
 6582   0.25542000E+00
 6583   0.15540000E+00
 6584   0.11537000E+00
 6585   0.82890000E-01
 6586   0.70910000E-01
 6587   0.17738000E+00
 6588   0.28499000E+00
 6589   0.30065000E+00
 6590   0.30046000E+00
 6591   0.28835000E+00
 6592   0.26732000E+00
 6593   0.23369000E+00
 6594   0.17619000E+00
 6595   0.14029000E+00
 6596   0.10923000E+00
 6597   0.79070000E-01
 6598   0.56790000E-01
 6599   0.41850000E-01
 6600   0.31840000E-01
 6601   0.24940000E-01
 6602   0.20030000E-01
 6603   0.16430000E-01
 6604   0.13720000E-01
 6605   0.11630000E-01
 6606   0.99900000E-02
 6607   0.86700000E-02
 6608   0.76000000E-02
 6609   0.67200000E-02
 6610   0.59800000E-02
 6611   0.53600000E-02
 6612   0.48300000E-02
 6613   0.43800000E-02
 6614   0.39900000E-02
 6615   0.36500000E-02
 6616   0.33500000E-02
 6617   0.30900000E-02
 6618   0.28500000E-02
 6619   0.26500000E-02
 6620   0.24900000E-02
 6621   0.24500000E-02
 6622   0.25700000E-02
 6623   0.28900000E-02
 6624   0.33100000E-02
 6625   0.37300000E-02
 6626   0.40600000E-02
 6627   0.42700000E-02
 6628   0.43400000E-02
 6629   0.43200000E-02
 6630   0.42300000E-02
 6631   0.41300000E-02
 6632   0.41400000E-02
 6633   0.23430000E-01
 6634   0.20972100E+01
 6635   0.59761100E+01
 6636   0.12569750E+02
 6637   0.12914770E+02
 6638   0.91842000E+01
 6639   0.52159700E+01
 6640   0.22589900E+01
 6641   0.12232800E+01
 6642   0.79630000E+00
 6643   0.57007000E+00
 6644   0.40255000E+00
 6645   0.30585000E+00
 6646   0.45896000E+00
 6647   0.46143000E+00
 6648   0.39910000E+00
 6649   0.34528000E+00
 6650   0.28339000E+00
 6651   0.26982000E+00
 6652   0.20273000E+00
 6653   0.18109200E+01
 6654   0.39379400E+01
 6655   0.54399100E+01
 6656   0.54410900E+01
 6657   0.43221300E+01
 6658   0.25823000E+01
 6659   0.15441020E+02
 6660   0.16956701E+03
 6661   0.16062762E+03
 6662   0.99630190E+02
 6663   0.46497530E+02
 6664   0.23248240E+02
 6665   0.12958980E+02
 6666   0.75736600E+01
 6667   0.38349600E+01
 6668   0.16617000E+01
 6669   0.98917000E+00
 6670   0.66523000E+00
 6671   0.45879000E+00
 6672   0.32270000E+00
 6673   0.52822000E+00
 6674   0.56325000E+00
 6675   0.48124000E+00
 6676   0.41391000E+00
 6677   0.36776000E+00
 6678   0.33485000E+00
 6679   0.35265000E+00
 6680   0.11171800E+01
 6681   0.20455300E+01
 6682   0.55016600E+01
 6683   0.17935930E+02
 6684   0.18336550E+02
 6685   0.20098440E+02
 6686   0.54055110E+02
 6687   0.66859710E+02
 6688   0.45406940E+02
 6689   0.29922310E+02
 6690   0.17079430E+02
 6691   0.10188290E+02
 6692   0.56075700E+01
 6693   0.24954100E+01
 6694   0.13534600E+01
 6695   0.12320800E+01
 6696   0.28362900E+01
 6697   0.12599680E+02
 6698   0.80542320E+02
 6699   0.95372990E+02
 6700   0.94857360E+02
 6701   0.78718780E+02
 6702   0.43648620E+02
 6703   0.27197660E+02
 6704   0.20684730E+02
 6705   0.25304720E+02
 6706   0.18205200E+02
 6707   0.13222830E+02
 6708   0.11886980E+02
 6709   0.24517700E+02
 6710   0.72914870E+02
 6711   0.78169010E+02
 6712   0.49841830E+02
 6713   0.37754160E+02
 6714   0.43038680E+02
 6715   0.44196250E+02
 6716   0.30841550E+02
 6717   0.22614910E+02
 6718   0.20431020E+02
 6719   0.22727310E+02
 6720   0.23548810E+02
 6721   0.36354230E+02
 6722   0.52241190E+02
 6723   0.33463330E+02
 6724   0.18351380E+02
 6725   0.10379660E+02
 6726   0.65640200E+01
 6727   0.54513700E+01
 6728   0.61900700E+01
 6729   0.74782000E+01
 6730   0.80079400E+01
 6731   0.10449870E+02
 6732   0.40083670E+02
 6733   0.83996980E+02
 6734   0.10905542E+03
 6735   0.13653618E+03
 6736   0.15558171E+03
 6737   0.11022258E+03
 6738   0.50588950E+02
 6739   0.24015410E+02
 6740   0.12913160E+02
 6741   0.53313460E+02
 6742   0.14241248E+03
 6743   0.13539264E+03
 6744   0.10050597E+03
 6745   0.69208650E+02
 6746   0.58090730E+02
 6747   0.65876080E+02
 6748   0.77569950E+02
 6749   0.88753120E+02
 6750   0.10936055E+03
 6751   0.16366571E+03
 6752   0.25315908E+03
 6753   0.35755100E+03
 6754   0.14729312E+03
 6755   0.66808170E+02
 6756   0.49794360E+02
 6757   0.40280260E+02
 6758   0.42436600E+02
 6759   0.29392510E+02
 6760   0.31448480E+02
 6761   0.26479197E+03
 6762   0.35746805E+03
 6763   0.28801674E+03
 6764   0.14621093E+03
 6765   0.10796986E+03
 6766   0.88193990E+02
 6767   0.70952880E+02
 6768   0.49193690E+02
 6769   0.35884590E+02
 6770   0.33122120E+02
 6771   0.32714140E+02
 6772   0.29873240E+02
 6773   0.50683570E+02
 6774   0.11808934E+03
 6775   0.81015920E+02
 6776   0.44066470E+02
 6777   0.27421290E+02
 6778   0.17661930E+02
 6779   0.23306690E+02
 6780   0.23031650E+02
 6781   0.15071930E+02
 6782   0.11001260E+02
 6783   0.21624880E+02
 6784   0.14044095E+03
 6785   0.33310713E+03
 6786   0.49919073E+03
 6787   0.32321156E+03
 6788   0.12584783E+03
 6789   0.23154062E+03
 6790   0.14799363E+03
 6791   0.11107545E+03
 6792   0.77882290E+02
 6793   0.52871700E+02
 6794   0.41323060E+02
 6795   0.39381680E+02
 6796   0.44301780E+02
 6797   0.44994920E+02
 6798   0.43587300E+02
 6799   0.50866840E+02
 6800   0.54815660E+02
 6801   0.40543360E+02
 6802   0.32778330E+02
 6803   0.25353340E+02
 6804   0.16233320E+02
 6805   0.16126700E+02
 6806   0.73875790E+02
 6807   0.85694750E+02
 6808   0.44834440E+02
 6809   0.36445540E+02
 6810   0.12032461E+03
 6811   0.74494270E+02
 6812   0.38715420E+02
 6813   0.30529580E+02
 6814   0.67759970E+02
 6815   0.76781690E+02
 6816   0.57465680E+02
 6817   0.40850420E+02
 6818   0.22651970E+02
 6819   0.13574000E+02
 6820   0.11589100E+02
 6821   0.20446660E+02
 6822   0.21006410E+02
 6823   0.13071500E+02
 6824   0.76350510E+02
 6825   0.62956190E+03
 6826   0.42466987E+03
 6827   0.23653733E+03
 6828   0.19830139E+03
 6829   0.16093906E+03
 6830   0.12115998E+03
 6831   0.10531463E+03
 6832   0.58606670E+02
 6833   0.29438960E+02
 6834   0.15759550E+02
 6835   0.86985100E+01
 6836   0.43012700E+01
 6837   0.17950800E+01
 6838   0.10438500E+01
 6839   0.85746000E+00
 6840   0.63383000E+00
 6841   0.45845000E+00
 6842   0.32158000E+00
 6843   0.28870000E+00
 6844   0.14260000E+00
 6845   0.73900000E-01
 6846   0.49220000E-01
 6847   0.35880000E-01
 6848   0.27530000E-01
 6849   0.21870000E-01
 6850   0.17830000E-01
 6851   0.14830000E-01
 6852   0.12540000E-01
 6853   0.10740000E-01
 6854   0.93100000E-02
 6855   0.81500000E-02
 6856   0.72000000E-02
 6857   0.64000000E-02
 6858   0.57300000E-02
 6859   0.51600000E-02
 6860   0.46800000E-02
 6861   0.42500000E-02
 6862   0.38900000E-02
 6863   0.35700000E-02
 6864   0.33200000E-02
 6865   0.30800000E-02
 6866   0.34854000E+00
 6867   0.94721000E+00
 6868   0.44938000E+01
 6869   0.27606350E+02
 6870   0.31257400E+02
 6871   0.19170230E+02
 6872   0.11032250E+02
 6873   0.57139200E+01
 6874   0.22420400E+01
 6875   0.11415900E+01
 6876   0.72110000E+00
 6877   0.50643000E+00
 6878   0.34667000E+00
 6879   0.26352000E+00
 6880   0.22660000E+00
 6881   0.84800000E-01
 6882   0.53900000E-01
 6883   0.38310000E-01
 6884   0.28910000E-01
 6885   0.22690000E-01
 6886   0.18320000E-01
 6887   0.15120000E-01
 6888   0.12700000E-01
 6889   0.10830000E-01
 6890   0.93400000E-02
 6891   0.81500000E-02
 6892   0.71700000E-02
 6893   0.63600000E-02
 6894   0.56800000E-02
 6895   0.51100000E-02
 6896   0.46100000E-02
 6897   0.41900000E-02
 6898   0.38300000E-02
 6899   0.35100000E-02
 6900   0.32200000E-02
 6901   0.29800000E-02
 6902   0.27500000E-02
 6903   0.25600000E-02
 6904   0.23800000E-02
 6905   0.22200000E-02
 6906   0.20800000E-02
 6907   0.19500000E-02
 6908   0.18300000E-02
 6909   0.17300000E-02
 6910   0.16300000E-02
 6911   0.15400000E-02
 6912   0.14600000E-02
 6913   0.13800000E-02
 6914   0.13100000E-02
 6915   0.12400000E-02
 6916   0.11800000E-02
 6917   0.11300000E-02
 6918   0.10800000E-02
 6919   0.10300000E-02
 6920   0.98000000E-03
 6921   0.94000000E-03
 6922   0.90000000E-03
 6923   0.86000000E-03
 6924   0.83000000E-03
 6925   0.80000000E-03
 6926   0.76000000E-03
 6927   0.74000000E-03
 6928   0.71000000E-03
 6929   0.68000000E-03
 6930   0.66000000E-03
 6931   0.63000000E-03
 6932   0.61000000E-03
 6933   0.59000000E-03
 6934   0.57000000E-03
 6935   0.55000000E-03
 6936   0.53000000E-03
 6937   0.52000000E-03
 6938   0.50000000E-03
 6939   0.49000000E-03
 6940   0.47000000E-03
 6941   0.46000000E-03
 6942   0.44000000E-03
 6943   0.43000000E-03
 6944   0.42000000E-03
 6945   0.41000000E-03
 6946   0.39000000E-03
 6947   0.38000000E-03
 6948   0.37000000E-03
 6949   0.36000000E-03
 6950   0.35000000E-03
 6951   0.34000000E-03
 6952   0.74800000E-02
 6953   0.10092000E+00
 6954   0.11236000E+00
 6955   0.10325000E+00
 6956   0.79910000E-01
 6957   0.58750000E-01
 6958   0.43660000E-01
 6959   0.33300000E-01
 6960   0.26100000E-01
 6961   0.20960000E-01
 6962   0.17180000E-01
 6963   0.14330000E-01
 6964   0.12130000E-01
 6965   0.10400000E-01
 6966   0.90100000E-02
 6967   0.78900000E-02
 6968   0.69600000E-02
 6969   0.61900000E-02
 6970   0.63300000E-02
 6971   0.70137000E+00
 6972   0.16717100E+01
 6973   0.15995200E+01
 6974   0.96455000E+00
 6975   0.66860000E+00
 6976   0.50688000E+00
 6977   0.37390000E+00
 6978   0.28767000E+00
 6979   0.26463000E+00
 6980   0.13008000E+00
 6981   0.80960000E-01
 6982   0.55890000E-01
 6983   0.32129000E+00
 6984   0.17772700E+01
 6985   0.40267400E+01
 6986   0.55400400E+01
 6987   0.62349400E+01
 6988   0.64580700E+01
 6989   0.69768700E+01
 6990   0.65819100E+01
 6991   0.51966800E+01
 6992   0.46558500E+01
 6993   0.49798300E+01
 6994   0.55447300E+01
 6995   0.55349000E+01
 6996   0.40203000E+01
 6997   0.17794500E+01
 6998   0.10026900E+01
 6999   0.10890900E+01
 7000   0.85566000E+00
 7001   0.63596000E+00
 7002   0.49955000E+00
 7003   0.41247000E+00
 7004   0.33167000E+00
 7005   0.30570000E+00
 7006   0.34188000E+00
 7007   0.37029000E+00
 7008   0.32210000E+00
 7009   0.25429000E+00
 7010   0.11526000E+00
 7011   0.73720000E-01
 7012   0.41226000E+00
 7013   0.12941900E+01
 7014   0.10526400E+01
 7015   0.75496000E+00
 7016   0.56541000E+00
 7017   0.45340000E+00
 7018   0.39425000E+00
 7019   0.76633000E+00
 7020   0.12950500E+01
 7021   0.15359200E+01
 7022   0.14399000E+01
 7023   0.11803300E+01
 7024   0.14725900E+01
 7025   0.20163300E+01
 7026   0.25599200E+01
 7027   0.25976600E+01
 7028   0.17653500E+01
 7029   0.16067700E+01
 7030   0.13454300E+01
 7031   0.10907600E+01
 7032   0.85347000E+00
 7033   0.12695700E+01
 7034   0.16582600E+01
 7035   0.13375200E+01
 7036   0.13559000E+01
 7037   0.12194500E+01
 7038   0.95145000E+00
 7039   0.13975900E+01
 7040   0.16146600E+01
 7041   0.17406100E+01
 7042   0.14075400E+01
 7043   0.10331400E+01
 7044   0.76936000E+00
 7045   0.59049000E+00
 7046   0.46745000E+00
 7047   0.35890000E+00
 7048   0.30420000E+00
 7049   0.23735000E+00
 7050   0.10077000E+00
 7051   0.26494000E+00
 7052   0.62825000E+00
 7053   0.77437000E+00
 7054   0.73546000E+00
 7055   0.63672000E+00
 7056   0.53814000E+00
 7057   0.44648000E+00
 7058   0.37152000E+00
 7059   0.31327000E+00
 7060   0.24733000E+00
 7061   0.12255000E+00
 7062   0.81680000E-01
 7063   0.12029200E+01
 7064   0.37669200E+01
 7065   0.72194600E+01
 7066   0.84745800E+01
 7067   0.75803500E+01
 7068   0.66253600E+01
 7069   0.53324400E+01
 7070   0.32006900E+01
 7071   0.13281100E+01
 7072   0.81452000E+00
 7073   0.21233100E+01
 7074   0.64138800E+01
 7075   0.15328200E+02
 7076   0.19043510E+02
 7077   0.15050710E+02
 7078   0.16459760E+02
 7079   0.20296040E+02
 7080   0.18375190E+02
 7081   0.17119400E+02
 7082   0.20826090E+02
 7083   0.30255250E+02
 7084   0.26146300E+02
 7085   0.16292790E+02
 7086   0.10125480E+02
 7087   0.56090200E+01
 7088   0.62019500E+01
 7089   0.38018040E+02
 7090   0.58778650E+02
 7091   0.56258140E+02
 7092   0.12341354E+03
 7093   0.13989476E+03
 7094   0.14036430E+03
 7095   0.66449180E+02
 7096   0.31167730E+02
 7097   0.16556200E+02
 7098   0.10421860E+02
 7099   0.73309800E+01
 7100   0.84026900E+01
 7101   0.11170210E+02
 7102   0.12567390E+02
 7103   0.21418940E+02
 7104   0.53278690E+02
 7105   0.61540210E+02
 7106   0.35800710E+02
 7107   0.18973050E+02
 7108   0.10594270E+02
 7109   0.78615300E+01
 7110   0.48389010E+02
 7111   0.15969507E+03
 7112   0.35526328E+03
 7113   0.60107377E+03
 7114   0.25546789E+03
 7115   0.16937531E+03
 7116   0.11204460E+03
 7117   0.18771931E+03
 7118   0.15732891E+03
 7119   0.10461096E+03
 7120   0.10572735E+03
 7121   0.11165257E+03
 7122   0.74235960E+02
 7123   0.54152770E+02
 7124   0.48363370E+02
 7125   0.49756860E+02
 7126   0.93291050E+02
 7127   0.25451111E+03
 7128   0.20888792E+03
 7129   0.18141805E+03
 7130   0.85898320E+02
 7131   0.10085098E+03
 7132   0.21425083E+03
 7133   0.16581623E+03
 7134   0.22773030E+03
 7135   0.14338112E+03
 7136   0.10751766E+03
 7137   0.33650640E+03
 7138   0.68752770E+03
 7139   0.23028848E+03
 7140   0.78628240E+02
 7141   0.39967620E+02
 7142   0.24522360E+02
 7143   0.21643180E+02
 7144   0.71247090E+02
 7145   0.17197489E+03
 7146   0.18113729E+03
 7147   0.82236550E+02
 7148   0.67988280E+02
 7149   0.70140139E+03
 7150   0.54151391E+03
 7151   0.32137284E+03
 7152   0.16270207E+03
 7153   0.98345590E+02
 7154   0.22070995E+03
 7155   0.14981978E+03
 7156   0.13417798E+03
 7157   0.58511850E+02
 7158   0.38584400E+02
 7159   0.26011400E+02
 7160   0.18556360E+02
 7161   0.30264660E+02
 7162   0.94853450E+02
 7163   0.72476210E+02
 7164   0.87790150E+02
 7165   0.19428531E+03
 7166   0.21869751E+03
 7167   0.14269846E+03
 7168   0.70303760E+02
 7169   0.32727660E+02
 7170   0.17895580E+02
 7171   0.10855820E+02
 7172   0.63403000E+01
 7173   0.31516500E+01
 7174   0.15041600E+01
 7175   0.12336100E+01
 7176   0.85286000E+00
 7177   0.59112000E+00
 7178   0.28000600E+01
 7179   0.71617200E+02
 7180   0.12778805E+03
 7181   0.73092050E+02
 7182   0.46428770E+02
 7183   0.39096970E+02
 7184   0.29309490E+02
 7185   0.20660610E+02
 7186   0.16754740E+02
 7187   0.13315310E+02
 7188   0.11215360E+02
 7189   0.88234800E+01
 7190   0.59881200E+01
 7191   0.38302300E+01
 7192   0.10215980E+02
 7193   0.17895820E+02
 7194   0.12566810E+02
 7195   0.66572300E+01
 7196   0.28394300E+01
 7197   0.11946900E+01
 7198   0.13537100E+01
 7199   0.25217200E+01
 7200   0.67718900E+01
 7201   0.10249590E+02
 7202   0.82120000E+01
 7203   0.45149600E+01
 7204   0.17367700E+01
 7205   0.89719000E+00
 7206   0.53203000E+00
 7207   0.32732000E+00
 7208   0.22550000E+00
 7209   0.10315000E+00
 7210   0.41780000E-01
 7211   0.24510000E-01
 7212   0.16740000E-01
 7213   0.12450000E-01
 7214   0.97600000E-02
 7215   0.79300000E-02
 7216   0.66200000E-02
 7217   0.56300000E-02
 7218   0.79300000E-02
 7219   0.91860000E-01
 7220   0.51790000E-01
 7221   0.31730000E-01
 7222   0.21010000E-01
 7223   0.14850000E-01
 7224   0.11130000E-01
 7225   0.90300000E-02
 7226   0.82700000E-02
 7227   0.84500000E-02
 7228   0.88900000E-02
 7229   0.91100000E-02
 7230   0.89800000E-02
 7231   0.85900000E-02
 7232   0.80700000E-02
 7233   0.74900000E-02
 7234   0.69000000E-02
 7235   0.63400000E-02
 7236   0.58200000E-02
 7237   0.53400000E-02
 7238   0.49000000E-02
 7239   0.45000000E-02
 7240   0.41500000E-02
 7241   0.38300000E-02
 7242   0.35400000E-02
 7243   0.32800000E-02
 7244   0.49255000E+00
 7245   0.50865200E+01
 7246   0.11031960E+02
 7247   0.10590830E+02
 7248   0.75501100E+01
 7249   0.41548200E+01
 7250   0.16814200E+01
 7251   0.10409300E+01
 7252   0.73239000E+00
 7253   0.68310000E+00
 7254   0.58869000E+00
 7255   0.40153000E+00
 7256   0.27506000E+00
 7257   0.24268000E+00
 7258   0.75200000E-01
 7259   0.45200000E-01
 7260   0.31670000E-01
 7261   0.23940000E-01
 7262   0.18940000E-01
 7263   0.15450000E-01
 7264   0.12890000E-01
 7265   0.10940000E-01
 7266   0.94200000E-02
 7267   0.82000000E-02
 7268   0.72100000E-02
 7269   0.63900000E-02
 7270   0.57000000E-02
 7271   0.51300000E-02
 7272   0.46300000E-02
 7273   0.42100000E-02
 7274   0.38400000E-02
 7275   0.35200000E-02
 7276   0.32400000E-02
 7277   0.29900000E-02
 7278   0.27600000E-02
 7279   0.25700000E-02
 7280   0.23900000E-02
 7281   0.22300000E-02
 7282   0.20900000E-02
 7283   0.13695000E+00
 7284   0.16780200E+01
 7285   0.34457400E+01
 7286   0.32650000E+01
 7287   0.14760900E+01
 7288   0.83904000E+00
 7289   0.56269000E+00
 7290   0.36932000E+00
 7291   0.27234000E+00
 7292   0.25209000E+00
 7293   0.85170000E-01
 7294   0.50980000E-01
 7295   0.54160000E-01
 7296   0.33671000E+00
 7297   0.49313000E+00
 7298   0.71302400E+01
 7299   0.26228480E+02
 7300   0.28779430E+02
 7301   0.17977810E+02
 7302   0.10738510E+02
 7303   0.58775100E+01
 7304   0.24422500E+01
 7305   0.12351600E+01
 7306   0.77438000E+00
 7307   0.55183000E+00
 7308   0.37959000E+00
 7309   0.28607000E+00
 7310   0.27074000E+00
 7311   0.10613000E+00
 7312   0.59650000E-01
 7313   0.27789000E+00
 7314   0.16660700E+01
 7315   0.29902200E+01
 7316   0.36746600E+01
 7317   0.39201000E+01
 7318   0.98904400E+01
 7319   0.35826950E+02
 7320   0.40682210E+02
 7321   0.24445880E+02
 7322   0.14272540E+02
 7323   0.85349800E+01
 7324   0.48568200E+01
 7325   0.21529400E+01
 7326   0.11761500E+01
 7327   0.77956000E+00
 7328   0.56784000E+00
 7329   0.41886000E+00
 7330   0.30931000E+00
 7331   0.28861000E+00
 7332   0.16035000E+00
 7333   0.82450000E-01
 7334   0.54580000E-01
 7335   0.39250000E-01
 7336   0.29680000E-01
 7337   0.23260000E-01
 7338   0.18740000E-01
 7339   0.15430000E-01
 7340   0.12930000E-01
 7341   0.34280000E-01
 7342   0.28138800E+01
 7343   0.15450590E+02
 7344   0.32255380E+02
 7345   0.20922520E+02
 7346   0.12465010E+02
 7347   0.77847400E+01
 7348   0.61696100E+01
 7349   0.71956100E+01
 7350   0.10562440E+02
 7351   0.11671700E+02
 7352   0.10691400E+02
 7353   0.10240000E+02
 7354   0.11303590E+02
 7355   0.12020220E+02
 7356   0.96592600E+01
 7357   0.62805400E+01
 7358   0.30181700E+01
 7359   0.15773200E+01
 7360   0.16129200E+01
 7361   0.13871300E+01
 7362   0.11741500E+01
 7363   0.95223000E+00
 7364   0.12715400E+01
 7365   0.21786300E+01
 7366   0.29311400E+01
 7367   0.29164300E+01
 7368   0.18486600E+01
 7369   0.11701300E+01
 7370   0.82595000E+00
 7371   0.61319000E+00
 7372   0.15306600E+01
 7373   0.32360300E+01
 7374   0.60819800E+01
 7375   0.90929600E+01
 7376   0.10650370E+02
 7377   0.17962940E+02
 7378   0.43391240E+02
 7379   0.43759920E+02
 7380   0.31968800E+02
 7381   0.24795930E+02
 7382   0.20728370E+02
 7383   0.16891890E+02
 7384   0.11501960E+02
 7385   0.69898300E+01
 7386   0.40718000E+01
 7387   0.21353550E+02
 7388   0.16328540E+03
 7389   0.14206918E+03
 7390   0.98227580E+02
 7391   0.52624370E+02
 7392   0.29979690E+02
 7393   0.20198870E+02
 7394   0.17261320E+02
 7395   0.21377700E+02
 7396   0.27349180E+02
 7397   0.31470480E+02
 7398   0.27947010E+02
 7399   0.26117210E+02
 7400   0.19394720E+02
 7401   0.12748790E+02
 7402   0.95933500E+01
 7403   0.79351900E+01
 7404   0.69853400E+01
 7405   0.56167600E+01
 7406   0.35302900E+01
 7407   0.20985900E+01
 7408   0.18404800E+01
 7409   0.12332000E+01
 7410   0.20389400E+01
 7411   0.39261500E+01
 7412   0.89116000E+01
 7413   0.11894930E+02
 7414   0.90994800E+01
 7415   0.54187300E+01
 7416   0.22866300E+01
 7417   0.11833200E+01
 7418   0.75629000E+00
 7419   0.52689000E+00
 7420   0.36575000E+00
 7421   0.30087000E+00
 7422   0.33341000E+00
 7423   0.28619000E+00
 7424   0.22642000E+00
 7425   0.15964800E+01
 7426   0.41096300E+01
 7427   0.46156800E+01
 7428   0.29480300E+01
 7429   0.13049400E+01
 7430   0.78807000E+00
 7431   0.55785000E+00
 7432   0.37908000E+00
 7433   0.11472500E+01
 7434   0.20466400E+01
 7435   0.30747100E+01
 7436   0.36872100E+01
 7437   0.35125800E+01
 7438   0.22735000E+01
 7439   0.13603200E+01
 7440   0.16755100E+01
 7441   0.31362800E+01
 7442   0.79516000E+01
 7443   0.21260510E+02
 7444   0.24651880E+02
 7445   0.20752530E+02
 7446   0.15597720E+02
 7447   0.13752040E+02
 7448   0.19557700E+02
 7449   0.70689880E+02
 7450   0.81637040E+02
 7451   0.76554330E+02
 7452   0.66497070E+02
 7453   0.39962420E+02
 7454   0.29826080E+02
 7455   0.44328720E+02
 7456   0.73820690E+02
 7457   0.63655370E+02
 7458   0.41828010E+02
 7459   0.26519900E+02
 7460   0.22547790E+02
 7461   0.46697210E+02
 7462   0.78244270E+02
 7463   0.50100420E+02
 7464   0.32902630E+02
 7465   0.27222980E+02
 7466   0.29876220E+02
 7467   0.47151330E+02
 7468   0.95050490E+02
 7469   0.13622484E+03
 7470   0.19103883E+03
 7471   0.15037512E+03
 7472   0.13370685E+03
 7473   0.15153267E+03
 7474   0.19321816E+03
 7475   0.87037240E+02
 7476   0.45174870E+02
 7477   0.54332850E+02
 7478   0.93791150E+02
 7479   0.67260650E+02
 7480   0.36114160E+02
 7481   0.20533910E+02
 7482   0.17702300E+02
 7483   0.22243680E+02
 7484   0.39566520E+02
 7485   0.67836090E+02
 7486   0.65681270E+02
 7487   0.43297530E+02
 7488   0.26524840E+02
 7489   0.32348970E+02
 7490   0.41417050E+02
 7491   0.39309500E+02
 7492   0.40668740E+02
 7493   0.71343990E+02
 7494   0.49931790E+02
 7495   0.25743260E+02
 7496   0.16264540E+02
 7497   0.14924790E+02
 7498   0.25869680E+02
 7499   0.48202670E+02
 7500   0.92497180E+02
 7501   0.59628870E+02
 7502   0.31691820E+02
 7503   0.54886040E+02
 7504   0.36198386E+03
 7505   0.35434999E+03
 7506   0.39013805E+03
 7507   0.29697215E+03
 7508   0.34918567E+03
 7509   0.35021129E+03
 7510   0.13672867E+03
 7511   0.79739370E+02
 7512   0.12760790E+03
 7513   0.92296680E+02
 7514   0.13164190E+03
 7515   0.72845040E+02
 7516   0.33368100E+02
 7517   0.16844710E+02
 7518   0.99031000E+01
 7519   0.11141620E+02
 7520   0.22326630E+02
 7521   0.30037790E+02
 7522   0.49625700E+02
 7523   0.56941740E+02
 7524   0.80425000E+02
 7525   0.94282540E+02
 7526   0.91990150E+02
 7527   0.49105440E+02
 7528   0.38616310E+02
 7529   0.11043763E+03
 7530   0.11816173E+03
 7531   0.65399290E+02
 7532   0.32654000E+02
 7533   0.17411940E+02
 7534   0.97558100E+01
 7535   0.50718100E+01
 7536   0.26470200E+01
 7537   0.12946700E+01
 7538   0.78120000E+00
 7539   0.81916000E+00
 7540   0.69202000E+00
 7541   0.85940000E+00
 7542   0.62102000E+00
 7543   0.42196000E+00
 7544   0.30335000E+00
 7545   0.32165000E+00
 7546   0.28677000E+00
 7547   0.16057000E+00
 7548   0.85040000E-01
 7549   0.54060000E-01
 7550   0.37580000E-01
 7551   0.27730000E-01
 7552   0.31620000E-01
 7553   0.62270000E-01
 7554   0.75520000E-01
 7555   0.58080000E-01
 7556   0.12141060E+02
 7557   0.79543060E+02
 7558   0.60189430E+02
 7559   0.28195190E+02
 7560   0.14512430E+02
 7561   0.75410400E+01
 7562   0.32561400E+01
 7563   0.14454500E+01
 7564   0.89068000E+00
 7565   0.65988000E+00
 7566   0.16383100E+01
 7567   0.24356000E+01
 7568   0.25173800E+01
 7569   0.13934200E+01
 7570   0.20283600E+01
 7571   0.56313000E+01
 7572   0.11255740E+02
 7573   0.99420500E+01
 7574   0.67072600E+01
 7575   0.36758900E+01
 7576   0.15577300E+01
 7577   0.12574700E+01
 7578   0.16191300E+01
 7579   0.14710400E+01
 7580   0.11214900E+01
 7581   0.82174000E+00
 7582   0.61948000E+00
 7583   0.47964000E+00
 7584   0.37317000E+00
 7585   0.30420000E+00
 7586   0.24843000E+00
 7587   0.12413000E+00
 7588   0.82380000E-01
 7589   0.57560000E-01
 7590   0.41990000E-01
 7591   0.31820000E-01
 7592   0.24880000E-01
 7593   0.19970000E-01
 7594   0.16380000E-01
 7595   0.13680000E-01
 7596   0.11590000E-01
 7597   0.10120000E-01
 7598   0.97300000E-02
 7599   0.95500000E-02
 7600   0.13220000E-01
 7601   0.93229000E+00
 7602   0.17457900E+01
 7603   0.97595000E+00
 7604   0.63066000E+00
 7605   0.42214000E+00
 7606   0.32516000E+00
 7607   0.27883000E+00
 7608   0.10672000E+00
 7609   0.42713000E+00
 7610   0.13620700E+01
 7611   0.15327900E+01
 7612   0.10138300E+01
 7613   0.75124000E+00
 7614   0.57324000E+00
 7615   0.45879000E+00
 7616   0.35467000E+00
 7617   0.30758000E+00
 7618   0.24439000E+00
 7619   0.11998000E+00
 7620   0.79960000E-01
 7621   0.56070000E-01
 7622   0.41060000E-01
 7623   0.31210000E-01
 7624   0.24470000E-01
 7625   0.19680000E-01
 7626   0.16170000E-01
 7627   0.13520000E-01
 7628   0.11480000E-01
 7629   0.98600000E-02
 7630   0.85700000E-02
 7631   0.75100000E-02
 7632   0.66500000E-02
 7633   0.59200000E-02
 7634   0.53100000E-02
 7635   0.47900000E-02
 7636   0.43400000E-02
 7637   0.39500000E-02
 7638   0.36200000E-02
 7639   0.33200000E-02
 7640   0.30600000E-02
 7641   0.28300000E-02
 7642   0.26200000E-02
 7643   0.24400000E-02
 7644   0.22800000E-02
 7645   0.21300000E-02
 7646   0.19900000E-02
 7647   0.18700000E-02
 7648   0.17600000E-02
 7649   0.16600000E-02
 7650   0.15700000E-02
 7651   0.14800000E-02
 7652   0.14000000E-02
 7653   0.13300000E-02
 7654   0.12600000E-02
 7655   0.12000000E-02
 7656   0.11500000E-02
 7657   0.10900000E-02
 7658   0.10400000E-02
 7659   0.10000000E-02
 7660   0.95000000E-03
 7661   0.91000000E-03
 7662   0.87000000E-03
 7663   0.84000000E-03
 7664   0.80000000E-03
 7665   0.77000000E-03
 7666   0.74000000E-03
 7667   0.72000000E-03
 7668   0.69000000E-03
 7669   0.66000000E-03
 7670   0.64000000E-03
 7671   0.62000000E-03
 7672   0.60000000E-03
 7673   0.58000000E-03
 7674   0.56000000E-03
 7675   0.54000000E-03
 7676   0.40214000E+00
 7677   0.11725400E+01
 7678   0.16667700E+01
 7679   0.14826900E+01
 7680   0.11038700E+01
 7681   0.81506000E+00
 7682   0.62429000E+00
 7683   0.49567000E+00
 7684   0.40176000E+00
 7685   0.30726000E+00
 7686   0.28187000E+00
 7687   0.15748000E+00
 7688   0.95540000E-01
 7689   0.64950000E-01
 7690   0.46500000E-01
 7691   0.34720000E-01
 7692   0.26830000E-01
 7693   0.21330000E-01
 7694   0.17360000E-01
 7695   0.14400000E-01
 7696   0.16140000E-01
 7697   0.20678000E+00
 7698   0.26048000E+00
 7699   0.27869000E+00
 7700   0.28941000E+00
 7701   0.26039000E+00
 7702   0.17542000E+00
 7703   0.13906000E+00
 7704   0.10903000E+00
 7705   0.79570000E-01
 7706   0.57690000E-01
 7707   0.42890000E-01
 7708   0.32870000E-01
 7709   0.25910000E-01
 7710   0.20920000E-01
 7711   0.33850000E-01
 7712   0.12931900E+01
 7713   0.24624700E+01
 7714   0.30023900E+01
 7715   0.23903400E+01
 7716   0.14287100E+01
 7717   0.16600700E+01
 7718   0.21926300E+01
 7719   0.30989200E+01
 7720   0.38902900E+01
 7721   0.57865600E+01
 7722   0.84938000E+01
 7723   0.92463500E+01
 7724   0.97448100E+01
 7725   0.89773700E+01
 7726   0.70547900E+01
 7727   0.53128300E+01
 7728   0.48720000E+01
 7729   0.56066600E+01
 7730   0.92288200E+01
 7731   0.12681950E+02
 7732   0.20705940E+02
 7733   0.25837530E+02
 7734   0.26406800E+02
 7735   0.18248560E+02
 7736   0.11598370E+02
 7737   0.10023210E+02
 7738   0.17832730E+02
 7739   0.51120090E+02
 7740   0.51808710E+02
 7741   0.30762930E+02
 7742   0.24219010E+02
 7743   0.52729600E+02
 7744   0.81583570E+02
 7745   0.54105000E+02
 7746   0.30508840E+02
 7747   0.18178350E+02
 7748   0.11263040E+02
 7749   0.74206600E+01
 7750   0.47104300E+01
 7751   0.20920400E+01
 7752   0.11432000E+01
 7753   0.75398000E+00
 7754   0.54610000E+00
 7755   0.39149000E+00
 7756   0.29468000E+00
 7757   0.27917000E+00
 7758   0.10964400E+01
 7759   0.25702500E+01
 7760   0.43318700E+01
 7761   0.45611200E+01
 7762   0.37789400E+01
 7763   0.34484000E+01
 7764   0.34223800E+01
 7765   0.35594500E+01
 7766   0.55665500E+01
 7767   0.13590400E+02
 7768   0.31898260E+02
 7769   0.25756820E+02
 7770   0.15293920E+02
 7771   0.10299710E+02
 7772   0.13791010E+02
 7773   0.30069990E+02
 7774   0.28416660E+02
 7775   0.17053960E+02
 7776   0.98838700E+01
 7777   0.51221500E+01
 7778   0.28799700E+01
 7779   0.82215400E+01
 7780   0.49331430E+02
 7781   0.47727800E+02
 7782   0.26574540E+02
 7783   0.22815380E+02
 7784   0.39756770E+02
 7785   0.48813920E+02
 7786   0.36302220E+02
 7787   0.29181450E+02
 7788   0.24865270E+02
 7789   0.17569330E+02
 7790   0.10928360E+02
 7791   0.59363100E+01
 7792   0.35663600E+01
 7793   0.42054100E+01
 7794   0.66174500E+01
 7795   0.13387850E+02
 7796   0.22408430E+02
 7797   0.21237880E+02
 7798   0.14498430E+02
 7799   0.90989000E+01
 7800   0.70996100E+01
 7801   0.83283100E+01
 7802   0.14837230E+02
 7803   0.18079180E+02
 7804   0.19026790E+02
 7805   0.24163030E+02
 7806   0.41577860E+02
 7807   0.32531470E+02
 7808   0.24313250E+02
 7809   0.23612020E+02
 7810   0.27841030E+02
 7811   0.46366380E+02
 7812   0.69232120E+02
 7813   0.51844080E+02
 7814   0.31852800E+02
 7815   0.19524480E+02
 7816   0.12638780E+02
 7817   0.10353860E+02
 7818   0.12469270E+02
 7819   0.19587820E+02
 7820   0.22923590E+02
 7821   0.20379130E+02
 7822   0.15458720E+02
 7823   0.11118360E+02
 7824   0.77205800E+01
 7825   0.53872000E+01
 7826   0.40932900E+01
 7827   0.54717800E+01
 7828   0.21172010E+02
 7829   0.57263530E+02
 7830   0.70083780E+02
 7831   0.78962390E+02
 7832   0.11956005E+03
 7833   0.26618908E+03
 7834   0.93879706E+03
 7835   0.60448320E+03
 7836   0.14559492E+03
 7837   0.57106720E+02
 7838   0.30662984E+03
 7839   0.59230150E+03
 7840   0.27344531E+03
 7841   0.25808419E+03
 7842   0.39457124E+03
 7843   0.41364898E+03
 7844   0.28995166E+03
 7845   0.51296500E+03
 7846   0.34262122E+03
 7847   0.15355303E+03
 7848   0.75660360E+02
 7849   0.61147200E+02
 7850   0.87172260E+02
 7851   0.75627820E+02
 7852   0.56214180E+02
 7853   0.43668470E+02
 7854   0.38219020E+02
 7855   0.42082000E+02
 7856   0.49550810E+02
 7857   0.45346690E+02
 7858   0.46512330E+02
 7859   0.54068200E+02
 7860   0.70242220E+02
 7861   0.91347580E+02
 7862   0.54590790E+02
 7863   0.27730380E+02
 7864   0.17347690E+02
 7865   0.16167700E+02
 7866   0.25331190E+02
 7867   0.38874890E+02
 7868   0.51039010E+02
 7869   0.47724700E+02
 7870   0.27188550E+02
 7871   0.15742770E+02
 7872   0.10072830E+02
 7873   0.67692300E+01
 7874   0.50168500E+01
 7875   0.45082200E+01
 7876   0.29328940E+02
 7877   0.10000476E+03
 7878   0.46046670E+02
 7879   0.25889880E+02
 7880   0.20573360E+02
 7881   0.41733640E+02
 7882   0.14880535E+03
 7883   0.24404258E+03
 7884   0.21532105E+03
 7885   0.10526951E+03
 7886   0.50993000E+02
 7887   0.37616520E+02
 7888   0.55325980E+02
 7889   0.68175670E+02
 7890   0.12133418E+03
 7891   0.10409179E+03
 7892   0.21313701E+03
 7893   0.58854965E+03
 7894   0.23875151E+03
 7895   0.22106088E+03
 7896   0.23054659E+03
 7897   0.91630670E+02
 7898   0.43934420E+02
 7899   0.23047450E+02
 7900   0.13353150E+02
 7901   0.83480100E+01
 7902   0.55512860E+02
 7903   0.78892710E+02
 7904   0.39544410E+02
 7905   0.27277840E+02
 7906   0.27437330E+02
 7907   0.24885590E+02
 7908   0.16520270E+02
 7909   0.97825300E+01
 7910   0.97587500E+01
 7911   0.15179780E+02
 7912   0.13847700E+02
 7913   0.96488400E+01
 7914   0.69710500E+01
 7915   0.49777400E+01
 7916   0.45648200E+01
 7917   0.80987400E+01
 7918   0.39160440E+02
 7919   0.55337180E+02
 7920   0.27955640E+02
 7921   0.14659740E+02
 7922   0.79858900E+01
 7923   0.36540200E+01
 7924   0.15121600E+01
 7925   0.51361200E+01
 7926   0.24995980E+02
 7927   0.34836190E+02
 7928   0.37519440E+02
 7929   0.27494430E+02
 7930   0.16659580E+02
 7931   0.96376400E+01
 7932   0.47572600E+01
 7933   0.18251200E+01
 7934   0.99703000E+00
 7935   0.65030000E+00
 7936   0.43975000E+00
 7937   0.31394000E+00
 7938   0.28235000E+00
 7939   0.12880000E+00
 7940   0.67120000E-01
 7941   0.44620000E-01
 7942   0.32560000E-01
 7943   0.25040000E-01
 7944   0.19940000E-01
 7945   0.16300000E-01
 7946   0.13590000E-01
 7947   0.11510000E-01
 7948   0.98900000E-02
 7949   0.85800000E-02
 7950   0.75300000E-02
 7951   0.66600000E-02
 7952   0.59300000E-02
 7953   0.53200000E-02
 7954   0.48000000E-02
 7955   0.43500000E-02
 7956   0.39600000E-02
 7957   0.36200000E-02
 7958   0.33300000E-02
 7959   0.30700000E-02
 7960   0.28400000E-02
 7961   0.26300000E-02
 7962   0.42414000E+00
 7963   0.70183000E+00
 7964   0.57060000E+00
 7965   0.37541000E+00
 7966   0.29314000E+00
 7967   0.12753000E+00
 7968   0.58130000E-01
 7969   0.35880000E-01
 7970   0.14351000E+00
 7971   0.68797400E+01
 7972   0.46522010E+02
 7973   0.32600820E+02
 7974   0.17532850E+02
 7975   0.94713800E+01
 7976   0.44670400E+01
 7977   0.17684800E+01
 7978   0.10066400E+01
 7979   0.66879000E+00
 7980   0.46473000E+00
 7981   0.32636000E+00
 7982   0.27488000E+00
 7983   0.15200000E+00
 7984   0.71520000E-01
 7985   0.46600000E-01
 7986   0.33660000E-01
 7987   0.25720000E-01
 7988   0.20390000E-01
 7989   0.16610000E-01
 7990   0.13810000E-01
 7991   0.11670000E-01
 7992   0.10000000E-01
 7993   0.86700000E-02
 7994   0.75900000E-02
 7995   0.67100000E-02
 7996   0.59700000E-02
 7997   0.53500000E-02
 7998   0.48200000E-02
 7999   0.43600000E-02
 8000   0.39700000E-02
 8001   0.36300000E-02
 8002   0.33300000E-02
 8003   0.30700000E-02
 8004   0.28400000E-02
 8005   0.26300000E-02
 8006   0.24500000E-02
 8007   0.22800000E-02
 8008   0.21300000E-02
 8009   0.20000000E-02
 8010   0.18700000E-02
 8011   0.17600000E-02
 8012   0.47712000E+00
 8013   0.10825700E+02
 8014   0.61705020E+02
 8015   0.51943090E+02
 8016   0.26916240E+02
 8017   0.14697870E+02
 8018   0.92147500E+01
 8019   0.61900100E+01
 8020   0.47403700E+01
 8021   0.40356000E+01
 8022   0.25536500E+01
 8023   0.13358300E+01
 8024   0.91215000E+00
 8025   0.77856000E+00
 8026   0.61659000E+00
 8027   0.48799000E+00
 8028   0.40170000E+00
 8029   0.32080000E+00
 8030   0.29001000E+00
 8031   0.20012000E+00
 8032   0.12170000E+00
 8033   0.84650000E-01
 8034   0.84090000E-01
 8035   0.12577000E+00
 8036   0.21258000E+00
 8037   0.15700000E+00
 8038   0.11105000E+00
 8039   0.79060000E-01
 8040   0.57740000E-01
 8041   0.43510000E-01
 8042   0.33750000E-01
 8043   0.26850000E-01
 8044   0.21830000E-01
 8045   0.18070000E-01
 8046   0.21441700E+01
 8047   0.13840320E+02
 8048   0.27996160E+02
 8049   0.22943100E+02
 8050   0.14833820E+02
 8051   0.92826800E+01
 8052   0.52359400E+01
 8053   0.51499000E+01
 8054   0.25597880E+02
 8055   0.59053340E+02
 8056   0.74739650E+02
 8057   0.10517201E+03
 8058   0.10460818E+03
 8059   0.49595180E+02
 8060   0.23843510E+02
 8061   0.12853620E+02
 8062   0.68750600E+01
 8063   0.31388300E+01
 8064   0.21116400E+01
 8065   0.38662200E+01
 8066   0.67511400E+01
 8067   0.80848100E+01
 8068   0.65975900E+01
 8069   0.37534400E+01
 8070   0.16248300E+01
 8071   0.99463000E+00
 8072   0.68908000E+00
 8073   0.51621000E+00
 8074   0.36925000E+00
 8075   0.28066000E+00
 8076   0.26208000E+00
 8077   0.10957000E+00
 8078   0.66390000E-01
 8079   0.46080000E-01
 8080   0.34200000E-01
 8081   0.26760000E-01
 8082   0.23070000E-01
 8083   0.24320000E-01
 8084   0.40807000E+00
 8085   0.10569000E+01
 8086   0.14264800E+01
 8087   0.11221700E+01
 8088   0.81324000E+00
 8089   0.61646000E+00
 8090   0.48482000E+00
 8091   0.39360000E+00
 8092   0.30276000E+00
 8093   0.27597000E+00
 8094   0.16058000E+00
 8095   0.10134000E+00
 8096   0.69450000E-01
 8097   0.49620000E-01
 8098   0.36890000E-01
 8099   0.28400000E-01
 8100   0.22680000E-01
 8101   0.18480000E-01
 8102   0.15400000E-01
 8103   0.13910000E-01
 8104   0.14920000E-01
 8105   0.17000000E-01
 8106   0.18190000E-01
 8107   0.17950000E-01
 8108   0.19355000E+00
 8109   0.26250000E+00
 8110   0.18467000E+00
 8111   0.10428000E+00
 8112   0.64160000E-01
 8113   0.42850000E-01
 8114   0.29175000E+00
 8115   0.19410400E+01
 8116   0.48896700E+01
 8117   0.86021400E+01
 8118   0.10263110E+02
 8119   0.83633700E+01
 8120   0.60769300E+01
 8121   0.47289100E+01
 8122   0.32433600E+01
 8123   0.15577500E+01
 8124   0.12249400E+01
 8125   0.17081200E+01
 8126   0.19618700E+01
 8127   0.21814000E+01
 8128   0.14576000E+01
 8129   0.95901000E+00
 8130   0.22585100E+01
 8131   0.42046200E+01
 8132   0.76576400E+01
 8133   0.84214600E+01
 8134   0.63501600E+01
 8135   0.35491500E+01
 8136   0.15701900E+01
 8137   0.93906000E+00
 8138   0.64993000E+00
 8139   0.46576000E+00
 8140   0.32615000E+00
 8141   0.27462000E+00
 8142   0.21403000E+00
 8143   0.20416500E+01
 8144   0.48146200E+01
 8145   0.89683100E+01
 8146   0.98785000E+01
 8147   0.94258500E+01
 8148   0.98488300E+01
 8149   0.16278480E+02
 8150   0.21955900E+02
 8151   0.19427430E+02
 8152   0.17323160E+02
 8153   0.32704990E+02
 8154   0.18115309E+03
 8155   0.11619590E+03
 8156   0.55505080E+02
 8157   0.33832760E+02
 8158   0.22923330E+02
 8159   0.16501640E+02
 8160   0.11614330E+02
 8161   0.85853700E+01
 8162   0.66548500E+01
 8163   0.58553400E+01
 8164   0.88548400E+01
 8165   0.27611550E+02
 8166   0.88632500E+02
 8167   0.94383990E+02
 8168   0.68533520E+02
 8169   0.41532700E+02
 8170   0.28331220E+02
 8171   0.36767640E+02
 8172   0.72772600E+02
 8173   0.84430370E+02
 8174   0.65740440E+02
 8175   0.42241970E+02
 8176   0.24195340E+02
 8177   0.13847900E+02
 8178   0.79083300E+01
 8179   0.40993800E+01
 8180   0.17738100E+01
 8181   0.10116900E+01
 8182   0.16288300E+01
 8183   0.59079100E+01
 8184   0.45869900E+02
 8185   0.87908520E+02
 8186   0.10380402E+03
 8187   0.94439530E+02
 8188   0.61876110E+02
 8189   0.32228820E+02
 8190   0.17059360E+02
 8191   0.92461200E+01
 8192   0.43139800E+01
 8193   0.21078400E+01
 8194   0.24201400E+01
 8195   0.28469900E+01
 8196   0.21556100E+01
 8197   0.12028900E+01
 8198   0.82838000E+00
 8199   0.60296000E+00
 8200   0.46296000E+00
 8201   0.33246000E+00
 8202   0.29286000E+00
 8203   0.24980700E+01
 8204   0.10670923E+03
 8205   0.96005580E+02
 8206   0.42255020E+02
 8207   0.27790130E+02
 8208   0.82553010E+02
 8209   0.15762758E+03
 8210   0.16164939E+03
 8211   0.81378470E+02
 8212   0.47608440E+02
 8213   0.34905940E+02
 8214   0.22809940E+02
 8215   0.19726220E+02
 8216   0.14687805E+03
 8217   0.31857454E+03
 8218   0.32521670E+03
 8219   0.22771346E+03
 8220   0.12985834E+03
 8221   0.14573672E+03
 8222   0.11114168E+03
 8223   0.63169530E+02
 8224   0.46303990E+02
 8225   0.47990160E+02
 8226   0.19339655E+03
 8227   0.34833321E+03
 8228   0.30203674E+03
 8229   0.31251985E+03
 8230   0.21344205E+03
 8231   0.27372700E+03
 8232   0.10036214E+03
 8233   0.41549280E+02
 8234   0.63917640E+02
 8235   0.97396520E+02
 8236   0.20489430E+03
 8237   0.34465648E+03
 8238   0.21821590E+03
 8239   0.11783604E+03
 8240   0.99714880E+02
 8241   0.83548420E+02
 8242   0.15981320E+03
 8243   0.63103500E+02
 8244   0.32001850E+02
 8245   0.21245030E+02
 8246   0.13645370E+02
 8247   0.87223200E+01
 8248   0.69876980E+02
 8249   0.87846040E+02
 8250   0.74631580E+02
 8251   0.66632230E+02
 8252   0.10480079E+03
 8253   0.29831899E+03
 8254   0.50062486E+03
 8255   0.26096528E+03
 8256   0.15174902E+03
 8257   0.15571613E+03
 8258   0.13235398E+03
 8259   0.45326014E+03
 8260   0.26428487E+03
 8261   0.19460752E+03
 8262   0.75694470E+02
 8263   0.33072440E+02
 8264   0.16776230E+02
 8265   0.22787172E+03
 8266   0.26107146E+03
 8267   0.15598335E+03
 8268   0.83406060E+02
 8269   0.39079900E+02
 8270   0.19522300E+02
 8271   0.34148180E+02
 8272   0.13789640E+03
 8273   0.86174120E+02
 8274   0.39950880E+02
 8275   0.39667830E+02
 8276   0.66295090E+02
 8277   0.35594270E+02
 8278   0.47699160E+02
 8279   0.76009090E+02
 8280   0.54190570E+02
 8281   0.40792380E+02
 8282   0.29249840E+02
 8283   0.25812220E+02
 8284   0.22421260E+02
 8285   0.17290510E+02
 8286   0.12986180E+02
 8287   0.39708980E+02
 8288   0.16608376E+03
 8289   0.10574890E+03
 8290   0.54769700E+02
 8291   0.29297390E+02
 8292   0.16192810E+02
 8293   0.86843300E+01
 8294   0.38609700E+01
 8295   0.15604800E+01
 8296   0.27934700E+01
 8297   0.77390200E+01
 8298   0.18424000E+02
 8299   0.21354630E+02
 8300   0.18239510E+02
 8301   0.11988930E+02
 8302   0.70455100E+01
 8303   0.38692800E+01
 8304   0.39801000E+01
 8305   0.47897100E+01
 8306   0.34349100E+01
 8307   0.15022300E+01
 8308   0.90211000E+00
 8309   0.63567000E+00
 8310   0.47480000E+00
 8311   0.34115000E+00
 8312   0.29265000E+00
 8313   0.21650000E+00
 8314   0.96140000E-01
 8315   0.62770000E-01
 8316   0.44580000E-01
 8317   0.33350000E-01
 8318   0.25890000E-01
 8319   0.20690000E-01
 8320   0.16930000E-01
 8321   0.14110000E-01
 8322   0.11950000E-01
 8323   0.10250000E-01
 8324   0.89000000E-02
 8325   0.78000000E-02
 8326   0.68900000E-02
 8327   0.61400000E-02
 8328   0.18185600E+01
 8329   0.62407600E+01
 8330   0.80274200E+01
 8331   0.59279400E+01
 8332   0.33181700E+01
 8333   0.14243700E+01
 8334   0.85987000E+00
 8335   0.60061000E+00
 8336   0.42743000E+00
 8337   0.31232000E+00
 8338   0.28654000E+00
 8339   0.14408000E+00
 8340   0.78500000E-01
 8341   0.52540000E-01
 8342   0.38090000E-01
 8343   0.28990000E-01
 8344   0.22840000E-01
 8345   0.18480000E-01
 8346   0.15270000E-01
 8347   0.12830000E-01
 8348   0.10940000E-01
 8349   0.94400000E-02
 8350   0.82300000E-02
 8351   0.72400000E-02
 8352   0.64300000E-02
 8353   0.72700000E-02
 8354   0.94300000E-02
 8355   0.12282000E+00
 8356   0.12573000E+00
 8357   0.10417000E+00
 8358   0.78480000E-01
 8359   0.58180000E-01
 8360   0.43930000E-01
 8361   0.34030000E-01
 8362   0.27010000E-01
 8363   0.21910000E-01
 8364   0.18100000E-01
 8365   0.15200000E-01
 8366   0.12930000E-01
 8367   0.11130000E-01
 8368   0.19630000E-01
 8369   0.19843000E+00
 8370   0.25713000E+00
 8371   0.22771000E+00
 8372   0.94714000E+00
 8373   0.19689500E+01
 8374   0.25348500E+01
 8375   0.23190000E+01
 8376   0.12873300E+01
 8377   0.86284000E+00
 8378   0.62463000E+00
 8379   0.48002000E+00
 8380   0.35578000E+00
 8381   0.28220000E+00
 8382   0.24856000E+00
 8383   0.10861000E+00
 8384   0.89460000E-01
 8385   0.20194000E+00
 8386   0.25146000E+00
 8387   0.20649000E+00
 8388   0.15897000E+00
 8389   0.12927000E+00
 8390   0.97810000E-01
 8391   0.70800000E-01
 8392   0.51870000E-01
 8393   0.39120000E-01
 8394   0.30390000E-01
 8395   0.24220000E-01
 8396   0.19740000E-01
 8397   0.16390000E-01
 8398   0.13820000E-01
 8399   0.11810000E-01
 8400   0.10210000E-01
 8401   0.89200000E-02
 8402   0.15433300E+01
 8403   0.37646000E+01
 8404   0.51579600E+01
 8405   0.44905200E+01
 8406   0.24085800E+01
 8407   0.12197400E+01
 8408   0.80098000E+00
 8409   0.57684000E+00
 8410   0.64118000E+00
 8411   0.15644200E+01
 8412   0.20994400E+01
 8413   0.15908400E+01
 8414   0.11998300E+01
 8415   0.86601000E+00
 8416   0.64079000E+00
 8417   0.49243000E+00
 8418   0.37932000E+00
 8419   0.29123000E+00
 8420   0.26476000E+00
 8421   0.13333000E+00
 8422   0.83700000E-01
 8423   0.57670000E-01
 8424   0.41920000E-01
 8425   0.31750000E-01
 8426   0.24840000E-01
 8427   0.19950000E-01
 8428   0.16380000E-01
 8429   0.13680000E-01
 8430   0.11610000E-01
 8431   0.99700000E-02
 8432   0.86600000E-02
 8433   0.75900000E-02
 8434   0.67100000E-02
 8435   0.59800000E-02
 8436   0.53600000E-02
 8437   0.48300000E-02
 8438   0.43800000E-02
 8439   0.13673000E+00
 8440   0.12620200E+01
 8441   0.20358500E+01
 8442   0.16458600E+01
 8443   0.11023900E+01
 8444   0.80852000E+00
 8445   0.61966000E+00
 8446   0.49366000E+00
 8447   0.39411000E+00
 8448   0.29704000E+00
 8449   0.27298000E+00
 8450   0.14620000E+00
 8451   0.90940000E-01
 8452   0.62350000E-01
 8453   0.45030000E-01
 8454   0.33900000E-01
 8455   0.26390000E-01
 8456   0.21110000E-01
 8457   0.17270000E-01
 8458   0.14390000E-01
 8459   0.12180000E-01
 8460   0.10440000E-01
 8461   0.90600000E-02
 8462   0.79300000E-02
 8463   0.70600000E-02
 8464   0.36170000E-01
 8465   0.27566000E+00
 8466   0.38182000E+00
 8467   0.90336000E+00
 8468   0.92483000E+00
 8469   0.80428000E+00
 8470   0.70020000E+00
 8471   0.58831000E+00
 8472   0.48001000E+00
 8473   0.40117000E+00
 8474   0.31693000E+00
 8475   0.27767000E+00
 8476   0.16490000E+00
 8477   0.10997000E+00
 8478   0.76250000E-01
 8479   0.54230000E-01
 8480   0.39970000E-01
 8481   0.30500000E-01
 8482   0.23970000E-01
 8483   0.19310000E-01
 8484   0.15890000E-01
 8485   0.13300000E-01
 8486   0.11290000E-01
 8487   0.97100000E-02
 8488   0.84500000E-02
 8489   0.74100000E-02
 8490   0.68300000E-02
 8491   0.98320000E-01
 8492   0.26784000E+00
 8493   0.25068000E+00
 8494   0.24362000E+00
 8495   0.21860000E+00
 8496   0.18179000E+00
 8497   0.14516000E+00
 8498   0.10986000E+00
 8499   0.77910000E-01
 8500   0.55470000E-01
 8501   0.40730000E-01
 8502   0.30940000E-01
 8503   0.28760000E-01
 8504   0.43600000E-01
 8505   0.28510000E+00
 8506   0.95059000E+00
 8507   0.23067000E+01
 8508   0.39385400E+01
 8509   0.46797200E+01
 8510   0.49583300E+01
 8511   0.64857600E+01
 8512   0.80300300E+01
 8513   0.83065400E+01
 8514   0.72297800E+01
 8515   0.69300800E+01
 8516   0.99979800E+01
 8517   0.17418480E+02
 8518   0.20870720E+02
 8519   0.20848460E+02
 8520   0.16444500E+02
 8521   0.13175110E+02
 8522   0.13597770E+02
 8523   0.16144580E+02
 8524   0.20075320E+02
 8525   0.18647830E+02
 8526   0.13911350E+02
 8527   0.97550200E+01
 8528   0.72203100E+01
 8529   0.50423300E+01
 8530   0.23566300E+01
 8531   0.11969100E+01
 8532   0.76945000E+00
 8533   0.55557000E+00
 8534   0.23166600E+01
 8535   0.21105400E+02
 8536   0.92887000E+02
 8537   0.92681330E+02
 8538   0.70601720E+02
 8539   0.41324260E+02
 8540   0.25820370E+02
 8541   0.45684792E+03
 8542   0.36796060E+03
 8543   0.17663686E+03
 8544   0.87280940E+02
 8545   0.56973510E+02
 8546   0.31019669E+03
 8547   0.24682205E+03
 8548   0.18341950E+03
 8549   0.92277240E+02
 8550   0.78314430E+02
 8551   0.11444924E+03
 8552   0.26076910E+03
 8553   0.90849110E+02
 8554   0.37676300E+02
 8555   0.22233300E+02
 8556   0.18102710E+02
 8557   0.19296000E+02
 8558   0.13885380E+02
 8559   0.90224400E+01
 8560   0.67553000E+01
 8561   0.83041700E+01
 8562   0.17979630E+02
 8563   0.22117790E+02
 8564   0.16196710E+02
 8565   0.11246110E+02
 8566   0.89721100E+01
 8567   0.95299100E+01
 8568   0.11960250E+02
 8569   0.13324200E+02
 8570   0.52350520E+02
 8571   0.14212048E+03
 8572   0.22803518E+03
 8573   0.20815081E+03
 8574   0.11039853E+03
 8575   0.65089910E+02
 8576   0.39803730E+02
 8577   0.27752060E+02
 8578   0.25671000E+02
 8579   0.42145790E+02
 8580   0.89426370E+02
 8581   0.10660943E+03
 8582   0.10132094E+03
 8583   0.13291251E+03
 8584   0.14114776E+03
 8585   0.75683740E+02
 8586   0.37955680E+02
 8587   0.48827800E+02
 8588   0.63945680E+02
 8589   0.66715870E+02
 8590   0.49542300E+02
 8591   0.39154870E+02
 8592   0.26150420E+02
 8593   0.16407860E+02
 8594   0.10152070E+02
 8595   0.86755900E+01
 8596   0.32233850E+02
 8597   0.29482400E+02
 8598   0.28123680E+02
 8599   0.25167720E+02
 8600   0.23276780E+02
 8601   0.20886050E+02
 8602   0.27096490E+02
 8603   0.97082970E+02
 8604   0.10074571E+03
 8605   0.58797790E+02
 8606   0.31175070E+02
 8607   0.19012270E+02
 8608   0.18207390E+02
 8609   0.68281730E+02
 8610   0.15381688E+03
 8611   0.14679029E+03
 8612   0.94872890E+02
 8613   0.49895880E+02
 8614   0.32598280E+02
 8615   0.36036983E+03
 8616   0.16255685E+03
 8617   0.39784584E+03
 8618   0.40945155E+03
 8619   0.12480514E+03
 8620   0.55987430E+02
 8621   0.45086260E+02
 8622   0.32052761E+03
 8623   0.26477559E+03
 8624   0.11181279E+03
 8625   0.72845310E+02
 8626   0.16645325E+03
 8627   0.28976400E+03
 8628   0.14484301E+03
 8629   0.27459341E+03
 8630   0.13101278E+03
 8631   0.74458800E+02
 8632   0.73224948E+03
 8633   0.35750091E+03
 8634   0.12995379E+03
 8635   0.67120340E+02
 8636   0.32998880E+02
 8637   0.18284130E+02
 8638   0.16967520E+02
 8639   0.24399290E+02
 8640   0.24442320E+02
 8641   0.15718540E+02
 8642   0.91621900E+01
 8643   0.43863000E+01
 8644   0.17042700E+01
 8645   0.95313000E+00
 8646   0.10394100E+01
 8647   0.72293000E+00
 8648   0.52381000E+00
 8649   0.60629000E+00
 8650   0.67202300E+01
 8651   0.89809990E+02
 8652   0.98299780E+02
 8653   0.89968050E+02
 8654   0.51967080E+02
 8655   0.26888510E+02
 8656   0.19604450E+02
 8657   0.16307770E+02
 8658   0.12470700E+02
 8659   0.78099600E+01
 8660   0.37706600E+01
 8661   0.15311000E+01
 8662   0.88970000E+00
 8663   0.60247000E+00
 8664   0.40896000E+00
 8665   0.29684000E+00
 8666   0.27199000E+00
 8667   0.11079000E+00
 8668   0.63420000E-01
 8669   0.43280000E-01
 8670   0.85960000E-01
 8671   0.14710000E+00
 8672   0.10184000E+00
 8673   0.21190000E+00
 8674   0.21751000E+00
 8675   0.13337000E+00
 8676   0.83250000E-01
 8677   0.54640000E-01
 8678   0.37910000E-01
 8679   0.27590000E-01
 8680   0.20890000E-01
 8681   0.16320000E-01
 8682   0.13100000E-01
 8683   0.10740000E-01
 8684   0.89600000E-02
 8685   0.76000000E-02
 8686   0.65300000E-02
 8687   0.56800000E-02
 8688   0.49900000E-02
 8689   0.44200000E-02
 8690   0.39500000E-02
 8691   0.35500000E-02
 8692   0.32200000E-02
 8693   0.29300000E-02
 8694   0.26800000E-02
 8695   0.24600000E-02
 8696   0.11524600E+01
 8697   0.29246300E+01
 8698   0.31813700E+01
 8699   0.14958700E+01
 8700   0.80774000E+00
 8701   0.49479000E+00
 8702   0.31483000E+00
 8703   0.25244000E+00
 8704   0.10208000E+00
 8705   0.48220000E-01
 8706   0.31190000E-01
 8707   0.12971100E+01
 8708   0.11722450E+02
 8709   0.20761870E+02
 8710   0.16460600E+02
 8711   0.10688100E+02
 8712   0.59353700E+01
 8713   0.23885700E+01
 8714   0.11832800E+01
 8715   0.74002000E+00
 8716   0.51753000E+00
 8717   0.34981000E+00
 8718   0.26104000E+00
 8719   0.22058000E+00
 8720   0.79860000E-01
 8721   0.50390000E-01
 8722   0.35850000E-01
 8723   0.27150000E-01
 8724   0.21390000E-01
 8725   0.17340000E-01
 8726   0.14370000E-01
 8727   0.12110000E-01
 8728   0.10350000E-01
 8729   0.89600000E-02
 8730   0.78300000E-02
 8731   0.69000000E-02
 8732   0.61300000E-02
 8733   0.56000000E-02
 8734   0.51100000E-02
 8735   0.46800000E-02
 8736   0.47500000E-02
 8737   0.10990000E-01
 8738   0.23270000E-01
 8739   0.27080000E-01
 8740   0.25570000E-01
 8741   0.22700000E-01
 8742   0.19680000E-01
 8743   0.16940000E-01
 8744   0.14580000E-01
 8745   0.12600000E-01
 8746   0.10960000E-01
 8747   0.96000000E-02
 8748   0.84600000E-02
 8749   0.75000000E-02
 8750   0.67000000E-02
 8751   0.60100000E-02
 8752   0.54200000E-02
 8753   0.49100000E-02
 8754   0.44700000E-02
 8755   0.40900000E-02
 8756   0.37500000E-02
 8757   0.34500000E-02
 8758   0.31900000E-02
 8759   0.29500000E-02
 8760   0.27400000E-02
 8761   0.25500000E-02
 8762   0.23800000E-02
 8763   0.22300000E-02
 8764   0.20900000E-02
 8765   0.19600000E-02
 8766   0.18500000E-02
 8767   0.17400000E-02
 8768   0.16500000E-02
 8769   0.15600000E-02
 8770   0.14800000E-02
 8771   0.14000000E-02
 8772   0.13300000E-02
 8773   0.12600000E-02
 8774   0.12000000E-02
 8775   0.11500000E-02
 8776   0.11000000E-02
 8777   0.10500000E-02
 8778   0.10000000E-02
 8779   0.96000000E-03
 8780   0.92000000E-03
 8781   0.88000000E-03
 8782   0.85000000E-03
 8783   0.81000000E-03
 8784   0.78000000E-03
 8785   0.55276000E+00
 8786   0.66181000E+01
 8787   0.20980890E+02
 8788   0.20635710E+02
 8789   0.13302560E+02
 8790   0.78890600E+01
 8791   0.38936200E+01
 8792   0.16591200E+01
 8793   0.99054000E+00
 8794   0.71855000E+00
 8795   0.61874000E+00
 8796   0.48932000E+00
 8797   0.36200000E+00
 8798   0.28330000E+00
 8799   0.26579000E+00
 8800   0.12773000E+00
 8801   0.78700000E-01
 8802   0.32664000E+00
 8803   0.51647000E+00
 8804   0.51498000E+00
 8805   0.44153000E+00
 8806   0.37769000E+00
 8807   0.32947000E+00
 8808   0.27943000E+00
 8809   0.18939000E+00
 8810   0.13551000E+00
 8811   0.14116000E+00
 8812   0.45305000E+00
 8813   0.19648100E+01
 8814   0.34296500E+01
 8815   0.40560700E+01
 8816   0.37729100E+01
 8817   0.19776400E+01
 8818   0.11063000E+01
 8819   0.75578000E+00
 8820   0.57988000E+00
 8821   0.11463600E+01
 8822   0.16398000E+01
 8823   0.20134000E+01
 8824   0.15803100E+01
 8825   0.10495700E+01
 8826   0.18659000E+01
 8827   0.48348300E+01
 8828   0.15245270E+02
 8829   0.22008440E+02
 8830   0.15468820E+02
 8831   0.98517000E+01
 8832   0.58648000E+01
 8833   0.31650400E+01
 8834   0.16317800E+01
 8835   0.99849000E+00
 8836   0.68684000E+00
 8837   0.50598000E+00
 8838   0.35856000E+00
 8839   0.27915000E+00
 8840   0.26590000E+00
 8841   0.11121000E+00
 8842   0.66020000E-01
 8843   0.14818100E+01
 8844   0.11075510E+02
 8845   0.72338280E+02
 8846   0.79696260E+02
 8847   0.49029150E+02
 8848   0.32181060E+02
 8849   0.22449500E+02
 8850   0.16232340E+02
 8851   0.12536670E+02
 8852   0.12036270E+02
 8853   0.29725090E+02
 8854   0.79927030E+02
 8855   0.85402440E+02
 8856   0.88332990E+02
 8857   0.80703330E+02
 8858   0.61685680E+02
 8859   0.44356790E+02
 8860   0.28900820E+02
 8861   0.18178720E+02
 8862   0.11379710E+02
 8863   0.68821600E+01
 8864   0.34285700E+01
 8865   0.15366000E+01
 8866   0.93120000E+00
 8867   0.63524000E+00
 8868   0.43505000E+00
 8869   0.31015000E+00
 8870   0.28192000E+00
 8871   0.13488000E+00
 8872   0.67220000E-01
 8873   0.89529000E+00
 8874   0.29593700E+01
 8875   0.66666100E+01
 8876   0.11240790E+02
 8877   0.10007540E+02
 8878   0.70804000E+01
 8879   0.42674500E+01
 8880   0.26778900E+01
 8881   0.52151400E+01
 8882   0.13876760E+02
 8883   0.27247850E+02
 8884   0.28875560E+02
 8885   0.23436480E+02
 8886   0.15204710E+02
 8887   0.95874300E+01
 8888   0.10151780E+02
 8889   0.49035110E+02
 8890   0.21588575E+03
 8891   0.14127208E+03
 8892   0.79148460E+02
 8893   0.61236790E+02
 8894   0.40506940E+02
 8895   0.29106890E+02
 8896   0.22383660E+02
 8897   0.19767630E+02
 8898   0.18275610E+02
 8899   0.20178180E+02
 8900   0.22461470E+02
 8901   0.23710070E+02
 8902   0.18774370E+02
 8903   0.12746520E+02
 8904   0.10066830E+02
 8905   0.11084120E+02
 8906   0.25050090E+02
 8907   0.33649200E+02
 8908   0.25698000E+02
 8909   0.17779720E+02
 8910   0.12760570E+02
 8911   0.99652400E+01
 8912   0.88128800E+01
 8913   0.99661000E+01
 8914   0.10854020E+02
 8915   0.12385100E+02
 8916   0.11560950E+02
 8917   0.96088100E+01
 8918   0.75341300E+01
 8919   0.57450500E+01
 8920   0.44349900E+01
 8921   0.42645600E+01
 8922   0.47533100E+01
 8923   0.57283300E+01
 8924   0.67735100E+01
 8925   0.91875200E+01
 8926   0.16914680E+02
 8927   0.76133910E+02
 8928   0.95051860E+02
 8929   0.71915720E+02
 8930   0.51399130E+02
 8931   0.28555100E+02
 8932   0.15908710E+02
 8933   0.10787700E+02
 8934   0.12747440E+02
 8935   0.37141770E+02
 8936   0.14161244E+03
 8937   0.15731803E+03
 8938   0.17951809E+03
 8939   0.15484596E+03
 8940   0.15060178E+03
 8941   0.81408260E+02
 8942   0.56072980E+02
 8943   0.44039170E+02
 8944   0.41076800E+02
 8945   0.55359640E+02
 8946   0.75903680E+02
 8947   0.10922959E+03
 8948   0.14452100E+03
 8949   0.10856938E+03
 8950   0.89486060E+02
 8951   0.13277441E+03
 8952   0.13466705E+03
 8953   0.12324413E+03
 8954   0.11652309E+03
 8955   0.99579110E+02
 8956   0.12130767E+03
 8957   0.14232049E+03
 8958   0.12752562E+03
 8959   0.13243969E+03
 8960   0.12099423E+03
 8961   0.14100628E+03
 8962   0.16076972E+03
 8963   0.12520179E+03
 8964   0.93826360E+02
 8965   0.80219910E+02
 8966   0.53540370E+02
 8967   0.30036480E+02
 8968   0.16593400E+02
 8969   0.90656000E+01
 8970   0.42879300E+01
 8971   0.17009500E+01
 8972   0.20917100E+01
 8973   0.47793500E+01
 8974   0.11421130E+02
 8975   0.14259720E+02
 8976   0.11481580E+02
 8977   0.13527490E+02
 8978   0.25798320E+02
 8979   0.46138000E+02
 8980   0.37158140E+02
 8981   0.23120380E+02
 8982   0.15547960E+02
 8983   0.12951840E+02
 8984   0.10616450E+02
 8985   0.10939740E+02
 8986   0.21776230E+02
 8987   0.37829630E+02
 8988   0.43026220E+02
 8989   0.34855230E+02
 8990   0.26896360E+02
 8991   0.34103850E+02
 8992   0.64795350E+02
 8993   0.89406920E+02
 8994   0.87714940E+02
 8995   0.44104170E+02
 8996   0.26741660E+02
 8997   0.29810020E+02
 8998   0.24118460E+02
 8999   0.14491560E+02
 9000   0.83910600E+01
 9001   0.65961000E+01
 9002   0.12426850E+02
 9003   0.43198990E+02
 9004   0.10683720E+03
 9005   0.78166330E+02
 9006   0.74895730E+02
 9007   0.46131440E+02
 9008   0.25134580E+02
 9009   0.12402580E+02
 9010   0.59171900E+01
 9011   0.22053800E+01
 9012   0.10551400E+01
 9013   0.24442100E+01
 9014   0.49305400E+01
 9015   0.10056390E+02
 9016   0.22663670E+02
 9017   0.28783650E+02
 9018   0.28952700E+02
 9019   0.20504300E+02
 9020   0.12350200E+02
 9021   0.68314800E+01
 9022   0.28984200E+01
 9023   0.16009500E+01
 9024   0.21282200E+01
 9025   0.25763500E+01
 9026   0.29297100E+01
 9027   0.32254900E+01
 9028   0.37429700E+01
 9029   0.37941900E+01
 9030   0.22965800E+01
 9031   0.10278000E+01
 9032   0.62561000E+00
 9033   0.37339000E+00
 9034   0.25576000E+00
 9035   0.22951000E+00
 9036   0.63350000E-01
 9037   0.37420000E-01
 9038   0.86755000E+00
 9039   0.26736650E+02
 9040   0.40553410E+02
 9041   0.22386150E+02
 9042   0.12141390E+02
 9043   0.61735500E+01
 9044   0.24526600E+01
 9045   0.12181400E+01
 9046   0.76426000E+00
 9047   0.14047500E+01
 9048   0.17641700E+01
 9049   0.10883100E+01
 9050   0.12039100E+01
 9051   0.81059000E+00
 9052   0.53581000E+00
 9053   0.34114000E+00
 9054   0.24646000E+00
 9055   0.13214000E+00
 9056   0.55830000E-01
 9057   0.21948000E+00
 9058   0.78742000E+00
 9059   0.62223000E+00
 9060   0.43935000E+00
 9061   0.28009000E+00
 9062   0.24003000E+00
 9063   0.85357000E+00
 9064   0.74839000E+00
 9065   0.72980000E+00
 9066   0.62328000E+00
 9067   0.46404000E+00
 9068   0.35621000E+00
 9069   0.22068800E+01
 9070   0.85766200E+01
 9071   0.10203340E+02
 9072   0.64883900E+01
 9073   0.30199700E+01
 9074   0.12001600E+01
 9075   0.69292000E+00
 9076   0.40716000E+00
 9077   0.27362000E+00
 9078   0.25513000E+00
 9079   0.71630000E-01
 9080   0.37790000E-01
 9081   0.25250000E-01
 9082   0.18840000E-01
 9083   0.14940000E-01
 9084   0.12310000E-01
 9085   0.10400000E-01
 9086   0.89500000E-02
 9087   0.78100000E-02
 9088   0.68900000E-02
 9089   0.61400000E-02
 9090   0.55000000E-02
 9091   0.49600000E-02
 9092   0.45000000E-02
 9093   0.41100000E-02
 9094   0.37600000E-02
 9095   0.34600000E-02
 9096   0.31900000E-02
 9097   0.29500000E-02
 9098   0.27400000E-02
 9099   0.25500000E-02
 9100   0.23800000E-02
 9101   0.22300000E-02
 9102   0.20900000E-02
 9103   0.19600000E-02
 9104   0.18500000E-02
 9105   0.17400000E-02
 9106   0.16400000E-02
 9107   0.15500000E-02
 9108   0.14700000E-02
 9109   0.40783000E+00
 9110   0.36452000E+01
 9111   0.88277200E+01
 9112   0.11774130E+02
 9113   0.96876700E+01
 9114   0.59918700E+01
 9115   0.26898000E+01
 9116   0.12981500E+01
 9117   0.81501000E+00
 9118   0.58011000E+00
 9119   0.40705000E+00
 9120   0.29916000E+00
 9121   0.27759000E+00
 9122   0.11767000E+00
 9123   0.66000000E-01
 9124   0.44670000E-01
 9125   0.32780000E-01
 9126   0.25240000E-01
 9127   0.20100000E-01
 9128   0.16410000E-01
 9129   0.13660000E-01
 9130   0.11560000E-01
 9131   0.99100000E-02
 9132   0.86000000E-02
 9133   0.75600000E-02
 9134   0.67400000E-02
 9135   0.61100000E-02
 9136   0.66200000E-02
 9137   0.60221000E+00
 9138   0.14047800E+01
 9139   0.18765000E+01
 9140   0.16810300E+01
 9141   0.12553800E+01
 9142   0.90906000E+00
 9143   0.69335000E+00
 9144   0.52712000E+00
 9145   0.40990000E+00
 9146   0.30646000E+00
 9147   0.27866000E+00
 9148   0.15079000E+00
 9149   0.89980000E-01
 9150   0.61170000E-01
 9151   0.44130000E-01
 9152   0.33260000E-01
 9153   0.25930000E-01
 9154   0.20770000E-01
 9155   0.17010000E-01
 9156   0.14190000E-01
 9157   0.38381000E+00
 9158   0.15445600E+01
 9159   0.26340400E+01
 9160   0.33268100E+01
 9161   0.33379900E+01
 9162   0.19883500E+01
 9163   0.11410500E+01
 9164   0.76880000E+00
 9165   0.56613000E+00
 9166   0.45775000E+00
 9167   0.36315000E+00
 9168   0.29349000E+00
 9169   0.27364000E+00
 9170   0.16203000E+00
 9171   0.10734000E+00
 9172   0.74690000E-01
 9173   0.53410000E-01
 9174   0.39800000E-01
 9175   0.30860000E-01
 9176   0.24640000E-01
 9177   0.20090000E-01
 9178   0.16650000E-01
 9179   0.14000000E-01
 9180   0.11930000E-01
 9181   0.10280000E-01
 9182   0.89500000E-02
 9183   0.78600000E-02
 9184   0.69700000E-02
 9185   0.62100000E-02
 9186   0.55800000E-02
 9187   0.50400000E-02
 9188   0.45700000E-02
 9189   0.41700000E-02
 9190   0.38200000E-02
 9191   0.35100000E-02
 9192   0.32400000E-02
 9193   0.30000000E-02
 9194   0.27800000E-02
 9195   0.25900000E-02
 9196   0.24200000E-02
 9197   0.27963000E+00
 9198   0.36471000E+00
 9199   0.42409000E+00
 9200   0.45140000E+00
 9201   0.42398000E+00
 9202   0.38409000E+00
 9203   0.35098000E+00
 9204   0.29356000E+00
 9205   0.21826000E+00
 9206   0.12193000E+00
 9207   0.82330000E-01
 9208   0.28299000E+00
 9209   0.11403000E+01
 9210   0.17823800E+01
 9211   0.25521000E+01
 9212   0.31269700E+01
 9213   0.21026100E+01
 9214   0.11671900E+01
 9215   0.78240000E+00
 9216   0.55662000E+00
 9217   0.39327000E+00
 9218   0.29063000E+00
 9219   0.26826000E+00
 9220   0.11431000E+00
 9221   0.17544000E+00
 9222   0.24687000E+00
 9223   0.16069000E+00
 9224   0.25863000E+00
 9225   0.26130000E+00
 9226   0.17972000E+00
 9227   0.10260000E+00
 9228   0.63280000E-01
 9229   0.42190000E-01
 9230   0.43796000E+00
 9231   0.11342300E+01
 9232   0.14103000E+01
 9233   0.17085900E+01
 9234   0.20358800E+01
 9235   0.14386000E+01
 9236   0.97165000E+00
 9237   0.72103000E+00
 9238   0.55049000E+00
 9239   0.74938000E+00
 9240   0.12917100E+01
 9241   0.18987500E+01
 9242   0.28702200E+01
 9243   0.32497400E+01
 9244   0.18015600E+01
 9245   0.10471000E+01
 9246   0.70721000E+00
 9247   0.50639000E+00
 9248   0.34773000E+00
 9249   0.27811000E+00
 9250   0.21023000E+00
 9251   0.88530000E-01
 9252   0.57360000E-01
 9253   0.40900000E-01
 9254   0.30790000E-01
 9255   0.24060000E-01
 9256   0.19350000E-01
 9257   0.15910000E-01
 9258   0.13320000E-01
 9259   0.11320000E-01
 9260   0.97500000E-02
 9261   0.84800000E-02
 9262   0.51716000E+00
 9263   0.25910700E+01
 9264   0.70573800E+01
 9265   0.13999210E+02
 9266   0.16544170E+02
 9267   0.18661060E+02
 9268   0.25173320E+02
 9269   0.19206580E+02
 9270   0.15814200E+02
 9271   0.23015070E+02
 9272   0.49661650E+02
 9273   0.72829010E+02
 9274   0.14671426E+03
 9275   0.21945746E+03
 9276   0.19132544E+03
 9277   0.21697885E+03
 9278   0.17815094E+03
 9279   0.22433567E+03
 9280   0.20379209E+03
 9281   0.27013621E+03
 9282   0.14483239E+03
 9283   0.18249446E+03
 9284   0.16782342E+03
 9285   0.14428296E+03
 9286   0.13862756E+03
 9287   0.10147542E+03
 9288   0.69324260E+02
 9289   0.80375250E+02
 9290   0.13548687E+03
 9291   0.19359740E+03
 9292   0.93889720E+02
 9293   0.59914300E+02
 9294   0.60631540E+02
 9295   0.97950900E+02
 9296   0.87016890E+02
 9297   0.58993780E+02
 9298   0.42328490E+02
 9299   0.28229710E+02
 9300   0.28019950E+02
 9301   0.29010720E+02
 9302   0.22759890E+02
 9303   0.20042170E+02
 9304   0.32687210E+02
 9305   0.10318041E+03
 9306   0.11349147E+03
 9307   0.86312340E+02
 9308   0.53408090E+02
 9309   0.34615370E+02
 9310   0.28038990E+02
 9311   0.23490890E+02
 9312   0.15969420E+02
 9313   0.91622600E+01
 9314   0.52919800E+01
 9315   0.50285500E+01
 9316   0.10245660E+02
 9317   0.26031560E+02
 9318   0.38381600E+02
 9319   0.44331060E+02
 9320   0.60133070E+02
 9321   0.98844610E+02
 9322   0.61756320E+02
 9323   0.32865770E+02
 9324   0.27426550E+02
 9325   0.22865690E+02
 9326   0.16288030E+02
 9327   0.13916770E+02
 9328   0.15828170E+02
 9329   0.17761800E+02
 9330   0.16852810E+02
 9331   0.12797550E+02
 9332   0.10617230E+02
 9333   0.81255900E+01
 9334   0.81672700E+01
 9335   0.11071090E+02
 9336   0.96641200E+01
 9337   0.54286500E+01
 9338   0.66478200E+01
 9339   0.41529560E+02
 9340   0.67477920E+02
 9341   0.10512679E+03
 9342   0.65056620E+02
 9343   0.50210940E+02
 9344   0.10484167E+03
 9345   0.19534421E+03
 9346   0.13202307E+03
 9347   0.94113600E+02
 9348   0.82453700E+02
 9349   0.87260210E+02
 9350   0.83580700E+02
 9351   0.86395400E+02
 9352   0.11528428E+03
 9353   0.15842329E+03
 9354   0.19607054E+03
 9355   0.19637221E+03
 9356   0.16520915E+03
 9357   0.13990455E+03
 9358   0.84808950E+02
 9359   0.36976270E+02
 9360   0.17857230E+02
 9361   0.91591000E+01
 9362   0.54880200E+01
 9363   0.13129580E+02
 9364   0.45860320E+02
 9365   0.63302140E+02
 9366   0.44058970E+02
 9367   0.24825070E+02
 9368   0.14084540E+02
 9369   0.93588600E+01
 9370   0.10135890E+02
 9371   0.12060130E+02
 9372   0.12141970E+02
 9373   0.16637660E+02
 9374   0.25352960E+02
 9375   0.23169660E+02
 9376   0.14282980E+02
 9377   0.81705200E+01
 9378   0.45907800E+01
 9379   0.33026600E+01
 9380   0.26514930E+02
 9381   0.46085100E+02
 9382   0.28921620E+02
 9383   0.16704810E+02
 9384   0.97761500E+01
 9385   0.59312800E+01
 9386   0.39558100E+01
 9387   0.20556900E+01
 9388   0.11441700E+01
 9389   0.76542000E+00
 9390   0.54717000E+00
 9391   0.38872000E+00
 9392   0.29024000E+00
 9393   0.26729000E+00
 9394   0.11564000E+00
 9395   0.68680000E-01
 9396   0.47100000E-01
 9397   0.34610000E-01
 9398   0.26590000E-01
 9399   0.21110000E-01
 9400   0.86707000E+00
 9401   0.78979270E+02
 9402   0.85514310E+02
 9403   0.40630220E+02
 9404   0.20108850E+02
 9405   0.10983590E+02
 9406   0.56185400E+01
 9407   0.38735600E+01
 9408   0.60081800E+01
 9409   0.18319360E+02
 9410   0.20243110E+02
 9411   0.13663610E+02
 9412   0.72945000E+01
 9413   0.32710800E+01
 9414   0.13335300E+01
 9415   0.78010000E+00
 9416   0.52373000E+00
 9417   0.35010000E+00
 9418   0.25670000E+00
 9419   0.17882000E+00
 9420   0.71900000E-01
 9421   0.45840000E-01
 9422   0.32910000E-01
 9423   0.25140000E-01
 9424   0.19960000E-01
 9425   0.16290000E-01
 9426   0.13580000E-01
 9427   0.11510000E-01
 9428   0.98800000E-02
 9429   0.85800000E-02
 9430   0.75400000E-02
 9431   0.53469000E+00
 9432   0.14375900E+01
 9433   0.19426700E+01
 9434   0.43045500E+01
 9435   0.71260100E+01
 9436   0.60653900E+01
 9437   0.32903500E+01
 9438   0.13597000E+01
 9439   0.81259000E+00
 9440   0.56455000E+00
 9441   0.37689000E+00
 9442   0.32217000E+00
 9443   0.34380100E+01
 9444   0.11545180E+02
 9445   0.17250030E+02
 9446   0.14367030E+02
 9447   0.93922800E+01
 9448   0.51477900E+01
 9449   0.20919600E+01
 9450   0.11157200E+01
 9451   0.71492000E+00
 9452   0.48691000E+00
 9453   0.33462000E+00
 9454   0.25938000E+00
 9455   0.29010000E+00
 9456   0.27933000E+00
 9457   0.24790000E+00
 9458   0.19333000E+00
 9459   0.30138000E+00
 9460   0.28224600E+01
 9461   0.83515600E+01
 9462   0.11779530E+02
 9463   0.11662720E+02
 9464   0.89256800E+01
 9465   0.56453000E+01
 9466   0.26000100E+01
 9467   0.12864500E+01
 9468   0.80705000E+00
 9469   0.56958000E+00
 9470   0.39837000E+00
 9471   0.29202000E+00
 9472   0.26355000E+00
 9473   0.10467000E+00
 9474   0.10133100E+01
 9475   0.20341100E+01
 9476   0.29379800E+01
 9477   0.38103000E+01
 9478   0.35783900E+01
 9479   0.17772800E+01
 9480   0.10282400E+01
 9481   0.70356000E+00
 9482   0.50832000E+00
 9483   0.34852000E+00
 9484   0.26540000E+00
 9485   0.23617000E+00
 9486   0.86120000E-01
 9487   0.54380000E-01
 9488   0.38540000E-01
 9489   0.29030000E-01
 9490   0.22750000E-01
 9491   0.18350000E-01
 9492   0.15140000E-01
 9493   0.12710000E-01
 9494   0.10830000E-01
 9495   0.93400000E-02
 9496   0.81500000E-02
 9497   0.71700000E-02
 9498   0.63600000E-02
 9499   0.56800000E-02
 9500   0.51000000E-02
 9501   0.46100000E-02
 9502   0.65200000E-02
 9503   0.32263000E+00
 9504   0.32115000E+00
 9505   0.35592000E+00
 9506   0.42998000E+00
 9507   0.49673000E+00
 9508   0.50530000E+00
 9509   0.85563000E+00
 9510   0.13795700E+01
 9511   0.19860300E+01
 9512   0.22217500E+01
 9513   0.13282200E+01
 9514   0.89537000E+00
 9515   0.65292000E+00
 9516   0.49998000E+00
 9517   0.37596000E+00
 9518   0.28800000E+00
 9519   0.27346000E+00
 9520   0.12931000E+00
 9521   0.74560000E-01
 9522   0.50480000E-01
 9523   0.36700000E-01
 9524   0.27940000E-01
 9525   0.21990000E-01
 9526   0.17770000E-01
 9527   0.14670000E-01
 9528   0.12310000E-01
 9529   0.10490000E-01
 9530   0.15590000E-01
 9531   0.65033000E+00
 9532   0.92733000E+00
 9533   0.74723000E+00
 9534   0.61795000E+00
 9535   0.51600000E+00
 9536   0.44245000E+00
 9537   0.38748000E+00
 9538   0.31847000E+00
 9539   0.28903000E+00
 9540   0.20022000E+00
 9541   0.12245000E+00
 9542   0.85890000E-01
 9543   0.60780000E-01
 9544   0.44320000E-01
 9545   0.33430000E-01
 9546   0.26010000E-01
 9547   0.20780000E-01
 9548   0.16970000E-01
 9549   0.14120000E-01
 9550   0.11930000E-01
 9551   0.10210000E-01
 9552   0.88400000E-02
 9553   0.77400000E-02
 9554   0.68200000E-02
 9555   0.60700000E-02
 9556   0.54300000E-02
 9557   0.62300000E-02
 9558   0.38446000E+00
 9559   0.13136100E+01
 9560   0.23216700E+01
 9561   0.30759400E+01
 9562   0.39313300E+01
 9563   0.39200500E+01
 9564   0.36462100E+01
 9565   0.57691800E+01
 9566   0.11427350E+02
 9567   0.19789420E+02
 9568   0.17065870E+02
 9569   0.11686340E+02
 9570   0.79101200E+01
 9571   0.52870700E+01
 9572   0.44626100E+01
 9573   0.41149800E+01
 9574   0.36604000E+01
 9575   0.27688900E+01
 9576   0.22864400E+01
 9577   0.29779500E+01
 9578   0.64284700E+01
 9579   0.16127730E+02
 9580   0.21319940E+02
 9581   0.16911170E+02
 9582   0.12610720E+02
 9583   0.94370400E+01
 9584   0.64155000E+01
 9585   0.36937900E+01
 9586   0.29894000E+01
 9587   0.37357300E+01
 9588   0.45822200E+01
 9589   0.63460500E+01
 9590   0.83754700E+01
 9591   0.91521200E+01
 9592   0.87103100E+01
 9593   0.71938800E+01
 9594   0.55475000E+01
 9595   0.40827500E+01
 9596   0.20868100E+01
 9597   0.11775400E+01
 9598   0.79226000E+00
 9599   0.57494000E+00
 9600   0.43445000E+00
 9601   0.31557000E+00
 9602   0.29947000E+00
 9603   0.22927000E+00
 9604   0.73000000E+00
 9605   0.33641300E+01
 9606   0.12753890E+02
 9607   0.30258170E+02
 9608   0.36075820E+02
 9609   0.43469580E+02
 9610   0.66109780E+02
 9611   0.97607120E+02
 9612   0.75243320E+02
 9613   0.58772000E+02
 9614   0.41307990E+02
 9615   0.41871160E+02
 9616   0.53714110E+02
 9617   0.67675290E+02
 9618   0.11800826E+03
 9619   0.87865380E+02
 9620   0.58569470E+02
 9621   0.35796430E+02
 9622   0.22803180E+02
 9623   0.18377880E+02
 9624   0.26158920E+02
 9625   0.24073390E+02
 9626   0.17859340E+02
 9627   0.16102770E+02
 9628   0.28040010E+02
 9629   0.24555040E+02
 9630   0.16968380E+02
 9631   0.11886570E+02
 9632   0.91143500E+01
 9633   0.10643950E+02
 9634   0.16567770E+02
 9635   0.37379640E+02
 9636   0.62828580E+02
 9637   0.90272940E+02
 9638   0.64906500E+02
 9639   0.38158650E+02
 9640   0.22866430E+02
 9641   0.19111220E+02
 9642   0.63176330E+02
 9643   0.13544997E+03
 9644   0.11594810E+03
 9645   0.52806830E+02
 9646   0.24515580E+02
 9647   0.15127400E+02
 9648   0.13035590E+02
 9649   0.54201740E+02
 9650   0.10598185E+03
 9651   0.12769767E+03
 9652   0.13084635E+03
 9653   0.12738190E+03
 9654   0.10432211E+03
 9655   0.86860220E+02
 9656   0.10259227E+03
 9657   0.63189650E+02
 9658   0.29519950E+02
 9659   0.15251870E+02
 9660   0.81974000E+01
 9661   0.37326800E+01
 9662   0.15543600E+01
 9663   0.90053000E+00
 9664   0.60579000E+00
 9665   0.40809000E+00
 9666   0.29327000E+00
 9667   0.26508000E+00
 9668   0.10260000E+00
 9669   0.59590000E-01
 9670   0.50198000E+00
 9671   0.25558513E+03
 9672   0.29927298E+03
 9673   0.29567077E+03
 9674   0.21052141E+03
 9675   0.15628554E+03
 9676   0.10847451E+03
 9677   0.12803532E+03
 9678   0.37696412E+03
 9679   0.31096354E+03
 9680   0.16533407E+03
 9681   0.21692107E+03
 9682   0.30949113E+03
 9683   0.31769419E+03
 9684   0.27307239E+03
 9685   0.29391237E+03
 9686   0.22884030E+03
 9687   0.14848643E+03
 9688   0.13956037E+03
 9689   0.12093953E+03
 9690   0.11037249E+03
 9691   0.10847614E+03
 9692   0.10922248E+03
 9693   0.13135886E+03
 9694   0.18234079E+03
 9695   0.23869058E+03
 9696   0.22743077E+03
 9697   0.23596858E+03
 9698   0.18790923E+03
 9699   0.61754201E+03
 9700   0.26334596E+03
 9701   0.99407820E+02
 9702   0.43129690E+02
 9703   0.21296650E+02
 9704   0.11382680E+02
 9705   0.72064400E+01
 9706   0.65856800E+01
 9707   0.58469100E+01
 9708   0.12249770E+02
 9709   0.44502990E+02
 9710   0.39239850E+02
 9711   0.27772240E+02
 9712   0.18156280E+02
 9713   0.11916200E+02
 9714   0.71194900E+01
 9715   0.40349600E+01
 9716   0.41623700E+01
 9717   0.68569340E+02
 9718   0.48495590E+02
 9719   0.22190270E+02
 9720   0.10368570E+02
 9721   0.47395900E+01
 9722   0.31754500E+01
 9723   0.34262400E+01
 9724   0.35373600E+01
 9725   0.29411500E+01
 9726   0.15715600E+01
 9727   0.96366000E+00
 9728   0.84341000E+00
 9729   0.31250500E+01
 9730   0.65265000E+01
 9731   0.96509200E+01
 9732   0.84349600E+01
 9733   0.53798700E+01
 9734   0.22866300E+01
 9735   0.17663900E+01
 9736   0.16707900E+01
 9737   0.99587000E+00
 9738   0.65508000E+00
 9739   0.41038000E+00
 9740   0.27865000E+00
 9741   0.25495000E+00
 9742   0.80020000E-01
 9743   0.45820000E-01
 9744   0.31610000E-01
 9745   0.23780000E-01
 9746   0.18790000E-01
 9747   0.15330000E-01
 9748   0.14386900E+01
 9749   0.14083470E+02
 9750   0.20383780E+02
 9751   0.16173170E+02
 9752   0.10925980E+02
 9753   0.63488000E+01
 9754   0.30081500E+01
 9755   0.13239800E+01
 9756   0.97086000E+00
 9757   0.81066000E+00
 9758   0.17552400E+01
 9759   0.28693600E+01
 9760   0.11008410E+02
 9761   0.62902900E+02
 9762   0.48216900E+02
 9763   0.24899010E+02
 9764   0.13317530E+02
 9765   0.68173200E+01
 9766   0.27368500E+01
 9767   0.12754700E+01
 9768   0.77548000E+00
 9769   0.52366000E+00
 9770   0.34725000E+00
 9771   0.25596000E+00
 9772   0.19771000E+00
 9773   0.72210000E-01
 9774   0.45430000E-01
 9775   0.32460000E-01
 9776   0.24750000E-01
 9777   0.19650000E-01
 9778   0.16040000E-01
 9779   0.13380000E-01
 9780   0.11340000E-01
 9781   0.97500000E-02
 9782   0.84700000E-02
 9783   0.74400000E-02
 9784   0.65800000E-02
 9785   0.58800000E-02
 9786   0.53100000E-02
 9787   0.48600000E-02
 9788   0.44900000E-02
 9789   0.41500000E-02
 9790   0.38400000E-02
 9791   0.35400000E-02
 9792   0.32700000E-02
 9793   0.30200000E-02
 9794   0.28000000E-02
 9795   0.26000000E-02
 9796   0.24200000E-02
 9797   0.22500000E-02
 9798   0.21000000E-02
 9799   0.19700000E-02
 9800   0.18500000E-02
 9801   0.17400000E-02
 9802   0.16400000E-02
 9803   0.15500000E-02
 9804   0.14600000E-02
 9805   0.39409000E+00
 9806   0.11074900E+01
 9807   0.13051200E+01
 9808   0.79030000E+00
 9809   0.53700000E+00
 9810   0.32645000E+00
 9811   0.26276000E+00
 9812   0.95940000E-01
 9813   0.44190000E-01
 9814   0.27250000E-01
 9815   0.19050000E-01
 9816   0.14280000E-01
 9817   0.11200000E-01
 9818   0.90700000E-02
 9819   0.75100000E-02
 9820   0.63400000E-02
 9821   0.54200000E-02
 9822   0.47000000E-02
 9823   0.41100000E-02
 9824   0.36300000E-02
 9825   0.32300000E-02
 9826   0.28900000E-02
 9827   0.26100000E-02
 9828   0.23600000E-02
 9829   0.57857000E+00
 9830   0.42147000E+01
 9831   0.12151340E+02
 9832   0.16575720E+02
 9833   0.13461810E+02
 9834   0.87598100E+01
 9835   0.47685800E+01
 9836   0.20084000E+01
 9837   0.11089200E+01
 9838   0.72891000E+00
 9839   0.52151000E+00
 9840   0.35922000E+00
 9841   0.32734800E+01
 9842   0.23596720E+02
 9843   0.42586370E+02
 9844   0.29151090E+02
 9845   0.16987460E+02
 9846   0.10838730E+02
 9847   0.86622600E+01
 9848   0.82368700E+01
 9849   0.12169860E+02
 9850   0.19663210E+02
 9851   0.21772050E+02
 9852   0.19843030E+02
 9853   0.13760460E+02
 9854   0.88898900E+01
 9855   0.49337200E+01
 9856   0.21318000E+01
 9857   0.11750600E+01
 9858   0.77782000E+00
 9859   0.56080000E+00
 9860   0.39412000E+00
 9861   0.28867000E+00
 9862   0.26758000E+00
 9863   0.10311000E+00
 9864   0.58600000E-01
 9865   0.40000000E-01
 9866   0.29670000E-01
 9867   0.23110000E-01
 9868   0.18610000E-01
 9869   0.15360000E-01
 9870   0.12920000E-01
 9871   0.11030000E-01
 9872   0.95300000E-02
 9873   0.83300000E-02
 9874   0.73500000E-02
 9875   0.65300000E-02
 9876   0.58400000E-02
 9877   0.52600000E-02
 9878   0.47600000E-02
 9879   0.43300000E-02
 9880   0.39600000E-02
 9881   0.36300000E-02
 9882   0.33400000E-02
 9883   0.30900000E-02
 9884   0.11900000E-01
 9885   0.13473300E+01
 9886   0.39790700E+01
 9887   0.91893800E+01
 9888   0.11859350E+02
 9889   0.91135200E+01
 9890   0.55933800E+01
 9891   0.24362400E+01
 9892   0.12312700E+01
 9893   0.78748000E+00
 9894   0.57857000E+00
 9895   0.45126000E+00
 9896   0.33782000E+00
 9897   0.29046000E+00
 9898   0.25601000E+00
 9899   0.12564000E+00
 9900   0.81030000E-01
 9901   0.59120000E-01
 9902   0.46760000E-01
 9903   0.37480000E-01
 9904   0.30370000E-01
 9905   0.25000000E-01
 9906   0.20890000E-01
 9907   0.17680000E-01
 9908   0.15120000E-01
 9909   0.13050000E-01
 9910   0.11460000E-01
 9911   0.10740000E-01
 9912   0.90630000E-01
 9913   0.12692000E+00
 9914   0.10023000E+00
 9915   0.74350000E-01
 9916   0.55170000E-01
 9917   0.41820000E-01
 9918   0.32510000E-01
 9919   0.25950000E-01
 9920   0.21980000E-01
 9921   0.20250000E-01
 9922   0.19070000E-01
 9923   0.17660000E-01
 9924   0.28486000E+01
 9925   0.10878310E+02
 9926   0.19007440E+02
 9927   0.15252290E+02
 9928   0.98120800E+01
 9929   0.64736600E+01
 9930   0.72860900E+01
 9931   0.17029140E+02
 9932   0.23434920E+02
 9933   0.16620160E+02
 9934   0.10960380E+02
 9935   0.75445700E+01
 9936   0.54179100E+01
 9937   0.42405200E+01
 9938   0.43524200E+01
 9939   0.47297700E+01
 9940   0.42123600E+01
 9941   0.25892400E+01
 9942   0.12731000E+01
 9943   0.11863300E+01
 9944   0.10805600E+01
 9945   0.20517700E+01
 9946   0.56650700E+01
 9947   0.14972890E+02
 9948   0.20765940E+02
 9949   0.17133120E+02
 9950   0.12779950E+02
 9951   0.12760540E+02
 9952   0.18184660E+02
 9953   0.84040330E+02
 9954   0.20771276E+03
 9955   0.12506324E+03
 9956   0.66039260E+02
 9957   0.40581270E+02
 9958   0.27277410E+02
 9959   0.28142810E+02
 9960   0.57874790E+02
 9961   0.60623450E+02
 9962   0.41891920E+02
 9963   0.58523480E+02
 9964   0.61861040E+02
 9965   0.38056280E+02
 9966   0.21494840E+02
 9967   0.15963500E+02
 9968   0.15341560E+02
 9969   0.18973920E+02
 9970   0.15507480E+02
 9971   0.14825710E+02
 9972   0.14932670E+02
 9973   0.17563990E+02
 9974   0.13077390E+02
 9975   0.12478320E+02
 9976   0.17007580E+02
 9977   0.28496740E+02
 9978   0.22191250E+02
 9979   0.13721030E+02
 9980   0.85857200E+01
 9981   0.52898700E+01
 9982   0.33660700E+01
 9983   0.18637700E+01
 9984   0.21650600E+01
 9985   0.24038800E+01
 9986   0.27815200E+01
 9987   0.30201800E+01
 9988   0.60465100E+01
 9989   0.25254660E+02
 9990   0.65300720E+02
 9991   0.41541120E+02
 9992   0.22395520E+02
 9993   0.12470410E+02
 9994   0.66392200E+01
 9995   0.28240800E+01
 9996   0.13387500E+01
 9997   0.88590000E+00
 9998   0.83686100E+01
 9999   0.41448410E+02
10000   0.49422720E+02
10001   0.52388510E+02
10002   0.59952730E+02
10003   0.36372660E+02
10004   0.19368110E+02
10005   0.11930990E+02
10006   0.86389100E+01
10007   0.77046600E+01
10008   0.94561800E+01
10009   0.10267340E+02
10010   0.12566850E+02
10011   0.45031130E+02
10012   0.48916100E+02
10013   0.42232360E+02
10014   0.43240020E+02
10015   0.60964520E+02
10016   0.59823900E+02
10017   0.40741010E+02
10018   0.28931360E+02
10019   0.53377740E+02
10020   0.14465673E+03
10021   0.81086930E+02
10022   0.62178420E+02
10023   0.64799610E+02
10024   0.47886850E+02
10025   0.41754850E+02
10026   0.80566480E+02
10027   0.80676600E+02
10028   0.73811450E+02
10029   0.53804544E+03
10030   0.33031659E+03
10031   0.15168061E+03
10032   0.82841230E+02
10033   0.54594210E+02
10034   0.59498020E+02
10035   0.83932140E+02
10036   0.82101590E+02
10037   0.80655560E+02
10038   0.10685833E+03
10039   0.98726130E+02
10040   0.97505590E+02
10041   0.13137263E+03
10042   0.15898489E+03
10043   0.12643305E+03
10044   0.93327990E+02
10045   0.76656540E+02
10046   0.73641900E+02
10047   0.69457450E+02
10048   0.69020870E+02
10049   0.67292220E+02
10050   0.58302950E+02
10051   0.46206190E+02
10052   0.31340490E+02
10053   0.25820930E+02
10054   0.69167920E+02
10055   0.51189020E+02
10056   0.29621780E+02
10057   0.23508700E+02
10058   0.19566630E+02
10059   0.23153860E+02
10060   0.36945160E+02
10061   0.36151390E+02
10062   0.69872570E+02
10063   0.13764755E+03
10064   0.52603604E+03
10065   0.48663800E+03
10066   0.25568229E+03
10067   0.12881949E+03
10068   0.10315863E+03
10069   0.14147759E+03
10070   0.15638961E+03
10071   0.12371286E+03
10072   0.11215644E+03
10073   0.14367980E+03
10074   0.15178362E+03
10075   0.16021529E+03
10076   0.22517401E+03
10077   0.36709600E+03
10078   0.20508358E+03
10079   0.13497695E+03
10080   0.12146067E+03
10081   0.10742627E+03
10082   0.13168608E+03
10083   0.19052470E+03
10084   0.10792175E+03
10085   0.58105200E+02
10086   0.35465550E+02
10087   0.25174670E+02
10088   0.26900390E+02
10089   0.51711900E+02
10090   0.87158870E+02
10091   0.11648245E+03
10092   0.12665599E+03
10093   0.15416548E+03
10094   0.30524403E+03
10095   0.32040194E+03
10096   0.15375182E+03
10097   0.51384690E+02
10098   0.23101630E+02
10099   0.14250160E+02
10100   0.19441180E+02
10101   0.46330870E+02
10102   0.69167630E+02
10103   0.45840760E+02
10104   0.31248460E+02
10105   0.34197160E+02
10106   0.43676750E+02
10107   0.51910250E+02
10108   0.46798560E+02
10109   0.29511770E+02
10110   0.17985560E+02
10111   0.26937200E+02
10112   0.63493210E+02
10113   0.10023274E+03
10114   0.92586170E+02
10115   0.13705060E+03
10116   0.12369327E+03
10117   0.64013150E+02
10118   0.30197400E+02
10119   0.15794390E+02
10120   0.84935600E+01
10121   0.39399500E+01
10122   0.16671900E+01
10123   0.26256100E+01
10124   0.41216900E+01
10125   0.49485300E+01
10126   0.41856100E+01
10127   0.50156500E+01
10128   0.72962600E+01
10129   0.74465700E+01
10130   0.50016500E+01
10131   0.22044600E+01
10132   0.99722000E+00
10133   0.62185000E+00
10134   0.38792000E+00
10135   0.27071000E+00
10136   0.24869000E+00
10137   0.76700000E-01
10138   0.45070000E-01
10139   0.31440000E-01
10140   0.23780000E-01
10141   0.18850000E-01
10142   0.15410000E-01
10143   0.12880000E-01
10144   0.10950000E-01
10145   0.94300000E-02
10146   0.82200000E-02
10147   0.72300000E-02
10148   0.64200000E-02
10149   0.57300000E-02
10150   0.51600000E-02
10151   0.46600000E-02
10152   0.42400000E-02
10153   0.52000000E-02
10154   0.60100000E-02
10155   0.72800000E-02
10156   0.82700000E-02
10157   0.84700000E-02
10158   0.82200000E-02
10159   0.77900000E-02
10160   0.72700000E-02
10161   0.66900000E-02
10162   0.61100000E-02
10163   0.55400000E-02
10164   0.50100000E-02
10165   0.45300000E-02
10166   0.40900000E-02
10167   0.37100000E-02
10168   0.33600000E-02
10169   0.30600000E-02
10170   0.27900000E-02
10171   0.25600000E-02
10172   0.23500000E-02
10173   0.21600000E-02
10174   0.20000000E-02
10175   0.18500000E-02
10176   0.17200000E-02
10177   0.16000000E-02
10178   0.15000000E-02
10179   0.14000000E-02
10180   0.13200000E-02
10181   0.12600000E-02
10182   0.12400000E-02
10183   0.12900000E-02
10184   0.18900000E-02
10185   0.51200000E-02
10186   0.96460000E-01
10187   0.11224000E+00
10188   0.10082000E+00
10189   0.77610000E-01
10190   0.57620000E-01
10191   0.43380000E-01
10192   0.33719000E+00
10193   0.87606000E+00
10194   0.14743100E+01
10195   0.20117300E+01
10196   0.15381600E+01
10197   0.10257600E+01
10198   0.72860000E+00
10199   0.53829000E+00
10200   0.39574000E+00
10201   0.28759000E+00
10202   0.26120000E+00
10203   0.11092000E+00
10204   0.67790000E-01
10205   0.30001000E+00
10206   0.22876900E+01
10207   0.67519400E+01
10208   0.13313900E+02
10209   0.14571520E+02
10210   0.10169880E+02
10211   0.59372500E+01
10212   0.47330600E+01
10213   0.68847800E+01
10214   0.14491740E+02
10215   0.18256730E+02
10216   0.13408110E+02
10217   0.86456600E+01
10218   0.46324700E+01
10219   0.18650500E+01
10220   0.10319100E+01
10221   0.67885000E+00
10222   0.47607000E+00
10223   0.33424000E+00
10224   0.25659000E+00
10225   0.25242000E+00
10226   0.20156000E+00
10227   0.24016000E+00
10228   0.17793000E+00
10229   0.14199000E+00
10230   0.10645000E+00
10231   0.76820000E-01
10232   0.56220000E-01
10233   0.42380000E-01
10234   0.32900000E-01
10235   0.26200000E-01
10236   0.21330000E-01
10237   0.17690000E-01
10238   0.14890000E-01
10239   0.12710000E-01
10240   0.10970000E-01
10241   0.95600000E-02
10242   0.97300000E-02
10243   0.12280000E-01
10244   0.63440000E-01
10245   0.13733000E+00
10246   0.13174000E+00
10247   0.11510000E+00
10248   0.88550000E-01
10249   0.64860000E-01
10250   0.48020000E-01
10251   0.36530000E-01
10252   0.28570000E-01
10253   0.22900000E-01
10254   0.18750000E-01
10255   0.15620000E-01
10256   0.13220000E-01
10257   0.41250000E-01
10258   0.20892000E+00
10259   0.23956000E+00
10260   0.17457000E+00
10261   0.13185000E+00
10262   0.95230000E-01
10263   0.68400000E-01
10264   0.50420000E-01
10265   0.38340000E-01
10266   0.30020000E-01
10267   0.24080000E-01
10268   0.19720000E-01
10269   0.16440000E-01
10270   0.13900000E-01
10271   0.12510000E-01
10272   0.29510000E-01
10273   0.19384000E+00
10274   0.22974000E+00
10275   0.22040000E+00
10276   0.17606000E+00
10277   0.24334000E+00
10278   0.35284000E+00
10279   0.43911000E+00
10280   0.46900000E+00
10281   0.41657000E+00
10282   0.36269000E+00
10283   0.30191000E+00
10284   0.10022200E+01
10285   0.24506300E+01
10286   0.39954700E+01
10287   0.92633300E+01
10288   0.57706390E+02
10289   0.60248570E+02
10290   0.39010010E+02
10291   0.25040580E+02
10292   0.16136410E+02
10293   0.10155420E+02
10294   0.59168300E+01
10295   0.31721300E+01
10296   0.37574800E+01
10297   0.63347400E+01
10298   0.11004330E+02
10299   0.11050410E+02
10300   0.88556700E+01
10301   0.72128500E+01
10302   0.78456100E+01
10303   0.18993680E+02
10304   0.44544940E+02
10305   0.50705820E+02
10306   0.12549248E+03
10307   0.16844202E+03
10308   0.16459311E+03
10309   0.91351490E+02
10310   0.45519310E+02
10311   0.23604320E+02
10312   0.12843630E+02
10313   0.67170200E+01
10314   0.54222300E+01
10315   0.10633910E+02
10316   0.21510710E+02
10317   0.18534840E+02
10318   0.12578080E+02
10319   0.82125800E+01
10320   0.50729100E+01
10321   0.50764400E+01
10322   0.66767900E+01
10323   0.69633100E+01
10324   0.54534000E+01
10325   0.30634800E+01
10326   0.14908200E+01
10327   0.13459100E+01
10328   0.12990500E+01
10329   0.11580400E+01
10330   0.19658800E+01
10331   0.35996700E+01
10332   0.52870700E+01
10333   0.13483860E+02
10334   0.37441830E+02
10335   0.44378950E+02
10336   0.54469770E+02
10337   0.42380730E+02
10338   0.23606570E+02
10339   0.13538530E+02
10340   0.77450600E+01
10341   0.36129100E+01
10342   0.15110600E+01
10343   0.87851000E+00
10344   0.59288000E+00
10345   0.11439500E+01
10346   0.19219900E+01
10347   0.14056520E+02
10348   0.15449745E+03
10349   0.30289618E+03
10350   0.26090888E+03
10351   0.11867159E+03
10352   0.58097180E+02
10353   0.32579420E+02
10354   0.28282640E+02
10355   0.33829520E+02
10356   0.35312570E+02
10357   0.26786470E+02
10358   0.19491640E+02
10359   0.27207560E+02
10360   0.86893360E+02
10361   0.83104700E+02
10362   0.12955196E+03
10363   0.85091860E+02
10364   0.36336450E+02
10365   0.17844370E+02
10366   0.11993930E+02
10367   0.15372030E+02
10368   0.38182280E+02
10369   0.35050940E+02
10370   0.64206610E+02
10371   0.70448320E+02
10372   0.37753030E+02
10373   0.24050340E+02
10374   0.19926280E+02
10375   0.16903540E+02
10376   0.11236870E+02
10377   0.66843800E+01
10378   0.55202800E+01
10379   0.15758160E+02
10380   0.72742270E+02
10381   0.52683400E+02
10382   0.27697240E+02
10383   0.16644060E+02
10384   0.16495290E+02
10385   0.10476233E+03
10386   0.22779529E+03
10387   0.14906508E+03
10388   0.84189530E+02
10389   0.47903980E+02
10390   0.32341810E+02
10391   0.23409590E+02
10392   0.16665610E+02
10393   0.12510630E+02
10394   0.14652960E+02
10395   0.28444620E+02
10396   0.36016360E+02
10397   0.29661980E+02
10398   0.35162800E+02
10399   0.66001850E+02
10400   0.92792290E+02
10401   0.74836580E+02
10402   0.47574400E+02
10403   0.29167630E+02
10404   0.21666940E+02
10405   0.17790490E+02
10406   0.27890880E+02
10407   0.15954083E+03
10408   0.31224324E+03
10409   0.21642297E+03
10410   0.12183947E+03
10411   0.81294200E+02
10412   0.69996870E+02
10413   0.61079850E+02
10414   0.48678110E+02
10415   0.48127910E+02
10416   0.46787400E+02
10417   0.36557550E+02
10418   0.34961970E+02
10419   0.67758310E+02
10420   0.10744623E+03
10421   0.88240540E+02
10422   0.45832310E+02
10423   0.31107570E+02
10424   0.24839310E+02
10425   0.36166790E+02
10426   0.53289900E+02
10427   0.80610330E+02
10428   0.66949590E+02
10429   0.89748550E+02
10430   0.13126509E+03
10431   0.14169349E+03
10432   0.13205699E+03
10433   0.10095139E+03
10434   0.79968640E+02
10435   0.62925780E+02
10436   0.34880150E+02
10437   0.28748290E+02
10438   0.55637220E+02
10439   0.64614280E+02
10440   0.80071060E+02
10441   0.93778040E+02
10442   0.95185870E+02
10443   0.88459030E+02
10444   0.74913420E+02
10445   0.63797990E+02
10446   0.64126620E+02
10447   0.56662610E+02
10448   0.39924230E+02
10449   0.24411560E+02
10450   0.15233990E+02
10451   0.98947700E+01
10452   0.81439900E+01
10453   0.83482800E+01
10454   0.78552100E+01
10455   0.64641800E+01
10456   0.50908900E+01
10457   0.48887300E+01
10458   0.39630320E+02
10459   0.22016166E+03
10460   0.13936206E+03
10461   0.63118290E+02
10462   0.67173390E+02
10463   0.64211000E+02
10464   0.39284550E+02
10465   0.26729900E+02
10466   0.29785910E+02
10467   0.54097630E+02
10468   0.32695320E+02
10469   0.18004720E+02
10470   0.11596280E+02
10471   0.35055640E+02
10472   0.37242290E+02
10473   0.26567070E+02
10474   0.16962140E+02
10475   0.12890600E+02
10476   0.11633500E+02
10477   0.18155970E+02
10478   0.10953022E+03
10479   0.14279840E+03
10480   0.65865510E+02
10481   0.29394720E+02
10482   0.14976260E+02
10483   0.92887200E+01
10484   0.10722000E+02
10485   0.12486181E+03
10486   0.99283280E+02
10487   0.44434110E+02
10488   0.21832400E+02
10489   0.11847230E+02
10490   0.61377600E+01
10491   0.36008700E+01
10492   0.18791800E+01
10493   0.28109900E+01
10494   0.84488100E+01
10495   0.19002230E+02
10496   0.23833810E+02
10497   0.16690500E+02
10498   0.10465350E+02
10499   0.60304000E+01
10500   0.26430700E+01
10501   0.78348500E+01
10502   0.23044640E+02
10503   0.21563810E+02
10504   0.18194430E+02
10505   0.13430730E+02
10506   0.10420970E+02
10507   0.75052500E+01
10508   0.41987300E+01
10509   0.17109500E+01
10510   0.97338000E+00
10511   0.64782000E+00
10512   0.44837000E+00
10513   0.20484500E+01
10514   0.74817770E+02
10515   0.65610260E+02
10516   0.31088650E+02
10517   0.15620360E+02
10518   0.80269700E+01
10519   0.37721100E+01
10520   0.27097500E+01
10521   0.30175000E+01
10522   0.29144400E+01
10523   0.16735500E+01
10524   0.10297100E+01
10525   0.73603000E+00
10526   0.54659000E+00
10527   0.42395000E+00
10528   0.31121000E+00
10529   0.27572000E+00
10530   0.20266000E+00
10531   0.13837300E+01
10532   0.20337400E+01
10533   0.11412500E+01
10534   0.72852000E+00
10535   0.45919000E+00
10536   0.29405000E+00
10537   0.26325000E+00
10538   0.84000000E-01
10539   0.45340000E-01
10540   0.30770000E-01
10541   0.23100000E-01
10542   0.18330000E-01
10543   0.15050000E-01
10544   0.12650000E-01
10545   0.10820000E-01
10546   0.93800000E-02
10547   0.82200000E-02
10548   0.72600000E-02
10549   0.64700000E-02
10550   0.71090000E+00
10551   0.18415900E+01
10552   0.25137900E+01
10553   0.21066900E+01
10554   0.12749900E+01
10555   0.87670000E+00
10556   0.64229000E+00
10557   0.48799000E+00
10558   0.35443000E+00
10559   0.29620000E+00
10560   0.21035000E+00
10561   0.94560000E-01
10562   0.61730000E-01
10563   0.43890000E-01
10564   0.32870000E-01
10565   0.25560000E-01
10566   0.20450000E-01
10567   0.16740000E-01
10568   0.13960000E-01
10569   0.11820000E-01
10570   0.10140000E-01
10571   0.88000000E-02
10572   0.77100000E-02
10573   0.68100000E-02
10574   0.60700000E-02
10575   0.54400000E-02
10576   0.49000000E-02
10577   0.44400000E-02
10578   0.40400000E-02
10579   0.12280000E+00
10580   0.13521500E+01
10581   0.27507600E+01
10582   0.36655900E+01
10583   0.37296700E+01
10584   0.30528000E+01
10585   0.15113100E+01
10586   0.94899000E+00
10587   0.67389000E+00
10588   0.50576000E+00
10589   0.36716000E+00
10590   0.27378000E+00
10591   0.24901000E+00
10592   0.99330000E-01
10593   0.62520000E-01
10594   0.44070000E-01
10595   0.32980000E-01
10596   0.25700000E-01
10597   0.20630000E-01
10598   0.16940000E-01
10599   0.14170000E-01
10600   0.12040000E-01
10601   0.10350000E-01
10602   0.30254400E+01
10603   0.13642530E+02
10604   0.21707860E+02
10605   0.16556850E+02
10606   0.10626750E+02
10607   0.60906200E+01
10608   0.26653200E+01
10609   0.12975300E+01
10610   0.80078000E+00
10611   0.55626000E+00
10612   0.37552000E+00
10613   0.27874000E+00
10614   0.25897000E+00
10615   0.95230000E-01
10616   0.56420000E-01
10617   0.39100000E-01
10618   0.29180000E-01
10619   0.22770000E-01
10620   0.18340000E-01
10621   0.15110000E-01
10622   0.12690000E-01
10623   0.10810000E-01
10624   0.93900000E-02
10625   0.32170000E-01
10626   0.83070000E-01
10627   0.80430000E-01
10628   0.64160000E-01
10629   0.49080000E-01
10630   0.37780000E-01
10631   0.29660000E-01
10632   0.24380000E-01
10633   0.42484000E+00
10634   0.11207400E+01
10635   0.18581100E+01
10636   0.23908900E+01
10637   0.24012900E+01
10638   0.14977700E+01
10639   0.98359000E+00
10640   0.69686000E+00
10641   0.52270000E+00
10642   0.39937000E+00
10643   0.30334000E+00
10644   0.28988000E+00
10645   0.17828000E+00
10646   0.97030000E-01
10647   0.96730000E-01
10648   0.13266100E+01
10649   0.31588800E+01
10650   0.49462700E+01
10651   0.59207000E+01
10652   0.57094400E+01
10653   0.64704000E+01
10654   0.84324800E+01
10655   0.13578940E+02
10656   0.22575270E+02
10657   0.46629200E+02
10658   0.44389780E+02
10659   0.28448120E+02
10660   0.16283340E+02
10661   0.95272100E+01
10662   0.51988800E+01
10663   0.35285300E+01
10664   0.53873200E+01
10665   0.11212990E+02
10666   0.21410150E+02
10667   0.21856640E+02
10668   0.15518290E+02
10669   0.98820100E+01
10670   0.54742900E+01
10671   0.22090000E+01
10672   0.14118100E+01
10673   0.92985000E+00
10674   0.65786000E+00
10675   0.44190000E+00
10676   0.31744000E+00
10677   0.28171000E+00
10678   0.14051000E+00
10679   0.67250000E-01
10680   0.44860000E-01
10681   0.16184900E+01
10682   0.71084100E+01
10683   0.29021800E+02
10684   0.34928360E+02
10685   0.67102900E+02
10686   0.12627462E+03
10687   0.73780760E+02
10688   0.34731720E+02
10689   0.17812750E+02
10690   0.98670100E+01
10691   0.64405800E+01
10692   0.60500100E+01
10693   0.72261300E+01
10694   0.83780900E+01
10695   0.91155200E+01
10696   0.77081300E+01
10697   0.51131200E+01
10698   0.23936400E+01
10699   0.12567600E+01
10700   0.80731000E+00
10701   0.56809000E+00
10702   0.38534000E+00
10703   0.27708000E+00
10704   0.28763600E+01
10705   0.15189960E+02
10706   0.46792730E+02
10707   0.71528830E+02
10708   0.10309775E+03
10709   0.86267610E+02
10710   0.42159810E+02
10711   0.21029750E+02
10712   0.11385330E+02
10713   0.57505100E+01
10714   0.22931500E+01
10715   0.11920300E+01
10716   0.75708000E+00
10717   0.55517000E+00
10718   0.47551000E+00
10719   0.10381800E+01
10720   0.16395900E+01
10721   0.24833600E+01
10722   0.36844100E+01
10723   0.49080000E+01
10724   0.14429970E+02
10725   0.10185656E+03
10726   0.71256800E+02
10727   0.33471940E+02
10728   0.17123310E+02
10729   0.93305300E+01
10730   0.44804100E+01
10731   0.18135300E+01
10732   0.45036000E+01
10733   0.59224960E+02
10734   0.11564902E+03
10735   0.11264992E+03
10736   0.11630713E+03
10737   0.89102010E+02
10738   0.12453940E+03
10739   0.82229230E+02
10740   0.69156370E+02
10741   0.70885120E+02
10742   0.49309780E+02
10743   0.36624130E+02
10744   0.25824690E+02
10745   0.16966360E+02
10746   0.11350150E+02
10747   0.89954700E+01
10748   0.16026270E+02
10749   0.93922280E+02
10750   0.71282170E+02
10751   0.47189820E+02
10752   0.51916680E+02
10753   0.80212560E+02
10754   0.11538338E+03
10755   0.27768173E+03
10756   0.19258067E+03
10757   0.97606610E+02
10758   0.43911630E+02
10759   0.23827490E+02
10760   0.14454240E+02
10761   0.97574200E+01
10762   0.65405100E+01
10763   0.57147100E+01
10764   0.93799800E+01
10765   0.11274050E+02
10766   0.10346870E+02
10767   0.10751070E+02
10768   0.23417190E+02
10769   0.87832110E+02
10770   0.13629389E+03
10771   0.20934341E+03
10772   0.21937881E+03
10773   0.14793826E+03
10774   0.18329939E+03
10775   0.15181251E+03
10776   0.11374705E+03
10777   0.15929083E+03
10778   0.24836117E+03
10779   0.23734209E+03
10780   0.16935827E+03
10781   0.86497240E+02
10782   0.56437740E+02
10783   0.48609080E+02
10784   0.36481450E+02
10785   0.28319670E+02
10786   0.37600290E+02
10787   0.48790460E+02
10788   0.42778540E+02
10789   0.36363840E+02
10790   0.35217520E+02
10791   0.52301720E+02
10792   0.72797300E+02
10793   0.47546130E+02
10794   0.32507760E+02
10795   0.28700000E+02
10796   0.25553980E+02
10797   0.18878560E+02
10798   0.12417890E+02
10799   0.91813100E+01
10800   0.14069620E+02
10801   0.20519750E+02
10802   0.59533850E+02
10803   0.29370781E+03
10804   0.10551903E+03
10805   0.46564020E+02
10806   0.26157580E+02
10807   0.16470220E+02
10808   0.10642150E+02
10809   0.11385530E+02
10810   0.15292596E+03
10811   0.29709125E+03
10812   0.14942626E+03
10813   0.75229760E+02
10814   0.11188551E+03
10815   0.46855841E+03
10816   0.36391121E+03
10817   0.12411623E+03
10818   0.47700960E+02
10819   0.22377500E+02
10820   0.12513250E+02
10821   0.75130300E+01
10822   0.43188200E+01
10823   0.63666100E+01
10824   0.43154428E+03
10825   0.31132096E+03
10826   0.28313459E+03
10827   0.12619276E+03
10828   0.70670640E+02
10829   0.18953198E+03
10830   0.26384560E+03
10831   0.11454953E+03
10832   0.65676960E+02
10833   0.40785370E+02
10834   0.25665850E+02
10835   0.39327820E+02
10836   0.10354581E+03
10837   0.12920160E+03
10838   0.58300190E+02
10839   0.27013460E+02
10840   0.47728780E+02
10841   0.39371721E+03
10842   0.26257986E+03
10843   0.17269192E+03
10844   0.11439244E+03
10845   0.71818290E+02
10846   0.42216340E+02
10847   0.23656340E+02
10848   0.14879390E+02
10849   0.97441200E+01
10850   0.70409700E+01
10851   0.53974500E+01
10852   0.38057200E+01
10853   0.34766900E+01
10854   0.37517300E+01
10855   0.37682500E+01
10856   0.41847200E+01
10857   0.70323300E+01
10858   0.11067000E+02
10859   0.10058990E+02
10860   0.66893800E+01
10861   0.36979600E+01
10862   0.16298900E+01
10863   0.95883000E+00
10864   0.64940000E+00
10865   0.45006000E+00
10866   0.31177000E+00
10867   0.27551000E+00
10868   0.11196000E+00
10869   0.61060000E-01
10870   0.41190000E-01
10871   0.11030100E+01
10872   0.38578400E+01
10873   0.65633500E+01
10874   0.56516200E+01
10875   0.31838200E+01
10876   0.11849600E+01
10877   0.67400000E+00
10878   0.39620000E+00
10879   0.26758000E+00
10880   0.25051000E+00
10881   0.63450000E-01
10882   0.31950000E-01
10883   0.20310000E-01
10884   0.14500000E-01
10885   0.11090000E-01
10886   0.88700000E-02
10887   0.73200000E-02
10888   0.61800000E-02
10889   0.53200000E-02
10890   0.46400000E-02
10891   0.50900000E-02
10892   0.51900000E-02
10893   0.54600000E-02
10894   0.57000000E-02
10895   0.56900000E-02
10896   0.46218000E+00
10897   0.86928000E+00
10898   0.61359000E+00
10899   0.38196000E+00
10900   0.26412000E+00
10901   0.15517000E+00
10902   0.59700000E-01
10903   0.35770000E-01
10904   0.24530000E-01
10905   0.18110000E-01
10906   0.14000000E-01
10907   0.11190000E-01
10908   0.91700000E-02
10909   0.76500000E-02
10910   0.64900000E-02
10911   0.55800000E-02
10912   0.48500000E-02
10913   0.42500000E-02
10914   0.37600000E-02
10915   0.33500000E-02
10916   0.30100000E-02
10917   0.27200000E-02
10918   0.13227300E+01
10919   0.98212500E+01
10920   0.27380540E+02
10921   0.22964030E+02
10922   0.14004180E+02
10923   0.80656700E+01
10924   0.38706400E+01
10925   0.16212400E+01
10926   0.10925800E+01
10927   0.77956000E+00
10928   0.56017000E+00
10929   0.41075000E+00
10930   0.37779000E+00
10931   0.40250000E+00
10932   0.37432000E+00
10933   0.33913000E+00
10934   0.29592000E+00
10935   0.25552000E+00
10936   0.18194000E+00
10937   0.14190000E+00
10938   0.10614000E+00
10939   0.75360000E-01
10940   0.54060000E-01
10941   0.40030000E-01
10942   0.31230000E-01
10943   0.72380000E-01
10944   0.16923000E+00
10945   0.14341000E+00
10946   0.11504000E+00
10947   0.85790000E-01
10948   0.62340000E-01
10949   0.46130000E-01
10950   0.35150000E-01
10951   0.27560000E-01
10952   0.22150000E-01
10953   0.18180000E-01
10954   0.15180000E-01
10955   0.12870000E-01
10956   0.11050000E-01
10957   0.95900000E-02
