    1   0.16680000E-01
    2   0.40864000E+00
    3   0.41735000E+00
    4   0.44460000E+00
    5   0.42915000E+00
    6   0.40902000E+00
    7   0.19766400E+01
    8   0.68026600E+01
    9   0.17405440E+02
   10   0.47450780E+02
   11   0.50299760E+02
   12   0.40577230E+02
   13   0.33240130E+02
   14   0.26117830E+02
   15   0.19890180E+02
   16   0.15377670E+02
   17   0.15451790E+02
   18   0.12055800E+02
   19   0.95813400E+01
   20   0.75494500E+01
   21   0.37643300E+01
   22   0.32295300E+01
   23   0.27169600E+01
   24   0.80884600E+01
   25   0.15050460E+02
   26   0.13322410E+02
   27   0.10920220E+02
   28   0.82892600E+01
   29   0.67656100E+01
   30   0.54304800E+01
   31   0.46716000E+01
   32   0.28980800E+01
   33   0.97426900E+01
   34   0.11764910E+02
   35   0.10466080E+02
   36   0.91721700E+01
   37   0.77852200E+01
   38   0.96093100E+01
   39   0.96837300E+01
   40   0.80425600E+01
   41   0.72959800E+01
   42   0.40432800E+01
   43   0.33551900E+01
   44   0.28848000E+01
   45   0.25798000E+01
   46   0.23289500E+01
   47   0.61587200E+01
   48   0.82165600E+01
   49   0.67508100E+01
   50   0.59726200E+01
   51   0.53433500E+01
   52   0.30163200E+01
   53   0.23696900E+01
   54   0.20131400E+01
   55   0.19546000E+01
   56   0.80875600E+01
   57   0.21089070E+02
   58   0.52412190E+02
   59   0.45234210E+02
   60   0.29073370E+02
   61   0.20137440E+02
   62   0.13803680E+02
   63   0.15117760E+02
   64   0.15601810E+02
   65   0.12105500E+02
   66   0.10209580E+02
   67   0.85974400E+01
   68   0.73393900E+01
   69   0.61416200E+01
   70   0.49735400E+01
   71   0.42294900E+01
   72   0.85419200E+01
   73   0.68676900E+01
   74   0.49309600E+01
   75   0.48678700E+01
   76   0.96548400E+01
   77   0.90255600E+01
   78   0.80763600E+01
   79   0.17931400E+02
   80   0.33962670E+02
   81   0.29928980E+02
   82   0.23962980E+02
   83   0.18129680E+02
   84   0.15968250E+02
   85   0.14884340E+02
   86   0.14205980E+02
   87   0.10891820E+02
   88   0.83735600E+01
   89   0.81213800E+01
   90   0.10599470E+02
   91   0.78481000E+01
   92   0.61626400E+01
   93   0.29060200E+01
   94   0.46008000E+01
   95   0.36320000E+01
   96   0.35242200E+01
   97   0.27972200E+01
   98   0.23989700E+01
   99   0.23374300E+01
  100   0.20574900E+01
  101   0.17343300E+01
  102   0.14764600E+01
  103   0.11302700E+01
  104   0.97210000E+00
  105   0.84742000E+00
  106   0.78802000E+00
  107   0.30212200E+01
  108   0.28918830E+02
  109   0.32952970E+02
  110   0.27613190E+02
  111   0.20563840E+02
  112   0.18574970E+02
  113   0.14713500E+02
  114   0.99982500E+01
  115   0.77939700E+01
  116   0.62608100E+01
  117   0.47701000E+01
  118   0.40380000E+01
  119   0.33671600E+01
  120   0.27354900E+01
  121   0.21923200E+01
  122   0.17895200E+01
  123   0.14874500E+01
  124   0.11132800E+01
  125   0.94811000E+00
  126   0.79424000E+00
  127   0.71949000E+00
  128   0.66875000E+00
  129   0.62308000E+00
  130   0.58210000E+00
  131   0.56247000E+00
  132   0.57601000E+00
  133   0.78245000E+00
  134   0.97727000E+00
  135   0.32237910E+02
  136   0.83231640E+02
  137   0.63808340E+02
  138   0.44908790E+02
  139   0.32490840E+02
  140   0.23910240E+02
  141   0.18216760E+02
  142   0.13834020E+02
  143   0.10568370E+02
  144   0.71813700E+01
  145   0.56541200E+01
  146   0.56140800E+01
  147   0.82610200E+01
  148   0.60941000E+01
  149   0.41017100E+01
  150   0.33943600E+01
  151   0.26550700E+01
  152   0.15425240E+02
  153   0.39473370E+02
  154   0.46074080E+02
  155   0.51647980E+02
  156   0.35615870E+02
  157   0.14475596E+03
  158   0.56777782E+03
  159   0.43317153E+03
  160   0.26861778E+03
  161   0.40943900E+03
  162   0.31843821E+03
  163   0.21965109E+03
  164   0.17536578E+03
  165   0.17989783E+03
  166   0.26204952E+03
  167   0.61931117E+03
  168   0.69095601E+03
  169   0.39720994E+03
  170   0.19375725E+03
  171   0.10726932E+03
  172   0.69161700E+02
  173   0.44094430E+02
  174   0.29349380E+02
  175   0.19661930E+02
  176   0.14454830E+02
  177   0.11027400E+02
  178   0.87690900E+01
  179   0.83330300E+01
  180   0.64438000E+01
  181   0.43921200E+01
  182   0.33853000E+01
  183   0.26401500E+01
  184   0.11029510E+02
  185   0.36900840E+02
  186   0.30663290E+02
  187   0.17026300E+02
  188   0.98038700E+01
  189   0.58740700E+01
  190   0.33542800E+01
  191   0.24733300E+01
  192   0.19966300E+01
  193   0.15705000E+01
  194   0.13436800E+01
  195   0.11713800E+01
  196   0.91706000E+00
  197   0.82375000E+00
  198   0.86636000E+00
  199   0.15526000E+01
  200   0.10488897E+03
  201   0.92158360E+02
  202   0.48390550E+02
  203   0.28623330E+02
  204   0.17586970E+02
  205   0.12198050E+02
  206   0.77210000E+01
  207   0.58538300E+01
  208   0.46103100E+01
  209   0.38073700E+01
  210   0.31605900E+01
  211   0.24944400E+01
  212   0.20273800E+01
  213   0.19168300E+01
  214   0.32050400E+01
  215   0.53757000E+01
  216   0.23664600E+01
  217   0.17815300E+01
  218   0.14205000E+01
  219   0.12382600E+01
  220   0.46018200E+01
  221   0.31312470E+02
  222   0.12750188E+03
  223   0.33356952E+03
  224   0.21025757E+03
  225   0.12087354E+03
  226   0.97898270E+02
  227   0.66929850E+02
  228   0.42742770E+02
  229   0.29339410E+02
  230   0.21313450E+02
  231   0.15987660E+02
  232   0.11940290E+02
  233   0.10918660E+02
  234   0.90311100E+01
  235   0.75808100E+01
  236   0.61506900E+01
  237   0.32046800E+01
  238   0.31039700E+01
  239   0.28025300E+01
  240   0.24815900E+01
  241   0.21891900E+01
  242   0.78750000E+01
  243   0.14927780E+02
  244   0.13738588E+03
  245   0.20929357E+03
  246   0.17965643E+03
  247   0.10913140E+03
  248   0.67711580E+02
  249   0.44093980E+02
  250   0.30351730E+02
  251   0.21625020E+02
  252   0.16872420E+02
  253   0.18649740E+02
  254   0.48304740E+02
  255   0.15592522E+03
  256   0.16441610E+03
  257   0.14176190E+03
  258   0.11950198E+03
  259   0.86149580E+02
  260   0.58277130E+02
  261   0.40220250E+02
  262   0.28946710E+02
  263   0.21286900E+02
  264   0.16282230E+02
  265   0.13009080E+02
  266   0.14239620E+02
  267   0.24648810E+02
  268   0.68951150E+02
  269   0.10021449E+03
  270   0.11124733E+03
  271   0.91118040E+02
  272   0.75162500E+02
  273   0.82542000E+02
  274   0.96151430E+02
  275   0.10071236E+03
  276   0.10101241E+03
  277   0.81084720E+02
  278   0.58562310E+02
  279   0.43074890E+02
  280   0.31367780E+02
  281   0.22813190E+02
  282   0.16878000E+02
  283   0.12288230E+02
  284   0.93557100E+01
  285   0.72431800E+01
  286   0.53130200E+01
  287   0.48451300E+01
  288   0.11208384E+03
  289   0.76312900E+03
  290   0.39849523E+03
  291   0.20117491E+03
  292   0.12371287E+03
  293   0.10937907E+03
  294   0.28001137E+03
  295   0.32193747E+03
  296   0.23320593E+03
  297   0.14203522E+03
  298   0.84414030E+02
  299   0.54497580E+02
  300   0.38326490E+02
  301   0.28861560E+02
  302   0.22923140E+02
  303   0.19485460E+02
  304   0.16767210E+02
  305   0.14121510E+02
  306   0.11829860E+02
  307   0.98112000E+01
  308   0.66915600E+01
  309   0.54579200E+01
  310   0.47564000E+01
  311   0.39419100E+01
  312   0.33699700E+01
  313   0.29179600E+01
  314   0.73831600E+01
  315   0.15662420E+02
  316   0.15202780E+02
  317   0.14623530E+02
  318   0.15546010E+02
  319   0.44454170E+02
  320   0.58577847E+03
  321   0.30121632E+03
  322   0.15439794E+03
  323   0.90205380E+02
  324   0.57416770E+02
  325   0.39513770E+02
  326   0.28483450E+02
  327   0.21253070E+02
  328   0.16515100E+02
  329   0.11098870E+02
  330   0.92142000E+01
  331   0.78608200E+01
  332   0.65920200E+01
  333   0.53786700E+01
  334   0.43570200E+01
  335   0.38185500E+01
  336   0.39622600E+01
  337   0.43710700E+01
  338   0.58834600E+01
  339   0.74844000E+01
  340   0.11632000E+02
  341   0.13187890E+02
  342   0.11933350E+02
  343   0.99246300E+01
  344   0.80473800E+01
  345   0.63902300E+01
  346   0.47453700E+01
  347   0.38608100E+01
  348   0.31194200E+01
  349   0.17123000E+01
  350   0.14267000E+01
  351   0.12892500E+01
  352   0.11985500E+01
  353   0.11059900E+01
  354   0.10178600E+01
  355   0.93301000E+00
  356   0.86133000E+00
  357   0.76719000E+00
  358   0.70087000E+00
  359   0.64043000E+00
  360   0.57300000E+00
  361   0.51437000E+00
  362   0.45057000E+00
  363   0.11860600E+01
  364   0.92521000E+00
  365   0.80137000E+00
  366   0.85719000E+00
  367   0.91619000E+00
  368   0.95107000E+00
  369   0.13126900E+01
  370   0.10283200E+01
  371   0.95315000E+00
  372   0.97461000E+00
  373   0.11185800E+01
  374   0.13125400E+01
  375   0.14580700E+01
  376   0.15123300E+01
  377   0.15798600E+01
  378   0.15388000E+01
  379   0.61760700E+01
  380   0.76458900E+01
  381   0.56335600E+01
  382   0.61089900E+01
  383   0.76998800E+01
  384   0.63405900E+01
  385   0.44092300E+01
  386   0.31766900E+01
  387   0.24834400E+01
  388   0.19615100E+01
  389   0.15741800E+01
  390   0.11557900E+01
  391   0.10096500E+01
  392   0.22587700E+01
  393   0.86364600E+01
  394   0.22192570E+02
  395   0.20243540E+02
  396   0.14463060E+02
  397   0.10147220E+02
  398   0.76711000E+01
  399   0.61131900E+01
  400   0.49532500E+01
  401   0.27915600E+01
  402   0.31165600E+01
  403   0.35710400E+01
  404   0.47217600E+01
  405   0.43323100E+01
  406   0.39765100E+01
  407   0.37864200E+01
  408   0.39279400E+01
  409   0.35060700E+01
  410   0.31861900E+01
  411   0.18481900E+01
  412   0.17292000E+01
  413   0.15285300E+01
  414   0.14374800E+01
  415   0.13215000E+01
  416   0.12187700E+01
  417   0.11221200E+01
  418   0.10342200E+01
  419   0.95576000E+00
  420   0.81845000E+00
  421   0.83737000E+00
  422   0.96330600E+01
  423   0.19919620E+02
  424   0.17946060E+02
  425   0.17008100E+02
  426   0.15081470E+02
  427   0.12505170E+02
  428   0.10154660E+02
  429   0.83022500E+01
  430   0.68023600E+01
  431   0.36547200E+01
  432   0.33201400E+01
  433   0.46885100E+01
  434   0.63720600E+01
  435   0.23217090E+02
  436   0.75359250E+02
  437   0.75867190E+02
  438   0.50013140E+02
  439   0.40427320E+02
  440   0.32705320E+02
  441   0.24380330E+02
  442   0.16179290E+02
  443   0.11626060E+02
  444   0.92252600E+01
  445   0.15183970E+02
  446   0.37832160E+02
  447   0.39778520E+02
  448   0.46897850E+02
  449   0.39367650E+02
  450   0.30844530E+02
  451   0.24760820E+02
  452   0.18431170E+02
  453   0.16789060E+02
  454   0.14562660E+02
  455   0.36005800E+02
  456   0.33419980E+02
  457   0.24368680E+02
  458   0.17043000E+02
  459   0.12624000E+02
  460   0.99760800E+01
  461   0.82084300E+01
  462   0.49412300E+01
  463   0.40193200E+01
  464   0.39971000E+01
  465   0.59297900E+01
  466   0.41871500E+01
  467   0.32971300E+01
  468   0.28579000E+01
  469   0.24162100E+01
  470   0.19491400E+01
  471   0.15666800E+01
  472   0.11301700E+01
  473   0.93039000E+00
  474   0.75371000E+00
  475   0.69346000E+00
  476   0.65238000E+00
  477   0.61633000E+00
  478   0.57967000E+00
  479   0.54071000E+00
  480   0.49947000E+00
  481   0.46224000E+00
  482   0.44540000E+00
  483   0.48169000E+00
  484   0.53754000E+00
  485   0.53431000E+00
  486   0.49219000E+00
  487   0.42952000E+00
  488   0.37327000E+00
  489   0.32908000E+00
  490   0.29557000E+00
  491   0.27061000E+00
  492   0.25125000E+00
  493   0.23624000E+00
  494   0.23314000E+00
  495   0.23215000E+00
  496   0.23409000E+00
  497   0.24334000E+00
  498   0.24600000E+00
  499   0.24631000E+00
  500   0.23410000E+00
  501   0.22925000E+00
  502   0.24112000E+00
  503   0.26745000E+00
  504   0.28534000E+00
  505   0.27664000E+00
  506   0.25686000E+00
  507   0.23734000E+00
  508   0.22130000E+00
  509   0.20861000E+00
  510   0.19819000E+00
  511   0.13649100E+01
  512   0.98519000E+00
  513   0.74316000E+00
  514   0.62682000E+00
  515   0.75957000E+00
  516   0.74566590E+02
  517   0.88035610E+02
  518   0.16655720E+03
  519   0.17568382E+03
  520   0.10605245E+03
  521   0.70715400E+02
  522   0.47424110E+02
  523   0.32747260E+02
  524   0.21039360E+02
  525   0.15427760E+02
  526   0.11565010E+02
  527   0.89552500E+01
  528   0.71594200E+01
  529   0.53372800E+01
  530   0.63007600E+01
  531   0.68160700E+01
  532   0.42765000E+01
  533   0.33323600E+01
  534   0.24338400E+01
  535   0.11740710E+02
  536   0.18921860E+02
  537   0.19197430E+02
  538   0.13751720E+02
  539   0.86045600E+01
  540   0.46975600E+01
  541   0.30227700E+01
  542   0.18777200E+02
  543   0.90692680E+02
  544   0.65285560E+02
  545   0.35557090E+02
  546   0.22245230E+02
  547   0.17705540E+02
  548   0.40174560E+02
  549   0.87002210E+02
  550   0.55366630E+02
  551   0.33213030E+02
  552   0.31952140E+02
  553   0.43132840E+02
  554   0.51890610E+02
  555   0.48148050E+02
  556   0.37540570E+02
  557   0.30622330E+02
  558   0.24226660E+02
  559   0.19147940E+02
  560   0.14449940E+02
  561   0.10853980E+02
  562   0.84588600E+01
  563   0.65484600E+01
  564   0.46382800E+01
  565   0.25260300E+01
  566   0.23540700E+01
  567   0.20356900E+01
  568   0.17294200E+01
  569   0.14776500E+01
  570   0.12940300E+01
  571   0.11559600E+01
  572   0.14100000E+01
  573   0.11262700E+01
  574   0.11509500E+01
  575   0.12840700E+01
  576   0.16318000E+01
  577   0.23330700E+01
  578   0.31533800E+01
  579   0.36258500E+01
  580   0.35418400E+01
  581   0.32063300E+01
  582   0.26803700E+01
  583   0.21633400E+01
  584   0.17138900E+01
  585   0.12579800E+01
  586   0.10623300E+01
  587   0.95864000E+00
  588   0.82915000E+00
  589   0.74402000E+00
  590   0.68485000E+00
  591   0.63281000E+00
  592   0.13852200E+01
  593   0.63470200E+01
  594   0.24144746E+03
  595   0.39338066E+03
  596   0.22113237E+03
  597   0.12013822E+03
  598   0.71531120E+02
  599   0.49695480E+02
  600   0.51512160E+02
  601   0.38815690E+02
  602   0.31991540E+02
  603   0.28200180E+02
  604   0.21670840E+02
  605   0.15771860E+02
  606   0.99393900E+01
  607   0.75057400E+01
  608   0.61830100E+01
  609   0.47886800E+01
  610   0.40771200E+01
  611   0.34834200E+01
  612   0.29815900E+01
  613   0.25069200E+01
  614   0.20535600E+01
  615   0.17212100E+01
  616   0.13771100E+01
  617   0.49222200E+01
  618   0.81766900E+01
  619   0.38828760E+02
  620   0.20292116E+03
  621   0.17725518E+03
  622   0.11372243E+03
  623   0.74466280E+02
  624   0.48808010E+02
  625   0.33275080E+02
  626   0.21917930E+02
  627   0.16926540E+02
  628   0.13322230E+02
  629   0.10756890E+02
  630   0.93130900E+01
  631   0.15370360E+02
  632   0.14343950E+02
  633   0.34530060E+02
  634   0.31608750E+03
  635   0.66674820E+03
  636   0.46012664E+03
  637   0.22971502E+03
  638   0.21099403E+03
  639   0.17906659E+03
  640   0.16676414E+03
  641   0.13672598E+03
  642   0.13469890E+03
  643   0.13791872E+03
  644   0.12369281E+03
  645   0.96589550E+02
  646   0.73231930E+02
  647   0.62833780E+02
  648   0.69216670E+02
  649   0.57479950E+02
  650   0.48025600E+02
  651   0.38026900E+02
  652   0.27589670E+02
  653   0.19870990E+02
  654   0.14384400E+02
  655   0.10702250E+02
  656   0.82902800E+01
  657   0.44354400E+01
  658   0.35262500E+01
  659   0.32792200E+01
  660   0.26315200E+01
  661   0.86034500E+01
  662   0.59334420E+02
  663   0.98813080E+02
  664   0.72330580E+02
  665   0.51122510E+02
  666   0.36544750E+02
  667   0.24333800E+02
  668   0.18224820E+02
  669   0.13903070E+02
  670   0.10723620E+02
  671   0.87157900E+01
  672   0.71483800E+01
  673   0.61373300E+01
  674   0.51663000E+01
  675   0.44654100E+01
  676   0.59796400E+01
  677   0.85703300E+01
  678   0.16141210E+02
  679   0.71218250E+02
  680   0.79244120E+02
  681   0.56918950E+02
  682   0.41478870E+02
  683   0.34780830E+02
  684   0.37376810E+02
  685   0.63548810E+02
  686   0.11980238E+03
  687   0.13061945E+03
  688   0.91875110E+02
  689   0.62353110E+02
  690   0.42592150E+02
  691   0.30457430E+02
  692   0.22437530E+02
  693   0.17197710E+02
  694   0.13062680E+02
  695   0.10362710E+02
  696   0.83220700E+01
  697   0.66431100E+01
  698   0.34147100E+01
  699   0.30850100E+01
  700   0.26033800E+01
  701   0.22030200E+01
  702   0.24126200E+01
  703   0.58189700E+01
  704   0.41926800E+01
  705   0.18361690E+02
  706   0.69337720E+02
  707   0.53320150E+02
  708   0.30433890E+02
  709   0.21780910E+02
  710   0.19665560E+02
  711   0.17042610E+02
  712   0.19314070E+02
  713   0.17108030E+02
  714   0.12682040E+02
  715   0.95025600E+01
  716   0.72081700E+01
  717   0.59535200E+01
  718   0.30733000E+01
  719   0.33810600E+01
  720   0.31882600E+01
  721   0.23775600E+01
  722   0.18618000E+01
  723   0.16283400E+01
  724   0.15152200E+01
  725   0.15805500E+01
  726   0.13018400E+01
  727   0.11824600E+01
  728   0.10910200E+01
  729   0.86091000E+00
  730   0.78000000E+00
  731   0.12811700E+01
  732   0.11296600E+01
  733   0.10354400E+01
  734   0.97144000E+00
  735   0.90340000E+00
  736   0.82690000E+00
  737   0.81476000E+00
  738   0.88164000E+00
  739   0.86644000E+00
  740   0.29736800E+01
  741   0.24280100E+01
  742   0.23113300E+01
  743   0.28150100E+01
  744   0.33770500E+01
  745   0.33916000E+01
  746   0.32254700E+01
  747   0.34918900E+01
  748   0.31484000E+01
  749   0.18797600E+01
  750   0.17563000E+01
  751   0.16358900E+01
  752   0.14650400E+01
  753   0.13244300E+01
  754   0.12302500E+01
  755   0.11378300E+01
  756   0.10569800E+01
  757   0.13955100E+01
  758   0.11139500E+01
  759   0.29812900E+01
  760   0.13889610E+02
  761   0.14333940E+02
  762   0.12547070E+02
  763   0.13214640E+02
  764   0.11530520E+02
  765   0.93596000E+01
  766   0.74432900E+01
  767   0.59224000E+01
  768   0.46002300E+01
  769   0.40040100E+01
  770   0.21745300E+01
  771   0.19189600E+01
  772   0.16603300E+01
  773   0.10156430E+02
  774   0.10522470E+02
  775   0.87716200E+01
  776   0.70190400E+01
  777   0.50884100E+01
  778   0.35530500E+01
  779   0.27435400E+01
  780   0.16130600E+01
  781   0.88607200E+01
  782   0.11631910E+02
  783   0.97303400E+01
  784   0.73662200E+01
  785   0.50336100E+01
  786   0.43410900E+01
  787   0.43916500E+01
  788   0.55766100E+01
  789   0.80507800E+01
  790   0.26219890E+02
  791   0.59206560E+02
  792   0.91626660E+02
  793   0.12163944E+03
  794   0.19238593E+03
  795   0.24392181E+03
  796   0.17692393E+03
  797   0.12460399E+03
  798   0.14263402E+03
  799   0.17334148E+03
  800   0.26780246E+03
  801   0.29198371E+03
  802   0.18014933E+03
  803   0.11308490E+03
  804   0.11054466E+03
  805   0.16337157E+03
  806   0.13451120E+03
  807   0.99854610E+02
  808   0.70469490E+02
  809   0.48576080E+02
  810   0.34221220E+02
  811   0.22581950E+02
  812   0.17034290E+02
  813   0.22858850E+02
  814   0.17545370E+02
  815   0.13338510E+02
  816   0.10170770E+02
  817   0.78478800E+01
  818   0.62308700E+01
  819   0.45962500E+01
  820   0.41259800E+01
  821   0.32123700E+01
  822   0.26242800E+01
  823   0.21000000E+01
  824   0.50153400E+01
  825   0.56610800E+01
  826   0.37642700E+01
  827   0.68062600E+01
  828   0.14127130E+02
  829   0.12341940E+02
  830   0.10634270E+02
  831   0.49848200E+01
  832   0.27591400E+01
  833   0.18719400E+01
  834   0.14209700E+01
  835   0.12195900E+01
  836   0.77677100E+01
  837   0.14368520E+02
  838   0.15292420E+02
  839   0.30961710E+02
  840   0.37910210E+02
  841   0.84521820E+02
  842   0.68659030E+02
  843   0.78208870E+02
  844   0.12507068E+03
  845   0.90225210E+02
  846   0.65217020E+02
  847   0.48066770E+02
  848   0.36813940E+02
  849   0.28901200E+02
  850   0.25736610E+02
  851   0.27725470E+02
  852   0.31506560E+02
  853   0.32829050E+02
  854   0.28277050E+02
  855   0.21590930E+02
  856   0.19844810E+02
  857   0.20203090E+02
  858   0.15411070E+02
  859   0.11524920E+02
  860   0.87032300E+01
  861   0.66648300E+01
  862   0.56817100E+01
  863   0.40402500E+01
  864   0.32436500E+01
  865   0.30082900E+01
  866   0.23578500E+01
  867   0.81411600E+01
  868   0.90877400E+01
  869   0.95163600E+01
  870   0.74296000E+01
  871   0.46913500E+01
  872   0.27041500E+01
  873   0.19655100E+01
  874   0.39904600E+01
  875   0.27975300E+01
  876   0.20201800E+01
  877   0.15759700E+01
  878   0.16169900E+01
  879   0.24445400E+01
  880   0.18968000E+01
  881   0.30461500E+01
  882   0.10377270E+02
  883   0.17642530E+02
  884   0.13593630E+02
  885   0.84440400E+01
  886   0.48228400E+01
  887   0.82497200E+01
  888   0.12128870E+02
  889   0.95629100E+01
  890   0.65225300E+01
  891   0.34073700E+01
  892   0.19939100E+01
  893   0.12678600E+01
  894   0.98376000E+00
  895   0.71173000E+00
  896   0.55785000E+00
  897   0.38664000E+00
  898   0.29084000E+00
  899   0.23260000E+00
  900   0.19316000E+00
  901   0.16455000E+00
  902   0.14277000E+00
  903   0.16861200E+01
  904   0.44275100E+01
  905   0.11144220E+02
  906   0.10507250E+02
  907   0.76506900E+01
  908   0.40730600E+01
  909   0.62235700E+01
  910   0.10523340E+02
  911   0.26562470E+02
  912   0.25107670E+02
  913   0.22336630E+02
  914   0.56414990E+02
  915   0.44886110E+02
  916   0.24443730E+02
  917   0.13006180E+02
  918   0.79873800E+01
  919   0.46259700E+01
  920   0.29984800E+01
  921   0.22679600E+01
  922   0.17283000E+01
  923   0.12815700E+01
  924   0.10867900E+01
  925   0.98157000E+00
  926   0.87703000E+00
  927   0.11248300E+01
  928   0.10731800E+01
  929   0.11161500E+01
  930   0.12073100E+01
  931   0.12554300E+01
  932   0.12363800E+01
  933   0.11957300E+01
  934   0.10215200E+01
  935   0.94233000E+00
  936   0.92453000E+00
  937   0.95707000E+00
  938   0.11843300E+01
  939   0.18601900E+01
  940   0.25311400E+01
  941   0.29098300E+01
  942   0.35650100E+01
  943   0.65047300E+01
  944   0.88147600E+01
  945   0.17102750E+02
  946   0.30184920E+02
  947   0.35833930E+02
  948   0.33628430E+02
  949   0.32965280E+02
  950   0.38755730E+02
  951   0.52182020E+02
  952   0.60619310E+02
  953   0.50858780E+02
  954   0.35263120E+02
  955   0.25699640E+02
  956   0.19119640E+02
  957   0.14236490E+02
  958   0.10852060E+02
  959   0.85011400E+01
  960   0.66496400E+01
  961   0.48228800E+01
  962   0.36926800E+01
  963   0.28606500E+01
  964   0.17158300E+01
  965   0.14351200E+01
  966   0.13060500E+01
  967   0.11766800E+01
  968   0.10465000E+01
  969   0.92839000E+00
  970   0.77117000E+00
  971   0.18066500E+01
  972   0.96713900E+01
  973   0.68891600E+02
  974   0.75211320E+02
  975   0.38312970E+02
  976   0.20119670E+02
  977   0.12355060E+02
  978   0.10153130E+02
  979   0.12425340E+02
  980   0.17897760E+02
  981   0.34592380E+02
  982   0.87187900E+02
  983   0.15393094E+03
  984   0.22978377E+03
  985   0.15326630E+03
  986   0.10310338E+03
  987   0.75192170E+02
  988   0.61297230E+02
  989   0.54261850E+02
  990   0.46658520E+02
  991   0.39271040E+02
  992   0.30348290E+02
  993   0.22897360E+02
  994   0.17618490E+02
  995   0.12219730E+02
  996   0.42375390E+02
  997   0.90507220E+02
  998   0.10715042E+03
  999   0.89830210E+02
 1000   0.66073700E+02
 1001   0.46267110E+02
 1002   0.35553180E+02
 1003   0.29990780E+02
 1004   0.37144600E+02
 1005   0.37856080E+02
 1006   0.36294010E+02
 1007   0.28963340E+02
 1008   0.22240650E+02
 1009   0.17287870E+02
 1010   0.13165830E+02
 1011   0.10218370E+02
 1012   0.80592200E+01
 1013   0.63699700E+01
 1014   0.46030500E+01
 1015   0.37060900E+01
 1016   0.20265100E+01
 1017   0.18961200E+01
 1018   0.15929900E+01
 1019   0.13863100E+01
 1020   0.18231500E+01
 1021   0.21591400E+01
 1022   0.59770400E+01
 1023   0.28620090E+02
 1024   0.50029520E+02
 1025   0.45189270E+02
 1026   0.33210270E+02
 1027   0.26166060E+02
 1028   0.25853880E+02
 1029   0.26892390E+02
 1030   0.30841650E+02
 1031   0.31557310E+02
 1032   0.26770720E+02
 1033   0.22185620E+02
 1034   0.18197820E+02
 1035   0.16125910E+02
 1036   0.13696590E+02
 1037   0.14391630E+02
 1038   0.14769510E+02
 1039   0.13325220E+02
 1040   0.11366260E+02
 1041   0.94283500E+01
 1042   0.76316900E+01
 1043   0.60486400E+01
 1044   0.44307600E+01
 1045   0.49135500E+01
 1046   0.25116100E+01
 1047   0.21390900E+01
 1048   0.22036900E+01
 1049   0.62705800E+01
 1050   0.13437440E+02
 1051   0.21475600E+02
 1052   0.37576820E+02
 1053   0.39654650E+02
 1054   0.31844190E+02
 1055   0.23896850E+02
 1056   0.18223190E+02
 1057   0.12180350E+02
 1058   0.10488740E+02
 1059   0.13119200E+02
 1060   0.22933010E+02
 1061   0.34296130E+02
 1062   0.33001620E+02
 1063   0.26551030E+02
 1064   0.20526630E+02
 1065   0.15775240E+02
 1066   0.12021650E+02
 1067   0.79501400E+01
 1068   0.63657000E+01
 1069   0.51150200E+01
 1070   0.40926800E+01
 1071   0.36191600E+01
 1072   0.31011100E+01
 1073   0.46327400E+01
 1074   0.74122100E+01
 1075   0.84646200E+01
 1076   0.11440900E+02
 1077   0.10391570E+02
 1078   0.10636460E+02
 1079   0.10370280E+02
 1080   0.93376300E+01
 1081   0.81368200E+01
 1082   0.68014000E+01
 1083   0.54250200E+01
 1084   0.43405200E+01
 1085   0.35213700E+01
 1086   0.28684700E+01
 1087   0.16732400E+01
 1088   0.20465200E+01
 1089   0.88145400E+01
 1090   0.86640500E+01
 1091   0.64758200E+01
 1092   0.46730100E+01
 1093   0.32681500E+01
 1094   0.25092000E+01
 1095   0.20218000E+01
 1096   0.16483500E+01
 1097   0.13355400E+01
 1098   0.99787000E+00
 1099   0.76839000E+00
 1100   0.53709700E+01
 1101   0.11867630E+02
 1102   0.15035280E+02
 1103   0.18966560E+02
 1104   0.20255680E+02
 1105   0.20658650E+02
 1106   0.18900530E+02
 1107   0.15046770E+02
 1108   0.98857100E+01
 1109   0.79982500E+01
 1110   0.70701200E+01
 1111   0.81929500E+01
 1112   0.11811510E+02
 1113   0.10541350E+02
 1114   0.93235800E+01
 1115   0.83868900E+01
 1116   0.74400400E+01
 1117   0.88977900E+01
 1118   0.66122800E+01
 1119   0.57467600E+01
 1120   0.59548900E+01
 1121   0.56603300E+01
 1122   0.51978000E+01
 1123   0.46454800E+01
 1124   0.40684900E+01
 1125   0.34822700E+01
 1126   0.29632400E+01
 1127   0.25652600E+01
 1128   0.15231100E+01
 1129   0.12541300E+01
 1130   0.11532700E+01
 1131   0.10734300E+01
 1132   0.10031100E+01
 1133   0.94912000E+00
 1134   0.85182000E+00
 1135   0.77197000E+00
 1136   0.69928000E+00
 1137   0.64428000E+00
 1138   0.60301000E+00
 1139   0.54795000E+00
 1140   0.48443000E+00
 1141   0.11664800E+01
 1142   0.10024500E+01
 1143   0.20002100E+01
 1144   0.26078800E+01
 1145   0.27621200E+01
 1146   0.22869000E+01
 1147   0.16011820E+02
 1148   0.22038220E+02
 1149   0.16389720E+02
 1150   0.13663380E+02
 1151   0.19875410E+02
 1152   0.19943820E+02
 1153   0.17810340E+02
 1154   0.15237220E+02
 1155   0.12589010E+02
 1156   0.10781230E+02
 1157   0.93148800E+01
 1158   0.77788800E+01
 1159   0.44089600E+01
 1160   0.37001300E+01
 1161   0.33455600E+01
 1162   0.28625400E+01
 1163   0.25504000E+01
 1164   0.21337600E+01
 1165   0.18124000E+01
 1166   0.16152900E+01
 1167   0.13643900E+01
 1168   0.11932400E+01
 1169   0.93489000E+00
 1170   0.73852000E+00
 1171   0.67497000E+00
 1172   0.63243000E+00
 1173   0.59723000E+00
 1174   0.56095000E+00
 1175   0.51772000E+00
 1176   0.47256000E+00
 1177   0.43041000E+00
 1178   0.41696400E+01
 1179   0.17128680E+02
 1180   0.30875850E+02
 1181   0.28526180E+02
 1182   0.20890320E+02
 1183   0.14509090E+02
 1184   0.10238080E+02
 1185   0.71396800E+01
 1186   0.47746300E+01
 1187   0.36939900E+01
 1188   0.30813200E+01
 1189   0.32690100E+01
 1190   0.19156600E+01
 1191   0.17277100E+01
 1192   0.17926700E+01
 1193   0.19004600E+01
 1194   0.19334200E+01
 1195   0.18496300E+01
 1196   0.17223400E+01
 1197   0.15388400E+01
 1198   0.18691400E+01
 1199   0.49137200E+01
 1200   0.63652300E+01
 1201   0.59511400E+01
 1202   0.47385400E+01
 1203   0.31290700E+01
 1204   0.21779800E+01
 1205   0.16457100E+01
 1206   0.13210800E+01
 1207   0.11445900E+01
 1208   0.94203000E+00
 1209   0.73603000E+00
 1210   0.59828000E+00
 1211   0.49243000E+00
 1212   0.40844000E+00
 1213   0.69262700E+01
 1214   0.27562170E+02
 1215   0.27933200E+02
 1216   0.19571730E+02
 1217   0.12100900E+02
 1218   0.98934700E+01
 1219   0.10226570E+02
 1220   0.10646870E+02
 1221   0.95443000E+01
 1222   0.91704500E+01
 1223   0.82254000E+01
 1224   0.69536300E+01
 1225   0.99744800E+01
 1226   0.77891600E+01
 1227   0.55297600E+01
 1228   0.40994200E+01
 1229   0.37664700E+01
 1230   0.28796900E+01
 1231   0.16416900E+01
 1232   0.12950900E+01
 1233   0.39017100E+01
 1234   0.17564810E+02
 1235   0.16215340E+02
 1236   0.12211400E+02
 1237   0.91171200E+01
 1238   0.65131400E+01
 1239   0.12868970E+02
 1240   0.10878780E+02
 1241   0.63509000E+01
 1242   0.55738900E+01
 1243   0.15042220E+02
 1244   0.12357810E+02
 1245   0.90260500E+01
 1246   0.58393800E+01
 1247   0.43315100E+01
 1248   0.21370090E+02
 1249   0.27695170E+02
 1250   0.19377140E+02
 1251   0.10126520E+02
 1252   0.60475600E+01
 1253   0.33035800E+01
 1254   0.21729600E+01
 1255   0.16175600E+01
 1256   0.16531290E+02
 1257   0.23417550E+02
 1258   0.17704760E+02
 1259   0.11289190E+02
 1260   0.72634600E+01
 1261   0.42279800E+01
 1262   0.19242200E+01
 1263   0.16207200E+01
 1264   0.13462900E+01
 1265   0.11873900E+01
 1266   0.24939700E+01
 1267   0.27080700E+01
 1268   0.15262140E+02
 1269   0.45524300E+02
 1270   0.35432690E+02
 1271   0.21371190E+02
 1272   0.11238740E+02
 1273   0.81728200E+01
 1274   0.24286730E+02
 1275   0.23252650E+02
 1276   0.19887970E+02
 1277   0.13586300E+02
 1278   0.82170520E+02
 1279   0.48069285E+03
 1280   0.32592748E+03
 1281   0.16193332E+03
 1282   0.88474200E+02
 1283   0.63589440E+02
 1284   0.63758270E+02
 1285   0.14231693E+03
 1286   0.10155920E+03
 1287   0.95329730E+02
 1288   0.19256081E+03
 1289   0.12010552E+03
 1290   0.82717120E+02
 1291   0.59631660E+02
 1292   0.37174980E+02
 1293   0.24821860E+02
 1294   0.16825020E+02
 1295   0.11592880E+02
 1296   0.84765500E+01
 1297   0.64027400E+01
 1298   0.44511900E+01
 1299   0.37092900E+01
 1300   0.35651900E+01
 1301   0.81594200E+01
 1302   0.44994950E+02
 1303   0.48962930E+02
 1304   0.37174010E+02
 1305   0.26523180E+02
 1306   0.30012300E+02
 1307   0.31462950E+02
 1308   0.23039340E+02
 1309   0.15357810E+02
 1310   0.10007190E+02
 1311   0.78248000E+01
 1312   0.58174100E+01
 1313   0.40306800E+01
 1314   0.46369300E+01
 1315   0.49128700E+01
 1316   0.61241800E+01
 1317   0.72469600E+01
 1318   0.10776890E+02
 1319   0.10773730E+02
 1320   0.94683300E+01
 1321   0.89009400E+01
 1322   0.78602100E+01
 1323   0.53787700E+01
 1324   0.48820200E+01
 1325   0.43958900E+01
 1326   0.37143600E+01
 1327   0.30870100E+01
 1328   0.27283800E+01
 1329   0.11269950E+02
 1330   0.32299581E+03
 1331   0.39559643E+03
 1332   0.20484467E+03
 1333   0.11351011E+03
 1334   0.70607680E+02
 1335   0.72758790E+02
 1336   0.15485788E+03
 1337   0.34226890E+03
 1338   0.46099876E+03
 1339   0.23582915E+03
 1340   0.14181226E+03
 1341   0.11450300E+03
 1342   0.12761086E+03
 1343   0.10271350E+03
 1344   0.75532850E+02
 1345   0.63016080E+02
 1346   0.52393250E+02
 1347   0.38458140E+02
 1348   0.28329600E+02
 1349   0.22865400E+02
 1350   0.17534780E+02
 1351   0.13796430E+02
 1352   0.11039700E+02
 1353   0.91397100E+01
 1354   0.65234400E+01
 1355   0.55450200E+01
 1356   0.51482800E+01
 1357   0.45120500E+01
 1358   0.39129300E+01
 1359   0.33190900E+01
 1360   0.28112000E+01
 1361   0.23204900E+01
 1362   0.18312700E+01
 1363   0.15212600E+01
 1364   0.11784000E+01
 1365   0.10096500E+01
 1366   0.89896000E+00
 1367   0.80268000E+00
 1368   0.73124000E+00
 1369   0.67822000E+00
 1370   0.63471000E+00
 1371   0.59539000E+00
 1372   0.55153000E+00
 1373   0.51369000E+00
 1374   0.62850000E+00
 1375   0.29151100E+01
 1376   0.19388500E+01
 1377   0.54705100E+01
 1378   0.33589200E+02
 1379   0.43295670E+02
 1380   0.45940110E+02
 1381   0.38513200E+02
 1382   0.26252680E+02
 1383   0.18922620E+02
 1384   0.21568600E+02
 1385   0.26537810E+02
 1386   0.50911080E+02
 1387   0.74061290E+02
 1388   0.56417230E+02
 1389   0.38798060E+02
 1390   0.26769170E+02
 1391   0.19077700E+02
 1392   0.13516610E+02
 1393   0.99834700E+01
 1394   0.10897640E+02
 1395   0.80018900E+01
 1396   0.97168800E+01
 1397   0.21272100E+02
 1398   0.53474150E+02
 1399   0.52767650E+02
 1400   0.45765530E+02
 1401   0.10146315E+03
 1402   0.31190502E+03
 1403   0.20111087E+03
 1404   0.11900659E+03
 1405   0.70496080E+02
 1406   0.48507500E+02
 1407   0.41591180E+02
 1408   0.76312490E+02
 1409   0.17441494E+03
 1410   0.15834925E+03
 1411   0.10726430E+03
 1412   0.69299450E+02
 1413   0.46220310E+02
 1414   0.33650980E+02
 1415   0.24183800E+02
 1416   0.20248970E+02
 1417   0.44993410E+02
 1418   0.96891360E+02
 1419   0.12515947E+03
 1420   0.99501040E+02
 1421   0.67611790E+02
 1422   0.45771810E+02
 1423   0.32552640E+02
 1424   0.26305270E+02
 1425   0.21059950E+02
 1426   0.15774940E+02
 1427   0.13445530E+02
 1428   0.11829490E+02
 1429   0.10131790E+02
 1430   0.87247600E+01
 1431   0.73850500E+01
 1432   0.59809300E+01
 1433   0.47079800E+01
 1434   0.38823000E+01
 1435   0.62727300E+01
 1436   0.41704100E+01
 1437   0.29638800E+01
 1438   0.28036300E+01
 1439   0.28836600E+01
 1440   0.27261700E+01
 1441   0.25651000E+01
 1442   0.24561300E+01
 1443   0.44772900E+01
 1444   0.39203500E+01
 1445   0.36047100E+01
 1446   0.21379600E+01
 1447   0.21061800E+01
 1448   0.20253800E+01
 1449   0.19484200E+01
 1450   0.17873200E+01
 1451   0.16589000E+01
 1452   0.15045400E+01
 1453   0.15662900E+01
 1454   0.17437900E+01
 1455   0.15503600E+01
 1456   0.12037600E+01
 1457   0.11589200E+01
 1458   0.12871200E+01
 1459   0.14724800E+01
 1460   0.15378300E+01
 1461   0.15235900E+01
 1462   0.15331700E+01
 1463   0.16018300E+01
 1464   0.16330300E+01
 1465   0.15492300E+01
 1466   0.14180200E+01
 1467   0.10999000E+01
 1468   0.94222000E+00
 1469   0.90465000E+00
 1470   0.83633000E+00
 1471   0.81847000E+00
 1472   0.88008000E+00
 1473   0.95149000E+00
 1474   0.99856000E+00
 1475   0.10054400E+01
 1476   0.99409000E+00
 1477   0.82558000E+00
 1478   0.85170000E+00
 1479   0.15924100E+01
 1480   0.26533300E+01
 1481   0.37369400E+01
 1482   0.45162500E+01
 1483   0.48932300E+01
 1484   0.67863200E+01
 1485   0.81099600E+01
 1486   0.75863000E+01
 1487   0.16997940E+02
 1488   0.68916840E+02
 1489   0.76314010E+02
 1490   0.65370750E+02
 1491   0.55558430E+02
 1492   0.40597350E+02
 1493   0.29840900E+02
 1494   0.22612400E+02
 1495   0.17792790E+02
 1496   0.13841300E+02
 1497   0.92611700E+01
 1498   0.78159900E+01
 1499   0.65888300E+01
 1500   0.76782600E+01
 1501   0.99826300E+01
 1502   0.37871380E+02
 1503   0.61058030E+02
 1504   0.95714370E+02
 1505   0.14259748E+03
 1506   0.18907155E+03
 1507   0.17047331E+03
 1508   0.12968743E+03
 1509   0.95996610E+02
 1510   0.68456180E+02
 1511   0.48754530E+02
 1512   0.43011360E+02
 1513   0.31591380E+02
 1514   0.23344360E+02
 1515   0.17561790E+02
 1516   0.13058890E+02
 1517   0.10103790E+02
 1518   0.66071700E+01
 1519   0.85734900E+01
 1520   0.76902900E+01
 1521   0.60194200E+01
 1522   0.47482600E+01
 1523   0.38053600E+01
 1524   0.31157800E+01
 1525   0.25323900E+01
 1526   0.19933300E+01
 1527   0.16627300E+01
 1528   0.12009800E+01
 1529   0.10365000E+01
 1530   0.93608000E+00
 1531   0.83606000E+00
 1532   0.67242200E+01
 1533   0.99311100E+01
 1534   0.88231900E+01
 1535   0.73234300E+01
 1536   0.56788100E+01
 1537   0.39884300E+01
 1538   0.22480000E+01
 1539   0.21950800E+01
 1540   0.18895100E+01
 1541   0.15941600E+01
 1542   0.13937500E+01
 1543   0.12627900E+01
 1544   0.11717500E+01
 1545   0.10935700E+01
 1546   0.10268400E+01
 1547   0.96579000E+00
 1548   0.87834000E+00
 1549   0.72523000E+00
 1550   0.63328000E+00
 1551   0.58923000E+00
 1552   0.56167000E+00
 1553   0.55245000E+00
 1554   0.11903320E+02
 1555   0.18277780E+02
 1556   0.15338140E+02
 1557   0.12427300E+02
 1558   0.11217030E+02
 1559   0.74581000E+01
 1560   0.53218500E+01
 1561   0.39026000E+01
 1562   0.32485800E+01
 1563   0.27386300E+01
 1564   0.96871100E+01
 1565   0.95224200E+01
 1566   0.74575700E+01
 1567   0.54259200E+01
 1568   0.34924000E+01
 1569   0.18184600E+01
 1570   0.14221700E+01
 1571   0.11931800E+01
 1572   0.10605400E+01
 1573   0.90757000E+00
 1574   0.75283000E+00
 1575   0.67259000E+00
 1576   0.61193000E+00
 1577   0.55619000E+00
 1578   0.50075000E+00
 1579   0.44931000E+00
 1580   0.39430000E+00
 1581   0.33527000E+00
 1582   0.48101000E+00
 1583   0.64056000E+00
 1584   0.57715000E+00
 1585   0.65990000E+00
 1586   0.15490600E+01
 1587   0.31776400E+01
 1588   0.54488300E+01
 1589   0.15274950E+02
 1590   0.12556040E+02
 1591   0.88291100E+01
 1592   0.63973100E+01
 1593   0.41859300E+01
 1594   0.41873800E+01
 1595   0.30990800E+01
 1596   0.23719800E+01
 1597   0.19011000E+01
 1598   0.15872440E+02
 1599   0.78425530E+02
 1600   0.59803950E+02
 1601   0.44673730E+02
 1602   0.39144880E+02
 1603   0.30614500E+02
 1604   0.22377770E+02
 1605   0.16765570E+02
 1606   0.12259840E+02
 1607   0.93382700E+01
 1608   0.82486600E+01
 1609   0.99571000E+01
 1610   0.98065400E+01
 1611   0.14629680E+02
 1612   0.11493580E+02
 1613   0.17846610E+02
 1614   0.14064105E+03
 1615   0.20733943E+03
 1616   0.30017828E+03
 1617   0.44803205E+03
 1618   0.31056359E+03
 1619   0.19408867E+03
 1620   0.99773060E+02
 1621   0.63829320E+02
 1622   0.55565550E+02
 1623   0.45563660E+02
 1624   0.30524430E+02
 1625   0.19697850E+02
 1626   0.13458120E+02
 1627   0.13920154E+03
 1628   0.26924155E+03
 1629   0.16877818E+03
 1630   0.96931740E+02
 1631   0.82544940E+02
 1632   0.53328300E+02
 1633   0.33412770E+02
 1634   0.22096770E+02
 1635   0.20047440E+02
 1636   0.56902660E+02
 1637   0.16604022E+03
 1638   0.49866054E+03
 1639   0.14474086E+04
 1640   0.86156212E+03
 1641   0.46259283E+03
 1642   0.25598242E+03
 1643   0.13563006E+03
 1644   0.79424490E+02
 1645   0.49527150E+02
 1646   0.33512110E+02
 1647   0.24603910E+02
 1648   0.19054470E+02
 1649   0.14518860E+02
 1650   0.11659150E+02
 1651   0.17009070E+02
 1652   0.21736870E+02
 1653   0.19688760E+02
 1654   0.13697740E+02
 1655   0.88489300E+01
 1656   0.52863700E+01
 1657   0.32910200E+01
 1658   0.24327400E+01
 1659   0.18187400E+01
 1660   0.14352000E+01
 1661   0.10880600E+01
 1662   0.86089000E+00
 1663   0.73982000E+00
 1664   0.67693000E+00
 1665   0.62461000E+00
 1666   0.57731000E+00
 1667   0.53291000E+00
 1668   0.48772000E+00
 1669   0.44490000E+00
 1670   0.40439000E+00
 1671   0.43193400E+01
 1672   0.84730000E+01
 1673   0.84047900E+01
 1674   0.67733500E+01
 1675   0.45616100E+01
 1676   0.70083100E+01
 1677   0.15529010E+02
 1678   0.26241870E+02
 1679   0.20348900E+02
 1680   0.12268020E+02
 1681   0.72620800E+01
 1682   0.23020400E+01
 1683   0.16012300E+01
 1684   0.12217700E+01
 1685   0.96674000E+00
 1686   0.71006000E+00
 1687   0.54244000E+00
 1688   0.36954000E+00
 1689   0.27568000E+00
 1690   0.21826000E+00
 1691   0.19170000E+00
 1692   0.58977000E+00
 1693   0.10101100E+01
 1694   0.55369000E+01
 1695   0.47870000E+01
 1696   0.98953960E+02
 1697   0.71375752E+03
 1698   0.42272347E+03
 1699   0.27963108E+03
 1700   0.25851175E+03
 1701   0.20248976E+03
 1702   0.11866063E+03
 1703   0.72326490E+02
 1704   0.46508620E+02
 1705   0.34783570E+02
 1706   0.36449620E+02
 1707   0.53123310E+02
 1708   0.57826800E+02
 1709   0.50926500E+02
 1710   0.44771320E+02
 1711   0.36390110E+02
 1712   0.50442390E+02
 1713   0.47571580E+02
 1714   0.40219040E+02
 1715   0.32799370E+02
 1716   0.26073520E+02
 1717   0.20064010E+02
 1718   0.15091210E+02
 1719   0.11359150E+02
 1720   0.88309200E+01
 1721   0.68794600E+01
 1722   0.53262600E+01
 1723   0.27924300E+01
 1724   0.25412200E+01
 1725   0.29211300E+01
 1726   0.63606800E+01
 1727   0.21045500E+02
 1728   0.35416959E+03
 1729   0.61597850E+03
 1730   0.49140384E+03
 1731   0.24901532E+03
 1732   0.13283838E+03
 1733   0.75629550E+02
 1734   0.49706630E+02
 1735   0.35684250E+02
 1736   0.27520200E+02
 1737   0.26834040E+02
 1738   0.26688040E+02
 1739   0.29004580E+02
 1740   0.30872830E+02
 1741   0.28278870E+02
 1742   0.22859400E+02
 1743   0.16218060E+02
 1744   0.12413820E+02
 1745   0.95846500E+01
 1746   0.74401300E+01
 1747   0.55926600E+01
 1748   0.41704600E+01
 1749   0.33600000E+01
 1750   0.27351500E+01
 1751   0.43349400E+01
 1752   0.12109580E+02
 1753   0.36596340E+02
 1754   0.12231587E+03
 1755   0.93950350E+02
 1756   0.74113840E+02
 1757   0.75427730E+02
 1758   0.99087910E+02
 1759   0.82890270E+02
 1760   0.57295760E+02
 1761   0.41066750E+02
 1762   0.48565580E+02
 1763   0.58816590E+02
 1764   0.78075600E+02
 1765   0.99968210E+02
 1766   0.10612434E+03
 1767   0.83251230E+02
 1768   0.62574320E+02
 1769   0.43912020E+02
 1770   0.31146310E+02
 1771   0.24043800E+02
 1772   0.20515730E+02
 1773   0.22764630E+02
 1774   0.25037180E+02
 1775   0.26646470E+02
 1776   0.23080060E+02
 1777   0.18362830E+02
 1778   0.14039530E+02
 1779   0.10880900E+02
 1780   0.86554100E+01
 1781   0.68633900E+01
 1782   0.51686400E+01
 1783   0.42350600E+01
 1784   0.29779900E+01
 1785   0.66721500E+01
 1786   0.20130090E+02
 1787   0.65818380E+02
 1788   0.10702274E+03
 1789   0.10134286E+03
 1790   0.78149220E+02
 1791   0.56954650E+02
 1792   0.41281650E+02
 1793   0.30923970E+02
 1794   0.24299370E+02
 1795   0.21956930E+02
 1796   0.53470490E+02
 1797   0.95060800E+02
 1798   0.94825010E+02
 1799   0.10671583E+03
 1800   0.11456852E+03
 1801   0.88794860E+02
 1802   0.61271540E+02
 1803   0.43501070E+02
 1804   0.31996500E+02
 1805   0.22050130E+02
 1806   0.18432390E+02
 1807   0.15147820E+02
 1808   0.12640260E+02
 1809   0.13991510E+02
 1810   0.16653510E+02
 1811   0.14671180E+02
 1812   0.13462160E+02
 1813   0.15146190E+02
 1814   0.20249610E+02
 1815   0.21187930E+02
 1816   0.19737290E+02
 1817   0.17060760E+02
 1818   0.13655510E+02
 1819   0.18222230E+02
 1820   0.25992900E+02
 1821   0.21127020E+02
 1822   0.15929310E+02
 1823   0.11577830E+02
 1824   0.85231800E+01
 1825   0.46457800E+01
 1826   0.41009300E+01
 1827   0.36378400E+01
 1828   0.30985300E+01
 1829   0.25730800E+01
 1830   0.21812400E+01
 1831   0.18573900E+01
 1832   0.16003300E+01
 1833   0.14431400E+01
 1834   0.13328000E+01
 1835   0.12121100E+01
 1836   0.10496500E+01
 1837   0.10371700E+01
 1838   0.17593100E+01
 1839   0.12008300E+01
 1840   0.10879200E+01
 1841   0.97359000E+00
 1842   0.83363000E+00
 1843   0.71764000E+00
 1844   0.63052000E+00
 1845   0.56662000E+00
 1846   0.49336000E+00
 1847   0.42349000E+00
 1848   0.35692000E+00
 1849   0.30915000E+00
 1850   0.27166000E+00
 1851   0.23552000E+00
 1852   0.20020000E+00
 1853   0.16991000E+00
 1854   0.14572000E+00
 1855   0.12662000E+00
 1856   0.11137000E+00
 1857   0.98990000E-01
 1858   0.42355000E+00
 1859   0.57307500E+01
 1860   0.64930400E+01
 1861   0.58788900E+01
 1862   0.44638200E+01
 1863   0.33041400E+01
 1864   0.26483200E+01
 1865   0.55705500E+01
 1866   0.82854300E+01
 1867   0.79606800E+01
 1868   0.67132100E+01
 1869   0.52867900E+01
 1870   0.35934700E+01
 1871   0.58934100E+01
 1872   0.46068500E+01
 1873   0.35890600E+01
 1874   0.28900000E+01
 1875   0.23118600E+01
 1876   0.18688400E+01
 1877   0.13806400E+01
 1878   0.11499600E+01
 1879   0.10146700E+01
 1880   0.79481000E+00
 1881   0.69407000E+00
 1882   0.63631000E+00
 1883   0.20299600E+01
 1884   0.50098300E+01
 1885   0.45322500E+01
 1886   0.37948600E+01
 1887   0.20127600E+01
 1888   0.16272100E+01
 1889   0.13075400E+01
 1890   0.11425900E+01
 1891   0.10472800E+01
 1892   0.95158000E+00
 1893   0.15076530E+02
 1894   0.26833580E+02
 1895   0.21899910E+02
 1896   0.15769090E+02
 1897   0.10236620E+02
 1898   0.79172600E+01
 1899   0.67347500E+01
 1900   0.59521700E+01
 1901   0.53456000E+01
 1902   0.44971400E+01
 1903   0.37728900E+01
 1904   0.32194200E+01
 1905   0.28790500E+01
 1906   0.25098100E+01
 1907   0.17455800E+01
 1908   0.71665600E+01
 1909   0.77920100E+01
 1910   0.69145100E+01
 1911   0.43637400E+01
 1912   0.30053000E+01
 1913   0.10252040E+02
 1914   0.14417520E+02
 1915   0.14034290E+02
 1916   0.12895660E+02
 1917   0.93000600E+01
 1918   0.84141800E+01
 1919   0.50551500E+01
 1920   0.33215600E+01
 1921   0.21930800E+01
 1922   0.16939200E+01
 1923   0.13944300E+01
 1924   0.12295200E+01
 1925   0.10853500E+01
 1926   0.26762700E+01
 1927   0.52538700E+01
 1928   0.34758600E+01
 1929   0.32645300E+01
 1930   0.23332000E+01
 1931   0.17110600E+01
 1932   0.13586600E+01
 1933   0.11549600E+01
 1934   0.92040000E+00
 1935   0.70697000E+00
 1936   0.57364000E+00
 1937   0.90489000E+00
 1938   0.69357500E+01
 1939   0.14971170E+02
 1940   0.13671580E+02
 1941   0.97861700E+01
 1942   0.64495200E+01
 1943   0.41930700E+01
 1944   0.27141400E+01
 1945   0.21298600E+01
 1946   0.15773600E+01
 1947   0.12851000E+01
 1948   0.85161100E+01
 1949   0.21172340E+02
 1950   0.19478810E+02
 1951   0.14897570E+02
 1952   0.11194200E+02
 1953   0.88089500E+01
 1954   0.76114100E+01
 1955   0.66612500E+01
 1956   0.55471200E+01
 1957   0.45164500E+01
 1958   0.33334610E+02
 1959   0.35441710E+02
 1960   0.23171640E+02
 1961   0.13763750E+02
 1962   0.95504600E+01
 1963   0.67107600E+01
 1964   0.44801100E+01
 1965   0.33945100E+01
 1966   0.30022800E+01
 1967   0.29500600E+01
 1968   0.48647600E+01
 1969   0.67050900E+01
 1970   0.15729130E+02
 1971   0.13877070E+02
 1972   0.11084790E+02
 1973   0.15285580E+02
 1974   0.15666160E+02
 1975   0.11690860E+02
 1976   0.77231200E+01
 1977   0.42169400E+01
 1978   0.53092600E+01
 1979   0.85362500E+01
 1980   0.33031640E+02
 1981   0.11870888E+03
 1982   0.99858450E+02
 1983   0.14384607E+03
 1984   0.19786428E+03
 1985   0.12842515E+03
 1986   0.79837370E+02
 1987   0.58024240E+02
 1988   0.42959910E+02
 1989   0.30966450E+02
 1990   0.28566490E+02
 1991   0.29499600E+02
 1992   0.22622190E+02
 1993   0.18286590E+02
 1994   0.12539200E+02
 1995   0.86835900E+01
 1996   0.62758900E+01
 1997   0.41489300E+01
 1998   0.33339600E+01
 1999   0.12573320E+02
 2000   0.26707070E+02
 2001   0.49156230E+02
 2002   0.40752120E+02
 2003   0.93540740E+02
 2004   0.15110563E+03
 2005   0.10679126E+03
 2006   0.76891090E+02
 2007   0.59582200E+02
 2008   0.79511630E+02
 2009   0.32169344E+03
 2010   0.26062074E+03
 2011   0.27900179E+03
 2012   0.23426906E+03
 2013   0.14776943E+03
 2014   0.20731433E+03
 2015   0.21622143E+03
 2016   0.13268523E+03
 2017   0.95975090E+02
 2018   0.68854710E+02
 2019   0.47020720E+02
 2020   0.30228180E+02
 2021   0.21567200E+02
 2022   0.16071580E+02
 2023   0.11892170E+02
 2024   0.91350600E+01
 2025   0.70771900E+01
 2026   0.52812400E+01
 2027   0.39515500E+01
 2028   0.30399600E+01
 2029   0.23356900E+01
 2030   0.15272500E+01
 2031   0.14297700E+01
 2032   0.33580593E+03
 2033   0.69447418E+03
 2034   0.33170460E+03
 2035   0.17243557E+03
 2036   0.10090350E+03
 2037   0.64171140E+02
 2038   0.43406270E+02
 2039   0.30813250E+02
 2040   0.25812750E+02
 2041   0.20359957E+03
 2042   0.10570162E+04
 2043   0.44040403E+03
 2044   0.19741572E+03
 2045   0.10482901E+03
 2046   0.62862480E+02
 2047   0.40910520E+02
 2048   0.28063140E+02
 2049   0.20040810E+02
 2050   0.15002460E+02
 2051   0.96720800E+01
 2052   0.13211330E+02
 2053   0.11371240E+02
 2054   0.82241800E+01
 2055   0.62849100E+01
 2056   0.41738000E+01
 2057   0.31076900E+01
 2058   0.23012100E+01
 2059   0.18004900E+01
 2060   0.18966400E+01
 2061   0.86076900E+01
 2062   0.99311650E+02
 2063   0.19397921E+03
 2064   0.12436753E+03
 2065   0.10187710E+03
 2066   0.84778910E+02
 2067   0.64920190E+02
 2068   0.58827650E+02
 2069   0.18969067E+03
 2070   0.60169568E+03
 2071   0.71968023E+03
 2072   0.38778260E+03
 2073   0.21484573E+03
 2074   0.16038842E+03
 2075   0.12991446E+03
 2076   0.15376539E+03
 2077   0.24508263E+03
 2078   0.22342727E+03
 2079   0.17396312E+03
 2080   0.14568242E+03
 2081   0.10188229E+03
 2082   0.66621470E+02
 2083   0.51958130E+02
 2084   0.43823490E+02
 2085   0.34923690E+02
 2086   0.26637480E+02
 2087   0.20279980E+02
 2088   0.20667000E+02
 2089   0.54879520E+02
 2090   0.55086570E+02
 2091   0.36676580E+02
 2092   0.23139390E+02
 2093   0.27448860E+02
 2094   0.53512860E+02
 2095   0.20990461E+03
 2096   0.18083377E+03
 2097   0.11835184E+03
 2098   0.83235850E+02
 2099   0.97444220E+02
 2100   0.57751360E+03
 2101   0.55830650E+03
 2102   0.26860461E+03
 2103   0.14050977E+03
 2104   0.82784560E+02
 2105   0.52534900E+02
 2106   0.35757840E+02
 2107   0.25404820E+02
 2108   0.18852870E+02
 2109   0.14101610E+02
 2110   0.10751400E+02
 2111   0.83096000E+01
 2112   0.47294900E+01
 2113   0.38364800E+01
 2114   0.32609700E+01
 2115   0.27281400E+01
 2116   0.35229300E+01
 2117   0.12768900E+02
 2118   0.25892762E+03
 2119   0.11794034E+04
 2120   0.42245115E+03
 2121   0.18931571E+03
 2122   0.10232543E+03
 2123   0.59268010E+02
 2124   0.39152830E+02
 2125   0.27320830E+02
 2126   0.19987310E+02
 2127   0.25490790E+02
 2128   0.54849600E+02
 2129   0.14269990E+03
 2130   0.13123442E+03
 2131   0.90361660E+02
 2132   0.59319460E+02
 2133   0.37138040E+02
 2134   0.26008000E+02
 2135   0.19104870E+02
 2136   0.17452870E+02
 2137   0.32402030E+02
 2138   0.77584670E+02
 2139   0.11090146E+03
 2140   0.87726320E+02
 2141   0.70984890E+02
 2142   0.67255640E+02
 2143   0.55941850E+02
 2144   0.46922960E+02
 2145   0.37360480E+02
 2146   0.28152200E+02
 2147   0.20872330E+02
 2148   0.15480900E+02
 2149   0.11464130E+02
 2150   0.88680600E+01
 2151   0.68736000E+01
 2152   0.50205500E+01
 2153   0.26156400E+01
 2154   0.25502700E+01
 2155   0.22139200E+01
 2156   0.19482700E+01
 2157   0.17631200E+01
 2158   0.15758400E+01
 2159   0.14021500E+01
 2160   0.13090500E+01
 2161   0.11743500E+01
 2162   0.10601600E+01
 2163   0.95963000E+00
 2164   0.74455000E+00
 2165   0.64070000E+00
 2166   0.59526000E+00
 2167   0.55775000E+00
 2168   0.52991000E+00
 2169   0.53211000E+00
 2170   0.49421000E+00
 2171   0.45885000E+00
 2172   0.45247000E+00
 2173   0.49940000E+00
 2174   0.53565000E+00
 2175   0.51719000E+00
 2176   0.45518000E+00
 2177   0.40528000E+00
 2178   0.39346000E+00
 2179   0.42180000E+00
 2180   0.42784000E+00
 2181   0.39745000E+00
 2182   0.35919000E+00
 2183   0.72300000E+00
 2184   0.58242000E+00
 2185   0.18476250E+02
 2186   0.12753510E+03
 2187   0.77441360E+02
 2188   0.53218360E+02
 2189   0.50549610E+02
 2190   0.40261260E+02
 2191   0.29486350E+02
 2192   0.21443390E+02
 2193   0.16004330E+02
 2194   0.10467730E+02
 2195   0.84865100E+01
 2196   0.69485100E+01
 2197   0.56067200E+01
 2198   0.45293200E+01
 2199   0.38070900E+01
 2200   0.31433400E+01
 2201   0.26277900E+01
 2202   0.21961100E+01
 2203   0.23064800E+01
 2204   0.20293300E+01
 2205   0.15532300E+01
 2206   0.20228300E+01
 2207   0.29987400E+01
 2208   0.37994200E+01
 2209   0.42198600E+01
 2210   0.42646200E+01
 2211   0.40816000E+01
 2212   0.36961900E+01
 2213   0.31836200E+01
 2214   0.26585500E+01
 2215   0.15893300E+01
 2216   0.13160000E+01
 2217   0.12174900E+01
 2218   0.11471600E+01
 2219   0.10736300E+01
 2220   0.10010000E+01
 2221   0.93601000E+00
 2222   0.83915000E+00
 2223   0.77064000E+00
 2224   0.70120000E+00
 2225   0.61625000E+00
 2226   0.53973000E+00
 2227   0.49385000E+00
 2228   0.46038000E+00
 2229   0.47364000E+00
 2230   0.52542000E+00
 2231   0.53675000E+00
 2232   0.52840000E+00
 2233   0.49817000E+00
 2234   0.46582000E+00
 2235   0.41106000E+00
 2236   0.34951000E+00
 2237   0.28981000E+00
 2238   0.24102000E+00
 2239   0.20323000E+00
 2240   0.17392000E+00
 2241   0.15242000E+00
 2242   0.15483000E+00
 2243   0.21093000E+00
 2244   0.28745000E+00
 2245   0.30661000E+00
 2246   0.29016000E+00
 2247   0.26857000E+00
 2248   0.25036000E+00
 2249   0.23522000E+00
 2250   0.22114000E+00
 2251   0.26668000E+00
 2252   0.41099000E+00
 2253   0.36365000E+00
 2254   0.29619000E+00
 2255   0.86215900E+01
 2256   0.90696100E+01
 2257   0.71726000E+01
 2258   0.47939400E+01
 2259   0.31590000E+01
 2260   0.23725200E+01
 2261   0.18143600E+01
 2262   0.14827700E+01
 2263   0.12499200E+01
 2264   0.11039500E+01
 2265   0.97937000E+00
 2266   0.73229000E+00
 2267   0.63122000E+00
 2268   0.57322000E+00
 2269   0.50833000E+00
 2270   0.45354000E+00
 2271   0.65811500E+01
 2272   0.12342870E+02
 2273   0.14678190E+02
 2274   0.12165750E+02
 2275   0.85399500E+01
 2276   0.33794600E+01
 2277   0.23406500E+01
 2278   0.16717600E+01
 2279   0.13292300E+01
 2280   0.14049800E+01
 2281   0.78543300E+01
 2282   0.20169250E+02
 2283   0.19407090E+02
 2284   0.16151280E+02
 2285   0.18922960E+02
 2286   0.24801100E+02
 2287   0.16013580E+02
 2288   0.96956800E+01
 2289   0.59260600E+01
 2290   0.32044700E+01
 2291   0.84572400E+01
 2292   0.11350530E+02
 2293   0.92987300E+01
 2294   0.76447500E+01
 2295   0.63825900E+01
 2296   0.53424200E+01
 2297   0.28580900E+01
 2298   0.12824990E+02
 2299   0.18142340E+02
 2300   0.15727140E+02
 2301   0.12607290E+02
 2302   0.10148640E+02
 2303   0.81565700E+01
 2304   0.69725700E+01
 2305   0.60922900E+01
 2306   0.50771700E+01
 2307   0.27661600E+01
 2308   0.26367000E+01
 2309   0.21935800E+01
 2310   0.17801400E+01
 2311   0.15043900E+01
 2312   0.12967100E+01
 2313   0.11498400E+01
 2314   0.11048500E+01
 2315   0.10686600E+01
 2316   0.98233000E+00
 2317   0.75688000E+00
 2318   0.64780000E+00
 2319   0.59756000E+00
 2320   0.55113000E+00
 2321   0.50494000E+00
 2322   0.45892000E+00
 2323   0.41644000E+00
 2324   0.37887000E+00
 2325   0.38897000E+00
 2326   0.34678000E+00
 2327   0.31447000E+00
 2328   0.27029000E+00
 2329   0.22739000E+00
 2330   0.19080000E+00
 2331   0.16226000E+00
 2332   0.14044000E+00
 2333   0.14045500E+01
 2334   0.96201000E+00
 2335   0.77690000E+00
 2336   0.68019000E+00
 2337   0.60136000E+00
 2338   0.48913000E+00
 2339   0.32841290E+02
 2340   0.22835278E+03
 2341   0.14352384E+03
 2342   0.83821170E+02
 2343   0.53243000E+02
 2344   0.36429730E+02
 2345   0.25882710E+02
 2346   0.18949290E+02
 2347   0.13948970E+02
 2348   0.92251200E+01
 2349   0.74539300E+01
 2350   0.94772100E+01
 2351   0.79055600E+02
 2352   0.10921599E+03
 2353   0.22812022E+03
 2354   0.11957614E+03
 2355   0.69688970E+02
 2356   0.50648750E+02
 2357   0.44928760E+02
 2358   0.10116220E+03
 2359   0.10933872E+03
 2360   0.76472570E+02
 2361   0.62565270E+02
 2362   0.62375720E+02
 2363   0.16323932E+03
 2364   0.32980356E+03
 2365   0.18816454E+03
 2366   0.12006077E+03
 2367   0.14998928E+03
 2368   0.22108108E+03
 2369   0.13056295E+03
 2370   0.84727610E+02
 2371   0.60903470E+02
 2372   0.53032380E+02
 2373   0.69630010E+02
 2374   0.53980220E+02
 2375   0.47426750E+02
 2376   0.31890750E+02
 2377   0.21154470E+02
 2378   0.14437040E+02
 2379   0.88124600E+01
 2380   0.64201300E+01
 2381   0.46921700E+01
 2382   0.38314100E+01
 2383   0.30883400E+01
 2384   0.25673200E+01
 2385   0.19363500E+01
 2386   0.14779600E+01
 2387   0.12269400E+01
 2388   0.10441300E+01
 2389   0.79368000E+00
 2390   0.67918000E+00
 2391   0.63047000E+00
 2392   0.58925000E+00
 2393   0.54663000E+00
 2394   0.51438000E+00
 2395   0.47704000E+00
 2396   0.44501000E+00
 2397   0.41586000E+00
 2398   0.38592000E+00
 2399   0.37461000E+00
 2400   0.45969000E+00
 2401   0.15776100E+01
 2402   0.25886700E+01
 2403   0.31092100E+01
 2404   0.15271480E+02
 2405   0.31658230E+02
 2406   0.31158210E+02
 2407   0.24507570E+02
 2408   0.18319790E+02
 2409   0.13287560E+02
 2410   0.86581000E+01
 2411   0.11584600E+02
 2412   0.12036270E+02
 2413   0.85944200E+01
 2414   0.65326600E+01
 2415   0.43436900E+01
 2416   0.32051300E+01
 2417   0.24263500E+01
 2418   0.19804500E+01
 2419   0.61513700E+01
 2420   0.51969600E+01
 2421   0.30984600E+01
 2422   0.23134600E+01
 2423   0.18278400E+01
 2424   0.28519050E+02
 2425   0.39231805E+03
 2426   0.41566060E+03
 2427   0.26360388E+03
 2428   0.16295182E+03
 2429   0.13700565E+03
 2430   0.14655964E+03
 2431   0.22536598E+03
 2432   0.11260516E+04
 2433   0.55946845E+03
 2434   0.24892847E+03
 2435   0.12897454E+03
 2436   0.88129970E+02
 2437   0.62328240E+02
 2438   0.44718360E+02
 2439   0.33625510E+02
 2440   0.59637650E+02
 2441   0.29305436E+03
 2442   0.31683032E+03
 2443   0.18145492E+03
 2444   0.10311275E+03
 2445   0.62973530E+02
 2446   0.15727443E+03
 2447   0.68226115E+03
 2448   0.48102681E+03
 2449   0.29152650E+03
 2450   0.17769340E+03
 2451   0.98604270E+02
 2452   0.63278960E+02
 2453   0.97471560E+02
 2454   0.13312399E+03
 2455   0.13594646E+03
 2456   0.18502305E+03
 2457   0.20252334E+03
 2458   0.15013494E+03
 2459   0.11483242E+03
 2460   0.81823980E+02
 2461   0.53090980E+02
 2462   0.37755550E+02
 2463   0.28458920E+02
 2464   0.36289040E+02
 2465   0.59607330E+02
 2466   0.25181828E+03
 2467   0.28463487E+03
 2468   0.18332599E+03
 2469   0.11385386E+03
 2470   0.73746750E+02
 2471   0.46495140E+02
 2472   0.32212430E+02
 2473   0.23051800E+02
 2474   0.17028210E+02
 2475   0.12486140E+02
 2476   0.95756200E+01
 2477   0.74000400E+01
 2478   0.54311800E+01
 2479   0.39972100E+01
 2480   0.30941600E+01
 2481   0.17824500E+01
 2482   0.59322100E+01
 2483   0.62264900E+01
 2484   0.10812450E+02
 2485   0.64849320E+02
 2486   0.79756070E+02
 2487   0.73613280E+02
 2488   0.87700030E+02
 2489   0.71662640E+02
 2490   0.50920670E+02
 2491   0.35830090E+02
 2492   0.25696290E+02
 2493   0.19336010E+02
 2494   0.13783350E+02
 2495   0.10136090E+02
 2496   0.77319900E+01
 2497   0.59566600E+01
 2498   0.43099200E+01
 2499   0.33976600E+01
 2500   0.28819700E+01
 2501   0.23750950E+02
 2502   0.49272950E+02
 2503   0.70988650E+02
 2504   0.65822370E+02
 2505   0.48907240E+02
 2506   0.43461290E+02
 2507   0.51232070E+02
 2508   0.61815720E+02
 2509   0.71534960E+02
 2510   0.58908190E+02
 2511   0.41633900E+02
 2512   0.27117320E+02
 2513   0.19483830E+02
 2514   0.14466750E+02
 2515   0.10846900E+02
 2516   0.84449200E+01
 2517   0.66786300E+01
 2518   0.54415600E+01
 2519   0.52113600E+01
 2520   0.49934200E+01
 2521   0.47863000E+01
 2522   0.47616700E+01
 2523   0.49472700E+01
 2524   0.45279200E+01
 2525   0.40698300E+01
 2526   0.35955100E+01
 2527   0.32643200E+01
 2528   0.60227400E+01
 2529   0.74955800E+01
 2530   0.75621100E+01
 2531   0.10215250E+02
 2532   0.13318470E+02
 2533   0.12833820E+02
 2534   0.12986880E+02
 2535   0.12345720E+02
 2536   0.11130890E+02
 2537   0.99989600E+01
 2538   0.84664900E+01
 2539   0.71073600E+01
 2540   0.58359900E+01
 2541   0.45477000E+01
 2542   0.37105200E+01
 2543   0.20320600E+01
 2544   0.46121700E+01
 2545   0.53685300E+01
 2546   0.36127400E+01
 2547   0.27679000E+01
 2548   0.22027000E+01
 2549   0.19332000E+01
 2550   0.17919200E+01
 2551   0.14432300E+01
 2552   0.11709400E+01
 2553   0.83768000E+00
 2554   0.66927000E+00
 2555   0.80922000E+00
 2556   0.65361000E+00
 2557   0.65106000E+00
 2558   0.80817000E+00
 2559   0.10957000E+01
 2560   0.24244900E+01
 2561   0.50548400E+01
 2562   0.11347690E+02
 2563   0.11012210E+02
 2564   0.12678330E+02
 2565   0.10480220E+02
 2566   0.83677900E+01
 2567   0.12924690E+02
 2568   0.17795900E+02
 2569   0.14283390E+02
 2570   0.11094360E+02
 2571   0.82648400E+01
 2572   0.62766000E+01
 2573   0.47724400E+01
 2574   0.23893800E+01
 2575   0.21730300E+01
 2576   0.18681800E+01
 2577   0.18240400E+01
 2578   0.17863200E+01
 2579   0.14522600E+01
 2580   0.75741400E+01
 2581   0.13880670E+02
 2582   0.13440080E+02
 2583   0.11279230E+02
 2584   0.75953500E+01
 2585   0.71562500E+01
 2586   0.80490400E+01
 2587   0.85339000E+01
 2588   0.29760260E+02
 2589   0.11996055E+03
 2590   0.23114782E+03
 2591   0.23791129E+03
 2592   0.16474383E+03
 2593   0.10158913E+03
 2594   0.60490670E+02
 2595   0.41701550E+02
 2596   0.36935900E+02
 2597   0.38810960E+02
 2598   0.68911340E+02
 2599   0.10369212E+03
 2600   0.85571060E+02
 2601   0.63945580E+02
 2602   0.50727060E+02
 2603   0.37765370E+02
 2604   0.25188960E+02
 2605   0.18817130E+02
 2606   0.13644780E+02
 2607   0.10283510E+02
 2608   0.84693500E+01
 2609   0.22686240E+02
 2610   0.23332490E+02
 2611   0.29867250E+02
 2612   0.33501960E+02
 2613   0.27231200E+02
 2614   0.21200100E+02
 2615   0.14898180E+02
 2616   0.11787080E+02
 2617   0.98317000E+01
 2618   0.81878600E+01
 2619   0.69285200E+01
 2620   0.10051050E+02
 2621   0.11756320E+02
 2622   0.11284920E+02
 2623   0.24100480E+02
 2624   0.28830410E+02
 2625   0.21524850E+02
 2626   0.34083940E+02
 2627   0.38386360E+02
 2628   0.33177770E+02
 2629   0.25731210E+02
 2630   0.20595060E+02
 2631   0.16564260E+02
 2632   0.13015680E+02
 2633   0.10323870E+02
 2634   0.82293000E+01
 2635   0.49541200E+01
 2636   0.37597800E+01
 2637   0.31435900E+01
 2638   0.27797000E+01
 2639   0.26383400E+01
 2640   0.20635800E+01
 2641   0.31349800E+01
 2642   0.24249700E+01
 2643   0.29092600E+01
 2644   0.20728400E+01
 2645   0.13430800E+01
 2646   0.10900600E+01
 2647   0.95807300E+01
 2648   0.17757990E+02
 2649   0.14851000E+02
 2650   0.10724100E+02
 2651   0.76689200E+01
 2652   0.74453800E+01
 2653   0.14837240E+02
 2654   0.12764270E+02
 2655   0.98016800E+01
 2656   0.60111400E+01
 2657   0.35538000E+01
 2658   0.33067900E+01
 2659   0.27325900E+01
 2660   0.50552300E+01
 2661   0.53624000E+01
 2662   0.88277900E+01
 2663   0.14286580E+02
 2664   0.21647070E+02
 2665   0.17705100E+02
 2666   0.10127340E+02
 2667   0.57598100E+01
 2668   0.32868200E+01
 2669   0.21485800E+01
 2670   0.26027100E+01
 2671   0.19285300E+01
 2672   0.21161000E+01
 2673   0.39285500E+01
 2674   0.26755300E+01
 2675   0.20831800E+01
 2676   0.13673800E+01
 2677   0.11178300E+01
 2678   0.99464000E+00
 2679   0.24880490E+02
 2680   0.12537657E+03
 2681   0.89349330E+02
 2682   0.87643430E+02
 2683   0.72485780E+02
 2684   0.51708390E+02
 2685   0.50573120E+02
 2686   0.34633380E+02
 2687   0.24905990E+02
 2688   0.17468990E+02
 2689   0.12386200E+02
 2690   0.11058960E+02
 2691   0.90522200E+01
 2692   0.73409400E+01
 2693   0.57251300E+01
 2694   0.56655900E+01
 2695   0.93734600E+01
 2696   0.18105030E+02
 2697   0.28588130E+02
 2698   0.57248890E+02
 2699   0.49986220E+02
 2700   0.48956370E+02
 2701   0.43018630E+02
 2702   0.32686300E+02
 2703   0.57100010E+02
 2704   0.16953070E+03
 2705   0.12980575E+03
 2706   0.91006630E+02
 2707   0.59500740E+02
 2708   0.41094340E+02
 2709   0.30959210E+02
 2710   0.23016910E+02
 2711   0.18650740E+02
 2712   0.18615250E+02
 2713   0.25755270E+02
 2714   0.31759820E+02
 2715   0.26801790E+02
 2716   0.18336660E+02
 2717   0.20695300E+02
 2718   0.12293955E+03
 2719   0.34835188E+03
 2720   0.15887525E+03
 2721   0.10490302E+03
 2722   0.70438070E+02
 2723   0.81148460E+02
 2724   0.35908644E+03
 2725   0.23942603E+03
 2726   0.17299643E+03
 2727   0.10518942E+03
 2728   0.95070960E+02
 2729   0.78256410E+02
 2730   0.54288110E+02
 2731   0.37783530E+02
 2732   0.25792350E+02
 2733   0.18495650E+02
 2734   0.37613250E+02
 2735   0.59178080E+02
 2736   0.50419670E+02
 2737   0.67715050E+02
 2738   0.21932320E+03
 2739   0.23316744E+03
 2740   0.15334914E+03
 2741   0.13866780E+03
 2742   0.10056609E+03
 2743   0.60645580E+02
 2744   0.54954830E+02
 2745   0.86769509E+03
 2746   0.90894562E+03
 2747   0.36495370E+03
 2748   0.18758411E+03
 2749   0.13616298E+03
 2750   0.10661770E+03
 2751   0.10145826E+03
 2752   0.74552750E+02
 2753   0.43790970E+02
 2754   0.26148930E+02
 2755   0.17036860E+02
 2756   0.11509660E+02
 2757   0.82158100E+01
 2758   0.43345500E+01
 2759   0.35015200E+01
 2760   0.28502400E+01
 2761   0.22274700E+01
 2762   0.17896300E+01
 2763   0.15845400E+01
 2764   0.14817900E+01
 2765   0.19325200E+01
 2766   0.19103600E+01
 2767   0.17755800E+01
 2768   0.14748100E+01
 2769   0.13378700E+01
 2770   0.13387400E+01
 2771   0.13351700E+01
 2772   0.13068900E+01
 2773   0.12548500E+01
 2774   0.11874400E+01
 2775   0.11056400E+01
 2776   0.10096700E+01
 2777   0.88904000E+00
 2778   0.77683000E+00
 2779   0.68225000E+00
 2780   0.59499000E+00
 2781   0.55110000E+00
 2782   0.52060000E+00
 2783   0.47847000E+00
 2784   0.43529000E+00
 2785   0.11403500E+01
 2786   0.94148000E+00
 2787   0.16418000E+01
 2788   0.13379800E+01
 2789   0.99674000E+00
 2790   0.73334000E+00
 2791   0.62054000E+00
 2792   0.48994000E+00
 2793   0.16483800E+01
 2794   0.13019200E+01
 2795   0.11091100E+01
 2796   0.10228200E+01
 2797   0.11432800E+01
 2798   0.13102600E+01
 2799   0.12893300E+01
 2800   0.44067500E+01
 2801   0.14069550E+02
 2802   0.73516615E+03
 2803   0.73802452E+03
 2804   0.36719472E+03
 2805   0.18609578E+03
 2806   0.10253110E+03
 2807   0.62047420E+02
 2808   0.40467330E+02
 2809   0.26149320E+02
 2810   0.19352530E+02
 2811   0.14423910E+02
 2812   0.11767220E+02
 2813   0.64748050E+02
 2814   0.83522902E+03
 2815   0.75404085E+03
 2816   0.37374192E+03
 2817   0.19785479E+03
 2818   0.11916691E+03
 2819   0.76987670E+02
 2820   0.49182520E+02
 2821   0.35052810E+02
 2822   0.42270020E+02
 2823   0.14042356E+03
 2824   0.68976077E+03
 2825   0.55622356E+03
 2826   0.28412568E+03
 2827   0.14746523E+03
 2828   0.85832690E+02
 2829   0.53986590E+02
 2830   0.34071620E+02
 2831   0.27832140E+02
 2832   0.58993940E+02
 2833   0.78218560E+02
 2834   0.81965190E+02
 2835   0.12141224E+03
 2836   0.20220332E+03
 2837   0.14517288E+03
 2838   0.91847120E+02
 2839   0.59900510E+02
 2840   0.37035400E+02
 2841   0.25104040E+02
 2842   0.17964360E+02
 2843   0.12742560E+02
 2844   0.95367900E+01
 2845   0.74440700E+01
 2846   0.57082100E+01
 2847   0.50114500E+01
 2848   0.51433900E+01
 2849   0.65939100E+01
 2850   0.30343990E+02
 2851   0.33503586E+03
 2852   0.29078183E+03
 2853   0.16850487E+03
 2854   0.10224411E+03
 2855   0.64958920E+02
 2856   0.43295620E+02
 2857   0.30519800E+02
 2858   0.22764780E+02
 2859   0.17350700E+02
 2860   0.13618980E+02
 2861   0.94722600E+01
 2862   0.77741700E+01
 2863   0.66289100E+01
 2864   0.54213900E+01
 2865   0.45632300E+01
 2866   0.39409300E+01
 2867   0.33314000E+01
 2868   0.27732300E+01
 2869   0.22201700E+01
 2870   0.17678300E+01
 2871   0.12831100E+01
 2872   0.10957500E+01
 2873   0.10064000E+01
 2874   0.95173000E+00
 2875   0.86178000E+00
 2876   0.88748000E+00
 2877   0.98356000E+00
 2878   0.11373600E+01
 2879   0.12344400E+01
 2880   0.14748900E+01
 2881   0.21681300E+01
 2882   0.22686200E+01
 2883   0.18478500E+01
 2884   0.15818800E+01
 2885   0.14501900E+01
 2886   0.13561800E+01
 2887   0.12728500E+01
 2888   0.11844500E+01
 2889   0.10679400E+01
 2890   0.97378000E+00
 2891   0.31563600E+01
 2892   0.33852000E+01
 2893   0.31151000E+01
 2894   0.28770600E+01
 2895   0.27451200E+01
 2896   0.22927600E+01
 2897   0.18277200E+01
 2898   0.16625900E+01
 2899   0.60267100E+01
 2900   0.68119100E+01
 2901   0.67984100E+01
 2902   0.34728800E+01
 2903   0.25912200E+01
 2904   0.19227300E+01
 2905   0.15931400E+01
 2906   0.14302200E+01
 2907   0.12539100E+01
 2908   0.11216400E+01
 2909   0.10335100E+01
 2910   0.98976000E+00
 2911   0.96049000E+00
 2912   0.83005000E+00
 2913   0.80298000E+00
 2914   0.80993000E+00
 2915   0.80579000E+00
 2916   0.79540000E+00
 2917   0.75028000E+00
 2918   0.69856000E+00
 2919   0.66199000E+00
 2920   0.63319000E+00
 2921   0.60991000E+00
 2922   0.56406000E+00
 2923   0.52909000E+00
 2924   0.48519000E+00
 2925   0.45033000E+00
 2926   0.42023000E+00
 2927   0.39359000E+00
 2928   0.36921000E+00
 2929   0.34494000E+00
 2930   0.31980000E+00
 2931   0.29500000E+00
 2932   0.40294000E+00
 2933   0.35515000E+00
 2934   0.36432000E+00
 2935   0.42181000E+00
 2936   0.39983000E+00
 2937   0.33785000E+00
 2938   0.28313000E+00
 2939   0.24228000E+00
 2940   0.21184000E+00
 2941   0.19094000E+00
 2942   0.18757000E+00
 2943   0.21666000E+00
 2944   0.26245000E+00
 2945   0.28354000E+00
 2946   0.15295400E+01
 2947   0.14286300E+01
 2948   0.26573600E+01
 2949   0.48839000E+01
 2950   0.42805400E+01
 2951   0.32222600E+01
 2952   0.24442500E+01
 2953   0.67974600E+01
 2954   0.77050400E+01
 2955   0.61054600E+01
 2956   0.40505200E+01
 2957   0.27175300E+01
 2958   0.19497100E+01
 2959   0.14981400E+01
 2960   0.15045260E+02
 2961   0.35953820E+02
 2962   0.29513780E+02
 2963   0.34732700E+02
 2964   0.30470940E+02
 2965   0.23828820E+02
 2966   0.19164050E+02
 2967   0.15925830E+02
 2968   0.24090320E+02
 2969   0.40116820E+02
 2970   0.33712170E+02
 2971   0.32070490E+02
 2972   0.53812890E+02
 2973   0.70424690E+02
 2974   0.64833110E+02
 2975   0.65510690E+02
 2976   0.55282090E+02
 2977   0.42463970E+02
 2978   0.32060510E+02
 2979   0.24186790E+02
 2980   0.18380910E+02
 2981   0.13929720E+02
 2982   0.10654800E+02
 2983   0.84129800E+01
 2984   0.50857000E+01
 2985   0.39587800E+01
 2986   0.32688400E+01
 2987   0.26848400E+01
 2988   0.23415500E+01
 2989   0.10868430E+02
 2990   0.17436770E+02
 2991   0.15669820E+02
 2992   0.12057680E+02
 2993   0.11347160E+02
 2994   0.83586700E+01
 2995   0.84076300E+01
 2996   0.79288100E+01
 2997   0.16832250E+02
 2998   0.35150060E+02
 2999   0.31493630E+02
 3000   0.31138210E+02
 3001   0.31922460E+02
 3002   0.26820030E+02
 3003   0.21390130E+02
 3004   0.15799290E+02
 3005   0.12077590E+02
 3006   0.98251600E+01
 3007   0.80109200E+01
 3008   0.66200700E+01
 3009   0.52683300E+01
 3010   0.41579800E+01
 3011   0.33641300E+01
 3012   0.27235900E+01
 3013   0.21608100E+01
 3014   0.13845600E+01
 3015   0.12180100E+01
 3016   0.10973000E+01
 3017   0.15709600E+01
 3018   0.11711200E+01
 3019   0.10564500E+01
 3020   0.95302000E+00
 3021   0.79047000E+00
 3022   0.71219000E+00
 3023   0.23186160E+02
 3024   0.74688240E+02
 3025   0.48820030E+02
 3026   0.33091330E+02
 3027   0.26999500E+02
 3028   0.22527960E+02
 3029   0.18256460E+02
 3030   0.13854940E+02
 3031   0.10524280E+02
 3032   0.80920100E+01
 3033   0.62424400E+01
 3034   0.43501500E+01
 3035   0.22886400E+01
 3036   0.20344400E+01
 3037   0.16778600E+01
 3038   0.14327900E+01
 3039   0.12773300E+01
 3040   0.11481900E+01
 3041   0.10333500E+01
 3042   0.92285000E+00
 3043   0.75632000E+00
 3044   0.68416000E+00
 3045   0.61412000E+00
 3046   0.53596000E+00
 3047   0.10877865E+03
 3048   0.19844677E+03
 3049   0.13974216E+03
 3050   0.10101027E+03
 3051   0.69278960E+02
 3052   0.45916100E+02
 3053   0.41675340E+02
 3054   0.40205240E+02
 3055   0.30744150E+02
 3056   0.21968030E+02
 3057   0.13952080E+02
 3058   0.22822700E+02
 3059   0.52060300E+02
 3060   0.40006700E+02
 3061   0.25659950E+02
 3062   0.32532130E+02
 3063   0.36276710E+02
 3064   0.25977990E+02
 3065   0.16571140E+02
 3066   0.93127900E+01
 3067   0.60230500E+01
 3068   0.40131600E+01
 3069   0.31466600E+01
 3070   0.39008900E+01
 3071   0.11808880E+02
 3072   0.30203850E+02
 3073   0.51060750E+02
 3074   0.53002390E+02
 3075   0.25126888E+03
 3076   0.11758829E+03
 3077   0.62521240E+02
 3078   0.46751410E+02
 3079   0.35547010E+02
 3080   0.25923220E+02
 3081   0.21147670E+02
 3082   0.61110630E+02
 3083   0.84312840E+02
 3084   0.52939210E+02
 3085   0.35207020E+02
 3086   0.25138260E+02
 3087   0.20478850E+02
 3088   0.16407600E+02
 3089   0.13017230E+02
 3090   0.22460880E+02
 3091   0.26702020E+02
 3092   0.29361470E+02
 3093   0.28413400E+02
 3094   0.24428820E+02
 3095   0.19859630E+02
 3096   0.14686570E+02
 3097   0.11778810E+02
 3098   0.95586100E+01
 3099   0.86137400E+01
 3100   0.67836900E+01
 3101   0.49846800E+01
 3102   0.38988300E+01
 3103   0.33816600E+01
 3104   0.32246100E+01
 3105   0.40789200E+01
 3106   0.48612700E+01
 3107   0.57370900E+01
 3108   0.99095600E+01
 3109   0.18658190E+02
 3110   0.17862930E+02
 3111   0.34259510E+02
 3112   0.70738870E+02
 3113   0.94046860E+02
 3114   0.75276550E+02
 3115   0.11695438E+03
 3116   0.12926840E+03
 3117   0.63829990E+02
 3118   0.42285480E+02
 3119   0.84946250E+02
 3120   0.10252206E+03
 3121   0.11046449E+03
 3122   0.11712210E+03
 3123   0.87923720E+02
 3124   0.59570210E+02
 3125   0.41031770E+02
 3126   0.29288170E+02
 3127   0.19801280E+02
 3128   0.15117070E+02
 3129   0.11813560E+02
 3130   0.91574100E+01
 3131   0.71455200E+01
 3132   0.53565400E+01
 3133   0.42094400E+01
 3134   0.34701600E+01
 3135   0.26884300E+01
 3136   0.20402600E+01
 3137   0.13866100E+01
 3138   0.11425900E+01
 3139   0.14952800E+01
 3140   0.10347640E+02
 3141   0.96103100E+01
 3142   0.70735500E+01
 3143   0.43586600E+01
 3144   0.28062300E+01
 3145   0.20950300E+01
 3146   0.15120400E+01
 3147   0.12198700E+01
 3148   0.91793000E+00
 3149   0.73523000E+00
 3150   0.63922000E+00
 3151   0.56433000E+00
 3152   0.50671000E+00
 3153   0.45567000E+00
 3154   0.48995000E+00
 3155   0.60938000E+00
 3156   0.25234500E+01
 3157   0.17701700E+01
 3158   0.12342600E+01
 3159   0.10008200E+01
 3160   0.78155000E+00
 3161   0.65466000E+00
 3162   0.10228200E+01
 3163   0.10853700E+01
 3164   0.66296800E+01
 3165   0.10401436E+03
 3166   0.24939875E+03
 3167   0.44814878E+03
 3168   0.63404681E+03
 3169   0.52453439E+03
 3170   0.67563379E+03
 3171   0.44409624E+03
 3172   0.29187014E+03
 3173   0.18766398E+03
 3174   0.11281329E+03
 3175   0.70021880E+02
 3176   0.45760020E+02
 3177   0.32454510E+02
 3178   0.22577230E+02
 3179   0.17822760E+02
 3180   0.14164550E+02
 3181   0.11397930E+02
 3182   0.96122100E+01
 3183   0.45717550E+02
 3184   0.66750690E+02
 3185   0.14325504E+03
 3186   0.48668720E+03
 3187   0.89388202E+03
 3188   0.52310130E+03
 3189   0.24534462E+03
 3190   0.13146458E+03
 3191   0.80042100E+02
 3192   0.20389606E+03
 3193   0.16848163E+03
 3194   0.10264539E+03
 3195   0.70242850E+02
 3196   0.46719390E+02
 3197   0.32165380E+02
 3198   0.23014390E+02
 3199   0.15812790E+02
 3200   0.12586710E+02
 3201   0.10095490E+02
 3202   0.81434700E+01
 3203   0.79080000E+01
 3204   0.97365500E+01
 3205   0.14145000E+02
 3206   0.18297620E+02
 3207   0.29910380E+02
 3208   0.41465990E+02
 3209   0.37464810E+02
 3210   0.42634490E+02
 3211   0.14536176E+03
 3212   0.41359000E+03
 3213   0.25883603E+03
 3214   0.15094300E+03
 3215   0.95650210E+02
 3216   0.68068890E+02
 3217   0.62448140E+02
 3218   0.66290020E+02
 3219   0.75073670E+02
 3220   0.74183870E+02
 3221   0.56413070E+02
 3222   0.18572337E+03
 3223   0.59915845E+03
 3224   0.31155413E+03
 3225   0.15628961E+03
 3226   0.89630720E+02
 3227   0.55924720E+02
 3228   0.37250660E+02
 3229   0.26061700E+02
 3230   0.17510300E+02
 3231   0.13032230E+02
 3232   0.13772950E+02
 3233   0.10508080E+02
 3234   0.83227300E+01
 3235   0.67142600E+01
 3236   0.60095100E+01
 3237   0.54013500E+01
 3238   0.38184700E+01
 3239   0.29851700E+01
 3240   0.17399200E+01
 3241   0.14359400E+01
 3242   0.12813000E+01
 3243   0.11591900E+01
 3244   0.10494900E+01
 3245   0.95723000E+00
 3246   0.82390000E+00
 3247   0.29935200E+01
 3248   0.24385700E+01
 3249   0.19556500E+01
 3250   0.13440200E+01
 3251   0.11425500E+01
 3252   0.10125600E+01
 3253   0.84478000E+00
 3254   0.75199000E+00
 3255   0.13451900E+01
 3256   0.11541300E+01
 3257   0.10206100E+01
 3258   0.95668000E+00
 3259   0.92238000E+00
 3260   0.81835000E+00
 3261   0.79099000E+00
 3262   0.75980000E+00
 3263   0.72643000E+00
 3264   0.70224000E+00
 3265   0.67340000E+00
 3266   0.64013000E+00
 3267   0.60908000E+00
 3268   0.58378000E+00
 3269   0.55883000E+00
 3270   0.80350800E+01
 3271   0.15169990E+02
 3272   0.12861610E+02
 3273   0.10023980E+02
 3274   0.73012000E+01
 3275   0.52690400E+01
 3276   0.38845400E+01
 3277   0.32918100E+01
 3278   0.29601300E+01
 3279   0.30054400E+01
 3280   0.27041800E+01
 3281   0.16664900E+01
 3282   0.13539900E+01
 3283   0.12305300E+01
 3284   0.11436500E+01
 3285   0.10615000E+01
 3286   0.98521000E+00
 3287   0.87325000E+00
 3288   0.75126000E+00
 3289   0.68128000E+00
 3290   0.63753000E+00
 3291   0.57868000E+00
 3292   0.51572000E+00
 3293   0.40565300E+01
 3294   0.34584000E+01
 3295   0.45694900E+01
 3296   0.39760200E+01
 3297   0.30132900E+01
 3298   0.22598500E+01
 3299   0.18305700E+01
 3300   0.81910800E+01
 3301   0.18494170E+02
 3302   0.19757530E+02
 3303   0.18771500E+02
 3304   0.42725990E+02
 3305   0.71567920E+02
 3306   0.11740444E+03
 3307   0.14180554E+03
 3308   0.11888820E+03
 3309   0.10327533E+03
 3310   0.80962910E+02
 3311   0.59707450E+02
 3312   0.40259080E+02
 3313   0.48145400E+02
 3314   0.44364590E+02
 3315   0.37361440E+02
 3316   0.31646310E+02
 3317   0.29285310E+02
 3318   0.28286100E+02
 3319   0.22912400E+02
 3320   0.17919090E+02
 3321   0.13569370E+02
 3322   0.87984500E+01
 3323   0.69866800E+01
 3324   0.59897800E+01
 3325   0.50319600E+01
 3326   0.43035300E+01
 3327   0.76129400E+01
 3328   0.30499600E+02
 3329   0.38628520E+02
 3330   0.33332930E+02
 3331   0.36293920E+02
 3332   0.53737560E+02
 3333   0.82484280E+02
 3334   0.10060642E+03
 3335   0.10044439E+03
 3336   0.81817970E+02
 3337   0.57327880E+02
 3338   0.45762170E+02
 3339   0.33096560E+02
 3340   0.23662440E+02
 3341   0.17099170E+02
 3342   0.10534050E+02
 3343   0.82576500E+01
 3344   0.66200300E+01
 3345   0.48211200E+01
 3346   0.45540800E+01
 3347   0.49588700E+01
 3348   0.25342850E+02
 3349   0.30799970E+02
 3350   0.25493580E+02
 3351   0.21842900E+02
 3352   0.18908810E+02
 3353   0.13092250E+02
 3354   0.10365750E+02
 3355   0.93546700E+01
 3356   0.75449700E+01
 3357   0.10686020E+02
 3358   0.13948910E+02
 3359   0.73232390E+02
 3360   0.65552420E+02
 3361   0.61518650E+02
 3362   0.54699260E+02
 3363   0.39851510E+02
 3364   0.38377170E+02
 3365   0.51195640E+02
 3366   0.51729530E+02
 3367   0.49978690E+02
 3368   0.41670750E+02
 3369   0.37116830E+02
 3370   0.31814690E+02
 3371   0.32811480E+02
 3372   0.76855110E+02
 3373   0.21406876E+03
 3374   0.22729321E+03
 3375   0.17844665E+03
 3376   0.10909238E+03
 3377   0.76822480E+02
 3378   0.73133080E+02
 3379   0.54482310E+02
 3380   0.38679390E+02
 3381   0.29112550E+02
 3382   0.29453920E+02
 3383   0.20437200E+02
 3384   0.16692470E+02
 3385   0.12368420E+02
 3386   0.93115000E+01
 3387   0.73761300E+01
 3388   0.64050200E+01
 3389   0.51756100E+01
 3390   0.41067500E+01
 3391   0.34045600E+01
 3392   0.26968700E+01
 3393   0.25118800E+01
 3394   0.53855100E+01
 3395   0.60433300E+01
 3396   0.66516100E+01
 3397   0.73560500E+01
 3398   0.75460100E+01
 3399   0.99936700E+01
 3400   0.17777100E+02
 3401   0.26397200E+02
 3402   0.26018300E+02
 3403   0.21739130E+02
 3404   0.16232690E+02
 3405   0.12635480E+02
 3406   0.10443140E+02
 3407   0.86636800E+01
 3408   0.83119000E+01
 3409   0.66971800E+01
 3410   0.54381700E+01
 3411   0.88944400E+01
 3412   0.76792700E+01
 3413   0.55806900E+01
 3414   0.26414700E+01
 3415   0.21547300E+01
 3416   0.17160500E+01
 3417   0.15293300E+01
 3418   0.13314700E+01
 3419   0.11572100E+01
 3420   0.10251700E+01
 3421   0.86930000E+00
 3422   0.72683000E+00
 3423   0.66241000E+00
 3424   0.59136000E+00
 3425   0.53136000E+00
 3426   0.47749000E+00
 3427   0.43108000E+00
 3428   0.39087000E+00
 3429   0.35253000E+00
 3430   0.31656000E+00
 3431   0.28368000E+00
 3432   0.25277000E+00
 3433   0.22290000E+00
 3434   0.42259000E+00
 3435   0.53221000E+00
 3436   0.42985000E+00
 3437   0.35994000E+00
 3438   0.67120900E+01
 3439   0.11986310E+02
 3440   0.10445300E+02
 3441   0.75767800E+01
 3442   0.48080900E+01
 3443   0.17259300E+02
 3444   0.18516890E+02
 3445   0.11445910E+02
 3446   0.77359300E+01
 3447   0.36046880E+02
 3448   0.26115026E+03
 3449   0.17821563E+03
 3450   0.12685602E+03
 3451   0.83748350E+02
 3452   0.96428530E+02
 3453   0.11732801E+03
 3454   0.69848490E+02
 3455   0.13402155E+03
 3456   0.24292475E+03
 3457   0.12180624E+03
 3458   0.80121920E+02
 3459   0.11167173E+03
 3460   0.10371700E+04
 3461   0.69812607E+03
 3462   0.32046543E+03
 3463   0.15970417E+03
 3464   0.92653250E+02
 3465   0.71761490E+02
 3466   0.10537657E+03
 3467   0.66323170E+02
 3468   0.37717530E+02
 3469   0.23482310E+02
 3470   0.16352690E+02
 3471   0.11707240E+02
 3472   0.90809400E+01
 3473   0.10909050E+02
 3474   0.84376400E+01
 3475   0.60204400E+01
 3476   0.28122700E+01
 3477   0.22198900E+01
 3478   0.17697000E+01
 3479   0.14575000E+01
 3480   0.12504000E+01
 3481   0.10982300E+01
 3482   0.97450000E+00
 3483   0.83147000E+00
 3484   0.72048000E+00
 3485   0.65556000E+00
 3486   0.57819000E+00
 3487   0.51626000E+00
 3488   0.45098000E+00
 3489   0.40127000E+00
 3490   0.36054000E+00
 3491   0.32367000E+00
 3492   0.29019000E+00
 3493   0.25785000E+00
 3494   0.22538000E+00
 3495   0.19474000E+00
 3496   0.16868000E+00
 3497   0.14748000E+00
 3498   0.13028000E+00
 3499   0.11617000E+00
 3500   0.10444000E+00
 3501   0.94530000E-01
 3502   0.86060000E-01
 3503   0.78750000E-01
 3504   0.72380000E-01
 3505   0.66780000E-01
 3506   0.61830000E-01
 3507   0.57430000E-01
 3508   0.53500000E-01
 3509   0.82037500E+01
 3510   0.43165550E+02
 3511   0.62129420E+02
 3512   0.74207430E+02
 3513   0.29243775E+03
 3514   0.68141832E+03
 3515   0.40886024E+03
 3516   0.33299192E+03
 3517   0.34083653E+03
 3518   0.25820314E+03
 3519   0.15024002E+03
 3520   0.88628870E+02
 3521   0.55352230E+02
 3522   0.37553550E+02
 3523   0.26467350E+02
 3524   0.19263650E+02
 3525   0.14131650E+02
 3526   0.10628060E+02
 3527   0.70665600E+01
 3528   0.52401400E+01
 3529   0.41779300E+01
 3530   0.33981100E+01
 3531   0.28288800E+01
 3532   0.23667900E+01
 3533   0.28268600E+01
 3534   0.30169100E+01
 3535   0.28916300E+01
 3536   0.33061300E+01
 3537   0.31089800E+01
 3538   0.74243700E+01
 3539   0.17214500E+02
 3540   0.21160640E+02
 3541   0.42402950E+02
 3542   0.48181280E+02
 3543   0.38703870E+02
 3544   0.40290940E+02
 3545   0.15275071E+03
 3546   0.44401209E+03
 3547   0.27547255E+03
 3548   0.14694400E+03
 3549   0.89742330E+02
 3550   0.61269670E+02
 3551   0.43181660E+02
 3552   0.31261140E+02
 3553   0.22700650E+02
 3554   0.17023900E+02
 3555   0.12534990E+02
 3556   0.95142500E+01
 3557   0.72867600E+01
 3558   0.45724900E+01
 3559   0.58404800E+01
 3560   0.13624980E+02
 3561   0.20682090E+02
 3562   0.51586190E+02
 3563   0.63739560E+02
 3564   0.47955050E+02
 3565   0.33658500E+02
 3566   0.23785990E+02
 3567   0.17113490E+02
 3568   0.10915190E+02
 3569   0.83962800E+01
 3570   0.66884100E+01
 3571   0.50207600E+01
 3572   0.40371100E+01
 3573   0.32517100E+01
 3574   0.26552200E+01
 3575   0.21348500E+01
 3576   0.17005800E+01
 3577   0.13868500E+01
 3578   0.10615300E+01
 3579   0.87084000E+00
 3580   0.77263000E+00
 3581   0.83783000E+00
 3582   0.93407000E+00
 3583   0.84724000E+00
 3584   0.89342000E+00
 3585   0.10434800E+01
 3586   0.12772900E+01
 3587   0.15514900E+01
 3588   0.15541400E+01
 3589   0.60384100E+01
 3590   0.59456000E+01
 3591   0.59907600E+01
 3592   0.74715700E+01
 3593   0.94118000E+01
 3594   0.99291800E+01
 3595   0.94043600E+01
 3596   0.80339100E+01
 3597   0.68506800E+01
 3598   0.56221000E+01
 3599   0.31308600E+01
 3600   0.31574100E+01
 3601   0.11248220E+02
 3602   0.37167820E+02
 3603   0.12240871E+03
 3604   0.10345587E+03
 3605   0.75638520E+02
 3606   0.52279680E+02
 3607   0.35440710E+02
 3608   0.24537200E+02
 3609   0.15808810E+02
 3610   0.11191040E+02
 3611   0.86662900E+01
 3612   0.67494300E+01
 3613   0.49546100E+01
 3614   0.40050400E+01
 3615   0.37290600E+01
 3616   0.44612600E+01
 3617   0.39514600E+01
 3618   0.35405000E+01
 3619   0.21347900E+01
 3620   0.21982400E+01
 3621   0.41817100E+01
 3622   0.34700100E+01
 3623   0.33259300E+01
 3624   0.35486100E+01
 3625   0.34916800E+01
 3626   0.32992800E+01
 3627   0.31236100E+01
 3628   0.29465900E+01
 3629   0.18013800E+01
 3630   0.17520600E+01
 3631   0.72828400E+01
 3632   0.15107360E+02
 3633   0.12544200E+02
 3634   0.95139000E+01
 3635   0.68310500E+01
 3636   0.47865000E+01
 3637   0.33868800E+01
 3638   0.25340800E+01
 3639   0.20756600E+01
 3640   0.13759900E+01
 3641   0.11403300E+01
 3642   0.99205000E+00
 3643   0.85250000E+00
 3644   0.77683000E+00
 3645   0.71529000E+00
 3646   0.67133000E+00
 3647   0.63767000E+00
 3648   0.60490000E+00
 3649   0.56868000E+00
 3650   0.52962000E+00
 3651   0.47234000E+00
 3652   0.40975000E+00
 3653   0.37189000E+00
 3654   0.34939000E+00
 3655   0.33484000E+00
 3656   0.32315000E+00
 3657   0.39706500E+01
 3658   0.42839500E+01
 3659   0.32118600E+01
 3660   0.18331000E+01
 3661   0.15187000E+01
 3662   0.12759500E+01
 3663   0.11058800E+01
 3664   0.98950000E+00
 3665   0.76051000E+00
 3666   0.62372000E+00
 3667   0.49819000E+00
 3668   0.40278000E+00
 3669   0.35237000E+00
 3670   0.31990000E+00
 3671   0.29410000E+00
 3672   0.26701000E+00
 3673   0.24332000E+00
 3674   0.22255000E+00
 3675   0.20185000E+00
 3676   0.18130000E+00
 3677   0.16194000E+00
 3678   0.14446000E+00
 3679   0.12907000E+00
 3680   0.11573000E+00
 3681   0.10549000E+00
 3682   0.11221000E+00
 3683   0.16416000E+00
 3684   0.25286000E+00
 3685   0.12903600E+01
 3686   0.92764000E+00
 3687   0.74687000E+00
 3688   0.64775000E+00
 3689   0.57764000E+00
 3690   0.46676000E+00
 3691   0.37001000E+00
 3692   0.31020000E+00
 3693   0.27182000E+00
 3694   0.24551000E+00
 3695   0.67384500E+01
 3696   0.12570820E+02
 3697   0.11565440E+02
 3698   0.92084000E+01
 3699   0.66971600E+01
 3700   0.52076900E+01
 3701   0.91709600E+01
 3702   0.29733980E+02
 3703   0.41881270E+02
 3704   0.66228880E+02
 3705   0.59625210E+02
 3706   0.59764770E+02
 3707   0.89757120E+02
 3708   0.71829350E+02
 3709   0.53048660E+02
 3710   0.41727460E+02
 3711   0.29186830E+02
 3712   0.22154760E+02
 3713   0.16233880E+02
 3714   0.12106450E+02
 3715   0.10125410E+02
 3716   0.16364750E+02
 3717   0.46240980E+02
 3718   0.82831750E+02
 3719   0.58620850E+02
 3720   0.54338230E+02
 3721   0.16735096E+03
 3722   0.12482490E+03
 3723   0.96242700E+02
 3724   0.70959040E+02
 3725   0.47372790E+02
 3726   0.31874430E+02
 3727   0.22300270E+02
 3728   0.17288800E+02
 3729   0.12470740E+02
 3730   0.10516510E+02
 3731   0.81799400E+01
 3732   0.41269800E+01
 3733   0.41991500E+01
 3734   0.69075500E+01
 3735   0.14222470E+02
 3736   0.12426030E+02
 3737   0.10056280E+02
 3738   0.13883080E+02
 3739   0.21875040E+02
 3740   0.18453010E+02
 3741   0.16056990E+02
 3742   0.14176040E+02
 3743   0.11857590E+02
 3744   0.11097370E+02
 3745   0.94083100E+01
 3746   0.73026700E+01
 3747   0.56290100E+01
 3748   0.41332200E+01
 3749   0.33003700E+01
 3750   0.26510800E+01
 3751   0.24507200E+01
 3752   0.15050400E+01
 3753   0.29785600E+01
 3754   0.20309600E+01
 3755   0.15128100E+01
 3756   0.12173700E+01
 3757   0.10400000E+01
 3758   0.86728000E+00
 3759   0.72065000E+00
 3760   0.64671000E+00
 3761   0.59851000E+00
 3762   0.54479000E+00
 3763   0.12682000E+01
 3764   0.75062000E+00
 3765   0.69506000E+00
 3766   0.63932000E+00
 3767   0.26049300E+01
 3768   0.24007600E+01
 3769   0.18921100E+01
 3770   0.14778500E+01
 3771   0.12448100E+01
 3772   0.21210900E+01
 3773   0.53050300E+01
 3774   0.41111400E+01
 3775   0.58893900E+01
 3776   0.13364810E+02
 3777   0.12236400E+02
 3778   0.87296600E+01
 3779   0.48540100E+01
 3780   0.28831800E+01
 3781   0.19451700E+01
 3782   0.13938000E+01
 3783   0.10009900E+01
 3784   0.97814000E+00
 3785   0.75243000E+00
 3786   0.62914000E+00
 3787   0.48211000E+00
 3788   0.38352000E+00
 3789   0.32122000E+00
 3790   0.27752000E+00
 3791   0.24474000E+00
 3792   0.21863000E+00
 3793   0.19767000E+00
 3794   0.38598600E+01
 3795   0.12836060E+02
 3796   0.17402600E+02
 3797   0.17862800E+02
 3798   0.14020690E+02
 3799   0.92849600E+01
 3800   0.18435180E+02
 3801   0.17374340E+02
 3802   0.14223500E+02
 3803   0.95839800E+01
 3804   0.62329100E+01
 3805   0.37341300E+01
 3806   0.22269500E+01
 3807   0.15525500E+01
 3808   0.12924200E+01
 3809   0.38756100E+01
 3810   0.15455150E+02
 3811   0.13782714E+03
 3812   0.26062585E+03
 3813   0.22608591E+03
 3814   0.17116399E+03
 3815   0.13050006E+03
 3816   0.13372117E+03
 3817   0.82140540E+02
 3818   0.47148420E+02
 3819   0.29519190E+02
 3820   0.21468120E+02
 3821   0.15410780E+02
 3822   0.11329170E+02
 3823   0.90489800E+01
 3824   0.65689000E+01
 3825   0.70934500E+01
 3826   0.88379100E+01
 3827   0.92732400E+01
 3828   0.90241200E+01
 3829   0.83384700E+01
 3830   0.72139900E+01
 3831   0.59855100E+01
 3832   0.45950700E+01
 3833   0.36033700E+01
 3834   0.20024900E+01
 3835   0.17146000E+01
 3836   0.14557800E+01
 3837   0.12797300E+01
 3838   0.13236400E+01
 3839   0.14697300E+01
 3840   0.42358400E+01
 3841   0.81480600E+01
 3842   0.38382280E+02
 3843   0.44601220E+02
 3844   0.41615890E+02
 3845   0.47374750E+02
 3846   0.31392200E+02
 3847   0.17156870E+02
 3848   0.92791700E+01
 3849   0.47492800E+01
 3850   0.30050800E+01
 3851   0.40209100E+01
 3852   0.44528500E+01
 3853   0.26319900E+01
 3854   0.17609000E+01
 3855   0.12485600E+01
 3856   0.10045700E+01
 3857   0.75316000E+00
 3858   0.60702000E+00
 3859   0.44649000E+00
 3860   0.33047000E+00
 3861   0.25797000E+00
 3862   0.20954000E+00
 3863   0.17529000E+00
 3864   0.15011000E+00
 3865   0.13124000E+00
 3866   0.11714000E+00
 3867   0.10686000E+00
 3868   0.99630000E-01
 3869   0.94600000E-01
 3870   0.90890000E-01
 3871   0.87690000E-01
 3872   0.84480000E-01
 3873   0.81020000E-01
 3874   0.77290000E-01
 3875   0.73380000E-01
 3876   0.69400000E-01
 3877   0.65470000E-01
 3878   0.61660000E-01
 3879   0.85300000E-01
 3880   0.59410000E+00
 3881   0.51202400E+01
 3882   0.27179430E+02
 3883   0.35618470E+02
 3884   0.29285890E+02
 3885   0.21842060E+02
 3886   0.14688330E+02
 3887   0.11063070E+02
 3888   0.87439000E+01
 3889   0.68942500E+01
 3890   0.62810500E+01
 3891   0.78774900E+01
 3892   0.11615630E+02
 3893   0.15158500E+02
 3894   0.15371920E+02
 3895   0.19751480E+02
 3896   0.22903770E+02
 3897   0.36414020E+02
 3898   0.38150970E+02
 3899   0.31286330E+02
 3900   0.23836960E+02
 3901   0.15709015E+03
 3902   0.21416149E+03
 3903   0.14022252E+03
 3904   0.97555570E+02
 3905   0.66835060E+02
 3906   0.43144030E+02
 3907   0.31281880E+02
 3908   0.28865400E+02
 3909   0.26312700E+02
 3910   0.24279520E+02
 3911   0.24262390E+02
 3912   0.20036880E+02
 3913   0.22060410E+02
 3914   0.21975430E+02
 3915   0.24693230E+02
 3916   0.23690386E+03
 3917   0.61453792E+03
 3918   0.32330735E+03
 3919   0.17928271E+03
 3920   0.12345603E+03
 3921   0.91977030E+02
 3922   0.70340500E+02
 3923   0.55340960E+02
 3924   0.11604538E+03
 3925   0.34338386E+03
 3926   0.22031022E+03
 3927   0.13987605E+03
 3928   0.10042612E+03
 3929   0.81969110E+02
 3930   0.60563190E+02
 3931   0.45001850E+02
 3932   0.33586370E+02
 3933   0.27432820E+02
 3934   0.35731610E+02
 3935   0.74464190E+02
 3936   0.25971686E+03
 3937   0.18662807E+03
 3938   0.11619151E+03
 3939   0.72817310E+02
 3940   0.48177110E+02
 3941   0.38233890E+02
 3942   0.27016880E+02
 3943   0.20029290E+02
 3944   0.15117630E+02
 3945   0.11433200E+02
 3946   0.92271300E+01
 3947   0.71576000E+01
 3948   0.97368960E+02
 3949   0.30415882E+03
 3950   0.19146762E+03
 3951   0.10970043E+03
 3952   0.67147020E+02
 3953   0.43919600E+02
 3954   0.30588310E+02
 3955   0.21949710E+02
 3956   0.16523950E+02
 3957   0.10862640E+02
 3958   0.87492400E+01
 3959   0.69928100E+01
 3960   0.52555800E+01
 3961   0.41189700E+01
 3962   0.34432400E+01
 3963   0.28021900E+01
 3964   0.22745900E+01
 3965   0.18188300E+01
 3966   0.14781600E+01
 3967   0.12877400E+01
 3968   0.10146300E+01
 3969   0.11769600E+01
 3970   0.28553600E+01
 3971   0.31926200E+01
 3972   0.61678500E+01
 3973   0.89787500E+01
 3974   0.10126660E+02
 3975   0.10107560E+02
 3976   0.88947000E+01
 3977   0.73096300E+01
 3978   0.38360200E+01
 3979   0.34399800E+01
 3980   0.29009400E+01
 3981   0.23057600E+01
 3982   0.18892900E+01
 3983   0.34926300E+01
 3984   0.48680579E+03
 3985   0.69090141E+03
 3986   0.44117374E+03
 3987   0.23533391E+03
 3988   0.12654222E+03
 3989   0.76551000E+02
 3990   0.49872490E+02
 3991   0.34515270E+02
 3992   0.24700650E+02
 3993   0.18473710E+02
 3994   0.13936070E+02
 3995   0.10855710E+02
 3996   0.86335900E+01
 3997   0.68728700E+01
 3998   0.34866400E+01
 3999   0.31122200E+01
 4000   0.27682500E+01
 4001   0.23285600E+01
 4002   0.19870700E+01
 4003   0.16775600E+01
 4004   0.14893300E+01
 4005   0.36633900E+01
 4006   0.13886970E+02
 4007   0.18724350E+02
 4008   0.23149690E+02
 4009   0.20754630E+02
 4010   0.19124290E+02
 4011   0.16658350E+02
 4012   0.12942930E+02
 4013   0.98293600E+01
 4014   0.76056800E+01
 4015   0.70905100E+01
 4016   0.92962800E+01
 4017   0.21619630E+02
 4018   0.45972590E+02
 4019   0.43807820E+02
 4020   0.34854630E+02
 4021   0.26932680E+02
 4022   0.20813860E+02
 4023   0.16398250E+02
 4024   0.12735960E+02
 4025   0.10220970E+02
 4026   0.83177400E+01
 4027   0.68193300E+01
 4028   0.58075600E+01
 4029   0.14982660E+02
 4030   0.39134360E+02
 4031   0.11170330E+03
 4032   0.10034040E+03
 4033   0.66205100E+02
 4034   0.44060150E+02
 4035   0.30915360E+02
 4036   0.23315760E+02
 4037   0.17711030E+02
 4038   0.13447890E+02
 4039   0.90151700E+01
 4040   0.10128850E+02
 4041   0.79136100E+01
 4042   0.59395100E+01
 4043   0.45367400E+01
 4044   0.38966400E+01
 4045   0.33923900E+01
 4046   0.31904900E+01
 4047   0.25394500E+01
 4048   0.21165400E+01
 4049   0.30554400E+01
 4050   0.16476300E+01
 4051   0.13178200E+01
 4052   0.11571100E+01
 4053   0.10813800E+01
 4054   0.24580500E+01
 4055   0.23467500E+01
 4056   0.20864800E+01
 4057   0.23408200E+01
 4058   0.25926500E+01
 4059   0.24997400E+01
 4060   0.15790100E+01
 4061   0.14415300E+01
 4062   0.14760300E+01
 4063   0.58795900E+01
 4064   0.76299600E+01
 4065   0.65186700E+01
 4066   0.52354100E+01
 4067   0.40427700E+01
 4068   0.16317350E+02
 4069   0.15380180E+02
 4070   0.10192310E+02
 4071   0.68516100E+01
 4072   0.44760600E+01
 4073   0.31534000E+01
 4074   0.47782400E+01
 4075   0.48081100E+01
 4076   0.37552700E+01
 4077   0.33228900E+01
 4078   0.29668500E+01
 4079   0.25845700E+01
 4080   0.15739200E+01
 4081   0.17174400E+01
 4082   0.13221200E+01
 4083   0.19709300E+01
 4084   0.21425300E+01
 4085   0.97810300E+01
 4086   0.25886270E+02
 4087   0.22858690E+02
 4088   0.16126580E+02
 4089   0.11600160E+02
 4090   0.89537500E+01
 4091   0.78504800E+01
 4092   0.10974130E+02
 4093   0.93383800E+01
 4094   0.79347800E+01
 4095   0.62886100E+01
 4096   0.44759900E+01
 4097   0.49578100E+01
 4098   0.39820600E+01
 4099   0.29843900E+01
 4100   0.24558500E+01
 4101   0.14866300E+01
 4102   0.12154600E+01
 4103   0.10773500E+01
 4104   0.95835000E+00
 4105   0.80831000E+00
 4106   0.71804000E+00
 4107   0.66162000E+00
 4108   0.61610000E+00
 4109   0.57384000E+00
 4110   0.52800000E+00
 4111   0.47918000E+00
 4112   0.42140000E+00
 4113   0.35891000E+00
 4114   0.31454000E+00
 4115   0.28121000E+00
 4116   0.24985000E+00
 4117   0.21708000E+00
 4118   0.18558000E+00
 4119   0.15896000E+00
 4120   0.13804000E+00
 4121   0.12185000E+00
 4122   0.39934000E+00
 4123   0.32624000E+00
 4124   0.64354000E+00
 4125   0.54547000E+00
 4126   0.49000000E+00
 4127   0.43649000E+00
 4128   0.35963000E+00
 4129   0.29648000E+00
 4130   0.25249000E+00
 4131   0.22100000E+00
 4132   0.19649000E+00
 4133   0.20974000E+00
 4134   0.23866000E+00
 4135   0.21162000E+00
 4136   0.18478000E+00
 4137   0.15912000E+00
 4138   0.14135000E+00
 4139   0.12800000E+00
 4140   0.11618000E+00
 4141   0.10519000E+00
 4142   0.95120000E-01
 4143   0.86120000E-01
 4144   0.78190000E-01
 4145   0.71270000E-01
 4146   0.65230000E-01
 4147   0.59960000E-01
 4148   0.60360000E-01
 4149   0.62570000E-01
 4150   0.63410000E-01
 4151   0.11850200E+01
 4152   0.85408400E+01
 4153   0.13311770E+02
 4154   0.12521790E+02
 4155   0.95604100E+01
 4156   0.62797900E+01
 4157   0.52032400E+01
 4158   0.73276300E+01
 4159   0.29159430E+02
 4160   0.28846350E+02
 4161   0.19074630E+02
 4162   0.11965180E+02
 4163   0.13885570E+02
 4164   0.10229680E+02
 4165   0.77472400E+01
 4166   0.65011200E+01
 4167   0.59468000E+01
 4168   0.59478200E+01
 4169   0.66251400E+01
 4170   0.64271800E+01
 4171   0.47997600E+01
 4172   0.11036390E+02
 4173   0.14134170E+02
 4174   0.45459160E+02
 4175   0.45396740E+02
 4176   0.28785080E+02
 4177   0.18129870E+02
 4178   0.13654010E+02
 4179   0.11138990E+02
 4180   0.10396360E+02
 4181   0.10550982E+03
 4182   0.11121329E+03
 4183   0.53787380E+02
 4184   0.31548460E+02
 4185   0.24167960E+02
 4186   0.22016650E+02
 4187   0.19887120E+02
 4188   0.17510960E+02
 4189   0.15466440E+02
 4190   0.13512270E+02
 4191   0.11457120E+02
 4192   0.94923000E+01
 4193   0.66500900E+01
 4194   0.53350400E+01
 4195   0.99767100E+01
 4196   0.19722230E+02
 4197   0.15047150E+02
 4198   0.10623570E+02
 4199   0.69298300E+01
 4200   0.39600900E+01
 4201   0.27492100E+01
 4202   0.56622700E+01
 4203   0.37083500E+01
 4204   0.27435100E+01
 4205   0.21217500E+01
 4206   0.17204900E+01
 4207   0.14427300E+01
 4208   0.45052500E+01
 4209   0.37636192E+03
 4210   0.21094417E+03
 4211   0.13915271E+03
 4212   0.10653820E+03
 4213   0.86457000E+02
 4214   0.52670560E+02
 4215   0.32805260E+02
 4216   0.23549850E+02
 4217   0.25867060E+02
 4218   0.19414750E+02
 4219   0.13506950E+02
 4220   0.92279000E+01
 4221   0.64683400E+01
 4222   0.40944500E+01
 4223   0.30007800E+01
 4224   0.17604500E+01
 4225   0.14528100E+01
 4226   0.12800700E+01
 4227   0.11667200E+01
 4228   0.10539100E+01
 4229   0.95411000E+00
 4230   0.85995000E+00
 4231   0.88301000E+00
 4232   0.93544000E+00
 4233   0.28033300E+01
 4234   0.50975900E+01
 4235   0.38689000E+01
 4236   0.41669300E+01
 4237   0.82246600E+01
 4238   0.73451800E+01
 4239   0.54247200E+01
 4240   0.33479100E+01
 4241   0.22466300E+01
 4242   0.16061000E+01
 4243   0.13253400E+01
 4244   0.10240800E+01
 4245   0.82764000E+00
 4246   0.72078000E+00
 4247   0.64208000E+00
 4248   0.60350000E+00
 4249   0.64335000E+00
 4250   0.75792000E+00
 4251   0.10832150E+02
 4252   0.37114557E+03
 4253   0.33918552E+03
 4254   0.17518288E+03
 4255   0.10555387E+03
 4256   0.77155940E+02
 4257   0.10630012E+03
 4258   0.74325240E+02
 4259   0.42686220E+02
 4260   0.26539470E+02
 4261   0.19189720E+02
 4262   0.17394430E+02
 4263   0.36462940E+02
 4264   0.24443043E+03
 4265   0.24043296E+03
 4266   0.14124778E+03
 4267   0.96123570E+02
 4268   0.19835176E+03
 4269   0.35492210E+03
 4270   0.26321507E+03
 4271   0.15159466E+03
 4272   0.91348890E+02
 4273   0.57584530E+02
 4274   0.37806360E+02
 4275   0.24314000E+02
 4276   0.18081050E+02
 4277   0.13835510E+02
 4278   0.10631830E+02
 4279   0.98523000E+01
 4280   0.14626490E+02
 4281   0.12840580E+02
 4282   0.49271470E+02
 4283   0.20961987E+03
 4284   0.33836793E+03
 4285   0.22802285E+03
 4286   0.16897004E+03
 4287   0.13535282E+03
 4288   0.13003836E+03
 4289   0.15352432E+03
 4290   0.11562688E+03
 4291   0.75745590E+02
 4292   0.53545910E+02
 4293   0.97832450E+02
 4294   0.19712465E+03
 4295   0.18268638E+03
 4296   0.10372217E+03
 4297   0.65444050E+02
 4298   0.42439030E+02
 4299   0.28282380E+02
 4300   0.21734500E+02
 4301   0.46376030E+02
 4302   0.45095200E+02
 4303   0.32528160E+02
 4304   0.23241620E+02
 4305   0.18427800E+02
 4306   0.12991180E+02
 4307   0.12743750E+02
 4308   0.13634940E+02
 4309   0.21780500E+02
 4310   0.33084290E+02
 4311   0.35044600E+02
 4312   0.31363990E+02
 4313   0.24194660E+02
 4314   0.19942090E+02
 4315   0.28196080E+02
 4316   0.41098300E+02
 4317   0.78042622E+03
 4318   0.61786161E+03
 4319   0.30179309E+03
 4320   0.17258440E+03
 4321   0.11224205E+03
 4322   0.76801930E+02
 4323   0.60171840E+02
 4324   0.63086960E+02
 4325   0.52808240E+02
 4326   0.41952560E+02
 4327   0.35049810E+02
 4328   0.26618350E+02
 4329   0.19970150E+02
 4330   0.14872080E+02
 4331   0.11156630E+02
 4332   0.86085300E+01
 4333   0.67445500E+01
 4334   0.49765300E+01
 4335   0.37750000E+01
 4336   0.29160300E+01
 4337   0.16963300E+01
 4338   0.14143500E+01
 4339   0.30330800E+01
 4340   0.27382100E+01
 4341   0.23299500E+01
 4342   0.22592100E+01
 4343   0.65444400E+01
 4344   0.75993200E+01
 4345   0.76433100E+01
 4346   0.74079100E+01
 4347   0.50584800E+01
 4348   0.45837100E+01
 4349   0.42703000E+01
 4350   0.50765300E+01
 4351   0.82930600E+01
 4352   0.69497700E+01
 4353   0.58093000E+01
 4354   0.52852500E+01
 4355   0.43620800E+01
 4356   0.35207300E+01
 4357   0.39586200E+01
 4358   0.48039600E+01
 4359   0.57384100E+01
 4360   0.81849000E+01
 4361   0.11501350E+02
 4362   0.12657190E+02
 4363   0.13926840E+02
 4364   0.11318420E+02
 4365   0.93116100E+01
 4366   0.10375950E+02
 4367   0.64364600E+01
 4368   0.48088000E+01
 4369   0.39614600E+01
 4370   0.32274000E+01
 4371   0.27478900E+01
 4372   0.17971620E+02
 4373   0.25785950E+02
 4374   0.21378160E+02
 4375   0.15329270E+02
 4376   0.11358990E+02
 4377   0.89538800E+01
 4378   0.58816400E+01
 4379   0.48750500E+01
 4380   0.45429300E+01
 4381   0.40580500E+01
 4382   0.35207300E+01
 4383   0.29189200E+01
 4384   0.31986300E+01
 4385   0.25553100E+01
 4386   0.20406300E+01
 4387   0.26219000E+01
 4388   0.16024100E+01
 4389   0.13148000E+01
 4390   0.12069200E+01
 4391   0.47149200E+01
 4392   0.62739400E+01
 4393   0.51146900E+01
 4394   0.41629800E+01
 4395   0.34528700E+01
 4396   0.27289500E+01
 4397   0.21286300E+01
 4398   0.13609700E+01
 4399   0.11464800E+01
 4400   0.10497600E+01
 4401   0.95717000E+00
 4402   0.88676000E+00
 4403   0.85120000E+00
 4404   0.82742000E+00
 4405   0.79528000E+00
 4406   0.73798000E+00
 4407   0.67119000E+00
 4408   0.58745000E+00
 4409   0.51403000E+00
 4410   0.44519000E+00
 4411   0.39538000E+00
 4412   0.35709000E+00
 4413   0.32410000E+00
 4414   0.29290000E+00
 4415   0.37522300E+01
 4416   0.39689300E+01
 4417   0.30726900E+01
 4418   0.27148600E+01
 4419   0.17071800E+01
 4420   0.13911800E+01
 4421   0.11876800E+01
 4422   0.10754400E+01
 4423   0.30344400E+01
 4424   0.25249300E+01
 4425   0.22116000E+01
 4426   0.18966100E+01
 4427   0.16271200E+01
 4428   0.14201100E+01
 4429   0.10858100E+01
 4430   0.87090000E+00
 4431   0.74046000E+00
 4432   0.66944000E+00
 4433   0.63479500E+01
 4434   0.11851040E+02
 4435   0.12195950E+02
 4436   0.17804690E+02
 4437   0.44732610E+02
 4438   0.49124750E+02
 4439   0.33001030E+02
 4440   0.24568330E+02
 4441   0.21084770E+02
 4442   0.17725090E+02
 4443   0.13995960E+02
 4444   0.10797980E+02
 4445   0.84910500E+01
 4446   0.67820600E+01
 4447   0.53933100E+01
 4448   0.42185100E+01
 4449   0.21607200E+01
 4450   0.47580900E+01
 4451   0.86788600E+01
 4452   0.29150990E+02
 4453   0.36511140E+02
 4454   0.31042220E+02
 4455   0.25758120E+02
 4456   0.24357830E+02
 4457   0.41367200E+02
 4458   0.38356560E+02
 4459   0.27813400E+02
 4460   0.16706970E+02
 4461   0.11497790E+02
 4462   0.85605800E+01
 4463   0.68261600E+01
 4464   0.27219290E+02
 4465   0.35443600E+02
 4466   0.26510290E+02
 4467   0.18164140E+02
 4468   0.13133270E+02
 4469   0.14075750E+02
 4470   0.30530490E+02
 4471   0.26348200E+02
 4472   0.19156600E+02
 4473   0.13035900E+02
 4474   0.96271100E+01
 4475   0.82780700E+01
 4476   0.14156340E+02
 4477   0.22708280E+02
 4478   0.21580160E+02
 4479   0.16117990E+02
 4480   0.10005720E+02
 4481   0.68901700E+01
 4482   0.48394200E+01
 4483   0.10229950E+02
 4484   0.70151060E+02
 4485   0.79956220E+02
 4486   0.49582860E+02
 4487   0.34606910E+02
 4488   0.36763410E+02
 4489   0.57482760E+02
 4490   0.41171290E+02
 4491   0.27684230E+02
 4492   0.28419120E+02
 4493   0.31488960E+02
 4494   0.35161440E+02
 4495   0.30227560E+02
 4496   0.23965840E+02
 4497   0.18321600E+02
 4498   0.14493880E+02
 4499   0.12023350E+02
 4500   0.10153570E+02
 4501   0.74868900E+01
 4502   0.31451570E+02
 4503   0.44610650E+02
 4504   0.32827410E+02
 4505   0.22100920E+02
 4506   0.16705660E+02
 4507   0.13671690E+02
 4508   0.11308120E+02
 4509   0.92614800E+01
 4510   0.91683200E+01
 4511   0.11864040E+02
 4512   0.30326430E+02
 4513   0.26601070E+02
 4514   0.18464500E+02
 4515   0.13004720E+02
 4516   0.11685490E+02
 4517   0.85783200E+01
 4518   0.64436200E+01
 4519   0.51990600E+01
 4520   0.43334400E+01
 4521   0.22685100E+01
 4522   0.20316500E+01
 4523   0.20962300E+01
 4524   0.16496300E+01
 4525   0.14337400E+01
 4526   0.12214000E+01
 4527   0.10688100E+01
 4528   0.12726600E+01
 4529   0.15290840E+02
 4530   0.23261060E+02
 4531   0.65187180E+02
 4532   0.58329700E+02
 4533   0.30650760E+02
 4534   0.41846620E+02
 4535   0.79370270E+02
 4536   0.71266150E+02
 4537   0.43393370E+02
 4538   0.25489730E+02
 4539   0.16851900E+02
 4540   0.11908410E+02
 4541   0.85590500E+01
 4542   0.44311700E+01
 4543   0.34991200E+01
 4544   0.28984700E+01
 4545   0.23507500E+01
 4546   0.20091900E+01
 4547   0.16076200E+01
 4548   0.13702200E+01
 4549   0.12832000E+01
 4550   0.11408500E+01
 4551   0.81711900E+01
 4552   0.67548400E+01
 4553   0.44065500E+01
 4554   0.32740900E+01
 4555   0.35810800E+01
 4556   0.26462900E+01
 4557   0.56848900E+01
 4558   0.12057700E+02
 4559   0.52589900E+02
 4560   0.68080950E+02
 4561   0.50889130E+02
 4562   0.35387770E+02
 4563   0.34130150E+02
 4564   0.24603150E+02
 4565   0.18095710E+02
 4566   0.12973320E+02
 4567   0.98840100E+01
 4568   0.28351310E+02
 4569   0.30751020E+02
 4570   0.21555970E+02
 4571   0.14822410E+02
 4572   0.19584030E+02
 4573   0.18693450E+02
 4574   0.20769050E+02
 4575   0.60702150E+02
 4576   0.54209540E+02
 4577   0.32590720E+02
 4578   0.18542690E+02
 4579   0.10939220E+02
 4580   0.69211000E+01
 4581   0.38097700E+01
 4582   0.55208900E+01
 4583   0.25771400E+01
 4584   0.19539300E+01
 4585   0.15518700E+01
 4586   0.13494500E+01
 4587   0.12029000E+01
 4588   0.10499100E+01
 4589   0.92451000E+00
 4590   0.76635000E+00
 4591   0.68722000E+00
 4592   0.62056000E+00
 4593   0.55778000E+00
 4594   0.54016000E+00
 4595   0.72612000E+00
 4596   0.61248000E+00
 4597   0.62073000E+00
 4598   0.70361000E+00
 4599   0.76846000E+00
 4600   0.14362810E+02
 4601   0.23627940E+02
 4602   0.24736400E+02
 4603   0.31440750E+02
 4604   0.27320840E+02
 4605   0.20063440E+02
 4606   0.13174870E+02
 4607   0.93360100E+01
 4608   0.69924800E+01
 4609   0.11297280E+02
 4610   0.38566530E+02
 4611   0.36949010E+02
 4612   0.70864040E+02
 4613   0.24473822E+03
 4614   0.22940779E+03
 4615   0.14064431E+03
 4616   0.87482770E+02
 4617   0.58332450E+02
 4618   0.41296740E+02
 4619   0.30791270E+02
 4620   0.23478480E+02
 4621   0.18319620E+02
 4622   0.14040760E+02
 4623   0.10949590E+02
 4624   0.75153100E+01
 4625   0.60571800E+01
 4626   0.48748100E+01
 4627   0.39576400E+01
 4628   0.41281800E+01
 4629   0.71602600E+01
 4630   0.17440150E+02
 4631   0.28195020E+02
 4632   0.28098360E+02
 4633   0.23603590E+02
 4634   0.17529800E+02
 4635   0.14071490E+02
 4636   0.11541060E+02
 4637   0.10982350E+02
 4638   0.10706830E+02
 4639   0.15744930E+02
 4640   0.29016340E+02
 4641   0.12365193E+03
 4642   0.22534513E+03
 4643   0.12602184E+03
 4644   0.93063800E+02
 4645   0.63773170E+02
 4646   0.42826380E+02
 4647   0.29347310E+02
 4648   0.20837780E+02
 4649   0.15229690E+02
 4650   0.11253630E+02
 4651   0.86639700E+01
 4652   0.66800400E+01
 4653   0.46780400E+01
 4654   0.25056900E+01
 4655   0.25458800E+01
 4656   0.20308900E+01
 4657   0.16809800E+01
 4658   0.14489200E+01
 4659   0.13239500E+01
 4660   0.11899100E+01
 4661   0.10604100E+01
 4662   0.94881000E+00
 4663   0.78003000E+00
 4664   0.28212900E+01
 4665   0.16999200E+01
 4666   0.13904300E+01
 4667   0.49442200E+01
 4668   0.10680160E+02
 4669   0.14254630E+02
 4670   0.13615620E+02
 4671   0.11266500E+02
 4672   0.89784300E+01
 4673   0.71291200E+01
 4674   0.54178300E+01
 4675   0.46302100E+01
 4676   0.38643300E+01
 4677   0.34083300E+01
 4678   0.31675900E+01
 4679   0.31199700E+01
 4680   0.45255300E+01
 4681   0.43982800E+01
 4682   0.57152900E+01
 4683   0.76695200E+01
 4684   0.92439000E+01
 4685   0.93026300E+01
 4686   0.82940400E+01
 4687   0.68579100E+01
 4688   0.52649200E+01
 4689   0.41505300E+01
 4690   0.34175900E+01
 4691   0.36360000E+01
 4692   0.51950000E+01
 4693   0.12402670E+02
 4694   0.23334950E+02
 4695   0.21921410E+02
 4696   0.18612230E+02
 4697   0.14620780E+02
 4698   0.11373000E+02
 4699   0.90844200E+01
 4700   0.72261500E+01
 4701   0.55025600E+01
 4702   0.43650900E+01
 4703   0.34194700E+01
 4704   0.26520200E+01
 4705   0.21775000E+01
 4706   0.14083800E+01
 4707   0.11732300E+01
 4708   0.10780000E+01
 4709   0.10100300E+01
 4710   0.98719000E+00
 4711   0.88844000E+00
 4712   0.78121000E+00
 4713   0.70487000E+00
 4714   0.65580000E+00
 4715   0.61590000E+00
 4716   0.56206000E+00
 4717   0.51105000E+00
 4718   0.44928000E+00
 4719   0.40405000E+00
 4720   0.61309000E+01
 4721   0.16650190E+02
 4722   0.16213630E+02
 4723   0.12227820E+02
 4724   0.84934400E+01
 4725   0.57699000E+01
 4726   0.26402000E+01
 4727   0.35900700E+01
 4728   0.24598900E+01
 4729   0.19520400E+01
 4730   0.16113500E+01
 4731   0.13622800E+01
 4732   0.12060700E+01
 4733   0.10838800E+01
 4734   0.11348900E+01
 4735   0.10560500E+01
 4736   0.84524000E+00
 4737   0.11331700E+01
 4738   0.31876900E+01
 4739   0.62600800E+01
 4740   0.95861700E+01
 4741   0.98602900E+01
 4742   0.86222300E+01
 4743   0.72456700E+01
 4744   0.59335600E+01
 4745   0.46377100E+01
 4746   0.38100100E+01
 4747   0.19809000E+01
 4748   0.17251800E+01
 4749   0.15435800E+01
 4750   0.13742800E+01
 4751   0.12414500E+01
 4752   0.11279300E+01
 4753   0.10310300E+01
 4754   0.99157000E+00
 4755   0.96713000E+00
 4756   0.82219000E+00
 4757   0.68051000E+00
 4758   0.58931000E+00
 4759   0.54454000E+00
 4760   0.50341000E+00
 4761   0.46496000E+00
 4762   0.20581900E+01
 4763   0.97202500E+01
 4764   0.10805230E+02
 4765   0.89620100E+01
 4766   0.63321700E+01
 4767   0.23377600E+01
 4768   0.17730800E+01
 4769   0.13184300E+01
 4770   0.11341500E+01
 4771   0.90291000E+00
 4772   0.70256000E+00
 4773   0.57998000E+00
 4774   0.43227000E+00
 4775   0.35558000E+00
 4776   0.47692000E+00
 4777   0.39611000E+00
 4778   0.33045000E+00
 4779   0.28315000E+00
 4780   0.25197000E+00
 4781   0.22298000E+00
 4782   0.19552000E+00
 4783   0.17143000E+00
 4784   0.15117000E+00
 4785   0.13435000E+00
 4786   0.12034000E+00
 4787   0.10855000E+00
 4788   0.98510000E-01
 4789   0.37977100E+01
 4790   0.18590120E+02
 4791   0.22845310E+02
 4792   0.31752520E+02
 4793   0.25967710E+02
 4794   0.19234690E+02
 4795   0.14625010E+02
 4796   0.11821550E+02
 4797   0.11430220E+02
 4798   0.94744700E+01
 4799   0.67193400E+01
 4800   0.52898100E+01
 4801   0.41247700E+01
 4802   0.33484000E+01
 4803   0.27868200E+01
 4804   0.22319700E+01
 4805   0.18523300E+01
 4806   0.15411000E+01
 4807   0.13570700E+01
 4808   0.10186700E+01
 4809   0.82953000E+00
 4810   0.73788000E+00
 4811   0.68658000E+00
 4812   0.64573000E+00
 4813   0.60611000E+00
 4814   0.56498000E+00
 4815   0.52214000E+00
 4816   0.47854000E+00
 4817   0.44014000E+00
 4818   0.40433000E+00
 4819   0.36142000E+00
 4820   0.31148000E+00
 4821   0.26804000E+00
 4822   0.23316000E+00
 4823   0.20074000E+00
 4824   0.17248000E+00
 4825   0.14933000E+00
 4826   0.13066000E+00
 4827   0.22526000E+00
 4828   0.23659000E+00
 4829   0.21311000E+00
 4830   0.18154000E+00
 4831   0.15834000E+00
 4832   0.14866000E+00
 4833   0.14574000E+00
 4834   0.15311000E+00
 4835   0.13711000E+00
 4836   0.13358000E+00
 4837   0.12013000E+00
 4838   0.10933000E+00
 4839   0.99850000E-01
 4840   0.91580000E-01
 4841   0.84400000E-01
 4842   0.78070000E-01
 4843   0.72400000E-01
 4844   0.67250000E-01
 4845   0.62550000E-01
 4846   0.58250000E-01
 4847   0.54330000E-01
 4848   0.50750000E-01
 4849   0.47470000E-01
 4850   0.44480000E-01
 4851   0.41750000E-01
 4852   0.13508100E+01
 4853   0.21425770E+02
 4854   0.34191720E+02
 4855   0.25819030E+02
 4856   0.16130510E+02
 4857   0.10690780E+02
 4858   0.80819700E+01
 4859   0.35052500E+01
 4860   0.30187800E+01
 4861   0.27737600E+01
 4862   0.25053600E+01
 4863   0.70512600E+01
 4864   0.70621070E+02
 4865   0.66909050E+02
 4866   0.54319360E+02
 4867   0.49753610E+02
 4868   0.37813930E+02
 4869   0.27348480E+02
 4870   0.17831430E+02
 4871   0.12721650E+02
 4872   0.17109030E+02
 4873   0.32413920E+02
 4874   0.36592150E+02
 4875   0.24894260E+02
 4876   0.15540720E+02
 4877   0.99263800E+01
 4878   0.65978400E+01
 4879   0.62371000E+01
 4880   0.31906900E+01
 4881   0.24257900E+01
 4882   0.19396500E+01
 4883   0.19970100E+01
 4884   0.10053450E+02
 4885   0.15124750E+02
 4886   0.21244900E+02
 4887   0.14408231E+03
 4888   0.26942074E+03
 4889   0.23470292E+03
 4890   0.14405645E+03
 4891   0.89022230E+02
 4892   0.58511480E+02
 4893   0.39471380E+02
 4894   0.27617200E+02
 4895   0.23411580E+02
 4896   0.39195310E+02
 4897   0.52092490E+02
 4898   0.42953040E+02
 4899   0.26500660E+02
 4900   0.14349820E+02
 4901   0.10169300E+02
 4902   0.10210500E+02
 4903   0.18034380E+02
 4904   0.49762600E+02
 4905   0.78531300E+02
 4906   0.10968620E+03
 4907   0.72550800E+02
 4908   0.53571180E+02
 4909   0.70395150E+02
 4910   0.78060090E+02
 4911   0.51640800E+02
 4912   0.36807510E+02
 4913   0.30157710E+02
 4914   0.24445790E+02
 4915   0.30805220E+02
 4916   0.15892758E+03
 4917   0.32786440E+03
 4918   0.21763399E+03
 4919   0.23112482E+03
 4920   0.29670548E+03
 4921   0.17002140E+03
 4922   0.98443990E+02
 4923   0.61045620E+02
 4924   0.41394520E+02
 4925   0.35837400E+02
 4926   0.57215600E+02
 4927   0.50570874E+03
 4928   0.47326167E+03
 4929   0.35277592E+03
 4930   0.28625388E+03
 4931   0.19174952E+03
 4932   0.52484841E+03
 4933   0.13003430E+04
 4934   0.11623022E+04
 4935   0.43634440E+03
 4936   0.19854833E+03
 4937   0.10536563E+03
 4938   0.66693930E+02
 4939   0.47235390E+02
 4940   0.35622830E+02
 4941   0.25864560E+02
 4942   0.20777070E+02
 4943   0.16227580E+02
 4944   0.12456360E+02
 4945   0.98502000E+01
 4946   0.78100100E+01
 4947   0.61388900E+01
 4948   0.44248500E+01
 4949   0.35330000E+01
 4950   0.27342200E+01
 4951   0.21159900E+01
 4952   0.14424200E+01
 4953   0.11941900E+01
 4954   0.10668300E+01
 4955   0.97453000E+00
 4956   0.85979000E+00
 4957   0.76140000E+00
 4958   0.69489000E+00
 4959   0.64433000E+00
 4960   0.60123000E+00
 4961   0.55460000E+00
 4962   0.50868000E+00
 4963   0.66371000E+00
 4964   0.64846000E+00
 4965   0.89463000E+00
 4966   0.73183000E+00
 4967   0.64741000E+00
 4968   0.15324100E+01
 4969   0.18218130E+02
 4970   0.33840440E+02
 4971   0.24295490E+02
 4972   0.11780030E+02
 4973   0.66243200E+01
 4974   0.72343800E+01
 4975   0.33340910E+02
 4976   0.30843740E+02
 4977   0.18120540E+02
 4978   0.10154880E+02
 4979   0.73587200E+01
 4980   0.50559700E+01
 4981   0.31623600E+01
 4982   0.17271800E+01
 4983   0.21748290E+02
 4984   0.41079629E+03
 4985   0.38063925E+03
 4986   0.25840514E+03
 4987   0.13612338E+03
 4988   0.82124750E+02
 4989   0.51298540E+02
 4990   0.34029530E+02
 4991   0.23384850E+02
 4992   0.16587830E+02
 4993   0.10586940E+02
 4994   0.81889100E+01
 4995   0.66538200E+01
 4996   0.50585900E+01
 4997   0.39693800E+01
 4998   0.31327600E+01
 4999   0.24934100E+01
 5000   0.20876800E+01
 5001   0.73387300E+01
 5002   0.19136672E+03
 5003   0.64310324E+03
 5004   0.31118798E+03
 5005   0.15448251E+03
 5006   0.88688980E+02
 5007   0.55517470E+02
 5008   0.37494340E+02
 5009   0.33564880E+02
 5010   0.25120920E+02
 5011   0.18674430E+02
 5012   0.13716110E+02
 5013   0.97415700E+01
 5014   0.13729620E+02
 5015   0.87321220E+02
 5016   0.26947591E+03
 5017   0.17052141E+03
 5018   0.10787614E+03
 5019   0.72217410E+02
 5020   0.51040920E+02
 5021   0.37590380E+02
 5022   0.28027780E+02
 5023   0.19330090E+02
 5024   0.17043490E+02
 5025   0.16768270E+02
 5026   0.22837170E+02
 5027   0.26496140E+02
 5028   0.28379680E+02
 5029   0.24670760E+02
 5030   0.21285100E+02
 5031   0.17100870E+02
 5032   0.12757270E+02
 5033   0.98786700E+01
 5034   0.73254900E+01
 5035   0.10115510E+02
 5036   0.73440010E+02
 5037   0.54484531E+03
 5038   0.28229728E+03
 5039   0.15515202E+03
 5040   0.97749510E+02
 5041   0.66042600E+02
 5042   0.58976750E+02
 5043   0.55940230E+02
 5044   0.57182170E+02
 5045   0.74553080E+02
 5046   0.72332840E+02
 5047   0.56890310E+02
 5048   0.42444750E+02
 5049   0.31813750E+02
 5050   0.24069870E+02
 5051   0.18511580E+02
 5052   0.16002710E+02
 5053   0.14823540E+02
 5054   0.97861300E+01
 5055   0.79760700E+01
 5056   0.67340400E+01
 5057   0.55353100E+01
 5058   0.47822800E+01
 5059   0.52959900E+01
 5060   0.69748400E+01
 5061   0.97746300E+01
 5062   0.11697790E+02
 5063   0.15185790E+02
 5064   0.37336850E+02
 5065   0.94190300E+02
 5066   0.16282656E+03
 5067   0.12798031E+03
 5068   0.10818121E+03
 5069   0.79997650E+02
 5070   0.57017940E+02
 5071   0.40973310E+02
 5072   0.29900320E+02
 5073   0.21865670E+02
 5074   0.16396140E+02
 5075   0.10649400E+02
 5076   0.95226900E+01
 5077   0.12696680E+02
 5078   0.95800900E+01
 5079   0.75073300E+01
 5080   0.59348200E+01
 5081   0.43442900E+01
 5082   0.34502400E+01
 5083   0.65593300E+01
 5084   0.30933480E+02
 5085   0.44209590E+02
 5086   0.74306920E+02
 5087   0.83390870E+02
 5088   0.68469420E+02
 5089   0.54557730E+02
 5090   0.49892540E+02
 5091   0.44628200E+02
 5092   0.41940940E+02
 5093   0.38071560E+02
 5094   0.31973370E+02
 5095   0.23520240E+02
 5096   0.18878550E+02
 5097   0.15357460E+02
 5098   0.12559850E+02
 5099   0.15224250E+02
 5100   0.11927440E+02
 5101   0.11088830E+02
 5102   0.96841000E+01
 5103   0.82925400E+01
 5104   0.72792300E+01
 5105   0.44706900E+01
 5106   0.54853600E+01
 5107   0.45644800E+01
 5108   0.37639400E+01
 5109   0.32516700E+01
 5110   0.28715500E+01
 5111   0.24178500E+01
 5112   0.20458900E+01
 5113   0.17593400E+01
 5114   0.14633800E+01
 5115   0.12751600E+01
 5116   0.10009300E+01
 5117   0.80681000E+00
 5118   0.72859000E+00
 5119   0.68381000E+00
 5120   0.65819000E+00
 5121   0.62803000E+00
 5122   0.59991000E+00
 5123   0.56996000E+00
 5124   0.53248000E+00
 5125   0.48592000E+00
 5126   0.44771000E+00
 5127   0.13761170E+02
 5128   0.43227050E+02
 5129   0.39721810E+02
 5130   0.27156040E+02
 5131   0.20161730E+02
 5132   0.17935760E+02
 5133   0.15474070E+02
 5134   0.12408290E+02
 5135   0.97225600E+01
 5136   0.61962400E+01
 5137   0.68864600E+01
 5138   0.74712300E+01
 5139   0.58498200E+01
 5140   0.54598000E+01
 5141   0.48870300E+01
 5142   0.40157300E+01
 5143   0.34639400E+01
 5144   0.29834500E+01
 5145   0.25157400E+01
 5146   0.15562700E+01
 5147   0.13307100E+01
 5148   0.23830000E+01
 5149   0.19344100E+01
 5150   0.16237100E+01
 5151   0.13980200E+01
 5152   0.40379700E+01
 5153   0.56066200E+01
 5154   0.59739700E+01
 5155   0.11466810E+02
 5156   0.14063110E+02
 5157   0.11693450E+02
 5158   0.94802000E+01
 5159   0.71218300E+01
 5160   0.50753300E+01
 5161   0.45281300E+01
 5162   0.16452840E+02
 5163   0.34087030E+02
 5164   0.43313310E+02
 5165   0.38567740E+02
 5166   0.32228850E+02
 5167   0.23845900E+02
 5168   0.19120690E+02
 5169   0.15123710E+02
 5170   0.11677150E+02
 5171   0.92677400E+01
 5172   0.73404900E+01
 5173   0.58301000E+01
 5174   0.45503600E+01
 5175   0.37867400E+01
 5176   0.32055300E+01
 5177   0.17771100E+01
 5178   0.15040100E+01
 5179   0.13538300E+01
 5180   0.37739200E+01
 5181   0.97916700E+01
 5182   0.96337800E+01
 5183   0.84553300E+01
 5184   0.91217900E+01
 5185   0.92758200E+01
 5186   0.18608860E+02
 5187   0.38481950E+02
 5188   0.38809620E+02
 5189   0.29703560E+02
 5190   0.48413210E+02
 5191   0.59170530E+02
 5192   0.59988000E+02
 5193   0.51929260E+02
 5194   0.49622240E+02
 5195   0.41869460E+02
 5196   0.32191570E+02
 5197   0.23796960E+02
 5198   0.16994620E+02
 5199   0.62195600E+02
 5200   0.95564680E+02
 5201   0.63689070E+02
 5202   0.47050020E+02
 5203   0.38597240E+02
 5204   0.31380280E+02
 5205   0.25397320E+02
 5206   0.21058930E+02
 5207   0.17328650E+02
 5208   0.12007970E+02
 5209   0.99182500E+01
 5210   0.84754200E+01
 5211   0.71246500E+01
 5212   0.57263200E+01
 5213   0.45425600E+01
 5214   0.50928300E+01
 5215   0.43424500E+01
 5216   0.33583600E+01
 5217   0.33831600E+01
 5218   0.26869900E+01
 5219   0.20742800E+01
 5220   0.16391600E+01
 5221   0.14420400E+01
 5222   0.12933200E+01
 5223   0.11509600E+01
 5224   0.10464000E+01
 5225   0.95704000E+00
 5226   0.13912900E+01
 5227   0.15422500E+01
 5228   0.11832800E+01
 5229   0.10572900E+01
 5230   0.36035400E+01
 5231   0.28916500E+01
 5232   0.32172500E+01
 5233   0.17025130E+02
 5234   0.26034940E+02
 5235   0.25736840E+02
 5236   0.20429730E+02
 5237   0.14119410E+02
 5238   0.10577370E+02
 5239   0.70162800E+01
 5240   0.59079500E+01
 5241   0.52028100E+01
 5242   0.42811500E+01
 5243   0.35786900E+01
 5244   0.29379500E+01
 5245   0.24008700E+01
 5246   0.19685000E+01
 5247   0.16833900E+01
 5248   0.22662700E+01
 5249   0.13980200E+01
 5250   0.76887500E+01
 5251   0.20087040E+02
 5252   0.10813582E+03
 5253   0.83005950E+02
 5254   0.47983420E+02
 5255   0.36096920E+02
 5256   0.30501490E+02
 5257   0.23961840E+02
 5258   0.18119930E+02
 5259   0.11510980E+02
 5260   0.89199900E+01
 5261   0.76678100E+01
 5262   0.93700300E+01
 5263   0.17878232E+03
 5264   0.14337262E+03
 5265   0.10660840E+03
 5266   0.91486520E+02
 5267   0.59780770E+02
 5268   0.39569980E+02
 5269   0.25288100E+02
 5270   0.18938250E+02
 5271   0.13955240E+02
 5272   0.10717360E+02
 5273   0.84571300E+01
 5274   0.67724100E+01
 5275   0.22693870E+02
 5276   0.36429702E+03
 5277   0.71211317E+03
 5278   0.67765365E+03
 5279   0.53118399E+03
 5280   0.90221399E+03
 5281   0.59842566E+03
 5282   0.30229739E+03
 5283   0.15176466E+03
 5284   0.86232620E+02
 5285   0.53279740E+02
 5286   0.35553250E+02
 5287   0.24677260E+02
 5288   0.18054730E+02
 5289   0.13344400E+02
 5290   0.87960700E+01
 5291   0.78676700E+01
 5292   0.10411610E+02
 5293   0.16362350E+02
 5294   0.30496290E+02
 5295   0.34092550E+02
 5296   0.15790466E+03
 5297   0.14908130E+04
 5298   0.68025070E+03
 5299   0.29368895E+03
 5300   0.14280549E+03
 5301   0.82759020E+02
 5302   0.52428260E+02
 5303   0.36663300E+02
 5304   0.30255400E+02
 5305   0.22328665E+03
 5306   0.12961591E+04
 5307   0.58914963E+03
 5308   0.26775067E+03
 5309   0.13425333E+03
 5310   0.75085100E+02
 5311   0.48038590E+02
 5312   0.32123420E+02
 5313   0.22628580E+02
 5314   0.16903490E+02
 5315   0.13480210E+02
 5316   0.11296150E+02
 5317   0.86670400E+01
 5318   0.66331200E+01
 5319   0.47399200E+01
 5320   0.36689900E+01
 5321   0.21889200E+01
 5322   0.20171900E+01
 5323   0.16350100E+01
 5324   0.13905800E+01
 5325   0.12198700E+01
 5326   0.10811400E+01
 5327   0.97205000E+00
 5328   0.82168000E+00
 5329   0.72438000E+00
 5330   0.66199000E+00
 5331   0.59193000E+00
 5332   0.42010700E+01
 5333   0.14802460E+02
 5334   0.11349987E+03
 5335   0.29529827E+03
 5336   0.17662699E+03
 5337   0.10458187E+03
 5338   0.66302180E+02
 5339   0.45989770E+02
 5340   0.35555370E+02
 5341   0.28534450E+02
 5342   0.27100240E+02
 5343   0.24659160E+02
 5344   0.20540850E+02
 5345   0.16255080E+02
 5346   0.12562710E+02
 5347   0.10189960E+02
 5348   0.77269500E+01
 5349   0.61004300E+01
 5350   0.41183700E+01
 5351   0.22298000E+01
 5352   0.20100800E+01
 5353   0.45770500E+01
 5354   0.11216360E+02
 5355   0.11846410E+02
 5356   0.14952370E+02
 5357   0.21756430E+02
 5358   0.24830010E+02
 5359   0.28031310E+02
 5360   0.43151570E+02
 5361   0.44144050E+02
 5362   0.37102400E+02
 5363   0.32578890E+02
 5364   0.25132020E+02
 5365   0.61473300E+02
 5366   0.55876690E+02
 5367   0.35924580E+02
 5368   0.23704440E+02
 5369   0.17517150E+02
 5370   0.13160640E+02
 5371   0.10136090E+02
 5372   0.67990500E+01
 5373   0.51929500E+01
 5374   0.47045010E+02
 5375   0.26952675E+03
 5376   0.18950990E+03
 5377   0.12180023E+03
 5378   0.89871880E+02
 5379   0.10198530E+03
 5380   0.14452844E+03
 5381   0.10395357E+03
 5382   0.65304500E+02
 5383   0.44801910E+02
 5384   0.32823660E+02
 5385   0.27026870E+02
 5386   0.28379140E+02
 5387   0.29191320E+02
 5388   0.26615690E+02
 5389   0.23252700E+02
 5390   0.20010330E+02
 5391   0.16499980E+02
 5392   0.11420120E+02
 5393   0.92696000E+01
 5394   0.97825000E+01
 5395   0.85477200E+01
 5396   0.98110610E+02
 5397   0.36771444E+03
 5398   0.22603545E+03
 5399   0.14311811E+03
 5400   0.10218123E+03
 5401   0.76100410E+02
 5402   0.55031050E+02
 5403   0.37806960E+02
 5404   0.27943350E+02
 5405   0.20914810E+02
 5406   0.16330790E+02
 5407   0.13733140E+02
 5408   0.10608910E+02
 5409   0.86060300E+01
 5410   0.70200500E+01
 5411   0.53483300E+01
 5412   0.41951900E+01
 5413   0.24088400E+01
 5414   0.22080600E+01
 5415   0.19050200E+01
 5416   0.16377500E+01
 5417   0.14177400E+01
 5418   0.12589600E+01
 5419   0.11347300E+01
 5420   0.10249600E+01
 5421   0.91643000E+00
 5422   0.13382100E+01
 5423   0.99899000E+00
 5424   0.83566000E+00
 5425   0.84707000E+00
 5426   0.88774000E+00
 5427   0.30351740E+02
 5428   0.16362895E+04
 5429   0.69181241E+03
 5430   0.34147834E+03
 5431   0.23278215E+03
 5432   0.16029828E+03
 5433   0.10098760E+03
 5434   0.65079260E+02
 5435   0.42522320E+02
 5436   0.29613350E+02
 5437   0.21290860E+02
 5438   0.15924160E+02
 5439   0.12313100E+02
 5440   0.10898880E+02
 5441   0.83552000E+01
 5442   0.64980700E+01
 5443   0.46752000E+01
 5444   0.25510100E+01
 5445   0.82310800E+01
 5446   0.22344440E+02
 5447   0.20522940E+02
 5448   0.15162990E+02
 5449   0.10447360E+02
 5450   0.73515800E+01
 5451   0.53482800E+01
 5452   0.40959200E+01
 5453   0.34648700E+01
 5454   0.23278900E+01
 5455   0.21438500E+01
 5456   0.19417900E+01
 5457   0.25359600E+01
 5458   0.25473600E+01
 5459   0.20992000E+01
 5460   0.17117400E+01
 5461   0.79620500E+01
 5462   0.24750200E+02
 5463   0.27351590E+02
 5464   0.29246560E+02
 5465   0.30975300E+02
 5466   0.27661100E+02
 5467   0.22617050E+02
 5468   0.17978990E+02
 5469   0.13566530E+02
 5470   0.10436520E+02
 5471   0.11817910E+02
 5472   0.10169830E+02
 5473   0.13460060E+02
 5474   0.92662100E+01
 5475   0.75105800E+01
 5476   0.61927200E+01
 5477   0.43803800E+01
 5478   0.36433600E+01
 5479   0.31127900E+01
 5480   0.26541800E+01
 5481   0.23625000E+01
 5482   0.20257700E+01
 5483   0.16687800E+01
 5484   0.14080000E+01
 5485   0.10635200E+01
 5486   0.88597000E+00
 5487   0.78148000E+00
 5488   0.72921000E+00
 5489   0.69783000E+00
 5490   0.66525000E+00
 5491   0.63885000E+00
 5492   0.61410000E+00
 5493   0.58398000E+00
 5494   0.54784000E+00
 5495   0.27241800E+01
 5496   0.19366500E+01
 5497   0.17290900E+01
 5498   0.14764300E+01
 5499   0.12885400E+01
 5500   0.11737800E+01
 5501   0.10690100E+01
 5502   0.94532000E+00
 5503   0.80068000E+00
 5504   0.73017000E+00
 5505   0.68825000E+00
 5506   0.67343000E+00
 5507   0.13159900E+01
 5508   0.56658000E+01
 5509   0.11427040E+02
 5510   0.10947650E+02
 5511   0.98627500E+01
 5512   0.83723300E+01
 5513   0.72676300E+01
 5514   0.65079700E+01
 5515   0.48080100E+01
 5516   0.63068000E+01
 5517   0.69029200E+01
 5518   0.72533500E+01
 5519   0.12704620E+02
 5520   0.18157980E+02
 5521   0.18606810E+02
 5522   0.16506240E+02
 5523   0.16363060E+02
 5524   0.26045480E+02
 5525   0.27823980E+02
 5526   0.35007610E+02
 5527   0.43299420E+02
 5528   0.40732110E+02
 5529   0.32029400E+02
 5530   0.23688050E+02
 5531   0.18902790E+02
 5532   0.16727450E+02
 5533   0.15347780E+02
 5534   0.13816780E+02
 5535   0.12295530E+02
 5536   0.87639200E+01
 5537   0.75218900E+01
 5538   0.66354000E+01
 5539   0.55646200E+01
 5540   0.47804500E+01
 5541   0.65462500E+01
 5542   0.58686900E+01
 5543   0.41842600E+01
 5544   0.33721300E+01
 5545   0.27655300E+01
 5546   0.16477700E+01
 5547   0.13628900E+01
 5548   0.12262900E+01
 5549   0.15452800E+01
 5550   0.13119000E+01
 5551   0.12052900E+01
 5552   0.10948500E+01
 5553   0.99710000E+00
 5554   0.85152000E+00
 5555   0.73282000E+00
 5556   0.63434000E+00
 5557   0.54542000E+00
 5558   0.48946000E+00
 5559   0.44137000E+00
 5560   0.40193000E+00
 5561   0.36825000E+00
 5562   0.34756000E+00
 5563   0.34637000E+00
 5564   0.36844000E+00
 5565   0.70377000E+00
 5566   0.57131000E+00
 5567   0.47679000E+00
 5568   0.40882000E+00
 5569   0.35603000E+00
 5570   0.30665000E+00
 5571   0.26468000E+00
 5572   0.24552000E+00
 5573   0.43858000E+00
 5574   0.37530000E+00
 5575   0.49117000E+00
 5576   0.41471000E+00
 5577   0.36211000E+00
 5578   0.29961000E+00
 5579   0.25330000E+00
 5580   0.91161000E+00
 5581   0.17062260E+02
 5582   0.56256530E+02
 5583   0.76635040E+02
 5584   0.63670780E+02
 5585   0.54066260E+02
 5586   0.41111040E+02
 5587   0.27520870E+02
 5588   0.20017060E+02
 5589   0.14880930E+02
 5590   0.11099210E+02
 5591   0.86215800E+01
 5592   0.68043200E+01
 5593   0.80878500E+01
 5594   0.59929200E+01
 5595   0.40741200E+01
 5596   0.78397470E+02
 5597   0.10421180E+03
 5598   0.77153990E+02
 5599   0.66807230E+02
 5600   0.48151960E+02
 5601   0.33395250E+02
 5602   0.23468490E+02
 5603   0.17167130E+02
 5604   0.12437150E+02
 5605   0.94347400E+01
 5606   0.71403200E+01
 5607   0.12971270E+02
 5608   0.90446400E+01
 5609   0.74167800E+01
 5610   0.16675490E+02
 5611   0.22060680E+02
 5612   0.18070600E+02
 5613   0.13221950E+02
 5614   0.96935400E+01
 5615   0.73577800E+01
 5616   0.55470500E+01
 5617   0.42971100E+01
 5618   0.24347600E+01
 5619   0.21697100E+01
 5620   0.20619400E+01
 5621   0.19245200E+01
 5622   0.15613200E+01
 5623   0.13187800E+01
 5624   0.11630400E+01
 5625   0.10469000E+01
 5626   0.96489000E+00
 5627   0.81682000E+00
 5628   0.68085000E+00
 5629   0.44411000E+01
 5630   0.45246400E+01
 5631   0.30254400E+01
 5632   0.23501800E+01
 5633   0.18617700E+01
 5634   0.17626900E+01
 5635   0.13879600E+01
 5636   0.18219200E+01
 5637   0.25154600E+01
 5638   0.90005200E+01
 5639   0.96441600E+01
 5640   0.76245100E+01
 5641   0.11857690E+02
 5642   0.21431320E+02
 5643   0.20378430E+02
 5644   0.13865660E+02
 5645   0.90623700E+01
 5646   0.58270200E+01
 5647   0.35626600E+01
 5648   0.11775890E+02
 5649   0.16974330E+02
 5650   0.15581020E+02
 5651   0.18271840E+02
 5652   0.36316600E+02
 5653   0.35760970E+02
 5654   0.21934260E+02
 5655   0.19664360E+02
 5656   0.88418390E+02
 5657   0.74109870E+02
 5658   0.37965040E+02
 5659   0.17843700E+02
 5660   0.10125620E+02
 5661   0.65885700E+01
 5662   0.44244600E+01
 5663   0.47163200E+01
 5664   0.56310600E+01
 5665   0.45983900E+01
 5666   0.31916200E+01
 5667   0.40677900E+01
 5668   0.18639940E+02
 5669   0.12228994E+03
 5670   0.24687531E+03
 5671   0.26034269E+03
 5672   0.11575668E+03
 5673   0.82096960E+02
 5674   0.67837790E+02
 5675   0.63316252E+03
 5676   0.37156960E+04
 5677   0.15652849E+04
 5678   0.49337658E+03
 5679   0.21799308E+03
 5680   0.11790678E+03
 5681   0.73183710E+02
 5682   0.47243280E+02
 5683   0.32645600E+02
 5684   0.22678820E+02
 5685   0.16618300E+02
 5686   0.12291300E+02
 5687   0.94683800E+01
 5688   0.73480500E+01
 5689   0.54700400E+01
 5690   0.48426500E+01
 5691   0.40857900E+01
 5692   0.62005600E+01
 5693   0.14796810E+02
 5694   0.25884640E+02
 5695   0.25649660E+02
 5696   0.20702190E+02
 5697   0.15633470E+02
 5698   0.11606400E+02
 5699   0.10106580E+02
 5700   0.60840800E+01
 5701   0.42875500E+01
 5702   0.36130600E+01
 5703   0.29167800E+01
 5704   0.24069000E+01
 5705   0.19392200E+01
 5706   0.16117100E+01
 5707   0.13689700E+01
 5708   0.11970800E+01
 5709   0.10534600E+01
 5710   0.82737000E+00
 5711   0.10719400E+01
 5712   0.72191800E+01
 5713   0.15723450E+02
 5714   0.16025740E+02
 5715   0.16711570E+02
 5716   0.15402890E+02
 5717   0.16551270E+02
 5718   0.17342610E+02
 5719   0.17098530E+02
 5720   0.14535980E+02
 5721   0.13647330E+02
 5722   0.12065390E+02
 5723   0.10243530E+02
 5724   0.87176600E+01
 5725   0.14320490E+02
 5726   0.42045340E+02
 5727   0.28702699E+03
 5728   0.19603936E+03
 5729   0.11719639E+03
 5730   0.15880497E+03
 5731   0.15869819E+03
 5732   0.19887627E+03
 5733   0.15855883E+03
 5734   0.10472777E+03
 5735   0.67858790E+02
 5736   0.44614590E+02
 5737   0.31048050E+02
 5738   0.22036660E+02
 5739   0.16241350E+02
 5740   0.12203000E+02
 5741   0.81525400E+01
 5742   0.64448400E+01
 5743   0.51500700E+01
 5744   0.41603000E+01
 5745   0.34366700E+01
 5746   0.28031100E+01
 5747   0.23060500E+01
 5748   0.18556200E+01
 5749   0.14878200E+01
 5750   0.12598600E+01
 5751   0.98059000E+00
 5752   0.77838000E+00
 5753   0.71594000E+00
 5754   0.67084000E+00
 5755   0.19744900E+01
 5756   0.16063500E+01
 5757   0.13144000E+01
 5758   0.11576700E+01
 5759   0.10420800E+01
 5760   0.97000000E+00
 5761   0.78374000E+00
 5762   0.67049000E+00
 5763   0.79012000E+00
 5764   0.61501000E+00
 5765   0.53088000E+00
 5766   0.46926000E+00
 5767   0.57624000E+00
 5768   0.18141300E+01
 5769   0.12290800E+02
 5770   0.55079430E+02
 5771   0.52627970E+02
 5772   0.37371850E+02
 5773   0.27479520E+02
 5774   0.20408480E+02
 5775   0.15750380E+02
 5776   0.11815060E+02
 5777   0.92687800E+01
 5778   0.73316500E+01
 5779   0.58979700E+01
 5780   0.44648000E+01
 5781   0.37920400E+01
 5782   0.23915600E+01
 5783   0.24659200E+01
 5784   0.22769900E+01
 5785   0.20327600E+01
 5786   0.18447300E+01
 5787   0.16090200E+01
 5788   0.35402300E+01
 5789   0.39379900E+01
 5790   0.53352400E+01
 5791   0.73663600E+01
 5792   0.10661170E+02
 5793   0.15169020E+02
 5794   0.16685070E+02
 5795   0.15397940E+02
 5796   0.12801050E+02
 5797   0.10353720E+02
 5798   0.82740900E+01
 5799   0.66013400E+01
 5800   0.50004100E+01
 5801   0.38950800E+01
 5802   0.21552600E+01
 5803   0.26428300E+01
 5804   0.20787490E+02
 5805   0.63024980E+02
 5806   0.59851560E+02
 5807   0.45731560E+02
 5808   0.36457120E+02
 5809   0.27367620E+02
 5810   0.20622120E+02
 5811   0.15769980E+02
 5812   0.12122550E+02
 5813   0.83000900E+01
 5814   0.67309100E+01
 5815   0.55024400E+01
 5816   0.44027300E+01
 5817   0.46584100E+01
 5818   0.21154580E+02
 5819   0.49690760E+02
 5820   0.51872690E+02
 5821   0.56108300E+02
 5822   0.47812210E+02
 5823   0.37830970E+02
 5824   0.31441230E+02
 5825   0.23476880E+02
 5826   0.17593600E+02
 5827   0.13040560E+02
 5828   0.10007770E+02
 5829   0.78663200E+01
 5830   0.62997800E+01
 5831   0.63739200E+01
 5832   0.18173810E+02
 5833   0.14203940E+02
 5834   0.11748860E+02
 5835   0.94520900E+01
 5836   0.75017700E+01
 5837   0.62178200E+01
 5838   0.53063700E+01
 5839   0.74612400E+01
 5840   0.12666020E+02
 5841   0.10275240E+02
 5842   0.80524500E+01
 5843   0.39100500E+01
 5844   0.30300800E+01
 5845   0.54648700E+01
 5846   0.11413390E+02
 5847   0.11874260E+02
 5848   0.11684030E+02
 5849   0.11150920E+02
 5850   0.83813600E+01
 5851   0.65957600E+01
 5852   0.54305600E+01
 5853   0.17712000E+02
 5854   0.17283080E+02
 5855   0.13552640E+02
 5856   0.10538700E+02
 5857   0.85805900E+01
 5858   0.71729200E+01
 5859   0.57403200E+01
 5860   0.44368600E+01
 5861   0.36814000E+01
 5862   0.43315700E+01
 5863   0.36036100E+01
 5864   0.19295500E+01
 5865   0.15383500E+01
 5866   0.12989500E+01
 5867   0.20341300E+01
 5868   0.15243300E+01
 5869   0.21856900E+01
 5870   0.18217800E+01
 5871   0.14748100E+01
 5872   0.12331600E+01
 5873   0.11076200E+01
 5874   0.86002000E+00
 5875   0.71470000E+00
 5876   0.63670000E+00
 5877   0.56616000E+00
 5878   0.48528000E+00
 5879   0.42189000E+00
 5880   0.37554000E+00
 5881   0.33703000E+00
 5882   0.36208000E+00
 5883   0.31055000E+00
 5884   0.25821000E+00
 5885   0.21617000E+00
 5886   0.18607000E+00
 5887   0.16297000E+00
 5888   0.14388000E+00
 5889   0.12769000E+00
 5890   0.11570000E+00
 5891   0.11549000E+00
 5892   0.13773000E+00
 5893   0.29824000E+00
 5894   0.13567400E+01
 5895   0.22425200E+01
 5896   0.47073200E+01
 5897   0.47058300E+01
 5898   0.36910100E+01
 5899   0.29178500E+01
 5900   0.24497100E+01
 5901   0.21247500E+01
 5902   0.18534300E+01
 5903   0.68553600E+01
 5904   0.11381790E+02
 5905   0.52273700E+02
 5906   0.71701800E+02
 5907   0.54342790E+02
 5908   0.41934350E+02
 5909   0.85403280E+02
 5910   0.15978632E+03
 5911   0.12947767E+03
 5912   0.20881040E+03
 5913   0.21260834E+03
 5914   0.17506343E+03
 5915   0.16530930E+03
 5916   0.13523676E+03
 5917   0.11926886E+03
 5918   0.11868855E+03
 5919   0.93995310E+02
 5920   0.12690542E+03
 5921   0.11516791E+03
 5922   0.76163980E+02
 5923   0.61932010E+02
 5924   0.50636050E+02
 5925   0.43483600E+02
 5926   0.51243650E+02
 5927   0.42700210E+02
 5928   0.30731500E+02
 5929   0.22273310E+02
 5930   0.17157100E+02
 5931   0.13502500E+02
 5932   0.10385820E+02
 5933   0.83660000E+01
 5934   0.66440000E+01
 5935   0.32940000E+02
 5936   0.60218580E+02
 5937   0.10333753E+03
 5938   0.13191856E+03
 5939   0.11583821E+03
 5940   0.92531180E+02
 5941   0.68929350E+02
 5942   0.78143430E+02
 5943   0.66008250E+02
 5944   0.47516510E+02
 5945   0.35792160E+02
 5946   0.25148550E+02
 5947   0.19415460E+02
 5948   0.16094610E+02
 5949   0.19939520E+02
 5950   0.28320080E+02
 5951   0.24254690E+02
 5952   0.19125610E+02
 5953   0.14692610E+02
 5954   0.11871890E+02
 5955   0.97035500E+01
 5956   0.65121900E+01
 5957   0.52434000E+01
 5958   0.55143100E+01
 5959   0.81189200E+01
 5960   0.87318500E+01
 5961   0.68671500E+01
 5962   0.58620700E+01
 5963   0.19993160E+02
 5964   0.23330630E+02
 5965   0.19615440E+02
 5966   0.12892430E+02
 5967   0.99098600E+01
 5968   0.78048200E+01
 5969   0.65639500E+01
 5970   0.63022600E+01
 5971   0.57299300E+01
 5972   0.41445200E+01
 5973   0.47856500E+01
 5974   0.50705600E+01
 5975   0.87434700E+01
 5976   0.12669210E+02
 5977   0.90446300E+01
 5978   0.62781600E+01
 5979   0.36411800E+01
 5980   0.94322900E+01
 5981   0.17110290E+02
 5982   0.14481040E+02
 5983   0.10714700E+02
 5984   0.74384700E+01
 5985   0.48110100E+01
 5986   0.29383000E+01
 5987   0.16069700E+01
 5988   0.13273900E+01
 5989   0.11236300E+01
 5990   0.96647000E+00
 5991   0.72258700E+01
 5992   0.19918960E+02
 5993   0.29101090E+02
 5994   0.44817520E+02
 5995   0.21054416E+03
 5996   0.31127307E+03
 5997   0.42157266E+03
 5998   0.33519056E+03
 5999   0.19535186E+03
 6000   0.13377948E+03
 6001   0.14107264E+03
 6002   0.34677718E+03
 6003   0.49089232E+03
 6004   0.44501209E+03
 6005   0.26294224E+03
 6006   0.15234811E+03
 6007   0.87140110E+02
 6008   0.54999890E+02
 6009   0.61511230E+02
 6010   0.22889388E+03
 6011   0.20929513E+03
 6012   0.12371364E+03
 6013   0.91150940E+02
 6014   0.61572170E+02
 6015   0.41124570E+02
 6016   0.30116160E+02
 6017   0.24566760E+02
 6018   0.16569960E+02
 6019   0.35425000E+02
 6020   0.30755490E+02
 6021   0.20781810E+02
 6022   0.13913090E+02
 6023   0.21242480E+02
 6024   0.47647173E+03
 6025   0.34740389E+03
 6026   0.22529224E+03
 6027   0.12695373E+03
 6028   0.71309940E+02
 6029   0.45481280E+02
 6030   0.31181090E+02
 6031   0.23597100E+02
 6032   0.21840550E+02
 6033   0.57319840E+02
 6034   0.24702373E+03
 6035   0.17134868E+03
 6036   0.10742437E+03
 6037   0.65802570E+02
 6038   0.51920130E+02
 6039   0.30720796E+03
 6040   0.95979048E+03
 6041   0.48902472E+03
 6042   0.21821367E+03
 6043   0.11497910E+03
 6044   0.68458930E+02
 6045   0.44342630E+02
 6046   0.30591980E+02
 6047   0.21633980E+02
 6048   0.14471850E+02
 6049   0.11151810E+02
 6050   0.87710800E+01
 6051   0.73760600E+01
 6052   0.30914780E+02
 6053   0.60038350E+02
 6054   0.12107546E+03
 6055   0.12206040E+03
 6056   0.10988234E+03
 6057   0.79264350E+02
 6058   0.52599160E+02
 6059   0.33064110E+02
 6060   0.23292060E+02
 6061   0.17809280E+02
 6062   0.13145480E+02
 6063   0.99628600E+01
 6064   0.76853100E+01
 6065   0.58119500E+01
 6066   0.41448000E+01
 6067   0.31738900E+01
 6068   0.26318500E+01
 6069   0.16185000E+01
 6070   0.13651100E+01
 6071   0.37556900E+01
 6072   0.54732300E+01
 6073   0.41199400E+01
 6074   0.36402500E+01
 6075   0.28301600E+01
 6076   0.61453000E+01
 6077   0.63779500E+01
 6078   0.43062700E+01
 6079   0.21899300E+01
 6080   0.16402000E+01
 6081   0.13322000E+01
 6082   0.11786900E+01
 6083   0.10328700E+01
 6084   0.83438000E+00
 6085   0.70927000E+00
 6086   0.19982100E+01
 6087   0.30182100E+01
 6088   0.21514600E+01
 6089   0.13986500E+01
 6090   0.11586100E+01
 6091   0.10263300E+01
 6092   0.79374000E+00
 6093   0.79657300E+01
 6094   0.10693490E+02
 6095   0.93012800E+01
 6096   0.63251200E+01
 6097   0.11336490E+02
 6098   0.10077294E+03
 6099   0.11393933E+03
 6100   0.14375766E+03
 6101   0.14014131E+03
 6102   0.10745691E+03
 6103   0.69087170E+02
 6104   0.41897140E+02
 6105   0.27105550E+02
 6106   0.33897250E+02
 6107   0.38717750E+02
 6108   0.38145750E+02
 6109   0.35071670E+02
 6110   0.29079620E+02
 6111   0.23215840E+02
 6112   0.17972750E+02
 6113   0.13305760E+02
 6114   0.10814210E+02
 6115   0.12181530E+02
 6116   0.17626040E+02
 6117   0.79259620E+02
 6118   0.86961490E+02
 6119   0.72394130E+02
 6120   0.58514590E+02
 6121   0.51274110E+02
 6122   0.41459840E+02
 6123   0.31989380E+02
 6124   0.24653930E+02
 6125   0.19379760E+02
 6126   0.15305370E+02
 6127   0.12114180E+02
 6128   0.97643300E+01
 6129   0.81535800E+01
 6130   0.66225000E+01
 6131   0.11159150E+02
 6132   0.99442970E+02
 6133   0.17036915E+03
 6134   0.11856739E+03
 6135   0.81646510E+02
 6136   0.56036590E+02
 6137   0.39436820E+02
 6138   0.28339540E+02
 6139   0.20723590E+02
 6140   0.15400190E+02
 6141   0.10051910E+02
 6142   0.83109900E+01
 6143   0.76792700E+01
 6144   0.92419900E+01
 6145   0.11120630E+02
 6146   0.12043530E+02
 6147   0.12295350E+02
 6148   0.11812200E+02
 6149   0.10603200E+02
 6150   0.91155800E+01
 6151   0.62421900E+01
 6152   0.51124500E+01
 6153   0.43894800E+01
 6154   0.36201100E+01
 6155   0.30203700E+01
 6156   0.43689300E+01
 6157   0.31901800E+01
 6158   0.25410500E+01
 6159   0.52463200E+01
 6160   0.44206500E+01
 6161   0.22701300E+01
 6162   0.24740600E+01
 6163   0.36729200E+01
 6164   0.49116300E+01
 6165   0.56685200E+01
 6166   0.61276400E+01
 6167   0.61003900E+01
 6168   0.52117000E+01
 6169   0.42348300E+01
 6170   0.35207500E+01
 6171   0.20065300E+01
 6172   0.24619400E+01
 6173   0.11818600E+02
 6174   0.14437880E+02
 6175   0.13028640E+02
 6176   0.11400340E+02
 6177   0.13460130E+02
 6178   0.13903410E+02
 6179   0.15095200E+02
 6180   0.16982030E+02
 6181   0.17172320E+02
 6182   0.13707240E+02
 6183   0.11528410E+02
 6184   0.96730000E+01
 6185   0.77625500E+01
 6186   0.62411700E+01
 6187   0.10144440E+02
 6188   0.84827000E+01
 6189   0.67294400E+01
 6190   0.60098800E+01
 6191   0.54460900E+01
 6192   0.30067600E+01
 6193   0.42891500E+01
 6194   0.52200300E+01
 6195   0.60239600E+01
 6196   0.63300400E+01
 6197   0.61720900E+01
 6198   0.54921500E+01
 6199   0.46505800E+01
 6200   0.39739700E+01
 6201   0.32535900E+01
 6202   0.19078000E+01
 6203   0.69520700E+01
 6204   0.72261300E+01
 6205   0.55881800E+01
 6206   0.43616000E+01
 6207   0.33593800E+01
 6208   0.25871600E+01
 6209   0.20099300E+01
 6210   0.16449600E+01
 6211   0.13750900E+01
 6212   0.10237400E+01
 6213   0.77817000E+00
 6214   0.69811000E+00
 6215   0.65232000E+00
 6216   0.61759000E+00
 6217   0.58694000E+00
 6218   0.55593000E+00
 6219   0.52457000E+00
 6220   0.65477000E+00
 6221   0.58599000E+00
 6222   0.61065000E+00
 6223   0.64690000E+00
 6224   0.63851000E+00
 6225   0.63832000E+00
 6226   0.61289000E+00
 6227   0.56551000E+00
 6228   0.49829000E+00
 6229   0.44196000E+00
 6230   0.40235000E+00
 6231   0.42460000E+00
 6232   0.93886000E+00
 6233   0.13323500E+01
 6234   0.11325600E+01
 6235   0.10895900E+01
 6236   0.99573000E+00
 6237   0.80977000E+00
 6238   0.68487000E+00
 6239   0.64305000E+00
 6240   0.51427000E+00
 6241   0.42064000E+00
 6242   0.36641000E+00
 6243   0.33540000E+00
 6244   0.30062000E+00
 6245   0.26551000E+00
 6246   0.23474000E+00
 6247   0.20869000E+00
 6248   0.18641000E+00
 6249   0.16715000E+00
 6250   0.15055000E+00
 6251   0.13646000E+00
 6252   0.27554000E+00
 6253   0.34983000E+00
 6254   0.36033000E+00
 6255   0.47498000E+00
 6256   0.46847000E+00
 6257   0.41107000E+00
 6258   0.32819000E+00
 6259   0.25589000E+00
 6260   0.29629000E+00
 6261   0.59510000E+00
 6262   0.93356000E+00
 6263   0.77130000E+00
 6264   0.64083000E+00
 6265   0.53886000E+00
 6266   0.45433000E+00
 6267   0.45092000E+00
 6268   0.55956000E+00
 6269   0.72152000E+00
 6270   0.17841760E+02
 6271   0.26504790E+02
 6272   0.21783840E+02
 6273   0.16377280E+02
 6274   0.11502500E+02
 6275   0.10073660E+02
 6276   0.93346700E+01
 6277   0.82703600E+01
 6278   0.84093800E+01
 6279   0.11356399E+03
 6280   0.18721696E+03
 6281   0.16805543E+03
 6282   0.11608029E+03
 6283   0.78027960E+02
 6284   0.54273380E+02
 6285   0.36481870E+02
 6286   0.25473870E+02
 6287   0.18779820E+02
 6288   0.13999930E+02
 6289   0.19365080E+02
 6290   0.17691600E+02
 6291   0.14610900E+02
 6292   0.12113350E+02
 6293   0.12687280E+02
 6294   0.97638800E+01
 6295   0.75252200E+01
 6296   0.56015000E+01
 6297   0.38480200E+01
 6298   0.30634100E+01
 6299   0.25076200E+01
 6300   0.21277000E+01
 6301   0.19116500E+01
 6302   0.17127300E+01
 6303   0.14542900E+01
 6304   0.12760400E+01
 6305   0.10035600E+01
 6306   0.11319530E+02
 6307   0.94177050E+02
 6308   0.73471820E+02
 6309   0.40188810E+02
 6310   0.26054270E+02
 6311   0.21395330E+02
 6312   0.20667940E+02
 6313   0.16552680E+02
 6314   0.12344510E+02
 6315   0.77943500E+01
 6316   0.54916400E+01
 6317   0.40657100E+01
 6318   0.33322400E+01
 6319   0.27972700E+01
 6320   0.24402700E+01
 6321   0.18885500E+01
 6322   0.25534100E+01
 6323   0.17642100E+01
 6324   0.14086700E+01
 6325   0.10461000E+01
 6326   0.87388000E+00
 6327   0.74410000E+00
 6328   0.66903000E+00
 6329   0.60694000E+00
 6330   0.55173000E+00
 6331   0.49432000E+00
 6332   0.44414000E+00
 6333   0.40049000E+00
 6334   0.35940000E+00
 6335   0.31836000E+00
 6336   0.13792400E+01
 6337   0.28134700E+01
 6338   0.29590300E+01
 6339   0.29877500E+01
 6340   0.21355100E+01
 6341   0.17685600E+01
 6342   0.10005670E+02
 6343   0.12890290E+02
 6344   0.10001940E+02
 6345   0.78848500E+01
 6346   0.40960700E+01
 6347   0.29242700E+01
 6348   0.15651620E+02
 6349   0.44683250E+02
 6350   0.46874870E+02
 6351   0.36644320E+02
 6352   0.27689390E+02
 6353   0.20898060E+02
 6354   0.15745090E+02
 6355   0.12152210E+02
 6356   0.82437400E+01
 6357   0.64603000E+01
 6358   0.52826400E+01
 6359   0.51795700E+01
 6360   0.45885000E+01
 6361   0.45890000E+01
 6362   0.10312100E+02
 6363   0.39351880E+02
 6364   0.50460630E+02
 6365   0.36488020E+02
 6366   0.26277870E+02
 6367   0.22284480E+02
 6368   0.46979380E+02
 6369   0.13206262E+03
 6370   0.85285510E+02
 6371   0.52125630E+02
 6372   0.38050050E+02
 6373   0.28760480E+02
 6374   0.21205350E+02
 6375   0.15620360E+02
 6376   0.99050400E+01
 6377   0.82615700E+01
 6378   0.76393000E+01
 6379   0.60368100E+01
 6380   0.41856700E+01
 6381   0.33659200E+01
 6382   0.26519200E+01
 6383   0.22376800E+01
 6384   0.17472500E+01
 6385   0.16069900E+01
 6386   0.22462200E+01
 6387   0.13000300E+01
 6388   0.10570600E+01
 6389   0.71602000E+01
 6390   0.77351200E+02
 6391   0.76127960E+02
 6392   0.63184350E+02
 6393   0.52524240E+02
 6394   0.42257170E+02
 6395   0.34108310E+02
 6396   0.31912570E+02
 6397   0.20660650E+02
 6398   0.13364850E+02
 6399   0.89907700E+01
 6400   0.64653000E+01
 6401   0.44800400E+01
 6402   0.34640600E+01
 6403   0.27338800E+01
 6404   0.21998700E+01
 6405   0.17140000E+01
 6406   0.13339000E+01
 6407   0.10405800E+01
 6408   0.84794000E+00
 6409   0.45128000E+01
 6410   0.18945670E+02
 6411   0.18877440E+02
 6412   0.14597180E+02
 6413   0.13533932E+03
 6414   0.15250786E+03
 6415   0.76754620E+02
 6416   0.41496480E+02
 6417   0.22151550E+02
 6418   0.13161050E+02
 6419   0.80961600E+01
 6420   0.49010200E+01
 6421   0.33621800E+01
 6422   0.26720000E+01
 6423   0.21398700E+01
 6424   0.17400900E+01
 6425   0.14168300E+01
 6426   0.12350900E+01
 6427   0.10933100E+01
 6428   0.84966000E+00
 6429   0.75213000E+00
 6430   0.70380000E+00
 6431   0.64683000E+00
 6432   0.59018000E+00
 6433   0.53534000E+00
 6434   0.48093000E+00
 6435   0.45416000E+00
 6436   0.62090000E+00
 6437   0.11685900E+01
 6438   0.80781700E+01
 6439   0.10730968E+03
 6440   0.82238470E+02
 6441   0.56972850E+02
 6442   0.40293990E+02
 6443   0.31477980E+02
 6444   0.24212210E+02
 6445   0.18007650E+02
 6446   0.13202510E+02
 6447   0.10088750E+02
 6448   0.66488200E+01
 6449   0.58623900E+01
 6450   0.66053900E+01
 6451   0.70472000E+01
 6452   0.57922900E+01
 6453   0.70226900E+01
 6454   0.11559910E+02
 6455   0.11837710E+02
 6456   0.10021130E+02
 6457   0.80794300E+01
 6458   0.49529800E+01
 6459   0.48713600E+01
 6460   0.14107870E+02
 6461   0.23588890E+02
 6462   0.20786270E+02
 6463   0.16373790E+02
 6464   0.12838800E+02
 6465   0.10432440E+02
 6466   0.87477400E+01
 6467   0.73934000E+01
 6468   0.23841400E+02
 6469   0.54984068E+03
 6470   0.41745809E+03
 6471   0.22543933E+03
 6472   0.13426020E+03
 6473   0.85041070E+02
 6474   0.59240580E+02
 6475   0.68891630E+02
 6476   0.16763650E+03
 6477   0.59315348E+03
 6478   0.46979222E+03
 6479   0.30676209E+03
 6480   0.19733240E+03
 6481   0.16870390E+03
 6482   0.21000169E+03
 6483   0.33456265E+03
 6484   0.17616013E+03
 6485   0.11750959E+03
 6486   0.75629680E+02
 6487   0.53436880E+02
 6488   0.36682370E+02
 6489   0.23495570E+02
 6490   0.17004390E+02
 6491   0.12450160E+02
 6492   0.96124700E+01
 6493   0.75740300E+01
 6494   0.59251600E+01
 6495   0.43552800E+01
 6496   0.33988200E+01
 6497   0.27221600E+01
 6498   0.21225300E+01
 6499   0.14364100E+01
 6500   0.11950700E+01
 6501   0.10670200E+01
 6502   0.97074000E+00
 6503   0.84447000E+00
 6504   0.75153000E+00
 6505   0.68960000E+00
 6506   0.63957000E+00
 6507   0.59504000E+00
 6508   0.54929000E+00
 6509   0.50435000E+00
 6510   0.45460000E+00
 6511   0.39763000E+00
 6512   0.33858000E+00
 6513   0.29521000E+00
 6514   0.26347000E+00
 6515   0.23713000E+00
 6516   0.21048000E+00
 6517   0.18399000E+00
 6518   0.16078000E+00
 6519   0.14182000E+00
 6520   0.12667000E+00
 6521   0.11452000E+00
 6522   0.10460000E+00
 6523   0.96260000E-01
 6524   0.89060000E-01
 6525   0.82670000E-01
 6526   0.18177300E+01
 6527   0.57309200E+01
 6528   0.55449500E+01
 6529   0.11367020E+02
 6530   0.20372370E+02
 6531   0.46689410E+02
 6532   0.46855910E+02
 6533   0.36025700E+02
 6534   0.26655630E+02
 6535   0.22380130E+02
 6536   0.23724070E+02
 6537   0.29575350E+02
 6538   0.47170010E+02
 6539   0.50407510E+02
 6540   0.39828890E+02
 6541   0.30689370E+02
 6542   0.22850110E+02
 6543   0.17508940E+02
 6544   0.13217770E+02
 6545   0.10390870E+02
 6546   0.82822400E+01
 6547   0.66753300E+01
 6548   0.51788900E+01
 6549   0.40249500E+01
 6550   0.32726100E+01
 6551   0.18346500E+01
 6552   0.15648000E+01
 6553   0.14151900E+01
 6554   0.12941000E+01
 6555   0.11817900E+01
 6556   0.27568700E+01
 6557   0.30333300E+01
 6558   0.25978800E+01
 6559   0.23583900E+01
 6560   0.21672300E+01
 6561   0.14637500E+01
 6562   0.74286800E+01
 6563   0.86130100E+01
 6564   0.68206700E+01
 6565   0.49986700E+01
 6566   0.37616600E+01
 6567   0.27075500E+01
 6568   0.21885600E+01
 6569   0.17561200E+01
 6570   0.14799000E+01
 6571   0.11447700E+01
 6572   0.97490000E+00
 6573   0.79988000E+00
 6574   0.71835000E+00
 6575   0.67528000E+00
 6576   0.64514000E+00
 6577   0.61804000E+00
 6578   0.69338000E+00
 6579   0.81128000E+00
 6580   0.65783000E+00
 6581   0.57415000E+00
 6582   0.16850200E+01
 6583   0.27989100E+01
 6584   0.65449800E+01
 6585   0.63852100E+01
 6586   0.48081000E+01
 6587   0.37741500E+01
 6588   0.29034700E+01
 6589   0.59319500E+01
 6590   0.13629740E+02
 6591   0.13696150E+02
 6592   0.20359710E+02
 6593   0.35302660E+02
 6594   0.35170790E+02
 6595   0.28958070E+02
 6596   0.26189950E+02
 6597   0.26801320E+02
 6598   0.27821640E+02
 6599   0.25625860E+02
 6600   0.21573010E+02
 6601   0.17350140E+02
 6602   0.11545960E+02
 6603   0.90038000E+01
 6604   0.73047500E+01
 6605   0.64134300E+01
 6606   0.72298400E+01
 6607   0.62079000E+01
 6608   0.54129900E+01
 6609   0.90493200E+01
 6610   0.12096230E+02
 6611   0.15608390E+02
 6612   0.13709550E+02
 6613   0.14285550E+02
 6614   0.13777420E+02
 6615   0.12611990E+02
 6616   0.10936550E+02
 6617   0.92325100E+01
 6618   0.75416300E+01
 6619   0.61272500E+01
 6620   0.47055900E+01
 6621   0.38087300E+01
 6622   0.19808300E+01
 6623   0.17848700E+01
 6624   0.15659400E+01
 6625   0.13989500E+01
 6626   0.12579900E+01
 6627   0.18376700E+01
 6628   0.43031600E+01
 6629   0.33911700E+01
 6630   0.28291300E+01
 6631   0.35764500E+01
 6632   0.66111000E+01
 6633   0.12568750E+02
 6634   0.22921500E+02
 6635   0.26169320E+02
 6636   0.19212570E+02
 6637   0.18528330E+02
 6638   0.19304520E+02
 6639   0.15873700E+02
 6640   0.13203710E+02
 6641   0.11022090E+02
 6642   0.91841600E+01
 6643   0.61797700E+01
 6644   0.48990700E+01
 6645   0.45170400E+01
 6646   0.39411500E+01
 6647   0.32303700E+01
 6648   0.26861900E+01
 6649   0.22521700E+01
 6650   0.18588800E+01
 6651   0.14878800E+01
 6652   0.12933400E+01
 6653   0.98955000E+00
 6654   0.78321000E+00
 6655   0.70649000E+00
 6656   0.66463000E+00
 6657   0.63114000E+00
 6658   0.60218000E+00
 6659   0.56738000E+00
 6660   0.52278000E+00
 6661   0.47681000E+00
 6662   0.43600000E+00
 6663   0.39753000E+00
 6664   0.35271000E+00
 6665   0.36760000E+00
 6666   0.29986000E+00
 6667   0.24065000E+00
 6668   0.19437000E+00
 6669   0.16231000E+00
 6670   0.42275300E+01
 6671   0.63095620E+02
 6672   0.60383020E+02
 6673   0.36198610E+02
 6674   0.28477500E+02
 6675   0.42262850E+02
 6676   0.36119010E+02
 6677   0.27147740E+02
 6678   0.25007870E+02
 6679   0.29084300E+02
 6680   0.23868750E+02
 6681   0.17453830E+02
 6682   0.12127680E+02
 6683   0.85537600E+01
 6684   0.70226900E+01
 6685   0.64030500E+01
 6686   0.46486600E+01
 6687   0.42488800E+01
 6688   0.38646600E+01
 6689   0.31418700E+01
 6690   0.25221500E+01
 6691   0.20919700E+01
 6692   0.16762200E+01
 6693   0.13936000E+01
 6694   0.10789100E+01
 6695   0.89677000E+00
 6696   0.81279000E+00
 6697   0.78227000E+00
 6698   0.75465000E+00
 6699   0.77106000E+00
 6700   0.80229000E+00
 6701   0.89813000E+00
 6702   0.13644900E+01
 6703   0.50457500E+01
 6704   0.63516500E+01
 6705   0.90634000E+01
 6706   0.21415260E+02
 6707   0.23735520E+02
 6708   0.21238880E+02
 6709   0.18063440E+02
 6710   0.13857670E+02
 6711   0.10281700E+02
 6712   0.82952100E+01
 6713   0.78926600E+01
 6714   0.59751100E+01
 6715   0.25853300E+01
 6716   0.20994600E+01
 6717   0.30746700E+01
 6718   0.81266600E+01
 6719   0.84441800E+01
 6720   0.63191300E+01
 6721   0.40972500E+01
 6722   0.27113200E+01
 6723   0.18736000E+01
 6724   0.14405500E+01
 6725   0.10594400E+01
 6726   0.82131000E+00
 6727   0.68535000E+00
 6728   0.59074000E+00
 6729   0.51077000E+00
 6730   0.44711000E+00
 6731   0.40431000E+00
 6732   0.36479000E+00
 6733   0.32592000E+00
 6734   0.28923000E+00
 6735   0.25058000E+00
 6736   0.21159000E+00
 6737   0.17775000E+00
 6738   0.15089000E+00
 6739   0.16297000E+00
 6740   0.29931000E+00
 6741   0.39613510E+02
 6742   0.46047750E+02
 6743   0.48094440E+02
 6744   0.16326002E+03
 6745   0.83860830E+02
 6746   0.61684370E+02
 6747   0.53758710E+02
 6748   0.39486880E+02
 6749   0.29150470E+02
 6750   0.30772140E+02
 6751   0.56915580E+02
 6752   0.12700301E+03
 6753   0.10307847E+03
 6754   0.86221950E+02
 6755   0.60921920E+02
 6756   0.72185290E+02
 6757   0.13993649E+03
 6758   0.13916071E+03
 6759   0.88786150E+02
 6760   0.55920550E+02
 6761   0.37365660E+02
 6762   0.32063110E+02
 6763   0.28183720E+02
 6764   0.20960850E+02
 6765   0.35348300E+02
 6766   0.45481580E+02
 6767   0.56134710E+02
 6768   0.14608981E+03
 6769   0.11169478E+03
 6770   0.16138984E+03
 6771   0.11695136E+03
 6772   0.12461730E+03
 6773   0.77425890E+02
 6774   0.43545110E+02
 6775   0.27298050E+02
 6776   0.17670710E+02
 6777   0.12661210E+02
 6778   0.91769800E+01
 6779   0.68945000E+01
 6780   0.51032100E+01
 6781   0.38718300E+01
 6782   0.29940800E+01
 6783   0.23209000E+01
 6784   0.18201400E+01
 6785   0.14131300E+01
 6786   0.10779100E+01
 6787   0.90931000E+00
 6788   0.32633800E+01
 6789   0.80990400E+01
 6790   0.21743170E+02
 6791   0.16868074E+03
 6792   0.38561707E+03
 6793   0.65128043E+03
 6794   0.42203409E+03
 6795   0.20481905E+03
 6796   0.11132498E+03
 6797   0.64401530E+02
 6798   0.41629650E+02
 6799   0.32801640E+02
 6800   0.26325520E+02
 6801   0.46650069E+03
 6802   0.32008159E+03
 6803   0.20976881E+03
 6804   0.13548812E+03
 6805   0.92852920E+02
 6806   0.61764590E+02
 6807   0.42320090E+02
 6808   0.35086310E+02
 6809   0.30546150E+02
 6810   0.28914050E+02
 6811   0.29107000E+02
 6812   0.53551570E+02
 6813   0.27011076E+03
 6814   0.25898638E+03
 6815   0.20161014E+03
 6816   0.11621234E+03
 6817   0.66579610E+02
 6818   0.87144620E+02
 6819   0.19899506E+03
 6820   0.99712960E+02
 6821   0.64154930E+02
 6822   0.51928860E+02
 6823   0.42614320E+02
 6824   0.79170350E+02
 6825   0.84084710E+02
 6826   0.94488340E+02
 6827   0.31507836E+03
 6828   0.30288372E+03
 6829   0.16721929E+03
 6830   0.95938210E+02
 6831   0.59389480E+02
 6832   0.39380340E+02
 6833   0.27488930E+02
 6834   0.19984010E+02
 6835   0.14896180E+02
 6836   0.11158980E+02
 6837   0.86437900E+01
 6838   0.50729900E+01
 6839   0.41090900E+01
 6840   0.35679800E+01
 6841   0.39977600E+01
 6842   0.32867900E+01
 6843   0.28937200E+01
 6844   0.27841400E+01
 6845   0.25651100E+01
 6846   0.22172200E+01
 6847   0.18897700E+01
 6848   0.26033800E+01
 6849   0.20574500E+01
 6850   0.19606300E+01
 6851   0.21662300E+01
 6852   0.23678000E+01
 6853   0.23460500E+01
 6854   0.22742000E+01
 6855   0.21570000E+01
 6856   0.19481900E+01
 6857   0.17111000E+01
 6858   0.12785900E+01
 6859   0.11534400E+01
 6860   0.15753200E+01
 6861   0.13893000E+01
 6862   0.12142100E+01
 6863   0.10817500E+01
 6864   0.11465200E+01
 6865   0.10648600E+01
 6866   0.44505000E+01
 6867   0.83562800E+01
 6868   0.55739830E+02
 6869   0.78940360E+02
 6870   0.61374150E+02
 6871   0.44984720E+02
 6872   0.33103710E+02
 6873   0.24448410E+02
 6874   0.18404180E+02
 6875   0.13638160E+02
 6876   0.10274920E+02
 6877   0.78620300E+01
 6878   0.60084700E+01
 6879   0.30765900E+01
 6880   0.28426300E+01
 6881   0.24011600E+01
 6882   0.20388400E+01
 6883   0.17498600E+01
 6884   0.15173600E+01
 6885   0.12994500E+01
 6886   0.11561500E+01
 6887   0.10449100E+01
 6888   0.94367000E+00
 6889   0.72865000E+00
 6890   0.62499000E+00
 6891   0.57807000E+00
 6892   0.53999000E+00
 6893   0.50486000E+00
 6894   0.46700000E+00
 6895   0.43142000E+00
 6896   0.39775000E+00
 6897   0.36472000E+00
 6898   0.33000000E+00
 6899   0.29576000E+00
 6900   0.26243000E+00
 6901   0.22518000E+00
 6902   0.18922000E+00
 6903   0.15958000E+00
 6904   0.13641000E+00
 6905   0.11834000E+00
 6906   0.10401000E+00
 6907   0.92430000E-01
 6908   0.82910000E-01
 6909   0.74940000E-01
 6910   0.68220000E-01
 6911   0.62530000E-01
 6912   0.67380000E-01
 6913   0.19830000E+00
 6914   0.14354000E+00
 6915   0.14784000E+00
 6916   0.21880000E+00
 6917   0.33581000E+00
 6918   0.34513000E+00
 6919   0.31412000E+00
 6920   0.28409000E+00
 6921   0.26130000E+00
 6922   0.24462000E+00
 6923   0.23204000E+00
 6924   0.22119000E+00
 6925   0.21026000E+00
 6926   0.19859000E+00
 6927   0.18611000E+00
 6928   0.17290000E+00
 6929   0.15930000E+00
 6930   0.14586000E+00
 6931   0.43091000E+00
 6932   0.62805000E+00
 6933   0.56377000E+00
 6934   0.46315000E+01
 6935   0.67174900E+01
 6936   0.56799300E+01
 6937   0.45997100E+01
 6938   0.36481700E+01
 6939   0.27654300E+01
 6940   0.15951900E+01
 6941   0.12598800E+01
 6942   0.10984900E+01
 6943   0.98746000E+00
 6944   0.85665000E+00
 6945   0.79234000E+00
 6946   0.74360000E+00
 6947   0.70848000E+00
 6948   0.68741000E+00
 6949   0.66553000E+00
 6950   0.61036000E+00
 6951   0.54655000E+00
 6952   0.52395000E+00
 6953   0.49399000E+00
 6954   0.46223000E+00
 6955   0.43099000E+00
 6956   0.40074000E+00
 6957   0.37224000E+00
 6958   0.37096000E+00
 6959   0.61963000E+00
 6960   0.51039000E+00
 6961   0.71417000E+00
 6962   0.53765000E+00
 6963   0.51655000E+00
 6964   0.52273000E+00
 6965   0.54095000E+00
 6966   0.54281000E+00
 6967   0.50637000E+00
 6968   0.44352000E+00
 6969   0.38713000E+00
 6970   0.34455000E+00
 6971   0.31339000E+00
 6972   0.28995000E+00
 6973   0.26486000E+00
 6974   0.21429200E+01
 6975   0.14597600E+01
 6976   0.68430500E+01
 6977   0.12633810E+02
 6978   0.25102970E+02
 6979   0.40322180E+02
 6980   0.36650160E+02
 6981   0.28221190E+02
 6982   0.34925880E+02
 6983   0.39335230E+02
 6984   0.31345100E+02
 6985   0.23204410E+02
 6986   0.18468890E+02
 6987   0.27821130E+02
 6988   0.27492470E+02
 6989   0.45115680E+02
 6990   0.83236660E+02
 6991   0.64518350E+02
 6992   0.53730050E+02
 6993   0.43476720E+02
 6994   0.33171680E+02
 6995   0.23889710E+02
 6996   0.17804830E+02
 6997   0.30406010E+02
 6998   0.44365910E+02
 6999   0.41172120E+02
 7000   0.41814960E+02
 7001   0.12029498E+03
 7002   0.14549941E+03
 7003   0.12152247E+03
 7004   0.81943360E+02
 7005   0.53014690E+02
 7006   0.36379000E+02
 7007   0.29920050E+02
 7008   0.72196170E+02
 7009   0.89655530E+02
 7010   0.16383444E+03
 7011   0.17295580E+03
 7012   0.13092532E+03
 7013   0.91838560E+02
 7014   0.60739450E+02
 7015   0.41399260E+02
 7016   0.58366070E+02
 7017   0.53585490E+02
 7018   0.39229790E+02
 7019   0.81903030E+02
 7020   0.13962635E+03
 7021   0.22039006E+03
 7022   0.17364389E+03
 7023   0.11756222E+03
 7024   0.79620280E+02
 7025   0.58102640E+02
 7026   0.49618210E+02
 7027   0.38266850E+02
 7028   0.74306030E+02
 7029   0.75206470E+02
 7030   0.77596120E+02
 7031   0.67333780E+02
 7032   0.45334230E+02
 7033   0.31927700E+02
 7034   0.23123530E+02
 7035   0.17403060E+02
 7036   0.13741120E+02
 7037   0.10918360E+02
 7038   0.85471000E+01
 7039   0.67460600E+01
 7040   0.89929500E+01
 7041   0.54295910E+02
 7042   0.62998940E+02
 7043   0.39914990E+02
 7044   0.29406750E+02
 7045   0.26078530E+02
 7046   0.21695650E+02
 7047   0.16946990E+02
 7048   0.13214730E+02
 7049   0.22777460E+02
 7050   0.28891490E+02
 7051   0.29815530E+02
 7052   0.21441240E+02
 7053   0.17129630E+02
 7054   0.18054860E+02
 7055   0.14528570E+02
 7056   0.13362290E+02
 7057   0.10075420E+02
 7058   0.75835700E+01
 7059   0.58853700E+01
 7060   0.44236000E+01
 7061   0.36161700E+01
 7062   0.30075400E+01
 7063   0.17885700E+01
 7064   0.15131500E+01
 7065   0.23405800E+01
 7066   0.68818620E+02
 7067   0.75303950E+02
 7068   0.48432040E+02
 7069   0.38155900E+02
 7070   0.31786470E+02
 7071   0.23640170E+02
 7072   0.17410910E+02
 7073   0.11463070E+02
 7074   0.93535700E+01
 7075   0.72922400E+01
 7076   0.54766800E+01
 7077   0.15783540E+02
 7078   0.58574260E+02
 7079   0.58931140E+02
 7080   0.38839970E+02
 7081   0.26884140E+02
 7082   0.23277430E+02
 7083   0.40251900E+02
 7084   0.35522900E+02
 7085   0.25859330E+02
 7086   0.16778900E+02
 7087   0.11214050E+02
 7088   0.78243500E+01
 7089   0.57921800E+01
 7090   0.42662000E+01
 7091   0.73299700E+01
 7092   0.57364800E+01
 7093   0.38205500E+01
 7094   0.20804300E+01
 7095   0.39541700E+01
 7096   0.22357160E+02
 7097   0.76846430E+02
 7098   0.95112730E+02
 7099   0.60942100E+02
 7100   0.43204580E+02
 7101   0.33283640E+02
 7102   0.24697230E+02
 7103   0.23264100E+02
 7104   0.27508550E+02
 7105   0.26608970E+02
 7106   0.36528830E+02
 7107   0.28508360E+02
 7108   0.25577090E+02
 7109   0.60215710E+02
 7110   0.51843740E+02
 7111   0.74708320E+02
 7112   0.11899732E+03
 7113   0.88152430E+02
 7114   0.13035089E+03
 7115   0.53562871E+03
 7116   0.38563284E+03
 7117   0.53175378E+03
 7118   0.38991831E+03
 7119   0.17049557E+03
 7120   0.95779170E+02
 7121   0.60641150E+02
 7122   0.60937300E+02
 7123   0.11871858E+03
 7124   0.24790140E+03
 7125   0.14966938E+03
 7126   0.90636040E+02
 7127   0.56921690E+02
 7128   0.38653500E+02
 7129   0.32085880E+02
 7130   0.48650880E+02
 7131   0.14899982E+03
 7132   0.21018003E+03
 7133   0.17510775E+03
 7134   0.12271532E+03
 7135   0.85482350E+02
 7136   0.63266140E+02
 7137   0.45833040E+02
 7138   0.33280570E+02
 7139   0.24328410E+02
 7140   0.20248560E+02
 7141   0.10304401E+03
 7142   0.78575710E+02
 7143   0.54703850E+02
 7144   0.10214920E+03
 7145   0.98357100E+02
 7146   0.11720207E+03
 7147   0.17303958E+03
 7148   0.13775826E+03
 7149   0.92351310E+02
 7150   0.12421220E+03
 7151   0.18592675E+03
 7152   0.12978580E+03
 7153   0.82986810E+02
 7154   0.55018260E+02
 7155   0.36638040E+02
 7156   0.26885070E+02
 7157   0.20102480E+02
 7158   0.16293420E+02
 7159   0.13114110E+02
 7160   0.10721910E+02
 7161   0.88889800E+01
 7162   0.73216000E+01
 7163   0.58835000E+01
 7164   0.45398600E+01
 7165   0.38436500E+01
 7166   0.24526000E+01
 7167   0.26297700E+01
 7168   0.25448900E+01
 7169   0.23582500E+01
 7170   0.22222000E+01
 7171   0.20176700E+01
 7172   0.17825100E+01
 7173   0.15682000E+01
 7174   0.13617800E+01
 7175   0.12283600E+01
 7176   0.97366000E+00
 7177   0.79152000E+00
 7178   0.10661900E+01
 7179   0.23367200E+01
 7180   0.22576300E+01
 7181   0.17360100E+01
 7182   0.14111100E+01
 7183   0.12205600E+01
 7184   0.10552900E+01
 7185   0.86330000E+00
 7186   0.71905000E+00
 7187   0.58894000E+00
 7188   0.14616000E+01
 7189   0.13058400E+01
 7190   0.11829700E+01
 7191   0.10744800E+01
 7192   0.10153800E+01
 7193   0.97492000E+00
 7194   0.89099000E+00
 7195   0.79914000E+00
 7196   0.69993000E+00
 7197   0.62198000E+00
 7198   0.58813000E+00
 7199   0.57529000E+00
 7200   0.64973000E+00
 7201   0.89662000E+00
 7202   0.10939700E+01
 7203   0.13538900E+01
 7204   0.32374800E+01
 7205   0.30818000E+01
 7206   0.31700000E+01
 7207   0.22099900E+01
 7208   0.27945300E+01
 7209   0.42418200E+01
 7210   0.10080110E+02
 7211   0.87190700E+01
 7212   0.76075400E+01
 7213   0.68918300E+01
 7214   0.56332900E+01
 7215   0.43223900E+01
 7216   0.36235400E+01
 7217   0.20906200E+01
 7218   0.19971100E+01
 7219   0.17824900E+01
 7220   0.15710400E+01
 7221   0.13956200E+01
 7222   0.12394000E+01
 7223   0.17607000E+01
 7224   0.21914000E+01
 7225   0.18927000E+01
 7226   0.23361600E+01
 7227   0.30883600E+01
 7228   0.47369200E+01
 7229   0.55040400E+01
 7230   0.56553700E+01
 7231   0.52801200E+01
 7232   0.45111400E+01
 7233   0.39737700E+01
 7234   0.37641300E+01
 7235   0.31169600E+01
 7236   0.25431600E+01
 7237   0.25553100E+01
 7238   0.55496000E+01
 7239   0.72420600E+01
 7240   0.82928600E+01
 7241   0.12235770E+02
 7242   0.16051560E+02
 7243   0.17853530E+02
 7244   0.19226290E+02
 7245   0.15157070E+02
 7246   0.11814290E+02
 7247   0.89494900E+01
 7248   0.50727500E+01
 7249   0.38521800E+01
 7250   0.33183100E+01
 7251   0.27653900E+01
 7252   0.26593400E+01
 7253   0.23031600E+01
 7254   0.44842900E+01
 7255   0.47361400E+01
 7256   0.59570400E+01
 7257   0.14267770E+02
 7258   0.21373190E+02
 7259   0.20295330E+02
 7260   0.16940380E+02
 7261   0.13045630E+02
 7262   0.10244580E+02
 7263   0.81012500E+01
 7264   0.63780300E+01
 7265   0.45762700E+01
 7266   0.35082500E+01
 7267   0.27047200E+01
 7268   0.16326400E+01
 7269   0.15048400E+01
 7270   0.13056200E+01
 7271   0.12588000E+01
 7272   0.12833500E+01
 7273   0.12980100E+01
 7274   0.12481400E+01
 7275   0.11651300E+01
 7276   0.10786600E+01
 7277   0.99098000E+00
 7278   0.77975000E+00
 7279   0.67431000E+00
 7280   0.70870000E+00
 7281   0.65024000E+00
 7282   0.61347000E+00
 7283   0.58363000E+00
 7284   0.55447000E+00
 7285   0.66848000E+00
 7286   0.64159800E+01
 7287   0.76402500E+01
 7288   0.65250100E+01
 7289   0.36983100E+01
 7290   0.30992200E+01
 7291   0.24829100E+01
 7292   0.20824600E+01
 7293   0.18387600E+01
 7294   0.17343500E+01
 7295   0.15865600E+01
 7296   0.14554000E+01
 7297   0.13088200E+01
 7298   0.11948700E+01
 7299   0.96108000E+00
 7300   0.79601000E+00
 7301   0.74346000E+00
 7302   0.69858000E+00
 7303   0.65978000E+00
 7304   0.62529000E+00
 7305   0.59469000E+00
 7306   0.19308200E+01
 7307   0.13745100E+01
 7308   0.13725900E+01
 7309   0.11839200E+01
 7310   0.30490100E+01
 7311   0.66470700E+01
 7312   0.61033300E+01
 7313   0.49853600E+01
 7314   0.42869600E+01
 7315   0.35124300E+01
 7316   0.29216400E+01
 7317   0.84800000E+01
 7318   0.47042060E+02
 7319   0.68664130E+02
 7320   0.70646720E+02
 7321   0.60024860E+02
 7322   0.43157320E+02
 7323   0.30387570E+02
 7324   0.21834570E+02
 7325   0.16081150E+02
 7326   0.12024580E+02
 7327   0.94408700E+01
 7328   0.74127100E+01
 7329   0.57880100E+01
 7330   0.29175200E+01
 7331   0.27351100E+01
 7332   0.24928300E+01
 7333   0.21806900E+01
 7334   0.19431200E+01
 7335   0.16978400E+01
 7336   0.14536000E+01
 7337   0.32795200E+01
 7338   0.32164100E+01
 7339   0.24498300E+01
 7340   0.14698600E+01
 7341   0.12079600E+01
 7342   0.10828000E+01
 7343   0.97980000E+00
 7344   0.89313000E+00
 7345   0.10947700E+01
 7346   0.10845700E+01
 7347   0.10842500E+01
 7348   0.18496500E+01
 7349   0.44080100E+01
 7350   0.32404000E+01
 7351   0.37302500E+01
 7352   0.41095700E+01
 7353   0.60240100E+01
 7354   0.61709500E+01
 7355   0.44307300E+01
 7356   0.34359500E+01
 7357   0.28011700E+01
 7358   0.22705800E+01
 7359   0.26011600E+01
 7360   0.16572300E+01
 7361   0.14274000E+01
 7362   0.13618000E+01
 7363   0.13181400E+01
 7364   0.13300600E+01
 7365   0.13077600E+01
 7366   0.12367000E+01
 7367   0.16902800E+01
 7368   0.14255100E+01
 7369   0.12585800E+01
 7370   0.11193100E+01
 7371   0.98697000E+00
 7372   0.55733400E+01
 7373   0.13306590E+02
 7374   0.44461790E+02
 7375   0.43297500E+02
 7376   0.26591410E+02
 7377   0.15924630E+02
 7378   0.18860370E+02
 7379   0.46553160E+02
 7380   0.50582470E+02
 7381   0.35637760E+02
 7382   0.29245550E+02
 7383   0.26356940E+02
 7384   0.21823870E+02
 7385   0.17201380E+02
 7386   0.13069200E+02
 7387   0.10083840E+02
 7388   0.79610700E+01
 7389   0.63310500E+01
 7390   0.45823700E+01
 7391   0.24097700E+01
 7392   0.23532400E+01
 7393   0.24186400E+01
 7394   0.30686200E+01
 7395   0.73352000E+01
 7396   0.18487090E+02
 7397   0.43065020E+02
 7398   0.48017280E+02
 7399   0.54530000E+02
 7400   0.51377100E+02
 7401   0.41365720E+02
 7402   0.32837000E+02
 7403   0.24848180E+02
 7404   0.19284490E+02
 7405   0.16445160E+02
 7406   0.25323200E+02
 7407   0.29732150E+02
 7408   0.22738990E+02
 7409   0.14835470E+02
 7410   0.96143100E+01
 7411   0.64524500E+01
 7412   0.28134900E+01
 7413   0.12416670E+02
 7414   0.11809740E+02
 7415   0.90032600E+01
 7416   0.60940700E+01
 7417   0.35822300E+01
 7418   0.24459700E+01
 7419   0.42683100E+01
 7420   0.54968500E+01
 7421   0.47047200E+01
 7422   0.21713500E+01
 7423   0.17584000E+01
 7424   0.13844300E+01
 7425   0.12111300E+01
 7426   0.10689000E+01
 7427   0.86411000E+00
 7428   0.71109000E+00
 7429   0.46593700E+01
 7430   0.52098600E+01
 7431   0.49801500E+01
 7432   0.24376300E+01
 7433   0.25703800E+01
 7434   0.16384400E+01
 7435   0.13085100E+01
 7436   0.57439500E+01
 7437   0.48407200E+01
 7438   0.33211600E+01
 7439   0.23840400E+01
 7440   0.18038900E+01
 7441   0.13794300E+01
 7442   0.44887200E+01
 7443   0.10757600E+02
 7444   0.18927140E+02
 7445   0.26416270E+02
 7446   0.29905400E+02
 7447   0.25911550E+02
 7448   0.30221660E+02
 7449   0.12249060E+03
 7450   0.86255220E+02
 7451   0.42561190E+02
 7452   0.29385400E+02
 7453   0.27612850E+02
 7454   0.21013050E+02
 7455   0.14481650E+02
 7456   0.98405200E+01
 7457   0.11969330E+02
 7458   0.12685200E+02
 7459   0.10162380E+02
 7460   0.72584900E+01
 7461   0.45096300E+01
 7462   0.30835400E+01
 7463   0.17421900E+01
 7464   0.16882600E+01
 7465   0.13841600E+01
 7466   0.11956300E+01
 7467   0.89058900E+01
 7468   0.50197220E+02
 7469   0.69782100E+02
 7470   0.44985060E+02
 7471   0.26552970E+02
 7472   0.16971610E+02
 7473   0.10935590E+02
 7474   0.10934000E+02
 7475   0.66690410E+02
 7476   0.34340986E+03
 7477   0.23995166E+03
 7478   0.13721276E+03
 7479   0.81703650E+02
 7480   0.51730970E+02
 7481   0.44106910E+02
 7482   0.12008141E+03
 7483   0.13720042E+03
 7484   0.10985587E+03
 7485   0.74714450E+02
 7486   0.50118580E+02
 7487   0.33688360E+02
 7488   0.23347580E+02
 7489   0.16791620E+02
 7490   0.13983570E+02
 7491   0.12461224E+03
 7492   0.17065887E+03
 7493   0.18386381E+03
 7494   0.96540740E+02
 7495   0.57470220E+02
 7496   0.36839060E+02
 7497   0.25590440E+02
 7498   0.18588170E+02
 7499   0.14760280E+02
 7500   0.12493210E+02
 7501   0.10700440E+02
 7502   0.90211300E+01
 7503   0.76159100E+01
 7504   0.51204200E+01
 7505   0.60978700E+01
 7506   0.55070300E+01
 7507   0.46140600E+01
 7508   0.43491400E+01
 7509   0.34553500E+01
 7510   0.27324000E+01
 7511   0.21897900E+01
 7512   0.16803900E+01
 7513   0.13885400E+01
 7514   0.10923100E+01
 7515   0.96754000E+00
 7516   0.51831100E+01
 7517   0.19172185E+03
 7518   0.16981514E+03
 7519   0.24514937E+03
 7520   0.13190112E+03
 7521   0.72465910E+02
 7522   0.44596630E+02
 7523   0.29258210E+02
 7524   0.18874880E+02
 7525   0.13972700E+02
 7526   0.10428490E+02
 7527   0.86000400E+01
 7528   0.70938900E+01
 7529   0.53669400E+01
 7530   0.39981900E+01
 7531   0.31671400E+01
 7532   0.25449300E+01
 7533   0.19296200E+01
 7534   0.15357100E+01
 7535   0.11805700E+01
 7536   0.10020300E+01
 7537   0.86563000E+00
 7538   0.77450000E+00
 7539   0.71341000E+00
 7540   0.66373000E+00
 7541   0.61917000E+00
 7542   0.62308000E+00
 7543   0.37527200E+01
 7544   0.57538100E+01
 7545   0.16001070E+02
 7546   0.20630476E+03
 7547   0.38153120E+03
 7548   0.26422150E+03
 7549   0.17769875E+03
 7550   0.11601686E+03
 7551   0.80129950E+02
 7552   0.67498410E+02
 7553   0.75244700E+02
 7554   0.78060960E+02
 7555   0.78045520E+02
 7556   0.83438570E+02
 7557   0.81826780E+02
 7558   0.91014900E+02
 7559   0.85571100E+02
 7560   0.66595970E+02
 7561   0.59600590E+02
 7562   0.60299360E+02
 7563   0.76982160E+02
 7564   0.94489110E+02
 7565   0.37845875E+03
 7566   0.24249453E+04
 7567   0.11701095E+04
 7568   0.42810358E+03
 7569   0.56876238E+03
 7570   0.90455854E+03
 7571   0.46992055E+03
 7572   0.21300521E+03
 7573   0.11287079E+03
 7574   0.67262860E+02
 7575   0.43425950E+02
 7576   0.27746120E+02
 7577   0.20081330E+02
 7578   0.16501570E+02
 7579   0.18440960E+02
 7580   0.24797890E+02
 7581   0.29332080E+02
 7582   0.32705750E+02
 7583   0.34431730E+02
 7584   0.32801270E+02
 7585   0.26443590E+02
 7586   0.18441900E+02
 7587   0.13773420E+02
 7588   0.10621130E+02
 7589   0.83483300E+01
 7590   0.66261000E+01
 7591   0.50676100E+01
 7592   0.40300800E+01
 7593   0.40016800E+01
 7594   0.32679900E+01
 7595   0.31442700E+01
 7596   0.22025500E+01
 7597   0.23824500E+01
 7598   0.23417400E+01
 7599   0.23148000E+01
 7600   0.22861300E+01
 7601   0.24740700E+01
 7602   0.20694600E+01
 7603   0.17907200E+01
 7604   0.19755100E+01
 7605   0.20670300E+01
 7606   0.14006100E+01
 7607   0.65297500E+01
 7608   0.12599740E+02
 7609   0.24970990E+02
 7610   0.58193120E+02
 7611   0.49275200E+02
 7612   0.36960260E+02
 7613   0.26775260E+02
 7614   0.19924330E+02
 7615   0.14635560E+02
 7616   0.10793050E+02
 7617   0.69678200E+01
 7618   0.17658950E+02
 7619   0.46852560E+02
 7620   0.27869398E+03
 7621   0.46401888E+03
 7622   0.29451850E+03
 7623   0.15296285E+03
 7624   0.87375940E+02
 7625   0.54048480E+02
 7626   0.35578970E+02
 7627   0.22741310E+02
 7628   0.16625280E+02
 7629   0.12429400E+02
 7630   0.96935300E+01
 7631   0.77273100E+01
 7632   0.62191800E+01
 7633   0.45564300E+01
 7634   0.36873200E+01
 7635   0.30545800E+01
 7636   0.29780100E+01
 7637   0.49914900E+01
 7638   0.46705200E+01
 7639   0.54210800E+01
 7640   0.60352100E+01
 7641   0.61474500E+01
 7642   0.59604400E+01
 7643   0.52519600E+01
 7644   0.44136000E+01
 7645   0.37094900E+01
 7646   0.29809200E+01
 7647   0.17133300E+01
 7648   0.14542200E+01
 7649   0.13813800E+01
 7650   0.13905300E+01
 7651   0.18934800E+01
 7652   0.27296700E+01
 7653   0.30624100E+01
 7654   0.32338300E+01
 7655   0.32887100E+01
 7656   0.33162100E+01
 7657   0.33075400E+01
 7658   0.20456000E+01
 7659   0.20920100E+01
 7660   0.21048800E+01
 7661   0.19029700E+01
 7662   0.16957600E+01
 7663   0.14604600E+01
 7664   0.13026000E+01
 7665   0.11784200E+01
 7666   0.10655900E+01
 7667   0.97149000E+00
 7668   0.76465000E+00
 7669   0.64956000E+00
 7670   0.60354000E+00
 7671   0.57274000E+00
 7672   0.54092000E+00
 7673   0.49390000E+00
 7674   0.43219000E+00
 7675   0.39144000E+00
 7676   0.36106000E+00
 7677   0.33381000E+00
 7678   0.30967000E+00
 7679   0.28601000E+00
 7680   0.26281000E+00
 7681   0.23613000E+00
 7682   0.20521000E+00
 7683   0.17517000E+00
 7684   0.11119710E+02
 7685   0.13349900E+02
 7686   0.26912820E+02
 7687   0.45851450E+02
 7688   0.35755890E+02
 7689   0.24296150E+02
 7690   0.20324270E+02
 7691   0.17890530E+02
 7692   0.13169810E+02
 7693   0.10955930E+02
 7694   0.89721500E+01
 7695   0.71560900E+01
 7696   0.58534400E+01
 7697   0.48430400E+01
 7698   0.39135600E+01
 7699   0.32121500E+01
 7700   0.26834900E+01
 7701   0.22452700E+01
 7702   0.18855500E+01
 7703   0.12319100E+01
 7704   0.10323400E+01
 7705   0.92438000E+00
 7706   0.80446000E+00
 7707   0.10459000E+01
 7708   0.10275000E+01
 7709   0.39132700E+01
 7710   0.95091600E+01
 7711   0.10643240E+02
 7712   0.93876700E+01
 7713   0.83238500E+01
 7714   0.75014300E+01
 7715   0.54817900E+01
 7716   0.45722500E+01
 7717   0.42247800E+01
 7718   0.42284300E+01
 7719   0.42577300E+01
 7720   0.39692700E+01
 7721   0.36104300E+01
 7722   0.32422600E+01
 7723   0.19718600E+01
 7724   0.22660900E+01
 7725   0.68227700E+01
 7726   0.72871200E+01
 7727   0.59465000E+01
 7728   0.48978300E+01
 7729   0.37592400E+01
 7730   0.56065900E+01
 7731   0.46613300E+01
 7732   0.38382200E+01
 7733   0.19665700E+01
 7734   0.16739500E+01
 7735   0.20499400E+01
 7736   0.16708200E+01
 7737   0.13642400E+01
 7738   0.13184900E+01
 7739   0.48167200E+01
 7740   0.41342200E+01
 7741   0.66054500E+01
 7742   0.14376790E+02
 7743   0.24451100E+02
 7744   0.27947250E+02
 7745   0.20368680E+02
 7746   0.13581640E+02
 7747   0.97203800E+01
 7748   0.75293500E+01
 7749   0.64116500E+01
 7750   0.87503500E+01
 7751   0.17940780E+02
 7752   0.15071330E+02
 7753   0.12630700E+02
 7754   0.80948500E+01
 7755   0.58123100E+01
 7756   0.45773300E+01
 7757   0.40211300E+01
 7758   0.34881100E+01
 7759   0.29144000E+01
 7760   0.25322000E+01
 7761   0.20611200E+01
 7762   0.16807200E+01
 7763   0.14215600E+01
 7764   0.10729600E+01
 7765   0.87473000E+00
 7766   0.76134000E+00
 7767   0.70943000E+00
 7768   0.66742000E+00
 7769   0.63128000E+00
 7770   0.37247700E+01
 7771   0.62820900E+01
 7772   0.67178400E+01
 7773   0.20397050E+02
 7774   0.34439690E+02
 7775   0.30684620E+02
 7776   0.19765220E+02
 7777   0.13157710E+02
 7778   0.13276940E+02
 7779   0.11120930E+02
 7780   0.88578000E+01
 7781   0.78365000E+01
 7782   0.66166300E+01
 7783   0.44318200E+01
 7784   0.35185300E+01
 7785   0.19273100E+01
 7786   0.17612920E+02
 7787   0.28875140E+02
 7788   0.22933190E+02
 7789   0.15525840E+02
 7790   0.10885680E+02
 7791   0.78586000E+01
 7792   0.59018800E+01
 7793   0.48910900E+01
 7794   0.70723700E+01
 7795   0.40878200E+01
 7796   0.32043000E+01
 7797   0.26562400E+01
 7798   0.48212100E+01
 7799   0.25254800E+02
 7800   0.45414530E+02
 7801   0.32826570E+02
 7802   0.18965670E+02
 7803   0.18113450E+02
 7804   0.10828435E+03
 7805   0.99067580E+02
 7806   0.13519422E+03
 7807   0.10831878E+03
 7808   0.72915240E+02
 7809   0.62755340E+02
 7810   0.86816050E+02
 7811   0.14058920E+03
 7812   0.87949540E+02
 7813   0.58753700E+02
 7814   0.81694040E+02
 7815   0.11917617E+03
 7816   0.97386780E+02
 7817   0.81322860E+02
 7818   0.98069610E+02
 7819   0.74050050E+02
 7820   0.46279830E+02
 7821   0.32653550E+02
 7822   0.27258370E+02
 7823   0.21123300E+02
 7824   0.16286530E+02
 7825   0.12624280E+02
 7826   0.93185000E+01
 7827   0.71156800E+01
 7828   0.57555300E+01
 7829   0.41739430E+02
 7830   0.56883730E+02
 7831   0.58086420E+02
 7832   0.51163170E+02
 7833   0.32597590E+02
 7834   0.29286140E+02
 7835   0.22574920E+02
 7836   0.74806180E+02
 7837   0.32893967E+03
 7838   0.26606421E+03
 7839   0.33886765E+03
 7840   0.21633654E+03
 7841   0.12847779E+03
 7842   0.21878005E+03
 7843   0.31554162E+03
 7844   0.20107451E+03
 7845   0.16621291E+03
 7846   0.10555424E+03
 7847   0.68291500E+02
 7848   0.45615720E+02
 7849   0.31614530E+02
 7850   0.22626050E+02
 7851   0.20264500E+02
 7852   0.72187130E+02
 7853   0.10694256E+03
 7854   0.32955468E+03
 7855   0.52465619E+03
 7856   0.27380446E+03
 7857   0.20450157E+03
 7858   0.99239773E+03
 7859   0.87222727E+03
 7860   0.43385905E+03
 7861   0.31355881E+03
 7862   0.21893576E+03
 7863   0.19371861E+03
 7864   0.13026783E+03
 7865   0.78762190E+02
 7866   0.48345580E+02
 7867   0.30554010E+02
 7868   0.20203780E+02
 7869   0.14473500E+02
 7870   0.11273740E+02
 7871   0.83736800E+01
 7872   0.63597200E+01
 7873   0.54517900E+01
 7874   0.39551700E+01
 7875   0.28608100E+01
 7876   0.21157600E+01
 7877   0.14205100E+01
 7878   0.11724300E+01
 7879   0.10411700E+01
 7880   0.95286000E+00
 7881   0.82980000E+00
 7882   0.74144000E+00
 7883   0.68580000E+00
 7884   0.18824700E+01
 7885   0.29992900E+01
 7886   0.27822480E+02
 7887   0.65881280E+02
 7888   0.64428140E+02
 7889   0.67485720E+02
 7890   0.73651000E+02
 7891   0.23275144E+03
 7892   0.19006363E+03
 7893   0.13731348E+03
 7894   0.11355386E+03
 7895   0.77987600E+02
 7896   0.64689160E+02
 7897   0.64206200E+02
 7898   0.59020700E+02
 7899   0.46668160E+02
 7900   0.35109370E+02
 7901   0.26911040E+02
 7902   0.24478930E+02
 7903   0.45264920E+02
 7904   0.21331666E+03
 7905   0.59935958E+03
 7906   0.65315314E+03
 7907   0.39354247E+03
 7908   0.23386966E+03
 7909   0.25947623E+03
 7910   0.24363048E+03
 7911   0.18175828E+03
 7912   0.11310098E+03
 7913   0.69827820E+02
 7914   0.45368370E+02
 7915   0.31046580E+02
 7916   0.22047670E+02
 7917   0.16301990E+02
 7918   0.10570190E+02
 7919   0.81897400E+01
 7920   0.66045000E+01
 7921   0.49838700E+01
 7922   0.39023600E+01
 7923   0.31349100E+01
 7924   0.25310500E+01
 7925   0.20808200E+01
 7926   0.67759300E+01
 7927   0.19687630E+02
 7928   0.31771610E+02
 7929   0.56170300E+02
 7930   0.11243614E+03
 7931   0.10100706E+03
 7932   0.75848230E+02
 7933   0.55062700E+02
 7934   0.43987600E+02
 7935   0.35587110E+02
 7936   0.29397910E+02
 7937   0.24912500E+02
 7938   0.19134200E+02
 7939   0.15966010E+02
 7940   0.12317870E+02
 7941   0.95807900E+01
 7942   0.75331900E+01
 7943   0.58621800E+01
 7944   0.43473500E+01
 7945   0.34830600E+01
 7946   0.27866600E+01
 7947   0.21243700E+01
 7948   0.16742900E+01
 7949   0.12348500E+01
 7950   0.10455100E+01
 7951   0.92820000E+00
 7952   0.80183000E+00
 7953   0.72673000E+00
 7954   0.67416000E+00
 7955   0.62972000E+00
 7956   0.58565000E+00
 7957   0.53783000E+00
 7958   0.48906000E+00
 7959   0.44089000E+00
 7960   0.38732000E+00
 7961   0.32877000E+00
 7962   0.28320000E+00
 7963   0.24663000E+00
 7964   0.21260000E+00
 7965   0.18192000E+00
 7966   0.26090000E+00
 7967   0.14398800E+01
 7968   0.87201000E+01
 7969   0.85132700E+01
 7970   0.63944300E+01
 7971   0.40139300E+01
 7972   0.23984300E+01
 7973   0.16118200E+01
 7974   0.12617900E+01
 7975   0.10582300E+01
 7976   0.76853000E+00
 7977   0.63006000E+00
 7978   0.46656000E+00
 7979   0.37422000E+00
 7980   0.32651000E+00
 7981   0.29203000E+00
 7982   0.31888000E+00
 7983   0.23854900E+01
 7984   0.18921400E+01
 7985   0.14929000E+01
 7986   0.12899600E+01
 7987   0.11670600E+01
 7988   0.10515700E+01
 7989   0.84877000E+00
 7990   0.64092000E+00
 7991   0.49127000E+00
 7992   0.38950000E+00
 7993   0.38681000E+00
 7994   0.70058000E+00
 7995   0.11257500E+01
 7996   0.92284200E+01
 7997   0.21998280E+02
 7998   0.26365350E+02
 7999   0.24102660E+02
 8000   0.18440190E+02
 8001   0.15355200E+02
 8002   0.12817850E+02
 8003   0.10524760E+02
 8004   0.86597500E+01
 8005   0.70026300E+01
 8006   0.54672000E+01
 8007   0.52016100E+01
 8008   0.11335000E+02
 8009   0.13656330E+02
 8010   0.27374450E+02
 8011   0.68877580E+02
 8012   0.73232680E+02
 8013   0.56346520E+02
 8014   0.41417840E+02
 8015   0.30613740E+02
 8016   0.22566420E+02
 8017   0.17341590E+02
 8018   0.13312690E+02
 8019   0.10550830E+02
 8020   0.69481600E+01
 8021   0.54114300E+01
 8022   0.49516300E+01
 8023   0.41399700E+01
 8024   0.38052300E+01
 8025   0.41551200E+01
 8026   0.45202000E+01
 8027   0.47272200E+01
 8028   0.47414400E+01
 8029   0.51442700E+01
 8030   0.44421100E+01
 8031   0.24746800E+01
 8032   0.28810900E+01
 8033   0.24986100E+01
 8034   0.27294500E+01
 8035   0.22034900E+01
 8036   0.18305300E+01
 8037   0.15508300E+01
 8038   0.13238600E+01
 8039   0.11647300E+01
 8040   0.10536100E+01
 8041   0.81518000E+00
 8042   0.68526000E+00
 8043   0.63447000E+00
 8044   0.59836000E+00
 8045   0.56427000E+00
 8046   0.52844000E+00
 8047   0.50019000E+00
 8048   0.51583000E+00
 8049   0.51795000E+00
 8050   0.50360000E+00
 8051   0.46753000E+00
 8052   0.41265000E+00
 8053   0.34961000E+00
 8054   0.32931000E+00
 8055   0.29472000E+00
 8056   0.27457000E+00
 8057   0.26510000E+00
 8058   0.26719000E+00
 8059   0.27161000E+00
 8060   0.26630000E+00
 8061   0.25370000E+00
 8062   0.23950000E+00
 8063   0.22744000E+00
 8064   0.21830000E+00
 8065   0.21016000E+00
 8066   0.20079000E+00
 8067   0.18951000E+00
 8068   0.22723000E+00
 8069   0.48667000E+00
 8070   0.42004000E+00
 8071   0.33912000E+00
 8072   0.31174000E+00
 8073   0.27210000E+00
 8074   0.26407000E+00
 8075   0.37386000E+00
 8076   0.14233460E+02
 8077   0.16139570E+02
 8078   0.13479830E+02
 8079   0.12503620E+02
 8080   0.24904290E+02
 8081   0.34503630E+02
 8082   0.28176800E+02
 8083   0.21225250E+02
 8084   0.16629530E+02
 8085   0.13738800E+02
 8086   0.11363460E+02
 8087   0.10815260E+02
 8088   0.28923890E+02
 8089   0.43633850E+02
 8090   0.61569740E+02
 8091   0.70467980E+02
 8092   0.49213340E+02
 8093   0.35717210E+02
 8094   0.27595790E+02
 8095   0.21195520E+02
 8096   0.16090630E+02
 8097   0.16039400E+02
 8098   0.22557210E+02
 8099   0.18457090E+02
 8100   0.14335690E+02
 8101   0.10552800E+02
 8102   0.65159100E+01
 8103   0.46927700E+01
 8104   0.38925800E+01
 8105   0.33625900E+01
 8106   0.29226200E+01
 8107   0.25372100E+01
 8108   0.21489900E+01
 8109   0.17634800E+01
 8110   0.14468200E+01
 8111   0.12519600E+01
 8112   0.11165600E+01
 8113   0.86794000E+00
 8114   0.72729000E+00
 8115   0.78105000E+00
 8116   0.39157100E+01
 8117   0.29346200E+01
 8118   0.22916600E+01
 8119   0.24023300E+01
 8120   0.18957500E+01
 8121   0.14215500E+01
 8122   0.13070000E+01
 8123   0.94730000E+00
 8124   0.72216000E+00
 8125   0.61821000E+00
 8126   0.52068000E+00
 8127   0.42793000E+00
 8128   0.78863000E+00
 8129   0.76153000E+00
 8130   0.65042000E+00
 8131   0.64792000E+00
 8132   0.56309000E+00
 8133   0.43755000E+00
 8134   0.33615000E+00
 8135   0.26684000E+00
 8136   0.21776000E+00
 8137   0.18178000E+00
 8138   0.15461000E+00
 8139   0.13355000E+00
 8140   0.11685000E+00
 8141   0.10334000E+00
 8142   0.92240000E-01
 8143   0.82970000E-01
 8144   0.21319430E+02
 8145   0.59262620E+02
 8146   0.10073020E+03
 8147   0.65013630E+02
 8148   0.42189280E+02
 8149   0.33499120E+02
 8150   0.27092690E+02
 8151   0.20615990E+02
 8152   0.15332510E+02
 8153   0.12068930E+02
 8154   0.79973200E+01
 8155   0.57433400E+01
 8156   0.14405810E+02
 8157   0.16284120E+02
 8158   0.13280750E+02
 8159   0.96985100E+01
 8160   0.70362400E+01
 8161   0.46944500E+01
 8162   0.42968200E+01
 8163   0.75222730E+02
 8164   0.81283590E+02
 8165   0.44494510E+02
 8166   0.27421290E+02
 8167   0.20275300E+02
 8168   0.17998880E+02
 8169   0.35552980E+02
 8170   0.30858610E+02
 8171   0.22153370E+02
 8172   0.15536880E+02
 8173   0.11389150E+02
 8174   0.79227600E+01
 8175   0.61650300E+01
 8176   0.58542900E+01
 8177   0.13153720E+02
 8178   0.10170810E+03
 8179   0.92517360E+02
 8180   0.61536460E+02
 8181   0.50767540E+02
 8182   0.38211780E+02
 8183   0.28104610E+02
 8184   0.34635010E+02
 8185   0.29214960E+02
 8186   0.21989780E+02
 8187   0.14589150E+02
 8188   0.12459490E+02
 8189   0.11163248E+03
 8190   0.10075081E+03
 8191   0.72726000E+02
 8192   0.57214320E+02
 8193   0.40351020E+02
 8194   0.28163760E+02
 8195   0.18495770E+02
 8196   0.13816390E+02
 8197   0.11478740E+02
 8198   0.97261950E+02
 8199   0.16835879E+03
 8200   0.93209310E+02
 8201   0.62056590E+02
 8202   0.51277050E+02
 8203   0.38736540E+02
 8204   0.30047120E+02
 8205   0.20674320E+02
 8206   0.17550250E+02
 8207   0.16567220E+02
 8208   0.15959750E+02
 8209   0.19871260E+02
 8210   0.29248170E+02
 8211   0.35297340E+02
 8212   0.40454620E+02
 8213   0.43149670E+02
 8214   0.42689430E+02
 8215   0.34939660E+02
 8216   0.82617970E+02
 8217   0.29941846E+03
 8218   0.19742270E+03
 8219   0.13641781E+03
 8220   0.13257136E+03
 8221   0.93360880E+02
 8222   0.56252710E+02
 8223   0.37254890E+02
 8224   0.26009070E+02
 8225   0.17580370E+02
 8226   0.15832600E+02
 8227   0.24507400E+02
 8228   0.58530740E+02
 8229   0.84844360E+02
 8230   0.10838150E+03
 8231   0.96387980E+02
 8232   0.78374270E+02
 8233   0.74966270E+02
 8234   0.64059220E+02
 8235   0.47314900E+02
 8236   0.32349310E+02
 8237   0.24005410E+02
 8238   0.18411030E+02
 8239   0.14001770E+02
 8240   0.10826090E+02
 8241   0.85491600E+01
 8242   0.67396800E+01
 8243   0.47799700E+01
 8244   0.36225000E+01
 8245   0.24791860E+02
 8246   0.73236377E+03
 8247   0.41745035E+03
 8248   0.22196969E+03
 8249   0.12017766E+03
 8250   0.69764800E+02
 8251   0.43447140E+02
 8252   0.29065470E+02
 8253   0.20340370E+02
 8254   0.14747770E+02
 8255   0.10859440E+02
 8256   0.71103000E+01
 8257   0.52964900E+01
 8258   0.42724700E+01
 8259   0.56116500E+01
 8260   0.25339930E+02
 8261   0.48090963E+03
 8262   0.45336141E+03
 8263   0.62671505E+03
 8264   0.45269471E+03
 8265   0.28977291E+03
 8266   0.16342590E+03
 8267   0.94128720E+02
 8268   0.56135720E+02
 8269   0.36466600E+02
 8270   0.26686500E+02
 8271   0.20701640E+02
 8272   0.16552980E+02
 8273   0.13400630E+02
 8274   0.10790360E+02
 8275   0.90241700E+01
 8276   0.74036400E+01
 8277   0.46874400E+01
 8278   0.43884400E+01
 8279   0.39652500E+01
 8280   0.35723600E+01
 8281   0.32791800E+01
 8282   0.28617300E+01
 8283   0.25076400E+01
 8284   0.21375300E+01
 8285   0.17680400E+01
 8286   0.14533300E+01
 8287   0.11232800E+01
 8288   0.96490000E+00
 8289   0.86583000E+00
 8290   0.81075000E+00
 8291   0.81639000E+00
 8292   0.86212000E+00
 8293   0.63380800E+01
 8294   0.28181380E+02
 8295   0.12840993E+03
 8296   0.22186373E+03
 8297   0.19900985E+03
 8298   0.22785793E+03
 8299   0.28882814E+03
 8300   0.24526864E+03
 8301   0.16301331E+03
 8302   0.14552209E+03
 8303   0.22399708E+03
 8304   0.76170432E+03
 8305   0.16670938E+04
 8306   0.15502818E+04
 8307   0.96089352E+03
 8308   0.44233902E+03
 8309   0.21721109E+03
 8310   0.12148076E+03
 8311   0.12666513E+03
 8312   0.19067228E+03
 8313   0.72888421E+03
 8314   0.20507124E+04
 8315   0.93356808E+03
 8316   0.39092774E+03
 8317   0.21196953E+03
 8318   0.12722042E+03
 8319   0.85667320E+02
 8320   0.60651700E+02
 8321   0.44029380E+02
 8322   0.32462400E+02
 8323   0.23834850E+02
 8324   0.17967960E+02
 8325   0.13418300E+02
 8326   0.10253100E+02
 8327   0.80915700E+01
 8328   0.44832000E+01
 8329   0.37880700E+01
 8330   0.31819600E+01
 8331   0.26097400E+01
 8332   0.21090100E+01
 8333   0.17691800E+01
 8334   0.14587900E+01
 8335   0.12570800E+01
 8336   0.11117600E+01
 8337   0.99285000E+00
 8338   0.77428000E+00
 8339   0.66345000E+00
 8340   0.61288000E+00
 8341   0.57315000E+00
 8342   0.55119000E+00
 8343   0.56306000E+00
 8344   0.59916000E+00
 8345   0.61979000E+00
 8346   0.59588000E+00
 8347   0.56157000E+00
 8348   0.53995000E+00
 8349   0.50088000E+00
 8350   0.43286000E+00
 8351   0.38282000E+00
 8352   0.34613000E+00
 8353   0.31687000E+00
 8354   0.29286000E+00
 8355   0.27309000E+00
 8356   0.25735000E+00
 8357   0.24307000E+00
 8358   0.22804000E+00
 8359   0.21459000E+00
 8360   0.20349000E+00
 8361   0.19026000E+00
 8362   0.18598000E+00
 8363   0.21993000E+00
 8364   0.16391300E+01
 8365   0.13592120E+02
 8366   0.23924690E+02
 8367   0.19612510E+02
 8368   0.13281720E+02
 8369   0.77478700E+01
 8370   0.53539900E+01
 8371   0.48049800E+01
 8372   0.49654500E+01
 8373   0.46217900E+01
 8374   0.41246900E+01
 8375   0.36037900E+01
 8376   0.32986900E+01
 8377   0.27963600E+01
 8378   0.27877900E+01
 8379   0.19261100E+01
 8380   0.23645400E+01
 8381   0.35190200E+01
 8382   0.41347200E+01
 8383   0.44396200E+01
 8384   0.44838500E+01
 8385   0.42401500E+01
 8386   0.38977200E+01
 8387   0.34912200E+01
 8388   0.28869400E+01
 8389   0.16501100E+01
 8390   0.13574300E+01
 8391   0.12416500E+01
 8392   0.11722300E+01
 8393   0.10911100E+01
 8394   0.10185700E+01
 8395   0.95924000E+00
 8396   0.85631000E+00
 8397   0.77052000E+00
 8398   0.75166000E+00
 8399   0.67594000E+00
 8400   0.94407000E+00
 8401   0.13569880E+02
 8402   0.18180100E+02
 8403   0.14853990E+02
 8404   0.10995670E+02
 8405   0.12564310E+02
 8406   0.12711730E+02
 8407   0.98348100E+01
 8408   0.76161100E+01
 8409   0.63761100E+01
 8410   0.31758000E+01
 8411   0.25979500E+01
 8412   0.22469100E+01
 8413   0.19711200E+01
 8414   0.19119000E+01
 8415   0.17930500E+01
 8416   0.15250200E+01
 8417   0.13144900E+01
 8418   0.11615200E+01
 8419   0.10339500E+01
 8420   0.78961000E+00
 8421   0.67004000E+00
 8422   0.62083000E+00
 8423   0.58421000E+00
 8424   0.55249000E+00
 8425   0.52369000E+00
 8426   0.55883000E+00
 8427   0.17795300E+01
 8428   0.13995500E+01
 8429   0.13058300E+01
 8430   0.14077400E+01
 8431   0.11899900E+01
 8432   0.11781100E+01
 8433   0.11140400E+01
 8434   0.10429800E+01
 8435   0.96617000E+00
 8436   0.85539000E+00
 8437   0.72869000E+00
 8438   0.63281000E+00
 8439   0.54728000E+00
 8440   0.45363000E+00
 8441   0.40042000E+00
 8442   0.36287000E+00
 8443   0.32473000E+00
 8444   0.86117000E+00
 8445   0.72257000E+00
 8446   0.32018500E+01
 8447   0.30746000E+01
 8448   0.49131100E+01
 8449   0.46786400E+01
 8450   0.34780300E+01
 8451   0.18048000E+01
 8452   0.15546800E+01
 8453   0.13333900E+01
 8454   0.11572000E+01
 8455   0.99365000E+00
 8456   0.10447600E+01
 8457   0.81499000E+00
 8458   0.66296000E+00
 8459   0.57575000E+00
 8460   0.17570400E+01
 8461   0.18904100E+01
 8462   0.15231200E+01
 8463   0.13374600E+01
 8464   0.12552800E+01
 8465   0.73691900E+01
 8466   0.14543940E+02
 8467   0.13218740E+02
 8468   0.11043850E+02
 8469   0.90016800E+01
 8470   0.72930800E+01
 8471   0.42887300E+01
 8472   0.38690700E+01
 8473   0.32986400E+01
 8474   0.92741900E+01
 8475   0.10424810E+02
 8476   0.93007200E+01
 8477   0.33099900E+02
 8478   0.63917310E+02
 8479   0.65383980E+02
 8480   0.61593900E+02
 8481   0.49117720E+02
 8482   0.33273510E+02
 8483   0.25032670E+02
 8484   0.19306640E+02
 8485   0.14358950E+02
 8486   0.10715150E+02
 8487   0.83262600E+01
 8488   0.65881600E+01
 8489   0.48536500E+01
 8490   0.40882900E+01
 8491   0.15059780E+02
 8492   0.19090700E+02
 8493   0.15262950E+02
 8494   0.11458730E+02
 8495   0.92254500E+01
 8496   0.65206000E+01
 8497   0.41715600E+01
 8498   0.31983900E+01
 8499   0.26038900E+01
 8500   0.20926000E+01
 8501   0.27178000E+01
 8502   0.22058200E+01
 8503   0.16293100E+01
 8504   0.13857000E+01
 8505   0.12389000E+01
 8506   0.11151700E+01
 8507   0.99877000E+00
 8508   0.83744000E+00
 8509   0.86976000E+00
 8510   0.71954000E+00
 8511   0.68588000E+00
 8512   0.59457000E+00
 8513   0.52322000E+00
 8514   0.45602000E+00
 8515   0.40267000E+00
 8516   0.29416800E+01
 8517   0.18945400E+01
 8518   0.15231800E+01
 8519   0.12580300E+01
 8520   0.11173000E+01
 8521   0.10104100E+01
 8522   0.81043000E+00
 8523   0.63223000E+00
 8524   0.47898000E+00
 8525   0.42152000E+00
 8526   0.60710000E+00
 8527   0.50004000E+00
 8528   0.43979000E+00
 8529   0.24055900E+01
 8530   0.21873100E+01
 8531   0.14963400E+01
 8532   0.12116400E+01
 8533   0.90922000E+00
 8534   0.12371400E+01
 8535   0.10573800E+01
 8536   0.81040000E+00
 8537   0.65799000E+00
 8538   0.50009000E+00
 8539   0.14646800E+02
 8540   0.28583300E+02
 8541   0.38912330E+02
 8542   0.27178860E+02
 8543   0.14785820E+02
 8544   0.13606090E+02
 8545   0.84997030E+02
 8546   0.66383640E+02
 8547   0.35442940E+02
 8548   0.20827440E+02
 8549   0.14023100E+02
 8550   0.10351320E+02
 8551   0.81739500E+01
 8552   0.98271300E+01
 8553   0.72496210E+02
 8554   0.19707170E+03
 8555   0.10467300E+03
 8556   0.54687910E+02
 8557   0.47617550E+02
 8558   0.97452370E+02
 8559   0.87070170E+02
 8560   0.59503460E+02
 8561   0.53522760E+02
 8562   0.56182340E+02
 8563   0.39104590E+02
 8564   0.22695090E+02
 8565   0.14692800E+02
 8566   0.10438780E+02
 8567   0.76667800E+01
 8568   0.58560400E+01
 8569   0.43200600E+01
 8570   0.35810700E+01
 8571   0.28945100E+01
 8572   0.15593990E+02
 8573   0.45646960E+02
 8574   0.59270420E+02
 8575   0.39907290E+02
 8576   0.22202380E+02
 8577   0.12095780E+02
 8578   0.73877000E+01
 8579   0.40548300E+01
 8580   0.26112800E+01
 8581   0.19227900E+01
 8582   0.19079500E+01
 8583   0.16141100E+01
 8584   0.24090000E+01
 8585   0.58655010E+02
 8586   0.26289039E+03
 8587   0.21717260E+03
 8588   0.13250933E+03
 8589   0.77406700E+02
 8590   0.48841460E+02
 8591   0.40000250E+02
 8592   0.29221150E+02
 8593   0.20526410E+02
 8594   0.13172790E+02
 8595   0.10218030E+02
 8596   0.81208000E+01
 8597   0.64820800E+01
 8598   0.51068400E+01
 8599   0.43249300E+01
 8600   0.36589900E+01
 8601   0.30521500E+01
 8602   0.24654500E+01
 8603   0.38894200E+01
 8604   0.16414140E+02
 8605   0.15953760E+02
 8606   0.13231620E+02
 8607   0.11705180E+02
 8608   0.93398600E+01
 8609   0.72084500E+01
 8610   0.59309400E+01
 8611   0.48244900E+01
 8612   0.39235100E+01
 8613   0.33736900E+01
 8614   0.45334500E+01
 8615   0.21843900E+01
 8616   0.43929400E+01
 8617   0.31685300E+01
 8618   0.24726400E+01
 8619   0.22829800E+01
 8620   0.20068200E+01
 8621   0.17436600E+01
 8622   0.14525100E+01
 8623   0.15220400E+01
 8624   0.12995400E+01
 8625   0.10439000E+01
 8626   0.98126000E+00
 8627   0.10404600E+01
 8628   0.11008500E+01
 8629   0.11261800E+01
 8630   0.11871700E+01
 8631   0.12834200E+01
 8632   0.13249600E+01
 8633   0.12918300E+01
 8634   0.12223800E+01
 8635   0.10271800E+01
 8636   0.92166000E+00
 8637   0.86472000E+00
 8638   0.85172000E+00
 8639   0.81372000E+00
 8640   0.78628000E+00
 8641   0.76716000E+00
 8642   0.72795000E+00
 8643   0.68010000E+00
 8644   0.62987000E+00
 8645   0.57810000E+00
 8646   0.52917000E+00
 8647   0.46693000E+00
 8648   0.40030000E+00
 8649   0.35322000E+00
 8650   0.31633000E+00
 8651   0.28385000E+00
 8652   0.25271000E+00
 8653   0.22048000E+00
 8654   0.18885000E+00
 8655   0.16155000E+00
 8656   0.13938000E+00
 8657   0.12159000E+00
 8658   0.10719000E+00
 8659   0.95370000E-01
 8660   0.97254700E+01
 8661   0.36062210E+02
 8662   0.86004200E+02
 8663   0.64915890E+02
 8664   0.38077930E+02
 8665   0.22499280E+02
 8666   0.11799730E+02
 8667   0.73989800E+01
 8668   0.50305500E+01
 8669   0.35190200E+01
 8670   0.27519200E+01
 8671   0.22050000E+01
 8672   0.17499400E+01
 8673   0.14676700E+01
 8674   0.12813800E+01
 8675   0.11453700E+01
 8676   0.89031000E+00
 8677   0.76280000E+00
 8678   0.71560000E+00
 8679   0.27166400E+01
 8680   0.13691460E+02
 8681   0.46709360E+02
 8682   0.43205043E+03
 8683   0.26215389E+03
 8684   0.13951283E+03
 8685   0.82312990E+02
 8686   0.52316280E+02
 8687   0.37641010E+02
 8688   0.29969900E+02
 8689   0.25377900E+02
 8690   0.24383320E+02
 8691   0.24021290E+02
 8692   0.20569670E+02
 8693   0.16282260E+02
 8694   0.12243760E+02
 8695   0.93721800E+01
 8696   0.71917900E+01
 8697   0.43032400E+01
 8698   0.35865000E+01
 8699   0.30442900E+01
 8700   0.26178100E+01
 8701   0.23035700E+01
 8702   0.19912200E+01
 8703   0.19816000E+01
 8704   0.16079300E+01
 8705   0.15113400E+01
 8706   0.18680600E+01
 8707   0.17830300E+01
 8708   0.10762060E+02
 8709   0.49097640E+02
 8710   0.84399760E+02
 8711   0.86407060E+02
 8712   0.62238420E+02
 8713   0.41859730E+02
 8714   0.28861820E+02
 8715   0.20715900E+02
 8716   0.15856310E+02
 8717   0.11082490E+02
 8718   0.10541190E+02
 8719   0.99043300E+01
 8720   0.90136200E+01
 8721   0.89813400E+01
 8722   0.78129000E+01
 8723   0.64266600E+01
 8724   0.50775900E+01
 8725   0.41061200E+01
 8726   0.33585900E+01
 8727   0.26724000E+01
 8728   0.16652700E+01
 8729   0.30065900E+01
 8730   0.86704100E+01
 8731   0.13230450E+02
 8732   0.16477750E+02
 8733   0.17709880E+02
 8734   0.16326600E+02
 8735   0.13609640E+02
 8736   0.10879120E+02
 8737   0.87442000E+01
 8738   0.52134900E+01
 8739   0.40298800E+01
 8740   0.33189900E+01
 8741   0.28538800E+01
 8742   0.24221000E+01
 8743   0.20912500E+01
 8744   0.21686000E+01
 8745   0.23302200E+01
 8746   0.23015100E+01
 8747   0.22653000E+01
 8748   0.15546900E+01
 8749   0.13885800E+01
 8750   0.13696100E+01
 8751   0.13715800E+01
 8752   0.13174000E+01
 8753   0.12295900E+01
 8754   0.11472200E+01
 8755   0.10653900E+01
 8756   0.10117400E+01
 8757   0.10552500E+01
 8758   0.10062300E+01
 8759   0.10155900E+01
 8760   0.56481100E+01
 8761   0.57279600E+01
 8762   0.45943500E+01
 8763   0.44005300E+01
 8764   0.57515300E+01
 8765   0.60010500E+01
 8766   0.47453300E+01
 8767   0.37608200E+01
 8768   0.31260800E+01
 8769   0.25238400E+01
 8770   0.20684700E+01
 8771   0.17500300E+01
 8772   0.14943700E+01
 8773   0.13431400E+01
 8774   0.12235700E+01
 8775   0.16028000E+01
 8776   0.19676800E+01
 8777   0.35825100E+01
 8778   0.88372900E+01
 8779   0.12925870E+02
 8780   0.14534670E+02
 8781   0.13487240E+02
 8782   0.11218250E+02
 8783   0.92015200E+01
 8784   0.74356900E+01
 8785   0.58357700E+01
 8786   0.45515800E+01
 8787   0.44580600E+01
 8788   0.34744200E+01
 8789   0.18332800E+01
 8790   0.16739700E+01
 8791   0.15998300E+01
 8792   0.14574300E+01
 8793   0.13166700E+01
 8794   0.11943900E+01
 8795   0.10892100E+01
 8796   0.99368000E+00
 8797   0.96451000E+00
 8798   0.99433000E+00
 8799   0.77598000E+00
 8800   0.66441000E+00
 8801   0.62067000E+00
 8802   0.57828000E+00
 8803   0.53271000E+00
 8804   0.48589000E+00
 8805   0.55355000E+00
 8806   0.23027500E+02
 8807   0.33103900E+02
 8808   0.28862810E+02
 8809   0.23035890E+02
 8810   0.16898470E+02
 8811   0.13387350E+02
 8812   0.12822830E+02
 8813   0.31094070E+02
 8814   0.32545240E+02
 8815   0.24386890E+02
 8816   0.16916040E+02
 8817   0.12182470E+02
 8818   0.92683000E+01
 8819   0.83244400E+01
 8820   0.58643400E+01
 8821   0.41415500E+01
 8822   0.35400200E+01
 8823   0.29167900E+01
 8824   0.26420200E+01
 8825   0.20871200E+01
 8826   0.17286900E+01
 8827   0.86332100E+01
 8828   0.22968880E+02
 8829   0.21218890E+02
 8830   0.13547070E+02
 8831   0.22051500E+02
 8832   0.28021180E+02
 8833   0.30571170E+02
 8834   0.26016790E+02
 8835   0.20871280E+02
 8836   0.17126340E+02
 8837   0.13956460E+02
 8838   0.11252520E+02
 8839   0.95130300E+01
 8840   0.81087100E+01
 8841   0.12072910E+02
 8842   0.23755370E+02
 8843   0.48064210E+02
 8844   0.45742680E+02
 8845   0.52110840E+02
 8846   0.47847930E+02
 8847   0.37204930E+02
 8848   0.27111970E+02
 8849   0.19849260E+02
 8850   0.14659770E+02
 8851   0.91413400E+01
 8852   0.68166100E+01
 8853   0.54468900E+01
 8854   0.42563500E+01
 8855   0.35027200E+01
 8856   0.28210300E+01
 8857   0.22524900E+01
 8858   0.19155000E+01
 8859   0.15561700E+01
 8860   0.13097300E+01
 8861   0.10008100E+01
 8862   0.79722000E+00
 8863   0.71719000E+00
 8864   0.66920000E+00
 8865   0.63192000E+00
 8866   0.59710000E+00
 8867   0.55735000E+00
 8868   0.51105000E+00
 8869   0.46632000E+00
 8870   0.42544000E+00
 8871   0.38766000E+00
 8872   0.34531000E+00
 8873   0.33574000E+00
 8874   0.27865000E+00
 8875   0.23135000E+00
 8876   0.19086000E+00
 8877   0.15983000E+00
 8878   0.13700000E+00
 8879   0.11987000E+00
 8880   0.22355000E+00
 8881   0.78681900E+01
 8882   0.94240700E+01
 8883   0.95389500E+01
 8884   0.73718100E+01
 8885   0.11481580E+02
 8886   0.11946850E+02
 8887   0.14231020E+02
 8888   0.11526350E+02
 8889   0.27426740E+02
 8890   0.31086060E+02
 8891   0.24520520E+02
 8892   0.13827840E+02
 8893   0.87525500E+01
 8894   0.80347400E+01
 8895   0.55435100E+01
 8896   0.36808400E+01
 8897   0.28009600E+01
 8898   0.22497500E+01
 8899   0.20482300E+01
 8900   0.20808200E+01
 8901   0.31659900E+01
 8902   0.48611200E+01
 8903   0.51452300E+01
 8904   0.39328100E+01
 8905   0.31654900E+01
 8906   0.38178200E+01
 8907   0.28174800E+01
 8908   0.34060800E+01
 8909   0.26120270E+02
 8910   0.27551860E+02
 8911   0.18831830E+02
 8912   0.99582800E+01
 8913   0.11010860E+02
 8914   0.27889340E+02
 8915   0.24670470E+02
 8916   0.20012000E+02
 8917   0.15751140E+02
 8918   0.13096740E+02
 8919   0.11124740E+02
 8920   0.92420000E+01
 8921   0.75497800E+01
 8922   0.49564500E+01
 8923   0.39653100E+01
 8924   0.33977800E+01
 8925   0.41949900E+01
 8926   0.37441290E+02
 8927   0.10800988E+03
 8928   0.64365410E+02
 8929   0.37664570E+02
 8930   0.28030910E+02
 8931   0.23171830E+02
 8932   0.18116650E+02
 8933   0.21228750E+02
 8934   0.16434740E+02
 8935   0.12514750E+02
 8936   0.91766100E+01
 8937   0.67837500E+01
 8938   0.53627500E+01
 8939   0.14560620E+02
 8940   0.81480043E+03
 8941   0.32920642E+03
 8942   0.19908003E+03
 8943   0.11052487E+03
 8944   0.65749760E+02
 8945   0.41981670E+02
 8946   0.27811410E+02
 8947   0.19280410E+02
 8948   0.16759650E+02
 8949   0.13997950E+02
 8950   0.99430400E+01
 8951   0.73453000E+01
 8952   0.50491000E+01
 8953   0.24888500E+01
 8954   0.20766400E+01
 8955   0.16884200E+01
 8956   0.42637400E+01
 8957   0.19588080E+02
 8958   0.55709500E+02
 8959   0.40331170E+02
 8960   0.21306210E+02
 8961   0.12018960E+02
 8962   0.75479300E+01
 8963   0.38751300E+01
 8964   0.76430000E+01
 8965   0.53150010E+02
 8966   0.58440050E+02
 8967   0.48879710E+02
 8968   0.41820720E+02
 8969   0.32445290E+02
 8970   0.24144570E+02
 8971   0.18376120E+02
 8972   0.15875380E+02
 8973   0.32654990E+02
 8974   0.83474750E+02
 8975   0.90397770E+02
 8976   0.31748994E+03
 8977   0.32707237E+03
 8978   0.23054034E+03
 8979   0.22326698E+03
 8980   0.42921323E+03
 8981   0.43818977E+03
 8982   0.24936720E+03
 8983   0.20718040E+03
 8984   0.14418933E+03
 8985   0.10633106E+03
 8986   0.65447950E+02
 8987   0.41390870E+02
 8988   0.28480880E+02
 8989   0.20478820E+02
 8990   0.14963340E+02
 8991   0.11057640E+02
 8992   0.84117400E+01
 8993   0.64207500E+01
 8994   0.33555500E+01
 8995   0.30183500E+01
 8996   0.31988200E+01
 8997   0.12750260E+02
 8998   0.11780190E+02
 8999   0.97828200E+01
 9000   0.78049700E+01
 9001   0.58936100E+01
 9002   0.40429900E+01
 9003   0.32434700E+01
 9004   0.21831400E+01
 9005   0.12083770E+02
 9006   0.44893220E+02
 9007   0.81899350E+02
 9008   0.81153200E+02
 9009   0.46303430E+02
 9010   0.27036130E+02
 9011   0.16803360E+02
 9012   0.11117360E+02
 9013   0.75776900E+01
 9014   0.53106300E+01
 9015   0.25747200E+01
 9016   0.69111600E+01
 9017   0.62150730E+02
 9018   0.14533973E+03
 9019   0.24657783E+03
 9020   0.38951861E+03
 9021   0.80747067E+03
 9022   0.20306203E+04
 9023   0.95421629E+03
 9024   0.12364495E+04
 9025   0.65311723E+03
 9026   0.29959543E+03
 9027   0.15092049E+03
 9028   0.86274380E+02
 9029   0.53863690E+02
 9030   0.36323750E+02
 9031   0.25536290E+02
 9032   0.28215960E+02
 9033   0.41010120E+02
 9034   0.24392044E+03
 9035   0.24059167E+03
 9036   0.17461922E+03
 9037   0.14929869E+03
 9038   0.11552697E+03
 9039   0.78560110E+02
 9040   0.53036450E+02
 9041   0.36215410E+02
 9042   0.25268540E+02
 9043   0.18152870E+02
 9044   0.12895360E+02
 9045   0.83063500E+01
 9046   0.65387800E+01
 9047   0.70575500E+01
 9048   0.87021000E+01
 9049   0.16613140E+02
 9050   0.30166600E+02
 9051   0.30219650E+02
 9052   0.23786720E+02
 9053   0.17983220E+02
 9054   0.13139980E+02
 9055   0.10246060E+02
 9056   0.68915100E+01
 9057   0.57091700E+01
 9058   0.99296300E+01
 9059   0.14824960E+02
 9060   0.15657860E+02
 9061   0.25344170E+02
 9062   0.39153660E+02
 9063   0.48934900E+02
 9064   0.55647970E+02
 9065   0.56496610E+02
 9066   0.43178710E+02
 9067   0.31595810E+02
 9068   0.23043730E+02
 9069   0.17536430E+02
 9070   0.12735260E+02
 9071   0.98010800E+01
 9072   0.78301700E+01
 9073   0.61438500E+01
 9074   0.57692300E+01
 9075   0.21200740E+02
 9076   0.59745780E+02
 9077   0.12592509E+03
 9078   0.91736660E+02
 9079   0.59343170E+02
 9080   0.39048810E+02
 9081   0.26974440E+02
 9082   0.19389120E+02
 9083   0.14248030E+02
 9084   0.10731430E+02
 9085   0.83527400E+01
 9086   0.46573900E+01
 9087   0.38861000E+01
 9088   0.47295500E+01
 9089   0.17480520E+02
 9090   0.32582030E+02
 9091   0.68609820E+02
 9092   0.11232390E+03
 9093   0.13750315E+03
 9094   0.18589146E+03
 9095   0.17186714E+03
 9096   0.11703405E+03
 9097   0.71164250E+02
 9098   0.46691900E+02
 9099   0.32218540E+02
 9100   0.22912210E+02
 9101   0.17077220E+02
 9102   0.12721920E+02
 9103   0.99350300E+01
 9104   0.79124600E+01
 9105   0.63102400E+01
 9106   0.46720500E+01
 9107   0.24767700E+01
 9108   0.22209400E+01
 9109   0.19141900E+01
 9110   0.21465000E+01
 9111   0.59637800E+01
 9112   0.57278400E+01
 9113   0.40243100E+01
 9114   0.34523300E+01
 9115   0.28592900E+01
 9116   0.22751600E+01
 9117   0.14197500E+01
 9118   0.11792400E+01
 9119   0.10388600E+01
 9120   0.91770000E+00
 9121   0.90689700E+01
 9122   0.30466000E+02
 9123   0.44256570E+02
 9124   0.54753390E+02
 9125   0.50769330E+02
 9126   0.37626300E+02
 9127   0.25136940E+02
 9128   0.19053730E+02
 9129   0.14043070E+02
 9130   0.10726340E+02
 9131   0.85260900E+01
 9132   0.68762100E+01
 9133   0.53882800E+01
 9134   0.42592700E+01
 9135   0.35404000E+01
 9136   0.28973800E+01
 9137   0.23676300E+01
 9138   0.14723800E+01
 9139   0.12298700E+01
 9140   0.11196400E+01
 9141   0.13314700E+01
 9142   0.16010400E+01
 9143   0.13412800E+01
 9144   0.11654300E+01
 9145   0.10540200E+01
 9146   0.96865000E+00
 9147   0.81368000E+00
 9148   0.67438000E+00
 9149   0.57910000E+00
 9150   0.52509000E+00
 9151   0.47433000E+00
 9152   0.43543000E+00
 9153   0.40241000E+00
 9154   0.37358000E+00
 9155   0.34688000E+00
 9156   0.32876000E+00
 9157   0.32562000E+00
 9158   0.34235000E+00
 9159   0.39630000E+00
 9160   0.37048000E+00
 9161   0.33876000E+00
 9162   0.33162000E+00
 9163   0.35624000E+00
 9164   0.35950000E+00
 9165   0.33726000E+00
 9166   0.30918000E+00
 9167   0.30997000E+00
 9168   0.29756000E+00
 9169   0.96257000E+00
 9170   0.91403000E+00
 9171   0.10498700E+01
 9172   0.10958600E+01
 9173   0.12943900E+01
 9174   0.15326300E+01
 9175   0.33807500E+01
 9176   0.35114300E+01
 9177   0.31455900E+01
 9178   0.27427500E+01
 9179   0.16514900E+01
 9180   0.13621700E+01
 9181   0.12379100E+01
 9182   0.11559600E+01
 9183   0.10694000E+01
 9184   0.10048800E+01
 9185   0.15812000E+01
 9186   0.13788300E+01
 9187   0.12079700E+01
 9188   0.10703900E+01
 9189   0.82111000E+00
 9190   0.69523000E+00
 9191   0.61977000E+00
 9192   0.54694000E+00
 9193   0.47293000E+00
 9194   0.42062000E+00
 9195   0.15252600E+01
 9196   0.89470000E+00
 9197   0.72898000E+00
 9198   0.76855000E+00
 9199   0.17015470E+02
 9200   0.32103800E+02
 9201   0.35336550E+02
 9202   0.23383550E+02
 9203   0.14508660E+02
 9204   0.97446400E+01
 9205   0.67656600E+01
 9206   0.44022300E+01
 9207   0.29921900E+01
 9208   0.21740400E+01
 9209   0.13711600E+01
 9210   0.11193800E+01
 9211   0.99024000E+00
 9212   0.76400000E+00
 9213   0.66159000E+00
 9214   0.74411000E+00
 9215   0.99169900E+01
 9216   0.43316630E+02
 9217   0.49763990E+02
 9218   0.51623770E+02
 9219   0.47838900E+02
 9220   0.36252340E+02
 9221   0.41093030E+02
 9222   0.51146410E+02
 9223   0.45735280E+02
 9224   0.32167980E+02
 9225   0.22584110E+02
 9226   0.17079010E+02
 9227   0.13262640E+02
 9228   0.10784170E+02
 9229   0.12949920E+02
 9230   0.88561800E+01
 9231   0.68085600E+01
 9232   0.55330200E+01
 9233   0.41713300E+01
 9234   0.33481600E+01
 9235   0.26018000E+01
 9236   0.21562700E+01
 9237   0.17598400E+01
 9238   0.14443200E+01
 9239   0.12346700E+01
 9240   0.96429000E+00
 9241   0.91158000E+00
 9242   0.24336540E+02
 9243   0.30114110E+02
 9244   0.29922930E+02
 9245   0.25897410E+02
 9246   0.40424000E+02
 9247   0.66530030E+02
 9248   0.49616150E+02
 9249   0.30565740E+02
 9250   0.76799710E+02
 9251   0.14945835E+03
 9252   0.87490350E+02
 9253   0.71409400E+02
 9254   0.53471240E+02
 9255   0.36737890E+02
 9256   0.25496570E+02
 9257   0.18349350E+02
 9258   0.13124690E+02
 9259   0.97576300E+01
 9260   0.73803000E+01
 9261   0.54013200E+01
 9262   0.40771800E+01
 9263   0.31009500E+01
 9264   0.24910900E+01
 9265   0.23528800E+01
 9266   0.18309100E+01
 9267   0.14583000E+01
 9268   0.12434500E+01
 9269   0.10859200E+01
 9270   0.94201000E+00
 9271   0.72827000E+00
 9272   0.63254000E+00
 9273   0.58101000E+00
 9274   0.53456000E+00
 9275   0.48992000E+00
 9276   0.44593000E+00
 9277   0.40616000E+00
 9278   0.37725000E+00
 9279   0.16832700E+01
 9280   0.13147500E+01
 9281   0.10220800E+01
 9282   0.78142000E+00
 9283   0.65732000E+00
 9284   0.79999000E+00
 9285   0.63035000E+00
 9286   0.51674000E+00
 9287   0.88351000E+00
 9288   0.41188840E+02
 9289   0.10581060E+03
 9290   0.61092710E+02
 9291   0.31199120E+02
 9292   0.31312020E+02
 9293   0.31458640E+02
 9294   0.23294820E+02
 9295   0.17344730E+02
 9296   0.12899870E+02
 9297   0.89949200E+01
 9298   0.16138680E+02
 9299   0.26024820E+03
 9300   0.20492954E+03
 9301   0.19975883E+03
 9302   0.14786748E+03
 9303   0.97114060E+02
 9304   0.61917690E+02
 9305   0.56876030E+02
 9306   0.76495970E+02
 9307   0.57466870E+02
 9308   0.39008850E+02
 9309   0.24754552E+03
 9310   0.51652688E+03
 9311   0.29565416E+03
 9312   0.14532553E+03
 9313   0.83091040E+02
 9314   0.52706370E+02
 9315   0.10354830E+03
 9316   0.36804212E+03
 9317   0.26850875E+03
 9318   0.16933502E+03
 9319   0.13369584E+03
 9320   0.72404590E+02
 9321   0.42097940E+02
 9322   0.24626570E+02
 9323   0.17119020E+02
 9324   0.14140650E+02
 9325   0.22748750E+02
 9326   0.23846090E+02
 9327   0.49682520E+02
 9328   0.72597667E+03
 9329   0.71902165E+03
 9330   0.48678356E+03
 9331   0.36884441E+03
 9332   0.23106422E+03
 9333   0.12785564E+03
 9334   0.76332730E+02
 9335   0.55383510E+02
 9336   0.63518400E+02
 9337   0.86060290E+02
 9338   0.80782590E+02
 9339   0.58084050E+02
 9340   0.43021130E+02
 9341   0.30956720E+02
 9342   0.21719310E+02
 9343   0.14142400E+02
 9344   0.10385400E+02
 9345   0.82711700E+01
 9346   0.66854500E+01
 9347   0.52275100E+01
 9348   0.40594100E+01
 9349   0.32580200E+01
 9350   0.88211100E+01
 9351   0.30227220E+02
 9352   0.24928770E+02
 9353   0.13517660E+02
 9354   0.77703300E+01
 9355   0.40869300E+01
 9356   0.24156600E+01
 9357   0.17180000E+01
 9358   0.13551600E+01
 9359   0.11643300E+01
 9360   0.10297700E+01
 9361   0.85865000E+00
 9362   0.76706000E+00
 9363   0.68860000E+00
 9364   0.61897000E+00
 9365   0.57747000E+00
 9366   0.67128000E+00
 9367   0.55586000E+00
 9368   0.46965000E+00
 9369   0.39712000E+00
 9370   0.33842000E+00
 9371   0.28631000E+00
 9372   0.24268000E+00
 9373   0.20747000E+00
 9374   0.17922000E+00
 9375   0.15640000E+00
 9376   0.13793000E+00
 9377   0.16715000E+00
 9378   0.41620200E+01
 9379   0.32069110E+02
 9380   0.24863450E+03
 9381   0.20641922E+03
 9382   0.13119792E+03
 9383   0.10421650E+03
 9384   0.83852620E+02
 9385   0.61945200E+02
 9386   0.43997190E+02
 9387   0.33093280E+02
 9388   0.23720780E+02
 9389   0.17743530E+02
 9390   0.14483880E+02
 9391   0.21042260E+02
 9392   0.30197970E+02
 9393   0.26684190E+02
 9394   0.22097800E+02
 9395   0.19667370E+02
 9396   0.14807590E+02
 9397   0.10668300E+02
 9398   0.79001800E+01
 9399   0.58378300E+01
 9400   0.40271800E+01
 9401   0.30367100E+01
 9402   0.22730400E+01
 9403   0.17645900E+01
 9404   0.12538500E+01
 9405   0.10505000E+01
 9406   0.94319000E+00
 9407   0.81644000E+00
 9408   0.75298000E+00
 9409   0.69324000E+00
 9410   0.63261000E+00
 9411   0.75224800E+01
 9412   0.55373060E+02
 9413   0.44029845E+03
 9414   0.60844765E+03
 9415   0.48544525E+03
 9416   0.38582451E+03
 9417   0.23780354E+03
 9418   0.14189165E+03
 9419   0.86865720E+02
 9420   0.55447790E+02
 9421   0.46999260E+02
 9422   0.40052300E+02
 9423   0.38443730E+02
 9424   0.53306930E+02
 9425   0.11596873E+03
 9426   0.15133742E+03
 9427   0.11958377E+03
 9428   0.90549990E+02
 9429   0.69535830E+02
 9430   0.55699680E+02
 9431   0.40623410E+02
 9432   0.29468730E+02
 9433   0.21529160E+02
 9434   0.16241030E+02
 9435   0.10670540E+02
 9436   0.83807500E+01
 9437   0.67369300E+01
 9438   0.51939300E+01
 9439   0.41191900E+01
 9440   0.33505700E+01
 9441   0.27573800E+01
 9442   0.22386700E+01
 9443   0.18097300E+01
 9444   0.14850800E+01
 9445   0.11084700E+01
 9446   0.91620000E+00
 9447   0.82017000E+00
 9448   0.73978000E+00
 9449   0.68440000E+00
 9450   0.13093500E+01
 9451   0.12322700E+01
 9452   0.33795000E+01
 9453   0.87382300E+01
 9454   0.71629500E+02
 9455   0.98471670E+02
 9456   0.74721460E+02
 9457   0.51267220E+02
 9458   0.36510270E+02
 9459   0.28828570E+02
 9460   0.23366700E+02
 9461   0.18480310E+02
 9462   0.14818490E+02
 9463   0.11750910E+02
 9464   0.94974000E+01
 9465   0.79020100E+01
 9466   0.48083700E+01
 9467   0.40890000E+01
 9468   0.11301220E+02
 9469   0.12067670E+02
 9470   0.13323880E+02
 9471   0.11817060E+02
 9472   0.90866100E+01
 9473   0.67183400E+01
 9474   0.48152500E+01
 9475   0.34852100E+01
 9476   0.20762500E+01
 9477   0.21396000E+01
 9478   0.35178700E+01
 9479   0.69868300E+01
 9480   0.11351160E+02
 9481   0.16544430E+02
 9482   0.19697270E+02
 9483   0.18641480E+02
 9484   0.15520420E+02
 9485   0.12202260E+02
 9486   0.81889400E+01
 9487   0.66163200E+01
 9488   0.58792600E+01
 9489   0.48010500E+01
 9490   0.39047900E+01
 9491   0.33170200E+01
 9492   0.27874500E+01
 9493   0.23335100E+01
 9494   0.19529300E+01
 9495   0.16075900E+01
 9496   0.11792400E+01
 9497   0.10122500E+01
 9498   0.91245000E+00
 9499   0.83036000E+00
 9500   0.10189900E+01
 9501   0.85867000E+00
 9502   0.75542000E+00
 9503   0.67987000E+00
 9504   0.64046000E+00
 9505   0.60383000E+00
 9506   0.56491000E+00
 9507   0.56167000E+00
 9508   0.47610000E+00
 9509   0.40634000E+00
 9510   0.35700000E+00
 9511   0.31709000E+00
 9512   0.28214000E+00
 9513   0.24669000E+00
 9514   0.20969000E+00
 9515   0.76764000E+00
 9516   0.55371800E+01
 9517   0.41736000E+01
 9518   0.93703600E+01
 9519   0.12591040E+02
 9520   0.10594520E+02
 9521   0.81550200E+01
 9522   0.62671200E+01
 9523   0.45062100E+01
 9524   0.34771900E+01
 9525   0.30827200E+01
 9526   0.30208900E+01
 9527   0.19766200E+01
 9528   0.20734600E+01
 9529   0.19730100E+01
 9530   0.29146000E+01
 9531   0.30649200E+01
 9532   0.24539600E+01
 9533   0.38281700E+01
 9534   0.31978300E+01
 9535   0.28154400E+01
 9536   0.27670600E+01
 9537   0.16199100E+01
 9538   0.13231100E+01
 9539   0.11545300E+01
 9540   0.14642500E+01
 9541   0.35341900E+01
 9542   0.30890400E+01
 9543   0.23658400E+01
 9544   0.19453800E+01
 9545   0.16151400E+01
 9546   0.13692800E+01
 9547   0.11920900E+01
 9548   0.86131000E+00
 9549   0.65576000E+00
 9550   0.55748000E+00
 9551   0.45897000E+00
 9552   0.39945000E+00
 9553   0.35816000E+00
 9554   0.32632000E+00
 9555   0.11043100E+01
 9556   0.48473800E+01
 9557   0.75107500E+01
 9558   0.46367000E+01
 9559   0.33203900E+01
 9560   0.60455900E+01
 9561   0.69268600E+01
 9562   0.52178200E+01
 9563   0.39106400E+01
 9564   0.28582200E+01
 9565   0.21587600E+01
 9566   0.16499000E+01
 9567   0.13510100E+01
 9568   0.98535000E+00
 9569   0.74990000E+00
 9570   0.64653000E+00
 9571   0.51495000E+00
 9572   0.64725000E+00
 9573   0.53571000E+00
 9574   0.61515900E+01
 9575   0.89711200E+01
 9576   0.82584500E+01
 9577   0.20948580E+02
 9578   0.26543650E+02
 9579   0.23372400E+02
 9580   0.17429660E+02
 9581   0.14076880E+02
 9582   0.12423610E+02
 9583   0.10755190E+02
 9584   0.89250700E+01
 9585   0.72266800E+01
 9586   0.56242000E+01
 9587   0.45749500E+01
 9588   0.36882200E+01
 9589   0.20680700E+01
 9590   0.21110400E+01
 9591   0.20411000E+01
 9592   0.21647800E+01
 9593   0.19223400E+01
 9594   0.17710100E+01
 9595   0.18631200E+01
 9596   0.16443100E+01
 9597   0.14953100E+01
 9598   0.12560500E+01
 9599   0.13422800E+01
 9600   0.75959000E+01
 9601   0.13144590E+02
 9602   0.11018060E+02
 9603   0.79116100E+01
 9604   0.47489900E+01
 9605   0.46011700E+01
 9606   0.33424000E+01
 9607   0.23825600E+01
 9608   0.20183500E+01
 9609   0.16269600E+01
 9610   0.13254900E+01
 9611   0.11472100E+01
 9612   0.10108200E+01
 9613   0.94322000E+00
 9614   0.99572000E+00
 9615   0.11131500E+01
 9616   0.12134600E+01
 9617   0.15405600E+02
 9618   0.16895970E+02
 9619   0.12445470E+02
 9620   0.94449800E+01
 9621   0.69661100E+01
 9622   0.53113600E+01
 9623   0.43128200E+01
 9624   0.37173200E+01
 9625   0.31201800E+01
 9626   0.25764200E+01
 9627   0.21053700E+01
 9628   0.17405200E+01
 9629   0.14532800E+01
 9630   0.11301800E+01
 9631   0.44371300E+01
 9632   0.24767940E+02
 9633   0.24784280E+02
 9634   0.16562660E+02
 9635   0.11948030E+02
 9636   0.12276570E+02
 9637   0.12582630E+02
 9638   0.92117500E+01
 9639   0.60286000E+01
 9640   0.37236300E+01
 9641   0.27595400E+01
 9642   0.18028700E+01
 9643   0.13788200E+01
 9644   0.79193700E+01
 9645   0.30926523E+03
 9646   0.32160591E+03
 9647   0.17440124E+03
 9648   0.10139077E+03
 9649   0.89656270E+02
 9650   0.60092050E+02
 9651   0.39507820E+02
 9652   0.27429780E+02
 9653   0.20960530E+02
 9654   0.14921740E+02
 9655   0.10998830E+02
 9656   0.83538700E+01
 9657   0.72431600E+01
 9658   0.58358700E+01
 9659   0.67317900E+02
 9660   0.51200340E+02
 9661   0.32723880E+02
 9662   0.19313280E+02
 9663   0.12365390E+02
 9664   0.16745720E+02
 9665   0.20524310E+02
 9666   0.16175910E+02
 9667   0.10795270E+02
 9668   0.69551100E+01
 9669   0.57993200E+01
 9670   0.73193200E+01
 9671   0.41666100E+01
 9672   0.32809700E+01
 9673   0.24570600E+01
 9674   0.18575200E+01
 9675   0.14548600E+01
 9676   0.12045700E+01
 9677   0.11462200E+01
 9678   0.17799640E+03
 9679   0.19869512E+03
 9680   0.14891234E+03
 9681   0.91272530E+02
 9682   0.61355250E+02
 9683   0.56723680E+02
 9684   0.82980120E+02
 9685   0.92973660E+02
 9686   0.99540240E+02
 9687   0.10353461E+03
 9688   0.78856550E+02
 9689   0.58623430E+02
 9690   0.42249330E+02
 9691   0.27910850E+02
 9692   0.20106770E+02
 9693   0.14780460E+02
 9694   0.12193770E+02
 9695   0.13074970E+02
 9696   0.93194400E+01
 9697   0.69415800E+01
 9698   0.47325800E+01
 9699   0.34383500E+01
 9700   0.25287600E+01
 9701   0.15841200E+01
 9702   0.13825300E+01
 9703   0.12627900E+01
 9704   0.11630900E+01
 9705   0.10686600E+01
 9706   0.99055000E+00
 9707   0.28502600E+01
 9708   0.22202600E+01
 9709   0.18069500E+01
 9710   0.13737800E+01
 9711   0.11824000E+01
 9712   0.90290000E+00
 9713   0.73746000E+00
 9714   0.63824000E+00
 9715   0.34709400E+01
 9716   0.67956300E+01
 9717   0.67606000E+01
 9718   0.49260900E+01
 9719   0.34113600E+01
 9720   0.21767300E+01
 9721   0.15272100E+01
 9722   0.10755600E+01
 9723   0.93866000E+00
 9724   0.38046300E+01
 9725   0.25756100E+01
 9726   0.18774100E+01
 9727   0.14431400E+01
 9728   0.11925700E+01
 9729   0.98615000E+00
 9730   0.70243000E+00
 9731   0.61279000E+00
 9732   0.13507800E+01
 9733   0.11046600E+01
 9734   0.90761000E+00
 9735   0.76960000E+00
 9736   0.65475000E+00
 9737   0.27380000E+01
 9738   0.18494600E+01
 9739   0.15161300E+01
 9740   0.12743000E+01
 9741   0.11685800E+01
 9742   0.94643000E+00
 9743   0.85821000E+00
 9744   0.38848300E+01
 9745   0.53390200E+01
 9746   0.38540600E+01
 9747   0.28487700E+01
 9748   0.22102000E+01
 9749   0.27832900E+01
 9750   0.20158000E+01
 9751   0.15340600E+01
 9752   0.12696500E+01
 9753   0.98131000E+00
 9754   0.82944000E+00
 9755   0.79094000E+00
 9756   0.16116400E+01
 9757   0.10675500E+01
 9758   0.95453000E+00
 9759   0.83185000E+00
 9760   0.76772000E+00
 9761   0.70986000E+00
 9762   0.64804000E+00
 9763   0.58001000E+00
 9764   0.56345000E+00
 9765   0.59918000E+00
 9766   0.54318000E+00
 9767   0.56282000E+00
 9768   0.62746000E+00
 9769   0.68962000E+00
 9770   0.71694000E+00
 9771   0.71404000E+00
 9772   0.69338000E+00
 9773   0.63430000E+00
 9774   0.56707000E+00
 9775   0.54165000E+00
 9776   0.52470000E+00
 9777   0.48799000E+00
 9778   0.44460000E+00
 9779   0.40420000E+00
 9780   0.45801000E+00
 9781   0.40890000E+00
 9782   0.38749000E+00
 9783   0.43718000E+00
 9784   0.46462000E+00
 9785   0.42734000E+00
 9786   0.41005000E+00
 9787   0.45323000E+00
 9788   0.52787000E+00
 9789   0.54084000E+00
 9790   0.53598000E+00
 9791   0.49819000E+00
 9792   0.43897000E+00
 9793   0.38897000E+00
 9794   0.35149000E+00
 9795   0.32201000E+00
 9796   0.29433000E+00
 9797   0.27133000E+00
 9798   0.25415000E+00
 9799   0.24093000E+00
 9800   0.44135000E+00
 9801   0.32210700E+01
 9802   0.30738900E+01
 9803   0.73184800E+01
 9804   0.54800940E+02
 9805   0.57418610E+02
 9806   0.43753390E+02
 9807   0.32456160E+02
 9808   0.24495150E+02
 9809   0.18980770E+02
 9810   0.14794740E+02
 9811   0.11593030E+02
 9812   0.92766700E+01
 9813   0.73563800E+01
 9814   0.40001500E+01
 9815   0.37152600E+01
 9816   0.50082100E+01
 9817   0.43172400E+01
 9818   0.53014600E+01
 9819   0.71334800E+01
 9820   0.92101800E+01
 9821   0.98426000E+01
 9822   0.91323600E+01
 9823   0.77471400E+01
 9824   0.45585200E+01
 9825   0.39217600E+01
 9826   0.33055300E+01
 9827   0.27306700E+01
 9828   0.23366100E+01
 9829   0.20879800E+01
 9830   0.23638300E+01
 9831   0.27867500E+01
 9832   0.28195700E+01
 9833   0.26752000E+01
 9834   0.25442200E+01
 9835   0.17263100E+01
 9836   0.16156200E+01
 9837   0.15377300E+01
 9838   0.14100000E+01
 9839   0.12965300E+01
 9840   0.12002100E+01
 9841   0.11090800E+01
 9842   0.10207000E+01
 9843   0.93136000E+00
 9844   0.79737000E+00
 9845   0.12136100E+01
 9846   0.79439000E+00
 9847   0.71714000E+00
 9848   0.65248000E+00
 9849   0.62223000E+00
 9850   0.59058000E+00
 9851   0.48695000E+01
 9852   0.48043900E+01
 9853   0.36575200E+01
 9854   0.29925900E+01
 9855   0.18604000E+01
 9856   0.28687300E+01
 9857   0.44603800E+01
 9858   0.56438900E+01
 9859   0.49505800E+01
 9860   0.36238600E+01
 9861   0.26652400E+01
 9862   0.21392800E+01
 9863   0.16158200E+01
 9864   0.12837700E+01
 9865   0.93367000E+00
 9866   0.77645000E+00
 9867   0.63687000E+00
 9868   0.47085000E+00
 9869   0.36913000E+00
 9870   0.31866000E+00
 9871   0.98404200E+01
 9872   0.35049190E+02
 9873   0.34877270E+02
 9874   0.25659900E+02
 9875   0.22217370E+02
 9876   0.18274420E+02
 9877   0.14920110E+02
 9878   0.12412300E+02
 9879   0.98641200E+01
 9880   0.79260000E+01
 9881   0.63723700E+01
 9882   0.48189200E+01
 9883   0.47731800E+01
 9884   0.17811860E+02
 9885   0.55195170E+02
 9886   0.58762750E+02
 9887   0.70523020E+02
 9888   0.53110900E+02
 9889   0.44430670E+02
 9890   0.37369690E+02
 9891   0.30555040E+02
 9892   0.25337410E+02
 9893   0.20997590E+02
 9894   0.17122870E+02
 9895   0.13440120E+02
 9896   0.89721900E+01
 9897   0.71469800E+01
 9898   0.65926800E+01
 9899   0.51786100E+01
 9900   0.40467500E+01
 9901   0.33209500E+01
 9902   0.73588200E+01
 9903   0.22288720E+02
 9904   0.20590800E+02
 9905   0.16338350E+02
 9906   0.11334590E+02
 9907   0.10433670E+02
 9908   0.82841100E+01
 9909   0.63205400E+01
 9910   0.48347200E+01
 9911   0.41334400E+01
 9912   0.35271100E+01
 9913   0.14291640E+02
 9914   0.19454780E+02
 9915   0.16284260E+02
 9916   0.12539290E+02
 9917   0.83141300E+01
 9918   0.64279400E+01
 9919   0.49920800E+01
 9920   0.41224800E+01
 9921   0.35496100E+01
 9922   0.30300000E+01
 9923   0.25164200E+01
 9924   0.20800000E+01
 9925   0.17749400E+01
 9926   0.19431400E+01
 9927   0.13159600E+01
 9928   0.10948200E+01
 9929   0.97208000E+00
 9930   0.83975000E+00
 9931   0.76895000E+00
 9932   0.69320000E+00
 9933   0.63062000E+00
 9934   0.82624900E+01
 9935   0.12829100E+02
 9936   0.11016710E+02
 9937   0.88551000E+01
 9938   0.23628870E+02
 9939   0.24139520E+02
 9940   0.17464890E+02
 9941   0.11052080E+02
 9942   0.74117400E+01
 9943   0.56033200E+01
 9944   0.46678700E+01
 9945   0.15612760E+02
 9946   0.16522190E+02
 9947   0.53046360E+02
 9948   0.10916203E+03
 9949   0.86071620E+02
 9950   0.74482290E+02
 9951   0.54829050E+02
 9952   0.37363100E+02
 9953   0.25753260E+02
 9954   0.18628680E+02
 9955   0.13511400E+02
 9956   0.11917820E+02
 9957   0.96302400E+01
 9958   0.54790700E+01
 9959   0.37666000E+01
 9960   0.30709200E+01
 9961   0.24486000E+01
 9962   0.20226100E+01
 9963   0.16655300E+01
 9964   0.13964700E+01
 9965   0.37337900E+01
 9966   0.27970200E+01
 9967   0.21221300E+01
 9968   0.13782500E+01
 9969   0.11518600E+01
 9970   0.10113200E+01
 9971   0.84257000E+00
 9972   0.71329000E+00
 9973   0.62385000E+00
 9974   0.54860000E+00
 9975   0.47562000E+00
 9976   0.42436000E+00
 9977   0.38549000E+00
 9978   0.35006000E+00
 9979   0.31386000E+00
 9980   0.27137000E+00
 9981   0.23813000E+00
 9982   0.21869000E+00
 9983   0.21453000E+00
 9984   0.46637500E+01
 9985   0.39284100E+01
 9986   0.29701400E+01
 9987   0.23732700E+01
 9988   0.15062900E+01
 9989   0.12309900E+01
 9990   0.10513500E+01
 9991   0.78592000E+00
 9992   0.64351000E+00
 9993   0.53359000E+00
 9994   0.56896000E+00
 9995   0.91718400E+01
 9996   0.23160530E+02
 9997   0.20075130E+02
 9998   0.12890950E+02
 9999   0.10046340E+02
10000   0.68738300E+01
10001   0.39136600E+01
10002   0.59596000E+01
10003   0.29018950E+02
10004   0.28388930E+02
10005   0.21823890E+02
10006   0.14950400E+02
10007   0.11560120E+02
10008   0.98297300E+01
10009   0.74482700E+01
10010   0.64713200E+01
10011   0.63474000E+01
10012   0.52832700E+01
10013   0.11049884E+03
10014   0.16964059E+03
10015   0.13988427E+03
10016   0.12599462E+03
10017   0.78070770E+02
10018   0.54248070E+02
10019   0.37069740E+02
10020   0.27602650E+02
10021   0.12788219E+03
10022   0.21782330E+03
10023   0.23647432E+03
10024   0.56680241E+03
10025   0.38973444E+03
10026   0.21015269E+03
10027   0.12041087E+03
10028   0.85308030E+02
10029   0.10170644E+03
10030   0.55269922E+03
10031   0.42029328E+03
10032   0.27060632E+03
10033   0.14598528E+03
10034   0.10793935E+03
10035   0.81912040E+02
10036   0.51515750E+02
10037   0.32450160E+02
10038   0.12015200E+03
10039   0.24996014E+03
10040   0.14366018E+03
10041   0.10589985E+03
10042   0.69527570E+02
10043   0.66052970E+02
10044   0.12604270E+03
10045   0.80810830E+02
10046   0.47244770E+02
10047   0.31156950E+02
10048   0.22348800E+02
10049   0.16529120E+02
10050   0.10681510E+02
10051   0.84367700E+01
10052   0.69301400E+01
10053   0.49430400E+01
10054   0.37369400E+01
10055   0.29225700E+01
10056   0.23093300E+01
10057   0.17382800E+01
10058   0.13744800E+01
10059   0.11584900E+01
10060   0.88642000E+00
10061   0.73277000E+00
10062   0.67721000E+00
10063   0.63276000E+00
10064   0.58948000E+00
10065   0.54664000E+00
10066   0.54491000E+00
10067   0.73043600E+01
10068   0.87302100E+01
10069   0.96940300E+01
10070   0.82123600E+01
10071   0.69292100E+01
10072   0.48733500E+01
10073   0.26836000E+01
10074   0.16830200E+01
10075   0.12858500E+01
10076   0.10658500E+01
10077   0.77390000E+00
10078   0.64416000E+00
10079   0.50394000E+00
10080   0.39217000E+00
10081   0.39417000E+00
10082   0.68631000E+00
10083   0.59142000E+00
10084   0.10838700E+01
10085   0.31273600E+01
10086   0.26338100E+01
10087   0.21213100E+01
10088   0.15581800E+01
10089   0.12684400E+01
10090   0.11583600E+01
10091   0.81775000E+00
10092   0.69546000E+00
10093   0.24309100E+01
10094   0.69431400E+01
10095   0.20502090E+02
10096   0.26551320E+02
10097   0.20297020E+02
10098   0.14970230E+02
10099   0.10807330E+02
10100   0.80250800E+01
10101   0.45627200E+01
10102   0.37911800E+01
10103   0.35380200E+01
10104   0.32700700E+01
10105   0.32177800E+01
10106   0.12419510E+02
10107   0.12471030E+02
10108   0.10917140E+02
10109   0.89440000E+01
10110   0.70919100E+01
10111   0.39844200E+01
10112   0.38368300E+01
10113   0.34936100E+01
10114   0.29784600E+01
10115   0.25401300E+01
10116   0.22303900E+01
10117   0.19342800E+01
10118   0.17492200E+01
10119   0.16994330E+02
10120   0.42534120E+02
10121   0.12408427E+03
10122   0.12934117E+03
10123   0.14752354E+03
10124   0.15018037E+03
10125   0.11082416E+03
10126   0.16317934E+03
10127   0.11623226E+03
10128   0.77412900E+02
10129   0.58174070E+02
10130   0.56203700E+02
10131   0.10611803E+03
10132   0.90641850E+02
10133   0.57109650E+02
10134   0.40228330E+02
10135   0.29714590E+02
10136   0.21754250E+02
10137   0.16065770E+02
10138   0.11763130E+02
10139   0.92394600E+01
10140   0.11976360E+02
10141   0.86522300E+01
10142   0.50818800E+01
10143   0.38320600E+01
10144   0.31496600E+01
10145   0.25359900E+01
10146   0.20824700E+01
10147   0.23130700E+01
10148   0.26507600E+01
10149   0.55026600E+01
10150   0.22740950E+02
10151   0.69709350E+02
10152   0.91678130E+02
10153   0.10530669E+03
10154   0.93391190E+02
10155   0.73644030E+02
10156   0.53540830E+02
10157   0.38331640E+02
10158   0.27509780E+02
10159   0.19974070E+02
10160   0.14557080E+02
10161   0.10730080E+02
10162   0.82455800E+01
10163   0.45735600E+01
10164   0.36122500E+01
10165   0.29634000E+01
10166   0.23635700E+01
10167   0.19250300E+01
10168   0.16118600E+01
10169   0.13652300E+01
10170   0.47485800E+01
10171   0.53855240E+02
10172   0.23848871E+03
10173   0.16991633E+03
10174   0.10546051E+03
10175   0.69765410E+02
10176   0.50733180E+02
10177   0.49160460E+02
10178   0.55273280E+02
10179   0.82645670E+02
10180   0.11271205E+03
10181   0.91344870E+02
10182   0.61149410E+02
10183   0.39773770E+02
10184   0.28719300E+02
10185   0.21269780E+02
10186   0.16149690E+02
10187   0.12257530E+02
10188   0.95545100E+01
10189   0.76385300E+01
10190   0.60395900E+01
10191   0.45534600E+01
10192   0.37210700E+01
10193   0.28981200E+01
10194   0.23860400E+01
10195   0.19280500E+01
10196   0.16065900E+01
10197   0.25498110E+02
10198   0.36147620E+02
10199   0.26278200E+02
10200   0.17235860E+02
10201   0.12148580E+02
10202   0.93716000E+01
10203   0.11198660E+02
10204   0.10192890E+02
10205   0.94329300E+01
10206   0.88337900E+01
10207   0.14006270E+02
10208   0.13834440E+02
10209   0.12649630E+02
10210   0.10977790E+02
10211   0.92404700E+01
10212   0.75861700E+01
10213   0.61512900E+01
10214   0.31345000E+01
10215   0.28100400E+01
10216   0.51044900E+01
10217   0.39333100E+01
10218   0.28693700E+01
10219   0.22809100E+01
10220   0.19580500E+01
10221   0.19058100E+01
10222   0.14854300E+01
10223   0.12205000E+01
10224   0.91103000E+00
10225   0.71505000E+00
10226   0.64962000E+00
10227   0.60247000E+00
10228   0.14004900E+01
10229   0.11412400E+01
10230   0.21706000E+01
10231   0.13980800E+01
10232   0.12251300E+01
10233   0.10622900E+01
10234   0.78689000E+00
10235   0.65584000E+00
10236   0.55802000E+00
10237   0.54031000E+00
10238   0.42804000E+00
10239   0.36391000E+00
10240   0.32682000E+00
10241   0.30662000E+00
10242   0.28465000E+00
10243   0.25964000E+00
10244   0.23525000E+00
10245   0.21279000E+00
10246   0.19212000E+00
10247   0.17308000E+00
10248   0.15571000E+00
10249   0.78355800E+01
10250   0.32342320E+02
10251   0.31861200E+02
10252   0.25127570E+02
10253   0.21589640E+02
10254   0.17007920E+02
10255   0.11226350E+02
10256   0.91051800E+01
10257   0.78721000E+01
10258   0.13568830E+02
10259   0.26708030E+02
10260   0.22809120E+02
10261   0.18224510E+02
10262   0.15314770E+02
10263   0.12574590E+02
10264   0.98689500E+01
10265   0.63121100E+01
10266   0.43799800E+01
10267   0.37356700E+01
10268   0.32018500E+01
10269   0.28438800E+01
10270   0.24096400E+01
10271   0.11626890E+02
10272   0.21694560E+02
10273   0.19798090E+02
10274   0.21092390E+02
10275   0.18390380E+02
10276   0.13569830E+02
10277   0.91351700E+01
10278   0.68200500E+01
10279   0.56537500E+01
10280   0.47864700E+01
10281   0.41076800E+01
10282   0.35565800E+01
10283   0.31733300E+01
10284   0.27994800E+01
10285   0.26069600E+01
10286   0.21432000E+01
10287   0.56070200E+01
10288   0.74098700E+01
10289   0.92124800E+01
10290   0.11798760E+02
10291   0.12468920E+02
10292   0.11532340E+02
10293   0.98046800E+01
10294   0.92395200E+01
10295   0.16192120E+02
10296   0.10160000E+02
10297   0.74292500E+01
10298   0.57649700E+01
10299   0.40052800E+01
10300   0.29972500E+01
10301   0.23361400E+01
10302   0.20130000E+01
10303   0.22204700E+01
10304   0.18857800E+01
10305   0.21851600E+01
10306   0.21343900E+01
10307   0.16584700E+01
10308   0.13952700E+01
10309   0.17722830E+02
10310   0.32086130E+02
10311   0.23946240E+02
10312   0.17376150E+02
10313   0.24693660E+02
10314   0.23221540E+02
10315   0.22945260E+02
10316   0.19139560E+02
10317   0.14996740E+02
10318   0.11016710E+02
10319   0.80552200E+01
10320   0.61619900E+01
10321   0.45334000E+01
10322   0.36942400E+01
10323   0.30247800E+01
10324   0.72605600E+01
10325   0.94627000E+01
10326   0.73114600E+01
10327   0.78266800E+01
10328   0.50021600E+01
10329   0.32887400E+01
10330   0.24187600E+01
10331   0.20240400E+01
10332   0.19414400E+01
10333   0.34720200E+01
10334   0.38367200E+01
10335   0.32824100E+01
10336   0.27150000E+01
10337   0.16627200E+01
10338   0.13938300E+01
10339   0.11979300E+01
10340   0.10608900E+01
10341   0.87981000E+00
10342   0.44048300E+01
10343   0.13886370E+02
10344   0.15776290E+02
10345   0.12313940E+02
10346   0.10585160E+02
10347   0.84333700E+01
10348   0.66947600E+01
10349   0.19590410E+02
10350   0.40836410E+02
10351   0.30315720E+02
10352   0.17696460E+02
10353   0.10776760E+02
10354   0.71231000E+01
10355   0.44837200E+01
10356   0.31953100E+01
10357   0.18640100E+01
10358   0.15934300E+01
10359   0.14679300E+01
10360   0.13338000E+01
10361   0.11928700E+01
10362   0.10730300E+01
10363   0.97872000E+00
10364   0.86240000E+00
10365   0.75310000E+00
10366   0.68419000E+00
10367   0.16190700E+01
10368   0.59374600E+01
10369   0.13638400E+02
10370   0.14394620E+02
10371   0.11802540E+02
10372   0.89396700E+01
10373   0.54988100E+01
10374   0.39826500E+01
10375   0.25774200E+01
10376   0.43245900E+01
10377   0.35916300E+02
10378   0.34573530E+02
10379   0.26082950E+02
10380   0.24806560E+02
10381   0.24198130E+02
10382   0.30836410E+02
10383   0.32323560E+02
10384   0.24399290E+02
10385   0.17541360E+02
10386   0.12328370E+02
10387   0.90663900E+01
10388   0.56512300E+01
10389   0.43693800E+01
10390   0.83153300E+01
10391   0.21387926E+03
10392   0.34473831E+03
10393   0.22032650E+03
10394   0.11849863E+03
10395   0.90800780E+02
10396   0.69693410E+02
10397   0.43860100E+02
10398   0.25544090E+02
10399   0.16884680E+02
10400   0.12011650E+02
10401   0.41260690E+02
10402   0.92572220E+02
10403   0.62793790E+02
10404   0.33778480E+02
10405   0.19306240E+02
10406   0.12499370E+02
10407   0.87660300E+01
10408   0.75972700E+01
10409   0.51859800E+01
10410   0.34075700E+01
10411   0.26758200E+01
10412   0.22540100E+01
10413   0.36701400E+01
10414   0.27042100E+01
10415   0.20032200E+01
10416   0.15675700E+01
10417   0.13417000E+01
10418   0.11666500E+01
10419   0.90089000E+00
10420   0.75689000E+00
10421   0.68188000E+00
10422   0.68592000E+00
10423   0.59467000E+00
10424   0.52301000E+00
10425   0.46373000E+00
10426   0.49468000E+00
10427   0.10214900E+01
10428   0.15427500E+01
10429   0.65181400E+01
10430   0.12413890E+02
10431   0.14731520E+02
10432   0.13698980E+02
10433   0.11471870E+02
10434   0.96262000E+01
10435   0.78628500E+01
10436   0.62894100E+01
10437   0.44892600E+01
10438   0.34111100E+01
10439   0.19534800E+01
10440   0.55421100E+01
10441   0.13109530E+02
10442   0.12510640E+02
10443   0.96408300E+01
10444   0.63840700E+01
10445   0.33820600E+01
10446   0.21766700E+01
10447   0.15550000E+01
10448   0.12559000E+01
10449   0.10712200E+01
10450   0.79325000E+00
10451   0.65265000E+00
10452   0.58058000E+00
10453   0.51088000E+00
10454   0.95440000E+00
10455   0.79103000E+00
10456   0.68330000E+00
10457   0.61718000E+00
10458   0.70791000E+00
10459   0.64118000E+00
10460   0.14251130E+02
10461   0.12086871E+03
10462   0.10240670E+03
10463   0.64038530E+02
10464   0.44538710E+02
10465   0.34202740E+02
10466   0.25973290E+02
10467   0.19566540E+02
10468   0.14756820E+02
10469   0.12101090E+02
10470   0.12397470E+02
10471   0.14464010E+02
10472   0.19972540E+03
10473   0.18278310E+04
10474   0.55542578E+03
10475   0.23288410E+03
10476   0.12012045E+03
10477   0.71849160E+02
10478   0.50187750E+02
10479   0.57121060E+02
10480   0.16482186E+03
10481   0.15395803E+03
10482   0.11406406E+03
10483   0.75672480E+02
10484   0.49584470E+02
10485   0.35007140E+02
10486   0.27518330E+02
10487   0.20160960E+02
10488   0.14772700E+02
10489   0.10912900E+02
10490   0.84734900E+01
10491   0.51281400E+01
10492   0.45437500E+01
10493   0.48968100E+01
10494   0.59132500E+01
10495   0.69047200E+01
10496   0.79613900E+01
10497   0.14260560E+02
10498   0.22963540E+02
10499   0.33522520E+02
10500   0.56099320E+02
10501   0.91155680E+02
10502   0.16985643E+03
10503   0.51960831E+03
10504   0.10208458E+04
10505   0.48424335E+03
10506   0.22362857E+03
10507   0.11977205E+03
10508   0.71678910E+02
10509   0.45808790E+02
10510   0.30809650E+02
10511   0.20466450E+02
10512   0.15475430E+02
10513   0.12310050E+02
10514   0.33656700E+02
10515   0.22582504E+03
10516   0.33055470E+03
10517   0.20539499E+03
10518   0.11819351E+03
10519   0.72482670E+02
10520   0.47426430E+02
10521   0.30956500E+02
10522   0.22977450E+02
10523   0.17399270E+02
10524   0.13407800E+02
10525   0.10737500E+02
10526   0.96245200E+01
10527   0.85031100E+01
10528   0.79265200E+01
10529   0.74384900E+01
10530   0.66991100E+01
10531   0.57949300E+01
10532   0.35443600E+01
10533   0.33999200E+01
10534   0.30413300E+01
10535   0.25457400E+01
10536   0.21730000E+01
10537   0.19250600E+01
10538   0.17678600E+01
10539   0.15853400E+01
10540   0.15466200E+01
10541   0.21254600E+01
10542   0.34806540E+02
10543   0.44108141E+03
10544   0.32290771E+03
10545   0.19469453E+03
10546   0.13008557E+03
10547   0.10756523E+03
10548   0.11026974E+03
10549   0.12645207E+03
10550   0.10917804E+03
10551   0.79085870E+02
10552   0.57522180E+02
10553   0.42750010E+02
10554   0.32389910E+02
10555   0.24284580E+02
10556   0.18695450E+02
10557   0.14265190E+02
10558   0.11022240E+02
10559   0.87599200E+01
10560   0.70002000E+01
10561   0.54230500E+01
10562   0.27994700E+01
10563   0.25848500E+01
10564   0.23049700E+01
10565   0.19240100E+01
10566   0.31646800E+01
10567   0.29239900E+01
10568   0.25508800E+01
10569   0.26582800E+01
10570   0.30108300E+01
10571   0.30646800E+01
10572   0.28997500E+01
10573   0.18218900E+01
10574   0.16883200E+01
10575   0.16481300E+01
10576   0.15978300E+01
10577   0.16073700E+01
10578   0.15035400E+01
10579   0.18433900E+01
10580   0.32913600E+01
10581   0.26186700E+01
10582   0.19763600E+01
10583   0.13296800E+01
10584   0.31698600E+01
10585   0.23394800E+01
10586   0.17494800E+01
10587   0.14808900E+01
10588   0.13298500E+01
10589   0.11881900E+01
10590   0.10772200E+01
10591   0.97735000E+00
10592   0.84819000E+00
10593   0.66775000E+00
10594   0.23058800E+01
10595   0.23408400E+01
10596   0.18637400E+01
10597   0.15201800E+01
10598   0.13214800E+01
10599   0.11969800E+01
10600   0.10766200E+01
10601   0.94271000E+00
10602   0.75586000E+00
10603   0.65379000E+00
10604   0.56888000E+00
10605   0.23643200E+01
10606   0.76976700E+01
10607   0.98746000E+01
10608   0.97056600E+01
10609   0.71009200E+01
10610   0.42970000E+01
10611   0.26727200E+01
10612   0.18141700E+01
10613   0.13716500E+01
10614   0.15557180E+02
10615   0.23609160E+02
10616   0.20266100E+02
10617   0.15787970E+02
10618   0.13402660E+02
10619   0.12439960E+02
10620   0.11344470E+02
10621   0.97963500E+01
10622   0.81137500E+01
10623   0.83980300E+01
10624   0.73691200E+01
10625   0.53195800E+01
10626   0.69889500E+01
10627   0.31806490E+02
10628   0.49020990E+02
10629   0.44985180E+02
10630   0.44360720E+02
10631   0.40620550E+02
10632   0.32056060E+02
10633   0.23706750E+02
10634   0.15456330E+02
10635   0.11147090E+02
10636   0.88165300E+01
10637   0.75088000E+01
10638   0.90604200E+01
10639   0.75778300E+01
10640   0.57885400E+01
10641   0.43631500E+01
10642   0.66783900E+01
10643   0.20622870E+02
10644   0.18022970E+02
10645   0.17734080E+02
10646   0.20335260E+02
10647   0.18953670E+02
10648   0.14225020E+02
10649   0.10931640E+02
10650   0.87891500E+01
10651   0.74813400E+01
10652   0.60497300E+01
10653   0.45695600E+01
10654   0.80384700E+01
10655   0.12230840E+02
10656   0.11573220E+02
10657   0.99686100E+01
10658   0.90196400E+01
10659   0.77104600E+01
10660   0.65211400E+01
10661   0.63837600E+01
10662   0.70272000E+01
10663   0.72409900E+01
10664   0.72073200E+01
10665   0.47214600E+01
10666   0.44791000E+01
10667   0.50506500E+01
10668   0.39961500E+01
10669   0.33320600E+01
10670   0.27792300E+01
10671   0.23807700E+01
10672   0.20766500E+01
10673   0.18033500E+01
10674   0.15605900E+01
10675   0.11513200E+01
10676   0.99414000E+00
10677   0.90238000E+00
10678   0.84516000E+00
10679   0.80462000E+00
10680   0.74642000E+00
10681   0.69248000E+00
10682   0.64833000E+00
10683   0.60211000E+00
10684   0.55579000E+00
10685   0.50849000E+00
10686   0.95667500E+01
10687   0.16260990E+02
10688   0.11986780E+02
10689   0.81298800E+01
10690   0.49949400E+01
10691   0.29070000E+01
10692   0.18858900E+01
10693   0.15105400E+01
10694   0.12135000E+01
10695   0.10417100E+01
10696   0.10450400E+01
10697   0.79017000E+00
10698   0.68429000E+00
10699   0.59354000E+00
10700   0.47963000E+00
10701   0.40107000E+00
10702   0.45773600E+01
10703   0.52327200E+01
10704   0.34342500E+01
10705   0.28007100E+01
10706   0.17203000E+01
10707   0.13750900E+01
10708   0.11668600E+01
10709   0.10519550E+02
10710   0.16891400E+02
10711   0.13519610E+02
10712   0.11992660E+02
10713   0.22638740E+02
10714   0.20378390E+02
10715   0.14319800E+02
10716   0.78863600E+01
10717   0.42588800E+01
10718   0.28189900E+01
10719   0.47568600E+01
10720   0.34512800E+01
10721   0.26337000E+01
10722   0.20050000E+01
10723   0.16276500E+01
10724   0.23227300E+01
10725   0.29622840E+02
10726   0.27842810E+02
10727   0.22337140E+02
10728   0.16442510E+02
10729   0.14443220E+02
10730   0.14384290E+02
10731   0.13410630E+02
10732   0.10599510E+02
10733   0.83455600E+01
10734   0.68257500E+01
10735   0.48634300E+01
10736   0.36135000E+01
10737   0.19225700E+01
10738   0.15193800E+01
10739   0.16736000E+01
10740   0.13417300E+01
10741   0.11656100E+01
10742   0.10726900E+01
10743   0.54089500E+01
10744   0.95612800E+01
10745   0.20398770E+02
10746   0.27661830E+02
10747   0.10764085E+03
10748   0.12967472E+03
10749   0.11161633E+03
10750   0.80462990E+02
10751   0.52238000E+02
10752   0.34863710E+02
10753   0.24274630E+02
10754   0.17663780E+02
10755   0.12777140E+02
10756   0.10074160E+02
10757   0.13797460E+02
10758   0.16837610E+02
10759   0.14365560E+02
10760   0.11084130E+02
10761   0.80648300E+01
10762   0.70236800E+01
10763   0.15701871E+03
10764   0.96484970E+02
10765   0.64463270E+02
10766   0.53279530E+02
10767   0.36574000E+02
10768   0.26470350E+02
10769   0.18562020E+02
10770   0.13064260E+02
10771   0.98986900E+01
10772   0.92265600E+01
10773   0.31364830E+02
10774   0.39618400E+02
10775   0.26979730E+02
10776   0.15691210E+02
10777   0.96150100E+01
10778   0.40242500E+01
10779   0.26399600E+01
10780   0.19727100E+01
10781   0.15848400E+01
10782   0.13702300E+01
10783   0.12275600E+01
10784   0.11020800E+01
10785   0.98901000E+00
10786   0.85282000E+00
10787   0.13127700E+02
10788   0.12502170E+02
10789   0.11522800E+02
10790   0.88197000E+01
10791   0.64097400E+01
10792   0.44117900E+01
10793   0.35208100E+01
10794   0.29849400E+01
10795   0.83080400E+01
10796   0.35528420E+02
10797   0.20527302E+03
10798   0.12912043E+03
10799   0.79363520E+02
10800   0.51336690E+02
10801   0.35756420E+02
10802   0.25294150E+02
10803   0.18818060E+02
10804   0.14152500E+02
10805   0.11250560E+02
10806   0.14579700E+02
10807   0.18151038E+03
10808   0.33310277E+03
10809   0.18005734E+03
10810   0.10458958E+03
10811   0.71555890E+02
10812   0.54939410E+02
10813   0.43656050E+02
10814   0.34447390E+02
10815   0.26454770E+02
10816   0.20453640E+02
10817   0.15650880E+02
10818   0.11934050E+02
10819   0.99870700E+01
10820   0.19667350E+02
10821   0.29105950E+02
10822   0.28768830E+02
10823   0.20172630E+02
10824   0.12347230E+02
10825   0.93697000E+01
10826   0.10545830E+02
10827   0.27420050E+02
10828   0.10781824E+03
10829   0.10846530E+03
10830   0.74083760E+02
10831   0.49833960E+02
10832   0.34327000E+02
10833   0.24633030E+02
10834   0.18203270E+02
10835   0.13378670E+02
10836   0.10193640E+02
10837   0.78162200E+01
10838   0.58313300E+01
10839   0.32434200E+01
10840   0.33280100E+01
10841   0.25901700E+01
10842   0.26429000E+01
10843   0.19787400E+01
10844   0.15177200E+01
10845   0.12713000E+01
10846   0.11069500E+01
10847   0.97411000E+00
10848   0.84875000E+00
10849   0.11197400E+01
10850   0.60972100E+01
10851   0.10015930E+02
10852   0.75988460E+02
10853   0.10014428E+03
10854   0.68447300E+02
10855   0.44976350E+02
10856   0.31032870E+02
10857   0.21912270E+02
10858   0.16289780E+02
10859   0.37433460E+02
10860   0.34267070E+02
10861   0.30313980E+02
10862   0.28338850E+02
10863   0.27531120E+02
10864   0.25058620E+02
10865   0.21180660E+02
10866   0.23979560E+02
10867   0.22709980E+02
10868   0.17011300E+02
10869   0.12652450E+02
10870   0.81576300E+01
10871   0.62522800E+01
10872   0.49141400E+01
10873   0.40974500E+01
10874   0.40734200E+01
10875   0.33835600E+01
10876   0.27615100E+01
10877   0.24701600E+01
10878   0.22135700E+01
10879   0.19262500E+01
10880   0.13732900E+01
10881   0.11868700E+01
10882   0.10937800E+01
10883   0.10295400E+01
10884   0.98804000E+00
10885   0.96424000E+00
10886   0.92233000E+00
10887   0.85959000E+00
10888   0.80710000E+00
10889   0.74025000E+00
10890   0.66122000E+00
10891   0.57865000E+00
10892   0.15715500E+01
10893   0.10451200E+01
10894   0.86231000E+00
10895   0.76812000E+00
10896   0.70415000E+00
10897   0.27530400E+01
10898   0.53135900E+01
10899   0.14099260E+02
10900   0.51107840E+02
10901   0.10871449E+03
10902   0.12216895E+03
10903   0.98274030E+02
10904   0.85202040E+02
10905   0.94874810E+02
10906   0.12115369E+03
10907   0.10500204E+03
10908   0.78139590E+02
10909   0.58960720E+02
10910   0.47171610E+02
10911   0.59254090E+02
10912   0.88963320E+02
10913   0.12881365E+03
10914   0.95657250E+02
10915   0.63291760E+02
10916   0.42406290E+02
10917   0.29682670E+02
10918   0.21479560E+02
10919   0.17275750E+02
10920   0.13731130E+02
10921   0.97154300E+01
10922   0.83598800E+01
10923   0.12320410E+02
10924   0.11469420E+02
10925   0.10229610E+02
10926   0.93750900E+01
10927   0.81941800E+01
10928   0.70394700E+01
10929   0.60588000E+01
10930   0.50678400E+01
10931   0.28534400E+01
10932   0.28506300E+01
10933   0.26246700E+01
10934   0.23203800E+01
10935   0.20653000E+01
10936   0.18355800E+01
10937   0.15796900E+01
10938   0.14084900E+01
10939   0.12952100E+01
10940   0.11638400E+01
10941   0.10749400E+01
10942   0.87934000E+00
10943   0.79851000E+00
10944   0.77870000E+00
10945   0.76811000E+00
10946   0.74799000E+00
10947   0.70107000E+00
10948   0.66332000E+00
10949   0.81373000E+00
10950   0.30894100E+01
10951   0.69810500E+01
10952   0.18891880E+02
10953   0.31039510E+02
10954   0.33485540E+02
10955   0.32973100E+02
10956   0.29325910E+02
10957   0.23501750E+02
