    1   0.44357000E+00
    2   0.71237000E+00
    3   0.12683600E+01
    4   0.15202500E+01
    5   0.13941100E+01
    6   0.14289500E+01
    7   0.26320700E+01
    8   0.39627800E+01
    9   0.64668000E+01
   10   0.10922580E+02
   11   0.13484360E+02
   12   0.13758070E+02
   13   0.96725200E+01
   14   0.59660000E+01
   15   0.37406600E+01
   16   0.25174800E+01
   17   0.18488200E+01
   18   0.14168600E+01
   19   0.11094400E+01
   20   0.88174000E+00
   21   0.68169000E+00
   22   0.53088000E+00
   23   0.44055000E+00
   24   0.38108000E+00
   25   0.32923000E+00
   26   0.28560000E+00
   27   0.23590000E+00
   28   0.21051000E+00
   29   0.15414000E+00
   30   0.11093000E+00
   31   0.82500000E-01
   32   0.63460000E-01
   33   0.50250000E-01
   34   0.40770000E-01
   35   0.33750000E-01
   36   0.28410000E-01
   37   0.24370000E-01
   38   0.21453000E+00
   39   0.24021000E+00
   40   0.26544000E+00
   41   0.27377000E+00
   42   0.30901000E+00
   43   0.31095000E+00
   44   0.30581000E+00
   45   0.29421000E+00
   46   0.27447000E+00
   47   0.25906000E+00
   48   0.24343000E+00
   49   0.22445000E+00
   50   0.21051000E+00
   51   0.19618000E+00
   52   0.18090000E+00
   53   0.15623000E+00
   54   0.12264000E+00
   55   0.87200000E-01
   56   0.14616800E+01
   57   0.10450170E+02
   58   0.36104870E+02
   59   0.29184380E+02
   60   0.18634090E+02
   61   0.11170920E+02
   62   0.67809600E+01
   63   0.57567600E+01
   64   0.46524700E+01
   65   0.41727100E+01
   66   0.35079800E+01
   67   0.28049900E+01
   68   0.21599700E+01
   69   0.16717500E+01
   70   0.13136300E+01
   71   0.10560600E+01
   72   0.86020000E+00
   73   0.69960000E+00
   74   0.55234000E+00
   75   0.45356000E+00
   76   0.46176000E+00
   77   0.43687000E+00
   78   0.40307000E+00
   79   0.13725000E+01
   80   0.34036500E+01
   81   0.80963500E+01
   82   0.10091090E+02
   83   0.73206400E+01
   84   0.47380600E+01
   85   0.30913000E+01
   86   0.21506800E+01
   87   0.15379300E+01
   88   0.11485400E+01
   89   0.93907000E+00
   90   0.79500000E+00
   91   0.64852000E+00
   92   0.62633000E+00
   93   0.29486900E+01
   94   0.24919840E+02
   95   0.31283220E+02
   96   0.18611270E+02
   97   0.10899040E+02
   98   0.75258900E+01
   99   0.54216200E+01
  100   0.41944800E+01
  101   0.32878900E+01
  102   0.25645900E+01
  103   0.21256800E+01
  104   0.61379400E+01
  105   0.58807690E+02
  106   0.12860467E+03
  107   0.79094810E+02
  108   0.10583158E+03
  109   0.13604726E+03
  110   0.12618526E+03
  111   0.78091640E+02
  112   0.65405480E+02
  113   0.42093370E+02
  114   0.22474460E+02
  115   0.12282990E+02
  116   0.69553900E+01
  117   0.45158200E+01
  118   0.30135700E+01
  119   0.21844500E+01
  120   0.16529600E+01
  121   0.12759300E+01
  122   0.10066300E+01
  123   0.79507000E+00
  124   0.62451000E+00
  125   0.48868000E+00
  126   0.40122000E+00
  127   0.34883000E+00
  128   0.29576000E+00
  129   0.24448000E+00
  130   0.19726000E+00
  131   0.12363000E+00
  132   0.10190000E+00
  133   0.34566000E+00
  134   0.66759000E+00
  135   0.94957000E+00
  136   0.11943300E+01
  137   0.14538200E+01
  138   0.13578200E+01
  139   0.13191700E+01
  140   0.14455900E+01
  141   0.73786400E+01
  142   0.67759960E+02
  143   0.77677760E+02
  144   0.64112470E+02
  145   0.52329160E+02
  146   0.45509990E+02
  147   0.68624250E+02
  148   0.46230090E+02
  149   0.29883680E+02
  150   0.19860400E+02
  151   0.13421270E+02
  152   0.34714150E+02
  153   0.24628741E+03
  154   0.13976193E+03
  155   0.17461846E+03
  156   0.12241854E+03
  157   0.24448453E+03
  158   0.28437909E+03
  159   0.17969208E+03
  160   0.16751103E+03
  161   0.16881445E+03
  162   0.76009080E+02
  163   0.16178651E+03
  164   0.87975890E+02
  165   0.92528590E+02
  166   0.22615057E+03
  167   0.37771231E+03
  168   0.34874405E+03
  169   0.30415135E+03
  170   0.16760935E+03
  171   0.10088469E+03
  172   0.66817980E+02
  173   0.35832010E+02
  174   0.20092840E+02
  175   0.13073460E+02
  176   0.96435500E+01
  177   0.78624400E+01
  178   0.99521600E+01
  179   0.28809160E+02
  180   0.66698690E+02
  181   0.43076750E+02
  182   0.23376590E+02
  183   0.13633810E+02
  184   0.12784720E+02
  185   0.12537740E+02
  186   0.20998160E+02
  187   0.77927310E+02
  188   0.89762650E+02
  189   0.46629190E+02
  190   0.23390180E+02
  191   0.12862920E+02
  192   0.80890900E+01
  193   0.69975700E+01
  194   0.19925730E+02
  195   0.91362250E+02
  196   0.82546550E+02
  197   0.79894640E+02
  198   0.21674156E+03
  199   0.35576925E+03
  200   0.32896417E+03
  201   0.14498082E+03
  202   0.95740730E+02
  203   0.63154700E+02
  204   0.36494030E+02
  205   0.26799050E+02
  206   0.29362040E+02
  207   0.38261550E+02
  208   0.54037370E+02
  209   0.69660090E+02
  210   0.77618610E+02
  211   0.88632880E+02
  212   0.82536680E+02
  213   0.60414160E+02
  214   0.47118280E+02
  215   0.33859270E+02
  216   0.20335190E+02
  217   0.11802700E+02
  218   0.72348300E+01
  219   0.45486400E+01
  220   0.38250800E+01
  221   0.32333300E+01
  222   0.26950400E+01
  223   0.38670370E+02
  224   0.13961594E+03
  225   0.78165530E+02
  226   0.43773270E+02
  227   0.23651630E+02
  228   0.14404870E+02
  229   0.94376500E+01
  230   0.67779800E+01
  231   0.72877000E+01
  232   0.10506100E+02
  233   0.16777900E+02
  234   0.17460760E+02
  235   0.12722520E+02
  236   0.80635100E+01
  237   0.49796400E+01
  238   0.31151000E+01
  239   0.20960000E+01
  240   0.15391500E+01
  241   0.18195700E+01
  242   0.24224000E+01
  243   0.34010100E+01
  244   0.40742300E+01
  245   0.20343390E+02
  246   0.28387050E+02
  247   0.15019360E+02
  248   0.84000700E+01
  249   0.49654400E+01
  250   0.35035100E+01
  251   0.36019300E+01
  252   0.44765000E+01
  253   0.47066500E+01
  254   0.36353400E+01
  255   0.25135900E+01
  256   0.17693500E+01
  257   0.13007100E+01
  258   0.98107000E+00
  259   0.75494000E+00
  260   0.59319000E+00
  261   0.46543000E+00
  262   0.38392000E+00
  263   0.31051000E+00
  264   0.22540000E+00
  265   0.13125000E+00
  266   0.83350000E-01
  267   0.59340000E-01
  268   0.44970000E-01
  269   0.35510000E-01
  270   0.28890000E-01
  271   0.26190000E-01
  272   0.29120000E-01
  273   0.31170000E-01
  274   0.30060000E-01
  275   0.27310000E-01
  276   0.24160000E-01
  277   0.21160000E-01
  278   0.18490000E-01
  279   0.16200000E-01
  280   0.14260000E-01
  281   0.12630000E-01
  282   0.11240000E-01
  283   0.10070000E-01
  284   0.90600000E-02
  285   0.82000000E-02
  286   0.74600000E-02
  287   0.68100000E-02
  288   0.62500000E-02
  289   0.87400000E-02
  290   0.38649000E+00
  291   0.48405000E+00
  292   0.54416000E+00
  293   0.58793000E+00
  294   0.68950000E+00
  295   0.10565300E+01
  296   0.11047400E+01
  297   0.11419900E+01
  298   0.10900600E+01
  299   0.93815000E+00
  300   0.77495000E+00
  301   0.63994000E+00
  302   0.52021000E+00
  303   0.43648000E+00
  304   0.35793000E+00
  305   0.29048000E+00
  306   0.18659000E+00
  307   0.90930000E-01
  308   0.58530000E-01
  309   0.42220000E-01
  310   0.32530000E-01
  311   0.26170000E-01
  312   0.21690000E-01
  313   0.18380000E-01
  314   0.15840000E-01
  315   0.13840000E-01
  316   0.12220000E-01
  317   0.10890000E-01
  318   0.97800000E-02
  319   0.88500000E-02
  320   0.25563000E+00
  321   0.75847800E+01
  322   0.32827780E+02
  323   0.25895620E+02
  324   0.14792940E+02
  325   0.86768500E+01
  326   0.52265800E+01
  327   0.33462300E+01
  328   0.22962500E+01
  329   0.16521900E+01
  330   0.12221300E+01
  331   0.92852000E+00
  332   0.70786000E+00
  333   0.54762000E+00
  334   0.44618000E+00
  335   0.37017000E+00
  336   0.29969000E+00
  337   0.20805000E+00
  338   0.97070000E-01
  339   0.60410000E-01
  340   0.42650000E-01
  341   0.32380000E-01
  342   0.25770000E-01
  343   0.21190000E-01
  344   0.17850000E-01
  345   0.15310000E-01
  346   0.13320000E-01
  347   0.11730000E-01
  348   0.10440000E-01
  349   0.93600000E-02
  350   0.84500000E-02
  351   0.76800000E-02
  352   0.70200000E-02
  353   0.64400000E-02
  354   0.59400000E-02
  355   0.61100000E-02
  356   0.77900000E-02
  357   0.79100000E-02
  358   0.75400000E-02
  359   0.73200000E-02
  360   0.72500000E-02
  361   0.72800000E-02
  362   0.73600000E-02
  363   0.74300000E-02
  364   0.74600000E-02
  365   0.74300000E-02
  366   0.73400000E-02
  367   0.72000000E-02
  368   0.70000000E-02
  369   0.67800000E-02
  370   0.65300000E-02
  371   0.62600000E-02
  372   0.59900000E-02
  373   0.57200000E-02
  374   0.54500000E-02
  375   0.51900000E-02
  376   0.49400000E-02
  377   0.47000000E-02
  378   0.44800000E-02
  379   0.14035100E+01
  380   0.63573000E+01
  381   0.15519700E+02
  382   0.13637230E+02
  383   0.87436600E+01
  384   0.53294600E+01
  385   0.33747700E+01
  386   0.23149200E+01
  387   0.16669800E+01
  388   0.12670300E+01
  389   0.98848000E+00
  390   0.77535000E+00
  391   0.60462000E+00
  392   0.50572000E+00
  393   0.20956700E+01
  394   0.59915900E+01
  395   0.18666740E+02
  396   0.14940040E+02
  397   0.92863000E+01
  398   0.56712300E+01
  399   0.36931200E+01
  400   0.25587300E+01
  401   0.18759400E+01
  402   0.14079600E+01
  403   0.10773300E+01
  404   0.83303000E+00
  405   0.65038000E+00
  406   0.51312000E+00
  407   0.44026000E+00
  408   0.37824000E+00
  409   0.32860000E+00
  410   0.28407000E+00
  411   0.21910000E+00
  412   0.12333000E+00
  413   0.78430000E-01
  414   0.55740000E-01
  415   0.42240000E-01
  416   0.33420000E-01
  417   0.27270000E-01
  418   0.22790000E-01
  419   0.19420000E-01
  420   0.16830000E-01
  421   0.24280000E-01
  422   0.55227000E+00
  423   0.12340700E+01
  424   0.25178900E+01
  425   0.35794400E+01
  426   0.35386900E+01
  427   0.28271800E+01
  428   0.21416100E+01
  429   0.16282800E+01
  430   0.12512800E+01
  431   0.96410000E+00
  432   0.74775000E+00
  433   0.62545000E+00
  434   0.63335000E+00
  435   0.10603700E+01
  436   0.74878100E+01
  437   0.31543790E+02
  438   0.24572920E+02
  439   0.14127830E+02
  440   0.82939400E+01
  441   0.49699100E+01
  442   0.31479300E+01
  443   0.21473400E+01
  444   0.15537800E+01
  445   0.35058400E+01
  446   0.10834510E+02
  447   0.22517000E+02
  448   0.28722320E+02
  449   0.24907340E+02
  450   0.16728640E+02
  451   0.10156750E+02
  452   0.63745300E+01
  453   0.48273600E+01
  454   0.43910100E+01
  455   0.59474700E+01
  456   0.81909100E+01
  457   0.89350000E+01
  458   0.71127300E+01
  459   0.49035300E+01
  460   0.32813100E+01
  461   0.23079900E+01
  462   0.16893700E+01
  463   0.12719400E+01
  464   0.99442000E+00
  465   0.78930000E+00
  466   0.61612000E+00
  467   0.48277000E+00
  468   0.41194000E+00
  469   0.34119000E+00
  470   0.27865000E+00
  471   0.15342000E+00
  472   0.81300000E-01
  473   0.53670000E-01
  474   0.39230000E-01
  475   0.30490000E-01
  476   0.24680000E-01
  477   0.20550000E-01
  478   0.17480000E-01
  479   0.15110000E-01
  480   0.13230000E-01
  481   0.11720000E-01
  482   0.10690000E-01
  483   0.13430000E-01
  484   0.13030000E-01
  485   0.13280000E-01
  486   0.14690000E-01
  487   0.16080000E-01
  488   0.16720000E-01
  489   0.16630000E-01
  490   0.16050000E-01
  491   0.15180000E-01
  492   0.14190000E-01
  493   0.13180000E-01
  494   0.12180000E-01
  495   0.11240000E-01
  496   0.10370000E-01
  497   0.95800000E-02
  498   0.15980000E-01
  499   0.20148800E+01
  500   0.62365700E+01
  501   0.10431310E+02
  502   0.88793000E+01
  503   0.62279200E+01
  504   0.46695900E+01
  505   0.36637600E+01
  506   0.42452500E+01
  507   0.86685200E+01
  508   0.14799330E+02
  509   0.11918330E+02
  510   0.90644600E+01
  511   0.25513240E+02
  512   0.82381200E+02
  513   0.51601560E+02
  514   0.41469390E+02
  515   0.42831870E+02
  516   0.10787319E+03
  517   0.79720880E+02
  518   0.91340670E+02
  519   0.74557720E+02
  520   0.35985050E+02
  521   0.18203000E+02
  522   0.10075370E+02
  523   0.58258900E+01
  524   0.35983200E+01
  525   0.23390500E+01
  526   0.16699200E+01
  527   0.12129800E+01
  528   0.18878400E+01
  529   0.51667000E+01
  530   0.23482670E+02
  531   0.39885300E+02
  532   0.31150060E+02
  533   0.53988020E+02
  534   0.14549027E+03
  535   0.13280836E+03
  536   0.67921320E+02
  537   0.44560540E+02
  538   0.44683930E+02
  539   0.38707960E+02
  540   0.34737680E+02
  541   0.30037410E+02
  542   0.52980380E+02
  543   0.96328080E+02
  544   0.55108990E+02
  545   0.26492940E+02
  546   0.14759690E+02
  547   0.10507580E+02
  548   0.16363640E+02
  549   0.31796870E+02
  550   0.28556640E+02
  551   0.46452080E+02
  552   0.26762418E+03
  553   0.98600310E+02
  554   0.45620780E+02
  555   0.33961840E+02
  556   0.42671440E+02
  557   0.78326720E+02
  558   0.92154340E+02
  559   0.11135836E+03
  560   0.66082900E+02
  561   0.33728700E+02
  562   0.19712360E+02
  563   0.12116770E+02
  564   0.74649500E+01
  565   0.46572400E+01
  566   0.46160900E+01
  567   0.50377100E+01
  568   0.57215100E+01
  569   0.58092300E+01
  570   0.49099800E+01
  571   0.36654400E+01
  572   0.25397000E+01
  573   0.18477900E+01
  574   0.19461500E+01
  575   0.16242100E+01
  576   0.14846800E+01
  577   0.12849100E+01
  578   0.10377200E+01
  579   0.81688000E+00
  580   0.84450000E+00
  581   0.74093000E+00
  582   0.14492100E+01
  583   0.35806100E+01
  584   0.59584300E+01
  585   0.54594800E+01
  586   0.53925800E+01
  587   0.45146400E+01
  588   0.36452700E+01
  589   0.25523000E+01
  590   0.18051200E+01
  591   0.13264300E+01
  592   0.10541600E+01
  593   0.17029400E+01
  594   0.20071500E+01
  595   0.49694300E+01
  596   0.67851900E+01
  597   0.65218900E+01
  598   0.46794000E+01
  599   0.31798300E+01
  600   0.44582200E+01
  601   0.56637900E+01
  602   0.68989300E+01
  603   0.58554100E+01
  604   0.41587100E+01
  605   0.27260600E+01
  606   0.21248100E+01
  607   0.11466740E+02
  608   0.19299140E+02
  609   0.14303960E+02
  610   0.88156900E+01
  611   0.53293200E+01
  612   0.33383500E+01
  613   0.22412700E+01
  614   0.16026100E+01
  615   0.11830700E+01
  616   0.89675000E+00
  617   0.68682000E+00
  618   0.53013000E+00
  619   0.50381000E+00
  620   0.32622410E+02
  621   0.12784517E+03
  622   0.52921470E+02
  623   0.29304320E+02
  624   0.21889030E+02
  625   0.19370240E+02
  626   0.15451520E+02
  627   0.10145990E+02
  628   0.62698500E+01
  629   0.38773600E+01
  630   0.24735200E+01
  631   0.16970600E+01
  632   0.12313800E+01
  633   0.92627000E+00
  634   0.80047000E+00
  635   0.46304410E+02
  636   0.39543854E+03
  637   0.11918766E+03
  638   0.25986669E+03
  639   0.11125135E+03
  640   0.43921800E+02
  641   0.21039740E+02
  642   0.11358270E+02
  643   0.66817600E+01
  644   0.41136500E+01
  645   0.26756200E+01
  646   0.18580300E+01
  647   0.13599700E+01
  648   0.10237400E+01
  649   0.77626000E+00
  650   0.59432000E+00
  651   0.45801000E+00
  652   0.38034000E+00
  653   0.30699000E+00
  654   0.21259000E+00
  655   0.10067000E+00
  656   0.62450000E-01
  657   0.44030000E-01
  658   0.33400000E-01
  659   0.26560000E-01
  660   0.21820000E-01
  661   0.18370000E-01
  662   0.15740000E-01
  663   0.13690000E-01
  664   0.12050000E-01
  665   0.10710000E-01
  666   0.96000000E-02
  667   0.86700000E-02
  668   0.78700000E-02
  669   0.71900000E-02
  670   0.65900000E-02
  671   0.60800000E-02
  672   0.56200000E-02
  673   0.52200000E-02
  674   0.48600000E-02
  675   0.45400000E-02
  676   0.42500000E-02
  677   0.39900000E-02
  678   0.22734000E+01
  679   0.14838000E+02
  680   0.20028950E+02
  681   0.13184530E+02
  682   0.86403300E+01
  683   0.54572800E+01
  684   0.35478600E+01
  685   0.24311100E+01
  686   0.17967500E+01
  687   0.13794200E+01
  688   0.10735800E+01
  689   0.82630000E+00
  690   0.63187000E+00
  691   0.48608000E+00
  692   0.40819000E+00
  693   0.33100000E+00
  694   0.25306000E+00
  695   0.13507000E+00
  696   0.75390000E-01
  697   0.50560000E-01
  698   0.37230000E-01
  699   0.29030000E-01
  700   0.23530000E-01
  701   0.19610000E-01
  702   0.28485000E+00
  703   0.15130600E+01
  704   0.34383900E+01
  705   0.60897700E+01
  706   0.73787700E+01
  707   0.63645400E+01
  708   0.51461700E+01
  709   0.39027100E+01
  710   0.27965400E+01
  711   0.21242800E+01
  712   0.52887100E+01
  713   0.87237100E+01
  714   0.13217250E+02
  715   0.10482260E+02
  716   0.67540000E+01
  717   0.48734700E+01
  718   0.45415600E+01
  719   0.97278400E+01
  720   0.21835640E+02
  721   0.21133100E+02
  722   0.13289860E+02
  723   0.81210200E+01
  724   0.51533500E+01
  725   0.34748900E+01
  726   0.24150300E+01
  727   0.18061800E+01
  728   0.13988200E+01
  729   0.11088700E+01
  730   0.88281000E+00
  731   0.70769000E+00
  732   0.56229000E+00
  733   0.45818000E+00
  734   0.40104000E+00
  735   0.34099000E+00
  736   0.28377000E+00
  737   0.23966000E+00
  738   0.37904000E+00
  739   0.40420000E+00
  740   0.42269000E+00
  741   0.43116000E+00
  742   0.42118000E+00
  743   0.38565000E+00
  744   0.33822000E+00
  745   0.28299000E+00
  746   0.18465000E+00
  747   0.95320000E-01
  748   0.63010000E-01
  749   0.46110000E-01
  750   0.35820000E-01
  751   0.28940000E-01
  752   0.24040000E-01
  753   0.20390000E-01
  754   0.17570000E-01
  755   0.15330000E-01
  756   0.13530000E-01
  757   0.14790000E-01
  758   0.16460000E-01
  759   0.24096000E+00
  760   0.94044000E+00
  761   0.23293700E+01
  762   0.45219900E+01
  763   0.71360300E+01
  764   0.71508700E+01
  765   0.67201500E+01
  766   0.55922900E+01
  767   0.42251700E+01
  768   0.30409800E+01
  769   0.22442300E+01
  770   0.16979300E+01
  771   0.12957900E+01
  772   0.99500000E+00
  773   0.98867000E+00
  774   0.81965000E+00
  775   0.71861000E+00
  776   0.67457000E+00
  777   0.64507000E+00
  778   0.16306300E+01
  779   0.40212700E+01
  780   0.21514770E+02
  781   0.79796020E+02
  782   0.56891720E+02
  783   0.27512030E+02
  784   0.14362800E+02
  785   0.86453500E+01
  786   0.73590400E+01
  787   0.76270500E+01
  788   0.91344400E+01
  789   0.10728010E+02
  790   0.15652150E+02
  791   0.22990410E+02
  792   0.21160150E+02
  793   0.18177450E+02
  794   0.24799210E+02
  795   0.46270800E+02
  796   0.31978130E+02
  797   0.21604850E+02
  798   0.27953640E+02
  799   0.39900040E+02
  800   0.31556360E+02
  801   0.24959010E+02
  802   0.17266880E+02
  803   0.11080570E+02
  804   0.10768650E+02
  805   0.54499940E+02
  806   0.56563540E+02
  807   0.28831840E+02
  808   0.16216950E+02
  809   0.97715300E+01
  810   0.59394500E+01
  811   0.37246200E+01
  812   0.27689600E+01
  813   0.46534400E+01
  814   0.60121300E+01
  815   0.73446700E+01
  816   0.62134300E+01
  817   0.44206700E+01
  818   0.29778800E+01
  819   0.21279200E+01
  820   0.40767200E+01
  821   0.22066640E+02
  822   0.35853420E+02
  823   0.20852460E+02
  824   0.22768260E+02
  825   0.40397850E+02
  826   0.33185290E+02
  827   0.44713660E+02
  828   0.12000824E+03
  829   0.67463920E+02
  830   0.53720560E+02
  831   0.36305090E+02
  832   0.20182910E+02
  833   0.11993250E+02
  834   0.76058200E+01
  835   0.55145100E+01
  836   0.58529700E+01
  837   0.79743900E+01
  838   0.17893840E+02
  839   0.54287070E+02
  840   0.79474480E+02
  841   0.13249941E+03
  842   0.84462260E+02
  843   0.56591720E+02
  844   0.71633850E+02
  845   0.56728100E+02
  846   0.37683860E+02
  847   0.33980220E+02
  848   0.28812530E+02
  849   0.19860580E+02
  850   0.12314740E+02
  851   0.75475800E+01
  852   0.46628800E+01
  853   0.29143200E+01
  854   0.36423100E+01
  855   0.48787000E+01
  856   0.83177000E+01
  857   0.91975900E+01
  858   0.76698800E+01
  859   0.59732500E+01
  860   0.50780700E+01
  861   0.23654620E+02
  862   0.11317079E+03
  863   0.62830880E+02
  864   0.32206010E+02
  865   0.23551260E+02
  866   0.30174410E+02
  867   0.17035415E+03
  868   0.16656595E+03
  869   0.12065967E+03
  870   0.61742980E+02
  871   0.29456110E+02
  872   0.16316470E+02
  873   0.10848410E+02
  874   0.14311250E+02
  875   0.18508850E+02
  876   0.15917440E+02
  877   0.11262880E+02
  878   0.87842100E+01
  879   0.16978650E+02
  880   0.79244220E+02
  881   0.14887189E+03
  882   0.20066803E+03
  883   0.14357587E+03
  884   0.83179450E+02
  885   0.67956120E+02
  886   0.84377470E+02
  887   0.15479880E+03
  888   0.10119431E+03
  889   0.43943820E+02
  890   0.30347800E+02
  891   0.45174250E+02
  892   0.61593590E+02
  893   0.72628590E+02
  894   0.51720660E+02
  895   0.32437450E+02
  896   0.21187690E+02
  897   0.13708610E+02
  898   0.92946800E+01
  899   0.65613700E+01
  900   0.53376700E+01
  901   0.50179500E+01
  902   0.63592000E+01
  903   0.12818840E+02
  904   0.44204740E+02
  905   0.91060280E+02
  906   0.87817380E+02
  907   0.85827670E+02
  908   0.13893505E+03
  909   0.13907285E+03
  910   0.87567750E+02
  911   0.50689290E+02
  912   0.50859520E+02
  913   0.14869100E+03
  914   0.38737289E+03
  915   0.12109769E+03
  916   0.76063610E+02
  917   0.70191250E+02
  918   0.46971000E+02
  919   0.26525230E+02
  920   0.15163840E+02
  921   0.95027500E+01
  922   0.65231900E+01
  923   0.46966100E+01
  924   0.33907000E+01
  925   0.23988900E+01
  926   0.72487800E+01
  927   0.55743640E+03
  928   0.19448193E+03
  929   0.78533230E+02
  930   0.36110040E+02
  931   0.18159130E+02
  932   0.10132410E+02
  933   0.58454400E+01
  934   0.38160800E+01
  935   0.25284600E+01
  936   0.26342300E+01
  937   0.31394900E+01
  938   0.37162800E+01
  939   0.40114800E+01
  940   0.36750500E+01
  941   0.27498600E+01
  942   0.21107400E+01
  943   0.15679800E+01
  944   0.12142100E+01
  945   0.10558900E+01
  946   0.24396900E+01
  947   0.77756300E+01
  948   0.14129790E+02
  949   0.21861060E+02
  950   0.31617430E+02
  951   0.23619390E+02
  952   0.13640280E+02
  953   0.86000000E+01
  954   0.59794800E+01
  955   0.58926600E+01
  956   0.55038500E+01
  957   0.44909900E+01
  958   0.31241200E+01
  959   0.21430100E+01
  960   0.16345200E+01
  961   0.15023200E+01
  962   0.12984700E+01
  963   0.10528600E+01
  964   0.98687000E+00
  965   0.64572700E+01
  966   0.59072560E+02
  967   0.39502050E+02
  968   0.19665160E+02
  969   0.10996620E+02
  970   0.63928000E+01
  971   0.42397100E+01
  972   0.33676100E+01
  973   0.16938760E+02
  974   0.41522160E+02
  975   0.25202380E+02
  976   0.13599010E+02
  977   0.76221100E+01
  978   0.46327800E+01
  979   0.30152200E+01
  980   0.21292300E+01
  981   0.44643200E+01
  982   0.14025900E+02
  983   0.22056890E+02
  984   0.15098320E+02
  985   0.99622300E+01
  986   0.71277300E+01
  987   0.48600400E+01
  988   0.30996200E+01
  989   0.20734500E+01
  990   0.14795200E+01
  991   0.11024900E+01
  992   0.83812000E+00
  993   0.65255000E+00
  994   0.51256000E+00
  995   0.41286000E+00
  996   0.32470000E+00
  997   0.22944000E+00
  998   0.11831000E+00
  999   0.74730000E-01
 1000   0.92440000E-01
 1001   0.17775000E+00
 1002   0.20897000E+00
 1003   0.25140000E+00
 1004   0.34195000E+00
 1005   0.40880000E+00
 1006   0.49757000E+00
 1007   0.53457000E+00
 1008   0.48922000E+00
 1009   0.43323000E+00
 1010   0.37037000E+00
 1011   0.30960000E+00
 1012   0.22212000E+00
 1013   0.11316000E+00
 1014   0.68900000E-01
 1015   0.48170000E-01
 1016   0.36390000E-01
 1017   0.28880000E-01
 1018   0.23700000E-01
 1019   0.19940000E-01
 1020   0.17090000E-01
 1021   0.15830000E-01
 1022   0.14230000E-01
 1023   0.13430000E-01
 1024   0.13320000E-01
 1025   0.13320000E-01
 1026   0.13140000E-01
 1027   0.12710000E-01
 1028   0.12090000E-01
 1029   0.11380000E-01
 1030   0.10630000E-01
 1031   0.98800000E-02
 1032   0.91700000E-02
 1033   0.85000000E-02
 1034   0.78800000E-02
 1035   0.73100000E-02
 1036   0.67900000E-02
 1037   0.63200000E-02
 1038   0.58900000E-02
 1039   0.55000000E-02
 1040   0.51400000E-02
 1041   0.48300000E-02
 1042   0.45700000E-02
 1043   0.43800000E-02
 1044   0.42400000E-02
 1045   0.41200000E-02
 1046   0.40100000E-02
 1047   0.39100000E-02
 1048   0.38000000E-02
 1049   0.36900000E-02
 1050   0.26654000E+00
 1051   0.28199000E+00
 1052   0.28328000E+00
 1053   0.28729000E+00
 1054   0.28383000E+00
 1055   0.27606000E+00
 1056   0.29650000E+00
 1057   0.28912000E+00
 1058   0.27294000E+00
 1059   0.24260000E+00
 1060   0.21269000E+00
 1061   0.17524000E+00
 1062   0.13531000E+00
 1063   0.10105000E+00
 1064   0.76590000E-01
 1065   0.59560000E-01
 1066   0.47490000E-01
 1067   0.38720000E-01
 1068   0.32170000E-01
 1069   0.27150000E-01
 1070   0.23240000E-01
 1071   0.20120000E-01
 1072   0.17630000E-01
 1073   0.38406000E+00
 1074   0.41726700E+01
 1075   0.11282510E+02
 1076   0.12890920E+02
 1077   0.91937200E+01
 1078   0.58245000E+01
 1079   0.36939600E+01
 1080   0.24485400E+01
 1081   0.17260800E+01
 1082   0.12717200E+01
 1083   0.98208000E+00
 1084   0.75722000E+00
 1085   0.58932000E+00
 1086   0.46624000E+00
 1087   0.39892000E+00
 1088   0.41220000E+00
 1089   0.14222400E+01
 1090   0.26546700E+01
 1091   0.41897600E+01
 1092   0.48509300E+01
 1093   0.40786000E+01
 1094   0.29800700E+01
 1095   0.22315500E+01
 1096   0.17306300E+01
 1097   0.13476700E+01
 1098   0.10514400E+01
 1099   0.82469000E+00
 1100   0.71987000E+00
 1101   0.95217000E+00
 1102   0.15789200E+01
 1103   0.35955100E+01
 1104   0.50805100E+01
 1105   0.47513500E+01
 1106   0.37266000E+01
 1107   0.27471800E+01
 1108   0.20404200E+01
 1109   0.15438500E+01
 1110   0.11868600E+01
 1111   0.14445100E+01
 1112   0.24794400E+01
 1113   0.44942900E+01
 1114   0.69899200E+01
 1115   0.61826600E+01
 1116   0.44641400E+01
 1117   0.30590700E+01
 1118   0.21859800E+01
 1119   0.16145500E+01
 1120   0.12225100E+01
 1121   0.94173000E+00
 1122   0.73070000E+00
 1123   0.56884000E+00
 1124   0.45497000E+00
 1125   0.39189000E+00
 1126   0.32426000E+00
 1127   0.25039000E+00
 1128   0.13631000E+00
 1129   0.74920000E-01
 1130   0.49880000E-01
 1131   0.36560000E-01
 1132   0.28420000E-01
 1133   0.22980000E-01
 1134   0.19120000E-01
 1135   0.16250000E-01
 1136   0.14040000E-01
 1137   0.12300000E-01
 1138   0.10890000E-01
 1139   0.97200000E-02
 1140   0.94000000E-02
 1141   0.16547000E+00
 1142   0.20859000E+00
 1143   0.27669000E+00
 1144   0.33027000E+00
 1145   0.35471000E+00
 1146   0.37022000E+00
 1147   0.25307500E+01
 1148   0.77103900E+01
 1149   0.20314140E+02
 1150   0.16952110E+02
 1151   0.13521440E+02
 1152   0.96181400E+01
 1153   0.73008400E+01
 1154   0.54564900E+01
 1155   0.39128100E+01
 1156   0.27474100E+01
 1157   0.19934000E+01
 1158   0.14964100E+01
 1159   0.11439600E+01
 1160   0.88031000E+00
 1161   0.67841000E+00
 1162   0.52291000E+00
 1163   0.43552000E+00
 1164   0.35904000E+00
 1165   0.29706000E+00
 1166   0.21145000E+00
 1167   0.10039000E+00
 1168   0.61780000E-01
 1169   0.43350000E-01
 1170   0.32790000E-01
 1171   0.26030000E-01
 1172   0.21370000E-01
 1173   0.10631500E+01
 1174   0.30538200E+01
 1175   0.70580100E+01
 1176   0.82619500E+01
 1177   0.10461300E+02
 1178   0.72639590E+02
 1179   0.12364489E+03
 1180   0.78564990E+02
 1181   0.51717480E+02
 1182   0.31944290E+02
 1183   0.18617880E+02
 1184   0.10804090E+02
 1185   0.64067200E+01
 1186   0.39936700E+01
 1187   0.26665600E+01
 1188   0.19148200E+01
 1189   0.14121600E+01
 1190   0.10739200E+01
 1191   0.82152000E+00
 1192   0.63115000E+00
 1193   0.48930000E+00
 1194   0.40983000E+00
 1195   0.33867000E+00
 1196   0.41111000E+00
 1197   0.56789000E+00
 1198   0.13375000E+01
 1199   0.59476400E+01
 1200   0.17973190E+02
 1201   0.38740110E+02
 1202   0.36061120E+02
 1203   0.21599860E+02
 1204   0.12392480E+02
 1205   0.74931600E+01
 1206   0.46745000E+01
 1207   0.29746800E+01
 1208   0.20429800E+01
 1209   0.14803600E+01
 1210   0.11018700E+01
 1211   0.84527000E+00
 1212   0.65484000E+00
 1213   0.83674700E+01
 1214   0.12428776E+03
 1215   0.60075100E+02
 1216   0.26968690E+02
 1217   0.13782790E+02
 1218   0.77886000E+01
 1219   0.47036900E+01
 1220   0.29900600E+01
 1221   0.20671000E+01
 1222   0.14965200E+01
 1223   0.11127700E+01
 1224   0.18444000E+01
 1225   0.15975580E+02
 1226   0.38704940E+02
 1227   0.24852730E+02
 1228   0.14786370E+02
 1229   0.12993700E+02
 1230   0.13386150E+02
 1231   0.12570330E+02
 1232   0.10359190E+02
 1233   0.46157220E+02
 1234   0.14830698E+03
 1235   0.56415050E+02
 1236   0.26287820E+02
 1237   0.44788190E+02
 1238   0.11974718E+03
 1239   0.23382259E+03
 1240   0.16057173E+03
 1241   0.95256570E+02
 1242   0.10176947E+03
 1243   0.12406631E+03
 1244   0.52727990E+02
 1245   0.23899010E+02
 1246   0.14214540E+02
 1247   0.13614080E+02
 1248   0.30805670E+02
 1249   0.36538750E+02
 1250   0.23003010E+02
 1251   0.12907750E+02
 1252   0.73850700E+01
 1253   0.44487900E+01
 1254   0.27932800E+01
 1255   0.20647000E+01
 1256   0.80763730E+02
 1257   0.82531120E+02
 1258   0.33695180E+02
 1259   0.16576950E+02
 1260   0.92554000E+01
 1261   0.58158100E+01
 1262   0.40205600E+01
 1263   0.36820500E+01
 1264   0.40525800E+01
 1265   0.37429600E+01
 1266   0.54976900E+01
 1267   0.27759610E+02
 1268   0.15749072E+03
 1269   0.14413306E+03
 1270   0.86462060E+02
 1271   0.11147490E+03
 1272   0.10189398E+03
 1273   0.13779319E+03
 1274   0.21200290E+03
 1275   0.31443511E+03
 1276   0.16010647E+03
 1277   0.87028190E+02
 1278   0.18565018E+03
 1279   0.16107321E+03
 1280   0.11614259E+03
 1281   0.91206930E+02
 1282   0.14658698E+03
 1283   0.20806759E+03
 1284   0.21598384E+03
 1285   0.26377066E+03
 1286   0.18361115E+03
 1287   0.15580704E+03
 1288   0.16210451E+03
 1289   0.14768215E+03
 1290   0.96354920E+02
 1291   0.63374240E+02
 1292   0.10680779E+03
 1293   0.92911320E+02
 1294   0.68590560E+02
 1295   0.40135550E+02
 1296   0.22730940E+02
 1297   0.13324090E+02
 1298   0.79015100E+01
 1299   0.47381600E+01
 1300   0.29554100E+01
 1301   0.32895500E+01
 1302   0.31855800E+01
 1303   0.31261000E+01
 1304   0.46280500E+01
 1305   0.84621410E+02
 1306   0.42722517E+03
 1307   0.50313960E+03
 1308   0.34671806E+03
 1309   0.44018178E+03
 1310   0.45296041E+03
 1311   0.11794635E+03
 1312   0.48534270E+02
 1313   0.22783880E+02
 1314   0.11853170E+02
 1315   0.66378400E+01
 1316   0.39988400E+01
 1317   0.64293900E+01
 1318   0.87010800E+01
 1319   0.87630400E+01
 1320   0.71672200E+01
 1321   0.59231600E+01
 1322   0.79089100E+01
 1323   0.14563830E+02
 1324   0.22139670E+02
 1325   0.20749280E+02
 1326   0.13607120E+02
 1327   0.82240100E+01
 1328   0.49825100E+01
 1329   0.34990900E+01
 1330   0.79263400E+01
 1331   0.15678770E+02
 1332   0.15960520E+02
 1333   0.10415770E+02
 1334   0.62505700E+01
 1335   0.38645000E+01
 1336   0.25612200E+01
 1337   0.28623500E+01
 1338   0.52747600E+01
 1339   0.17221560E+02
 1340   0.54602350E+02
 1341   0.11778800E+03
 1342   0.13478607E+03
 1343   0.10287388E+03
 1344   0.52377780E+02
 1345   0.28137250E+02
 1346   0.22244150E+02
 1347   0.18222030E+02
 1348   0.13263960E+02
 1349   0.10015030E+02
 1350   0.78031900E+01
 1351   0.60299600E+01
 1352   0.52075900E+01
 1353   0.41707600E+01
 1354   0.36837000E+01
 1355   0.28797500E+01
 1356   0.20592000E+01
 1357   0.14750300E+01
 1358   0.10735600E+01
 1359   0.81085000E+00
 1360   0.63685000E+00
 1361   0.49879000E+00
 1362   0.40325000E+00
 1363   0.31689000E+00
 1364   0.21763000E+00
 1365   0.10476000E+00
 1366   0.64100000E-01
 1367   0.44950000E-01
 1368   0.34020000E-01
 1369   0.27030000E-01
 1370   0.22210000E-01
 1371   0.18700000E-01
 1372   0.16030000E-01
 1373   0.13950000E-01
 1374   0.12280000E-01
 1375   0.10920000E-01
 1376   0.97800000E-02
 1377   0.88300000E-02
 1378   0.80200000E-02
 1379   0.73300000E-02
 1380   0.12230000E-01
 1381   0.55470000E-01
 1382   0.87020000E-01
 1383   0.92690000E-01
 1384   0.78180000E-01
 1385   0.13450000E+00
 1386   0.16318000E+00
 1387   0.20103000E+00
 1388   0.17084000E+00
 1389   0.12937000E+00
 1390   0.97170000E-01
 1391   0.74430000E-01
 1392   0.58420000E-01
 1393   0.46930000E-01
 1394   0.38470000E-01
 1395   0.32090000E-01
 1396   0.27170000E-01
 1397   0.35010000E-01
 1398   0.15510000E+00
 1399   0.21034000E+00
 1400   0.21373000E+00
 1401   0.24320000E+00
 1402   0.85202000E+00
 1403   0.14634500E+01
 1404   0.24856700E+01
 1405   0.25778500E+01
 1406   0.21231500E+01
 1407   0.16972600E+01
 1408   0.14754000E+01
 1409   0.16750100E+01
 1410   0.15302600E+01
 1411   0.15451700E+01
 1412   0.13745600E+01
 1413   0.11340500E+01
 1414   0.91583000E+00
 1415   0.74050000E+00
 1416   0.61820000E+00
 1417   0.13585000E+01
 1418   0.62297800E+01
 1419   0.40411420E+02
 1420   0.38877230E+02
 1421   0.21759850E+02
 1422   0.12101390E+02
 1423   0.70499800E+01
 1424   0.43384200E+01
 1425   0.27842500E+01
 1426   0.19538400E+01
 1427   0.14340800E+01
 1428   0.10857300E+01
 1429   0.82096000E+00
 1430   0.10409500E+01
 1431   0.16041700E+01
 1432   0.26526200E+01
 1433   0.43113000E+01
 1434   0.45256500E+01
 1435   0.44298900E+01
 1436   0.39371700E+01
 1437   0.33540100E+01
 1438   0.27731000E+01
 1439   0.22179400E+01
 1440   0.17223900E+01
 1441   0.13260200E+01
 1442   0.10569700E+01
 1443   0.84567000E+00
 1444   0.68621000E+00
 1445   0.54582000E+00
 1446   0.45333000E+00
 1447   0.39469000E+00
 1448   0.33172000E+00
 1449   0.25702000E+00
 1450   0.14069000E+00
 1451   0.79090000E-01
 1452   0.53130000E-01
 1453   0.39060000E-01
 1454   0.30360000E-01
 1455   0.24530000E-01
 1456   0.20360000E-01
 1457   0.17270000E-01
 1458   0.14880000E-01
 1459   0.13000000E-01
 1460   0.11480000E-01
 1461   0.16620000E-01
 1462   0.18020000E-01
 1463   0.23740000E-01
 1464   0.33010000E-01
 1465   0.38340000E-01
 1466   0.39160000E-01
 1467   0.37140000E-01
 1468   0.33850000E-01
 1469   0.30250000E-01
 1470   0.26790000E-01
 1471   0.23680000E-01
 1472   0.20960000E-01
 1473   0.18610000E-01
 1474   0.16590000E-01
 1475   0.14850000E-01
 1476   0.13360000E-01
 1477   0.12070000E-01
 1478   0.10950000E-01
 1479   0.99800000E-02
 1480   0.91200000E-02
 1481   0.83700000E-02
 1482   0.77100000E-02
 1483   0.71200000E-02
 1484   0.29587000E+00
 1485   0.37607000E+00
 1486   0.44313000E+00
 1487   0.13691300E+01
 1488   0.69787200E+01
 1489   0.16687500E+02
 1490   0.14736370E+02
 1491   0.94547600E+01
 1492   0.58385000E+01
 1493   0.37949500E+01
 1494   0.26207100E+01
 1495   0.19334400E+01
 1496   0.16082100E+01
 1497   0.27213900E+01
 1498   0.51855100E+01
 1499   0.86333800E+01
 1500   0.11862720E+02
 1501   0.19985320E+02
 1502   0.25736550E+02
 1503   0.20378820E+02
 1504   0.26660000E+02
 1505   0.50412490E+02
 1506   0.67015270E+02
 1507   0.53616870E+02
 1508   0.30750320E+02
 1509   0.16998570E+02
 1510   0.96767200E+01
 1511   0.63685500E+01
 1512   0.63505200E+01
 1513   0.66484300E+01
 1514   0.69180000E+01
 1515   0.55882700E+01
 1516   0.40545700E+01
 1517   0.28146700E+01
 1518   0.20284400E+01
 1519   0.14915600E+01
 1520   0.11286700E+01
 1521   0.86304000E+00
 1522   0.66344000E+00
 1523   0.51837000E+00
 1524   0.43688000E+00
 1525   0.36091000E+00
 1526   0.29457000E+00
 1527   0.19774000E+00
 1528   0.98170000E-01
 1529   0.64960000E-01
 1530   0.48480000E-01
 1531   0.56850000E-01
 1532   0.11123000E+00
 1533   0.12855000E+00
 1534   0.16389000E+00
 1535   0.19633000E+00
 1536   0.20512000E+00
 1537   0.20336000E+00
 1538   0.19538000E+00
 1539   0.20429000E+00
 1540   0.19592000E+00
 1541   0.18007000E+00
 1542   0.16825000E+00
 1543   0.14660000E+00
 1544   0.11277000E+00
 1545   0.85830000E-01
 1546   0.66660000E-01
 1547   0.53010000E-01
 1548   0.43080000E-01
 1549   0.35670000E-01
 1550   0.30250000E-01
 1551   0.34947000E+00
 1552   0.41330000E+00
 1553   0.63878000E+00
 1554   0.11676890E+02
 1555   0.41404870E+02
 1556   0.26902220E+02
 1557   0.14620270E+02
 1558   0.85266600E+01
 1559   0.66463100E+01
 1560   0.62534300E+01
 1561   0.13721790E+02
 1562   0.37045680E+02
 1563   0.49008660E+02
 1564   0.14011853E+03
 1565   0.89992150E+02
 1566   0.39304620E+02
 1567   0.19491870E+02
 1568   0.10719210E+02
 1569   0.62873700E+01
 1570   0.38684800E+01
 1571   0.25205400E+01
 1572   0.17666500E+01
 1573   0.12970200E+01
 1574   0.99013000E+00
 1575   0.77534000E+00
 1576   0.65495000E+00
 1577   0.52950000E+00
 1578   0.45686000E+00
 1579   0.38765000E+00
 1580   0.31787000E+00
 1581   0.23308000E+00
 1582   0.13595000E+00
 1583   0.84480000E-01
 1584   0.26174000E+00
 1585   0.39479000E+00
 1586   0.98928700E+01
 1587   0.95060300E+02
 1588   0.19024056E+03
 1589   0.21401355E+03
 1590   0.97225980E+02
 1591   0.57187330E+02
 1592   0.62688280E+02
 1593   0.63678270E+02
 1594   0.54833260E+02
 1595   0.35637370E+02
 1596   0.22345170E+02
 1597   0.18009550E+02
 1598   0.34913170E+02
 1599   0.82632270E+02
 1600   0.44751620E+02
 1601   0.23249640E+02
 1602   0.13521530E+02
 1603   0.84924100E+01
 1604   0.61391500E+01
 1605   0.51443300E+01
 1606   0.44049200E+01
 1607   0.45912800E+01
 1608   0.12412100E+02
 1609   0.62057390E+02
 1610   0.87295170E+02
 1611   0.80301760E+02
 1612   0.42594600E+02
 1613   0.57109520E+02
 1614   0.46033276E+03
 1615   0.38310387E+03
 1616   0.18399549E+03
 1617   0.13791400E+03
 1618   0.23979728E+03
 1619   0.20174716E+03
 1620   0.15252674E+03
 1621   0.15514324E+03
 1622   0.13332279E+03
 1623   0.71471970E+02
 1624   0.37937510E+02
 1625   0.26153730E+02
 1626   0.23652800E+02
 1627   0.49687500E+02
 1628   0.54457050E+03
 1629   0.19606810E+03
 1630   0.60596620E+02
 1631   0.62976790E+02
 1632   0.42934440E+02
 1633   0.22232340E+02
 1634   0.18038290E+02
 1635   0.16996564E+03
 1636   0.34209247E+03
 1637   0.27390355E+03
 1638   0.18439215E+03
 1639   0.35360434E+03
 1640   0.29523135E+03
 1641   0.15146151E+03
 1642   0.79315350E+02
 1643   0.45808530E+02
 1644   0.46247660E+02
 1645   0.85717410E+02
 1646   0.16366670E+03
 1647   0.17517826E+03
 1648   0.90488000E+02
 1649   0.60420990E+02
 1650   0.45336410E+02
 1651   0.36749280E+02
 1652   0.58360080E+02
 1653   0.50270000E+02
 1654   0.32346910E+02
 1655   0.27137930E+02
 1656   0.23429750E+02
 1657   0.16640570E+02
 1658   0.11746640E+02
 1659   0.80698800E+01
 1660   0.70111900E+01
 1661   0.20624890E+03
 1662   0.26413856E+03
 1663   0.69574490E+02
 1664   0.27701840E+02
 1665   0.13615810E+02
 1666   0.75278800E+01
 1667   0.45066700E+01
 1668   0.28717300E+01
 1669   0.19936200E+01
 1670   0.15566100E+01
 1671   0.11883090E+02
 1672   0.56771110E+02
 1673   0.64968360E+02
 1674   0.98195660E+02
 1675   0.14775641E+03
 1676   0.18819462E+03
 1677   0.18695105E+03
 1678   0.12493600E+03
 1679   0.71685120E+02
 1680   0.48515250E+02
 1681   0.28265610E+02
 1682   0.16906330E+02
 1683   0.10839940E+02
 1684   0.70512200E+01
 1685   0.46353500E+01
 1686   0.29149200E+01
 1687   0.19263800E+01
 1688   0.14039700E+01
 1689   0.10387900E+01
 1690   0.80385000E+00
 1691   0.31506500E+01
 1692   0.11478279E+03
 1693   0.11964536E+03
 1694   0.85144760E+02
 1695   0.49072640E+02
 1696   0.38012340E+02
 1697   0.25458600E+02
 1698   0.15305460E+02
 1699   0.94119100E+01
 1700   0.66776500E+01
 1701   0.50896900E+01
 1702   0.40451000E+01
 1703   0.29568200E+01
 1704   0.21449300E+01
 1705   0.15885400E+01
 1706   0.33300700E+01
 1707   0.23370460E+02
 1708   0.32506480E+02
 1709   0.18704040E+02
 1710   0.10447230E+02
 1711   0.60502100E+01
 1712   0.37116400E+01
 1713   0.23822100E+01
 1714   0.16399300E+01
 1715   0.11922200E+01
 1716   0.89169000E+00
 1717   0.67714000E+00
 1718   0.52236000E+00
 1719   0.42908000E+00
 1720   0.34739000E+00
 1721   0.28200000E+00
 1722   0.15768000E+00
 1723   0.82290000E-01
 1724   0.53890000E-01
 1725   0.39160000E-01
 1726   0.30290000E-01
 1727   0.24420000E-01
 1728   0.20270000E-01
 1729   0.23100000E-01
 1730   0.35533000E+00
 1731   0.39514000E+00
 1732   0.42812000E+00
 1733   0.45821000E+00
 1734   0.46175000E+00
 1735   0.43862000E+00
 1736   0.39070000E+00
 1737   0.32738000E+00
 1738   0.24506000E+00
 1739   0.14354000E+00
 1740   0.83630000E-01
 1741   0.57540000E-01
 1742   0.43010000E-01
 1743   0.33840000E-01
 1744   0.27570000E-01
 1745   0.23020000E-01
 1746   0.19590000E-01
 1747   0.16930000E-01
 1748   0.14810000E-01
 1749   0.13080000E-01
 1750   0.11660000E-01
 1751   0.10460000E-01
 1752   0.94500000E-02
 1753   0.26532000E+00
 1754   0.41010000E+00
 1755   0.49511000E+00
 1756   0.71165000E+00
 1757   0.76518000E+00
 1758   0.69060000E+00
 1759   0.58694000E+00
 1760   0.49977000E+00
 1761   0.43343000E+00
 1762   0.37322000E+00
 1763   0.30295000E+00
 1764   0.21008000E+00
 1765   0.24558000E+00
 1766   0.30733000E+00
 1767   0.31049000E+00
 1768   0.31071000E+00
 1769   0.30092000E+00
 1770   0.27871000E+00
 1771   0.23385000E+00
 1772   0.14959000E+00
 1773   0.90820000E-01
 1774   0.63320000E-01
 1775   0.47550000E-01
 1776   0.37460000E-01
 1777   0.30510000E-01
 1778   0.25460000E-01
 1779   0.21650000E-01
 1780   0.18690000E-01
 1781   0.16320000E-01
 1782   0.14400000E-01
 1783   0.12820000E-01
 1784   0.11800000E-01
 1785   0.10780000E-01
 1786   0.97800000E-02
 1787   0.29037000E+00
 1788   0.36861000E+00
 1789   0.43209000E+00
 1790   0.54302000E+00
 1791   0.64959000E+00
 1792   0.69873000E+00
 1793   0.64392000E+00
 1794   0.57819000E+00
 1795   0.50958000E+00
 1796   0.46621000E+00
 1797   0.40730000E+00
 1798   0.34791000E+00
 1799   0.72479000E+00
 1800   0.24150800E+01
 1801   0.59577200E+01
 1802   0.95026400E+01
 1803   0.77219600E+01
 1804   0.50813500E+01
 1805   0.43376300E+01
 1806   0.46729900E+01
 1807   0.45702900E+01
 1808   0.43743700E+01
 1809   0.39536300E+01
 1810   0.31770400E+01
 1811   0.24244100E+01
 1812   0.18993600E+01
 1813   0.15510100E+01
 1814   0.12783300E+01
 1815   0.10272100E+01
 1816   0.81140000E+00
 1817   0.64904000E+00
 1818   0.52204000E+00
 1819   0.10742700E+01
 1820   0.20324700E+01
 1821   0.42991500E+01
 1822   0.67014700E+01
 1823   0.57245300E+01
 1824   0.40978400E+01
 1825   0.27786700E+01
 1826   0.20155200E+01
 1827   0.15321400E+01
 1828   0.11572900E+01
 1829   0.88614000E+00
 1830   0.67978000E+00
 1831   0.53159000E+00
 1832   0.44562000E+00
 1833   0.37999000E+00
 1834   0.32600000E+00
 1835   0.26829000E+00
 1836   0.19674800E+01
 1837   0.67383300E+01
 1838   0.18120540E+02
 1839   0.19271120E+02
 1840   0.15124570E+02
 1841   0.10126990E+02
 1842   0.64550500E+01
 1843   0.42022200E+01
 1844   0.28537500E+01
 1845   0.20537200E+01
 1846   0.15460100E+01
 1847   0.12003400E+01
 1848   0.94191000E+00
 1849   0.73178000E+00
 1850   0.57163000E+00
 1851   0.45568000E+00
 1852   0.39554000E+00
 1853   0.32486000E+00
 1854   0.24796000E+00
 1855   0.13288000E+00
 1856   0.73410000E-01
 1857   0.49070000E-01
 1858   0.94577000E+00
 1859   0.18307600E+01
 1860   0.29631500E+01
 1861   0.35598600E+01
 1862   0.33200800E+01
 1863   0.32864800E+01
 1864   0.31264200E+01
 1865   0.36650500E+01
 1866   0.54580700E+01
 1867   0.59508200E+01
 1868   0.63595300E+01
 1869   0.60825700E+01
 1870   0.47814900E+01
 1871   0.40861100E+01
 1872   0.31571200E+01
 1873   0.25173200E+01
 1874   0.19912600E+01
 1875   0.15969400E+01
 1876   0.12826600E+01
 1877   0.10404700E+01
 1878   0.83345000E+00
 1879   0.65979000E+00
 1880   0.51462000E+00
 1881   0.42493000E+00
 1882   0.35165000E+00
 1883   0.76282000E+00
 1884   0.68129400E+01
 1885   0.19116160E+02
 1886   0.16206190E+02
 1887   0.10331400E+02
 1888   0.64916200E+01
 1889   0.41638600E+01
 1890   0.27617300E+01
 1891   0.19619000E+01
 1892   0.14786300E+01
 1893   0.48308800E+01
 1894   0.10162470E+02
 1895   0.17281100E+02
 1896   0.12833910E+02
 1897   0.82754900E+01
 1898   0.52451800E+01
 1899   0.33916000E+01
 1900   0.23329900E+01
 1901   0.16584000E+01
 1902   0.12408100E+01
 1903   0.96392000E+00
 1904   0.74816000E+00
 1905   0.59953000E+00
 1906   0.48559000E+00
 1907   0.69105000E+00
 1908   0.19972100E+01
 1909   0.91676200E+01
 1910   0.37262850E+02
 1911   0.34600070E+02
 1912   0.27972610E+02
 1913   0.61580990E+02
 1914   0.63383380E+02
 1915   0.39177010E+02
 1916   0.28293710E+02
 1917   0.23980860E+02
 1918   0.33202140E+02
 1919   0.30416110E+02
 1920   0.17830440E+02
 1921   0.10115200E+02
 1922   0.59711200E+01
 1923   0.38070500E+01
 1924   0.27447300E+01
 1925   0.31690100E+01
 1926   0.63860200E+01
 1927   0.14295720E+02
 1928   0.22462030E+02
 1929   0.24651810E+02
 1930   0.20771420E+02
 1931   0.15269990E+02
 1932   0.97901100E+01
 1933   0.61299300E+01
 1934   0.38984800E+01
 1935   0.25825900E+01
 1936   0.18601500E+01
 1937   0.21078500E+01
 1938   0.42963700E+01
 1939   0.22221500E+02
 1940   0.38808910E+02
 1941   0.22060650E+02
 1942   0.12925340E+02
 1943   0.87658800E+01
 1944   0.79273000E+01
 1945   0.15625950E+02
 1946   0.39291040E+02
 1947   0.47512910E+02
 1948   0.59366660E+02
 1949   0.70774110E+02
 1950   0.40497220E+02
 1951   0.22999530E+02
 1952   0.13840240E+02
 1953   0.86556000E+01
 1954   0.54339600E+01
 1955   0.34297300E+01
 1956   0.36953400E+01
 1957   0.37231800E+01
 1958   0.42246300E+01
 1959   0.39627000E+01
 1960   0.30783300E+01
 1961   0.22635900E+01
 1962   0.18415800E+01
 1963   0.14361600E+01
 1964   0.11653300E+01
 1965   0.96284000E+00
 1966   0.14411700E+01
 1967   0.30329200E+01
 1968   0.10041060E+02
 1969   0.16946650E+02
 1970   0.16058840E+02
 1971   0.11788410E+02
 1972   0.90114900E+01
 1973   0.75658400E+01
 1974   0.69190200E+01
 1975   0.69743000E+01
 1976   0.71094600E+01
 1977   0.74093700E+01
 1978   0.72033700E+01
 1979   0.66790600E+01
 1980   0.18955620E+02
 1981   0.75028460E+02
 1982   0.10592557E+03
 1983   0.18875816E+03
 1984   0.11159088E+03
 1985   0.71852270E+02
 1986   0.35975390E+02
 1987   0.19067110E+02
 1988   0.13913980E+02
 1989   0.30028660E+02
 1990   0.10675828E+03
 1991   0.12986202E+03
 1992   0.86660590E+02
 1993   0.85705420E+02
 1994   0.83807300E+02
 1995   0.57718290E+02
 1996   0.41526990E+02
 1997   0.29072480E+02
 1998   0.30285900E+02
 1999   0.62249290E+02
 2000   0.63340220E+02
 2001   0.39554920E+02
 2002   0.22606890E+02
 2003   0.14958140E+02
 2004   0.10576670E+02
 2005   0.90905700E+01
 2006   0.70619000E+01
 2007   0.61623300E+01
 2008   0.16776320E+02
 2009   0.54260920E+02
 2010   0.45352680E+02
 2011   0.24400450E+02
 2012   0.13189750E+02
 2013   0.75937000E+01
 2014   0.12784450E+02
 2015   0.48023720E+02
 2016   0.69450070E+02
 2017   0.20344387E+03
 2018   0.33651164E+03
 2019   0.21815834E+03
 2020   0.15350372E+03
 2021   0.13293273E+03
 2022   0.81954850E+02
 2023   0.49748160E+02
 2024   0.39708050E+02
 2025   0.29041170E+02
 2026   0.17270240E+02
 2027   0.10013300E+02
 2028   0.58980100E+01
 2029   0.35758100E+01
 2030   0.23053400E+01
 2031   0.15711300E+01
 2032   0.28299420E+02
 2033   0.25114495E+03
 2034   0.43814308E+03
 2035   0.46279931E+03
 2036   0.15163913E+03
 2037   0.61530140E+02
 2038   0.28922600E+02
 2039   0.14926110E+02
 2040   0.83583800E+01
 2041   0.28384140E+02
 2042   0.57455114E+03
 2043   0.28721418E+03
 2044   0.11987435E+03
 2045   0.75103880E+02
 2046   0.62187300E+02
 2047   0.78230400E+02
 2048   0.18640150E+03
 2049   0.16996790E+03
 2050   0.11197169E+03
 2051   0.62030600E+02
 2052   0.39447960E+03
 2053   0.31504238E+03
 2054   0.12012495E+03
 2055   0.45690790E+02
 2056   0.21180140E+02
 2057   0.11227320E+02
 2058   0.63489900E+01
 2059   0.38395900E+01
 2060   0.24555500E+01
 2061   0.16884200E+01
 2062   0.12134100E+01
 2063   0.73221500E+01
 2064   0.17518690E+02
 2065   0.16273810E+02
 2066   0.10338400E+02
 2067   0.62832300E+01
 2068   0.38671400E+01
 2069   0.25168800E+01
 2070   0.17544100E+01
 2071   0.12773000E+01
 2072   0.96418000E+00
 2073   0.71931400E+01
 2074   0.18296430E+02
 2075   0.20477840E+02
 2076   0.14626460E+02
 2077   0.10160900E+02
 2078   0.76556100E+01
 2079   0.35768920E+02
 2080   0.11991849E+03
 2081   0.53287800E+02
 2082   0.24099930E+02
 2083   0.35269370E+02
 2084   0.85700070E+02
 2085   0.45857190E+02
 2086   0.27457420E+02
 2087   0.18411200E+02
 2088   0.11461320E+02
 2089   0.74487500E+01
 2090   0.50777100E+01
 2091   0.36071700E+01
 2092   0.24371100E+01
 2093   0.16816300E+01
 2094   0.12315200E+01
 2095   0.91809000E+00
 2096   0.70575000E+00
 2097   0.55131000E+00
 2098   0.44487000E+00
 2099   0.35394000E+00
 2100   0.36253000E+00
 2101   0.98498000E+00
 2102   0.21053100E+01
 2103   0.43139300E+01
 2104   0.44756800E+01
 2105   0.34278300E+01
 2106   0.23432800E+01
 2107   0.16593500E+01
 2108   0.12286900E+01
 2109   0.94087000E+00
 2110   0.73751000E+00
 2111   0.58025000E+00
 2112   0.46079000E+00
 2113   0.37568000E+00
 2114   0.29839000E+00
 2115   0.20498000E+00
 2116   0.97970000E-01
 2117   0.62150000E-01
 2118   0.10052900E+01
 2119   0.77395100E+01
 2120   0.29153100E+02
 2121   0.18381110E+02
 2122   0.10348930E+02
 2123   0.59576800E+01
 2124   0.35954300E+01
 2125   0.23177600E+01
 2126   0.15854200E+01
 2127   0.11417700E+01
 2128   0.86242000E+00
 2129   0.66297000E+00
 2130   0.51059000E+00
 2131   0.43143000E+00
 2132   0.35591000E+00
 2133   0.28702000E+00
 2134   0.16999000E+00
 2135   0.86370000E-01
 2136   0.56270000E-01
 2137   0.44560000E-01
 2138   0.54690000E-01
 2139   0.65300000E-01
 2140   0.59650000E-01
 2141   0.50100000E-01
 2142   0.41260000E-01
 2143   0.34070000E-01
 2144   0.28430000E-01
 2145   0.24010000E-01
 2146   0.20540000E-01
 2147   0.17760000E-01
 2148   0.15520000E-01
 2149   0.13680000E-01
 2150   0.12170000E-01
 2151   0.10890000E-01
 2152   0.98200000E-02
 2153   0.89000000E-02
 2154   0.81100000E-02
 2155   0.74200000E-02
 2156   0.68200000E-02
 2157   0.63000000E-02
 2158   0.58600000E-02
 2159   0.18000000E-01
 2160   0.63920000E-01
 2161   0.77800000E-01
 2162   0.69440000E-01
 2163   0.56910000E-01
 2164   0.45780000E-01
 2165   0.37020000E-01
 2166   0.30330000E-01
 2167   0.25220000E-01
 2168   0.21270000E-01
 2169   0.18180000E-01
 2170   0.15720000E-01
 2171   0.13730000E-01
 2172   0.12100000E-01
 2173   0.10760000E-01
 2174   0.96300000E-02
 2175   0.86800000E-02
 2176   0.78700000E-02
 2177   0.71700000E-02
 2178   0.65600000E-02
 2179   0.60300000E-02
 2180   0.55600000E-02
 2181   0.51500000E-02
 2182   0.47900000E-02
 2183   0.34631000E+00
 2184   0.12197700E+01
 2185   0.10293190E+02
 2186   0.38608670E+02
 2187   0.33850590E+02
 2188   0.18347000E+02
 2189   0.10235360E+02
 2190   0.60524700E+01
 2191   0.38265000E+01
 2192   0.25996700E+01
 2193   0.18773600E+01
 2194   0.14065800E+01
 2195   0.10872500E+01
 2196   0.84374000E+00
 2197   0.65872000E+00
 2198   0.51501000E+00
 2199   0.43095000E+00
 2200   0.35427000E+00
 2201   0.28763000E+00
 2202   0.17953000E+00
 2203   0.87520000E-01
 2204   0.55910000E-01
 2205   0.40000000E-01
 2206   0.30620000E-01
 2207   0.24500000E-01
 2208   0.20220000E-01
 2209   0.17080000E-01
 2210   0.14700000E-01
 2211   0.12860000E-01
 2212   0.11390000E-01
 2213   0.10200000E-01
 2214   0.92100000E-02
 2215   0.83800000E-02
 2216   0.76600000E-02
 2217   0.70500000E-02
 2218   0.65100000E-02
 2219   0.60300000E-02
 2220   0.56100000E-02
 2221   0.52400000E-02
 2222   0.49000000E-02
 2223   0.46500000E-02
 2224   0.53600000E-02
 2225   0.37010000E-01
 2226   0.11193000E+00
 2227   0.13836000E+00
 2228   0.13152000E+00
 2229   0.10597000E+00
 2230   0.81620000E-01
 2231   0.63210000E-01
 2232   0.49900000E-01
 2233   0.40230000E-01
 2234   0.33100000E-01
 2235   0.28380000E-01
 2236   0.25820000E-01
 2237   0.24080000E-01
 2238   0.22430000E-01
 2239   0.20720000E-01
 2240   0.19000000E-01
 2241   0.17360000E-01
 2242   0.15830000E-01
 2243   0.14430000E-01
 2244   0.13180000E-01
 2245   0.12050000E-01
 2246   0.11040000E-01
 2247   0.10140000E-01
 2248   0.93300000E-02
 2249   0.86000000E-02
 2250   0.79500000E-02
 2251   0.73700000E-02
 2252   0.68400000E-02
 2253   0.63700000E-02
 2254   0.62700000E-02
 2255   0.30452000E+00
 2256   0.34752000E+00
 2257   0.39338000E+00
 2258   0.43533000E+00
 2259   0.44901000E+00
 2260   0.44576000E+00
 2261   0.42540000E+00
 2262   0.39540000E+00
 2263   0.35165000E+00
 2264   0.30880000E+00
 2265   0.24328000E+00
 2266   0.21913400E+01
 2267   0.83051600E+01
 2268   0.14339410E+02
 2269   0.12270460E+02
 2270   0.14279220E+02
 2271   0.87494630E+02
 2272   0.14893834E+03
 2273   0.81856340E+02
 2274   0.38613200E+02
 2275   0.19529420E+02
 2276   0.10756680E+02
 2277   0.62401500E+01
 2278   0.37888900E+01
 2279   0.24482900E+01
 2280   0.21070400E+01
 2281   0.16542690E+02
 2282   0.12846286E+03
 2283   0.69078970E+02
 2284   0.50635680E+02
 2285   0.14967046E+03
 2286   0.10354832E+03
 2287   0.40903330E+02
 2288   0.19481400E+02
 2289   0.10335920E+02
 2290   0.58464700E+01
 2291   0.91273100E+01
 2292   0.17989390E+02
 2293   0.22740540E+02
 2294   0.14359800E+02
 2295   0.85197000E+01
 2296   0.51362700E+01
 2297   0.33251300E+01
 2298   0.26421000E+01
 2299   0.18962600E+01
 2300   0.13990400E+01
 2301   0.11960000E+01
 2302   0.11548900E+01
 2303   0.99600000E+00
 2304   0.17527700E+01
 2305   0.37095900E+01
 2306   0.77875700E+01
 2307   0.84583100E+01
 2308   0.68873200E+01
 2309   0.53502800E+01
 2310   0.44873400E+01
 2311   0.33362700E+01
 2312   0.24505700E+01
 2313   0.18387400E+01
 2314   0.14715600E+01
 2315   0.29583900E+01
 2316   0.70742500E+01
 2317   0.13068040E+02
 2318   0.12435530E+02
 2319   0.87099200E+01
 2320   0.56808800E+01
 2321   0.36815200E+01
 2322   0.24567900E+01
 2323   0.27425700E+01
 2324   0.49706300E+01
 2325   0.16424840E+02
 2326   0.22899760E+02
 2327   0.18964800E+02
 2328   0.23702530E+02
 2329   0.47122190E+02
 2330   0.50175830E+02
 2331   0.38563040E+02
 2332   0.38430480E+02
 2333   0.11097738E+03
 2334   0.87380500E+02
 2335   0.40743130E+02
 2336   0.21640340E+02
 2337   0.12707840E+02
 2338   0.78395100E+01
 2339   0.48261400E+01
 2340   0.29735900E+01
 2341   0.21088000E+01
 2342   0.18454300E+01
 2343   0.23897400E+01
 2344   0.36384700E+01
 2345   0.69251300E+01
 2346   0.98051200E+01
 2347   0.93719500E+01
 2348   0.69627200E+01
 2349   0.47011400E+01
 2350   0.33065070E+03
 2351   0.32041831E+03
 2352   0.13691704E+03
 2353   0.21225519E+03
 2354   0.95969880E+02
 2355   0.38671540E+02
 2356   0.18792210E+02
 2357   0.10427350E+02
 2358   0.74913000E+01
 2359   0.54214600E+01
 2360   0.45397000E+01
 2361   0.38439000E+01
 2362   0.43014800E+01
 2363   0.11366750E+02
 2364   0.81358560E+02
 2365   0.87250890E+02
 2366   0.12019971E+03
 2367   0.19629670E+03
 2368   0.13004362E+03
 2369   0.63329360E+02
 2370   0.29735380E+02
 2371   0.15161940E+02
 2372   0.12185750E+02
 2373   0.26123340E+02
 2374   0.99996050E+02
 2375   0.19243472E+03
 2376   0.13289355E+03
 2377   0.97772550E+02
 2378   0.19166826E+03
 2379   0.18693738E+03
 2380   0.10807862E+03
 2381   0.57097070E+02
 2382   0.38544320E+02
 2383   0.39297930E+02
 2384   0.45237860E+02
 2385   0.40942590E+02
 2386   0.31936430E+02
 2387   0.21787010E+02
 2388   0.15752320E+02
 2389   0.12564420E+02
 2390   0.98719100E+01
 2391   0.73529800E+01
 2392   0.51171000E+01
 2393   0.34245700E+01
 2394   0.69528200E+01
 2395   0.25285980E+02
 2396   0.25904250E+02
 2397   0.16023690E+02
 2398   0.94517800E+01
 2399   0.55615000E+01
 2400   0.33714000E+01
 2401   0.22011400E+01
 2402   0.15358700E+01
 2403   0.11135100E+01
 2404   0.83441000E+00
 2405   0.10613200E+01
 2406   0.12726600E+01
 2407   0.24598600E+01
 2408   0.28823700E+01
 2409   0.24201600E+01
 2410   0.18550600E+01
 2411   0.39659200E+01
 2412   0.74755660E+02
 2413   0.47606890E+02
 2414   0.23861890E+02
 2415   0.12736090E+02
 2416   0.72815600E+01
 2417   0.51514500E+01
 2418   0.74066100E+01
 2419   0.35804240E+02
 2420   0.38200200E+02
 2421   0.20972070E+02
 2422   0.11490660E+02
 2423   0.75262100E+01
 2424   0.16965004E+03
 2425   0.17455161E+03
 2426   0.30644043E+03
 2427   0.14162576E+03
 2428   0.49086490E+02
 2429   0.21832520E+02
 2430   0.11749820E+02
 2431   0.67172890E+02
 2432   0.55653488E+03
 2433   0.46947785E+03
 2434   0.15663634E+03
 2435   0.54045590E+02
 2436   0.24636290E+02
 2437   0.12926470E+02
 2438   0.73884200E+01
 2439   0.44245300E+01
 2440   0.27784500E+01
 2441   0.81466300E+01
 2442   0.15738360E+02
 2443   0.16828580E+02
 2444   0.11175770E+02
 2445   0.67340800E+01
 2446   0.41986900E+01
 2447   0.27438800E+01
 2448   0.18600960E+02
 2449   0.99264520E+02
 2450   0.48881910E+02
 2451   0.23119650E+02
 2452   0.12077350E+02
 2453   0.69448100E+01
 2454   0.41635000E+01
 2455   0.75533600E+01
 2456   0.18239020E+02
 2457   0.18505900E+02
 2458   0.11695350E+02
 2459   0.70893100E+01
 2460   0.43485800E+01
 2461   0.27736000E+01
 2462   0.18640300E+01
 2463   0.13187100E+01
 2464   0.97907000E+00
 2465   0.74632000E+00
 2466   0.58229000E+00
 2467   0.45691000E+00
 2468   0.41367000E+00
 2469   0.36113000E+00
 2470   0.31748000E+00
 2471   0.26280000E+00
 2472   0.20163000E+00
 2473   0.11924000E+00
 2474   0.83360000E-01
 2475   0.62440000E-01
 2476   0.48850000E-01
 2477   0.39400000E-01
 2478   0.32530000E-01
 2479   0.27350000E-01
 2480   0.23340000E-01
 2481   0.20180000E-01
 2482   0.17620000E-01
 2483   0.15540000E-01
 2484   0.13800000E-01
 2485   0.12350000E-01
 2486   0.11130000E-01
 2487   0.10100000E-01
 2488   0.92000000E-02
 2489   0.84100000E-02
 2490   0.77100000E-02
 2491   0.71100000E-02
 2492   0.65700000E-02
 2493   0.60900000E-02
 2494   0.56700000E-02
 2495   0.52900000E-02
 2496   0.49400000E-02
 2497   0.46300000E-02
 2498   0.43500000E-02
 2499   0.40900000E-02
 2500   0.38600000E-02
 2501   0.36500000E-02
 2502   0.34500000E-02
 2503   0.32700000E-02
 2504   0.31000000E-02
 2505   0.29500000E-02
 2506   0.28100000E-02
 2507   0.26700000E-02
 2508   0.25500000E-02
 2509   0.24400000E-02
 2510   0.23300000E-02
 2511   0.22300000E-02
 2512   0.21400000E-02
 2513   0.20500000E-02
 2514   0.19700000E-02
 2515   0.18900000E-02
 2516   0.18200000E-02
 2517   0.17500000E-02
 2518   0.16800000E-02
 2519   0.16200000E-02
 2520   0.15600000E-02
 2521   0.15100000E-02
 2522   0.14600000E-02
 2523   0.39600000E-02
 2524   0.71400000E-02
 2525   0.12960000E-01
 2526   0.58150000E-01
 2527   0.79910000E-01
 2528   0.76680000E-01
 2529   0.66440000E-01
 2530   0.55690000E-01
 2531   0.46420000E-01
 2532   0.38900000E-01
 2533   0.32890000E-01
 2534   0.28080000E-01
 2535   0.24210000E-01
 2536   0.21070000E-01
 2537   0.18490000E-01
 2538   0.16350000E-01
 2539   0.14550000E-01
 2540   0.13040000E-01
 2541   0.11750000E-01
 2542   0.10640000E-01
 2543   0.10620000E-01
 2544   0.98989000E+00
 2545   0.41574900E+01
 2546   0.92237300E+01
 2547   0.10630610E+02
 2548   0.75433900E+01
 2549   0.49705600E+01
 2550   0.33499300E+01
 2551   0.23697400E+01
 2552   0.17496400E+01
 2553   0.13219300E+01
 2554   0.10224000E+01
 2555   0.79125000E+00
 2556   0.61049000E+00
 2557   0.47167000E+00
 2558   0.39534000E+00
 2559   0.32494000E+00
 2560   0.24034000E+00
 2561   0.12867000E+00
 2562   0.38868000E+00
 2563   0.87631000E+00
 2564   0.52792900E+01
 2565   0.12389990E+02
 2566   0.11598950E+02
 2567   0.85387600E+01
 2568   0.56801900E+01
 2569   0.39652800E+01
 2570   0.28863200E+01
 2571   0.22250200E+01
 2572   0.17764800E+01
 2573   0.14237000E+01
 2574   0.11464000E+01
 2575   0.90940000E+00
 2576   0.71326000E+00
 2577   0.61487000E+00
 2578   0.52374000E+00
 2579   0.46622000E+00
 2580   0.62075000E+00
 2581   0.81286000E+00
 2582   0.10446100E+01
 2583   0.20006900E+01
 2584   0.28062400E+01
 2585   0.26121500E+01
 2586   0.20435800E+01
 2587   0.15797100E+01
 2588   0.23535000E+01
 2589   0.61678600E+01
 2590   0.24622230E+02
 2591   0.38490440E+02
 2592   0.26367000E+02
 2593   0.15600030E+02
 2594   0.92880700E+01
 2595   0.84369700E+01
 2596   0.80622500E+01
 2597   0.82220800E+01
 2598   0.84333100E+01
 2599   0.10895210E+02
 2600   0.17483710E+02
 2601   0.17996130E+02
 2602   0.11766120E+02
 2603   0.71916500E+01
 2604   0.45467500E+01
 2605   0.29728400E+01
 2606   0.20573300E+01
 2607   0.14770100E+01
 2608   0.37391800E+01
 2609   0.36863150E+02
 2610   0.51121700E+02
 2611   0.31788650E+02
 2612   0.21914760E+02
 2613   0.16238420E+02
 2614   0.11295920E+02
 2615   0.71674900E+01
 2616   0.45355800E+01
 2617   0.28918400E+01
 2618   0.20048300E+01
 2619   0.16781700E+01
 2620   0.14185200E+01
 2621   0.12602400E+01
 2622   0.11018900E+01
 2623   0.17502200E+01
 2624   0.25253600E+01
 2625   0.51950900E+01
 2626   0.11686180E+02
 2627   0.11199550E+02
 2628   0.97469300E+01
 2629   0.76102000E+01
 2630   0.53633300E+01
 2631   0.36997400E+01
 2632   0.26321600E+01
 2633   0.19743700E+01
 2634   0.15437000E+01
 2635   0.12884900E+01
 2636   0.10243500E+01
 2637   0.81560000E+00
 2638   0.64980000E+00
 2639   0.52325000E+00
 2640   0.43462000E+00
 2641   0.11779500E+01
 2642   0.16033300E+01
 2643   0.36634200E+01
 2644   0.65234000E+01
 2645   0.88848200E+01
 2646   0.84709600E+01
 2647   0.81806200E+01
 2648   0.65230800E+01
 2649   0.54087500E+01
 2650   0.50653900E+01
 2651   0.42220300E+01
 2652   0.31446400E+01
 2653   0.37279100E+01
 2654   0.35340600E+01
 2655   0.36501800E+01
 2656   0.37085300E+01
 2657   0.32300100E+01
 2658   0.17635840E+02
 2659   0.68775800E+02
 2660   0.63307690E+02
 2661   0.47357030E+02
 2662   0.38476830E+02
 2663   0.35322510E+02
 2664   0.41500970E+02
 2665   0.32616370E+02
 2666   0.18847610E+02
 2667   0.11232770E+02
 2668   0.68666900E+01
 2669   0.44765800E+01
 2670   0.29532700E+01
 2671   0.20330100E+01
 2672   0.19792900E+01
 2673   0.23870900E+01
 2674   0.31101600E+01
 2675   0.37493200E+01
 2676   0.34523500E+01
 2677   0.30352400E+01
 2678   0.28343800E+01
 2679   0.12120640E+02
 2680   0.17421004E+03
 2681   0.69085570E+02
 2682   0.29652620E+02
 2683   0.17398320E+02
 2684   0.25042450E+02
 2685   0.11096616E+03
 2686   0.58412370E+02
 2687   0.27027430E+02
 2688   0.15879330E+02
 2689   0.11506070E+02
 2690   0.11400280E+02
 2691   0.12467290E+02
 2692   0.14501050E+02
 2693   0.12321050E+02
 2694   0.10538750E+02
 2695   0.88780200E+01
 2696   0.94194600E+01
 2697   0.30522240E+02
 2698   0.11604727E+03
 2699   0.72821910E+02
 2700   0.34825480E+02
 2701   0.19003060E+02
 2702   0.13772180E+02
 2703   0.10996570E+02
 2704   0.10525330E+02
 2705   0.10445130E+02
 2706   0.89339900E+01
 2707   0.64827400E+01
 2708   0.46150500E+01
 2709   0.34791500E+01
 2710   0.32739500E+01
 2711   0.56196100E+01
 2712   0.16207530E+02
 2713   0.44129880E+02
 2714   0.59663500E+02
 2715   0.44983720E+02
 2716   0.29150530E+02
 2717   0.10521014E+03
 2718   0.29550279E+03
 2719   0.29691381E+03
 2720   0.14509701E+03
 2721   0.10090297E+03
 2722   0.31445683E+03
 2723   0.55230580E+03
 2724   0.35940054E+03
 2725   0.10030207E+03
 2726   0.38964200E+02
 2727   0.19756470E+02
 2728   0.19134040E+02
 2729   0.65224050E+02
 2730   0.21963529E+03
 2731   0.15150786E+03
 2732   0.60987640E+02
 2733   0.50166360E+02
 2734   0.22478572E+03
 2735   0.15356564E+03
 2736   0.72898200E+02
 2737   0.70612840E+02
 2738   0.15136141E+03
 2739   0.92001910E+02
 2740   0.17161242E+03
 2741   0.29981210E+03
 2742   0.28296349E+03
 2743   0.12654911E+03
 2744   0.45684560E+02
 2745   0.65360820E+02
 2746   0.35622398E+03
 2747   0.24071515E+03
 2748   0.35164728E+03
 2749   0.35978314E+03
 2750   0.34632046E+03
 2751   0.26291958E+03
 2752   0.16439920E+03
 2753   0.92558790E+02
 2754   0.41366040E+02
 2755   0.20829670E+02
 2756   0.11530710E+02
 2757   0.68406400E+01
 2758   0.41038100E+01
 2759   0.26469300E+01
 2760   0.18953300E+01
 2761   0.19639200E+01
 2762   0.96222700E+01
 2763   0.39438750E+02
 2764   0.30627470E+02
 2765   0.16792510E+02
 2766   0.94283000E+01
 2767   0.10754100E+02
 2768   0.38911430E+02
 2769   0.83218040E+02
 2770   0.79565670E+02
 2771   0.38111930E+02
 2772   0.21889910E+02
 2773   0.14171380E+02
 2774   0.93733100E+01
 2775   0.65133600E+01
 2776   0.77167300E+01
 2777   0.83808300E+01
 2778   0.10720350E+02
 2779   0.91918600E+01
 2780   0.69262500E+01
 2781   0.46497600E+01
 2782   0.29400800E+01
 2783   0.21599200E+01
 2784   0.30191600E+01
 2785   0.62817900E+01
 2786   0.14191220E+02
 2787   0.27679440E+02
 2788   0.43382120E+02
 2789   0.33907760E+02
 2790   0.21227820E+02
 2791   0.12177000E+02
 2792   0.70725800E+01
 2793   0.44104800E+01
 2794   0.28242100E+01
 2795   0.19801100E+01
 2796   0.14333400E+01
 2797   0.11291300E+01
 2798   0.86673000E+00
 2799   0.67987000E+00
 2800   0.53587000E+00
 2801   0.45900000E+00
 2802   0.41360084E+03
 2803   0.22024447E+03
 2804   0.97968280E+02
 2805   0.47458230E+02
 2806   0.24384640E+02
 2807   0.13185710E+02
 2808   0.75698100E+01
 2809   0.48362000E+01
 2810   0.31443300E+01
 2811   0.22867400E+01
 2812   0.17337600E+01
 2813   0.13048400E+01
 2814   0.10173600E+01
 2815   0.79967000E+00
 2816   0.96579800E+01
 2817   0.28128360E+02
 2818   0.19867440E+02
 2819   0.11293380E+02
 2820   0.64230800E+01
 2821   0.37867300E+01
 2822   0.24141100E+01
 2823   0.16541500E+01
 2824   0.12425300E+01
 2825   0.12469300E+01
 2826   0.12568100E+01
 2827   0.14695800E+01
 2828   0.15238800E+01
 2829   0.12896200E+01
 2830   0.10187400E+01
 2831   0.79353000E+00
 2832   0.63314000E+00
 2833   0.49501000E+00
 2834   0.40952000E+00
 2835   0.33376000E+00
 2836   0.40167000E+00
 2837   0.38687000E+00
 2838   0.37490000E+00
 2839   0.36045000E+00
 2840   0.33732000E+00
 2841   0.31029000E+00
 2842   0.28539000E+00
 2843   0.25352000E+00
 2844   0.22202000E+00
 2845   0.17722000E+00
 2846   0.12459000E+00
 2847   0.86440000E-01
 2848   0.62880000E-01
 2849   0.47850000E-01
 2850   0.37760000E-01
 2851   0.30660000E-01
 2852   0.25590000E-01
 2853   0.22450000E-01
 2854   0.20570000E-01
 2855   0.19140000E-01
 2856   0.17820000E-01
 2857   0.16490000E-01
 2858   0.15170000E-01
 2859   0.13890000E-01
 2860   0.12690000E-01
 2861   0.11590000E-01
 2862   0.10590000E-01
 2863   0.96900000E-02
 2864   0.88800000E-02
 2865   0.81500000E-02
 2866   0.75100000E-02
 2867   0.69300000E-02
 2868   0.64100000E-02
 2869   0.59500000E-02
 2870   0.55300000E-02
 2871   0.51500000E-02
 2872   0.48100000E-02
 2873   0.45100000E-02
 2874   0.42300000E-02
 2875   0.39700000E-02
 2876   0.37400000E-02
 2877   0.35300000E-02
 2878   0.33300000E-02
 2879   0.31600000E-02
 2880   0.28569800E+01
 2881   0.70717840E+02
 2882   0.63962960E+02
 2883   0.29627920E+02
 2884   0.14842530E+02
 2885   0.82044200E+01
 2886   0.47550800E+01
 2887   0.29522600E+01
 2888   0.20140500E+01
 2889   0.14665600E+01
 2890   0.11231900E+01
 2891   0.88009000E+00
 2892   0.68345000E+00
 2893   0.52794000E+00
 2894   0.43378000E+00
 2895   0.34983000E+00
 2896   0.27745000E+00
 2897   0.15137000E+00
 2898   0.80550000E-01
 2899   0.27229000E+00
 2900   0.36756000E+00
 2901   0.39601000E+00
 2902   0.42686000E+00
 2903   0.45124000E+00
 2904   0.45969000E+00
 2905   0.44127000E+00
 2906   0.40720000E+00
 2907   0.36670000E+00
 2908   0.32646000E+00
 2909   0.28657000E+00
 2910   0.23435000E+00
 2911   0.15888000E+00
 2912   0.95450000E-01
 2913   0.65390000E-01
 2914   0.48200000E-01
 2915   0.37350000E-01
 2916   0.29980000E-01
 2917   0.24720000E-01
 2918   0.20820000E-01
 2919   0.17820000E-01
 2920   0.15470000E-01
 2921   0.13580000E-01
 2922   0.12030000E-01
 2923   0.10750000E-01
 2924   0.96800000E-02
 2925   0.87600000E-02
 2926   0.79800000E-02
 2927   0.73000000E-02
 2928   0.67100000E-02
 2929   0.61900000E-02
 2930   0.57300000E-02
 2931   0.53300000E-02
 2932   0.49600000E-02
 2933   0.46400000E-02
 2934   0.43400000E-02
 2935   0.40800000E-02
 2936   0.38400000E-02
 2937   0.36200000E-02
 2938   0.34200000E-02
 2939   0.32300000E-02
 2940   0.30700000E-02
 2941   0.34200000E-02
 2942   0.35800000E-02
 2943   0.35000000E-02
 2944   0.33600000E-02
 2945   0.32300000E-02
 2946   0.24085000E+00
 2947   0.55917000E+00
 2948   0.24950600E+01
 2949   0.58674800E+01
 2950   0.82598900E+01
 2951   0.74740600E+01
 2952   0.66839600E+01
 2953   0.17370120E+02
 2954   0.33192950E+02
 2955   0.23242570E+02
 2956   0.13120640E+02
 2957   0.76936300E+01
 2958   0.47582200E+01
 2959   0.40065700E+01
 2960   0.22543390E+02
 2961   0.59750360E+02
 2962   0.38304030E+02
 2963   0.48207130E+02
 2964   0.50968170E+02
 2965   0.33701610E+02
 2966   0.22697530E+02
 2967   0.16063030E+02
 2968   0.15116140E+02
 2969   0.15600990E+02
 2970   0.16698840E+02
 2971   0.16277800E+02
 2972   0.13199770E+02
 2973   0.11776610E+02
 2974   0.10686290E+02
 2975   0.81498700E+01
 2976   0.56447600E+01
 2977   0.41493500E+01
 2978   0.30989600E+01
 2979   0.23848500E+01
 2980   0.18612300E+01
 2981   0.30930400E+01
 2982   0.35909700E+01
 2983   0.45276600E+01
 2984   0.73284900E+01
 2985   0.14231290E+02
 2986   0.22201910E+02
 2987   0.15719940E+02
 2988   0.10629560E+02
 2989   0.52538120E+02
 2990   0.12313276E+03
 2991   0.70531530E+02
 2992   0.58714520E+02
 2993   0.77063490E+02
 2994   0.57725580E+02
 2995   0.44003560E+02
 2996   0.32506220E+02
 2997   0.34896300E+02
 2998   0.40111570E+02
 2999   0.30580630E+02
 3000   0.20339970E+02
 3001   0.13474330E+02
 3002   0.96621700E+01
 3003   0.70195800E+01
 3004   0.48832800E+01
 3005   0.33093400E+01
 3006   0.23223900E+01
 3007   0.16749800E+01
 3008   0.12423800E+01
 3009   0.95001000E+00
 3010   0.77928000E+00
 3011   0.62529000E+00
 3012   0.51882000E+00
 3013   0.46481000E+00
 3014   0.42126000E+00
 3015   0.38480000E+00
 3016   0.35267000E+00
 3017   0.27280300E+01
 3018   0.93448400E+01
 3019   0.14519210E+02
 3020   0.10806990E+02
 3021   0.68779200E+01
 3022   0.44378200E+01
 3023   0.19009490E+02
 3024   0.95061310E+02
 3025   0.49359730E+02
 3026   0.25172990E+02
 3027   0.13576790E+02
 3028   0.77966900E+01
 3029   0.46294000E+01
 3030   0.28799000E+01
 3031   0.19585500E+01
 3032   0.14077100E+01
 3033   0.12020300E+01
 3034   0.95826000E+00
 3035   0.80387000E+00
 3036   0.70395000E+00
 3037   0.60918000E+00
 3038   0.51543000E+00
 3039   0.43673000E+00
 3040   0.35881000E+00
 3041   0.29229000E+00
 3042   0.18938000E+00
 3043   0.91550000E-01
 3044   0.60680000E-01
 3045   0.57280000E-01
 3046   0.83265000E+00
 3047   0.54221550E+02
 3048   0.11835345E+03
 3049   0.56899030E+02
 3050   0.29097660E+02
 3051   0.24792860E+02
 3052   0.33607980E+02
 3053   0.95783150E+02
 3054   0.11957778E+03
 3055   0.79874040E+02
 3056   0.41816040E+02
 3057   0.26560540E+02
 3058   0.84025450E+02
 3059   0.14053538E+03
 3060   0.60336550E+02
 3061   0.47189570E+02
 3062   0.92949110E+02
 3063   0.12096449E+03
 3064   0.10221265E+03
 3065   0.11303952E+03
 3066   0.12096689E+03
 3067   0.90547590E+02
 3068   0.55974220E+02
 3069   0.42538470E+02
 3070   0.41312380E+02
 3071   0.34448650E+02
 3072   0.44406060E+02
 3073   0.80202050E+02
 3074   0.12525717E+03
 3075   0.24416268E+03
 3076   0.91751120E+02
 3077   0.37290450E+02
 3078   0.17984680E+02
 3079   0.96950100E+01
 3080   0.55359700E+01
 3081   0.40348700E+01
 3082   0.86033880E+02
 3083   0.11475179E+03
 3084   0.45856450E+02
 3085   0.21543240E+02
 3086   0.11454060E+02
 3087   0.65507400E+01
 3088   0.40009300E+01
 3089   0.26461500E+01
 3090   0.65047200E+01
 3091   0.10701700E+02
 3092   0.11527800E+02
 3093   0.84410000E+01
 3094   0.55147900E+01
 3095   0.38490400E+01
 3096   0.37380700E+01
 3097   0.75772300E+01
 3098   0.47356560E+02
 3099   0.64326200E+02
 3100   0.37246950E+02
 3101   0.19882030E+02
 3102   0.11126150E+02
 3103   0.64871600E+01
 3104   0.39572500E+01
 3105   0.26369700E+01
 3106   0.23024900E+01
 3107   0.47923700E+01
 3108   0.81335050E+02
 3109   0.25765562E+03
 3110   0.21477069E+03
 3111   0.28441355E+03
 3112   0.72768335E+03
 3113   0.48976643E+03
 3114   0.19501108E+03
 3115   0.24964458E+03
 3116   0.28753756E+03
 3117   0.24586045E+03
 3118   0.20146138E+03
 3119   0.10877306E+03
 3120   0.42503950E+02
 3121   0.32549860E+02
 3122   0.29288130E+03
 3123   0.21851637E+03
 3124   0.10682978E+03
 3125   0.84012070E+02
 3126   0.90251900E+02
 3127   0.11548500E+03
 3128   0.12573693E+03
 3129   0.87961090E+02
 3130   0.52590370E+02
 3131   0.35638910E+02
 3132   0.21447990E+02
 3133   0.12532560E+02
 3134   0.74510800E+01
 3135   0.45358900E+01
 3136   0.32645700E+01
 3137   0.22569400E+01
 3138   0.89557400E+01
 3139   0.80254070E+02
 3140   0.88369890E+02
 3141   0.43883760E+02
 3142   0.21131340E+02
 3143   0.11973130E+02
 3144   0.73488400E+01
 3145   0.50335700E+01
 3146   0.34305800E+01
 3147   0.62502100E+01
 3148   0.53448930E+02
 3149   0.45072020E+02
 3150   0.21232860E+02
 3151   0.11197060E+02
 3152   0.78643500E+01
 3153   0.65899500E+01
 3154   0.53752000E+01
 3155   0.44252600E+01
 3156   0.39649200E+01
 3157   0.55018400E+01
 3158   0.57399300E+01
 3159   0.48357900E+01
 3160   0.33598200E+01
 3161   0.22653800E+01
 3162   0.16717700E+01
 3163   0.12325200E+01
 3164   0.94064000E+00
 3165   0.73506000E+00
 3166   0.36844700E+01
 3167   0.89009830E+02
 3168   0.13711400E+03
 3169   0.85490070E+02
 3170   0.11294184E+04
 3171   0.79485920E+03
 3172   0.34556444E+03
 3173   0.26518089E+03
 3174   0.13114433E+03
 3175   0.58026740E+02
 3176   0.28337170E+02
 3177   0.16942740E+02
 3178   0.10024750E+02
 3179   0.63393000E+01
 3180   0.42657700E+01
 3181   0.30725900E+01
 3182   0.22171400E+01
 3183   0.48481900E+01
 3184   0.69845200E+01
 3185   0.86202500E+01
 3186   0.69456800E+01
 3187   0.31720654E+03
 3188   0.37147703E+03
 3189   0.12104615E+03
 3190   0.48929190E+02
 3191   0.22836900E+02
 3192   0.17744970E+02
 3193   0.16450400E+02
 3194   0.17929340E+02
 3195   0.12873030E+02
 3196   0.79213200E+01
 3197   0.48511700E+01
 3198   0.30325500E+01
 3199   0.20140300E+01
 3200   0.14133800E+01
 3201   0.10519000E+01
 3202   0.79354000E+00
 3203   0.60386000E+00
 3204   0.46870000E+00
 3205   0.39486000E+00
 3206   0.32264000E+00
 3207   0.23651000E+00
 3208   0.12404000E+00
 3209   0.71490000E-01
 3210   0.48670000E-01
 3211   0.24065000E+00
 3212   0.24109000E+00
 3213   0.22469000E+00
 3214   0.16833000E+00
 3215   0.10817000E+00
 3216   0.74800000E-01
 3217   0.54820000E-01
 3218   0.42010000E-01
 3219   0.33320000E-01
 3220   0.27150000E-01
 3221   0.22610000E-01
 3222   0.51423000E+00
 3223   0.14028300E+01
 3224   0.45699900E+01
 3225   0.47831000E+01
 3226   0.35668500E+01
 3227   0.24125600E+01
 3228   0.17121600E+01
 3229   0.12471600E+01
 3230   0.93579000E+00
 3231   0.81378000E+00
 3232   0.64725000E+00
 3233   0.51586000E+00
 3234   0.42630000E+00
 3235   0.34424000E+00
 3236   0.27892000E+00
 3237   0.15498000E+00
 3238   0.85370000E-01
 3239   0.57700000E-01
 3240   0.42860000E-01
 3241   0.33660000E-01
 3242   0.27420000E-01
 3243   0.22930000E-01
 3244   0.19540000E-01
 3245   0.16910000E-01
 3246   0.14800000E-01
 3247   0.13290000E-01
 3248   0.11910000E-01
 3249   0.10700000E-01
 3250   0.96700000E-02
 3251   0.88000000E-02
 3252   0.80500000E-02
 3253   0.74000000E-02
 3254   0.68200000E-02
 3255   0.63200000E-02
 3256   0.58700000E-02
 3257   0.54700000E-02
 3258   0.51100000E-02
 3259   0.47800000E-02
 3260   0.44900000E-02
 3261   0.42300000E-02
 3262   0.39900000E-02
 3263   0.37700000E-02
 3264   0.35700000E-02
 3265   0.33800000E-02
 3266   0.32100000E-02
 3267   0.30500000E-02
 3268   0.29100000E-02
 3269   0.27700000E-02
 3270   0.43800000E-02
 3271   0.84200000E-02
 3272   0.10650000E-01
 3273   0.44690000E-01
 3274   0.80780000E-01
 3275   0.82680000E-01
 3276   0.72710000E-01
 3277   0.60900000E-01
 3278   0.50480000E-01
 3279   0.42010000E-01
 3280   0.35290000E-01
 3281   0.29960000E-01
 3282   0.25700000E-01
 3283   0.22260000E-01
 3284   0.19450000E-01
 3285   0.17140000E-01
 3286   0.15210000E-01
 3287   0.13590000E-01
 3288   0.12210000E-01
 3289   0.11040000E-01
 3290   0.10210000E-01
 3291   0.93800000E-02
 3292   0.86000000E-02
 3293   0.15010000E-01
 3294   0.17500000E-01
 3295   0.20220000E-01
 3296   0.51830000E-01
 3297   0.86140000E-01
 3298   0.85920000E-01
 3299   0.73380000E-01
 3300   0.90731000E+00
 3301   0.49692800E+01
 3302   0.14124050E+02
 3303   0.13555670E+02
 3304   0.11256290E+02
 3305   0.84958100E+01
 3306   0.70373300E+01
 3307   0.55914300E+01
 3308   0.41683000E+01
 3309   0.29724400E+01
 3310   0.22222000E+01
 3311   0.16964200E+01
 3312   0.13178800E+01
 3313   0.21111300E+01
 3314   0.21034600E+01
 3315   0.30054000E+01
 3316   0.46293200E+01
 3317   0.74540900E+01
 3318   0.82152900E+01
 3319   0.74873300E+01
 3320   0.56133900E+01
 3321   0.39633300E+01
 3322   0.27344800E+01
 3323   0.19797400E+01
 3324   0.14719000E+01
 3325   0.11223600E+01
 3326   0.86528000E+00
 3327   0.77424000E+00
 3328   0.19236800E+01
 3329   0.33546000E+01
 3330   0.60332800E+01
 3331   0.78675300E+01
 3332   0.77816500E+01
 3333   0.13523470E+02
 3334   0.28521430E+02
 3335   0.26779890E+02
 3336   0.16821510E+02
 3337   0.10327490E+02
 3338   0.63781600E+01
 3339   0.40920500E+01
 3340   0.27362700E+01
 3341   0.19524000E+01
 3342   0.14565600E+01
 3343   0.11152400E+01
 3344   0.85870000E+00
 3345   0.65900000E+00
 3346   0.67279000E+00
 3347   0.74394000E+00
 3348   0.33288100E+01
 3349   0.86965600E+01
 3350   0.15614680E+02
 3351   0.11367140E+02
 3352   0.70594500E+01
 3353   0.44351200E+01
 3354   0.29724100E+01
 3355   0.20585000E+01
 3356   0.14759100E+01
 3357   0.15843100E+01
 3358   0.23049800E+01
 3359   0.17418060E+02
 3360   0.36364220E+02
 3361   0.26844410E+02
 3362   0.18397590E+02
 3363   0.13790000E+02
 3364   0.11907860E+02
 3365   0.18509940E+02
 3366   0.41694580E+02
 3367   0.30665430E+02
 3368   0.17400980E+02
 3369   0.15507570E+02
 3370   0.26526140E+02
 3371   0.51169390E+02
 3372   0.85080110E+02
 3373   0.12442546E+03
 3374   0.86237630E+02
 3375   0.37548930E+02
 3376   0.22570690E+02
 3377   0.15878890E+02
 3378   0.13891910E+02
 3379   0.10873330E+02
 3380   0.12849480E+02
 3381   0.19298320E+02
 3382   0.54862520E+02
 3383   0.42034050E+02
 3384   0.24096180E+02
 3385   0.18871980E+02
 3386   0.17518910E+02
 3387   0.14479570E+02
 3388   0.16943870E+02
 3389   0.20084990E+02
 3390   0.16486430E+02
 3391   0.10710960E+02
 3392   0.69843400E+01
 3393   0.53036300E+01
 3394   0.72643600E+01
 3395   0.11395880E+02
 3396   0.12852780E+02
 3397   0.93658400E+01
 3398   0.63483700E+01
 3399   0.44026600E+01
 3400   0.29698200E+01
 3401   0.20671200E+01
 3402   0.15212500E+01
 3403   0.20752300E+01
 3404   0.22564800E+01
 3405   0.33185500E+01
 3406   0.32637200E+01
 3407   0.24321600E+01
 3408   0.17905400E+01
 3409   0.14562200E+01
 3410   0.55524000E+01
 3411   0.93037930E+02
 3412   0.63095910E+02
 3413   0.29813250E+02
 3414   0.15554820E+02
 3415   0.87987800E+01
 3416   0.51782500E+01
 3417   0.32145600E+01
 3418   0.33902300E+01
 3419   0.52112700E+01
 3420   0.99014700E+01
 3421   0.89938700E+01
 3422   0.63233200E+01
 3423   0.49575600E+01
 3424   0.40572300E+01
 3425   0.49117800E+01
 3426   0.59863800E+01
 3427   0.62336500E+01
 3428   0.62389300E+01
 3429   0.56982400E+01
 3430   0.58178000E+01
 3431   0.56640200E+01
 3432   0.51795200E+01
 3433   0.56802000E+01
 3434   0.67694200E+01
 3435   0.78776900E+01
 3436   0.94276700E+01
 3437   0.11990290E+02
 3438   0.14422388E+03
 3439   0.12260114E+03
 3440   0.48946780E+02
 3441   0.23527600E+02
 3442   0.15721200E+02
 3443   0.28919520E+02
 3444   0.42668550E+02
 3445   0.26803750E+02
 3446   0.14568630E+02
 3447   0.27602200E+02
 3448   0.18585677E+03
 3449   0.22521056E+03
 3450   0.15264990E+03
 3451   0.70930870E+02
 3452   0.84385350E+02
 3453   0.18623951E+03
 3454   0.17555797E+03
 3455   0.37968088E+03
 3456   0.34512506E+03
 3457   0.16830598E+03
 3458   0.11165154E+03
 3459   0.14862972E+03
 3460   0.25377411E+03
 3461   0.18488087E+03
 3462   0.22018436E+03
 3463   0.26545377E+03
 3464   0.23290003E+03
 3465   0.25315883E+03
 3466   0.25599417E+03
 3467   0.77202330E+02
 3468   0.31487420E+02
 3469   0.15850760E+02
 3470   0.90900200E+01
 3471   0.80080300E+01
 3472   0.12755820E+02
 3473   0.28442530E+02
 3474   0.33517900E+02
 3475   0.28982800E+02
 3476   0.25091150E+02
 3477   0.19018010E+02
 3478   0.12133270E+02
 3479   0.73279400E+01
 3480   0.12302600E+02
 3481   0.87433010E+02
 3482   0.14395430E+03
 3483   0.20191814E+03
 3484   0.18204027E+03
 3485   0.17442662E+03
 3486   0.12902266E+03
 3487   0.91828760E+02
 3488   0.54192740E+02
 3489   0.30320220E+02
 3490   0.17723820E+02
 3491   0.12370850E+02
 3492   0.14458550E+02
 3493   0.23795880E+02
 3494   0.20907950E+02
 3495   0.13713520E+02
 3496   0.84117000E+01
 3497   0.51417100E+01
 3498   0.31815700E+01
 3499   0.21000500E+01
 3500   0.15094900E+01
 3501   0.13690200E+01
 3502   0.11236100E+01
 3503   0.93892000E+00
 3504   0.79311000E+00
 3505   0.66885000E+00
 3506   0.54829000E+00
 3507   0.44803000E+00
 3508   0.36272000E+00
 3509   0.29897000E+00
 3510   0.18549000E+01
 3511   0.10675870E+02
 3512   0.37304120E+02
 3513   0.99889262E+03
 3514   0.10890767E+04
 3515   0.34810124E+03
 3516   0.72564410E+02
 3517   0.28430820E+02
 3518   0.13843030E+02
 3519   0.75132700E+01
 3520   0.43676300E+01
 3521   0.27511000E+01
 3522   0.19031400E+01
 3523   0.13909300E+01
 3524   0.10557100E+01
 3525   0.81497000E+00
 3526   0.63043000E+00
 3527   0.49067000E+00
 3528   0.40302000E+00
 3529   0.32508000E+00
 3530   0.43641000E+00
 3531   0.50617000E+00
 3532   0.90698000E+00
 3533   0.13911100E+01
 3534   0.13794000E+01
 3535   0.11037000E+01
 3536   0.85661000E+00
 3537   0.66048000E+00
 3538   0.52090000E+00
 3539   0.43949000E+00
 3540   0.43512000E+00
 3541   0.14437300E+01
 3542   0.43047200E+01
 3543   0.85698700E+01
 3544   0.92007500E+01
 3545   0.87948700E+01
 3546   0.78134800E+01
 3547   0.62340700E+01
 3548   0.45269000E+01
 3549   0.30234500E+01
 3550   0.20644100E+01
 3551   0.14664200E+01
 3552   0.10720600E+01
 3553   0.82751000E+00
 3554   0.64652000E+00
 3555   0.50495000E+00
 3556   0.41961000E+00
 3557   0.33429000E+00
 3558   0.23698000E+00
 3559   0.12651000E+00
 3560   0.74320000E-01
 3561   0.20380000E+00
 3562   0.25743000E+00
 3563   0.28056000E+00
 3564   0.27912000E+00
 3565   0.26302000E+00
 3566   0.23129000E+00
 3567   0.15149000E+00
 3568   0.96700000E-01
 3569   0.68530000E-01
 3570   0.51730000E-01
 3571   0.40750000E-01
 3572   0.33110000E-01
 3573   0.27540000E-01
 3574   0.23320000E-01
 3575   0.20040000E-01
 3576   0.17440000E-01
 3577   0.15330000E-01
 3578   0.13590000E-01
 3579   0.12140000E-01
 3580   0.10920000E-01
 3581   0.98700000E-02
 3582   0.89800000E-02
 3583   0.82000000E-02
 3584   0.75300000E-02
 3585   0.69300000E-02
 3586   0.64100000E-02
 3587   0.59500000E-02
 3588   0.56300000E-02
 3589   0.54900000E-02
 3590   0.54500000E-02
 3591   0.54700000E-02
 3592   0.54700000E-02
 3593   0.54400000E-02
 3594   0.53700000E-02
 3595   0.52500000E-02
 3596   0.51000000E-02
 3597   0.49300000E-02
 3598   0.47400000E-02
 3599   0.45500000E-02
 3600   0.43500000E-02
 3601   0.54100000E-02
 3602   0.78200000E-02
 3603   0.82900000E-02
 3604   0.82100000E-02
 3605   0.83000000E-02
 3606   0.85200000E-02
 3607   0.87700000E-02
 3608   0.89900000E-02
 3609   0.91000000E-02
 3610   0.91000000E-02
 3611   0.89800000E-02
 3612   0.87600000E-02
 3613   0.84700000E-02
 3614   0.81300000E-02
 3615   0.77700000E-02
 3616   0.73900000E-02
 3617   0.70100000E-02
 3618   0.66600000E-02
 3619   0.64000000E-02
 3620   0.61000000E-02
 3621   0.58000000E-02
 3622   0.55800000E-02
 3623   0.54200000E-02
 3624   0.52900000E-02
 3625   0.51700000E-02
 3626   0.50400000E-02
 3627   0.49000000E-02
 3628   0.47500000E-02
 3629   0.45900000E-02
 3630   0.44300000E-02
 3631   0.13921000E+00
 3632   0.30127000E+00
 3633   0.31796000E+00
 3634   0.34559000E+00
 3635   0.36630000E+00
 3636   0.36797000E+00
 3637   0.35084000E+00
 3638   0.32035000E+00
 3639   0.26800000E+00
 3640   0.17604000E+00
 3641   0.95870000E-01
 3642   0.64730000E-01
 3643   0.47880000E-01
 3644   0.37420000E-01
 3645   0.30320000E-01
 3646   0.25220000E-01
 3647   0.21390000E-01
 3648   0.18430000E-01
 3649   0.16070000E-01
 3650   0.14170000E-01
 3651   0.12600000E-01
 3652   0.11290000E-01
 3653   0.10180000E-01
 3654   0.92300000E-02
 3655   0.84200000E-02
 3656   0.77100000E-02
 3657   0.27374000E+00
 3658   0.28889000E+00
 3659   0.30821000E+00
 3660   0.32961000E+00
 3661   0.34380000E+00
 3662   0.34664000E+00
 3663   0.33738000E+00
 3664   0.31583000E+00
 3665   0.28919000E+00
 3666   0.25497000E+00
 3667   0.22783000E+00
 3668   0.18166000E+00
 3669   0.11492000E+00
 3670   0.78270000E-01
 3671   0.56800000E-01
 3672   0.43300000E-01
 3673   0.34280000E-01
 3674   0.27930000E-01
 3675   0.23270000E-01
 3676   0.19750000E-01
 3677   0.17020000E-01
 3678   0.14840000E-01
 3679   0.13080000E-01
 3680   0.11630000E-01
 3681   0.10420000E-01
 3682   0.94000000E-02
 3683   0.85300000E-02
 3684   0.77800000E-02
 3685   0.11540000E-01
 3686   0.15300000E-01
 3687   0.15090000E-01
 3688   0.15410000E-01
 3689   0.16270000E-01
 3690   0.17260000E-01
 3691   0.17900000E-01
 3692   0.18000000E-01
 3693   0.17590000E-01
 3694   0.16820000E-01
 3695   0.11467000E+00
 3696   0.27472000E+00
 3697   0.28270000E+00
 3698   0.29293000E+00
 3699   0.32336000E+00
 3700   0.35790000E+00
 3701   0.51520000E+00
 3702   0.12028400E+01
 3703   0.34837200E+01
 3704   0.86009500E+01
 3705   0.86008100E+01
 3706   0.69682700E+01
 3707   0.69829900E+01
 3708   0.68950200E+01
 3709   0.79755200E+01
 3710   0.64924300E+01
 3711   0.46029000E+01
 3712   0.31413600E+01
 3713   0.23663600E+01
 3714   0.17405800E+01
 3715   0.30114000E+01
 3716   0.36979290E+02
 3717   0.10731830E+03
 3718   0.78813630E+02
 3719   0.38985520E+02
 3720   0.21227970E+02
 3721   0.22026880E+02
 3722   0.28371800E+02
 3723   0.20769370E+02
 3724   0.11852690E+02
 3725   0.68134100E+01
 3726   0.41399100E+01
 3727   0.26800900E+01
 3728   0.22705200E+01
 3729   0.17039300E+01
 3730   0.18978600E+01
 3731   0.20578400E+01
 3732   0.30133800E+01
 3733   0.60879800E+01
 3734   0.10804000E+02
 3735   0.31993090E+02
 3736   0.38225650E+02
 3737   0.22239390E+02
 3738   0.18189830E+02
 3739   0.19125870E+02
 3740   0.22302860E+02
 3741   0.17337160E+02
 3742   0.20602120E+02
 3743   0.28617150E+02
 3744   0.48758830E+02
 3745   0.55207410E+02
 3746   0.30662150E+02
 3747   0.16126130E+02
 3748   0.90752900E+01
 3749   0.70949100E+01
 3750   0.11134710E+02
 3751   0.23119740E+02
 3752   0.21098920E+02
 3753   0.20162370E+02
 3754   0.25932470E+02
 3755   0.23991010E+02
 3756   0.15033980E+02
 3757   0.89793800E+01
 3758   0.54454400E+01
 3759   0.39080900E+01
 3760   0.31098800E+01
 3761   0.33700500E+01
 3762   0.41381900E+01
 3763   0.21968790E+02
 3764   0.48681590E+02
 3765   0.28963540E+02
 3766   0.15496500E+02
 3767   0.95749800E+01
 3768   0.62866000E+01
 3769   0.52812100E+01
 3770   0.63361400E+01
 3771   0.14965440E+02
 3772   0.56697700E+02
 3773   0.14328787E+03
 3774   0.64954990E+02
 3775   0.52025460E+02
 3776   0.92783950E+02
 3777   0.49221540E+02
 3778   0.23592860E+02
 3779   0.15344980E+02
 3780   0.12378570E+02
 3781   0.11924450E+02
 3782   0.90707500E+01
 3783   0.67170800E+01
 3784   0.71075900E+01
 3785   0.69818900E+01
 3786   0.58418300E+01
 3787   0.42220600E+01
 3788   0.27548800E+01
 3789   0.18950000E+01
 3790   0.13668400E+01
 3791   0.10239900E+01
 3792   0.13957600E+01
 3793   0.95432400E+01
 3794   0.81279090E+02
 3795   0.21383320E+03
 3796   0.16760633E+03
 3797   0.10098385E+03
 3798   0.66327950E+02
 3799   0.54352090E+02
 3800   0.13602961E+03
 3801   0.73372930E+02
 3802   0.39177510E+02
 3803   0.24977040E+02
 3804   0.17497710E+02
 3805   0.11915290E+02
 3806   0.80645400E+01
 3807   0.55162400E+01
 3808   0.42571600E+01
 3809   0.69324200E+01
 3810   0.41103990E+02
 3811   0.13537007E+03
 3812   0.21637098E+03
 3813   0.11617129E+03
 3814   0.13771090E+03
 3815   0.29510944E+03
 3816   0.24350476E+03
 3817   0.13851703E+03
 3818   0.56186530E+02
 3819   0.25674170E+02
 3820   0.13380070E+02
 3821   0.76803900E+01
 3822   0.46673000E+01
 3823   0.29071150E+02
 3824   0.14554309E+03
 3825   0.14089545E+03
 3826   0.10355387E+03
 3827   0.51803160E+02
 3828   0.26556950E+02
 3829   0.14768770E+02
 3830   0.10952780E+02
 3831   0.17222130E+02
 3832   0.42034160E+02
 3833   0.39065950E+02
 3834   0.29732690E+02
 3835   0.21750970E+02
 3836   0.14325080E+02
 3837   0.86600300E+01
 3838   0.52646500E+01
 3839   0.72981100E+01
 3840   0.87901590E+02
 3841   0.29259478E+03
 3842   0.41284562E+03
 3843   0.19121719E+03
 3844   0.28702369E+03
 3845   0.57094167E+03
 3846   0.21991715E+03
 3847   0.91590070E+02
 3848   0.57290010E+02
 3849   0.57393260E+02
 3850   0.68751750E+02
 3851   0.49707230E+02
 3852   0.34808670E+02
 3853   0.38580620E+02
 3854   0.46077480E+02
 3855   0.31238090E+02
 3856   0.17460490E+02
 3857   0.10869600E+02
 3858   0.69516300E+01
 3859   0.59965600E+01
 3860   0.56053800E+01
 3861   0.50917700E+01
 3862   0.40673400E+01
 3863   0.28287300E+01
 3864   0.20766300E+01
 3865   0.16229800E+01
 3866   0.13380000E+01
 3867   0.11137600E+01
 3868   0.11109500E+01
 3869   0.97935000E+00
 3870   0.86723000E+00
 3871   0.15299000E+01
 3872   0.18095300E+01
 3873   0.21915200E+01
 3874   0.19998600E+01
 3875   0.15622600E+01
 3876   0.11960700E+01
 3877   0.98974000E+00
 3878   0.77514000E+00
 3879   0.61769000E+00
 3880   0.49593000E+00
 3881   0.41643000E+00
 3882   0.33797000E+00
 3883   0.33848000E+00
 3884   0.36068000E+00
 3885   0.52805000E+00
 3886   0.59176000E+00
 3887   0.11191800E+01
 3888   0.11962700E+01
 3889   0.10685600E+01
 3890   0.12035200E+01
 3891   0.19016400E+01
 3892   0.22745700E+01
 3893   0.24105700E+01
 3894   0.20201800E+01
 3895   0.15447900E+01
 3896   0.11691300E+01
 3897   0.89852000E+00
 3898   0.70494000E+00
 3899   0.76986000E+00
 3900   0.57115400E+01
 3901   0.11826950E+02
 3902   0.11003800E+02
 3903   0.77986000E+01
 3904   0.11430570E+02
 3905   0.10585770E+03
 3906   0.10156785E+03
 3907   0.45459140E+02
 3908   0.23051110E+02
 3909   0.12838290E+02
 3910   0.90583900E+01
 3911   0.77628100E+01
 3912   0.80087900E+01
 3913   0.66313600E+01
 3914   0.47153600E+01
 3915   0.31788200E+01
 3916   0.39646300E+01
 3917   0.45968200E+01
 3918   0.11065510E+02
 3919   0.10464930E+02
 3920   0.67552700E+01
 3921   0.45718100E+01
 3922   0.29753300E+01
 3923   0.20687400E+01
 3924   0.15655000E+01
 3925   0.11796800E+01
 3926   0.90931000E+00
 3927   0.71879000E+00
 3928   0.59883000E+00
 3929   0.51562000E+00
 3930   0.45722000E+00
 3931   0.39516000E+00
 3932   0.32507000E+00
 3933   0.23807000E+00
 3934   0.92858000E+00
 3935   0.36511100E+01
 3936   0.77450700E+01
 3937   0.62733200E+01
 3938   0.43172200E+01
 3939   0.27773000E+01
 3940   0.18674000E+01
 3941   0.13236400E+01
 3942   0.97493000E+00
 3943   0.75235000E+00
 3944   0.59086000E+00
 3945   0.46813000E+00
 3946   0.39292000E+00
 3947   0.10933000E+01
 3948   0.16533500E+01
 3949   0.25840700E+01
 3950   0.25460400E+01
 3951   0.19952100E+01
 3952   0.15056900E+01
 3953   0.11574400E+01
 3954   0.90331000E+00
 3955   0.70880000E+00
 3956   0.56366000E+00
 3957   0.45600000E+00
 3958   0.37391000E+00
 3959   0.30026000E+00
 3960   0.20814000E+00
 3961   0.99340000E-01
 3962   0.62680000E-01
 3963   0.44580000E-01
 3964   0.33980000E-01
 3965   0.27090000E-01
 3966   0.22290000E-01
 3967   0.18770000E-01
 3968   0.16100000E-01
 3969   0.14000000E-01
 3970   0.12320000E-01
 3971   0.10940000E-01
 3972   0.98100000E-02
 3973   0.88500000E-02
 3974   0.80300000E-02
 3975   0.73300000E-02
 3976   0.67200000E-02
 3977   0.61900000E-02
 3978   0.57200000E-02
 3979   0.53100000E-02
 3980   0.49400000E-02
 3981   0.46100000E-02
 3982   0.43200000E-02
 3983   0.40500000E-02
 3984   0.17222180E+02
 3985   0.11911048E+03
 3986   0.57674740E+02
 3987   0.27391510E+02
 3988   0.14388970E+02
 3989   0.82788300E+01
 3990   0.49382800E+01
 3991   0.30498600E+01
 3992   0.20509900E+01
 3993   0.14710700E+01
 3994   0.11113300E+01
 3995   0.85748000E+00
 3996   0.67037000E+00
 3997   0.52953000E+00
 3998   0.43694000E+00
 3999   0.35484000E+00
 4000   0.28213000E+00
 4001   0.15979000E+00
 4002   0.83470000E-01
 4003   0.54600000E-01
 4004   0.39590000E-01
 4005   0.30550000E-01
 4006   0.24560000E-01
 4007   0.20340000E-01
 4008   0.12901000E+00
 4009   0.20836000E+00
 4010   0.20659000E+00
 4011   0.10983600E+01
 4012   0.40469000E+01
 4013   0.93666500E+01
 4014   0.10190020E+02
 4015   0.72418200E+01
 4016   0.76148900E+01
 4017   0.10031770E+02
 4018   0.16669480E+02
 4019   0.18967250E+02
 4020   0.15179920E+02
 4021   0.10944840E+02
 4022   0.71669300E+01
 4023   0.45941800E+01
 4024   0.29812600E+01
 4025   0.21054100E+01
 4026   0.15488400E+01
 4027   0.12001000E+01
 4028   0.12347000E+01
 4029   0.63882400E+01
 4030   0.68537310E+02
 4031   0.54051980E+02
 4032   0.25342240E+02
 4033   0.13065230E+02
 4034   0.75351400E+01
 4035   0.46519800E+01
 4036   0.30207500E+01
 4037   0.21526200E+01
 4038   0.16232900E+01
 4039   0.12609100E+01
 4040   0.10327200E+01
 4041   0.81483000E+00
 4042   0.64473000E+00
 4043   0.50758000E+00
 4044   0.43554000E+00
 4045   0.37842000E+00
 4046   0.42230000E+00
 4047   0.44375000E+00
 4048   0.46720000E+00
 4049   0.53060000E+00
 4050   0.62711000E+00
 4051   0.60538000E+00
 4052   0.54820000E+00
 4053   0.48926000E+00
 4054   0.44817000E+00
 4055   0.40464000E+00
 4056   0.35818000E+00
 4057   0.31395000E+00
 4058   0.28012000E+00
 4059   0.21996000E+00
 4060   0.12802000E+00
 4061   0.81290000E-01
 4062   0.57590000E-01
 4063   0.27066000E+00
 4064   0.33492000E+00
 4065   0.36527000E+00
 4066   0.39928000E+00
 4067   0.43394000E+00
 4068   0.73877000E+00
 4069   0.82764000E+00
 4070   0.93283000E+00
 4071   0.10033200E+01
 4072   0.98274000E+00
 4073   0.88063000E+00
 4074   0.77864000E+00
 4075   0.69542000E+00
 4076   0.60214000E+00
 4077   0.51393000E+00
 4078   0.45782000E+00
 4079   0.41758000E+00
 4080   0.37449000E+00
 4081   0.34205000E+00
 4082   0.30087000E+00
 4083   0.52598000E+00
 4084   0.13006070E+02
 4085   0.60530790E+02
 4086   0.79179150E+02
 4087   0.42069740E+02
 4088   0.22180190E+02
 4089   0.15160890E+02
 4090   0.19127910E+02
 4091   0.62545610E+02
 4092   0.94261260E+02
 4093   0.48141250E+02
 4094   0.25180110E+02
 4095   0.14663030E+02
 4096   0.91637400E+01
 4097   0.63799100E+01
 4098   0.45285900E+01
 4099   0.32188400E+01
 4100   0.26537900E+01
 4101   0.21393800E+01
 4102   0.19119300E+01
 4103   0.16443100E+01
 4104   0.13205800E+01
 4105   0.10309900E+01
 4106   0.81620000E+00
 4107   0.66213000E+00
 4108   0.54005000E+00
 4109   0.44648000E+00
 4110   0.37168000E+00
 4111   0.30212000E+00
 4112   0.20847000E+00
 4113   0.97440000E-01
 4114   0.62020000E-01
 4115   0.45110000E-01
 4116   0.35260000E-01
 4117   0.28770000E-01
 4118   0.24120000E-01
 4119   0.20610000E-01
 4120   0.17860000E-01
 4121   0.21912000E+00
 4122   0.21903200E+01
 4123   0.10118790E+02
 4124   0.16566670E+02
 4125   0.14795260E+02
 4126   0.10610720E+02
 4127   0.70128800E+01
 4128   0.46111400E+01
 4129   0.30424800E+01
 4130   0.21475600E+01
 4131   0.15694100E+01
 4132   0.12591500E+01
 4133   0.14796300E+01
 4134   0.16499000E+01
 4135   0.19055900E+01
 4136   0.32158100E+01
 4137   0.71002600E+01
 4138   0.12480970E+02
 4139   0.35162170E+02
 4140   0.43990140E+02
 4141   0.25141100E+02
 4142   0.13654900E+02
 4143   0.78077600E+01
 4144   0.45923300E+01
 4145   0.28311200E+01
 4146   0.19180800E+01
 4147   0.14308800E+01
 4148   0.20478700E+01
 4149   0.58492600E+01
 4150   0.16229720E+02
 4151   0.28885080E+02
 4152   0.93748910E+02
 4153   0.79176630E+02
 4154   0.40679220E+02
 4155   0.23564740E+02
 4156   0.18638310E+02
 4157   0.43849420E+02
 4158   0.74963920E+02
 4159   0.82038470E+02
 4160   0.44202850E+02
 4161   0.21989750E+02
 4162   0.13581920E+02
 4163   0.14190680E+02
 4164   0.16278580E+02
 4165   0.12479920E+02
 4166   0.79277600E+01
 4167   0.50257500E+01
 4168   0.10559890E+02
 4169   0.10814438E+03
 4170   0.14762568E+03
 4171   0.85367320E+02
 4172   0.82470840E+02
 4173   0.12307147E+03
 4174   0.12011019E+03
 4175   0.78253820E+02
 4176   0.47795070E+02
 4177   0.35988100E+02
 4178   0.38970080E+02
 4179   0.65101260E+02
 4180   0.76020060E+02
 4181   0.17587787E+03
 4182   0.18331666E+03
 4183   0.17459860E+03
 4184   0.89415960E+02
 4185   0.44178680E+02
 4186   0.22223270E+02
 4187   0.12066790E+02
 4188   0.69676500E+01
 4189   0.41920300E+01
 4190   0.26528600E+01
 4191   0.18062500E+01
 4192   0.13129400E+01
 4193   0.10144700E+01
 4194   0.80381000E+00
 4195   0.16610160E+02
 4196   0.50070120E+02
 4197   0.29854060E+02
 4198   0.15482100E+02
 4199   0.86113000E+01
 4200   0.49934500E+01
 4201   0.44694300E+01
 4202   0.12666457E+03
 4203   0.90757450E+02
 4204   0.48012660E+02
 4205   0.24521260E+02
 4206   0.12900040E+02
 4207   0.72260100E+01
 4208   0.44187270E+02
 4209   0.49946557E+03
 4210   0.41066830E+03
 4211   0.26547301E+03
 4212   0.29211590E+03
 4213   0.24915427E+03
 4214   0.17193121E+03
 4215   0.12191726E+03
 4216   0.68697200E+02
 4217   0.45205450E+02
 4218   0.31146650E+02
 4219   0.21157480E+02
 4220   0.13664030E+02
 4221   0.84907100E+01
 4222   0.53166300E+01
 4223   0.34450900E+01
 4224   0.22651100E+01
 4225   0.19071700E+01
 4226   0.42661990E+02
 4227   0.19522060E+03
 4228   0.63729740E+02
 4229   0.27651130E+02
 4230   0.14347470E+02
 4231   0.84067100E+01
 4232   0.53061100E+01
 4233   0.80418600E+01
 4234   0.35159160E+02
 4235   0.12375919E+03
 4236   0.19691707E+03
 4237   0.25392599E+03
 4238   0.27597077E+03
 4239   0.12420980E+03
 4240   0.45381400E+02
 4241   0.20824860E+02
 4242   0.11930980E+02
 4243   0.25782350E+02
 4244   0.27245330E+02
 4245   0.16336030E+02
 4246   0.93155100E+01
 4247   0.54074800E+01
 4248   0.35126100E+01
 4249   0.23893700E+01
 4250   0.16943500E+01
 4251   0.12659000E+01
 4252   0.44213110E+02
 4253   0.18622665E+03
 4254   0.17964021E+03
 4255   0.22430713E+03
 4256   0.14299183E+03
 4257   0.93409050E+02
 4258   0.54835670E+02
 4259   0.28317300E+02
 4260   0.14906460E+02
 4261   0.84269600E+01
 4262   0.49166900E+01
 4263   0.39324300E+01
 4264   0.34290670E+02
 4265   0.15576565E+03
 4266   0.20147882E+03
 4267   0.60994460E+02
 4268   0.25630570E+02
 4269   0.12828890E+02
 4270   0.71298100E+01
 4271   0.42258200E+01
 4272   0.26301100E+01
 4273   0.17913900E+01
 4274   0.12910300E+01
 4275   0.96767000E+00
 4276   0.73217000E+00
 4277   0.56905000E+00
 4278   0.44984000E+00
 4279   0.36352000E+00
 4280   0.29228000E+00
 4281   0.18048000E+00
 4282   0.13552000E+00
 4283   0.13452000E+00
 4284   0.17816000E+00
 4285   0.20707000E+00
 4286   0.20664000E+00
 4287   0.20572000E+00
 4288   0.20416000E+00
 4289   0.19706000E+00
 4290   0.17920000E+00
 4291   0.14676000E+00
 4292   0.10525000E+00
 4293   0.54990000E+01
 4294   0.22011620E+02
 4295   0.23310460E+02
 4296   0.14630760E+02
 4297   0.86007100E+01
 4298   0.50451700E+01
 4299   0.30855800E+01
 4300   0.20737600E+01
 4301   0.19244000E+01
 4302   0.15908300E+01
 4303   0.12956900E+01
 4304   0.11209300E+01
 4305   0.99956000E+00
 4306   0.87639000E+00
 4307   0.75604000E+00
 4308   0.65932000E+00
 4309   0.55691000E+00
 4310   0.57773000E+00
 4311   0.54550000E+00
 4312   0.50360000E+00
 4313   0.46049000E+00
 4314   0.41564000E+00
 4315   0.36196000E+00
 4316   0.33337000E+00
 4317   0.37540700E+01
 4318   0.21641610E+02
 4319   0.17628370E+02
 4320   0.10391300E+02
 4321   0.62387300E+01
 4322   0.39097300E+01
 4323   0.25570600E+01
 4324   0.17788100E+01
 4325   0.13082700E+01
 4326   0.98929000E+00
 4327   0.75983000E+00
 4328   0.59372000E+00
 4329   0.45873000E+00
 4330   0.37759000E+00
 4331   0.29903000E+00
 4332   0.20047000E+00
 4333   0.94150000E-01
 4334   0.59350000E-01
 4335   0.42220000E-01
 4336   0.32220000E-01
 4337   0.25730000E-01
 4338   0.21210000E-01
 4339   0.20340000E-01
 4340   0.23060000E-01
 4341   0.21500000E-01
 4342   0.41140000E-01
 4343   0.62760000E-01
 4344   0.63220000E-01
 4345   0.56630000E-01
 4346   0.48690000E-01
 4347   0.41380000E-01
 4348   0.35190000E-01
 4349   0.30100000E-01
 4350   0.25940000E-01
 4351   0.22530000E-01
 4352   0.21910000E-01
 4353   0.19790000E-01
 4354   0.17700000E-01
 4355   0.16590000E-01
 4356   0.16700000E-01
 4357   0.17230000E-01
 4358   0.17380000E-01
 4359   0.17010000E-01
 4360   0.17060000E-01
 4361   0.33290000E-01
 4362   0.56970000E-01
 4363   0.58760000E-01
 4364   0.52210000E-01
 4365   0.44480000E-01
 4366   0.37840000E-01
 4367   0.32420000E-01
 4368   0.27950000E-01
 4369   0.24240000E-01
 4370   0.21130000E-01
 4371   0.18530000E-01
 4372   0.72106000E+00
 4373   0.13427000E+01
 4374   0.30664500E+01
 4375   0.46612000E+01
 4376   0.42428200E+01
 4377   0.31542800E+01
 4378   0.23237500E+01
 4379   0.17390100E+01
 4380   0.13199500E+01
 4381   0.10082900E+01
 4382   0.78028000E+00
 4383   0.60110000E+00
 4384   0.49291000E+00
 4385   0.43227000E+00
 4386   0.37417000E+00
 4387   0.32492000E+00
 4388   0.28417000E+00
 4389   0.23235000E+00
 4390   0.17634000E+00
 4391   0.17054000E+00
 4392   0.21870000E+00
 4393   0.22814000E+00
 4394   0.23675000E+00
 4395   0.24104000E+00
 4396   0.24343000E+00
 4397   0.24252000E+00
 4398   0.23813000E+00
 4399   0.23082000E+00
 4400   0.21974000E+00
 4401   0.20245000E+00
 4402   0.16676000E+00
 4403   0.12179000E+00
 4404   0.84820000E-01
 4405   0.61520000E-01
 4406   0.46630000E-01
 4407   0.36680000E-01
 4408   0.29700000E-01
 4409   0.24620000E-01
 4410   0.20800000E-01
 4411   0.17850000E-01
 4412   0.15520000E-01
 4413   0.13640000E-01
 4414   0.12090000E-01
 4415   0.27132000E+00
 4416   0.28392000E+00
 4417   0.30954000E+00
 4418   0.34609000E+00
 4419   0.38960000E+00
 4420   0.42167000E+00
 4421   0.43633000E+00
 4422   0.42510000E+00
 4423   0.39499000E+00
 4424   0.44411000E+00
 4425   0.43557000E+00
 4426   0.41927000E+00
 4427   0.39658000E+00
 4428   0.36342000E+00
 4429   0.32883000E+00
 4430   0.29411000E+00
 4431   0.24822000E+00
 4432   0.21119000E+00
 4433   0.97729000E+01
 4434   0.71706500E+02
 4435   0.41872120E+02
 4436   0.22175170E+02
 4437   0.17134670E+02
 4438   0.16969360E+02
 4439   0.15722830E+02
 4440   0.10732990E+02
 4441   0.66425800E+01
 4442   0.41514800E+01
 4443   0.27164700E+01
 4444   0.19118600E+01
 4445   0.14199500E+01
 4446   0.10917600E+01
 4447   0.86105000E+00
 4448   0.68680000E+00
 4449   0.54683000E+00
 4450   0.44729000E+00
 4451   0.43820000E+00
 4452   0.21895800E+01
 4453   0.44862300E+01
 4454   0.10490930E+02
 4455   0.10454940E+02
 4456   0.10202440E+02
 4457   0.36672490E+02
 4458   0.49587050E+02
 4459   0.27141920E+02
 4460   0.14771030E+02
 4461   0.85967500E+01
 4462   0.50731500E+01
 4463   0.31415800E+01
 4464   0.36462900E+01
 4465   0.34327700E+01
 4466   0.38257400E+01
 4467   0.38351500E+01
 4468   0.34723700E+01
 4469   0.19015290E+02
 4470   0.12721564E+03
 4471   0.58276240E+02
 4472   0.26931380E+02
 4473   0.14664360E+02
 4474   0.13905220E+02
 4475   0.25250980E+02
 4476   0.76881390E+02
 4477   0.80943110E+02
 4478   0.40069800E+02
 4479   0.20925350E+02
 4480   0.14467930E+02
 4481   0.11320540E+02
 4482   0.98620000E+01
 4483   0.13670740E+02
 4484   0.28160978E+03
 4485   0.12546279E+03
 4486   0.46097480E+02
 4487   0.21473990E+02
 4488   0.23894900E+02
 4489   0.57000510E+02
 4490   0.41274590E+02
 4491   0.29247720E+02
 4492   0.76524940E+02
 4493   0.62711250E+02
 4494   0.32946770E+02
 4495   0.19167000E+02
 4496   0.12327840E+02
 4497   0.85010600E+01
 4498   0.58260900E+01
 4499   0.40462800E+01
 4500   0.42742500E+01
 4501   0.43631700E+01
 4502   0.69557600E+01
 4503   0.73730700E+01
 4504   0.60021200E+01
 4505   0.48443400E+01
 4506   0.37298500E+01
 4507   0.27034200E+01
 4508   0.20033500E+01
 4509   0.34654600E+01
 4510   0.18950430E+02
 4511   0.18235932E+03
 4512   0.12585630E+03
 4513   0.49608120E+02
 4514   0.27489450E+02
 4515   0.26180560E+02
 4516   0.37764970E+02
 4517   0.34345790E+02
 4518   0.19290370E+02
 4519   0.14605100E+02
 4520   0.18340530E+02
 4521   0.25437060E+02
 4522   0.25687390E+02
 4523   0.53719610E+02
 4524   0.85321880E+02
 4525   0.67936230E+02
 4526   0.47306280E+02
 4527   0.32700970E+02
 4528   0.35787250E+02
 4529   0.11924764E+03
 4530   0.13063904E+03
 4531   0.25255297E+03
 4532   0.88333490E+02
 4533   0.34872530E+02
 4534   0.36117360E+02
 4535   0.10215034E+03
 4536   0.12810341E+03
 4537   0.78134930E+02
 4538   0.33331380E+02
 4539   0.17381390E+02
 4540   0.10596520E+02
 4541   0.72803000E+01
 4542   0.55131100E+01
 4543   0.43762800E+01
 4544   0.32376100E+01
 4545   0.28199600E+01
 4546   0.72776500E+01
 4547   0.12604940E+02
 4548   0.13484850E+02
 4549   0.14258380E+02
 4550   0.13891100E+02
 4551   0.11319220E+02
 4552   0.75683800E+01
 4553   0.48284100E+01
 4554   0.30156300E+01
 4555   0.20132600E+01
 4556   0.28220200E+01
 4557   0.81241300E+01
 4558   0.19581180E+02
 4559   0.14536430E+02
 4560   0.91500000E+01
 4561   0.56728700E+01
 4562   0.39929300E+01
 4563   0.33822400E+01
 4564   0.29028500E+01
 4565   0.45024400E+01
 4566   0.77885800E+01
 4567   0.10061900E+02
 4568   0.21147240E+02
 4569   0.11093183E+03
 4570   0.21206621E+03
 4571   0.21834074E+03
 4572   0.27687306E+03
 4573   0.25508637E+03
 4574   0.22974473E+03
 4575   0.19412734E+03
 4576   0.89085440E+02
 4577   0.45088890E+02
 4578   0.27857410E+02
 4579   0.21146940E+02
 4580   0.20708350E+02
 4581   0.34064140E+02
 4582   0.95070990E+02
 4583   0.62998900E+02
 4584   0.30141420E+02
 4585   0.15197500E+02
 4586   0.83652500E+01
 4587   0.51706300E+01
 4588   0.32173400E+01
 4589   0.23704900E+01
 4590   0.17076600E+01
 4591   0.12947200E+01
 4592   0.99282000E+00
 4593   0.89884000E+00
 4594   0.15180700E+01
 4595   0.16301500E+01
 4596   0.34376200E+01
 4597   0.39927400E+01
 4598   0.40054100E+01
 4599   0.31390900E+01
 4600   0.28239700E+01
 4601   0.10497650E+02
 4602   0.19071123E+03
 4603   0.42318689E+03
 4604   0.19693077E+03
 4605   0.69704160E+02
 4606   0.30000500E+02
 4607   0.15678690E+02
 4608   0.10487970E+02
 4609   0.12205420E+02
 4610   0.56550780E+02
 4611   0.59087850E+02
 4612   0.31113670E+02
 4613   0.19646270E+02
 4614   0.28737370E+02
 4615   0.91893100E+02
 4616   0.46690160E+02
 4617   0.21807860E+02
 4618   0.11605520E+02
 4619   0.70775500E+01
 4620   0.57883400E+01
 4621   0.72788800E+01
 4622   0.82386800E+01
 4623   0.75016400E+01
 4624   0.63228800E+01
 4625   0.50714800E+01
 4626   0.35374700E+01
 4627   0.23287100E+01
 4628   0.16217700E+01
 4629   0.11816200E+01
 4630   0.88987000E+00
 4631   0.69671000E+00
 4632   0.55266000E+00
 4633   0.14598000E+01
 4634   0.29355220E+02
 4635   0.36538150E+02
 4636   0.19264060E+02
 4637   0.10481310E+02
 4638   0.64384600E+01
 4639   0.45143500E+01
 4640   0.41659500E+01
 4641   0.13328970E+02
 4642   0.94684780E+02
 4643   0.50288700E+02
 4644   0.23331600E+02
 4645   0.12097300E+02
 4646   0.68118900E+01
 4647   0.40082700E+01
 4648   0.25230700E+01
 4649   0.17321000E+01
 4650   0.12548600E+01
 4651   0.94173000E+00
 4652   0.71795000E+00
 4653   0.55456000E+00
 4654   0.44441000E+00
 4655   0.35573000E+00
 4656   0.28269000E+00
 4657   0.15785000E+00
 4658   0.83680000E-01
 4659   0.55100000E-01
 4660   0.40120000E-01
 4661   0.31040000E-01
 4662   0.25010000E-01
 4663   0.20730000E-01
 4664   0.17560000E-01
 4665   0.15130000E-01
 4666   0.13210000E-01
 4667   0.11660000E-01
 4668   0.10390000E-01
 4669   0.93300000E-02
 4670   0.84400000E-02
 4671   0.76700000E-02
 4672   0.70200000E-02
 4673   0.64400000E-02
 4674   0.59400000E-02
 4675   0.55000000E-02
 4676   0.51100000E-02
 4677   0.47600000E-02
 4678   0.44500000E-02
 4679   0.41700000E-02
 4680   0.39100000E-02
 4681   0.36800000E-02
 4682   0.34700000E-02
 4683   0.32800000E-02
 4684   0.31100000E-02
 4685   0.29400000E-02
 4686   0.28000000E-02
 4687   0.26600000E-02
 4688   0.25300000E-02
 4689   0.24100000E-02
 4690   0.15540000E-01
 4691   0.62988000E+00
 4692   0.14663800E+01
 4693   0.25436700E+01
 4694   0.25636400E+01
 4695   0.20538500E+01
 4696   0.15525700E+01
 4697   0.11797100E+01
 4698   0.91283000E+00
 4699   0.71214000E+00
 4700   0.56260000E+00
 4701   0.45460000E+00
 4702   0.52326000E+00
 4703   0.49312000E+00
 4704   0.47327000E+00
 4705   0.46025000E+00
 4706   0.45151000E+00
 4707   0.43103000E+00
 4708   0.40233000E+00
 4709   0.36004000E+00
 4710   0.31792000E+00
 4711   0.27897000E+00
 4712   0.22930000E+00
 4713   0.15759000E+00
 4714   0.98520000E-01
 4715   0.68190000E-01
 4716   0.50430000E-01
 4717   0.39090000E-01
 4718   0.31380000E-01
 4719   0.25870000E-01
 4720   0.27722000E+00
 4721   0.62542000E+00
 4722   0.10399400E+01
 4723   0.20428200E+01
 4724   0.26827700E+01
 4725   0.25127000E+01
 4726   0.22403900E+01
 4727   0.28221400E+01
 4728   0.28971100E+01
 4729   0.31925700E+01
 4730   0.29314800E+01
 4731   0.23817100E+01
 4732   0.18705400E+01
 4733   0.14922900E+01
 4734   0.12018800E+01
 4735   0.97128000E+00
 4736   0.78634000E+00
 4737   0.62955000E+00
 4738   0.49536000E+00
 4739   0.42097000E+00
 4740   0.34771000E+00
 4741   0.28674000E+00
 4742   0.18358000E+00
 4743   0.88950000E-01
 4744   0.56770000E-01
 4745   0.40630000E-01
 4746   0.68770000E-01
 4747   0.69510000E-01
 4748   0.84860000E-01
 4749   0.87160000E-01
 4750   0.77630000E-01
 4751   0.65360000E-01
 4752   0.54170000E-01
 4753   0.44960000E-01
 4754   0.37610000E-01
 4755   0.31780000E-01
 4756   0.27140000E-01
 4757   0.23420000E-01
 4758   0.20390000E-01
 4759   0.17900000E-01
 4760   0.15840000E-01
 4761   0.14130000E-01
 4762   0.89417000E+00
 4763   0.11381380E+02
 4764   0.27043830E+02
 4765   0.19058120E+02
 4766   0.11306440E+02
 4767   0.68738800E+01
 4768   0.43562300E+01
 4769   0.28366200E+01
 4770   0.19724500E+01
 4771   0.14442900E+01
 4772   0.11067100E+01
 4773   0.86035000E+00
 4774   0.67242000E+00
 4775   0.53085000E+00
 4776   0.44223000E+00
 4777   0.37883000E+00
 4778   0.31189000E+00
 4779   0.21928000E+00
 4780   0.10667000E+00
 4781   0.64070000E-01
 4782   0.44360000E-01
 4783   0.33270000E-01
 4784   0.26250000E-01
 4785   0.21450000E-01
 4786   0.17990000E-01
 4787   0.15380000E-01
 4788   0.13350000E-01
 4789   0.21459000E+00
 4790   0.22924800E+01
 4791   0.49845500E+01
 4792   0.11835100E+02
 4793   0.12866770E+02
 4794   0.10723000E+02
 4795   0.74197800E+01
 4796   0.49153200E+01
 4797   0.39084900E+01
 4798   0.33051400E+01
 4799   0.29814800E+01
 4800   0.26687000E+01
 4801   0.22091800E+01
 4802   0.17651900E+01
 4803   0.14021700E+01
 4804   0.11200900E+01
 4805   0.89853000E+00
 4806   0.73733000E+00
 4807   0.59803000E+00
 4808   0.48725000E+00
 4809   0.42914000E+00
 4810   0.36135000E+00
 4811   0.29678000E+00
 4812   0.20856000E+00
 4813   0.99530000E-01
 4814   0.62460000E-01
 4815   0.44210000E-01
 4816   0.33560000E-01
 4817   0.26670000E-01
 4818   0.21890000E-01
 4819   0.18400000E-01
 4820   0.16840000E-01
 4821   0.18070000E-01
 4822   0.29514000E+00
 4823   0.35987000E+00
 4824   0.42431000E+00
 4825   0.51910000E+00
 4826   0.59299000E+00
 4827   0.57975000E+00
 4828   0.52878000E+00
 4829   0.47303000E+00
 4830   0.42191000E+00
 4831   0.34798000E+00
 4832   0.27972000E+00
 4833   0.22751000E+00
 4834   0.21052000E+00
 4835   0.20593000E+00
 4836   0.22801000E+00
 4837   0.23384000E+00
 4838   0.23052000E+00
 4839   0.82588000E+00
 4840   0.21067800E+01
 4841   0.45698600E+01
 4842   0.46381000E+01
 4843   0.35117400E+01
 4844   0.24014300E+01
 4845   0.17189200E+01
 4846   0.12768100E+01
 4847   0.97217000E+00
 4848   0.77003000E+00
 4849   0.85799000E+00
 4850   0.74472000E+00
 4851   0.73611000E+00
 4852   0.17290300E+01
 4853   0.14395420E+02
 4854   0.60253240E+02
 4855   0.42322400E+02
 4856   0.22233290E+02
 4857   0.13274610E+02
 4858   0.98594500E+01
 4859   0.81906300E+01
 4860   0.68270600E+01
 4861   0.50826600E+01
 4862   0.38006900E+01
 4863   0.11253440E+02
 4864   0.10246308E+03
 4865   0.58685120E+02
 4866   0.37454410E+02
 4867   0.28348240E+02
 4868   0.19951550E+02
 4869   0.12767570E+02
 4870   0.96422400E+01
 4871   0.29780880E+02
 4872   0.21979021E+03
 4873   0.20431513E+03
 4874   0.13037204E+03
 4875   0.55561240E+02
 4876   0.30804060E+02
 4877   0.18454280E+02
 4878   0.11059770E+02
 4879   0.71118900E+01
 4880   0.47758400E+01
 4881   0.34279700E+01
 4882   0.25182800E+01
 4883   0.21896800E+01
 4884   0.17825950E+02
 4885   0.54648430E+02
 4886   0.47670060E+02
 4887   0.10723705E+03
 4888   0.90828750E+02
 4889   0.45507240E+02
 4890   0.22988770E+02
 4891   0.13265940E+02
 4892   0.95575300E+01
 4893   0.72891100E+01
 4894   0.59262100E+01
 4895   0.96307200E+01
 4896   0.64256310E+02
 4897   0.82670040E+02
 4898   0.10089104E+03
 4899   0.58485810E+02
 4900   0.28263170E+02
 4901   0.15939600E+02
 4902   0.12946510E+02
 4903   0.19223490E+02
 4904   0.43826070E+02
 4905   0.79664800E+02
 4906   0.90188320E+02
 4907   0.44864580E+02
 4908   0.21969370E+02
 4909   0.12260210E+02
 4910   0.76359700E+01
 4911   0.49672100E+01
 4912   0.32590200E+01
 4913   0.22801700E+01
 4914   0.16921000E+01
 4915   0.12806200E+01
 4916   0.96939000E+00
 4917   0.75494000E+00
 4918   0.78893000E+00
 4919   0.82488600E+01
 4920   0.15110595E+03
 4921   0.16934176E+03
 4922   0.75695820E+02
 4923   0.69964340E+02
 4924   0.22760813E+03
 4925   0.21246901E+03
 4926   0.15280725E+03
 4927   0.32585216E+03
 4928   0.24546278E+03
 4929   0.26034595E+03
 4930   0.23354143E+03
 4931   0.14090278E+03
 4932   0.28701427E+03
 4933   0.66209231E+03
 4934   0.68306372E+03
 4935   0.17374203E+03
 4936   0.53952350E+02
 4937   0.23498800E+02
 4938   0.14585540E+02
 4939   0.17336580E+02
 4940   0.41747500E+02
 4941   0.55763550E+02
 4942   0.36132170E+02
 4943   0.20587570E+02
 4944   0.11687670E+02
 4945   0.73173900E+01
 4946   0.45447900E+01
 4947   0.29319500E+01
 4948   0.19837200E+01
 4949   0.14173200E+01
 4950   0.10820700E+01
 4951   0.81823000E+00
 4952   0.66284000E+00
 4953   0.54563000E+00
 4954   0.44939000E+00
 4955   0.36530000E+00
 4956   0.29542000E+00
 4957   0.20699000E+00
 4958   0.10488000E+00
 4959   0.22798000E+00
 4960   0.45655200E+01
 4961   0.16126770E+02
 4962   0.20127290E+02
 4963   0.21168540E+02
 4964   0.21390770E+02
 4965   0.20222800E+02
 4966   0.29891340E+02
 4967   0.33779330E+02
 4968   0.32751610E+02
 4969   0.55641890E+02
 4970   0.46224420E+02
 4971   0.33507910E+02
 4972   0.26540730E+02
 4973   0.31630820E+02
 4974   0.11499770E+03
 4975   0.22008318E+03
 4976   0.15751586E+03
 4977   0.97116300E+02
 4978   0.58447230E+02
 4979   0.55348830E+02
 4980   0.11909598E+03
 4981   0.12438794E+03
 4982   0.75755280E+02
 4983   0.91603650E+02
 4984   0.59306909E+03
 4985   0.39523505E+03
 4986   0.11763555E+03
 4987   0.70267150E+02
 4988   0.69984280E+02
 4989   0.54512830E+02
 4990   0.63112470E+02
 4991   0.44247580E+02
 4992   0.23123210E+02
 4993   0.12243040E+02
 4994   0.68956200E+01
 4995   0.40892200E+01
 4996   0.25764700E+01
 4997   0.17696300E+01
 4998   0.12833100E+01
 4999   0.96695000E+00
 5000   0.73316000E+00
 5001   0.57495000E+00
 5002   0.45397000E+00
 5003   0.38430000E+00
 5004   0.32332000E+00
 5005   0.26161000E+00
 5006   0.18274000E+00
 5007   0.10652000E+00
 5008   0.74050000E-01
 5009   0.94426000E+00
 5010   0.36137800E+01
 5011   0.74266000E+01
 5012   0.61419100E+01
 5013   0.42784900E+01
 5014   0.28325000E+01
 5015   0.52010300E+01
 5016   0.35856920E+02
 5017   0.39901450E+02
 5018   0.21751110E+02
 5019   0.11822580E+02
 5020   0.67678900E+01
 5021   0.40637100E+01
 5022   0.25946200E+01
 5023   0.17749900E+01
 5024   0.12707100E+01
 5025   0.95396000E+00
 5026   0.72324000E+00
 5027   0.55337000E+00
 5028   0.44320000E+00
 5029   0.35682000E+00
 5030   0.28563000E+00
 5031   0.16254000E+00
 5032   0.84370000E-01
 5033   0.55170000E-01
 5034   0.40050000E-01
 5035   0.31160000E-01
 5036   0.23138000E+00
 5037   0.20567800E+01
 5038   0.47740100E+01
 5039   0.14612720E+02
 5040   0.19138000E+02
 5041   0.16289190E+02
 5042   0.10734240E+02
 5043   0.65513100E+01
 5044   0.40065200E+01
 5045   0.25504600E+01
 5046   0.17397200E+01
 5047   0.12435700E+01
 5048   0.93073000E+00
 5049   0.70997000E+00
 5050   0.54729000E+00
 5051   0.44484000E+00
 5052   0.36556000E+00
 5053   0.29367000E+00
 5054   0.18179000E+00
 5055   0.89790000E-01
 5056   0.57790000E-01
 5057   0.41550000E-01
 5058   0.31900000E-01
 5059   0.25570000E-01
 5060   0.21130000E-01
 5061   0.17850000E-01
 5062   0.15350000E-01
 5063   0.73680000E+00
 5064   0.19609200E+01
 5065   0.38936400E+01
 5066   0.53768900E+01
 5067   0.46349000E+01
 5068   0.33623400E+01
 5069   0.23617000E+01
 5070   0.17173500E+01
 5071   0.12896200E+01
 5072   0.98769000E+00
 5073   0.77211000E+00
 5074   0.59613000E+00
 5075   0.59649000E+00
 5076   0.71075500E+01
 5077   0.29333970E+02
 5078   0.27974820E+02
 5079   0.16597790E+02
 5080   0.96591900E+01
 5081   0.57529300E+01
 5082   0.35862400E+01
 5083   0.24197300E+01
 5084   0.22115100E+01
 5085   0.29862600E+01
 5086   0.64618600E+01
 5087   0.11709000E+02
 5088   0.13915690E+02
 5089   0.10079160E+02
 5090   0.62792000E+01
 5091   0.40061900E+01
 5092   0.26545100E+01
 5093   0.18866300E+01
 5094   0.14085300E+01
 5095   0.10753400E+01
 5096   0.82046000E+00
 5097   0.62458000E+00
 5098   0.48561000E+00
 5099   0.41230000E+00
 5100   0.33703000E+00
 5101   0.28189000E+00
 5102   0.16363000E+00
 5103   0.83450000E-01
 5104   0.54270000E-01
 5105   0.39340000E-01
 5106   0.30430000E-01
 5107   0.24570000E-01
 5108   0.20450000E-01
 5109   0.17400000E-01
 5110   0.15070000E-01
 5111   0.13220000E-01
 5112   0.11730000E-01
 5113   0.10500000E-01
 5114   0.94800000E-02
 5115   0.86100000E-02
 5116   0.78600000E-02
 5117   0.72100000E-02
 5118   0.66500000E-02
 5119   0.10570000E-01
 5120   0.24312000E+00
 5121   0.28469000E+00
 5122   0.32185000E+00
 5123   0.37615000E+00
 5124   0.41603000E+00
 5125   0.42231000E+00
 5126   0.40816000E+00
 5127   0.14949300E+01
 5128   0.33796000E+01
 5129   0.64826300E+01
 5130   0.88102600E+01
 5131   0.69001500E+01
 5132   0.47465100E+01
 5133   0.31820300E+01
 5134   0.22703500E+01
 5135   0.16904200E+01
 5136   0.12889200E+01
 5137   0.10085200E+01
 5138   0.79120000E+00
 5139   0.60744000E+00
 5140   0.49383000E+00
 5141   0.45108000E+00
 5142   0.39878000E+00
 5143   0.36064000E+00
 5144   0.32471000E+00
 5145   0.29029000E+00
 5146   0.24523000E+00
 5147   0.22870000E+00
 5148   0.29220000E+00
 5149   0.28878000E+00
 5150   0.27850000E+00
 5151   0.26046000E+00
 5152   0.23282000E+00
 5153   0.20009000E+00
 5154   0.13207000E+00
 5155   0.25896000E+00
 5156   0.27840000E+00
 5157   0.28011000E+00
 5158   0.27368000E+00
 5159   0.24686000E+00
 5160   0.21974000E+00
 5161   0.19368000E+00
 5162   0.97314000E+00
 5163   0.30645300E+01
 5164   0.10390160E+02
 5165   0.11482300E+02
 5166   0.78415800E+01
 5167   0.50072500E+01
 5168   0.32468800E+01
 5169   0.22271800E+01
 5170   0.16064900E+01
 5171   0.12013600E+01
 5172   0.92407000E+00
 5173   0.72408000E+00
 5174   0.57014000E+00
 5175   0.46618000E+00
 5176   0.41802000E+00
 5177   0.35725000E+00
 5178   0.29957000E+00
 5179   0.21174000E+00
 5180   0.23806000E+00
 5181   0.45968000E+00
 5182   0.55551000E+00
 5183   0.84553000E+00
 5184   0.14413300E+01
 5185   0.18670500E+01
 5186   0.39825300E+01
 5187   0.10013140E+02
 5188   0.19851450E+02
 5189   0.19417510E+02
 5190   0.13773560E+02
 5191   0.94969300E+01
 5192   0.92672700E+01
 5193   0.10402460E+02
 5194   0.12010940E+02
 5195   0.10278340E+02
 5196   0.92386800E+01
 5197   0.77040600E+01
 5198   0.57273300E+01
 5199   0.71228700E+01
 5200   0.13132290E+02
 5201   0.26715690E+02
 5202   0.18692640E+02
 5203   0.11114440E+02
 5204   0.69765500E+01
 5205   0.45750900E+01
 5206   0.33559800E+01
 5207   0.27251500E+01
 5208   0.22338700E+01
 5209   0.18596700E+01
 5210   0.35409700E+01
 5211   0.46247800E+01
 5212   0.60659200E+01
 5213   0.56250600E+01
 5214   0.43427700E+01
 5215   0.30697100E+01
 5216   0.22166800E+01
 5217   0.17984800E+01
 5218   0.22816600E+01
 5219   0.23332400E+01
 5220   0.24725100E+01
 5221   0.22707100E+01
 5222   0.18696500E+01
 5223   0.16916500E+01
 5224   0.13805300E+01
 5225   0.11343400E+01
 5226   0.12959000E+01
 5227   0.28882800E+01
 5228   0.53961200E+01
 5229   0.75294200E+01
 5230   0.13494950E+02
 5231   0.17690660E+02
 5232   0.17703010E+02
 5233   0.16172020E+02
 5234   0.15487000E+02
 5235   0.18323300E+02
 5236   0.15612620E+02
 5237   0.10611740E+02
 5238   0.67585500E+01
 5239   0.43052800E+01
 5240   0.27771600E+01
 5241   0.19040300E+01
 5242   0.13642200E+01
 5243   0.10262000E+01
 5244   0.78240000E+00
 5245   0.62590000E+00
 5246   0.79188000E+00
 5247   0.83245000E+00
 5248   0.21204800E+01
 5249   0.37893800E+01
 5250   0.53894060E+02
 5251   0.12164447E+03
 5252   0.23114465E+03
 5253   0.81713200E+02
 5254   0.33735830E+02
 5255   0.17094000E+02
 5256   0.10789750E+02
 5257   0.10165590E+02
 5258   0.27025670E+02
 5259   0.45622780E+02
 5260   0.30712890E+02
 5261   0.32155150E+02
 5262   0.74260370E+02
 5263   0.15894573E+03
 5264   0.13955901E+03
 5265   0.11556865E+03
 5266   0.11240863E+03
 5267   0.55712940E+02
 5268   0.30749350E+02
 5269   0.28282590E+02
 5270   0.59837890E+02
 5271   0.10366081E+03
 5272   0.79160620E+02
 5273   0.45826640E+02
 5274   0.29900060E+02
 5275   0.33715510E+02
 5276   0.19413348E+03
 5277   0.29651337E+03
 5278   0.32314120E+03
 5279   0.38059983E+03
 5280   0.38568404E+03
 5281   0.16525533E+03
 5282   0.87255620E+02
 5283   0.51148260E+02
 5284   0.30616890E+02
 5285   0.20586190E+02
 5286   0.15244030E+02
 5287   0.14228170E+02
 5288   0.19732050E+02
 5289   0.21418110E+02
 5290   0.16973890E+02
 5291   0.11303010E+02
 5292   0.70518100E+01
 5293   0.44515200E+01
 5294   0.42498800E+01
 5295   0.20019800E+02
 5296   0.13796327E+03
 5297   0.42307625E+03
 5298   0.18065883E+03
 5299   0.14614108E+03
 5300   0.10269489E+03
 5301   0.75015560E+02
 5302   0.73570410E+02
 5303   0.14260363E+03
 5304   0.24497665E+03
 5305   0.34573150E+03
 5306   0.33299260E+03
 5307   0.16630073E+03
 5308   0.11485455E+03
 5309   0.11248532E+03
 5310   0.98978550E+02
 5311   0.47764280E+02
 5312   0.22848140E+02
 5313   0.12041100E+02
 5314   0.88385500E+01
 5315   0.80279500E+01
 5316   0.85843600E+01
 5317   0.99258700E+01
 5318   0.10856270E+02
 5319   0.96943800E+01
 5320   0.77255000E+01
 5321   0.56849600E+01
 5322   0.40821000E+01
 5323   0.27969700E+01
 5324   0.19559700E+01
 5325   0.14412300E+01
 5326   0.10740700E+01
 5327   0.81923000E+00
 5328   0.63973000E+00
 5329   0.50588000E+00
 5330   0.41041000E+00
 5331   0.32052000E+00
 5332   0.21257000E+00
 5333   0.81927000E+00
 5334   0.16949300E+01
 5335   0.33253500E+01
 5336   0.37246500E+01
 5337   0.30342900E+01
 5338   0.24196500E+01
 5339   0.20285100E+01
 5340   0.28515900E+01
 5341   0.17642270E+02
 5342   0.57916800E+02
 5343   0.32774820E+02
 5344   0.16751220E+02
 5345   0.92851400E+01
 5346   0.56490000E+01
 5347   0.43073100E+01
 5348   0.37943600E+01
 5349   0.65852600E+01
 5350   0.71469600E+01
 5351   0.95652400E+01
 5352   0.68718190E+02
 5353   0.13596566E+03
 5354   0.85802150E+02
 5355   0.41093220E+02
 5356   0.21537570E+02
 5357   0.12182020E+02
 5358   0.87001200E+01
 5359   0.12977170E+02
 5360   0.83436240E+02
 5361   0.60863340E+02
 5362   0.29980390E+02
 5363   0.16254870E+02
 5364   0.10979110E+02
 5365   0.17925240E+02
 5366   0.26167490E+02
 5367   0.19301120E+02
 5368   0.13008400E+02
 5369   0.86976300E+01
 5370   0.59309000E+01
 5371   0.40787500E+01
 5372   0.26590400E+01
 5373   0.18106200E+01
 5374   0.13296100E+01
 5375   0.98101000E+00
 5376   0.74919000E+00
 5377   0.58834000E+00
 5378   0.52579000E+00
 5379   0.46723000E+00
 5380   0.42139000E+00
 5381   0.37917000E+00
 5382   0.33908000E+00
 5383   0.29184000E+00
 5384   0.24301000E+00
 5385   0.18796000E+00
 5386   0.11810000E+00
 5387   0.83260000E-01
 5388   0.62270000E-01
 5389   0.48530000E-01
 5390   0.39000000E-01
 5391   0.32100000E-01
 5392   0.26930000E-01
 5393   0.22950000E-01
 5394   0.19810000E-01
 5395   0.17290000E-01
 5396   0.38098000E+00
 5397   0.44634000E+00
 5398   0.49726000E+00
 5399   0.58613000E+00
 5400   0.63565000E+00
 5401   0.63936000E+00
 5402   0.59890000E+00
 5403   0.53723000E+00
 5404   0.46511000E+00
 5405   0.39696000E+00
 5406   0.33191000E+00
 5407   0.27590000E+00
 5408   0.17917000E+00
 5409   0.97090000E-01
 5410   0.64700000E-01
 5411   0.47220000E-01
 5412   0.36460000E-01
 5413   0.29260000E-01
 5414   0.24140000E-01
 5415   0.20350000E-01
 5416   0.17450000E-01
 5417   0.15160000E-01
 5418   0.13320000E-01
 5419   0.11820000E-01
 5420   0.10570000E-01
 5421   0.95200000E-02
 5422   0.86300000E-02
 5423   0.78700000E-02
 5424   0.72000000E-02
 5425   0.66200000E-02
 5426   0.61100000E-02
 5427   0.51193000E+00
 5428   0.10705400E+01
 5429   0.26162400E+01
 5430   0.31429100E+01
 5431   0.25447800E+01
 5432   0.19368500E+01
 5433   0.14829600E+01
 5434   0.11491500E+01
 5435   0.90101000E+00
 5436   0.70628000E+00
 5437   0.55672000E+00
 5438   0.45455000E+00
 5439   0.37633000E+00
 5440   0.31552000E+00
 5441   0.22689000E+00
 5442   0.13108000E+00
 5443   0.89220000E-01
 5444   0.69340000E-01
 5445   0.21778000E+00
 5446   0.73982000E+00
 5447   0.95687000E+00
 5448   0.12297900E+01
 5449   0.14451400E+01
 5450   0.15001000E+01
 5451   0.13777000E+01
 5452   0.12006500E+01
 5453   0.99491000E+00
 5454   0.84788000E+00
 5455   0.13604600E+01
 5456   0.13567900E+01
 5457   0.14850700E+01
 5458   0.13609100E+01
 5459   0.11170700E+01
 5460   0.89920000E+00
 5461   0.13178400E+01
 5462   0.26243300E+01
 5463   0.61741300E+01
 5464   0.10622480E+02
 5465   0.84390600E+01
 5466   0.54288300E+01
 5467   0.34430500E+01
 5468   0.23004900E+01
 5469   0.16297100E+01
 5470   0.12215300E+01
 5471   0.94916000E+00
 5472   0.75022000E+00
 5473   0.58957000E+00
 5474   0.47081000E+00
 5475   0.40420000E+00
 5476   0.32888000E+00
 5477   0.23953000E+00
 5478   0.13106000E+00
 5479   0.75020000E-01
 5480   0.50880000E-01
 5481   0.37690000E-01
 5482   0.29500000E-01
 5483   0.23970000E-01
 5484   0.20010000E-01
 5485   0.17050000E-01
 5486   0.14760000E-01
 5487   0.12940000E-01
 5488   0.11470000E-01
 5489   0.10250000E-01
 5490   0.92400000E-02
 5491   0.83700000E-02
 5492   0.76300000E-02
 5493   0.69900000E-02
 5494   0.64400000E-02
 5495   0.16516000E+00
 5496   0.21420000E+00
 5497   0.22328000E+00
 5498   0.22086000E+00
 5499   0.20781000E+00
 5500   0.18716000E+00
 5501   0.15312000E+00
 5502   0.11302000E+00
 5503   0.83970000E-01
 5504   0.64230000E-01
 5505   0.50570000E-01
 5506   0.40830000E-01
 5507   0.21102000E+00
 5508   0.18377500E+01
 5509   0.76661800E+01
 5510   0.18443510E+02
 5511   0.14355890E+02
 5512   0.89800000E+01
 5513   0.55483700E+01
 5514   0.36010400E+01
 5515   0.24847800E+01
 5516   0.18083700E+01
 5517   0.13472700E+01
 5518   0.10418900E+01
 5519   0.27162900E+01
 5520   0.44260500E+01
 5521   0.68703100E+01
 5522   0.63479100E+01
 5523   0.47423100E+01
 5524   0.36613900E+01
 5525   0.30112000E+01
 5526   0.44982000E+01
 5527   0.88311700E+01
 5528   0.13643310E+02
 5529   0.11916870E+02
 5530   0.82615100E+01
 5531   0.53531800E+01
 5532   0.35719300E+01
 5533   0.24942400E+01
 5534   0.23476500E+01
 5535   0.29215900E+01
 5536   0.45308200E+01
 5537   0.58277100E+01
 5538   0.49750100E+01
 5539   0.36343400E+01
 5540   0.26374100E+01
 5541   0.24835700E+01
 5542   0.21101800E+01
 5543   0.19559700E+01
 5544   0.19089500E+01
 5545   0.18492000E+01
 5546   0.16418400E+01
 5547   0.13786400E+01
 5548   0.11768400E+01
 5549   0.99851000E+00
 5550   0.89401000E+00
 5551   0.74752000E+00
 5552   0.62770000E+00
 5553   0.52704000E+00
 5554   0.46157000E+00
 5555   0.41140000E+00
 5556   0.36366000E+00
 5557   0.31907000E+00
 5558   0.27684000E+00
 5559   0.20996000E+00
 5560   0.11355000E+00
 5561   0.74930000E-01
 5562   0.54340000E-01
 5563   0.41750000E-01
 5564   0.10150400E+01
 5565   0.89977000E+01
 5566   0.28842230E+02
 5567   0.25617340E+02
 5568   0.15923840E+02
 5569   0.95003200E+01
 5570   0.58748600E+01
 5571   0.37827800E+01
 5572   0.27459000E+01
 5573   0.41358900E+01
 5574   0.61522200E+01
 5575   0.90668900E+01
 5576   0.89859700E+01
 5577   0.69913300E+01
 5578   0.48606100E+01
 5579   0.31993400E+01
 5580   0.22456900E+01
 5581   0.37937500E+01
 5582   0.81773900E+01
 5583   0.26903510E+02
 5584   0.31558750E+02
 5585   0.20528330E+02
 5586   0.12188550E+02
 5587   0.74107900E+01
 5588   0.46132900E+01
 5589   0.29343900E+01
 5590   0.19952600E+01
 5591   0.14290800E+01
 5592   0.10660400E+01
 5593   0.81785000E+00
 5594   0.62621000E+00
 5595   0.48232000E+00
 5596   0.16576800E+01
 5597   0.31704500E+01
 5598   0.57072500E+01
 5599   0.53760900E+01
 5600   0.39290100E+01
 5601   0.26375700E+01
 5602   0.18909700E+01
 5603   0.14285800E+01
 5604   0.11065000E+01
 5605   0.89092000E+00
 5606   0.15776300E+01
 5607   0.30796670E+02
 5608   0.53501450E+02
 5609   0.33078670E+02
 5610   0.28246050E+02
 5611   0.28698700E+02
 5612   0.21800950E+02
 5613   0.13475480E+02
 5614   0.84440700E+01
 5615   0.75702900E+01
 5616   0.89943700E+01
 5617   0.13779190E+02
 5618   0.12237560E+02
 5619   0.88401700E+01
 5620   0.80382600E+01
 5621   0.90205900E+01
 5622   0.10327400E+02
 5623   0.10218760E+02
 5624   0.77295100E+01
 5625   0.52295100E+01
 5626   0.36969700E+01
 5627   0.25968700E+01
 5628   0.19656500E+01
 5629   0.24385700E+01
 5630   0.29583400E+01
 5631   0.39649000E+01
 5632   0.37402500E+01
 5633   0.27612200E+01
 5634   0.25085900E+01
 5635   0.29355500E+01
 5636   0.82632900E+01
 5637   0.16532470E+02
 5638   0.28289350E+02
 5639   0.29421350E+02
 5640   0.22725570E+02
 5641   0.25752210E+02
 5642   0.38910420E+02
 5643   0.35663030E+02
 5644   0.29518740E+02
 5645   0.51475460E+02
 5646   0.54535840E+02
 5647   0.33333800E+02
 5648   0.60502540E+02
 5649   0.10302539E+03
 5650   0.82652410E+02
 5651   0.55855580E+02
 5652   0.43731030E+02
 5653   0.41002770E+02
 5654   0.52433800E+02
 5655   0.11412818E+03
 5656   0.27903554E+03
 5657   0.15393432E+03
 5658   0.71745980E+02
 5659   0.34643870E+02
 5660   0.17857360E+02
 5661   0.10749900E+02
 5662   0.83663100E+01
 5663   0.12356370E+02
 5664   0.14864160E+02
 5665   0.45880700E+02
 5666   0.83456500E+02
 5667   0.41419099E+03
 5668   0.64944822E+03
 5669   0.77359854E+03
 5670   0.62432367E+03
 5671   0.30633961E+03
 5672   0.16928338E+03
 5673   0.19992971E+03
 5674   0.21378935E+03
 5675   0.53718770E+03
 5676   0.93650006E+03
 5677   0.26503601E+03
 5678   0.70942454E+03
 5679   0.35273719E+03
 5680   0.36083026E+03
 5681   0.24157726E+03
 5682   0.11082611E+03
 5683   0.69302110E+02
 5684   0.40040410E+02
 5685   0.21854360E+02
 5686   0.12268180E+02
 5687   0.72557200E+01
 5688   0.57794400E+01
 5689   0.48578300E+01
 5690   0.38304900E+01
 5691   0.27951800E+01
 5692   0.20075000E+01
 5693   0.14589600E+01
 5694   0.10967500E+01
 5695   0.22175500E+01
 5696   0.70301400E+01
 5697   0.23849450E+02
 5698   0.47792410E+02
 5699   0.97025550E+02
 5700   0.76137640E+02
 5701   0.37453760E+02
 5702   0.18471740E+02
 5703   0.99412600E+01
 5704   0.56549700E+01
 5705   0.34244800E+01
 5706   0.25460700E+01
 5707   0.46021200E+01
 5708   0.88081500E+01
 5709   0.19118530E+02
 5710   0.27741190E+02
 5711   0.38935330E+02
 5712   0.37889380E+02
 5713   0.22897350E+02
 5714   0.13508760E+02
 5715   0.80964900E+01
 5716   0.49187300E+01
 5717   0.30217700E+01
 5718   0.20242500E+01
 5719   0.14360500E+01
 5720   0.10565200E+01
 5721   0.80377000E+00
 5722   0.61890000E+00
 5723   0.47409000E+00
 5724   0.38579000E+00
 5725   0.30634000E+00
 5726   0.25527000E+00
 5727   0.25555000E+00
 5728   0.75858800E+01
 5729   0.34830460E+02
 5730   0.87385600E+02
 5731   0.79008650E+02
 5732   0.41363830E+02
 5733   0.21527750E+02
 5734   0.12014090E+02
 5735   0.70677300E+01
 5736   0.43346400E+01
 5737   0.27906100E+01
 5738   0.19272500E+01
 5739   0.14178800E+01
 5740   0.10840600E+01
 5741   0.83619000E+00
 5742   0.64520000E+00
 5743   0.49807000E+00
 5744   0.41005000E+00
 5745   0.33065000E+00
 5746   0.27017000E+00
 5747   0.30041000E+00
 5748   0.29772000E+00
 5749   0.29324000E+00
 5750   0.27853000E+00
 5751   0.25689000E+00
 5752   0.21046000E+00
 5753   0.12536000E+00
 5754   0.86530000E-01
 5755   0.64230000E-01
 5756   0.49930000E-01
 5757   0.40090000E-01
 5758   0.33000000E-01
 5759   0.27680000E-01
 5760   0.23590000E-01
 5761   0.20360000E-01
 5762   0.17770000E-01
 5763   0.33230000E-01
 5764   0.95870000E-01
 5765   0.17951000E+00
 5766   0.20586000E+00
 5767   0.18333500E+01
 5768   0.14384350E+02
 5769   0.24679830E+02
 5770   0.15886600E+02
 5771   0.92956600E+01
 5772   0.55815000E+01
 5773   0.34308300E+01
 5774   0.22379800E+01
 5775   0.15603500E+01
 5776   0.11432200E+01
 5777   0.86555000E+00
 5778   0.66876000E+00
 5779   0.51858000E+00
 5780   0.42631000E+00
 5781   0.34123000E+00
 5782   0.25558000E+00
 5783   0.13424000E+00
 5784   0.75310000E-01
 5785   0.50620000E-01
 5786   0.37320000E-01
 5787   0.29120000E-01
 5788   0.23610000E-01
 5789   0.19670000E-01
 5790   0.16740000E-01
 5791   0.14470000E-01
 5792   0.12670000E-01
 5793   0.11210000E-01
 5794   0.10010000E-01
 5795   0.90100000E-02
 5796   0.81600000E-02
 5797   0.74300000E-02
 5798   0.68100000E-02
 5799   0.62600000E-02
 5800   0.57800000E-02
 5801   0.53600000E-02
 5802   0.25515000E+00
 5803   0.79355400E+01
 5804   0.25123980E+02
 5805   0.19724380E+02
 5806   0.12447240E+02
 5807   0.78645400E+01
 5808   0.52778100E+01
 5809   0.35899600E+01
 5810   0.24974800E+01
 5811   0.18176200E+01
 5812   0.13572200E+01
 5813   0.10398100E+01
 5814   0.80858000E+00
 5815   0.62751000E+00
 5816   0.48926000E+00
 5817   0.51313000E+00
 5818   0.41375760E+02
 5819   0.14827075E+03
 5820   0.57671220E+02
 5821   0.26136990E+02
 5822   0.14942970E+02
 5823   0.98663700E+01
 5824   0.69334000E+01
 5825   0.49198000E+01
 5826   0.34307300E+01
 5827   0.24282700E+01
 5828   0.17821300E+01
 5829   0.13526200E+01
 5830   0.10635200E+01
 5831   0.84977000E+00
 5832   0.68440000E+00
 5833   0.54116000E+00
 5834   0.44792000E+00
 5835   0.37363000E+00
 5836   0.30467000E+00
 5837   0.21412000E+00
 5838   0.10402000E+00
 5839   0.23007000E+00
 5840   0.88726000E+00
 5841   0.15963000E+01
 5842   0.34945300E+01
 5843   0.42622500E+01
 5844   0.34738200E+01
 5845   0.25856500E+01
 5846   0.23519000E+01
 5847   0.18114300E+01
 5848   0.15874800E+01
 5849   0.16283100E+01
 5850   0.16244800E+01
 5851   0.14810500E+01
 5852   0.13161400E+01
 5853   0.38000200E+01
 5854   0.66655000E+01
 5855   0.11660580E+02
 5856   0.92810100E+01
 5857   0.58288900E+01
 5858   0.36984500E+01
 5859   0.24715600E+01
 5860   0.17732100E+01
 5861   0.13403100E+01
 5862   0.10643100E+01
 5863   0.85087000E+00
 5864   0.67840000E+00
 5865   0.53717000E+00
 5866   0.44961000E+00
 5867   0.39146000E+00
 5868   0.37117000E+00
 5869   0.33528000E+00
 5870   0.30854000E+00
 5871   0.28050000E+00
 5872   0.24653000E+00
 5873   0.22441000E+00
 5874   0.20513000E+00
 5875   0.17932000E+00
 5876   0.14902000E+00
 5877   0.10710000E+00
 5878   0.77270000E-01
 5879   0.57960000E-01
 5880   0.45100000E-01
 5881   0.36180000E-01
 5882   0.29740000E-01
 5883   0.24930000E-01
 5884   0.21250000E-01
 5885   0.18350000E-01
 5886   0.16030000E-01
 5887   0.14140000E-01
 5888   0.12580000E-01
 5889   0.11270000E-01
 5890   0.10170000E-01
 5891   0.92200000E-02
 5892   0.93100000E-02
 5893   0.11387900E+01
 5894   0.30289000E+01
 5895   0.86683900E+01
 5896   0.15492010E+02
 5897   0.21510840E+02
 5898   0.15299590E+02
 5899   0.94277600E+01
 5900   0.58804600E+01
 5901   0.40624300E+01
 5902   0.37402200E+01
 5903   0.87769600E+01
 5904   0.23566910E+02
 5905   0.40625100E+02
 5906   0.59077090E+02
 5907   0.46967870E+02
 5908   0.33579390E+02
 5909   0.13601096E+03
 5910   0.18974381E+03
 5911   0.78076430E+02
 5912   0.69264570E+02
 5913   0.10405720E+03
 5914   0.98405460E+02
 5915   0.12259645E+03
 5916   0.96303510E+02
 5917   0.89660130E+02
 5918   0.11329654E+03
 5919   0.87653160E+02
 5920   0.10021349E+03
 5921   0.69216380E+02
 5922   0.34034640E+02
 5923   0.18407710E+02
 5924   0.10992700E+02
 5925   0.75728300E+01
 5926   0.70073100E+01
 5927   0.81609400E+01
 5928   0.92466400E+01
 5929   0.86320500E+01
 5930   0.72151000E+01
 5931   0.81658500E+01
 5932   0.10219050E+02
 5933   0.15991840E+02
 5934   0.18720430E+02
 5935   0.65931010E+02
 5936   0.15535650E+03
 5937   0.13098384E+03
 5938   0.99658030E+02
 5939   0.46585110E+02
 5940   0.23011380E+02
 5941   0.13270810E+02
 5942   0.11718430E+02
 5943   0.12183010E+02
 5944   0.13948720E+02
 5945   0.10172860E+02
 5946   0.64441700E+01
 5947   0.43549500E+01
 5948   0.38465700E+01
 5949   0.11597230E+02
 5950   0.32203100E+02
 5951   0.29326350E+02
 5952   0.17509080E+02
 5953   0.10264120E+02
 5954   0.62290900E+01
 5955   0.39206000E+01
 5956   0.26151300E+01
 5957   0.22173300E+01
 5958   0.23542400E+01
 5959   0.10372880E+02
 5960   0.38855080E+02
 5961   0.32792280E+02
 5962   0.18526530E+02
 5963   0.25714980E+02
 5964   0.37756710E+02
 5965   0.31432680E+02
 5966   0.34890530E+02
 5967   0.31768290E+02
 5968   0.19566970E+02
 5969   0.13247720E+02
 5970   0.12471380E+02
 5971   0.16317690E+02
 5972   0.16294420E+02
 5973   0.13031490E+02
 5974   0.15240880E+02
 5975   0.52666470E+02
 5976   0.64145010E+02
 5977   0.49045410E+02
 5978   0.48415420E+02
 5979   0.10631796E+03
 5980   0.19874952E+03
 5981   0.13021428E+03
 5982   0.64169230E+02
 5983   0.41015420E+02
 5984   0.56144280E+02
 5985   0.59545400E+02
 5986   0.34808600E+02
 5987   0.20950620E+02
 5988   0.16962400E+02
 5989   0.15774040E+02
 5990   0.13280540E+02
 5991   0.41776060E+02
 5992   0.84045840E+02
 5993   0.79470800E+02
 5994   0.16147597E+03
 5995   0.33146028E+03
 5996   0.23980349E+03
 5997   0.13170740E+03
 5998   0.78495280E+02
 5999   0.39722430E+02
 6000   0.27911790E+02
 6001   0.12345806E+03
 6002   0.25071989E+03
 6003   0.34618607E+03
 6004   0.30874484E+03
 6005   0.89425520E+02
 6006   0.35656450E+02
 6007   0.17444890E+02
 6008   0.97554500E+01
 6009   0.17524000E+02
 6010   0.32559073E+03
 6011   0.13490426E+03
 6012   0.49389700E+02
 6013   0.22547280E+02
 6014   0.11806350E+02
 6015   0.67131300E+01
 6016   0.57037200E+01
 6017   0.99473600E+01
 6018   0.72568140E+02
 6019   0.25208510E+03
 6020   0.11636498E+03
 6021   0.78925340E+02
 6022   0.11280677E+03
 6023   0.23129079E+03
 6024   0.24640320E+03
 6025   0.13310374E+03
 6026   0.50161510E+02
 6027   0.22884380E+02
 6028   0.11889500E+02
 6029   0.67009500E+01
 6030   0.40068000E+01
 6031   0.26488400E+01
 6032   0.19680400E+01
 6033   0.24480200E+01
 6034   0.15828830E+02
 6035   0.16553372E+03
 6036   0.38824144E+03
 6037   0.12403028E+03
 6038   0.18522014E+03
 6039   0.26629831E+03
 6040   0.30010561E+03
 6041   0.17956176E+03
 6042   0.14536923E+03
 6043   0.98724030E+02
 6044   0.79337160E+02
 6045   0.60887000E+02
 6046   0.40734630E+02
 6047   0.30029780E+02
 6048   0.19244900E+02
 6049   0.11347470E+02
 6050   0.66916800E+01
 6051   0.42642200E+01
 6052   0.37581800E+01
 6053   0.34847700E+01
 6054   0.46304980E+02
 6055   0.19156098E+03
 6056   0.13748415E+03
 6057   0.17785505E+03
 6058   0.11270949E+03
 6059   0.50124920E+02
 6060   0.26354260E+02
 6061   0.16331780E+02
 6062   0.11636910E+02
 6063   0.82853400E+01
 6064   0.56143800E+01
 6065   0.38678500E+01
 6066   0.25854700E+01
 6067   0.19305500E+01
 6068   0.11105040E+02
 6069   0.66598800E+02
 6070   0.46841700E+02
 6071   0.26719600E+02
 6072   0.18503950E+02
 6073   0.24189640E+02
 6074   0.37548820E+02
 6075   0.33417880E+02
 6076   0.23808070E+02
 6077   0.19505970E+02
 6078   0.17109180E+02
 6079   0.17909040E+02
 6080   0.15381240E+02
 6081   0.11032840E+02
 6082   0.70096600E+01
 6083   0.53705900E+01
 6084   0.12229110E+02
 6085   0.55139080E+02
 6086   0.75601620E+02
 6087   0.41798570E+02
 6088   0.21616520E+02
 6089   0.11798510E+02
 6090   0.67272800E+01
 6091   0.39982000E+01
 6092   0.31306000E+01
 6093   0.44352400E+01
 6094   0.62765200E+01
 6095   0.95640300E+01
 6096   0.18173790E+02
 6097   0.73847560E+02
 6098   0.24607279E+03
 6099   0.26176615E+03
 6100   0.28284241E+03
 6101   0.11657998E+03
 6102   0.67968860E+02
 6103   0.44396730E+02
 6104   0.23864230E+02
 6105   0.12891780E+02
 6106   0.76930800E+01
 6107   0.47270600E+01
 6108   0.30067300E+01
 6109   0.20513200E+01
 6110   0.14604800E+01
 6111   0.10663800E+01
 6112   0.80346000E+00
 6113   0.61308000E+00
 6114   0.48802000E+00
 6115   0.85026000E+00
 6116   0.84970000E+00
 6117   0.93729000E+00
 6118   0.94147000E+00
 6119   0.13910000E+01
 6120   0.14974100E+01
 6121   0.15081900E+01
 6122   0.14464400E+01
 6123   0.12561600E+01
 6124   0.10329300E+01
 6125   0.84899000E+00
 6126   0.70584000E+00
 6127   0.58054000E+00
 6128   0.47115000E+00
 6129   0.40846000E+00
 6130   0.69456000E+00
 6131   0.98235000E+00
 6132   0.62698200E+01
 6133   0.12480130E+02
 6134   0.10407240E+02
 6135   0.66315700E+01
 6136   0.42106100E+01
 6137   0.26711900E+01
 6138   0.18212200E+01
 6139   0.13340000E+01
 6140   0.99633000E+00
 6141   0.76441000E+00
 6142   0.59531000E+00
 6143   0.46486000E+00
 6144   0.38045000E+00
 6145   0.30273000E+00
 6146   0.20540000E+00
 6147   0.95490000E-01
 6148   0.71710000E-01
 6149   0.12739000E+00
 6150   0.18806000E+00
 6151   0.18055000E+00
 6152   0.14011000E+00
 6153   0.10484000E+00
 6154   0.79600000E-01
 6155   0.61960000E-01
 6156   0.49420000E-01
 6157   0.40270000E-01
 6158   0.33420000E-01
 6159   0.30350000E-01
 6160   0.26450000E-01
 6161   0.23230000E-01
 6162   0.20960000E-01
 6163   0.19250000E-01
 6164   0.17920000E-01
 6165   0.16830000E-01
 6166   0.15850000E-01
 6167   0.14920000E-01
 6168   0.14000000E-01
 6169   0.13090000E-01
 6170   0.12210000E-01
 6171   0.11370000E-01
 6172   0.10580000E-01
 6173   0.98400000E-02
 6174   0.91500000E-02
 6175   0.85100000E-02
 6176   0.81100000E-02
 6177   0.78600000E-02
 6178   0.74000000E-02
 6179   0.69200000E-02
 6180   0.64800000E-02
 6181   0.60900000E-02
 6182   0.57300000E-02
 6183   0.54100000E-02
 6184   0.51100000E-02
 6185   0.48400000E-02
 6186   0.46000000E-02
 6187   0.44100000E-02
 6188   0.43700000E-02
 6189   0.45400000E-02
 6190   0.77700000E-02
 6191   0.97000000E-02
 6192   0.11290000E-01
 6193   0.14570000E-01
 6194   0.18240000E-01
 6195   0.21210000E-01
 6196   0.22830000E-01
 6197   0.23180000E-01
 6198   0.22590000E-01
 6199   0.21430000E-01
 6200   0.19970000E-01
 6201   0.18400000E-01
 6202   0.16850000E-01
 6203   0.15390000E-01
 6204   0.14040000E-01
 6205   0.12810000E-01
 6206   0.11710000E-01
 6207   0.10720000E-01
 6208   0.98400000E-02
 6209   0.90500000E-02
 6210   0.83400000E-02
 6211   0.77100000E-02
 6212   0.71400000E-02
 6213   0.66400000E-02
 6214   0.61800000E-02
 6215   0.57600000E-02
 6216   0.53900000E-02
 6217   0.50500000E-02
 6218   0.47400000E-02
 6219   0.44600000E-02
 6220   0.42000000E-02
 6221   0.39600000E-02
 6222   0.37400000E-02
 6223   0.35400000E-02
 6224   0.33600000E-02
 6225   0.34700000E-02
 6226   0.14500000E-01
 6227   0.18580000E-01
 6228   0.25150000E-01
 6229   0.34650000E-01
 6230   0.39860000E-01
 6231   0.65670000E-01
 6232   0.11689700E+01
 6233   0.15709790E+02
 6234   0.33280900E+02
 6235   0.21300690E+02
 6236   0.11925380E+02
 6237   0.69383800E+01
 6238   0.42608100E+01
 6239   0.27689100E+01
 6240   0.19439000E+01
 6241   0.14381000E+01
 6242   0.11099700E+01
 6243   0.86613000E+00
 6244   0.67210000E+00
 6245   0.73453000E+00
 6246   0.71171000E+00
 6247   0.67015000E+00
 6248   0.69300000E+00
 6249   0.67566000E+00
 6250   0.60698000E+00
 6251   0.52665000E+00
 6252   0.63449000E+00
 6253   0.87866000E+00
 6254   0.10405700E+01
 6255   0.14475000E+01
 6256   0.19036700E+01
 6257   0.19444200E+01
 6258   0.17306300E+01
 6259   0.14592300E+01
 6260   0.17321900E+01
 6261   0.22609000E+01
 6262   0.36197100E+01
 6263   0.48889200E+01
 6264   0.52086400E+01
 6265   0.47185600E+01
 6266   0.35353600E+01
 6267   0.25317900E+01
 6268   0.18870500E+01
 6269   0.14569500E+01
 6270   0.22798100E+01
 6271   0.25253200E+01
 6272   0.43676600E+01
 6273   0.57586500E+01
 6274   0.47889600E+01
 6275   0.34051800E+01
 6276   0.23842700E+01
 6277   0.17439400E+01
 6278   0.33559300E+01
 6279   0.18899422E+03
 6280   0.13802290E+03
 6281   0.48184980E+02
 6282   0.27379310E+02
 6283   0.48063860E+02
 6284   0.57077890E+02
 6285   0.34442310E+02
 6286   0.19687560E+02
 6287   0.11112740E+02
 6288   0.64874900E+01
 6289   0.68939400E+01
 6290   0.74332800E+01
 6291   0.83560900E+01
 6292   0.74657900E+01
 6293   0.12423290E+02
 6294   0.27296790E+02
 6295   0.27437090E+02
 6296   0.16298960E+02
 6297   0.93624700E+01
 6298   0.54865800E+01
 6299   0.34023900E+01
 6300   0.23534100E+01
 6301   0.17428900E+01
 6302   0.13587900E+01
 6303   0.11888400E+01
 6304   0.98096000E+00
 6305   0.88818000E+00
 6306   0.10442607E+03
 6307   0.26266639E+03
 6308   0.87661140E+02
 6309   0.35687620E+02
 6310   0.17858830E+02
 6311   0.11859510E+02
 6312   0.11446630E+02
 6313   0.13352000E+02
 6314   0.12994840E+02
 6315   0.11714660E+02
 6316   0.10850600E+02
 6317   0.96917100E+01
 6318   0.67714200E+01
 6319   0.44763200E+01
 6320   0.29436500E+01
 6321   0.20421200E+01
 6322   0.35622500E+01
 6323   0.73869600E+01
 6324   0.11763350E+02
 6325   0.95072800E+01
 6326   0.63971200E+01
 6327   0.40810400E+01
 6328   0.25893400E+01
 6329   0.17701800E+01
 6330   0.12839600E+01
 6331   0.97673000E+00
 6332   0.75321000E+00
 6333   0.59035000E+00
 6334   0.46108000E+00
 6335   0.17132500E+01
 6336   0.17977583E+03
 6337   0.19449356E+03
 6338   0.10877607E+03
 6339   0.85186580E+02
 6340   0.47775700E+02
 6341   0.27042150E+02
 6342   0.42345270E+02
 6343   0.71024610E+02
 6344   0.37349220E+02
 6345   0.19083080E+02
 6346   0.10667280E+02
 6347   0.66552800E+01
 6348   0.17473910E+02
 6349   0.88856670E+02
 6350   0.64731860E+02
 6351   0.40908580E+02
 6352   0.25769910E+02
 6353   0.15186430E+02
 6354   0.97071900E+01
 6355   0.87352500E+01
 6356   0.74274000E+01
 6357   0.58547500E+01
 6358   0.45415200E+01
 6359   0.31926300E+01
 6360   0.22762200E+01
 6361   0.17901300E+01
 6362   0.35183500E+01
 6363   0.45323610E+02
 6364   0.82747130E+02
 6365   0.36952700E+02
 6366   0.18226640E+02
 6367   0.99749000E+01
 6368   0.13897470E+02
 6369   0.17437554E+03
 6370   0.20044853E+03
 6371   0.97675220E+02
 6372   0.45369820E+02
 6373   0.26526780E+02
 6374   0.21652610E+02
 6375   0.25861140E+02
 6376   0.32742660E+02
 6377   0.49732630E+02
 6378   0.86124390E+02
 6379   0.57331860E+02
 6380   0.33735010E+02
 6381   0.25971170E+02
 6382   0.23291170E+02
 6383   0.19019560E+02
 6384   0.13689780E+02
 6385   0.11152420E+02
 6386   0.10456440E+02
 6387   0.96238100E+01
 6388   0.80742300E+01
 6389   0.63851500E+01
 6390   0.20600100E+02
 6391   0.98597560E+02
 6392   0.10604243E+03
 6393   0.14326841E+03
 6394   0.20006747E+03
 6395   0.22788117E+03
 6396   0.17388884E+03
 6397   0.15148753E+03
 6398   0.12109563E+03
 6399   0.11915212E+03
 6400   0.13705423E+03
 6401   0.97782950E+02
 6402   0.54037540E+02
 6403   0.36202530E+02
 6404   0.28741340E+02
 6405   0.26250920E+02
 6406   0.30136740E+02
 6407   0.30750050E+02
 6408   0.82173380E+02
 6409   0.13720716E+03
 6410   0.81744610E+02
 6411   0.72411420E+02
 6412   0.15668837E+03
 6413   0.47282589E+03
 6414   0.30761055E+03
 6415   0.28222136E+03
 6416   0.11261379E+03
 6417   0.49094380E+02
 6418   0.24419070E+02
 6419   0.13019850E+02
 6420   0.73641900E+01
 6421   0.54402800E+01
 6422   0.41361000E+01
 6423   0.34678700E+01
 6424   0.29478400E+01
 6425   0.27137300E+01
 6426   0.25219700E+01
 6427   0.30362300E+01
 6428   0.32321700E+01
 6429   0.26694700E+01
 6430   0.19861200E+01
 6431   0.15030100E+01
 6432   0.12009700E+01
 6433   0.10845500E+01
 6434   0.13370600E+01
 6435   0.27169000E+01
 6436   0.63642300E+01
 6437   0.11466772E+03
 6438   0.12049782E+03
 6439   0.47975730E+02
 6440   0.22620810E+02
 6441   0.12065600E+02
 6442   0.71778200E+01
 6443   0.18641160E+02
 6444   0.52083620E+02
 6445   0.44984820E+02
 6446   0.25308820E+02
 6447   0.13891360E+02
 6448   0.79628900E+01
 6449   0.48359700E+01
 6450   0.30290700E+01
 6451   0.20274400E+01
 6452   0.20262600E+01
 6453   0.17637900E+01
 6454   0.18940100E+01
 6455   0.16998800E+01
 6456   0.14394400E+01
 6457   0.11018800E+01
 6458   0.83559000E+00
 6459   0.65959000E+00
 6460   0.54934000E+00
 6461   0.46204000E+00
 6462   0.37611000E+00
 6463   0.30143000E+00
 6464   0.21327000E+00
 6465   0.10716000E+00
 6466   0.68720000E-01
 6467   0.49500000E-01
 6468   0.40620000E-01
 6469   0.53996400E+01
 6470   0.23454080E+02
 6471   0.20018080E+02
 6472   0.11694640E+02
 6473   0.67859000E+01
 6474   0.41142600E+01
 6475   0.26563200E+01
 6476   0.18210300E+01
 6477   0.13626500E+01
 6478   0.28111400E+01
 6479   0.35679600E+01
 6480   0.43601100E+01
 6481   0.10222210E+02
 6482   0.21288578E+03
 6483   0.13368655E+03
 6484   0.77212220E+02
 6485   0.33725820E+02
 6486   0.16837660E+02
 6487   0.11088880E+02
 6488   0.11915530E+02
 6489   0.11606670E+02
 6490   0.90440900E+01
 6491   0.58465900E+01
 6492   0.36499200E+01
 6493   0.23678000E+01
 6494   0.16434500E+01
 6495   0.12040200E+01
 6496   0.91032000E+00
 6497   0.69282000E+00
 6498   0.53018000E+00
 6499   0.42915000E+00
 6500   0.34599000E+00
 6501   0.27112000E+00
 6502   0.14219000E+00
 6503   0.79270000E-01
 6504   0.53160000E-01
 6505   0.39110000E-01
 6506   0.30450000E-01
 6507   0.24640000E-01
 6508   0.20490000E-01
 6509   0.17400000E-01
 6510   0.15020000E-01
 6511   0.13130000E-01
 6512   0.11610000E-01
 6513   0.10350000E-01
 6514   0.93100000E-02
 6515   0.84200000E-02
 6516   0.76600000E-02
 6517   0.70100000E-02
 6518   0.64400000E-02
 6519   0.59400000E-02
 6520   0.55100000E-02
 6521   0.51200000E-02
 6522   0.47700000E-02
 6523   0.44600000E-02
 6524   0.41800000E-02
 6525   0.39200000E-02
 6526   0.36900000E-02
 6527   0.34800000E-02
 6528   0.33100000E-02
 6529   0.31500000E-02
 6530   0.29900000E-02
 6531   0.28400000E-02
 6532   0.27100000E-02
 6533   0.25900000E-02
 6534   0.24900000E-02
 6535   0.24200000E-02
 6536   0.23900000E-02
 6537   0.40708000E+00
 6538   0.10152100E+01
 6539   0.16634900E+01
 6540   0.20616800E+01
 6541   0.19367000E+01
 6542   0.16123000E+01
 6543   0.12711300E+01
 6544   0.99838000E+00
 6545   0.79504000E+00
 6546   0.63459000E+00
 6547   0.50095000E+00
 6548   0.42610000E+00
 6549   0.35778000E+00
 6550   0.28959000E+00
 6551   0.18942000E+00
 6552   0.92210000E-01
 6553   0.59110000E-01
 6554   0.42400000E-01
 6555   0.32500000E-01
 6556   0.47010000E-01
 6557   0.19568000E+00
 6558   0.21308000E+00
 6559   0.22069000E+00
 6560   0.20534000E+00
 6561   0.14680000E+00
 6562   0.33331000E+00
 6563   0.34999000E+00
 6564   0.35008000E+00
 6565   0.34242000E+00
 6566   0.32910000E+00
 6567   0.30449000E+00
 6568   0.27501000E+00
 6569   0.27791000E+00
 6570   0.28106000E+00
 6571   0.28697000E+00
 6572   0.30249000E+00
 6573   0.28869000E+00
 6574   0.25547000E+00
 6575   0.21248000E+00
 6576   0.12968000E+00
 6577   0.26908000E+00
 6578   0.36056800E+01
 6579   0.16392690E+02
 6580   0.22235960E+02
 6581   0.16523030E+02
 6582   0.10706360E+02
 6583   0.76680900E+01
 6584   0.64023300E+01
 6585   0.52053300E+01
 6586   0.44527900E+01
 6587   0.37904700E+01
 6588   0.29698800E+01
 6589   0.26929500E+01
 6590   0.38777700E+01
 6591   0.50517100E+01
 6592   0.94284900E+01
 6593   0.96790100E+01
 6594   0.74744800E+01
 6595   0.52565700E+01
 6596   0.37023800E+01
 6597   0.26514000E+01
 6598   0.19835600E+01
 6599   0.15198800E+01
 6600   0.11851900E+01
 6601   0.93640000E+00
 6602   0.73446000E+00
 6603   0.57202000E+00
 6604   0.45690000E+00
 6605   0.39868000E+00
 6606   0.33955000E+00
 6607   0.28421000E+00
 6608   0.23214000E+00
 6609   0.45944000E+00
 6610   0.65433000E+00
 6611   0.10227700E+01
 6612   0.19795400E+01
 6613   0.35029900E+01
 6614   0.49309500E+01
 6615   0.50243000E+01
 6616   0.40371300E+01
 6617   0.29023600E+01
 6618   0.21395700E+01
 6619   0.16051800E+01
 6620   0.12393300E+01
 6621   0.96817000E+00
 6622   0.76326000E+00
 6623   0.59707000E+00
 6624   0.47140000E+00
 6625   0.40357000E+00
 6626   0.33166000E+00
 6627   0.28036000E+00
 6628   0.37347000E+00
 6629   0.39207000E+00
 6630   0.41405000E+00
 6631   0.43048800E+01
 6632   0.14225780E+02
 6633   0.25505140E+02
 6634   0.28474380E+02
 6635   0.20823700E+02
 6636   0.12995440E+02
 6637   0.87702500E+01
 6638   0.59049300E+01
 6639   0.42671900E+01
 6640   0.31927000E+01
 6641   0.25002400E+01
 6642   0.19856100E+01
 6643   0.16015400E+01
 6644   0.12705800E+01
 6645   0.99974000E+00
 6646   0.78611000E+00
 6647   0.60968000E+00
 6648   0.48225000E+00
 6649   0.41980000E+00
 6650   0.35092000E+00
 6651   0.28773000E+00
 6652   0.18336000E+00
 6653   0.90330000E-01
 6654   0.58110000E-01
 6655   0.41750000E-01
 6656   0.32030000E-01
 6657   0.25660000E-01
 6658   0.21200000E-01
 6659   0.18190000E-01
 6660   0.16720000E-01
 6661   0.16130000E-01
 6662   0.15690000E-01
 6663   0.36050000E-01
 6664   0.81150000E-01
 6665   0.42493000E+00
 6666   0.52880000E+00
 6667   0.90223000E+00
 6668   0.12071800E+01
 6669   0.31117000E+01
 6670   0.14169658E+03
 6671   0.29920817E+03
 6672   0.15071635E+03
 6673   0.76437360E+02
 6674   0.60632240E+02
 6675   0.64514540E+02
 6676   0.36222340E+02
 6677   0.20261330E+02
 6678   0.18352030E+02
 6679   0.42656790E+02
 6680   0.44767520E+02
 6681   0.25133670E+02
 6682   0.13777860E+02
 6683   0.80195700E+01
 6684   0.49272800E+01
 6685   0.32444100E+01
 6686   0.21730400E+01
 6687   0.15733400E+01
 6688   0.14465900E+01
 6689   0.12099200E+01
 6690   0.10430600E+01
 6691   0.89444000E+00
 6692   0.75667000E+00
 6693   0.63534000E+00
 6694   0.52425000E+00
 6695   0.44225000E+00
 6696   0.35564000E+00
 6697   0.28161000E+00
 6698   0.17037000E+00
 6699   0.90260000E-01
 6700   0.60300000E-01
 6701   0.44430000E-01
 6702   0.34670000E-01
 6703   0.21286000E+00
 6704   0.22121900E+01
 6705   0.12238430E+02
 6706   0.45722560E+02
 6707   0.56007350E+02
 6708   0.53862210E+02
 6709   0.47884270E+02
 6710   0.39093660E+02
 6711   0.29150880E+02
 6712   0.69587950E+02
 6713   0.94465040E+02
 6714   0.55888430E+02
 6715   0.32719100E+02
 6716   0.19879910E+02
 6717   0.14719110E+02
 6718   0.41229830E+02
 6719   0.47591880E+02
 6720   0.27138230E+02
 6721   0.15431810E+02
 6722   0.94988000E+01
 6723   0.59146600E+01
 6724   0.37482000E+01
 6725   0.26334300E+01
 6726   0.20328000E+01
 6727   0.14948200E+01
 6728   0.11252900E+01
 6729   0.91062000E+00
 6730   0.91710000E+00
 6731   0.11653300E+01
 6732   0.23031300E+01
 6733   0.58844800E+01
 6734   0.18073830E+02
 6735   0.35370550E+02
 6736   0.32111030E+02
 6737   0.21422520E+02
 6738   0.18042670E+02
 6739   0.18777400E+02
 6740   0.22525080E+02
 6741   0.53460230E+02
 6742   0.55565850E+02
 6743   0.28235600E+02
 6744   0.21733360E+02
 6745   0.20858930E+02
 6746   0.17554060E+02
 6747   0.11723970E+02
 6748   0.76371500E+01
 6749   0.63000900E+01
 6750   0.73261700E+01
 6751   0.18296770E+02
 6752   0.30459370E+02
 6753   0.22593980E+02
 6754   0.13497360E+02
 6755   0.79985900E+01
 6756   0.97119810E+02
 6757   0.30714941E+03
 6758   0.13316277E+03
 6759   0.56788410E+02
 6760   0.32071440E+02
 6761   0.21271380E+02
 6762   0.14148166E+03
 6763   0.26871853E+03
 6764   0.96206750E+02
 6765   0.89990220E+02
 6766   0.20212227E+03
 6767   0.27612908E+03
 6768   0.45793578E+03
 6769   0.35216914E+03
 6770   0.39735808E+03
 6771   0.31341962E+03
 6772   0.19843495E+03
 6773   0.81496090E+02
 6774   0.39684150E+02
 6775   0.45836160E+02
 6776   0.10223167E+03
 6777   0.75637760E+02
 6778   0.42458980E+02
 6779   0.28188820E+02
 6780   0.26364840E+02
 6781   0.27932430E+02
 6782   0.24414370E+02
 6783   0.18695540E+02
 6784   0.12426260E+02
 6785   0.78520600E+01
 6786   0.48261500E+01
 6787   0.29113300E+01
 6788   0.19837600E+01
 6789   0.15195100E+01
 6790   0.11708000E+01
 6791   0.95345000E+00
 6792   0.16148300E+01
 6793   0.46775070E+02
 6794   0.14324552E+03
 6795   0.17359426E+03
 6796   0.18530448E+03
 6797   0.16222131E+03
 6798   0.11998290E+03
 6799   0.79350390E+02
 6800   0.59919850E+02
 6801   0.46635444E+03
 6802   0.31378042E+03
 6803   0.23315893E+03
 6804   0.14170491E+03
 6805   0.79192480E+02
 6806   0.47109270E+02
 6807   0.26251670E+02
 6808   0.14443760E+02
 6809   0.85730100E+01
 6810   0.88823400E+01
 6811   0.22220880E+02
 6812   0.75011200E+02
 6813   0.44676259E+03
 6814   0.35638646E+03
 6815   0.69413120E+03
 6816   0.42384382E+03
 6817   0.42807785E+03
 6818   0.30827840E+03
 6819   0.21880840E+03
 6820   0.90489920E+02
 6821   0.48173180E+02
 6822   0.51400710E+02
 6823   0.69986970E+02
 6824   0.62619120E+02
 6825   0.62391320E+02
 6826   0.50582270E+02
 6827   0.77810120E+02
 6828   0.46890500E+02
 6829   0.22698210E+02
 6830   0.11785040E+02
 6831   0.65479100E+01
 6832   0.39114500E+01
 6833   0.25441800E+01
 6834   0.17811400E+01
 6835   0.13050200E+01
 6836   0.99694000E+00
 6837   0.75830000E+00
 6838   0.58369000E+00
 6839   0.45556000E+00
 6840   0.38261000E+00
 6841   0.31080000E+00
 6842   0.22004000E+00
 6843   0.10821000E+00
 6844   0.65000000E-01
 6845   0.45050000E-01
 6846   0.33820000E-01
 6847   0.26710000E-01
 6848   0.21840000E-01
 6849   0.18320000E-01
 6850   0.15670000E-01
 6851   0.13600000E-01
 6852   0.11950000E-01
 6853   0.10610000E-01
 6854   0.95100000E-02
 6855   0.85700000E-02
 6856   0.77800000E-02
 6857   0.71000000E-02
 6858   0.65200000E-02
 6859   0.60000000E-02
 6860   0.55500000E-02
 6861   0.51500000E-02
 6862   0.48000000E-02
 6863   0.44800000E-02
 6864   0.41900000E-02
 6865   0.39300000E-02
 6866   0.38000000E-02
 6867   0.55600000E-02
 6868   0.11140000E-01
 6869   0.15800000E-01
 6870   0.17100000E-01
 6871   0.16630000E-01
 6872   0.15510000E-01
 6873   0.14180000E-01
 6874   0.12830000E-01
 6875   0.11560000E-01
 6876   0.10410000E-01
 6877   0.93800000E-02
 6878   0.84800000E-02
 6879   0.76800000E-02
 6880   0.69800000E-02
 6881   0.63700000E-02
 6882   0.58400000E-02
 6883   0.53600000E-02
 6884   0.49400000E-02
 6885   0.45700000E-02
 6886   0.42400000E-02
 6887   0.39500000E-02
 6888   0.36800000E-02
 6889   0.34400000E-02
 6890   0.32300000E-02
 6891   0.30300000E-02
 6892   0.28500000E-02
 6893   0.26900000E-02
 6894   0.25400000E-02
 6895   0.24100000E-02
 6896   0.22800000E-02
 6897   0.21700000E-02
 6898   0.20600000E-02
 6899   0.19600000E-02
 6900   0.18700000E-02
 6901   0.17900000E-02
 6902   0.17100000E-02
 6903   0.16400000E-02
 6904   0.15700000E-02
 6905   0.15100000E-02
 6906   0.14500000E-02
 6907   0.13900000E-02
 6908   0.13400000E-02
 6909   0.12900000E-02
 6910   0.12400000E-02
 6911   0.12000000E-02
 6912   0.11600000E-02
 6913   0.93100000E-02
 6914   0.11923000E+00
 6915   0.22002000E+00
 6916   0.24518000E+00
 6917   0.28253000E+00
 6918   0.28299000E+00
 6919   0.28665000E+00
 6920   0.28364000E+00
 6921   0.27627000E+00
 6922   0.25151000E+00
 6923   0.22476000E+00
 6924   0.18727000E+00
 6925   0.13298000E+00
 6926   0.90930000E-01
 6927   0.65060000E-01
 6928   0.48850000E-01
 6929   0.38160000E-01
 6930   0.30740000E-01
 6931   0.25610000E-01
 6932   0.45180000E-01
 6933   0.43770000E-01
 6934   0.52880000E-01
 6935   0.62900000E-01
 6936   0.63260000E-01
 6937   0.58220000E-01
 6938   0.51520000E-01
 6939   0.44770000E-01
 6940   0.38650000E-01
 6941   0.33360000E-01
 6942   0.28890000E-01
 6943   0.25140000E-01
 6944   0.22020000E-01
 6945   0.19400000E-01
 6946   0.17190000E-01
 6947   0.15330000E-01
 6948   0.13740000E-01
 6949   0.12380000E-01
 6950   0.11210000E-01
 6951   0.10200000E-01
 6952   0.93100000E-02
 6953   0.85400000E-02
 6954   0.78500000E-02
 6955   0.72500000E-02
 6956   0.67100000E-02
 6957   0.62300000E-02
 6958   0.58200000E-02
 6959   0.67400000E-02
 6960   0.68100000E-02
 6961   0.64600000E-02
 6962   0.63500000E-02
 6963   0.71500000E-02
 6964   0.88000000E-02
 6965   0.10350000E-01
 6966   0.11260000E-01
 6967   0.11560000E-01
 6968   0.11460000E-01
 6969   0.11120000E-01
 6970   0.10640000E-01
 6971   0.10090000E-01
 6972   0.95200000E-02
 6973   0.89500000E-02
 6974   0.84000000E-02
 6975   0.78700000E-02
 6976   0.73700000E-02
 6977   0.69100000E-02
 6978   0.30209000E+00
 6979   0.39293000E+00
 6980   0.45501000E+00
 6981   0.59192000E+00
 6982   0.21026600E+01
 6983   0.40589300E+01
 6984   0.56793400E+01
 6985   0.53651200E+01
 6986   0.43653700E+01
 6987   0.34691700E+01
 6988   0.26187100E+01
 6989   0.35868000E+01
 6990   0.48458300E+01
 6991   0.81222500E+01
 6992   0.97203200E+01
 6993   0.70275200E+01
 6994   0.46112700E+01
 6995   0.29871600E+01
 6996   0.21059000E+01
 6997   0.25181600E+01
 6998   0.32938700E+01
 6999   0.74733500E+01
 7000   0.23943200E+02
 7001   0.47916520E+02
 7002   0.54131680E+02
 7003   0.48241100E+02
 7004   0.36017510E+02
 7005   0.28150970E+02
 7006   0.22464090E+02
 7007   0.16217890E+02
 7008   0.17380830E+02
 7009   0.22657840E+02
 7010   0.44363000E+02
 7011   0.46849000E+02
 7012   0.27337430E+02
 7013   0.14836220E+02
 7014   0.85047400E+01
 7015   0.94838000E+01
 7016   0.97697260E+02
 7017   0.82575260E+02
 7018   0.35001000E+02
 7019   0.21767950E+02
 7020   0.25125200E+02
 7021   0.59629390E+02
 7022   0.58462600E+02
 7023   0.36433530E+02
 7024   0.21809150E+02
 7025   0.16927800E+02
 7026   0.23556310E+02
 7027   0.32082880E+02
 7028   0.33828540E+02
 7029   0.32217440E+02
 7030   0.34087180E+02
 7031   0.30480480E+02
 7032   0.22187290E+02
 7033   0.13597270E+02
 7034   0.85964100E+01
 7035   0.57723900E+01
 7036   0.44345500E+01
 7037   0.34633100E+01
 7038   0.28244600E+01
 7039   0.21883100E+01
 7040   0.22994500E+01
 7041   0.35329900E+01
 7042   0.53529500E+01
 7043   0.84103400E+01
 7044   0.69014600E+01
 7045   0.45737200E+01
 7046   0.29467900E+01
 7047   0.20780900E+01
 7048   0.23477700E+01
 7049   0.46497800E+01
 7050   0.30481310E+02
 7051   0.81353460E+02
 7052   0.55140730E+02
 7053   0.56366900E+02
 7054   0.57474790E+02
 7055   0.42315480E+02
 7056   0.52359420E+02
 7057   0.42976210E+02
 7058   0.22640780E+02
 7059   0.12366070E+02
 7060   0.73116800E+01
 7061   0.46898400E+01
 7062   0.52052200E+01
 7063   0.64830100E+01
 7064   0.88234900E+01
 7065   0.80309600E+01
 7066   0.17442400E+02
 7067   0.29812880E+02
 7068   0.27887530E+02
 7069   0.45387990E+02
 7070   0.11256955E+03
 7071   0.59446120E+02
 7072   0.28188700E+02
 7073   0.20508210E+02
 7074   0.25631810E+02
 7075   0.23502700E+02
 7076   0.20499920E+02
 7077   0.20200378E+03
 7078   0.27729657E+03
 7079   0.12904042E+03
 7080   0.81519150E+02
 7081   0.75940190E+02
 7082   0.17806669E+03
 7083   0.22810863E+03
 7084   0.13452480E+03
 7085   0.82313900E+02
 7086   0.39178330E+02
 7087   0.20448680E+02
 7088   0.11929080E+02
 7089   0.89451900E+01
 7090   0.87516700E+01
 7091   0.23658440E+02
 7092   0.31941610E+02
 7093   0.20032230E+02
 7094   0.12755980E+02
 7095   0.17010800E+02
 7096   0.57226440E+02
 7097   0.74423720E+02
 7098   0.10479745E+03
 7099   0.52845400E+02
 7100   0.24982500E+02
 7101   0.13040470E+02
 7102   0.74222500E+01
 7103   0.46878600E+01
 7104   0.41009300E+01
 7105   0.44577500E+01
 7106   0.76318200E+01
 7107   0.10906560E+02
 7108   0.22734290E+02
 7109   0.10544725E+03
 7110   0.65633000E+02
 7111   0.54875620E+02
 7112   0.95648580E+02
 7113   0.11136411E+03
 7114   0.12921386E+03
 7115   0.27606170E+03
 7116   0.31703960E+03
 7117   0.47487949E+03
 7118   0.34753908E+03
 7119   0.12497661E+03
 7120   0.50480740E+02
 7121   0.24736410E+02
 7122   0.14203120E+02
 7123   0.95110100E+01
 7124   0.74847500E+01
 7125   0.58690300E+01
 7126   0.83803300E+01
 7127   0.59323020E+02
 7128   0.27308261E+03
 7129   0.18288323E+03
 7130   0.56307010E+02
 7131   0.24672610E+02
 7132   0.12832450E+02
 7133   0.85890300E+01
 7134   0.57004900E+01
 7135   0.40020600E+01
 7136   0.27081000E+01
 7137   0.18946200E+01
 7138   0.15935700E+01
 7139   0.15481600E+01
 7140   0.65195100E+01
 7141   0.26742334E+03
 7142   0.87649940E+02
 7143   0.34825100E+02
 7144   0.18499560E+02
 7145   0.10859510E+02
 7146   0.17704102E+03
 7147   0.89472887E+03
 7148   0.61597790E+03
 7149   0.16414543E+03
 7150   0.63848930E+02
 7151   0.30735830E+02
 7152   0.16385060E+02
 7153   0.93255000E+01
 7154   0.54431500E+01
 7155   0.32746600E+01
 7156   0.21244900E+01
 7157   0.14980400E+01
 7158   0.11352600E+01
 7159   0.88996000E+00
 7160   0.88916000E+00
 7161   0.21222900E+01
 7162   0.10386630E+02
 7163   0.99155100E+01
 7164   0.23131880E+02
 7165   0.84402080E+02
 7166   0.40959580E+02
 7167   0.19337520E+02
 7168   0.10265700E+02
 7169   0.58204800E+01
 7170   0.35176600E+01
 7171   0.23047700E+01
 7172   0.16263200E+01
 7173   0.12028500E+01
 7174   0.10321200E+01
 7175   0.90351000E+00
 7176   0.70844000E+00
 7177   0.57576000E+00
 7178   0.47523000E+00
 7179   0.40014000E+00
 7180   0.32061000E+00
 7181   0.22950000E+00
 7182   0.12468000E+00
 7183   0.75460000E-01
 7184   0.52980000E-01
 7185   0.40210000E-01
 7186   0.32020000E-01
 7187   0.26340000E-01
 7188   0.22170000E-01
 7189   0.19000000E-01
 7190   0.16500000E-01
 7191   0.14500000E-01
 7192   0.12860000E-01
 7193   0.11500000E-01
 7194   0.10350000E-01
 7195   0.93700000E-02
 7196   0.85300000E-02
 7197   0.78100000E-02
 7198   0.71700000E-02
 7199   0.66100000E-02
 7200   0.61200000E-02
 7201   0.56800000E-02
 7202   0.52900000E-02
 7203   0.49400000E-02
 7204   0.46200000E-02
 7205   0.43300000E-02
 7206   0.40700000E-02
 7207   0.38400000E-02
 7208   0.36200000E-02
 7209   0.34200000E-02
 7210   0.32400000E-02
 7211   0.30700000E-02
 7212   0.29200000E-02
 7213   0.27800000E-02
 7214   0.26400000E-02
 7215   0.25200000E-02
 7216   0.24100000E-02
 7217   0.23000000E-02
 7218   0.22000000E-02
 7219   0.21100000E-02
 7220   0.20200000E-02
 7221   0.19400000E-02
 7222   0.18600000E-02
 7223   0.17900000E-02
 7224   0.17200000E-02
 7225   0.16600000E-02
 7226   0.16000000E-02
 7227   0.15400000E-02
 7228   0.14900000E-02
 7229   0.14300000E-02
 7230   0.13900000E-02
 7231   0.13400000E-02
 7232   0.13000000E-02
 7233   0.12500000E-02
 7234   0.12100000E-02
 7235   0.11800000E-02
 7236   0.11400000E-02
 7237   0.11100000E-02
 7238   0.51680000E-01
 7239   0.13059000E+00
 7240   0.17389000E+00
 7241   0.14973000E+00
 7242   0.11547000E+00
 7243   0.88170000E-01
 7244   0.68470000E-01
 7245   0.54340000E-01
 7246   0.44040000E-01
 7247   0.36360000E-01
 7248   0.30510000E-01
 7249   0.25960000E-01
 7250   0.22360000E-01
 7251   0.19460000E-01
 7252   0.17280000E-01
 7253   0.19463000E+00
 7254   0.24388000E+00
 7255   0.25083000E+00
 7256   0.24289000E+00
 7257   0.21282000E+00
 7258   0.14327000E+00
 7259   0.10131000E+00
 7260   0.75410000E-01
 7261   0.58320000E-01
 7262   0.46480000E-01
 7263   0.37930000E-01
 7264   0.31560000E-01
 7265   0.26690000E-01
 7266   0.22870000E-01
 7267   0.19830000E-01
 7268   0.17370000E-01
 7269   0.15340000E-01
 7270   0.13650000E-01
 7271   0.12240000E-01
 7272   0.11030000E-01
 7273   0.10000000E-01
 7274   0.91100000E-02
 7275   0.83300000E-02
 7276   0.76500000E-02
 7277   0.70500000E-02
 7278   0.65200000E-02
 7279   0.60500000E-02
 7280   0.56300000E-02
 7281   0.52500000E-02
 7282   0.49100000E-02
 7283   0.46000000E-02
 7284   0.43300000E-02
 7285   0.40700000E-02
 7286   0.38400000E-02
 7287   0.36300000E-02
 7288   0.34300000E-02
 7289   0.32500000E-02
 7290   0.30900000E-02
 7291   0.29300000E-02
 7292   0.27900000E-02
 7293   0.26600000E-02
 7294   0.25400000E-02
 7295   0.24300000E-02
 7296   0.23200000E-02
 7297   0.22200000E-02
 7298   0.21300000E-02
 7299   0.20400000E-02
 7300   0.19600000E-02
 7301   0.18800000E-02
 7302   0.18100000E-02
 7303   0.17400000E-02
 7304   0.16800000E-02
 7305   0.39400000E-02
 7306   0.48251500E+01
 7307   0.22714600E+02
 7308   0.23527500E+02
 7309   0.14702600E+02
 7310   0.88629000E+01
 7311   0.53442000E+01
 7312   0.32877600E+01
 7313   0.21911700E+01
 7314   0.15845100E+01
 7315   0.12044000E+01
 7316   0.94087000E+00
 7317   0.10647500E+01
 7318   0.49653700E+01
 7319   0.11874500E+02
 7320   0.13568700E+02
 7321   0.92800000E+01
 7322   0.56723300E+01
 7323   0.35799600E+01
 7324   0.24205200E+01
 7325   0.17466200E+01
 7326   0.13204500E+01
 7327   0.10693400E+01
 7328   0.84031000E+00
 7329   0.65603000E+00
 7330   0.51770000E+00
 7331   0.43665000E+00
 7332   0.36411000E+00
 7333   0.32061000E+00
 7334   0.33843000E+00
 7335   0.38699000E+00
 7336   0.46314000E+00
 7337   0.20810800E+01
 7338   0.47479100E+01
 7339   0.78655300E+01
 7340   0.89330200E+01
 7341   0.66037600E+01
 7342   0.43808700E+01
 7343   0.28857800E+01
 7344   0.20338600E+01
 7345   0.15293700E+01
 7346   0.11926000E+01
 7347   0.95017000E+00
 7348   0.74734000E+00
 7349   0.16787500E+01
 7350   0.37246400E+01
 7351   0.98038600E+01
 7352   0.11141000E+02
 7353   0.11543170E+02
 7354   0.11032210E+02
 7355   0.10807420E+02
 7356   0.89328000E+01
 7357   0.61455100E+01
 7358   0.40892300E+01
 7359   0.37736700E+01
 7360   0.54829000E+01
 7361   0.83413600E+01
 7362   0.92719000E+01
 7363   0.70984400E+01
 7364   0.47919800E+01
 7365   0.31958900E+01
 7366   0.22782500E+01
 7367   0.17206000E+01
 7368   0.13222100E+01
 7369   0.10863100E+01
 7370   0.87487000E+00
 7371   0.28066300E+01
 7372   0.11974720E+02
 7373   0.52243840E+02
 7374   0.13305378E+03
 7375   0.70582920E+02
 7376   0.32147930E+02
 7377   0.16372940E+02
 7378   0.11318000E+02
 7379   0.15883790E+02
 7380   0.29490470E+02
 7381   0.23057670E+02
 7382   0.13554970E+02
 7383   0.79723000E+01
 7384   0.48225800E+01
 7385   0.30614800E+01
 7386   0.21306300E+01
 7387   0.15681700E+01
 7388   0.11945500E+01
 7389   0.93094000E+00
 7390   0.72141000E+00
 7391   0.56018000E+00
 7392   0.86584000E+00
 7393   0.73981100E+01
 7394   0.92953310E+02
 7395   0.71885040E+02
 7396   0.45367320E+02
 7397   0.44324710E+02
 7398   0.35489910E+02
 7399   0.22303970E+02
 7400   0.13626000E+02
 7401   0.85223700E+01
 7402   0.53084300E+01
 7403   0.33692500E+01
 7404   0.22765800E+01
 7405   0.49287300E+01
 7406   0.60107040E+02
 7407   0.90655890E+02
 7408   0.40181620E+02
 7409   0.19686240E+02
 7410   0.10785760E+02
 7411   0.62705400E+01
 7412   0.62265000E+01
 7413   0.71652870E+02
 7414   0.62762920E+02
 7415   0.28199500E+02
 7416   0.14280090E+02
 7417   0.81122600E+01
 7418   0.48907400E+01
 7419   0.36382900E+01
 7420   0.41024100E+01
 7421   0.59823000E+01
 7422   0.76808900E+01
 7423   0.72241500E+01
 7424   0.53896000E+01
 7425   0.36667400E+01
 7426   0.24876600E+01
 7427   0.18390500E+01
 7428   0.18289800E+01
 7429   0.32581480E+02
 7430   0.21519227E+03
 7431   0.20858022E+03
 7432   0.11867493E+03
 7433   0.67530520E+02
 7434   0.41891170E+02
 7435   0.29538190E+02
 7436   0.70515880E+02
 7437   0.55693930E+02
 7438   0.26986130E+02
 7439   0.14526230E+02
 7440   0.10201340E+02
 7441   0.14175060E+02
 7442   0.66367430E+02
 7443   0.12200661E+03
 7444   0.66595580E+02
 7445   0.50227540E+02
 7446   0.43212890E+02
 7447   0.30493190E+02
 7448   0.19599860E+02
 7449   0.17631270E+02
 7450   0.17635450E+02
 7451   0.17059080E+02
 7452   0.29769450E+02
 7453   0.79578920E+02
 7454   0.49540240E+02
 7455   0.25298130E+02
 7456   0.16136180E+02
 7457   0.41488900E+02
 7458   0.49903210E+02
 7459   0.27363540E+02
 7460   0.14990490E+02
 7461   0.87776300E+01
 7462   0.56233500E+01
 7463   0.49812100E+01
 7464   0.46834500E+01
 7465   0.58006600E+01
 7466   0.89095000E+01
 7467   0.29106390E+02
 7468   0.80444030E+02
 7469   0.76638430E+02
 7470   0.41988490E+02
 7471   0.21877800E+02
 7472   0.12030460E+02
 7473   0.69953600E+01
 7474   0.42489300E+01
 7475   0.84877200E+01
 7476   0.11251212E+03
 7477   0.17285136E+03
 7478   0.10652509E+03
 7479   0.72715830E+02
 7480   0.37629950E+02
 7481   0.19390820E+02
 7482   0.13423980E+02
 7483   0.96300800E+01
 7484   0.79409500E+01
 7485   0.62054900E+01
 7486   0.44439900E+01
 7487   0.32554200E+01
 7488   0.24440900E+01
 7489   0.19776600E+01
 7490   0.67808800E+01
 7491   0.22316123E+03
 7492   0.32977365E+03
 7493   0.32659511E+03
 7494   0.14557802E+03
 7495   0.47858320E+02
 7496   0.21078030E+02
 7497   0.14141870E+02
 7498   0.34771484E+03
 7499   0.15950519E+03
 7500   0.85996910E+02
 7501   0.60219340E+02
 7502   0.34800290E+02
 7503   0.19889370E+02
 7504   0.11274290E+02
 7505   0.66141100E+01
 7506   0.43128400E+01
 7507   0.35812600E+01
 7508   0.38216200E+01
 7509   0.45740800E+01
 7510   0.10149120E+02
 7511   0.83512210E+02
 7512   0.48633950E+02
 7513   0.23697660E+02
 7514   0.12435820E+02
 7515   0.69906000E+01
 7516   0.43659400E+01
 7517   0.40941330E+02
 7518   0.37850199E+03
 7519   0.38668948E+03
 7520   0.19109298E+03
 7521   0.61438680E+02
 7522   0.26779320E+02
 7523   0.13570510E+02
 7524   0.75170800E+01
 7525   0.43432500E+01
 7526   0.26932900E+01
 7527   0.23575100E+01
 7528   0.22229600E+01
 7529   0.21040600E+01
 7530   0.18631000E+01
 7531   0.14711800E+01
 7532   0.11254900E+01
 7533   0.86453000E+00
 7534   0.67303000E+00
 7535   0.52541000E+00
 7536   0.42326000E+00
 7537   0.33468000E+00
 7538   0.23452000E+00
 7539   0.12202000E+00
 7540   0.71670000E-01
 7541   0.49310000E-01
 7542   0.36910000E-01
 7543   0.30199000E+00
 7544   0.32444000E+00
 7545   0.36863000E+00
 7546   0.44340000E+00
 7547   0.97348000E+00
 7548   0.10459700E+01
 7549   0.10511600E+01
 7550   0.98370000E+00
 7551   0.86224000E+00
 7552   0.72946000E+00
 7553   0.61270000E+00
 7554   0.51089000E+00
 7555   0.45528900E+01
 7556   0.22041240E+02
 7557   0.29661490E+02
 7558   0.48093420E+02
 7559   0.51277270E+02
 7560   0.31170540E+02
 7561   0.16932250E+02
 7562   0.95082500E+01
 7563   0.55741100E+01
 7564   0.34403100E+01
 7565   0.37106700E+01
 7566   0.75529800E+01
 7567   0.12444302E+03
 7568   0.67772516E+03
 7569   0.71335627E+03
 7570   0.22975848E+03
 7571   0.70797580E+02
 7572   0.29580900E+02
 7573   0.14668990E+02
 7574   0.81631900E+01
 7575   0.47596600E+01
 7576   0.29124000E+01
 7577   0.19616400E+01
 7578   0.14023900E+01
 7579   0.10414600E+01
 7580   0.78339000E+00
 7581   0.59622000E+00
 7582   0.46318000E+00
 7583   0.38584000E+00
 7584   0.30895000E+00
 7585   0.19911000E+00
 7586   0.95480000E-01
 7587   0.60750000E-01
 7588   0.43380000E-01
 7589   0.33150000E-01
 7590   0.26470000E-01
 7591   0.21810000E-01
 7592   0.18380000E-01
 7593   0.15770000E-01
 7594   0.13730000E-01
 7595   0.12090000E-01
 7596   0.10750000E-01
 7597   0.96300000E-02
 7598   0.86900000E-02
 7599   0.79000000E-02
 7600   0.72100000E-02
 7601   0.66100000E-02
 7602   0.60900000E-02
 7603   0.56400000E-02
 7604   0.52300000E-02
 7605   0.48700000E-02
 7606   0.45500000E-02
 7607   0.42600000E-02
 7608   0.45600000E-02
 7609   0.22750000E-01
 7610   0.34220000E-01
 7611   0.41400000E-01
 7612   0.46050000E-01
 7613   0.46110000E-01
 7614   0.43110000E-01
 7615   0.38790000E-01
 7616   0.34260000E-01
 7617   0.30040000E-01
 7618   0.26320000E-01
 7619   0.23110000E-01
 7620   0.16254000E+00
 7621   0.38168000E+00
 7622   0.42159000E+00
 7623   0.49482000E+00
 7624   0.75828000E+00
 7625   0.10105500E+01
 7626   0.10631600E+01
 7627   0.96593000E+00
 7628   0.81619000E+00
 7629   0.66369000E+00
 7630   0.53841000E+00
 7631   0.45401000E+00
 7632   0.39310000E+00
 7633   0.34440000E+00
 7634   0.28401000E+00
 7635   0.18252000E+00
 7636   0.23333000E+00
 7637   0.24414000E+00
 7638   0.24597000E+00
 7639   0.23803000E+00
 7640   0.21434000E+00
 7641   0.17111000E+00
 7642   0.12660000E+00
 7643   0.94270000E-01
 7644   0.71980000E-01
 7645   0.56460000E-01
 7646   0.45370000E-01
 7647   0.37220000E-01
 7648   0.31090000E-01
 7649   0.26360000E-01
 7650   0.27074000E+00
 7651   0.72171000E+00
 7652   0.12845900E+01
 7653   0.18972300E+01
 7654   0.19795800E+01
 7655   0.17486700E+01
 7656   0.20970300E+01
 7657   0.30021800E+01
 7658   0.39539700E+01
 7659   0.43947500E+01
 7660   0.35988900E+01
 7661   0.25667100E+01
 7662   0.18578600E+01
 7663   0.14276700E+01
 7664   0.11159000E+01
 7665   0.87991000E+00
 7666   0.69528000E+00
 7667   0.54836000E+00
 7668   0.45102000E+00
 7669   0.38022000E+00
 7670   0.31050000E+00
 7671   0.22049000E+00
 7672   0.10908000E+00
 7673   0.66090000E-01
 7674   0.46060000E-01
 7675   0.34700000E-01
 7676   0.27480000E-01
 7677   0.22510000E-01
 7678   0.18910000E-01
 7679   0.16180000E-01
 7680   0.14060000E-01
 7681   0.12360000E-01
 7682   0.10980000E-01
 7683   0.11430000E-01
 7684   0.16111300E+01
 7685   0.35047200E+01
 7686   0.87557300E+01
 7687   0.11422100E+02
 7688   0.11521070E+02
 7689   0.93665700E+01
 7690   0.65981100E+01
 7691   0.44970600E+01
 7692   0.30421400E+01
 7693   0.22063900E+01
 7694   0.35744100E+01
 7695   0.40200100E+01
 7696   0.45259800E+01
 7697   0.42753000E+01
 7698   0.34917000E+01
 7699   0.26434600E+01
 7700   0.20681100E+01
 7701   0.16643900E+01
 7702   0.13305400E+01
 7703   0.10707500E+01
 7704   0.85214000E+00
 7705   0.68205000E+00
 7706   0.55041000E+00
 7707   0.44705000E+00
 7708   0.37796000E+00
 7709   0.32974000E+00
 7710   0.45241000E+00
 7711   0.49746000E+00
 7712   0.55118000E+00
 7713   0.23440200E+01
 7714   0.61874400E+01
 7715   0.11388950E+02
 7716   0.10724320E+02
 7717   0.91743700E+01
 7718   0.72441800E+01
 7719   0.57413600E+01
 7720   0.42467400E+01
 7721   0.29771000E+01
 7722   0.21962100E+01
 7723   0.16839700E+01
 7724   0.13613200E+01
 7725   0.24161400E+01
 7726   0.25776600E+01
 7727   0.31867300E+01
 7728   0.38007900E+01
 7729   0.36053800E+01
 7730   0.42868700E+01
 7731   0.43131000E+01
 7732   0.53448000E+01
 7733   0.52306400E+01
 7734   0.47667800E+01
 7735   0.90664800E+01
 7736   0.12823250E+02
 7737   0.11355280E+02
 7738   0.80866100E+01
 7739   0.92294000E+01
 7740   0.10611430E+02
 7741   0.12554250E+02
 7742   0.15054920E+02
 7743   0.25784270E+02
 7744   0.36140860E+02
 7745   0.27101470E+02
 7746   0.15566190E+02
 7747   0.90454400E+01
 7748   0.54063300E+01
 7749   0.41001300E+01
 7750   0.67565400E+01
 7751   0.21244170E+02
 7752   0.24915290E+02
 7753   0.17449440E+02
 7754   0.11859470E+02
 7755   0.99258900E+01
 7756   0.78159200E+01
 7757   0.54229000E+01
 7758   0.37025600E+01
 7759   0.24948200E+01
 7760   0.20042400E+01
 7761   0.15848200E+01
 7762   0.15660000E+01
 7763   0.14954000E+01
 7764   0.12459200E+01
 7765   0.99217000E+00
 7766   0.22048600E+01
 7767   0.33182200E+01
 7768   0.48657000E+01
 7769   0.59014100E+01
 7770   0.67483900E+01
 7771   0.11320780E+02
 7772   0.16381240E+02
 7773   0.23600410E+02
 7774   0.32059960E+02
 7775   0.26175300E+02
 7776   0.17482840E+02
 7777   0.15368290E+02
 7778   0.48621540E+02
 7779   0.85769730E+02
 7780   0.86536570E+02
 7781   0.13258114E+03
 7782   0.11637452E+03
 7783   0.56002890E+02
 7784   0.26226450E+02
 7785   0.13893390E+02
 7786   0.29497720E+02
 7787   0.55926000E+02
 7788   0.31311100E+02
 7789   0.16284040E+02
 7790   0.92040700E+01
 7791   0.54524000E+01
 7792   0.34058100E+01
 7793   0.53951700E+01
 7794   0.17015100E+02
 7795   0.27867750E+02
 7796   0.19524290E+02
 7797   0.11786590E+02
 7798   0.15979080E+02
 7799   0.15200546E+03
 7800   0.13875435E+03
 7801   0.55448340E+02
 7802   0.25607810E+02
 7803   0.19173110E+02
 7804   0.10500475E+03
 7805   0.11779884E+03
 7806   0.15455433E+03
 7807   0.83182550E+02
 7808   0.44595280E+02
 7809   0.78632980E+02
 7810   0.19017519E+03
 7811   0.14332432E+03
 7812   0.74302840E+02
 7813   0.53814610E+02
 7814   0.62281910E+02
 7815   0.10194335E+03
 7816   0.83503730E+02
 7817   0.16866088E+03
 7818   0.19426405E+03
 7819   0.75098860E+02
 7820   0.33338990E+02
 7821   0.17726750E+02
 7822   0.12488240E+02
 7823   0.94924600E+01
 7824   0.77901800E+01
 7825   0.69994200E+01
 7826   0.18996110E+02
 7827   0.80033600E+02
 7828   0.11512486E+03
 7829   0.17919890E+03
 7830   0.12861315E+03
 7831   0.15069193E+03
 7832   0.93141440E+02
 7833   0.42010250E+02
 7834   0.45073580E+02
 7835   0.90244780E+02
 7836   0.15463202E+03
 7837   0.18123984E+03
 7838   0.59441140E+02
 7839   0.36385090E+02
 7840   0.31968840E+02
 7841   0.29784290E+02
 7842   0.32123600E+02
 7843   0.41885500E+02
 7844   0.35503450E+02
 7845   0.22809470E+02
 7846   0.14613520E+02
 7847   0.10040920E+02
 7848   0.70435500E+01
 7849   0.67804700E+01
 7850   0.13235970E+02
 7851   0.11463650E+02
 7852   0.10113790E+02
 7853   0.22653650E+02
 7854   0.20475639E+03
 7855   0.34499944E+03
 7856   0.11677144E+03
 7857   0.15126794E+03
 7858   0.26071428E+03
 7859   0.22710663E+03
 7860   0.23844968E+03
 7861   0.28345231E+03
 7862   0.37832380E+03
 7863   0.25567595E+03
 7864   0.14535918E+03
 7865   0.11291706E+03
 7866   0.99185320E+02
 7867   0.74155120E+02
 7868   0.40487580E+02
 7869   0.21044610E+02
 7870   0.14426670E+02
 7871   0.11165320E+02
 7872   0.11219770E+02
 7873   0.15106790E+02
 7874   0.22257920E+02
 7875   0.22329040E+02
 7876   0.16870640E+02
 7877   0.10962080E+02
 7878   0.69995400E+01
 7879   0.43437300E+01
 7880   0.27608700E+01
 7881   0.19749200E+01
 7882   0.14959100E+01
 7883   0.12085100E+01
 7884   0.96253000E+00
 7885   0.77272000E+00
 7886   0.62660000E+00
 7887   0.49951000E+00
 7888   0.41000000E+00
 7889   0.29923000E+00
 7890   0.51173000E+00
 7891   0.12664610E+02
 7892   0.15425829E+03
 7893   0.22867809E+03
 7894   0.15126030E+03
 7895   0.13336032E+03
 7896   0.51826210E+02
 7897   0.25802150E+02
 7898   0.14879590E+02
 7899   0.99340000E+01
 7900   0.64272100E+01
 7901   0.40166800E+01
 7902   0.25640000E+01
 7903   0.17697700E+01
 7904   0.12830200E+01
 7905   0.95545000E+00
 7906   0.73843000E+00
 7907   0.58116000E+00
 7908   0.66327000E+00
 7909   0.93231600E+01
 7910   0.30776930E+02
 7911   0.23550340E+02
 7912   0.13631870E+02
 7913   0.79694600E+01
 7914   0.47913100E+01
 7915   0.29594000E+01
 7916   0.20118000E+01
 7917   0.14362100E+01
 7918   0.10575600E+01
 7919   0.79533000E+00
 7920   0.60943000E+00
 7921   0.46664000E+00
 7922   0.38235000E+00
 7923   0.30679000E+00
 7924   0.21349000E+00
 7925   0.10163000E+00
 7926   0.94114000E+00
 7927   0.21683530E+02
 7928   0.29748900E+02
 7929   0.17531430E+02
 7930   0.99361400E+01
 7931   0.57012400E+01
 7932   0.34433300E+01
 7933   0.22701300E+01
 7934   0.16091000E+01
 7935   0.11836100E+01
 7936   0.89449000E+00
 7937   0.68616000E+00
 7938   0.52412000E+00
 7939   0.42374000E+00
 7940   0.34098000E+00
 7941   0.25854000E+00
 7942   0.13546000E+00
 7943   0.76530000E-01
 7944   0.51560000E-01
 7945   0.38020000E-01
 7946   0.29660000E-01
 7947   0.24020000E-01
 7948   0.20000000E-01
 7949   0.16990000E-01
 7950   0.14680000E-01
 7951   0.12840000E-01
 7952   0.11350000E-01
 7953   0.10130000E-01
 7954   0.91100000E-02
 7955   0.82500000E-02
 7956   0.75100000E-02
 7957   0.68700000E-02
 7958   0.63100000E-02
 7959   0.58300000E-02
 7960   0.54000000E-02
 7961   0.50200000E-02
 7962   0.46800000E-02
 7963   0.43700000E-02
 7964   0.41000000E-02
 7965   0.38500000E-02
 7966   0.25547000E+00
 7967   0.14151400E+01
 7968   0.54266900E+01
 7969   0.10396180E+02
 7970   0.10164830E+02
 7971   0.71476900E+01
 7972   0.45580800E+01
 7973   0.28693400E+01
 7974   0.19732700E+01
 7975   0.14549300E+01
 7976   0.11170600E+01
 7977   0.87152000E+00
 7978   0.68380000E+00
 7979   0.53358000E+00
 7980   0.44426000E+00
 7981   0.36722000E+00
 7982   0.29879000E+00
 7983   0.20325000E+00
 7984   0.95930000E-01
 7985   0.60400000E-01
 7986   0.42860000E-01
 7987   0.32620000E-01
 7988   0.25980000E-01
 7989   0.21370000E-01
 7990   0.17990000E-01
 7991   0.15430000E-01
 7992   0.13420000E-01
 7993   0.11810000E-01
 7994   0.10500000E-01
 7995   0.94200000E-02
 7996   0.85000000E-02
 7997   0.96163000E+00
 7998   0.48561200E+01
 7999   0.11098860E+02
 8000   0.99039700E+01
 8001   0.66516800E+01
 8002   0.42061600E+01
 8003   0.26848000E+01
 8004   0.18622400E+01
 8005   0.13855700E+01
 8006   0.10712400E+01
 8007   0.10042700E+01
 8008   0.29636400E+01
 8009   0.50056300E+01
 8010   0.70394600E+01
 8011   0.62942000E+01
 8012   0.45615800E+01
 8013   0.30450200E+01
 8014   0.21033400E+01
 8015   0.15318400E+01
 8016   0.11601500E+01
 8017   0.89257000E+00
 8018   0.69911000E+00
 8019   0.55251000E+00
 8020   0.44977000E+00
 8021   0.38713000E+00
 8022   0.31841000E+00
 8023   0.22905000E+00
 8024   0.11924000E+00
 8025   0.70070000E-01
 8026   0.47990000E-01
 8027   0.35730000E-01
 8028   0.28040000E-01
 8029   0.14947200E+01
 8030   0.10149270E+02
 8031   0.19323890E+02
 8032   0.14314280E+02
 8033   0.87715800E+01
 8034   0.53411100E+01
 8035   0.33454000E+01
 8036   0.22798400E+01
 8037   0.16586300E+01
 8038   0.12508800E+01
 8039   0.98904000E+00
 8040   0.77497000E+00
 8041   0.61102000E+00
 8042   0.51831000E+00
 8043   0.43827000E+00
 8044   0.36469000E+00
 8045   0.29931000E+00
 8046   0.21381000E+00
 8047   0.42493000E+00
 8048   0.84235000E+00
 8049   0.16770600E+01
 8050   0.22509100E+01
 8051   0.20119200E+01
 8052   0.16043000E+01
 8053   0.12733800E+01
 8054   0.10164900E+01
 8055   0.80838000E+00
 8056   0.64786000E+00
 8057   0.52978000E+00
 8058   0.44187000E+00
 8059   0.36543000E+00
 8060   0.29709000E+00
 8061   0.20262000E+00
 8062   0.94990000E-01
 8063   0.59770000E-01
 8064   0.42520000E-01
 8065   0.32470000E-01
 8066   0.25950000E-01
 8067   0.21410000E-01
 8068   0.33150000E+00
 8069   0.15276100E+01
 8070   0.39664600E+01
 8071   0.53529200E+01
 8072   0.46546800E+01
 8073   0.35977700E+01
 8074   0.32822900E+01
 8075   0.62146300E+01
 8076   0.19944120E+02
 8077   0.25509360E+02
 8078   0.19446250E+02
 8079   0.15769020E+02
 8080   0.15609980E+02
 8081   0.19299370E+02
 8082   0.18463380E+02
 8083   0.14945150E+02
 8084   0.99421100E+01
 8085   0.61082700E+01
 8086   0.38679400E+01
 8087   0.25954100E+01
 8088   0.24664800E+01
 8089   0.25852300E+01
 8090   0.53646700E+01
 8091   0.10915660E+02
 8092   0.12553480E+02
 8093   0.99972100E+01
 8094   0.65507600E+01
 8095   0.41853700E+01
 8096   0.27516400E+01
 8097   0.22744700E+01
 8098   0.23501200E+01
 8099   0.21536400E+01
 8100   0.23086100E+01
 8101   0.24027200E+01
 8102   0.21465600E+01
 8103   0.18518900E+01
 8104   0.14825600E+01
 8105   0.11939000E+01
 8106   0.96526000E+00
 8107   0.78312000E+00
 8108   0.64235000E+00
 8109   0.53483000E+00
 8110   0.46775000E+00
 8111   0.41104000E+00
 8112   0.34018000E+00
 8113   0.27970000E+00
 8114   0.16578000E+00
 8115   0.89800000E-01
 8116   0.27057000E+00
 8117   0.28013000E+00
 8118   0.27515000E+00
 8119   0.11021800E+01
 8120   0.24790600E+01
 8121   0.46642400E+01
 8122   0.47517700E+01
 8123   0.36843700E+01
 8124   0.26113900E+01
 8125   0.19096000E+01
 8126   0.14234900E+01
 8127   0.10833100E+01
 8128   0.11290300E+01
 8129   0.11933700E+01
 8130   0.13141400E+01
 8131   0.18623300E+01
 8132   0.20865200E+01
 8133   0.21872900E+01
 8134   0.19845800E+01
 8135   0.15933600E+01
 8136   0.12703000E+01
 8137   0.10623900E+01
 8138   0.97856000E+00
 8139   0.14116700E+01
 8140   0.17908100E+01
 8141   0.35772000E+01
 8142   0.55247600E+01
 8143   0.79473600E+01
 8144   0.13048813E+03
 8145   0.16620589E+03
 8146   0.12786054E+03
 8147   0.53375210E+02
 8148   0.24590010E+02
 8149   0.12829450E+02
 8150   0.80076200E+01
 8151   0.51360900E+01
 8152   0.35687200E+01
 8153   0.51371300E+01
 8154   0.18955410E+02
 8155   0.46758970E+02
 8156   0.11510015E+03
 8157   0.77265870E+02
 8158   0.38832120E+02
 8159   0.25913300E+02
 8160   0.25409200E+02
 8161   0.21521280E+02
 8162   0.20871570E+02
 8163   0.10438575E+03
 8164   0.97657600E+02
 8165   0.41140400E+02
 8166   0.19424580E+02
 8167   0.12326980E+02
 8168   0.52782010E+02
 8169   0.12563516E+03
 8170   0.50996060E+02
 8171   0.23383050E+02
 8172   0.19221720E+02
 8173   0.36499520E+02
 8174   0.56114120E+02
 8175   0.71079550E+02
 8176   0.10482822E+03
 8177   0.11578498E+03
 8178   0.10273511E+03
 8179   0.55490990E+02
 8180   0.27375810E+02
 8181   0.14348350E+02
 8182   0.90305800E+01
 8183   0.29399450E+02
 8184   0.11698474E+03
 8185   0.63252620E+02
 8186   0.49343740E+02
 8187   0.92220110E+02
 8188   0.18739255E+03
 8189   0.19116407E+03
 8190   0.71435730E+02
 8191   0.31040610E+02
 8192   0.16180710E+02
 8193   0.96449500E+01
 8194   0.70663100E+01
 8195   0.70479200E+01
 8196   0.14705770E+02
 8197   0.31786240E+02
 8198   0.32127820E+02
 8199   0.26972770E+02
 8200   0.53819710E+02
 8201   0.58307460E+02
 8202   0.29177830E+02
 8203   0.15536310E+02
 8204   0.10359280E+02
 8205   0.78406500E+01
 8206   0.60942800E+01
 8207   0.43530200E+01
 8208   0.28996300E+01
 8209   0.54109100E+01
 8210   0.14107690E+02
 8211   0.32811980E+02
 8212   0.30111040E+02
 8213   0.19408790E+02
 8214   0.11625990E+02
 8215   0.10361430E+02
 8216   0.18903554E+03
 8217   0.32897652E+03
 8218   0.14482888E+03
 8219   0.66633090E+02
 8220   0.33340350E+02
 8221   0.20358440E+02
 8222   0.26487980E+02
 8223   0.59896600E+02
 8224   0.39018890E+02
 8225   0.20305380E+02
 8226   0.11020040E+02
 8227   0.63155000E+01
 8228   0.38006300E+01
 8229   0.32392000E+01
 8230   0.23426200E+01
 8231   0.27733300E+01
 8232   0.83797700E+01
 8233   0.64002840E+02
 8234   0.76772360E+02
 8235   0.50322060E+02
 8236   0.27682780E+02
 8237   0.15129000E+02
 8238   0.85522700E+01
 8239   0.49974200E+01
 8240   0.33427100E+01
 8241   0.24097300E+01
 8242   0.20133000E+01
 8243   0.45433300E+01
 8244   0.53511023E+03
 8245   0.65488717E+03
 8246   0.26689452E+03
 8247   0.18488738E+03
 8248   0.11368883E+03
 8249   0.58471230E+02
 8250   0.29035820E+02
 8251   0.15273870E+02
 8252   0.91655000E+01
 8253   0.11118940E+02
 8254   0.14821060E+02
 8255   0.13433350E+02
 8256   0.90723600E+01
 8257   0.82854900E+01
 8258   0.68130500E+01
 8259   0.52326000E+01
 8260   0.35971100E+01
 8261   0.68776421E+03
 8262   0.46517487E+03
 8263   0.75687396E+03
 8264   0.60534650E+03
 8265   0.44022800E+03
 8266   0.50556905E+03
 8267   0.49246548E+03
 8268   0.12895227E+03
 8269   0.44338320E+02
 8270   0.20804820E+02
 8271   0.11579460E+02
 8272   0.92987100E+01
 8273   0.18985290E+02
 8274   0.24115860E+02
 8275   0.15443080E+02
 8276   0.90010900E+01
 8277   0.52478800E+01
 8278   0.31553800E+01
 8279   0.20712300E+01
 8280   0.14460000E+01
 8281   0.10661400E+01
 8282   0.81069000E+00
 8283   0.63724000E+00
 8284   0.65895000E+00
 8285   0.68101000E+00
 8286   0.63051000E+00
 8287   0.79945000E+00
 8288   0.98003000E+00
 8289   0.92226000E+00
 8290   0.74700000E+00
 8291   0.58519000E+00
 8292   0.46651000E+00
 8293   0.39669000E+00
 8294   0.42365000E+00
 8295   0.43382000E+00
 8296   0.78162000E+00
 8297   0.98340000E+00
 8298   0.11290800E+01
 8299   0.15517000E+01
 8300   0.20286000E+01
 8301   0.24201900E+01
 8302   0.20402700E+01
 8303   0.15217300E+01
 8304   0.11870000E+01
 8305   0.15867800E+01
 8306   0.20338300E+01
 8307   0.74108700E+01
 8308   0.97118700E+01
 8309   0.68609300E+01
 8310   0.44391800E+01
 8311   0.30044400E+01
 8312   0.24136800E+01
 8313   0.74848800E+01
 8314   0.92961450E+02
 8315   0.62447850E+02
 8316   0.34486550E+02
 8317   0.20417520E+02
 8318   0.12214000E+02
 8319   0.78689500E+01
 8320   0.48256900E+01
 8321   0.30125000E+01
 8322   0.20195900E+01
 8323   0.14467200E+01
 8324   0.10878100E+01
 8325   0.82985000E+00
 8326   0.64062000E+00
 8327   0.49749000E+00
 8328   0.41671000E+00
 8329   0.33542000E+00
 8330   0.24777000E+00
 8331   0.13055000E+00
 8332   0.74740000E-01
 8333   0.50650000E-01
 8334   0.37490000E-01
 8335   0.29320000E-01
 8336   0.23790000E-01
 8337   0.19840000E-01
 8338   0.16880000E-01
 8339   0.14590000E-01
 8340   0.12780000E-01
 8341   0.11310000E-01
 8342   0.10100000E-01
 8343   0.90900000E-02
 8344   0.82300000E-02
 8345   0.75000000E-02
 8346   0.68600000E-02
 8347   0.63100000E-02
 8348   0.58300000E-02
 8349   0.54000000E-02
 8350   0.50200000E-02
 8351   0.46800000E-02
 8352   0.43800000E-02
 8353   0.41000000E-02
 8354   0.38600000E-02
 8355   0.36300000E-02
 8356   0.34300000E-02
 8357   0.32400000E-02
 8358   0.30700000E-02
 8359   0.29100000E-02
 8360   0.27600000E-02
 8361   0.26300000E-02
 8362   0.25000000E-02
 8363   0.23900000E-02
 8364   0.20089300E+01
 8365   0.71671700E+01
 8366   0.13916040E+02
 8367   0.13672210E+02
 8368   0.98868100E+01
 8369   0.62644600E+01
 8370   0.39314200E+01
 8371   0.25448400E+01
 8372   0.17873300E+01
 8373   0.12998500E+01
 8374   0.97611000E+00
 8375   0.75292000E+00
 8376   0.57936000E+00
 8377   0.45755000E+00
 8378   0.39403000E+00
 8379   0.32519000E+00
 8380   0.23280000E+00
 8381   0.12238000E+00
 8382   0.71000000E-01
 8383   0.48400000E-01
 8384   0.35960000E-01
 8385   0.28190000E-01
 8386   0.30960000E-01
 8387   0.30850000E-01
 8388   0.36040000E-01
 8389   0.44270000E-01
 8390   0.45180000E-01
 8391   0.41730000E-01
 8392   0.36970000E-01
 8393   0.32250000E-01
 8394   0.28030000E-01
 8395   0.24410000E-01
 8396   0.21370000E-01
 8397   0.18810000E-01
 8398   0.16660000E-01
 8399   0.14840000E-01
 8400   0.29190000E+00
 8401   0.48048000E+00
 8402   0.61543000E+00
 8403   0.82000000E+00
 8404   0.10244600E+01
 8405   0.11501700E+01
 8406   0.11122400E+01
 8407   0.99304000E+00
 8408   0.86188000E+00
 8409   0.10158900E+01
 8410   0.10876800E+01
 8411   0.12365100E+01
 8412   0.14481700E+01
 8413   0.13353100E+01
 8414   0.11091400E+01
 8415   0.89662000E+00
 8416   0.73061000E+00
 8417   0.60142000E+00
 8418   0.50021000E+00
 8419   0.42614000E+00
 8420   0.35251000E+00
 8421   0.29036000E+00
 8422   0.18839000E+00
 8423   0.93470000E-01
 8424   0.17709000E+00
 8425   0.31790300E+01
 8426   0.10299760E+02
 8427   0.54723990E+02
 8428   0.85467840E+02
 8429   0.43909900E+02
 8430   0.23112990E+02
 8431   0.13188750E+02
 8432   0.81484200E+01
 8433   0.51975300E+01
 8434   0.34671000E+01
 8435   0.24557000E+01
 8436   0.18431000E+01
 8437   0.14334700E+01
 8438   0.11337400E+01
 8439   0.90343000E+00
 8440   0.72406000E+00
 8441   0.57140000E+00
 8442   0.45659000E+00
 8443   0.39472000E+00
 8444   0.70184000E+00
 8445   0.75365000E+00
 8446   0.10525100E+01
 8447   0.14142500E+01
 8448   0.20298300E+01
 8449   0.24647400E+01
 8450   0.28575400E+01
 8451   0.29041900E+01
 8452   0.25899900E+01
 8453   0.21328700E+01
 8454   0.16475400E+01
 8455   0.12807400E+01
 8456   0.10138400E+01
 8457   0.80169000E+00
 8458   0.63154000E+00
 8459   0.50341000E+00
 8460   0.43287000E+00
 8461   0.47008000E+00
 8462   0.43271000E+00
 8463   0.40016000E+00
 8464   0.37059000E+00
 8465   0.26026100E+01
 8466   0.73749200E+01
 8467   0.15125110E+02
 8468   0.11672420E+02
 8469   0.73611000E+01
 8470   0.46153000E+01
 8471   0.29310700E+01
 8472   0.19787800E+01
 8473   0.14261300E+01
 8474   0.74693300E+01
 8475   0.21711640E+02
 8476   0.21017520E+02
 8477   0.18681970E+02
 8478   0.17854060E+02
 8479   0.20871190E+02
 8480   0.17487200E+02
 8481   0.12724990E+02
 8482   0.87174300E+01
 8483   0.56684600E+01
 8484   0.39373100E+01
 8485   0.27854200E+01
 8486   0.19987000E+01
 8487   0.15432500E+01
 8488   0.18665300E+01
 8489   0.19126600E+01
 8490   0.31000100E+01
 8491   0.25108510E+02
 8492   0.57449170E+02
 8493   0.33212500E+02
 8494   0.19234980E+02
 8495   0.15044730E+02
 8496   0.13048010E+02
 8497   0.11137390E+02
 8498   0.80775800E+01
 8499   0.55185800E+01
 8500   0.41441000E+01
 8501   0.31474600E+01
 8502   0.31270600E+01
 8503   0.28778000E+01
 8504   0.26470000E+01
 8505   0.29960700E+01
 8506   0.29430000E+01
 8507   0.30639400E+01
 8508   0.28801500E+01
 8509   0.22610700E+01
 8510   0.17769800E+01
 8511   0.13559900E+01
 8512   0.10499100E+01
 8513   0.83424000E+00
 8514   0.67716000E+00
 8515   0.54397000E+00
 8516   0.11233600E+01
 8517   0.33474200E+01
 8518   0.84557000E+01
 8519   0.96319900E+01
 8520   0.70995100E+01
 8521   0.47011300E+01
 8522   0.30560300E+01
 8523   0.21000100E+01
 8524   0.14924100E+01
 8525   0.16760400E+01
 8526   0.10267060E+02
 8527   0.37623130E+02
 8528   0.51948160E+02
 8529   0.13424851E+03
 8530   0.12066396E+03
 8531   0.66548830E+02
 8532   0.34163930E+02
 8533   0.25815330E+02
 8534   0.32800750E+02
 8535   0.25750110E+02
 8536   0.25281540E+02
 8537   0.79982860E+02
 8538   0.97412070E+02
 8539   0.17124155E+03
 8540   0.10258718E+03
 8541   0.97168960E+02
 8542   0.60442130E+02
 8543   0.37416550E+02
 8544   0.39006400E+02
 8545   0.94763460E+02
 8546   0.88474160E+02
 8547   0.47057540E+02
 8548   0.24656030E+02
 8549   0.13578720E+02
 8550   0.13387870E+02
 8551   0.82722640E+02
 8552   0.17006665E+03
 8553   0.17673058E+03
 8554   0.19312242E+03
 8555   0.95536520E+02
 8556   0.57585580E+02
 8557   0.72778180E+02
 8558   0.16139854E+03
 8559   0.14025055E+03
 8560   0.14222751E+03
 8561   0.16185898E+03
 8562   0.12981674E+03
 8563   0.58199090E+02
 8564   0.26241060E+02
 8565   0.13317360E+02
 8566   0.73744900E+01
 8567   0.42840300E+01
 8568   0.26601100E+01
 8569   0.18555500E+01
 8570   0.14973500E+01
 8571   0.25023800E+01
 8572   0.14538392E+03
 8573   0.18087345E+03
 8574   0.98460710E+02
 8575   0.50727830E+02
 8576   0.25489520E+02
 8577   0.13292780E+02
 8578   0.74539600E+01
 8579   0.43796600E+01
 8580   0.27051500E+01
 8581   0.18174000E+01
 8582   0.13202300E+01
 8583   0.11008600E+01
 8584   0.85710900E+01
 8585   0.82594250E+02
 8586   0.95897530E+02
 8587   0.59142630E+02
 8588   0.81473770E+02
 8589   0.88401410E+02
 8590   0.72199860E+02
 8591   0.65190200E+02
 8592   0.47872690E+02
 8593   0.41103680E+02
 8594   0.40349180E+02
 8595   0.29023090E+02
 8596   0.17974170E+02
 8597   0.24207500E+02
 8598   0.68092220E+02
 8599   0.41521800E+02
 8600   0.21457400E+02
 8601   0.11815890E+02
 8602   0.68434500E+01
 8603   0.49618100E+01
 8604   0.11534690E+02
 8605   0.56547130E+02
 8606   0.49086550E+02
 8607   0.27738580E+02
 8608   0.15832590E+02
 8609   0.94541800E+01
 8610   0.59372000E+01
 8611   0.37558500E+01
 8612   0.24156600E+01
 8613   0.17062700E+01
 8614   0.12318700E+01
 8615   0.99382000E+00
 8616   0.15154900E+01
 8617   0.44140800E+01
 8618   0.10410030E+02
 8619   0.10735520E+02
 8620   0.82160600E+01
 8621   0.61731300E+01
 8622   0.54221000E+01
 8623   0.49526000E+01
 8624   0.41689800E+01
 8625   0.34387200E+01
 8626   0.24916400E+01
 8627   0.17461000E+01
 8628   0.12585100E+01
 8629   0.94390000E+00
 8630   0.71136000E+00
 8631   0.54887000E+00
 8632   0.44171000E+00
 8633   0.35111000E+00
 8634   0.27467000E+00
 8635   0.13682000E+00
 8636   0.76320000E-01
 8637   0.51370000E-01
 8638   0.38010000E-01
 8639   0.29800000E-01
 8640   0.24280000E-01
 8641   0.20320000E-01
 8642   0.17350000E-01
 8643   0.15060000E-01
 8644   0.13230000E-01
 8645   0.11740000E-01
 8646   0.10500000E-01
 8647   0.94700000E-02
 8648   0.85900000E-02
 8649   0.78300000E-02
 8650   0.71800000E-02
 8651   0.66100000E-02
 8652   0.61000000E-02
 8653   0.56600000E-02
 8654   0.52600000E-02
 8655   0.49100000E-02
 8656   0.45900000E-02
 8657   0.43000000E-02
 8658   0.40400000E-02
 8659   0.38100000E-02
 8660   0.87500000E-02
 8661   0.14140000E-01
 8662   0.30070000E-01
 8663   0.95230000E-01
 8664   0.16558000E+00
 8665   0.19713000E+00
 8666   0.20394000E+00
 8667   0.19950000E+00
 8668   0.18867000E+00
 8669   0.15929000E+00
 8670   0.11629000E+00
 8671   0.83150000E-01
 8672   0.61690000E-01
 8673   0.47560000E-01
 8674   0.37860000E-01
 8675   0.30920000E-01
 8676   0.25800000E-01
 8677   0.21890000E-01
 8678   0.18840000E-01
 8679   0.16410000E-01
 8680   0.14440000E-01
 8681   0.17042000E+00
 8682   0.61345500E+01
 8683   0.16726020E+02
 8684   0.14401690E+02
 8685   0.92004600E+01
 8686   0.56176500E+01
 8687   0.34705100E+01
 8688   0.22926000E+01
 8689   0.16148100E+01
 8690   0.11770600E+01
 8691   0.88721000E+00
 8692   0.67877000E+00
 8693   0.52666000E+00
 8694   0.43150000E+00
 8695   0.35131000E+00
 8696   0.27857000E+00
 8697   0.15034000E+00
 8698   0.80850000E-01
 8699   0.53480000E-01
 8700   0.39060000E-01
 8701   0.30290000E-01
 8702   0.24450000E-01
 8703   0.20300000E-01
 8704   0.17230000E-01
 8705   0.14860000E-01
 8706   0.12990000E-01
 8707   0.11480000E-01
 8708   0.10240000E-01
 8709   0.95600000E-02
 8710   0.88300000E-02
 8711   0.80400000E-02
 8712   0.73500000E-02
 8713   0.67600000E-02
 8714   0.62500000E-02
 8715   0.58100000E-02
 8716   0.54200000E-02
 8717   0.50700000E-02
 8718   0.47600000E-02
 8719   0.44700000E-02
 8720   0.42200000E-02
 8721   0.39800000E-02
 8722   0.37700000E-02
 8723   0.35700000E-02
 8724   0.33800000E-02
 8725   0.32200000E-02
 8726   0.30600000E-02
 8727   0.29100000E-02
 8728   0.27800000E-02
 8729   0.26500000E-02
 8730   0.25300000E-02
 8731   0.24200000E-02
 8732   0.23200000E-02
 8733   0.22200000E-02
 8734   0.21300000E-02
 8735   0.20400000E-02
 8736   0.19600000E-02
 8737   0.18900000E-02
 8738   0.18200000E-02
 8739   0.17500000E-02
 8740   0.16800000E-02
 8741   0.16200000E-02
 8742   0.15700000E-02
 8743   0.15100000E-02
 8744   0.14600000E-02
 8745   0.14100000E-02
 8746   0.13600000E-02
 8747   0.13200000E-02
 8748   0.12800000E-02
 8749   0.69374000E+00
 8750   0.17892200E+01
 8751   0.29865500E+01
 8752   0.28606400E+01
 8753   0.22293200E+01
 8754   0.17033300E+01
 8755   0.13080100E+01
 8756   0.11015900E+01
 8757   0.92885000E+00
 8758   0.74377000E+00
 8759   0.60948000E+00
 8760   0.50015000E+00
 8761   0.42310000E+00
 8762   0.34615000E+00
 8763   0.28180000E+00
 8764   0.21940600E+01
 8765   0.89526800E+01
 8766   0.16399020E+02
 8767   0.12774580E+02
 8768   0.82910200E+01
 8769   0.60085700E+01
 8770   0.43000500E+01
 8771   0.30655200E+01
 8772   0.22193600E+01
 8773   0.16658000E+01
 8774   0.13052600E+01
 8775   0.10464500E+01
 8776   0.85018000E+00
 8777   0.69410000E+00
 8778   0.56094000E+00
 8779   0.45579000E+00
 8780   0.39895000E+00
 8781   0.33103000E+00
 8782   0.24684000E+00
 8783   0.13404000E+00
 8784   0.75500000E-01
 8785   0.50820000E-01
 8786   0.37470000E-01
 8787   0.29230000E-01
 8788   0.23690000E-01
 8789   0.19730000E-01
 8790   0.16780000E-01
 8791   0.14500000E-01
 8792   0.12690000E-01
 8793   0.11230000E-01
 8794   0.10030000E-01
 8795   0.90300000E-02
 8796   0.81800000E-02
 8797   0.74600000E-02
 8798   0.68400000E-02
 8799   0.63000000E-02
 8800   0.58400000E-02
 8801   0.54400000E-02
 8802   0.50900000E-02
 8803   0.47800000E-02
 8804   0.45000000E-02
 8805   0.22256000E+00
 8806   0.34168600E+01
 8807   0.11145770E+02
 8808   0.16246720E+02
 8809   0.11725160E+02
 8810   0.78869200E+01
 8811   0.52506300E+01
 8812   0.35870600E+01
 8813   0.67258200E+01
 8814   0.11090810E+02
 8815   0.14895870E+02
 8816   0.10588470E+02
 8817   0.65390800E+01
 8818   0.41881000E+01
 8819   0.44152200E+01
 8820   0.61879400E+01
 8821   0.11389110E+02
 8822   0.12396370E+02
 8823   0.98346500E+01
 8824   0.97970800E+01
 8825   0.10996290E+02
 8826   0.16380920E+02
 8827   0.48167110E+02
 8828   0.83051470E+02
 8829   0.42989400E+02
 8830   0.21447540E+02
 8831   0.16322890E+02
 8832   0.16016760E+02
 8833   0.17649060E+02
 8834   0.14259630E+02
 8835   0.10836180E+02
 8836   0.78507900E+01
 8837   0.56929500E+01
 8838   0.50136000E+01
 8839   0.52601400E+01
 8840   0.32565520E+02
 8841   0.64702940E+02
 8842   0.58929950E+02
 8843   0.45830180E+02
 8844   0.35302830E+02
 8845   0.38249470E+02
 8846   0.45911680E+02
 8847   0.31905670E+02
 8848   0.18744530E+02
 8849   0.11430010E+02
 8850   0.73970100E+01
 8851   0.48581300E+01
 8852   0.32233500E+01
 8853   0.22256800E+01
 8854   0.17164600E+01
 8855   0.15227100E+01
 8856   0.13198300E+01
 8857   0.13337500E+01
 8858   0.12435700E+01
 8859   0.10533200E+01
 8860   0.85433000E+00
 8861   0.93616000E+00
 8862   0.82102000E+00
 8863   0.10043700E+01
 8864   0.10545400E+01
 8865   0.98586000E+00
 8866   0.87280000E+00
 8867   0.75017000E+00
 8868   0.63155000E+00
 8869   0.53118000E+00
 8870   0.45961000E+00
 8871   0.44453000E+00
 8872   0.41289000E+00
 8873   0.59214000E+00
 8874   0.93939000E+00
 8875   0.11510100E+01
 8876   0.11849300E+01
 8877   0.11050200E+01
 8878   0.28760330E+02
 8879   0.18024744E+03
 8880   0.12025542E+03
 8881   0.10758064E+03
 8882   0.69704060E+02
 8883   0.47365890E+02
 8884   0.32066120E+02
 8885   0.38182660E+02
 8886   0.66290050E+02
 8887   0.15700640E+03
 8888   0.77764240E+02
 8889   0.42132400E+02
 8890   0.35242070E+02
 8891   0.41549350E+02
 8892   0.40956660E+02
 8893   0.35940510E+02
 8894   0.36870380E+02
 8895   0.28703000E+02
 8896   0.17459780E+02
 8897   0.10181820E+02
 8898   0.60208000E+01
 8899   0.37752000E+01
 8900   0.33057300E+01
 8901   0.76216000E+01
 8902   0.27996580E+02
 8903   0.38202230E+02
 8904   0.40292420E+02
 8905   0.37427840E+02
 8906   0.48656030E+02
 8907   0.52964020E+02
 8908   0.50511450E+02
 8909   0.11772064E+03
 8910   0.66915370E+02
 8911   0.30445270E+02
 8912   0.15372210E+02
 8913   0.10041260E+02
 8914   0.83025300E+01
 8915   0.75928200E+01
 8916   0.61751500E+01
 8917   0.44376600E+01
 8918   0.29762900E+01
 8919   0.20667700E+01
 8920   0.15313700E+01
 8921   0.16958400E+01
 8922   0.20534100E+01
 8923   0.33962400E+01
 8924   0.44310300E+01
 8925   0.40445300E+01
 8926   0.36669900E+01
 8927   0.37166600E+01
 8928   0.39755300E+01
 8929   0.40125600E+01
 8930   0.32807800E+01
 8931   0.24338600E+01
 8932   0.69263000E+01
 8933   0.37058250E+02
 8934   0.68477150E+02
 8935   0.56985920E+02
 8936   0.26943480E+02
 8937   0.13893270E+02
 8938   0.10817720E+02
 8939   0.12448195E+03
 8940   0.53638111E+03
 8941   0.33366869E+03
 8942   0.21403144E+03
 8943   0.14392276E+03
 8944   0.11317044E+03
 8945   0.94506130E+02
 8946   0.53131650E+02
 8947   0.28269160E+02
 8948   0.22639650E+02
 8949   0.23009940E+02
 8950   0.27128490E+02
 8951   0.30915860E+02
 8952   0.46581250E+02
 8953   0.73085800E+02
 8954   0.13194317E+03
 8955   0.16725403E+03
 8956   0.13155343E+03
 8957   0.11347011E+03
 8958   0.63582690E+02
 8959   0.34385410E+02
 8960   0.19450680E+02
 8961   0.11827570E+02
 8962   0.73258900E+01
 8963   0.45288700E+01
 8964   0.18289150E+02
 8965   0.10276994E+04
 8966   0.26180629E+03
 8967   0.67538480E+02
 8968   0.27371350E+02
 8969   0.13473780E+02
 8970   0.74975600E+01
 8971   0.44163800E+01
 8972   0.27500200E+01
 8973   0.18367900E+01
 8974   0.12808000E+01
 8975   0.12401400E+01
 8976   0.56069010E+02
 8977   0.33988406E+03
 8978   0.21203903E+03
 8979   0.70729380E+02
 8980   0.12205119E+03
 8981   0.71959410E+02
 8982   0.42876700E+02
 8983   0.64409940E+02
 8984   0.14719504E+03
 8985   0.18327408E+03
 8986   0.11628967E+03
 8987   0.78898030E+02
 8988   0.39050170E+02
 8989   0.19902990E+02
 8990   0.10964460E+02
 8991   0.63496700E+01
 8992   0.38321700E+01
 8993   0.24454600E+01
 8994   0.16723800E+01
 8995   0.12019200E+01
 8996   0.10020600E+01
 8997   0.92635000E+00
 8998   0.74034000E+00
 8999   0.62289000E+00
 9000   0.52993000E+00
 9001   0.45257000E+00
 9002   0.37905000E+00
 9003   0.30754000E+00
 9004   0.21638000E+00
 9005   0.25207000E+00
 9006   0.12777000E+01
 9007   0.15539500E+02
 9008   0.63769210E+02
 9009   0.34081530E+02
 9010   0.18519010E+02
 9011   0.11785530E+02
 9012   0.73935500E+01
 9013   0.46433100E+01
 9014   0.28627200E+01
 9015   0.18901900E+01
 9016   0.13466500E+01
 9017   0.12061600E+01
 9018   0.93171000E+00
 9019   0.73904000E+00
 9020   0.64294000E+00
 9021   0.56640000E+00
 9022   0.10261600E+01
 9023   0.54261100E+01
 9024   0.30812443E+03
 9025   0.86023580E+02
 9026   0.36108760E+02
 9027   0.17590330E+02
 9028   0.95591300E+01
 9029   0.55094000E+01
 9030   0.33269900E+01
 9031   0.21889100E+01
 9032   0.15362000E+01
 9033   0.11234500E+01
 9034   0.84665000E+00
 9035   0.64893000E+00
 9036   0.50660000E+00
 9037   0.42154000E+00
 9038   0.33942000E+00
 9039   0.24709000E+00
 9040   0.13025000E+00
 9041   0.99800000E-01
 9042   0.23993000E+00
 9043   0.25290000E+00
 9044   0.25317000E+00
 9045   0.23393000E+00
 9046   0.18374000E+00
 9047   0.12479000E+00
 9048   0.90310000E-01
 9049   0.68280000E-01
 9050   0.53440000E-01
 9051   0.42980000E-01
 9052   0.35340000E-01
 9053   0.29590000E-01
 9054   0.25150000E-01
 9055   0.21660000E-01
 9056   0.18850000E-01
 9057   0.16570000E-01
 9058   0.14680000E-01
 9059   0.13100000E-01
 9060   0.11770000E-01
 9061   0.10630000E-01
 9062   0.96500000E-02
 9063   0.88100000E-02
 9064   0.80700000E-02
 9065   0.74200000E-02
 9066   0.68500000E-02
 9067   0.63500000E-02
 9068   0.58900000E-02
 9069   0.54900000E-02
 9070   0.51300000E-02
 9071   0.48000000E-02
 9072   0.45000000E-02
 9073   0.42300000E-02
 9074   0.39900000E-02
 9075   0.37600000E-02
 9076   0.35600000E-02
 9077   0.33700000E-02
 9078   0.31900000E-02
 9079   0.30300000E-02
 9080   0.28900000E-02
 9081   0.27500000E-02
 9082   0.26300000E-02
 9083   0.25100000E-02
 9084   0.24000000E-02
 9085   0.23000000E-02
 9086   0.22100000E-02
 9087   0.21300000E-02
 9088   0.20500000E-02
 9089   0.19700000E-02
 9090   0.19000000E-02
 9091   0.19300000E-02
 9092   0.20000000E-02
 9093   0.68000000E-02
 9094   0.26554000E+00
 9095   0.28308000E+00
 9096   0.29016000E+00
 9097   0.29922000E+00
 9098   0.29372000E+00
 9099   0.27125000E+00
 9100   0.21929000E+00
 9101   0.13044000E+00
 9102   0.86510000E-01
 9103   0.63020000E-01
 9104   0.48510000E-01
 9105   0.38750000E-01
 9106   0.31800000E-01
 9107   0.26640000E-01
 9108   0.22690000E-01
 9109   0.19590000E-01
 9110   0.17110000E-01
 9111   0.13284000E+00
 9112   0.20925000E+00
 9113   0.21115000E+00
 9114   0.20473000E+00
 9115   0.17048000E+00
 9116   0.12713000E+00
 9117   0.94930000E-01
 9118   0.72610000E-01
 9119   0.57020000E-01
 9120   0.45860000E-01
 9121   0.32284800E+01
 9122   0.31757620E+02
 9123   0.41950580E+02
 9124   0.24178690E+02
 9125   0.13952550E+02
 9126   0.84789700E+01
 9127   0.52134400E+01
 9128   0.33618500E+01
 9129   0.22974800E+01
 9130   0.16403000E+01
 9131   0.12132700E+01
 9132   0.94349000E+00
 9133   0.73303000E+00
 9134   0.57289000E+00
 9135   0.45331000E+00
 9136   0.39464000E+00
 9137   0.32409000E+00
 9138   0.23474000E+00
 9139   0.12283000E+00
 9140   0.70950000E-01
 9141   0.48330000E-01
 9142   0.35940000E-01
 9143   0.28230000E-01
 9144   0.23010000E-01
 9145   0.19270000E-01
 9146   0.16450000E-01
 9147   0.14270000E-01
 9148   0.12530000E-01
 9149   0.11120000E-01
 9150   0.99500000E-02
 9151   0.89700000E-02
 9152   0.81400000E-02
 9153   0.74200000E-02
 9154   0.68000000E-02
 9155   0.62600000E-02
 9156   0.57900000E-02
 9157   0.53700000E-02
 9158   0.49900000E-02
 9159   0.46600000E-02
 9160   0.43600000E-02
 9161   0.40900000E-02
 9162   0.38400000E-02
 9163   0.36200000E-02
 9164   0.34200000E-02
 9165   0.32300000E-02
 9166   0.30600000E-02
 9167   0.29000000E-02
 9168   0.27600000E-02
 9169   0.26200000E-02
 9170   0.25000000E-02
 9171   0.23800000E-02
 9172   0.22800000E-02
 9173   0.21800000E-02
 9174   0.21700000E-02
 9175   0.24700000E+00
 9176   0.28453000E+00
 9177   0.30332000E+00
 9178   0.32786000E+00
 9179   0.34226000E+00
 9180   0.33585000E+00
 9181   0.31361000E+00
 9182   0.26287000E+00
 9183   0.18653000E+00
 9184   0.17851000E+00
 9185   0.48145000E+00
 9186   0.62806000E+00
 9187   0.92715000E+00
 9188   0.10622200E+01
 9189   0.98403000E+00
 9190   0.83003000E+00
 9191   0.69511000E+00
 9192   0.57462000E+00
 9193   0.46889000E+00
 9194   0.56729000E+00
 9195   0.23688000E+01
 9196   0.72208900E+01
 9197   0.12156310E+02
 9198   0.52303770E+02
 9199   0.27282617E+03
 9200   0.17352333E+03
 9201   0.90033100E+02
 9202   0.41629980E+02
 9203   0.22406250E+02
 9204   0.12783590E+02
 9205   0.77671500E+01
 9206   0.48687600E+01
 9207   0.31637500E+01
 9208   0.21937300E+01
 9209   0.16099100E+01
 9210   0.12352200E+01
 9211   0.95832000E+00
 9212   0.74029000E+00
 9213   0.56728000E+00
 9214   0.53114000E+00
 9215   0.41581300E+01
 9216   0.26700540E+02
 9217   0.37104020E+02
 9218   0.32488270E+02
 9219   0.25909330E+02
 9220   0.19392900E+02
 9221   0.22181540E+02
 9222   0.37344150E+02
 9223   0.43238210E+02
 9224   0.32485130E+02
 9225   0.24059540E+02
 9226   0.18750550E+02
 9227   0.14580390E+02
 9228   0.13132360E+02
 9229   0.15102730E+02
 9230   0.15876910E+02
 9231   0.12817340E+02
 9232   0.85034200E+01
 9233   0.54739600E+01
 9234   0.39135900E+01
 9235   0.27321000E+01
 9236   0.20328600E+01
 9237   0.15533100E+01
 9238   0.12115300E+01
 9239   0.95006000E+00
 9240   0.75294000E+00
 9241   0.73013000E+00
 9242   0.10035190E+02
 9243   0.28174020E+02
 9244   0.29265270E+02
 9245   0.26746640E+02
 9246   0.53613300E+02
 9247   0.14689021E+03
 9248   0.14623372E+03
 9249   0.80376430E+02
 9250   0.24602618E+03
 9251   0.15514237E+03
 9252   0.50619420E+02
 9253   0.22054780E+02
 9254   0.11319750E+02
 9255   0.63231400E+01
 9256   0.38375300E+01
 9257   0.25148800E+01
 9258   0.17613300E+01
 9259   0.12917400E+01
 9260   0.13803800E+01
 9261   0.86392000E+01
 9262   0.53480410E+02
 9263   0.37924420E+02
 9264   0.19384340E+02
 9265   0.10649590E+02
 9266   0.61377000E+01
 9267   0.37418400E+01
 9268   0.24304100E+01
 9269   0.16727700E+01
 9270   0.12100400E+01
 9271   0.91107000E+00
 9272   0.69894000E+00
 9273   0.58669000E+00
 9274   0.83449000E+00
 9275   0.87493000E+00
 9276   0.12104400E+01
 9277   0.14567100E+01
 9278   0.20200400E+01
 9279   0.52749600E+01
 9280   0.10163770E+02
 9281   0.11722830E+02
 9282   0.90110400E+01
 9283   0.65324800E+01
 9284   0.94496300E+01
 9285   0.12653620E+02
 9286   0.12450370E+02
 9287   0.99830900E+01
 9288   0.59536450E+02
 9289   0.10660739E+03
 9290   0.58523300E+02
 9291   0.53217130E+02
 9292   0.20435792E+03
 9293   0.13454725E+03
 9294   0.56823500E+02
 9295   0.79548290E+02
 9296   0.67488910E+02
 9297   0.41680760E+02
 9298   0.83728580E+02
 9299   0.26786199E+03
 9300   0.10711323E+03
 9301   0.82317310E+02
 9302   0.58528480E+02
 9303   0.31077720E+02
 9304   0.21761380E+02
 9305   0.19425690E+02
 9306   0.16945040E+02
 9307   0.11456190E+02
 9308   0.77899600E+01
 9309   0.17777630E+02
 9310   0.14652231E+03
 9311   0.67522610E+02
 9312   0.28844970E+02
 9313   0.14279390E+02
 9314   0.78672900E+01
 9315   0.64231790E+02
 9316   0.31355478E+03
 9317   0.24964453E+03
 9318   0.46960495E+03
 9319   0.18182171E+03
 9320   0.62983040E+02
 9321   0.29754950E+02
 9322   0.16354020E+02
 9323   0.97758500E+01
 9324   0.17322540E+02
 9325   0.58132640E+02
 9326   0.66977430E+02
 9327   0.14802213E+03
 9328   0.42526066E+03
 9329   0.40275749E+03
 9330   0.41591881E+03
 9331   0.26257954E+03
 9332   0.15727666E+03
 9333   0.12074782E+03
 9334   0.48264540E+02
 9335   0.22092880E+02
 9336   0.93978870E+02
 9337   0.12556096E+03
 9338   0.57362390E+02
 9339   0.28029293E+03
 9340   0.34966948E+03
 9341   0.32329217E+03
 9342   0.30515256E+03
 9343   0.81732040E+02
 9344   0.40261640E+02
 9345   0.24974150E+02
 9346   0.15580800E+02
 9347   0.97900100E+01
 9348   0.61371300E+01
 9349   0.57190000E+01
 9350   0.91709300E+01
 9351   0.18186900E+02
 9352   0.16751070E+02
 9353   0.10806970E+02
 9354   0.65517900E+01
 9355   0.39739900E+01
 9356   0.25017800E+01
 9357   0.17488000E+01
 9358   0.12435200E+01
 9359   0.97924000E+00
 9360   0.14217300E+01
 9361   0.12849400E+01
 9362   0.12629900E+01
 9363   0.12526100E+01
 9364   0.36096000E+01
 9365   0.14249392E+03
 9366   0.62972400E+02
 9367   0.26041200E+02
 9368   0.13358270E+02
 9369   0.84173400E+01
 9370   0.57067800E+01
 9371   0.42530700E+01
 9372   0.30017800E+01
 9373   0.20702800E+01
 9374   0.14810000E+01
 9375   0.10874300E+01
 9376   0.82369000E+00
 9377   0.64405000E+00
 9378   0.51247000E+00
 9379   0.42169000E+00
 9380   0.33663000E+00
 9381   0.50011000E+00
 9382   0.90762000E+00
 9383   0.15703200E+01
 9384   0.46851200E+01
 9385   0.81024700E+01
 9386   0.10140960E+02
 9387   0.78443900E+01
 9388   0.52185100E+01
 9389   0.33719800E+01
 9390   0.22846000E+01
 9391   0.16497300E+01
 9392   0.12443800E+01
 9393   0.96226000E+00
 9394   0.74696000E+00
 9395   0.57821000E+00
 9396   0.45305000E+00
 9397   0.37941000E+00
 9398   0.30164000E+00
 9399   0.20303000E+00
 9400   0.94930000E-01
 9401   0.59620000E-01
 9402   0.42310000E-01
 9403   0.32230000E-01
 9404   0.25710000E-01
 9405   0.21170000E-01
 9406   0.17850000E-01
 9407   0.15330000E-01
 9408   0.13350000E-01
 9409   0.11760000E-01
 9410   0.10470000E-01
 9411   0.93900000E-02
 9412   0.84800000E-02
 9413   0.77100000E-02
 9414   0.16387000E+00
 9415   0.99988000E+00
 9416   0.53746200E+01
 9417   0.88916100E+01
 9418   0.80160900E+01
 9419   0.55101100E+01
 9420   0.36326200E+01
 9421   0.24412900E+01
 9422   0.17194200E+01
 9423   0.12570500E+01
 9424   0.93996000E+00
 9425   0.71326000E+00
 9426   0.53731000E+00
 9427   0.43097000E+00
 9428   0.34283000E+00
 9429   0.25131000E+00
 9430   0.13250000E+00
 9431   0.75950000E-01
 9432   0.51560000E-01
 9433   0.38210000E-01
 9434   0.29910000E-01
 9435   0.24290000E-01
 9436   0.20260000E-01
 9437   0.17240000E-01
 9438   0.14910000E-01
 9439   0.13060000E-01
 9440   0.11560000E-01
 9441   0.10320000E-01
 9442   0.92800000E-02
 9443   0.84000000E-02
 9444   0.76500000E-02
 9445   0.70100000E-02
 9446   0.64400000E-02
 9447   0.59500000E-02
 9448   0.55100000E-02
 9449   0.51200000E-02
 9450   0.47700000E-02
 9451   0.55100000E-02
 9452   0.23244000E+00
 9453   0.74608000E+00
 9454   0.19976900E+01
 9455   0.31412800E+01
 9456   0.30716900E+01
 9457   0.23694500E+01
 9458   0.17648700E+01
 9459   0.13213600E+01
 9460   0.10145700E+01
 9461   0.80192000E+00
 9462   0.63083000E+00
 9463   0.50104000E+00
 9464   0.42762000E+00
 9465   0.35068000E+00
 9466   0.28024000E+00
 9467   0.15214000E+00
 9468   0.83579000E+00
 9469   0.22698000E+01
 9470   0.82907200E+01
 9471   0.12249620E+02
 9472   0.10285870E+02
 9473   0.69303000E+01
 9474   0.45261600E+01
 9475   0.29245100E+01
 9476   0.20173000E+01
 9477   0.14686200E+01
 9478   0.11137200E+01
 9479   0.85233000E+00
 9480   0.65337000E+00
 9481   0.51194000E+00
 9482   0.43331000E+00
 9483   0.35630000E+00
 9484   0.29164000E+00
 9485   0.18810000E+00
 9486   0.90260000E-01
 9487   0.57450000E-01
 9488   0.41050000E-01
 9489   0.31400000E-01
 9490   0.25110000E-01
 9491   0.20720000E-01
 9492   0.17500000E-01
 9493   0.15040000E-01
 9494   0.13120000E-01
 9495   0.11570000E-01
 9496   0.10300000E-01
 9497   0.92500000E-02
 9498   0.83600000E-02
 9499   0.76000000E-02
 9500   0.17861100E+01
 9501   0.81890400E+01
 9502   0.16209910E+02
 9503   0.12957160E+02
 9504   0.84142100E+01
 9505   0.53756600E+01
 9506   0.35466000E+01
 9507   0.40561000E+01
 9508   0.43600000E+01
 9509   0.52573300E+01
 9510   0.56133200E+01
 9511   0.46033700E+01
 9512   0.33035700E+01
 9513   0.23857200E+01
 9514   0.17973600E+01
 9515   0.14095500E+01
 9516   0.11458400E+01
 9517   0.91864000E+00
 9518   0.81350000E+00
 9519   0.66532000E+00
 9520   0.54521000E+00
 9521   0.46174000E+00
 9522   0.43185000E+00
 9523   0.40587000E+00
 9524   0.36588000E+00
 9525   0.33706000E+00
 9526   0.30964000E+00
 9527   0.28262000E+00
 9528   0.24986000E+00
 9529   0.22661000E+00
 9530   0.22833000E+00
 9531   0.22694000E+00
 9532   0.22495000E+00
 9533   0.23738000E+00
 9534   0.23296000E+00
 9535   0.26678000E+00
 9536   0.43249000E+00
 9537   0.49429000E+00
 9538   0.59884000E+00
 9539   0.66484000E+00
 9540   0.67544000E+00
 9541   0.62095000E+00
 9542   0.54525000E+00
 9543   0.47006000E+00
 9544   0.40571000E+00
 9545   0.33700000E+00
 9546   0.27993000E+00
 9547   0.16415000E+00
 9548   0.86210000E-01
 9549   0.57200000E-01
 9550   0.42050000E-01
 9551   0.28547000E+00
 9552   0.29836000E+00
 9553   0.36065000E+00
 9554   0.51605000E+00
 9555   0.20677000E+01
 9556   0.53138900E+01
 9557   0.11712660E+02
 9558   0.13424140E+02
 9559   0.10890070E+02
 9560   0.74662600E+01
 9561   0.48451400E+01
 9562   0.31717400E+01
 9563   0.22313500E+01
 9564   0.16831500E+01
 9565   0.13153700E+01
 9566   0.10585900E+01
 9567   0.85664000E+00
 9568   0.68142000E+00
 9569   0.54062000E+00
 9570   0.44768000E+00
 9571   0.37099000E+00
 9572   0.29856000E+00
 9573   0.20927000E+00
 9574   0.10617000E+00
 9575   0.79050000E-01
 9576   0.84690000E-01
 9577   0.55544000E+00
 9578   0.17781700E+01
 9579   0.39611600E+01
 9580   0.54254200E+01
 9581   0.46386600E+01
 9582   0.33250400E+01
 9583   0.23533400E+01
 9584   0.17304600E+01
 9585   0.13016000E+01
 9586   0.10067600E+01
 9587   0.79909000E+00
 9588   0.62176000E+00
 9589   0.48708000E+00
 9590   0.41325000E+00
 9591   0.33740000E+00
 9592   0.25329000E+00
 9593   0.13661000E+00
 9594   0.76560000E-01
 9595   0.10459600E+01
 9596   0.52913400E+01
 9597   0.19296240E+02
 9598   0.20503600E+02
 9599   0.16539690E+02
 9600   0.27815620E+02
 9601   0.44822080E+02
 9602   0.30387120E+02
 9603   0.17086970E+02
 9604   0.14858690E+02
 9605   0.19258610E+02
 9606   0.28550000E+02
 9607   0.23490140E+02
 9608   0.14431180E+02
 9609   0.86119000E+01
 9610   0.51456300E+01
 9611   0.31884500E+01
 9612   0.21169700E+01
 9613   0.14880000E+01
 9614   0.10990200E+01
 9615   0.88373000E+00
 9616   0.11634000E+01
 9617   0.43882890E+02
 9618   0.55396460E+02
 9619   0.28528680E+02
 9620   0.15705570E+02
 9621   0.92340600E+01
 9622   0.61928100E+01
 9623   0.45904100E+01
 9624   0.32748100E+01
 9625   0.23575100E+01
 9626   0.17215700E+01
 9627   0.13361100E+01
 9628   0.10624900E+01
 9629   0.88334000E+00
 9630   0.76011000E+00
 9631   0.20563600E+01
 9632   0.72325950E+02
 9633   0.85510020E+02
 9634   0.75684510E+02
 9635   0.11983406E+03
 9636   0.88949990E+02
 9637   0.53895830E+02
 9638   0.29799370E+02
 9639   0.16398120E+02
 9640   0.17628090E+02
 9641   0.29282890E+02
 9642   0.26008000E+02
 9643   0.25061080E+02
 9644   0.16171270E+03
 9645   0.23494057E+03
 9646   0.72867880E+02
 9647   0.29893210E+02
 9648   0.19337230E+02
 9649   0.21949730E+02
 9650   0.28955760E+02
 9651   0.23135430E+02
 9652   0.32733340E+02
 9653   0.65442550E+02
 9654   0.44859880E+02
 9655   0.24965820E+02
 9656   0.16330900E+02
 9657   0.36038700E+02
 9658   0.60064220E+02
 9659   0.12408920E+03
 9660   0.14197361E+03
 9661   0.27332432E+03
 9662   0.16933355E+03
 9663   0.15986824E+03
 9664   0.17434569E+03
 9665   0.86007450E+02
 9666   0.40978720E+02
 9667   0.20699860E+02
 9668   0.11457600E+02
 9669   0.87190700E+01
 9670   0.10064010E+02
 9671   0.17966070E+02
 9672   0.33221480E+02
 9673   0.38514610E+02
 9674   0.31627570E+02
 9675   0.24648490E+02
 9676   0.18746220E+02
 9677   0.13809680E+02
 9678   0.29432330E+02
 9679   0.66968020E+02
 9680   0.33629270E+02
 9681   0.18408690E+02
 9682   0.19518220E+02
 9683   0.33355230E+02
 9684   0.26441580E+02
 9685   0.15087060E+02
 9686   0.10715400E+02
 9687   0.83648200E+01
 9688   0.65290900E+01
 9689   0.79226500E+01
 9690   0.18617950E+02
 9691   0.27651690E+02
 9692   0.18156420E+02
 9693   0.11323480E+02
 9694   0.16718200E+02
 9695   0.40159640E+02
 9696   0.43278370E+02
 9697   0.26014880E+02
 9698   0.14532100E+02
 9699   0.85095500E+01
 9700   0.53993400E+01
 9701   0.15876740E+02
 9702   0.31247674E+03
 9703   0.13102268E+03
 9704   0.45462760E+02
 9705   0.20732660E+02
 9706   0.12496720E+02
 9707   0.19149750E+02
 9708   0.65079980E+02
 9709   0.57085750E+02
 9710   0.48542980E+02
 9711   0.36589490E+02
 9712   0.24425990E+02
 9713   0.15824310E+02
 9714   0.13062830E+02
 9715   0.38588460E+02
 9716   0.10622421E+03
 9717   0.63243160E+02
 9718   0.36613810E+02
 9719   0.23288190E+02
 9720   0.18486110E+02
 9721   0.31145140E+02
 9722   0.28920920E+02
 9723   0.16602700E+02
 9724   0.95729200E+01
 9725   0.61417300E+01
 9726   0.40604300E+01
 9727   0.27357500E+01
 9728   0.19276900E+01
 9729   0.13958300E+01
 9730   0.10633800E+01
 9731   0.11615700E+01
 9732   0.11899120E+02
 9733   0.26093860E+02
 9734   0.17988260E+02
 9735   0.10361440E+02
 9736   0.70928600E+01
 9737   0.58778500E+01
 9738   0.67079900E+01
 9739   0.63881000E+01
 9740   0.47637400E+01
 9741   0.32330000E+01
 9742   0.22311400E+01
 9743   0.16569100E+01
 9744   0.13678500E+01
 9745   0.12143300E+01
 9746   0.10107100E+01
 9747   0.84999000E+00
 9748   0.71070000E+00
 9749   0.59686000E+00
 9750   0.48954000E+00
 9751   0.41060000E+00
 9752   0.32375000E+00
 9753   0.22541000E+00
 9754   0.11351000E+00
 9755   0.25214000E+00
 9756   0.59453400E+01
 9757   0.33707440E+02
 9758   0.27584610E+02
 9759   0.15874960E+02
 9760   0.91650800E+01
 9761   0.54491400E+01
 9762   0.33239600E+01
 9763   0.21434300E+01
 9764   0.14796900E+01
 9765   0.11039000E+01
 9766   0.84541000E+00
 9767   0.65977000E+00
 9768   0.52596000E+00
 9769   0.43371000E+00
 9770   0.34727000E+00
 9771   0.27956000E+00
 9772   0.15161000E+00
 9773   0.82100000E-01
 9774   0.54700000E-01
 9775   0.40180000E-01
 9776   0.31300000E-01
 9777   0.25350000E-01
 9778   0.21100000E-01
 9779   0.17930000E-01
 9780   0.15480000E-01
 9781   0.13540000E-01
 9782   0.11970000E-01
 9783   0.10680000E-01
 9784   0.95900000E-02
 9785   0.86800000E-02
 9786   0.78900000E-02
 9787   0.72200000E-02
 9788   0.66300000E-02
 9789   0.61100000E-02
 9790   0.56600000E-02
 9791   0.52500000E-02
 9792   0.48900000E-02
 9793   0.45700000E-02
 9794   0.42800000E-02
 9795   0.40200000E-02
 9796   0.37800000E-02
 9797   0.35600000E-02
 9798   0.33700000E-02
 9799   0.31800000E-02
 9800   0.30200000E-02
 9801   0.28600000E-02
 9802   0.10490000E-01
 9803   0.60232200E+01
 9804   0.24002540E+02
 9805   0.20694480E+02
 9806   0.13283560E+02
 9807   0.84476500E+01
 9808   0.56546500E+01
 9809   0.40321900E+01
 9810   0.28852100E+01
 9811   0.20937400E+01
 9812   0.15596000E+01
 9813   0.11843800E+01
 9814   0.91095000E+00
 9815   0.70644000E+00
 9816   0.54798000E+00
 9817   0.44656000E+00
 9818   0.36241000E+00
 9819   0.28891000E+00
 9820   0.17540000E+00
 9821   0.89030000E-01
 9822   0.57950000E-01
 9823   0.41960000E-01
 9824   0.32360000E-01
 9825   0.26020000E-01
 9826   0.21550000E-01
 9827   0.18240000E-01
 9828   0.15700000E-01
 9829   0.13700000E-01
 9830   0.12090000E-01
 9831   0.10770000E-01
 9832   0.96700000E-02
 9833   0.87400000E-02
 9834   0.79500000E-02
 9835   0.72600000E-02
 9836   0.66700000E-02
 9837   0.61500000E-02
 9838   0.56900000E-02
 9839   0.52800000E-02
 9840   0.49200000E-02
 9841   0.46000000E-02
 9842   0.46800000E-02
 9843   0.45900000E-02
 9844   0.43600000E-02
 9845   0.41100000E-02
 9846   0.38900000E-02
 9847   0.36900000E-02
 9848   0.35100000E-02
 9849   0.33500000E-02
 9850   0.20240000E-01
 9851   0.44318970E+02
 9852   0.69238590E+02
 9853   0.31801340E+02
 9854   0.16314690E+02
 9855   0.96120400E+01
 9856   0.61533400E+01
 9857   0.55175100E+01
 9858   0.50890700E+01
 9859   0.51297600E+01
 9860   0.48643700E+01
 9861   0.40027900E+01
 9862   0.29848800E+01
 9863   0.22367300E+01
 9864   0.17001600E+01
 9865   0.13094400E+01
 9866   0.10195200E+01
 9867   0.79615000E+00
 9868   0.61823000E+00
 9869   0.48859000E+00
 9870   0.42038000E+00
 9871   0.16134000E+01
 9872   0.29748900E+01
 9873   0.53854200E+01
 9874   0.54931700E+01
 9875   0.42923200E+01
 9876   0.30950300E+01
 9877   0.22781200E+01
 9878   0.17517800E+01
 9879   0.14285700E+01
 9880   0.11147800E+01
 9881   0.88712000E+00
 9882   0.71368000E+00
 9883   0.59273000E+00
 9884   0.22377500E+01
 9885   0.15110860E+02
 9886   0.38964280E+02
 9887   0.23250390E+02
 9888   0.12755080E+02
 9889   0.73404300E+01
 9890   0.44272700E+01
 9891   0.28400500E+01
 9892   0.20176500E+01
 9893   0.15188300E+01
 9894   0.11908000E+01
 9895   0.94787000E+00
 9896   0.74955000E+00
 9897   0.59112000E+00
 9898   0.25284700E+01
 9899   0.42315600E+01
 9900   0.56895900E+01
 9901   0.51485600E+01
 9902   0.68450900E+01
 9903   0.13501020E+02
 9904   0.23251280E+02
 9905   0.17244770E+02
 9906   0.11018250E+02
 9907   0.93808400E+01
 9908   0.10320380E+02
 9909   0.12395950E+02
 9910   0.98629300E+01
 9911   0.66419000E+01
 9912   0.46008100E+01
 9913   0.65474400E+01
 9914   0.85798600E+01
 9915   0.13260860E+02
 9916   0.10865110E+02
 9917   0.69692800E+01
 9918   0.43819900E+01
 9919   0.28162500E+01
 9920   0.19507500E+01
 9921   0.14265200E+01
 9922   0.16557700E+01
 9923   0.17490200E+01
 9924   0.27442000E+01
 9925   0.31241200E+01
 9926   0.30829800E+01
 9927   0.25980900E+01
 9928   0.21701600E+01
 9929   0.17277900E+01
 9930   0.13358400E+01
 9931   0.11262500E+01
 9932   0.93963000E+00
 9933   0.86205000E+00
 9934   0.17002340E+02
 9935   0.50343190E+02
 9936   0.28295730E+02
 9937   0.17296110E+02
 9938   0.23917590E+02
 9939   0.38748840E+02
 9940   0.25182170E+02
 9941   0.14202780E+02
 9942   0.89018800E+01
 9943   0.12095430E+02
 9944   0.24357830E+02
 9945   0.75751870E+02
 9946   0.66031660E+02
 9947   0.80892040E+02
 9948   0.91019880E+02
 9949   0.45794560E+02
 9950   0.23556190E+02
 9951   0.49123950E+02
 9952   0.17120874E+03
 9953   0.69619940E+02
 9954   0.34655810E+02
 9955   0.18801350E+02
 9956   0.51198790E+02
 9957   0.10940849E+03
 9958   0.48614950E+02
 9959   0.23033730E+02
 9960   0.12023060E+02
 9961   0.67733900E+01
 9962   0.40323800E+01
 9963   0.38350700E+01
 9964   0.44666500E+01
 9965   0.19191320E+02
 9966   0.40546620E+02
 9967   0.26181760E+02
 9968   0.14332180E+02
 9969   0.87635500E+01
 9970   0.55935300E+01
 9971   0.37653200E+01
 9972   0.25300200E+01
 9973   0.17773100E+01
 9974   0.13934600E+01
 9975   0.12369800E+01
 9976   0.10616300E+01
 9977   0.10849100E+01
 9978   0.14374000E+01
 9979   0.20402800E+01
 9980   0.26829500E+01
 9981   0.27190200E+01
 9982   0.21942200E+01
 9983   0.28230900E+01
 9984   0.10939460E+02
 9985   0.22780090E+02
 9986   0.18596910E+02
 9987   0.12494720E+02
 9988   0.80761000E+01
 9989   0.51947200E+01
 9990   0.33528700E+01
 9991   0.23126000E+01
 9992   0.19418400E+01
 9993   0.69514300E+01
 9994   0.21837919E+03
 9995   0.29635316E+03
 9996   0.21569054E+03
 9997   0.22692976E+03
 9998   0.20552531E+03
 9999   0.19492662E+03
10000   0.82322430E+02
10001   0.34430020E+02
10002   0.19166600E+02
10003   0.25120840E+02
10004   0.27916140E+02
10005   0.21337040E+02
10006   0.18238630E+02
10007   0.45634950E+02
10008   0.11650193E+03
10009   0.12677855E+03
10010   0.93793070E+02
10011   0.62104320E+02
10012   0.63298190E+02
10013   0.20970067E+03
10014   0.14642711E+03
10015   0.16446912E+03
10016   0.11695008E+03
10017   0.47459620E+02
10018   0.29865200E+02
10019   0.53360390E+02
10020   0.56949950E+02
10021   0.73609880E+02
10022   0.16695851E+03
10023   0.17939613E+03
10024   0.24263874E+03
10025   0.15829998E+03
10026   0.12367284E+03
10027   0.15635386E+03
10028   0.16857967E+03
10029   0.11542688E+03
10030   0.89539540E+02
10031   0.11896391E+03
10032   0.12410771E+03
10033   0.96226800E+02
10034   0.12108712E+03
10035   0.14689605E+03
10036   0.12381089E+03
10037   0.13366968E+03
10038   0.36577030E+03
10039   0.27053516E+03
10040   0.86970480E+02
10041   0.57992720E+02
10042   0.19820518E+03
10043   0.28431065E+03
10044   0.14553114E+03
10045   0.80168730E+02
10046   0.50102410E+02
10047   0.31413530E+02
10048   0.18313780E+02
10049   0.10824730E+02
10050   0.66978800E+01
10051   0.86330700E+01
10052   0.51703870E+02
10053   0.10222166E+03
10054   0.65461300E+02
10055   0.40076490E+02
10056   0.46269030E+02
10057   0.91810610E+02
10058   0.87911770E+02
10059   0.91143520E+02
10060   0.11248710E+03
10061   0.77651250E+02
10062   0.64399720E+02
10063   0.50860890E+02
10064   0.27875020E+02
10065   0.16055660E+02
10066   0.17100420E+02
10067   0.45103620E+02
10068   0.48762770E+02
10069   0.52696060E+02
10070   0.10994503E+03
10071   0.18145745E+03
10072   0.15771485E+03
10073   0.15907553E+03
10074   0.62561750E+02
10075   0.27583720E+02
10076   0.13906380E+02
10077   0.82807200E+01
10078   0.83240200E+01
10079   0.14942000E+02
10080   0.30145870E+02
10081   0.75609520E+02
10082   0.87150500E+02
10083   0.88199360E+02
10084   0.10889303E+03
10085   0.21020965E+03
10086   0.11412960E+03
10087   0.44071440E+02
10088   0.20514500E+02
10089   0.13314560E+02
10090   0.95604400E+01
10091   0.67542600E+01
10092   0.46885100E+01
10093   0.61514100E+01
10094   0.97892500E+01
10095   0.41111570E+02
10096   0.70346230E+02
10097   0.43348880E+02
10098   0.23387550E+02
10099   0.13332510E+02
10100   0.79859100E+01
10101   0.49027400E+01
10102   0.15440780E+02
10103   0.11900158E+03
10104   0.53165630E+02
10105   0.24027630E+02
10106   0.13046350E+02
10107   0.76487200E+01
10108   0.46523000E+01
10109   0.29098400E+01
10110   0.19757600E+01
10111   0.14069700E+01
10112   0.10351400E+01
10113   0.78127000E+00
10114   0.59648000E+00
10115   0.45888000E+00
10116   0.37213000E+00
10117   0.29752000E+00
10118   0.19464000E+00
10119   0.93240000E-01
10120   0.59440000E-01
10121   0.42550000E-01
10122   0.32590000E-01
10123   0.26090000E-01
10124   0.96310000E-01
10125   0.95145000E+00
10126   0.64810700E+01
10127   0.90427500E+01
10128   0.70242600E+01
10129   0.48334200E+01
10130   0.44534300E+01
10131   0.66207000E+01
10132   0.11751170E+02
10133   0.13748760E+02
10134   0.95314500E+01
10135   0.59418900E+01
10136   0.37040700E+01
10137   0.24308300E+01
10138   0.17182600E+01
10139   0.13314100E+01
10140   0.19905700E+01
10141   0.29085900E+01
10142   0.41034300E+01
10143   0.35759100E+01
10144   0.25237600E+01
10145   0.17756700E+01
10146   0.12835600E+01
10147   0.95927000E+00
10148   0.74470000E+00
10149   0.64835000E+00
10150   0.61245000E+00
10151   0.65027000E+00
10152   0.56143000E+00
10153   0.49950000E+00
10154   0.44843000E+00
10155   0.39297000E+00
10156   0.32735000E+00
10157   0.24688000E+00
10158   0.14773000E+00
10159   0.87540000E-01
10160   0.60980000E-01
10161   0.45980000E-01
10162   0.36380000E-01
10163   0.29750000E-01
10164   0.24900000E-01
10165   0.21220000E-01
10166   0.18350000E-01
10167   0.16050000E-01
10168   0.14180000E-01
10169   0.12630000E-01
10170   0.12410000E-01
10171   0.70296000E+00
10172   0.42871200E+01
10173   0.93021100E+01
10174   0.95200700E+01
10175   0.70460900E+01
10176   0.46701900E+01
10177   0.30723400E+01
10178   0.21325500E+01
10179   0.16523900E+01
10180   0.13800000E+01
10181   0.13218300E+01
10182   0.10705200E+01
10183   0.86659000E+00
10184   0.71045000E+00
10185   0.58962000E+00
10186   0.48963000E+00
10187   0.41022000E+00
10188   0.32392000E+00
10189   0.23194000E+00
10190   0.12601000E+00
10191   0.75290000E-01
10192   0.52680000E-01
10193   0.17046100E+01
10194   0.39147700E+01
10195   0.65256700E+01
10196   0.58818000E+01
10197   0.62812200E+01
10198   0.56529000E+01
10199   0.59367000E+01
10200   0.54780700E+01
10201   0.42174400E+01
10202   0.29496700E+01
10203   0.23652000E+01
10204   0.18639100E+01
10205   0.16036000E+01
10206   0.14766200E+01
10207   0.21023200E+01
10208   0.25379700E+01
10209   0.27623800E+01
10210   0.25356000E+01
10211   0.20660200E+01
10212   0.16374700E+01
10213   0.12748400E+01
10214   0.99368000E+00
10215   0.78148000E+00
10216   0.11505000E+01
10217   0.11264500E+01
10218   0.12753300E+01
10219   0.14521700E+01
10220   0.14844400E+01
10221   0.13412500E+01
10222   0.11757700E+01
10223   0.99338000E+00
10224   0.81578000E+00
10225   0.67028000E+00
10226   0.56871000E+00
10227   0.66927000E+00
10228   0.39310800E+01
10229   0.99601800E+01
10230   0.12317610E+02
10231   0.89953400E+01
10232   0.57770100E+01
10233   0.37577600E+01
10234   0.25567900E+01
10235   0.18516900E+01
10236   0.13697100E+01
10237   0.10498700E+01
10238   0.80713000E+00
10239   0.62504000E+00
10240   0.48919000E+00
10241   0.41473000E+00
10242   0.34340000E+00
10243   0.28462000E+00
10244   0.16783000E+00
10245   0.84060000E-01
10246   0.54180000E-01
10247   0.39000000E-01
10248   0.29970000E-01
10249   0.21554700E+01
10250   0.46705310E+02
10251   0.45062160E+02
10252   0.22644520E+02
10253   0.12233270E+02
10254   0.71056500E+01
10255   0.44121800E+01
10256   0.28672400E+01
10257   0.19841300E+01
10258   0.75491200E+01
10259   0.30345770E+02
10260   0.33602970E+02
10261   0.18459680E+02
10262   0.10364310E+02
10263   0.61411300E+01
10264   0.38816200E+01
10265   0.25918300E+01
10266   0.18484200E+01
10267   0.13606800E+01
10268   0.10266900E+01
10269   0.78472000E+00
10270   0.60799000E+00
10271   0.11065260E+02
10272   0.50811600E+02
10273   0.31574610E+02
10274   0.16941240E+02
10275   0.96813900E+01
10276   0.70174500E+01
10277   0.55407500E+01
10278   0.47046800E+01
10279   0.39538800E+01
10280   0.30312500E+01
10281   0.22731300E+01
10282   0.17130700E+01
10283   0.13221900E+01
10284   0.10517700E+01
10285   0.83114000E+00
10286   0.66031000E+00
10287   0.62328000E+00
10288   0.55036000E+00
10289   0.47521000E+00
10290   0.42124000E+00
10291   0.36491000E+00
10292   0.30626000E+00
10293   0.22245000E+00
10294   0.24402000E+00
10295   0.62646000E+00
10296   0.87734000E+00
10297   0.12991800E+01
10298   0.15068400E+01
10299   0.14403200E+01
10300   0.12239700E+01
10301   0.10052600E+01
10302   0.83544000E+00
10303   0.70730000E+00
10304   0.58888000E+00
10305   0.13089000E+01
10306   0.15729710E+02
10307   0.31469580E+02
10308   0.19880290E+02
10309   0.14639230E+02
10310   0.11100490E+02
10311   0.99845100E+01
10312   0.98708100E+01
10313   0.94511600E+01
10314   0.10077210E+02
10315   0.17438650E+02
10316   0.38229490E+02
10317   0.35849490E+02
10318   0.20916370E+02
10319   0.12764430E+02
10320   0.10412910E+02
10321   0.12901190E+02
10322   0.15440800E+02
10323   0.14577780E+02
10324   0.37536010E+02
10325   0.66653370E+02
10326   0.37953920E+02
10327   0.24523880E+02
10328   0.18648060E+02
10329   0.14367660E+02
10330   0.94656800E+01
10331   0.59139600E+01
10332   0.48083000E+01
10333   0.59236300E+01
10334   0.11256650E+02
10335   0.15111200E+02
10336   0.13576580E+02
10337   0.10776090E+02
10338   0.10277130E+02
10339   0.93098900E+01
10340   0.75617900E+01
10341   0.58593100E+01
10342   0.10247810E+02
10343   0.63647520E+02
10344   0.65590500E+02
10345   0.35256870E+02
10346   0.23385030E+02
10347   0.20859480E+02
10348   0.26003740E+02
10349   0.39531800E+02
10350   0.36253090E+02
10351   0.24256630E+02
10352   0.14358100E+02
10353   0.86008900E+01
10354   0.52032800E+01
10355   0.32874600E+01
10356   0.22454500E+01
10357   0.16042600E+01
10358   0.11926200E+01
10359   0.90504000E+00
10360   0.68855000E+00
10361   0.52130000E+00
10362   0.41958000E+00
10363   0.34687000E+00
10364   0.29473000E+00
10365   0.60260000E+00
10366   0.12715440E+02
10367   0.98850840E+02
10368   0.10696580E+03
10369   0.54186860E+02
10370   0.26386660E+02
10371   0.14157790E+02
10372   0.84053200E+01
10373   0.57890700E+01
10374   0.12819520E+02
10375   0.22980250E+02
10376   0.17529950E+02
10377   0.17608870E+02
10378   0.17518140E+02
10379   0.13593670E+02
10380   0.96017200E+01
10381   0.93229100E+01
10382   0.11023882E+03
10383   0.10347315E+03
10384   0.41132640E+02
10385   0.19536050E+02
10386   0.10518460E+02
10387   0.60794100E+01
10388   0.46149500E+01
10389   0.51198600E+01
10390   0.66336730E+02
10391   0.71598399E+03
10392   0.33178079E+03
10393   0.24170366E+03
10394   0.15295964E+03
10395   0.11350022E+03
10396   0.10609329E+03
10397   0.60210650E+02
10398   0.42112580E+02
10399   0.42458060E+02
10400   0.79082800E+02
10401   0.24003637E+03
10402   0.35440581E+03
10403   0.17186450E+03
10404   0.85294910E+02
10405   0.42971710E+02
10406   0.30805240E+02
10407   0.54466840E+02
10408   0.13916115E+03
10409   0.10018283E+03
10410   0.45678630E+02
10411   0.28589710E+02
10412   0.34138390E+02
10413   0.32320630E+02
10414   0.25384320E+02
10415   0.18080770E+02
10416   0.13758530E+02
10417   0.11030240E+02
10418   0.91915900E+01
10419   0.96891700E+01
10420   0.11315460E+02
10421   0.11308350E+02
10422   0.13682130E+02
10423   0.26627480E+02
10424   0.63608700E+02
10425   0.56228910E+02
10426   0.37790880E+02
10427   0.41172670E+02
10428   0.71958130E+02
10429   0.10117386E+03
10430   0.93467420E+02
10431   0.91159480E+02
10432   0.86729670E+02
10433   0.12615330E+03
10434   0.62116940E+02
10435   0.29795310E+02
10436   0.15343810E+02
10437   0.91939900E+01
10438   0.11000590E+02
10439   0.12517960E+02
10440   0.68870870E+02
10441   0.12615115E+03
10442   0.89524330E+02
10443   0.42909200E+02
10444   0.20850380E+02
10445   0.11100460E+02
10446   0.63989000E+01
10447   0.38278800E+01
10448   0.25538600E+01
10449   0.48169500E+01
10450   0.13151420E+02
10451   0.71935960E+02
10452   0.55995000E+02
10453   0.54019920E+02
10454   0.35080300E+02
10455   0.18610260E+02
10456   0.10469290E+02
10457   0.61931700E+01
10458   0.11719230E+02
10459   0.25854910E+02
10460   0.38809120E+02
10461   0.92877630E+02
10462   0.65268570E+02
10463   0.50185050E+02
10464   0.33720170E+02
10465   0.18711790E+02
10466   0.10522850E+02
10467   0.61414100E+01
10468   0.37800600E+01
10469   0.24884400E+01
10470   0.17442900E+01
10471   0.12661500E+01
10472   0.84100400E+01
10473   0.27915399E+03
10474   0.12651969E+03
10475   0.19058433E+03
10476   0.90356420E+02
10477   0.39814310E+02
10478   0.19804430E+02
10479   0.14045920E+02
10480   0.10597410E+02
10481   0.85960300E+01
10482   0.60454600E+01
10483   0.39501500E+01
10484   0.26828600E+01
10485   0.42259800E+01
10486   0.99147880E+02
10487   0.61516670E+02
10488   0.28571260E+02
10489   0.15257670E+02
10490   0.87983900E+01
10491   0.52973400E+01
10492   0.32499700E+01
10493   0.21406100E+01
10494   0.14967900E+01
10495   0.10943700E+01
10496   0.82062000E+00
10497   0.63557000E+00
10498   0.66912000E+00
10499   0.59668000E+00
10500   0.58711000E+00
10501   0.61377000E+00
10502   0.58255000E+00
10503   0.87155000E+00
10504   0.43962800E+01
10505   0.29433260E+02
10506   0.20724930E+02
10507   0.11585350E+02
10508   0.66887000E+01
10509   0.40868500E+01
10510   0.26321700E+01
10511   0.17716000E+01
10512   0.12494800E+01
10513   0.93062000E+00
10514   0.15378300E+01
10515   0.40391200E+01
10516   0.95711700E+01
10517   0.94283300E+01
10518   0.67457000E+01
10519   0.44973900E+01
10520   0.29582200E+01
10521   0.20619600E+01
10522   0.14989500E+01
10523   0.11249700E+01
10524   0.86151000E+00
10525   0.66168000E+00
10526   0.50983000E+00
10527   0.42480000E+00
10528   0.34536000E+00
10529   0.27739000E+00
10530   0.15115000E+00
10531   0.80470000E-01
10532   0.53060000E-01
10533   0.38690000E-01
10534   0.29990000E-01
10535   0.24210000E-01
10536   0.20110000E-01
10537   0.17070000E-01
10538   0.14730000E-01
10539   0.12880000E-01
10540   0.11390000E-01
10541   0.12000000E-01
10542   0.40851000E+00
10543   0.11889200E+01
10544   0.19906670E+02
10545   0.38138510E+02
10546   0.31918750E+02
10547   0.26008680E+02
10548   0.18061500E+02
10549   0.11236710E+02
10550   0.69037500E+01
10551   0.43754300E+01
10552   0.28575100E+01
10553   0.19675600E+01
10554   0.14236500E+01
10555   0.10634000E+01
10556   0.80151000E+00
10557   0.61417000E+00
10558   0.47638000E+00
10559   0.39631000E+00
10560   0.32184000E+00
10561   0.23311000E+00
10562   0.12464000E+00
10563   0.85780000E-01
10564   0.63200000E-01
10565   0.54180000E-01
10566   0.48470000E-01
10567   0.43120000E-01
10568   0.37910000E-01
10569   0.33120000E-01
10570   0.28890000E-01
10571   0.25260000E-01
10572   0.22160000E-01
10573   0.19550000E-01
10574   0.17330000E-01
10575   0.15450000E-01
10576   0.13940000E-01
10577   0.12650000E-01
10578   0.11450000E-01
10579   0.10420000E-01
10580   0.95300000E-02
10581   0.87700000E-02
10582   0.81100000E-02
10583   0.75200000E-02
10584   0.70300000E-02
10585   0.66500000E-02
10586   0.64200000E-02
10587   0.63300000E-02
10588   0.63100000E-02
10589   0.63000000E-02
10590   0.62600000E-02
10591   0.61700000E-02
10592   0.60500000E-02
10593   0.58800000E-02
10594   0.11560000E-01
10595   0.21630000E+00
10596   0.22875000E+00
10597   0.23588000E+00
10598   0.23406000E+00
10599   0.23894000E+00
10600   0.24619000E+00
10601   0.24835000E+00
10602   0.30746000E+00
10603   0.11569900E+01
10604   0.46767100E+01
10605   0.13635430E+02
10606   0.24928520E+02
10607   0.29911140E+02
10608   0.23990040E+02
10609   0.15715690E+02
10610   0.10170910E+02
10611   0.64156600E+01
10612   0.41856600E+01
10613   0.28192100E+01
10614   0.29671000E+01
10615   0.24401800E+01
10616   0.20436800E+01
10617   0.16623800E+01
10618   0.13340800E+01
10619   0.10744500E+01
10620   0.88001000E+00
10621   0.71280000E+00
10622   0.58482000E+00
10623   0.47412000E+00
10624   0.41168000E+00
10625   0.34922000E+00
10626   0.64909000E+00
10627   0.73681900E+01
10628   0.34244730E+02
10629   0.26745540E+02
10630   0.15747440E+02
10631   0.10463380E+02
10632   0.70007600E+01
10633   0.52326200E+01
10634   0.42583200E+01
10635   0.33222100E+01
10636   0.24586600E+01
10637   0.39452500E+01
10638   0.12474470E+02
10639   0.26504720E+02
10640   0.22667670E+02
10641   0.15048200E+02
10642   0.10653460E+02
10643   0.12849750E+02
10644   0.17041280E+02
10645   0.15601820E+02
10646   0.11760870E+02
10647   0.86925100E+01
10648   0.64147400E+01
10649   0.53064100E+01
10650   0.44977400E+01
10651   0.37108000E+01
10652   0.28369000E+01
10653   0.22245800E+01
10654   0.17970000E+01
10655   0.14355900E+01
10656   0.11382200E+01
10657   0.89131000E+00
10658   0.79530000E+00
10659   0.70141000E+00
10660   0.61833000E+00
10661   0.54003000E+00
10662   0.47924000E+00
10663   0.44265000E+00
10664   0.22272400E+01
10665   0.68673200E+01
10666   0.14208140E+02
10667   0.14704960E+02
10668   0.11826780E+02
10669   0.97925900E+01
10670   0.78694900E+01
10671   0.55136400E+01
10672   0.37309600E+01
10673   0.25994300E+01
10674   0.19050000E+01
10675   0.14337600E+01
10676   0.10976300E+01
10677   0.84365000E+00
10678   0.64940000E+00
10679   0.50008000E+00
10680   0.41904000E+00
10681   0.34494000E+00
10682   0.27872000E+00
10683   0.15537000E+00
10684   0.11667000E+00
10685   0.57967300E+01
10686   0.16262072E+03
10687   0.96290130E+02
10688   0.37852310E+02
10689   0.18339280E+02
10690   0.12495550E+02
10691   0.10531140E+02
10692   0.85117200E+01
10693   0.58234600E+01
10694   0.38473300E+01
10695   0.26006600E+01
10696   0.31587300E+01
10697   0.40649000E+01
10698   0.52503300E+01
10699   0.47022500E+01
10700   0.35044900E+01
10701   0.30711300E+01
10702   0.41954900E+01
10703   0.56429100E+01
10704   0.62332300E+01
10705   0.49331300E+01
10706   0.34278200E+01
10707   0.23292400E+01
10708   0.16542300E+01
10709   0.23512500E+01
10710   0.25165600E+01
10711   0.31906000E+01
10712   0.61378500E+01
10713   0.42873210E+02
10714   0.71208190E+02
10715   0.55916720E+02
10716   0.94079880E+02
10717   0.88105950E+02
10718   0.58388380E+02
10719   0.56271220E+02
10720   0.35167980E+02
10721   0.20328120E+02
10722   0.17099450E+02
10723   0.28221040E+02
10724   0.51877640E+02
10725   0.12119228E+03
10726   0.75011720E+02
10727   0.43115420E+02
10728   0.26964590E+02
10729   0.39469200E+02
10730   0.14084316E+03
10731   0.97253090E+02
10732   0.42089470E+02
10733   0.21591960E+02
10734   0.13720230E+02
10735   0.98572300E+01
10736   0.71040300E+01
10737   0.50128500E+01
10738   0.33769400E+01
10739   0.39670300E+01
10740   0.54906100E+01
10741   0.78136500E+01
10742   0.75343400E+01
10743   0.76470000E+01
10744   0.83012500E+01
10745   0.17335420E+02
10746   0.28734230E+02
10747   0.64557680E+02
10748   0.14130535E+03
10749   0.16567815E+03
10750   0.10054345E+03
10751   0.41845960E+02
10752   0.19902870E+02
10753   0.10654290E+02
10754   0.60772300E+01
10755   0.37752300E+01
10756   0.25166900E+01
10757   0.36820100E+01
10758   0.83934900E+01
10759   0.33214070E+02
10760   0.62509960E+02
10761   0.91610950E+02
10762   0.11361748E+03
10763   0.19907289E+03
10764   0.63512940E+02
10765   0.26867720E+02
10766   0.13651890E+02
10767   0.11457110E+02
10768   0.13380240E+02
10769   0.15817880E+02
10770   0.11806460E+02
10771   0.79637400E+01
10772   0.11880130E+02
10773   0.84063560E+02
10774   0.28777951E+03
10775   0.17895687E+03
10776   0.84909110E+02
10777   0.52444230E+02
10778   0.49716470E+02
10779   0.75613870E+02
10780   0.66360220E+02
10781   0.62812700E+02
10782   0.66286050E+02
10783   0.60258560E+02
10784   0.40267610E+02
10785   0.22945380E+02
10786   0.13296900E+02
10787   0.77958020E+02
10788   0.19868955E+03
10789   0.13133702E+03
10790   0.73731360E+02
10791   0.35286770E+02
10792   0.18018380E+02
10793   0.99088000E+01
10794   0.57704500E+01
10795   0.36743900E+01
10796   0.81029500E+01
10797   0.18069360E+02
10798   0.19465460E+02
10799   0.13050310E+02
10800   0.83995100E+01
10801   0.58394900E+01
10802   0.45838700E+01
10803   0.46623000E+01
10804   0.57813300E+01
10805   0.62702000E+01
10806   0.69708800E+01
10807   0.10880950E+02
10808   0.22636530E+02
10809   0.22074550E+02
10810   0.14088000E+02
10811   0.88977500E+01
10812   0.10326590E+02
10813   0.11193340E+02
10814   0.10342370E+02
10815   0.19537010E+02
10816   0.27433840E+02
10817   0.18219390E+02
10818   0.13141530E+02
10819   0.15830370E+02
10820   0.63678680E+02
10821   0.58539260E+02
10822   0.33182320E+02
10823   0.19271850E+02
10824   0.11419640E+02
10825   0.69492400E+01
10826   0.43624300E+01
10827   0.28328200E+01
10828   0.19373500E+01
10829   0.13783700E+01
10830   0.10097700E+01
10831   0.76244000E+00
10832   0.58705000E+00
10833   0.47243000E+00
10834   0.54132000E+00
10835   0.61502000E+00
10836   0.21313500E+01
10837   0.90442300E+01
10838   0.19001180E+02
10839   0.23069440E+02
10840   0.33926630E+02
10841   0.35000050E+02
10842   0.32774420E+02
10843   0.28692480E+02
10844   0.67171460E+02
10845   0.48917590E+02
10846   0.23567040E+02
10847   0.12399520E+02
10848   0.70549000E+01
10849   0.41543400E+01
10850   0.25964000E+01
10851   0.17668800E+01
10852   0.12801000E+01
10853   0.22840000E+01
10854   0.14886220E+02
10855   0.46864610E+02
10856   0.31070740E+02
10857   0.17063430E+02
10858   0.96777100E+01
10859   0.58545900E+01
10860   0.35541400E+01
10861   0.23252600E+01
10862   0.16141400E+01
10863   0.11785800E+01
10864   0.88665000E+00
10865   0.68046000E+00
10866   0.10433900E+01
10867   0.13788900E+01
10868   0.21470300E+01
10869   0.26489000E+01
10870   0.22008400E+01
10871   0.16318700E+01
10872   0.12292300E+01
10873   0.93713000E+00
10874   0.73250000E+00
10875   0.58554000E+00
10876   0.47079000E+00
10877   0.39442000E+00
10878   0.32142000E+00
10879   0.22652000E+00
10880   0.11407000E+00
10881   0.68020000E-01
10882   0.47100000E-01
10883   0.35390000E-01
10884   0.27980000E-01
10885   0.22910000E-01
10886   0.19230000E-01
10887   0.16450000E-01
10888   0.14290000E-01
10889   0.12570000E-01
10890   0.11160000E-01
10891   0.99900000E-02
10892   0.90100000E-02
10893   0.81800000E-02
10894   0.74600000E-02
10895   0.68400000E-02
10896   0.63000000E-02
10897   0.58200000E-02
10898   0.54000000E-02
10899   0.50300000E-02
10900   0.46900000E-02
10901   0.43900000E-02
10902   0.41200000E-02
10903   0.38700000E-02
10904   0.50900000E-02
10905   0.57800000E-02
10906   0.56700000E-02
10907   0.54700000E-02
10908   0.53600000E-02
10909   0.53700000E-02
10910   0.55100000E-02
10911   0.22657000E+00
10912   0.28172000E+00
10913   0.28270000E+00
10914   0.28146000E+00
10915   0.27324000E+00
10916   0.23267000E+00
10917   0.15662000E+00
10918   0.10013000E+00
10919   0.71640000E-01
10920   0.54490000E-01
10921   0.43140000E-01
10922   0.39020000E-01
10923   0.10998000E+01
10924   0.19689000E+01
10925   0.30391200E+01
10926   0.30970300E+01
10927   0.25521600E+01
10928   0.19970700E+01
10929   0.15680400E+01
10930   0.12562000E+01
10931   0.99965000E+00
10932   0.78840000E+00
10933   0.61079000E+00
10934   0.47737000E+00
10935   0.40432000E+00
10936   0.33002000E+00
10937   0.25250000E+00
10938   0.13559000E+00
10939   0.75770000E-01
10940   0.50850000E-01
10941   0.37440000E-01
10942   0.29190000E-01
10943   0.23650000E-01
10944   0.19700000E-01
10945   0.16750000E-01
10946   0.14480000E-01
10947   0.12680000E-01
10948   0.11220000E-01
10949   0.18290000E-01
10950   0.28773000E+00
10951   0.37269000E+00
10952   0.99106000E+00
10953   0.18043800E+01
10954   0.24669100E+01
10955   0.24915600E+01
10956   0.21307300E+01
10957   0.17090900E+01
