    1   0.13570000E-01
    2   0.39671900E+01
    3   0.55306860E+02
    4   0.10563379E+03
    5   0.92165480E+02
    6   0.67174450E+02
    7   0.52216570E+02
    8   0.40888670E+02
    9   0.38873080E+02
   10   0.44940910E+02
   11   0.80173690E+02
   12   0.18060614E+03
   13   0.16422272E+03
   14   0.12763845E+03
   15   0.96652660E+02
   16   0.73300570E+02
   17   0.57258760E+02
   18   0.45143740E+02
   19   0.36274170E+02
   20   0.29355090E+02
   21   0.23679650E+02
   22   0.18502390E+02
   23   0.13892410E+02
   24   0.11117680E+02
   25   0.92145400E+01
   26   0.74572200E+01
   27   0.62940300E+01
   28   0.55146000E+01
   29   0.48235300E+01
   30   0.42058500E+01
   31   0.37138300E+01
   32   0.32978200E+01
   33   0.29355700E+01
   34   0.26408800E+01
   35   0.24073300E+01
   36   0.22075100E+01
   37   0.20043500E+01
   38   0.19101900E+01
   39   0.26570700E+01
   40   0.64829000E+01
   41   0.17057590E+02
   42   0.35894910E+02
   43   0.39774460E+02
   44   0.33131060E+02
   45   0.26068010E+02
   46   0.19495170E+02
   47   0.15046370E+02
   48   0.12363330E+02
   49   0.10313540E+02
   50   0.90168500E+01
   51   0.81704600E+01
   52   0.74410100E+01
   53   0.67882200E+01
   54   0.62396100E+01
   55   0.57126700E+01
   56   0.58208900E+01
   57   0.74089900E+01
   58   0.33109830E+02
   59   0.33334656E+03
   60   0.31778152E+03
   61   0.24874321E+03
   62   0.18097721E+03
   63   0.14099410E+03
   64   0.11424558E+03
   65   0.10118025E+03
   66   0.81608380E+02
   67   0.66547970E+02
   68   0.56412340E+02
   69   0.44862550E+02
   70   0.35120560E+02
   71   0.27502220E+02
   72   0.21396020E+02
   73   0.16182220E+02
   74   0.12266390E+02
   75   0.99640600E+01
   76   0.82603300E+01
   77   0.67062400E+01
   78   0.59108700E+01
   79   0.62705300E+01
   80   0.80045300E+01
   81   0.15212150E+02
   82   0.36182330E+02
   83   0.66289360E+02
   84   0.75759090E+02
   85   0.70230800E+02
   86   0.59707340E+02
   87   0.48295750E+02
   88   0.40511580E+02
   89   0.33475600E+02
   90   0.27410840E+02
   91   0.22352290E+02
   92   0.17748590E+02
   93   0.15567250E+02
   94   0.34597360E+02
   95   0.21110800E+03
   96   0.21224720E+03
   97   0.15567395E+03
   98   0.11407055E+03
   99   0.87883170E+02
  100   0.70336850E+02
  101   0.57289500E+02
  102   0.49001730E+02
  103   0.41503290E+02
  104   0.36366290E+02
  105   0.54435870E+02
  106   0.53695036E+03
  107   0.57506984E+03
  108   0.51705419E+03
  109   0.11629267E+04
  110   0.94384064E+03
  111   0.76668844E+03
  112   0.62665451E+03
  113   0.51438230E+03
  114   0.37149452E+03
  115   0.25069864E+03
  116   0.16849331E+03
  117   0.11578156E+03
  118   0.82320180E+02
  119   0.61750550E+02
  120   0.46821850E+02
  121   0.36195610E+02
  122   0.28446110E+02
  123   0.22505880E+02
  124   0.17035170E+02
  125   0.12628530E+02
  126   0.10711660E+02
  127   0.85437800E+01
  128   0.66865800E+01
  129   0.55041300E+01
  130   0.47308700E+01
  131   0.41292100E+01
  132   0.35576900E+01
  133   0.30966700E+01
  134   0.27431600E+01
  135   0.24511200E+01
  136   0.22115500E+01
  137   0.39570890E+02
  138   0.15298772E+03
  139   0.13235688E+03
  140   0.10141268E+03
  141   0.81224230E+02
  142   0.86922170E+02
  143   0.17647713E+03
  144   0.32663032E+03
  145   0.42294297E+03
  146   0.37076666E+03
  147   0.36601627E+03
  148   0.34441818E+03
  149   0.24728482E+03
  150   0.16173878E+03
  151   0.11156400E+03
  152   0.10812545E+03
  153   0.32728566E+03
  154   0.72781266E+03
  155   0.96581183E+03
  156   0.10440587E+04
  157   0.10302515E+04
  158   0.12215211E+04
  159   0.11839079E+04
  160   0.98161247E+03
  161   0.16822507E+04
  162   0.35072863E+04
  163   0.22077396E+04
  164   0.16121483E+04
  165   0.10048314E+04
  166   0.11119414E+04
  167   0.23240649E+04
  168   0.26189636E+04
  169   0.26097653E+04
  170   0.16473084E+04
  171   0.93850365E+03
  172   0.52767225E+03
  173   0.31051676E+03
  174   0.19579343E+03
  175   0.13336607E+03
  176   0.95887860E+02
  177   0.73248870E+02
  178   0.59295600E+02
  179   0.58304970E+02
  180   0.75050740E+02
  181   0.10670016E+03
  182   0.11395275E+03
  183   0.83255680E+02
  184   0.55264180E+02
  185   0.39854250E+02
  186   0.42565620E+02
  187   0.21413539E+03
  188   0.41055374E+03
  189   0.31671823E+03
  190   0.21161804E+03
  191   0.15717817E+03
  192   0.11871793E+03
  193   0.93733380E+02
  194   0.10788564E+03
  195   0.32587270E+03
  196   0.52630044E+03
  197   0.13037722E+04
  198   0.23059442E+04
  199   0.17956017E+04
  200   0.16753212E+04
  201   0.13317742E+04
  202   0.98683184E+03
  203   0.63796049E+03
  204   0.42411546E+03
  205   0.30339762E+03
  206   0.24465276E+03
  207   0.21534515E+03
  208   0.21661926E+03
  209   0.24960392E+03
  210   0.28249522E+03
  211   0.28811479E+03
  212   0.31504286E+03
  213   0.29684602E+03
  214   0.24737976E+03
  215   0.21950309E+03
  216   0.23979660E+03
  217   0.23700625E+03
  218   0.25740775E+03
  219   0.27210492E+03
  220   0.20048842E+03
  221   0.27825467E+03
  222   0.35713969E+04
  223   0.23989823E+04
  224   0.13468245E+04
  225   0.74474177E+03
  226   0.41688262E+03
  227   0.25771688E+03
  228   0.18352472E+03
  229   0.13823123E+03
  230   0.11053772E+03
  231   0.93652890E+02
  232   0.88446910E+02
  233   0.12484305E+03
  234   0.24446842E+03
  235   0.24171626E+03
  236   0.16983280E+03
  237   0.11317885E+03
  238   0.14035831E+03
  239   0.13903977E+03
  240   0.11080969E+03
  241   0.93978900E+02
  242   0.83367990E+02
  243   0.79975950E+02
  244   0.99974300E+02
  245   0.62887653E+03
  246   0.14314305E+04
  247   0.80173077E+03
  248   0.44240271E+03
  249   0.26943982E+03
  250   0.17660565E+03
  251   0.14463528E+03
  252   0.99704700E+02
  253   0.78008240E+02
  254   0.97818170E+02
  255   0.66930631E+03
  256   0.74205302E+03
  257   0.14108367E+04
  258   0.81643482E+03
  259   0.48740463E+03
  260   0.32465447E+03
  261   0.22593602E+03
  262   0.19199809E+03
  263   0.15878135E+03
  264   0.12727213E+03
  265   0.89439710E+02
  266   0.68347870E+02
  267   0.55247840E+02
  268   0.58940980E+02
  269   0.20363089E+03
  270   0.33878680E+03
  271   0.31358084E+03
  272   0.31518434E+03
  273   0.57981888E+03
  274   0.45418643E+03
  275   0.28859061E+03
  276   0.19489196E+03
  277   0.17946861E+03
  278   0.21888215E+03
  279   0.20067307E+03
  280   0.14836801E+03
  281   0.10712246E+03
  282   0.79204860E+02
  283   0.60790950E+02
  284   0.46867780E+02
  285   0.36636310E+02
  286   0.28835110E+02
  287   0.22765910E+02
  288   0.23259920E+02
  289   0.23080940E+02
  290   0.76738911E+03
  291   0.48018300E+03
  292   0.30015479E+03
  293   0.20328746E+03
  294   0.18622866E+03
  295   0.10386727E+04
  296   0.64654152E+03
  297   0.39222869E+03
  298   0.26468983E+03
  299   0.19320234E+03
  300   0.14384155E+03
  301   0.10717119E+03
  302   0.80620690E+02
  303   0.62312640E+02
  304   0.49475710E+02
  305   0.39356450E+02
  306   0.31567040E+02
  307   0.25288020E+02
  308   0.19840810E+02
  309   0.14437430E+02
  310   0.11060330E+02
  311   0.89559800E+01
  312   0.74472500E+01
  313   0.60554000E+01
  314   0.50417400E+01
  315   0.44090500E+01
  316   0.38964100E+01
  317   0.34219200E+01
  318   0.30202700E+01
  319   0.27007100E+01
  320   0.34833100E+01
  321   0.11578370E+02
  322   0.14970330E+03
  323   0.16361923E+03
  324   0.13941809E+03
  325   0.10549860E+03
  326   0.83038620E+02
  327   0.65682440E+02
  328   0.51375880E+02
  329   0.40161980E+02
  330   0.31438650E+02
  331   0.24661750E+02
  332   0.18683480E+02
  333   0.12959010E+02
  334   0.10114700E+02
  335   0.83940100E+01
  336   0.70449300E+01
  337   0.60232200E+01
  338   0.53465300E+01
  339   0.48727900E+01
  340   0.44133100E+01
  341   0.39899900E+01
  342   0.35917600E+01
  343   0.32313800E+01
  344   0.29101200E+01
  345   0.26248200E+01
  346   0.24096000E+01
  347   0.22439000E+01
  348   0.20731000E+01
  349   0.18885600E+01
  350   0.17099200E+01
  351   0.15412800E+01
  352   0.13788200E+01
  353   0.12551100E+01
  354   0.11552100E+01
  355   0.10749200E+01
  356   0.10044400E+01
  357   0.93804000E+00
  358   0.87211000E+00
  359   0.80458000E+00
  360   0.73804000E+00
  361   0.67660000E+00
  362   0.62183000E+00
  363   0.57311000E+00
  364   0.52940000E+00
  365   0.48998000E+00
  366   0.45439000E+00
  367   0.42227000E+00
  368   0.39329000E+00
  369   0.36714000E+00
  370   0.34350000E+00
  371   0.32209000E+00
  372   0.30267000E+00
  373   0.28500000E+00
  374   0.26888000E+00
  375   0.25415000E+00
  376   0.24064000E+00
  377   0.22823000E+00
  378   0.21680000E+00
  379   0.11857300E+01
  380   0.69842500E+01
  381   0.60073320E+02
  382   0.12796090E+03
  383   0.13199106E+03
  384   0.10776855E+03
  385   0.86265930E+02
  386   0.67415180E+02
  387   0.52123930E+02
  388   0.40979550E+02
  389   0.32659240E+02
  390   0.26229100E+02
  391   0.20853430E+02
  392   0.15898840E+02
  393   0.13623850E+02
  394   0.18517170E+02
  395   0.43816920E+02
  396   0.12872419E+03
  397   0.12743532E+03
  398   0.10567771E+03
  399   0.83463330E+02
  400   0.65271480E+02
  401   0.51774580E+02
  402   0.41531630E+02
  403   0.33546610E+02
  404   0.26932560E+02
  405   0.20558010E+02
  406   0.15709950E+02
  407   0.12513030E+02
  408   0.10411610E+02
  409   0.87745200E+01
  410   0.75643900E+01
  411   0.66258500E+01
  412   0.57951400E+01
  413   0.50408300E+01
  414   0.44314600E+01
  415   0.38620700E+01
  416   0.33098700E+01
  417   0.29546400E+01
  418   0.26891100E+01
  419   0.24529500E+01
  420   0.22361900E+01
  421   0.19969500E+01
  422   0.22590100E+01
  423   0.28700800E+01
  424   0.97222600E+01
  425   0.24139980E+02
  426   0.50286800E+02
  427   0.64608520E+02
  428   0.63087740E+02
  429   0.54456770E+02
  430   0.45466140E+02
  431   0.38019300E+02
  432   0.31611570E+02
  433   0.26249760E+02
  434   0.21718230E+02
  435   0.17124570E+02
  436   0.14586550E+02
  437   0.21825630E+02
  438   0.12538536E+03
  439   0.25360661E+03
  440   0.20600245E+03
  441   0.14995984E+03
  442   0.10874160E+03
  443   0.80167150E+02
  444   0.60296680E+02
  445   0.46099980E+02
  446   0.38327690E+02
  447   0.39622270E+02
  448   0.53884630E+02
  449   0.74668210E+02
  450   0.10336927E+03
  451   0.12127688E+03
  452   0.12190568E+03
  453   0.10489227E+03
  454   0.85792450E+02
  455   0.75067330E+02
  456   0.71427010E+02
  457   0.84396200E+02
  458   0.85227050E+02
  459   0.80029550E+02
  460   0.68277870E+02
  461   0.55460900E+02
  462   0.44549700E+02
  463   0.35721190E+02
  464   0.28730470E+02
  465   0.23059240E+02
  466   0.17731260E+02
  467   0.12591600E+02
  468   0.10163630E+02
  469   0.85118800E+01
  470   0.71710400E+01
  471   0.61140600E+01
  472   0.53020900E+01
  473   0.46322300E+01
  474   0.40569500E+01
  475   0.35647700E+01
  476   0.31366000E+01
  477   0.27940900E+01
  478   0.24916000E+01
  479   0.22754900E+01
  480   0.20759600E+01
  481   0.18726000E+01
  482   0.16923300E+01
  483   0.15248300E+01
  484   0.13498900E+01
  485   0.12129400E+01
  486   0.11100800E+01
  487   0.10343600E+01
  488   0.96495000E+00
  489   0.89643000E+00
  490   0.82984000E+00
  491   0.76544000E+00
  492   0.70418000E+00
  493   0.64727000E+00
  494   0.59543000E+00
  495   0.54875000E+00
  496   0.50695000E+00
  497   0.46957000E+00
  498   0.43614000E+00
  499   0.40730000E+00
  500   0.25284000E+01
  501   0.16021170E+02
  502   0.26057210E+02
  503   0.23055940E+02
  504   0.21066240E+02
  505   0.27609080E+02
  506   0.38302900E+02
  507   0.41376840E+02
  508   0.40868150E+02
  509   0.40333530E+02
  510   0.37501020E+02
  511   0.39890420E+02
  512   0.87372730E+02
  513   0.17300659E+03
  514   0.18473495E+03
  515   0.19270784E+03
  516   0.26787474E+03
  517   0.37212652E+03
  518   0.37822457E+03
  519   0.45080545E+03
  520   0.48293176E+03
  521   0.37904600E+03
  522   0.26839016E+03
  523   0.18543819E+03
  524   0.13079712E+03
  525   0.93813650E+02
  526   0.68713520E+02
  527   0.51126490E+02
  528   0.42433930E+02
  529   0.97956390E+02
  530   0.54814530E+03
  531   0.43053376E+03
  532   0.25962955E+03
  533   0.19409400E+03
  534   0.28569508E+03
  535   0.55095830E+03
  536   0.71990692E+03
  537   0.71708095E+03
  538   0.68756092E+03
  539   0.52572103E+03
  540   0.40502714E+03
  541   0.30508200E+03
  542   0.25052675E+03
  543   0.97856163E+03
  544   0.28078457E+04
  545   0.15887428E+04
  546   0.92736109E+03
  547   0.60049582E+03
  548   0.42056080E+03
  549   0.42223826E+03
  550   0.53434503E+03
  551   0.48735079E+03
  552   0.55041069E+03
  553   0.41625636E+03
  554   0.25340645E+03
  555   0.17017186E+03
  556   0.13813285E+03
  557   0.22387269E+03
  558   0.78598813E+03
  559   0.92649038E+03
  560   0.57771354E+03
  561   0.35000581E+03
  562   0.23068205E+03
  563   0.15894235E+03
  564   0.11157992E+03
  565   0.80346140E+02
  566   0.63978070E+02
  567   0.52097240E+02
  568   0.40060260E+02
  569   0.31146240E+02
  570   0.37122860E+02
  571   0.47416900E+02
  572   0.48544650E+02
  573   0.42857940E+02
  574   0.43603770E+02
  575   0.13803117E+03
  576   0.16421200E+03
  577   0.14558180E+03
  578   0.11945083E+03
  579   0.11387582E+03
  580   0.14017817E+03
  581   0.16595595E+03
  582   0.18127558E+03
  583   0.14236895E+03
  584   0.11358294E+03
  585   0.90355960E+02
  586   0.74094820E+02
  587   0.55847140E+02
  588   0.43191540E+02
  589   0.32079480E+02
  590   0.22113480E+02
  591   0.14065330E+02
  592   0.10040890E+02
  593   0.10984360E+02
  594   0.14336380E+03
  595   0.67131996E+03
  596   0.40197210E+03
  597   0.24991495E+03
  598   0.16727575E+03
  599   0.11932827E+03
  600   0.11210890E+03
  601   0.21884107E+03
  602   0.20042903E+03
  603   0.13843478E+03
  604   0.98808880E+02
  605   0.68923220E+02
  606   0.49527250E+02
  607   0.60826200E+02
  608   0.54814460E+02
  609   0.52279350E+02
  610   0.38159850E+02
  611   0.28037450E+02
  612   0.40471840E+02
  613   0.88402120E+02
  614   0.85446770E+02
  615   0.66949570E+02
  616   0.51420370E+02
  617   0.40086330E+02
  618   0.15039924E+03
  619   0.23455429E+03
  620   0.28247707E+03
  621   0.43579748E+03
  622   0.49571595E+03
  623   0.37280264E+03
  624   0.30482423E+03
  625   0.29320586E+03
  626   0.30269395E+03
  627   0.23486549E+03
  628   0.18485996E+03
  629   0.17375258E+03
  630   0.14248768E+03
  631   0.11263878E+03
  632   0.85816300E+02
  633   0.65006670E+02
  634   0.58046430E+02
  635   0.24707094E+03
  636   0.20875305E+04
  637   0.13623006E+04
  638   0.17442741E+04
  639   0.14029061E+04
  640   0.72795576E+03
  641   0.40745254E+03
  642   0.25211794E+03
  643   0.25998788E+03
  644   0.28385855E+03
  645   0.34077204E+03
  646   0.29817780E+03
  647   0.23134254E+03
  648   0.16634676E+03
  649   0.12076122E+03
  650   0.88162720E+02
  651   0.64829170E+02
  652   0.49720720E+02
  653   0.38230460E+02
  654   0.29829300E+02
  655   0.23422260E+02
  656   0.17729040E+02
  657   0.12817560E+02
  658   0.99569500E+01
  659   0.81125100E+01
  660   0.66890100E+01
  661   0.54577800E+01
  662   0.44995300E+01
  663   0.38878100E+01
  664   0.33826200E+01
  665   0.30061600E+01
  666   0.26922600E+01
  667   0.24276300E+01
  668   0.21959000E+01
  669   0.21553400E+01
  670   0.36554400E+01
  671   0.60233600E+01
  672   0.60059000E+01
  673   0.52772600E+01
  674   0.46216500E+01
  675   0.39751600E+01
  676   0.34139000E+01
  677   0.29755600E+01
  678   0.45677600E+01
  679   0.67968600E+01
  680   0.92832000E+01
  681   0.10011780E+02
  682   0.55496450E+02
  683   0.71571780E+02
  684   0.66440770E+02
  685   0.55222410E+02
  686   0.44927850E+02
  687   0.37708680E+02
  688   0.32422510E+02
  689   0.27382660E+02
  690   0.22547350E+02
  691   0.17590380E+02
  692   0.12798750E+02
  693   0.10439470E+02
  694   0.87985200E+01
  695   0.74652200E+01
  696   0.63666100E+01
  697   0.54932000E+01
  698   0.48303700E+01
  699   0.42192000E+01
  700   0.37141000E+01
  701   0.32912700E+01
  702   0.33991600E+01
  703   0.34206400E+01
  704   0.40609500E+01
  705   0.51090900E+01
  706   0.69321800E+01
  707   0.83876800E+01
  708   0.88908300E+01
  709   0.94368900E+01
  710   0.93692900E+01
  711   0.83395600E+01
  712   0.76115600E+01
  713   0.79208500E+01
  714   0.94056800E+01
  715   0.12229680E+02
  716   0.13445980E+02
  717   0.13692340E+02
  718   0.15256050E+02
  719   0.23063150E+02
  720   0.45532450E+02
  721   0.79655220E+02
  722   0.84403570E+02
  723   0.67842870E+02
  724   0.52279190E+02
  725   0.39158160E+02
  726   0.29088810E+02
  727   0.21899810E+02
  728   0.16356560E+02
  729   0.12491690E+02
  730   0.10363420E+02
  731   0.89525100E+01
  732   0.77740700E+01
  733   0.64804700E+01
  734   0.54718600E+01
  735   0.48460800E+01
  736   0.43030600E+01
  737   0.38367500E+01
  738   0.34198900E+01
  739   0.31021000E+01
  740   0.27869400E+01
  741   0.25329900E+01
  742   0.23150500E+01
  743   0.21227400E+01
  744   0.19452000E+01
  745   0.17864500E+01
  746   0.16314500E+01
  747   0.14750700E+01
  748   0.13241600E+01
  749   0.11688400E+01
  750   0.10395500E+01
  751   0.93703000E+00
  752   0.85164000E+00
  753   0.77759000E+00
  754   0.71176000E+00
  755   0.65246000E+00
  756   0.59886000E+00
  757   0.55057000E+00
  758   0.50732000E+00
  759   0.46873000E+00
  760   0.44780000E+00
  761   0.59826000E+00
  762   0.26091800E+01
  763   0.10415400E+02
  764   0.16266400E+02
  765   0.21318140E+02
  766   0.28992550E+02
  767   0.29925160E+02
  768   0.29215240E+02
  769   0.30133070E+02
  770   0.29559570E+02
  771   0.26702250E+02
  772   0.22957140E+02
  773   0.19611240E+02
  774   0.17352110E+02
  775   0.17529540E+02
  776   0.21753930E+02
  777   0.26670720E+02
  778   0.39219310E+02
  779   0.47688120E+02
  780   0.51465710E+02
  781   0.70927740E+02
  782   0.25474772E+03
  783   0.34491942E+03
  784   0.24531865E+03
  785   0.17457760E+03
  786   0.12632086E+03
  787   0.95381060E+02
  788   0.74620910E+02
  789   0.59582020E+02
  790   0.56542110E+02
  791   0.66749710E+02
  792   0.10847774E+03
  793   0.28634864E+03
  794   0.42645026E+03
  795   0.87483859E+03
  796   0.85190784E+03
  797   0.59029448E+03
  798   0.45380117E+03
  799   0.46030208E+03
  800   0.53364099E+03
  801   0.50875370E+03
  802   0.38311999E+03
  803   0.26636748E+03
  804   0.19547560E+03
  805   0.19135668E+03
  806   0.33347528E+03
  807   0.43258484E+03
  808   0.44485364E+03
  809   0.34758399E+03
  810   0.24346537E+03
  811   0.17118599E+03
  812   0.12227161E+03
  813   0.97555090E+02
  814   0.79357400E+02
  815   0.68388650E+02
  816   0.58904740E+02
  817   0.51602470E+02
  818   0.45549690E+02
  819   0.38844290E+02
  820   0.33862290E+02
  821   0.34418310E+02
  822   0.44076890E+02
  823   0.55990040E+02
  824   0.55894050E+02
  825   0.81491200E+02
  826   0.19401960E+03
  827   0.26324047E+03
  828   0.33185634E+03
  829   0.37455313E+03
  830   0.33865099E+03
  831   0.33427543E+03
  832   0.28915035E+03
  833   0.20921036E+03
  834   0.14870393E+03
  835   0.11295245E+03
  836   0.92384310E+02
  837   0.90358050E+02
  838   0.10066585E+03
  839   0.19915714E+03
  840   0.48848849E+03
  841   0.72264026E+03
  842   0.10326868E+04
  843   0.10390910E+04
  844   0.74625125E+03
  845   0.53502354E+03
  846   0.40372161E+03
  847   0.32984787E+03
  848   0.27365072E+03
  849   0.21970407E+03
  850   0.16673514E+03
  851   0.12435822E+03
  852   0.92601190E+02
  853   0.69091420E+02
  854   0.66625550E+02
  855   0.71490940E+02
  856   0.82174130E+02
  857   0.73894590E+02
  858   0.55143040E+02
  859   0.42794930E+02
  860   0.34565200E+02
  861   0.29053000E+02
  862   0.98805400E+02
  863   0.64547616E+03
  864   0.81234611E+03
  865   0.61987026E+03
  866   0.50393780E+03
  867   0.68498633E+03
  868   0.10811844E+04
  869   0.95621610E+03
  870   0.64848989E+03
  871   0.40231103E+03
  872   0.27584018E+03
  873   0.53566346E+03
  874   0.78099972E+03
  875   0.53720068E+03
  876   0.36111399E+03
  877   0.25499091E+03
  878   0.25685553E+03
  879   0.10011475E+04
  880   0.98070248E+03
  881   0.84310337E+03
  882   0.10287589E+04
  883   0.10565750E+04
  884   0.76791378E+03
  885   0.65704128E+03
  886   0.55590146E+03
  887   0.58688596E+03
  888   0.54614240E+03
  889   0.36403005E+03
  890   0.25366975E+03
  891   0.25198488E+03
  892   0.29954759E+03
  893   0.33457949E+03
  894   0.28940778E+03
  895   0.22213456E+03
  896   0.16214949E+03
  897   0.12221024E+03
  898   0.10477648E+03
  899   0.97843590E+02
  900   0.88704740E+02
  901   0.79196820E+02
  902   0.79181120E+02
  903   0.95068160E+02
  904   0.15849600E+03
  905   0.30474890E+03
  906   0.38634020E+03
  907   0.40438475E+03
  908   0.63581576E+03
  909   0.91079056E+03
  910   0.19398029E+04
  911   0.22059164E+04
  912   0.13961196E+04
  913   0.87909946E+03
  914   0.69752881E+03
  915   0.42073095E+03
  916   0.27387545E+03
  917   0.23073882E+03
  918   0.19286482E+03
  919   0.14822801E+03
  920   0.10305804E+03
  921   0.70479420E+02
  922   0.50202490E+02
  923   0.36931310E+02
  924   0.27007860E+02
  925   0.20012420E+02
  926   0.18647620E+02
  927   0.51885960E+02
  928   0.65921650E+02
  929   0.72215450E+02
  930   0.53424380E+02
  931   0.34411410E+02
  932   0.20309410E+02
  933   0.11283640E+02
  934   0.84064000E+01
  935   0.10271350E+02
  936   0.12627480E+02
  937   0.25176280E+02
  938   0.33516200E+02
  939   0.35087920E+02
  940   0.43921400E+02
  941   0.35209120E+02
  942   0.11574013E+03
  943   0.10668090E+03
  944   0.11433271E+03
  945   0.13533199E+03
  946   0.26428543E+03
  947   0.71544675E+03
  948   0.46268159E+03
  949   0.33479047E+03
  950   0.26385510E+03
  951   0.19420689E+03
  952   0.15486705E+03
  953   0.22097927E+03
  954   0.28035879E+03
  955   0.25942636E+03
  956   0.21091897E+03
  957   0.16982786E+03
  958   0.11628302E+03
  959   0.78553460E+02
  960   0.65257380E+02
  961   0.67340490E+02
  962   0.82810330E+02
  963   0.12042933E+03
  964   0.83948420E+02
  965   0.64945140E+02
  966   0.98683360E+02
  967   0.16307149E+03
  968   0.12721460E+03
  969   0.10837205E+03
  970   0.10383438E+03
  971   0.85195190E+02
  972   0.70168670E+02
  973   0.51143670E+02
  974   0.51677310E+02
  975   0.99755190E+02
  976   0.11121974E+03
  977   0.91649140E+02
  978   0.76771810E+02
  979   0.59595570E+02
  980   0.46557280E+02
  981   0.39674060E+02
  982   0.45852370E+02
  983   0.66420010E+02
  984   0.18793184E+03
  985   0.23181158E+03
  986   0.23151770E+03
  987   0.18946154E+03
  988   0.13926398E+03
  989   0.10098436E+03
  990   0.75083070E+02
  991   0.55693090E+02
  992   0.42004060E+02
  993   0.32102430E+02
  994   0.24886870E+02
  995   0.18844250E+02
  996   0.13735180E+02
  997   0.10622400E+02
  998   0.85941900E+01
  999   0.72584700E+01
 1000   0.68482400E+01
 1001   0.72189600E+01
 1002   0.77355100E+01
 1003   0.72063400E+01
 1004   0.63122000E+01
 1005   0.62349100E+01
 1006   0.74856100E+01
 1007   0.10011500E+02
 1008   0.17169080E+02
 1009   0.37754970E+02
 1010   0.38849330E+02
 1011   0.33971370E+02
 1012   0.27863850E+02
 1013   0.22249870E+02
 1014   0.16703620E+02
 1015   0.12234830E+02
 1016   0.96771200E+01
 1017   0.79317400E+01
 1018   0.66075900E+01
 1019   0.55283200E+01
 1020   0.47753600E+01
 1021   0.40045800E+01
 1022   0.34910300E+01
 1023   0.31280200E+01
 1024   0.33563200E+01
 1025   0.72286630E+02
 1026   0.79180810E+02
 1027   0.71521340E+02
 1028   0.58560240E+02
 1029   0.46117330E+02
 1030   0.35178760E+02
 1031   0.27938180E+02
 1032   0.22018090E+02
 1033   0.16103360E+02
 1034   0.11765680E+02
 1035   0.94426600E+01
 1036   0.78352100E+01
 1037   0.65811500E+01
 1038   0.55840700E+01
 1039   0.48136200E+01
 1040   0.44155300E+01
 1041   0.41454900E+01
 1042   0.37163400E+01
 1043   0.33683700E+01
 1044   0.30331200E+01
 1045   0.27082700E+01
 1046   0.24119900E+01
 1047   0.21098900E+01
 1048   0.18362000E+01
 1049   0.16298000E+01
 1050   0.14487500E+01
 1051   0.13084800E+01
 1052   0.11979100E+01
 1053   0.11079700E+01
 1054   0.10304100E+01
 1055   0.95748000E+00
 1056   0.88540000E+00
 1057   0.84607000E+00
 1058   0.12815500E+01
 1059   0.23269300E+01
 1060   0.37711900E+01
 1061   0.42350500E+01
 1062   0.39121700E+01
 1063   0.51345800E+01
 1064   0.19334540E+02
 1065   0.29279010E+02
 1066   0.27398360E+02
 1067   0.23812910E+02
 1068   0.20865280E+02
 1069   0.18065810E+02
 1070   0.14479980E+02
 1071   0.11298580E+02
 1072   0.94244500E+01
 1073   0.85353200E+01
 1074   0.96758300E+01
 1075   0.22944880E+02
 1076   0.60747450E+02
 1077   0.60324350E+02
 1078   0.51300540E+02
 1079   0.40021040E+02
 1080   0.29740020E+02
 1081   0.21628350E+02
 1082   0.13351770E+02
 1083   0.92705100E+01
 1084   0.71496200E+01
 1085   0.57292800E+01
 1086   0.47101600E+01
 1087   0.39901800E+01
 1088   0.35887700E+01
 1089   0.36583400E+01
 1090   0.14705980E+02
 1091   0.30811167E+03
 1092   0.34524887E+03
 1093   0.26481885E+03
 1094   0.19233955E+03
 1095   0.13849407E+03
 1096   0.10072169E+03
 1097   0.74765410E+02
 1098   0.56675010E+02
 1099   0.43943240E+02
 1100   0.35887040E+02
 1101   0.34428970E+02
 1102   0.48250720E+02
 1103   0.15688364E+03
 1104   0.16237206E+03
 1105   0.12992537E+03
 1106   0.10093072E+03
 1107   0.78867700E+02
 1108   0.62074900E+02
 1109   0.48971130E+02
 1110   0.38855630E+02
 1111   0.32346790E+02
 1112   0.25016830E+02
 1113   0.20054840E+02
 1114   0.16676490E+02
 1115   0.12954550E+02
 1116   0.10367790E+02
 1117   0.86407600E+01
 1118   0.73744100E+01
 1119   0.63531500E+01
 1120   0.55378000E+01
 1121   0.48545200E+01
 1122   0.42934200E+01
 1123   0.37704500E+01
 1124   0.32725800E+01
 1125   0.29170400E+01
 1126   0.26436000E+01
 1127   0.24329300E+01
 1128   0.22190500E+01
 1129   0.19526600E+01
 1130   0.17348400E+01
 1131   0.15484400E+01
 1132   0.13798000E+01
 1133   0.12578700E+01
 1134   0.11603000E+01
 1135   0.10817900E+01
 1136   0.10123300E+01
 1137   0.94307000E+00
 1138   0.87009000E+00
 1139   0.79835000E+00
 1140   0.73398000E+00
 1141   0.67839000E+00
 1142   0.62979000E+00
 1143   0.58608000E+00
 1144   0.54621000E+00
 1145   0.51417000E+00
 1146   0.49610000E+00
 1147   0.77160000E+00
 1148   0.12170100E+01
 1149   0.71691100E+01
 1150   0.72413230E+02
 1151   0.13218403E+03
 1152   0.12536901E+03
 1153   0.10704335E+03
 1154   0.86391670E+02
 1155   0.66940620E+02
 1156   0.51962340E+02
 1157   0.40754030E+02
 1158   0.32296790E+02
 1159   0.25663960E+02
 1160   0.20054150E+02
 1161   0.14675680E+02
 1162   0.11215330E+02
 1163   0.90531000E+01
 1164   0.72043700E+01
 1165   0.60602000E+01
 1166   0.53526700E+01
 1167   0.46828400E+01
 1168   0.42632700E+01
 1169   0.39262300E+01
 1170   0.35787200E+01
 1171   0.32868400E+01
 1172   0.30047100E+01
 1173   0.42520000E+01
 1174   0.55398900E+01
 1175   0.68764200E+01
 1176   0.95552300E+01
 1177   0.12440200E+02
 1178   0.18720380E+02
 1179   0.17753647E+03
 1180   0.47906041E+03
 1181   0.56911334E+03
 1182   0.54832072E+03
 1183   0.47185000E+03
 1184   0.35178382E+03
 1185   0.24078251E+03
 1186   0.16629455E+03
 1187   0.11794571E+03
 1188   0.86143690E+02
 1189   0.64236830E+02
 1190   0.48769720E+02
 1191   0.37693400E+02
 1192   0.29238960E+02
 1193   0.22724640E+02
 1194   0.16120720E+02
 1195   0.11937660E+02
 1196   0.10173140E+02
 1197   0.13851910E+02
 1198   0.18474460E+02
 1199   0.31259960E+02
 1200   0.90039630E+02
 1201   0.46194005E+03
 1202   0.51012878E+03
 1203   0.40964892E+03
 1204   0.28946399E+03
 1205   0.19426135E+03
 1206   0.13392894E+03
 1207   0.95184970E+02
 1208   0.69515270E+02
 1209   0.52058880E+02
 1210   0.39408970E+02
 1211   0.30285870E+02
 1212   0.23352230E+02
 1213   0.20501040E+02
 1214   0.29334100E+02
 1215   0.62570490E+02
 1216   0.72072070E+02
 1217   0.49092180E+02
 1218   0.31811460E+02
 1219   0.22275760E+02
 1220   0.16189740E+02
 1221   0.11582030E+02
 1222   0.90467800E+01
 1223   0.74602600E+01
 1224   0.62856100E+01
 1225   0.63399800E+01
 1226   0.41081700E+02
 1227   0.13878234E+03
 1228   0.22595537E+03
 1229   0.25475451E+03
 1230   0.23146249E+03
 1231   0.18140360E+03
 1232   0.14730602E+03
 1233   0.17693704E+03
 1234   0.11234942E+04
 1235   0.95608694E+03
 1236   0.62009954E+03
 1237   0.67273655E+03
 1238   0.81015481E+03
 1239   0.10795481E+04
 1240   0.11625386E+04
 1241   0.79070548E+03
 1242   0.66694718E+03
 1243   0.80532732E+03
 1244   0.59815368E+03
 1245   0.35325915E+03
 1246   0.23663582E+03
 1247   0.21576969E+03
 1248   0.25573297E+03
 1249   0.23838956E+03
 1250   0.20719587E+03
 1251   0.16928605E+03
 1252   0.14510797E+03
 1253   0.11520556E+03
 1254   0.86415950E+02
 1255   0.64847320E+02
 1256   0.63613230E+02
 1257   0.14102009E+04
 1258   0.11557713E+04
 1259   0.69711348E+03
 1260   0.41877724E+03
 1261   0.25987746E+03
 1262   0.17146886E+03
 1263   0.11890665E+03
 1264   0.88215370E+02
 1265   0.66376600E+02
 1266   0.52286390E+02
 1267   0.81884210E+02
 1268   0.80618167E+03
 1269   0.12292283E+04
 1270   0.18764474E+04
 1271   0.19488968E+04
 1272   0.13242800E+04
 1273   0.11826686E+04
 1274   0.14531235E+04
 1275   0.17933759E+04
 1276   0.20050208E+04
 1277   0.19103279E+04
 1278   0.19277984E+04
 1279   0.12973817E+04
 1280   0.10417717E+04
 1281   0.84456352E+03
 1282   0.75498467E+03
 1283   0.89755402E+03
 1284   0.98136594E+03
 1285   0.98035851E+03
 1286   0.81456319E+03
 1287   0.66815386E+03
 1288   0.66445089E+03
 1289   0.83220287E+03
 1290   0.11668742E+04
 1291   0.14062977E+04
 1292   0.10874678E+04
 1293   0.77264847E+03
 1294   0.49884509E+03
 1295   0.34818854E+03
 1296   0.25790625E+03
 1297   0.18152642E+03
 1298   0.12394304E+03
 1299   0.89725980E+02
 1300   0.67435020E+02
 1301   0.51127830E+02
 1302   0.25519994E+03
 1303   0.34067949E+03
 1304   0.24929720E+03
 1305   0.20019922E+03
 1306   0.87472506E+03
 1307   0.96935518E+03
 1308   0.22923528E+04
 1309   0.37919667E+04
 1310   0.20929010E+04
 1311   0.97949054E+03
 1312   0.51078304E+03
 1313   0.29561991E+03
 1314   0.18714106E+03
 1315   0.12528398E+03
 1316   0.89389890E+02
 1317   0.85739700E+02
 1318   0.88783650E+02
 1319   0.66947050E+02
 1320   0.50767440E+02
 1321   0.41130690E+02
 1322   0.48743160E+02
 1323   0.28943464E+03
 1324   0.53147097E+03
 1325   0.43514575E+03
 1326   0.35199513E+03
 1327   0.24581925E+03
 1328   0.16441028E+03
 1329   0.11790210E+03
 1330   0.97281770E+02
 1331   0.14242669E+04
 1332   0.10363343E+04
 1333   0.60182455E+03
 1334   0.37446163E+03
 1335   0.26596045E+03
 1336   0.53472099E+03
 1337   0.14339830E+04
 1338   0.15001972E+04
 1339   0.28616323E+04
 1340   0.34826783E+04
 1341   0.15791981E+04
 1342   0.91913618E+03
 1343   0.92312786E+03
 1344   0.12010277E+04
 1345   0.86172239E+03
 1346   0.71794603E+03
 1347   0.55576452E+03
 1348   0.37162130E+03
 1349   0.23765809E+03
 1350   0.15013119E+03
 1351   0.10335390E+03
 1352   0.78938920E+02
 1353   0.60131930E+02
 1354   0.45633900E+02
 1355   0.36446030E+02
 1356   0.30102910E+02
 1357   0.24878110E+02
 1358   0.19806210E+02
 1359   0.16411230E+02
 1360   0.19041010E+02
 1361   0.38993870E+02
 1362   0.40146460E+02
 1363   0.34088790E+02
 1364   0.27427980E+02
 1365   0.21384490E+02
 1366   0.15191680E+02
 1367   0.11037920E+02
 1368   0.87771200E+01
 1369   0.69691700E+01
 1370   0.58060900E+01
 1371   0.50452100E+01
 1372   0.43378900E+01
 1373   0.37448500E+01
 1374   0.32732800E+01
 1375   0.29000600E+01
 1376   0.25755500E+01
 1377   0.23137900E+01
 1378   0.21155400E+01
 1379   0.19392600E+01
 1380   0.17754200E+01
 1381   0.16127300E+01
 1382   0.14533800E+01
 1383   0.13039300E+01
 1384   0.18130000E+01
 1385   0.23505300E+01
 1386   0.25753500E+01
 1387   0.34276225E+03
 1388   0.31098969E+03
 1389   0.21022027E+03
 1390   0.14290138E+03
 1391   0.10036469E+03
 1392   0.73056790E+02
 1393   0.54745280E+02
 1394   0.42098640E+02
 1395   0.33116250E+02
 1396   0.26909140E+02
 1397   0.20367280E+02
 1398   0.14729270E+02
 1399   0.20892892E+03
 1400   0.21210752E+03
 1401   0.15448794E+03
 1402   0.11146414E+03
 1403   0.82655880E+02
 1404   0.69159460E+02
 1405   0.62475560E+02
 1406   0.52961030E+02
 1407   0.45436500E+02
 1408   0.50230000E+02
 1409   0.92132534E+03
 1410   0.58887310E+03
 1411   0.38034459E+03
 1412   0.24624743E+03
 1413   0.16418380E+03
 1414   0.11402319E+03
 1415   0.82464570E+02
 1416   0.62106720E+02
 1417   0.48492640E+02
 1418   0.43709150E+02
 1419   0.57205130E+02
 1420   0.18662946E+03
 1421   0.21134764E+03
 1422   0.16318701E+03
 1423   0.12249281E+03
 1424   0.92393610E+02
 1425   0.69879270E+02
 1426   0.53596540E+02
 1427   0.41562290E+02
 1428   0.32411640E+02
 1429   0.25273360E+02
 1430   0.18432180E+02
 1431   0.16520170E+02
 1432   0.19636590E+02
 1433   0.26848870E+02
 1434   0.29135470E+02
 1435   0.26091020E+02
 1436   0.23225520E+02
 1437   0.20257710E+02
 1438   0.16373650E+02
 1439   0.12369130E+02
 1440   0.90355600E+01
 1441   0.73391800E+01
 1442   0.68593400E+01
 1443   0.67534200E+01
 1444   0.62318200E+01
 1445   0.54135000E+01
 1446   0.46632100E+01
 1447   0.39981500E+01
 1448   0.34208000E+01
 1449   0.29414900E+01
 1450   0.25551800E+01
 1451   0.21924200E+01
 1452   0.18457100E+01
 1453   0.16120200E+01
 1454   0.14012900E+01
 1455   0.12171600E+01
 1456   0.10541400E+01
 1457   0.92876000E+00
 1458   0.83100000E+00
 1459   0.75274000E+00
 1460   0.68820000E+00
 1461   0.65731000E+00
 1462   0.68043000E+00
 1463   0.12211400E+01
 1464   0.16479200E+01
 1465   0.19968300E+01
 1466   0.21737300E+01
 1467   0.22330200E+01
 1468   0.21038300E+01
 1469   0.18726000E+01
 1470   0.16538000E+01
 1471   0.14357600E+01
 1472   0.12316000E+01
 1473   0.10602400E+01
 1474   0.93478000E+00
 1475   0.83941000E+00
 1476   0.76421000E+00
 1477   0.70352000E+00
 1478   0.65347000E+00
 1479   0.61121000E+00
 1480   0.57484000E+00
 1481   0.54321000E+00
 1482   0.51556000E+00
 1483   0.49117000E+00
 1484   0.47892000E+00
 1485   0.56995000E+00
 1486   0.22749600E+01
 1487   0.11830690E+02
 1488   0.44614420E+02
 1489   0.75803060E+02
 1490   0.96186310E+02
 1491   0.10342677E+03
 1492   0.99371460E+02
 1493   0.84565430E+02
 1494   0.68701020E+02
 1495   0.56119860E+02
 1496   0.46499510E+02
 1497   0.49393290E+02
 1498   0.79249540E+02
 1499   0.12371621E+03
 1500   0.11570779E+03
 1501   0.97124980E+02
 1502   0.84142010E+02
 1503   0.75748200E+02
 1504   0.80533930E+02
 1505   0.19859241E+03
 1506   0.80827349E+03
 1507   0.93310632E+03
 1508   0.64931103E+03
 1509   0.40961709E+03
 1510   0.26423909E+03
 1511   0.17783101E+03
 1512   0.13124474E+03
 1513   0.10250700E+03
 1514   0.83822160E+02
 1515   0.66104430E+02
 1516   0.52932080E+02
 1517   0.43049640E+02
 1518   0.34728820E+02
 1519   0.27686100E+02
 1520   0.21789500E+02
 1521   0.16508970E+02
 1522   0.11954590E+02
 1523   0.97248700E+01
 1524   0.82600700E+01
 1525   0.69757100E+01
 1526   0.58350700E+01
 1527   0.50209800E+01
 1528   0.44338100E+01
 1529   0.39510700E+01
 1530   0.35342800E+01
 1531   0.31551900E+01
 1532   0.28343500E+01
 1533   0.25695700E+01
 1534   0.23247800E+01
 1535   0.21167900E+01
 1536   0.19030400E+01
 1537   0.17236600E+01
 1538   0.15560900E+01
 1539   0.13832800E+01
 1540   0.12388600E+01
 1541   0.11170100E+01
 1542   0.10272100E+01
 1543   0.96554000E+00
 1544   0.94651000E+00
 1545   0.99992000E+00
 1546   0.99800000E+00
 1547   0.92235000E+00
 1548   0.83582000E+00
 1549   0.76492000E+00
 1550   0.71343000E+00
 1551   0.68153000E+00
 1552   0.67328000E+00
 1553   0.69022000E+00
 1554   0.12407900E+01
 1555   0.85932700E+01
 1556   0.48410030E+02
 1557   0.84427470E+02
 1558   0.91088170E+02
 1559   0.83109560E+02
 1560   0.72932390E+02
 1561   0.69847700E+02
 1562   0.72040730E+02
 1563   0.86687140E+02
 1564   0.14584956E+03
 1565   0.27473872E+03
 1566   0.23890260E+03
 1567   0.16596799E+03
 1568   0.11311244E+03
 1569   0.79372580E+02
 1570   0.57611390E+02
 1571   0.42970980E+02
 1572   0.32845230E+02
 1573   0.25158400E+02
 1574   0.17990850E+02
 1575   0.13285250E+02
 1576   0.10758030E+02
 1577   0.99662600E+01
 1578   0.89929500E+01
 1579   0.76409700E+01
 1580   0.65462200E+01
 1581   0.55813200E+01
 1582   0.48068000E+01
 1583   0.41216000E+01
 1584   0.35471900E+01
 1585   0.10414230E+02
 1586   0.15883874E+04
 1587   0.12493182E+04
 1588   0.11445100E+04
 1589   0.13576103E+04
 1590   0.10172637E+04
 1591   0.73218912E+03
 1592   0.69194473E+03
 1593   0.60680362E+03
 1594   0.45764053E+03
 1595   0.32465274E+03
 1596   0.24306032E+03
 1597   0.19548019E+03
 1598   0.17293846E+03
 1599   0.21653599E+03
 1600   0.23600941E+03
 1601   0.19267948E+03
 1602   0.17810914E+03
 1603   0.17101017E+03
 1604   0.15006357E+03
 1605   0.12000298E+03
 1606   0.95548500E+02
 1607   0.76890760E+02
 1608   0.85118720E+02
 1609   0.43561385E+03
 1610   0.17493605E+04
 1611   0.15170596E+04
 1612   0.20421174E+04
 1613   0.45315940E+04
 1614   0.23632949E+04
 1615   0.16382478E+04
 1616   0.11899709E+04
 1617   0.11336316E+04
 1618   0.15903170E+04
 1619   0.13655463E+04
 1620   0.13569890E+04
 1621   0.11916192E+04
 1622   0.94796006E+03
 1623   0.77498723E+03
 1624   0.71540933E+03
 1625   0.61254413E+03
 1626   0.44099157E+03
 1627   0.43319053E+03
 1628   0.48859276E+03
 1629   0.14019509E+04
 1630   0.19419111E+04
 1631   0.19880034E+04
 1632   0.13748750E+04
 1633   0.72070342E+03
 1634   0.65167424E+03
 1635   0.27850237E+04
 1636   0.24031926E+04
 1637   0.14646638E+04
 1638   0.10172121E+04
 1639   0.10753710E+04
 1640   0.15760800E+04
 1641   0.11946090E+04
 1642   0.87174371E+03
 1643   0.69992417E+03
 1644   0.55302748E+03
 1645   0.51501616E+03
 1646   0.67478318E+03
 1647   0.82385774E+03
 1648   0.93760369E+03
 1649   0.88527691E+03
 1650   0.81156950E+03
 1651   0.14317991E+04
 1652   0.18889488E+04
 1653   0.13661420E+04
 1654   0.80558568E+03
 1655   0.57174736E+03
 1656   0.34126655E+03
 1657   0.21368022E+03
 1658   0.15668934E+03
 1659   0.20789988E+03
 1660   0.33350700E+03
 1661   0.88508852E+03
 1662   0.61258730E+03
 1663   0.31824988E+03
 1664   0.17617992E+03
 1665   0.11238007E+03
 1666   0.75436380E+02
 1667   0.52852560E+02
 1668   0.37507230E+02
 1669   0.30741910E+02
 1670   0.27818140E+02
 1671   0.31057740E+02
 1672   0.60514100E+02
 1673   0.30771705E+03
 1674   0.52518170E+03
 1675   0.62982811E+03
 1676   0.73553765E+03
 1677   0.75777995E+03
 1678   0.72067522E+03
 1679   0.59454672E+03
 1680   0.41810211E+03
 1681   0.27886451E+03
 1682   0.20719356E+03
 1683   0.18092418E+03
 1684   0.16191532E+03
 1685   0.12064811E+03
 1686   0.86247210E+02
 1687   0.64718230E+02
 1688   0.47822820E+02
 1689   0.35488750E+02
 1690   0.26532990E+02
 1691   0.20767070E+02
 1692   0.21630700E+02
 1693   0.52449560E+02
 1694   0.14564733E+03
 1695   0.10763799E+03
 1696   0.71455720E+02
 1697   0.62746210E+02
 1698   0.25823253E+04
 1699   0.26684296E+04
 1700   0.15384297E+04
 1701   0.89032693E+03
 1702   0.55493181E+03
 1703   0.33716394E+03
 1704   0.28367721E+03
 1705   0.24513293E+03
 1706   0.23678695E+03
 1707   0.24611556E+03
 1708   0.21551752E+03
 1709   0.16544703E+03
 1710   0.12671735E+03
 1711   0.20637894E+03
 1712   0.18156611E+03
 1713   0.13056377E+03
 1714   0.93601940E+02
 1715   0.68598680E+02
 1716   0.51343640E+02
 1717   0.38259230E+02
 1718   0.30085810E+02
 1719   0.23756920E+02
 1720   0.17905290E+02
 1721   0.12942220E+02
 1722   0.10178910E+02
 1723   0.83915700E+01
 1724   0.69930600E+01
 1725   0.58705200E+01
 1726   0.49823900E+01
 1727   0.42718800E+01
 1728   0.49211300E+01
 1729   0.99148300E+01
 1730   0.46968140E+02
 1731   0.39045093E+03
 1732   0.34503278E+03
 1733   0.23739577E+03
 1734   0.16238587E+03
 1735   0.11810176E+03
 1736   0.93052350E+02
 1737   0.78412410E+02
 1738   0.69627970E+02
 1739   0.60007010E+02
 1740   0.52188660E+02
 1741   0.56952750E+02
 1742   0.53911980E+02
 1743   0.44389630E+02
 1744   0.35378450E+02
 1745   0.27767920E+02
 1746   0.21415710E+02
 1747   0.14989190E+02
 1748   0.10575790E+02
 1749   0.84950800E+01
 1750   0.71217500E+01
 1751   0.60183700E+01
 1752   0.55191200E+01
 1753   0.46434700E+01
 1754   0.46212633E+03
 1755   0.45996995E+03
 1756   0.31469741E+03
 1757   0.20851943E+03
 1758   0.14336373E+03
 1759   0.10401772E+03
 1760   0.84480240E+02
 1761   0.72937340E+02
 1762   0.68588470E+02
 1763   0.86536920E+02
 1764   0.90291060E+02
 1765   0.97727060E+02
 1766   0.19817032E+03
 1767   0.40407685E+03
 1768   0.29800485E+03
 1769   0.20125615E+03
 1770   0.13778419E+03
 1771   0.97910750E+02
 1772   0.72091270E+02
 1773   0.54374350E+02
 1774   0.41916850E+02
 1775   0.32746880E+02
 1776   0.25590260E+02
 1777   0.19505500E+02
 1778   0.13755220E+02
 1779   0.10031510E+02
 1780   0.81170600E+01
 1781   0.68340400E+01
 1782   0.57263200E+01
 1783   0.48452300E+01
 1784   0.41587500E+01
 1785   0.36152200E+01
 1786   0.31725900E+01
 1787   0.32233300E+01
 1788   0.10256210E+02
 1789   0.48135790E+02
 1790   0.22950712E+03
 1791   0.18257866E+03
 1792   0.13733683E+03
 1793   0.10232458E+03
 1794   0.78154650E+02
 1795   0.62796730E+02
 1796   0.51506670E+02
 1797   0.40992560E+02
 1798   0.31707150E+02
 1799   0.23978740E+02
 1800   0.19979160E+02
 1801   0.23959210E+02
 1802   0.35832540E+02
 1803   0.36323050E+02
 1804   0.30363490E+02
 1805   0.24782390E+02
 1806   0.21932920E+02
 1807   0.22292050E+02
 1808   0.26659110E+02
 1809   0.26347850E+02
 1810   0.23570830E+02
 1811   0.21682030E+02
 1812   0.20070890E+02
 1813   0.18583730E+02
 1814   0.16058550E+02
 1815   0.13802000E+02
 1816   0.12293630E+02
 1817   0.10575250E+02
 1818   0.87504000E+01
 1819   0.82740600E+01
 1820   0.12495220E+02
 1821   0.23725670E+02
 1822   0.81499860E+02
 1823   0.10303131E+03
 1824   0.80784970E+02
 1825   0.61441040E+02
 1826   0.47757230E+02
 1827   0.38378980E+02
 1828   0.31467820E+02
 1829   0.25897170E+02
 1830   0.20361890E+02
 1831   0.16069070E+02
 1832   0.12671570E+02
 1833   0.10406750E+02
 1834   0.87541200E+01
 1835   0.75684600E+01
 1836   0.10927160E+02
 1837   0.71957820E+02
 1838   0.36417458E+03
 1839   0.40587205E+03
 1840   0.34819444E+03
 1841   0.25194798E+03
 1842   0.17511313E+03
 1843   0.12557124E+03
 1844   0.91932060E+02
 1845   0.68551210E+02
 1846   0.52302550E+02
 1847   0.40771380E+02
 1848   0.32235810E+02
 1849   0.25525290E+02
 1850   0.18627200E+02
 1851   0.13629030E+02
 1852   0.10730590E+02
 1853   0.87520300E+01
 1854   0.72639200E+01
 1855   0.61903300E+01
 1856   0.53827400E+01
 1857   0.47193100E+01
 1858   0.44827800E+01
 1859   0.79720500E+01
 1860   0.13847390E+02
 1861   0.18247580E+02
 1862   0.18268630E+02
 1863   0.15567630E+02
 1864   0.14277620E+02
 1865   0.13081800E+02
 1866   0.11156730E+02
 1867   0.93069700E+01
 1868   0.78458600E+01
 1869   0.65671500E+01
 1870   0.58674400E+01
 1871   0.49489200E+01
 1872   0.40889500E+01
 1873   0.35044800E+01
 1874   0.30934000E+01
 1875   0.27403300E+01
 1876   0.24082400E+01
 1877   0.20849400E+01
 1878   0.17999300E+01
 1879   0.16055900E+01
 1880   0.14293300E+01
 1881   0.12923400E+01
 1882   0.11831300E+01
 1883   0.18767700E+01
 1884   0.24525400E+01
 1885   0.15214200E+02
 1886   0.45876880E+02
 1887   0.58655930E+02
 1888   0.60527700E+02
 1889   0.51854550E+02
 1890   0.41540890E+02
 1891   0.33491940E+02
 1892   0.27885480E+02
 1893   0.26230270E+02
 1894   0.34109770E+02
 1895   0.63255740E+02
 1896   0.77582690E+02
 1897   0.77031120E+02
 1898   0.67572820E+02
 1899   0.55148320E+02
 1900   0.44193670E+02
 1901   0.34844570E+02
 1902   0.26844680E+02
 1903   0.22082620E+02
 1904   0.18052390E+02
 1905   0.14262120E+02
 1906   0.11902450E+02
 1907   0.10344860E+02
 1908   0.10699920E+02
 1909   0.12923050E+02
 1910   0.44867980E+02
 1911   0.24949225E+03
 1912   0.22594930E+03
 1913   0.17281104E+03
 1914   0.17468242E+03
 1915   0.21591841E+03
 1916   0.21250292E+03
 1917   0.18408453E+03
 1918   0.17645898E+03
 1919   0.17289511E+03
 1920   0.14714248E+03
 1921   0.11463515E+03
 1922   0.88773870E+02
 1923   0.69927620E+02
 1924   0.55039660E+02
 1925   0.43807310E+02
 1926   0.37182130E+02
 1927   0.34396710E+02
 1928   0.33951270E+02
 1929   0.36825940E+02
 1930   0.55620500E+02
 1931   0.92093250E+02
 1932   0.91760060E+02
 1933   0.75999120E+02
 1934   0.59504450E+02
 1935   0.47287100E+02
 1936   0.38808230E+02
 1937   0.32569080E+02
 1938   0.28747760E+02
 1939   0.28759870E+02
 1940   0.53986240E+02
 1941   0.11869278E+03
 1942   0.13947299E+03
 1943   0.11391624E+03
 1944   0.90309080E+02
 1945   0.73846640E+02
 1946   0.68537890E+02
 1947   0.74855180E+02
 1948   0.10831085E+03
 1949   0.18657257E+03
 1950   0.21742600E+03
 1951   0.17268828E+03
 1952   0.12178048E+03
 1953   0.84394420E+02
 1954   0.61387990E+02
 1955   0.45723380E+02
 1956   0.34994480E+02
 1957   0.27519070E+02
 1958   0.22699240E+02
 1959   0.18133290E+02
 1960   0.16140880E+02
 1961   0.18274290E+02
 1962   0.22280450E+02
 1963   0.42775010E+02
 1964   0.48651300E+02
 1965   0.45170960E+02
 1966   0.46760090E+02
 1967   0.55069200E+02
 1968   0.79476880E+02
 1969   0.14963369E+03
 1970   0.32541618E+03
 1971   0.60634092E+03
 1972   0.45923624E+03
 1973   0.31749674E+03
 1974   0.24692644E+03
 1975   0.24644019E+03
 1976   0.43940893E+03
 1977   0.42508032E+03
 1978   0.33992408E+03
 1979   0.26171941E+03
 1980   0.26237442E+03
 1981   0.73787499E+03
 1982   0.18358275E+04
 1983   0.21481788E+04
 1984   0.22121871E+04
 1985   0.21946480E+04
 1986   0.14962677E+04
 1987   0.97451056E+03
 1988   0.67918922E+03
 1989   0.55174775E+03
 1990   0.57389871E+03
 1991   0.79125244E+03
 1992   0.79502358E+03
 1993   0.61650363E+03
 1994   0.52959112E+03
 1995   0.42875078E+03
 1996   0.32462833E+03
 1997   0.24333140E+03
 1998   0.20590985E+03
 1999   0.24023688E+03
 2000   0.29775860E+03
 2001   0.36280740E+03
 2002   0.41628455E+03
 2003   0.35855433E+03
 2004   0.37077457E+03
 2005   0.52693101E+03
 2006   0.37229773E+03
 2007   0.24590042E+03
 2008   0.22320461E+03
 2009   0.63221849E+03
 2010   0.11061068E+04
 2011   0.78637167E+03
 2012   0.90965415E+03
 2013   0.68300525E+03
 2014   0.48445550E+03
 2015   0.78953272E+03
 2016   0.48927847E+04
 2017   0.50030423E+04
 2018   0.38499496E+04
 2019   0.25096207E+04
 2020   0.16790424E+04
 2021   0.11125187E+04
 2022   0.69995949E+03
 2023   0.44304574E+03
 2024   0.30615257E+03
 2025   0.22267021E+03
 2026   0.16369204E+03
 2027   0.11648357E+03
 2028   0.85004940E+02
 2029   0.65089720E+02
 2030   0.53189550E+02
 2031   0.42506940E+02
 2032   0.47622060E+02
 2033   0.24161706E+04
 2034   0.13103376E+04
 2035   0.75844964E+03
 2036   0.60764982E+03
 2037   0.43118959E+03
 2038   0.29579497E+03
 2039   0.19292492E+03
 2040   0.13322719E+03
 2041   0.12747463E+03
 2042   0.24839897E+04
 2043   0.28431692E+04
 2044   0.13549542E+04
 2045   0.68476952E+03
 2046   0.42932948E+03
 2047   0.37986942E+03
 2048   0.85838679E+03
 2049   0.73971412E+03
 2050   0.47082308E+03
 2051   0.41236818E+03
 2052   0.20108052E+04
 2053   0.14186075E+04
 2054   0.91910172E+03
 2055   0.45775544E+03
 2056   0.25699808E+03
 2057   0.16312407E+03
 2058   0.11452279E+03
 2059   0.85345040E+02
 2060   0.60807580E+02
 2061   0.44277890E+02
 2062   0.33472900E+02
 2063   0.26690170E+02
 2064   0.23031649E+03
 2065   0.35553425E+03
 2066   0.34446215E+03
 2067   0.24989188E+03
 2068   0.18555711E+03
 2069   0.16968379E+03
 2070   0.16213394E+03
 2071   0.14753015E+03
 2072   0.16580826E+04
 2073   0.10814099E+04
 2074   0.76915582E+03
 2075   0.62571245E+03
 2076   0.42397415E+03
 2077   0.12906154E+04
 2078   0.93625650E+03
 2079   0.53613267E+03
 2080   0.48456795E+03
 2081   0.91949358E+03
 2082   0.77423914E+03
 2083   0.56444506E+03
 2084   0.51520563E+03
 2085   0.57074448E+03
 2086   0.63357011E+03
 2087   0.44583751E+03
 2088   0.28281977E+03
 2089   0.18042753E+03
 2090   0.13510399E+03
 2091   0.11026892E+03
 2092   0.84894800E+02
 2093   0.76764300E+02
 2094   0.13298746E+03
 2095   0.10778670E+04
 2096   0.11740703E+04
 2097   0.80060768E+03
 2098   0.46503187E+03
 2099   0.28280135E+03
 2100   0.26353290E+03
 2101   0.17215174E+04
 2102   0.11360907E+04
 2103   0.65448217E+03
 2104   0.38739684E+03
 2105   0.23887724E+03
 2106   0.15532031E+03
 2107   0.10622059E+03
 2108   0.75552980E+02
 2109   0.55304450E+02
 2110   0.41932600E+02
 2111   0.32465150E+02
 2112   0.25251010E+02
 2113   0.19075140E+02
 2114   0.13552290E+02
 2115   0.10320220E+02
 2116   0.82957100E+01
 2117   0.66278300E+01
 2118   0.60186100E+01
 2119   0.21427560E+02
 2120   0.16112958E+04
 2121   0.80997777E+03
 2122   0.43422533E+03
 2123   0.25801833E+03
 2124   0.16644216E+03
 2125   0.11293507E+03
 2126   0.79005170E+02
 2127   0.59066270E+02
 2128   0.47127180E+02
 2129   0.40340040E+02
 2130   0.32738352E+03
 2131   0.39102408E+03
 2132   0.27900421E+03
 2133   0.18850591E+03
 2134   0.13020872E+03
 2135   0.92922780E+02
 2136   0.67846070E+02
 2137   0.50281130E+02
 2138   0.39497150E+02
 2139   0.30991820E+02
 2140   0.25450960E+02
 2141   0.47595040E+02
 2142   0.74407770E+02
 2143   0.73244470E+02
 2144   0.60512730E+02
 2145   0.48075010E+02
 2146   0.37995170E+02
 2147   0.30429230E+02
 2148   0.24961650E+02
 2149   0.22036060E+02
 2150   0.18194830E+02
 2151   0.13688400E+02
 2152   0.10820880E+02
 2153   0.89685200E+01
 2154   0.76895200E+01
 2155   0.67609200E+01
 2156   0.61386400E+01
 2157   0.67545000E+01
 2158   0.77469100E+01
 2159   0.11362440E+02
 2160   0.16145040E+02
 2161   0.21394540E+02
 2162   0.25519610E+02
 2163   0.22426330E+02
 2164   0.16230810E+02
 2165   0.11134800E+02
 2166   0.83769400E+01
 2167   0.66190900E+01
 2168   0.52755000E+01
 2169   0.43520600E+01
 2170   0.37606500E+01
 2171   0.33215300E+01
 2172   0.29752600E+01
 2173   0.27063300E+01
 2174   0.24997900E+01
 2175   0.23007700E+01
 2176   0.20635500E+01
 2177   0.18356300E+01
 2178   0.16385200E+01
 2179   0.14589600E+01
 2180   0.13150200E+01
 2181   0.11950900E+01
 2182   0.10870000E+01
 2183   0.10056900E+01
 2184   0.12223000E+01
 2185   0.50986500E+01
 2186   0.34128150E+02
 2187   0.15668893E+03
 2188   0.21305049E+03
 2189   0.18784193E+03
 2190   0.15334988E+03
 2191   0.11864377E+03
 2192   0.89559450E+02
 2193   0.67868330E+02
 2194   0.52083350E+02
 2195   0.40775260E+02
 2196   0.32267120E+02
 2197   0.25584320E+02
 2198   0.19672900E+02
 2199   0.13705250E+02
 2200   0.10641750E+02
 2201   0.87053300E+01
 2202   0.72818000E+01
 2203   0.61380400E+01
 2204   0.52746900E+01
 2205   0.46522400E+01
 2206   0.41501400E+01
 2207   0.37457400E+01
 2208   0.33167400E+01
 2209   0.29595800E+01
 2210   0.26482100E+01
 2211   0.24199000E+01
 2212   0.22128500E+01
 2213   0.19816400E+01
 2214   0.17733700E+01
 2215   0.15923100E+01
 2216   0.14076800E+01
 2217   0.12543800E+01
 2218   0.11225300E+01
 2219   0.10208600E+01
 2220   0.93713000E+00
 2221   0.86440000E+00
 2222   0.79972000E+00
 2223   0.11721500E+01
 2224   0.10111880E+02
 2225   0.16353358E+03
 2226   0.20738070E+03
 2227   0.16526622E+03
 2228   0.12027206E+03
 2229   0.86726000E+02
 2230   0.64486200E+02
 2231   0.50157960E+02
 2232   0.39326820E+02
 2233   0.31614100E+02
 2234   0.26372020E+02
 2235   0.21598500E+02
 2236   0.16646070E+02
 2237   0.12600610E+02
 2238   0.10101420E+02
 2239   0.82792300E+01
 2240   0.66655100E+01
 2241   0.55477700E+01
 2242   0.48348900E+01
 2243   0.42443100E+01
 2244   0.37182200E+01
 2245   0.32664700E+01
 2246   0.28844000E+01
 2247   0.25965900E+01
 2248   0.23890400E+01
 2249   0.21711900E+01
 2250   0.19322300E+01
 2251   0.17344100E+01
 2252   0.15623700E+01
 2253   0.14021000E+01
 2254   0.12620200E+01
 2255   0.11442100E+01
 2256   0.12260600E+01
 2257   0.15331700E+01
 2258   0.18660200E+01
 2259   0.22067400E+01
 2260   0.24723600E+01
 2261   0.25050200E+01
 2262   0.23605100E+01
 2263   0.21521500E+01
 2264   0.19250800E+01
 2265   0.17597600E+01
 2266   0.16260600E+01
 2267   0.15020000E+01
 2268   0.14199800E+01
 2269   0.14124200E+01
 2270   0.16284100E+01
 2271   0.38015000E+01
 2272   0.25601067E+03
 2273   0.11852441E+04
 2274   0.87188891E+03
 2275   0.54095395E+03
 2276   0.33019588E+03
 2277   0.21250656E+03
 2278   0.14402520E+03
 2279   0.10134019E+03
 2280   0.73397990E+02
 2281   0.68187710E+02
 2282   0.23382357E+03
 2283   0.50586087E+03
 2284   0.45794844E+03
 2285   0.47629815E+03
 2286   0.82255380E+03
 2287   0.70313210E+03
 2288   0.44118360E+03
 2289   0.27942778E+03
 2290   0.18390119E+03
 2291   0.16187251E+03
 2292   0.22165874E+03
 2293   0.26076956E+03
 2294   0.21417815E+03
 2295   0.14814651E+03
 2296   0.10503319E+03
 2297   0.78330820E+02
 2298   0.60954610E+02
 2299   0.47040140E+02
 2300   0.36500960E+02
 2301   0.31009160E+02
 2302   0.27053100E+02
 2303   0.25279790E+02
 2304   0.22292920E+02
 2305   0.20601980E+02
 2306   0.29577100E+02
 2307   0.46044470E+02
 2308   0.49537290E+02
 2309   0.42314980E+02
 2310   0.33281170E+02
 2311   0.25282050E+02
 2312   0.17253920E+02
 2313   0.11482660E+02
 2314   0.87608800E+01
 2315   0.68773700E+01
 2316   0.60169800E+01
 2317   0.60219700E+01
 2318   0.83240700E+01
 2319   0.11499600E+02
 2320   0.13641420E+02
 2321   0.13911770E+02
 2322   0.11581790E+02
 2323   0.93432200E+01
 2324   0.80228800E+01
 2325   0.26180390E+02
 2326   0.12034768E+03
 2327   0.16396256E+03
 2328   0.18415374E+03
 2329   0.22198945E+03
 2330   0.24979087E+03
 2331   0.21385757E+03
 2332   0.18675162E+03
 2333   0.27237974E+03
 2334   0.41211306E+03
 2335   0.33078163E+03
 2336   0.23209165E+03
 2337   0.15151511E+03
 2338   0.99553770E+02
 2339   0.68205330E+02
 2340   0.49281520E+02
 2341   0.38238200E+02
 2342   0.30740940E+02
 2343   0.28428570E+02
 2344   0.25542750E+02
 2345   0.21759650E+02
 2346   0.19244800E+02
 2347   0.16217790E+02
 2348   0.11628140E+02
 2349   0.87658800E+01
 2350   0.31105660E+02
 2351   0.17597114E+04
 2352   0.17356017E+04
 2353   0.10208901E+04
 2354   0.66178358E+03
 2355   0.43999926E+03
 2356   0.29634299E+03
 2357   0.20326966E+03
 2358   0.14345219E+03
 2359   0.12687338E+03
 2360   0.18571266E+03
 2361   0.22958387E+03
 2362   0.18730238E+03
 2363   0.17466737E+03
 2364   0.17136209E+04
 2365   0.21014324E+04
 2366   0.19064410E+04
 2367   0.17804766E+04
 2368   0.20788333E+04
 2369   0.18246667E+04
 2370   0.11268415E+04
 2371   0.65165218E+03
 2372   0.43375942E+03
 2373   0.10254881E+04
 2374   0.52900313E+04
 2375   0.38364580E+04
 2376   0.19951236E+04
 2377   0.12421985E+04
 2378   0.12997498E+04
 2379   0.16060684E+04
 2380   0.12851719E+04
 2381   0.77975298E+03
 2382   0.48776664E+03
 2383   0.38419428E+03
 2384   0.41173675E+03
 2385   0.47356942E+03
 2386   0.36705964E+03
 2387   0.24688629E+03
 2388   0.17412369E+03
 2389   0.13145742E+03
 2390   0.10368134E+03
 2391   0.81768860E+02
 2392   0.64012030E+02
 2393   0.75200860E+02
 2394   0.80390510E+02
 2395   0.72369560E+02
 2396   0.62993840E+02
 2397   0.50659320E+02
 2398   0.35157220E+02
 2399   0.25833570E+02
 2400   0.22916150E+02
 2401   0.20061120E+02
 2402   0.16882760E+02
 2403   0.16744750E+02
 2404   0.53826221E+03
 2405   0.49656659E+03
 2406   0.35510919E+03
 2407   0.26193806E+03
 2408   0.20599520E+03
 2409   0.13799080E+03
 2410   0.10070685E+03
 2411   0.96330870E+02
 2412   0.11446527E+04
 2413   0.32440334E+04
 2414   0.21871414E+04
 2415   0.99255861E+03
 2416   0.60159447E+03
 2417   0.77655625E+03
 2418   0.10783626E+04
 2419   0.14173727E+04
 2420   0.98945432E+03
 2421   0.65726079E+03
 2422   0.39015859E+03
 2423   0.24232695E+03
 2424   0.20107618E+03
 2425   0.65628559E+03
 2426   0.33190577E+04
 2427   0.17704451E+04
 2428   0.84721676E+03
 2429   0.51966542E+03
 2430   0.66962595E+03
 2431   0.21738746E+04
 2432   0.77910186E+04
 2433   0.35703357E+04
 2434   0.14768385E+04
 2435   0.70832910E+03
 2436   0.39103409E+03
 2437   0.23521629E+03
 2438   0.15225924E+03
 2439   0.10431800E+03
 2440   0.84852480E+02
 2441   0.94194680E+02
 2442   0.97188583E+03
 2443   0.66271147E+03
 2444   0.39041610E+03
 2445   0.24064123E+03
 2446   0.16030141E+03
 2447   0.11527528E+03
 2448   0.15806530E+04
 2449   0.88202581E+03
 2450   0.48910462E+03
 2451   0.29363073E+03
 2452   0.18988067E+03
 2453   0.12982629E+03
 2454   0.92687760E+02
 2455   0.93562950E+02
 2456   0.24300399E+03
 2457   0.18576917E+03
 2458   0.26763947E+03
 2459   0.22741045E+03
 2460   0.17282149E+03
 2461   0.14461609E+03
 2462   0.11550794E+03
 2463   0.87825100E+02
 2464   0.65819530E+02
 2465   0.49356480E+02
 2466   0.39261530E+02
 2467   0.32739960E+02
 2468   0.28310430E+02
 2469   0.27678645E+03
 2470   0.26307030E+03
 2471   0.19380225E+03
 2472   0.13939183E+03
 2473   0.10019849E+03
 2474   0.73266780E+02
 2475   0.53891460E+02
 2476   0.40486180E+02
 2477   0.31752240E+02
 2478   0.24644040E+02
 2479   0.18382820E+02
 2480   0.12970330E+02
 2481   0.99748200E+01
 2482   0.80505200E+01
 2483   0.66373300E+01
 2484   0.59942800E+01
 2485   0.49430500E+01
 2486   0.81067800E+01
 2487   0.23899427E+03
 2488   0.43810506E+03
 2489   0.34595840E+03
 2490   0.23834014E+03
 2491   0.16363271E+03
 2492   0.11558779E+03
 2493   0.83781810E+02
 2494   0.62290150E+02
 2495   0.46884570E+02
 2496   0.35007240E+02
 2497   0.27392580E+02
 2498   0.21391960E+02
 2499   0.15357050E+02
 2500   0.11270720E+02
 2501   0.89869600E+01
 2502   0.74189500E+01
 2503   0.61638200E+01
 2504   0.51886900E+01
 2505   0.44359100E+01
 2506   0.37976300E+01
 2507   0.32553900E+01
 2508   0.28849500E+01
 2509   0.26231400E+01
 2510   0.23801600E+01
 2511   0.21543000E+01
 2512   0.19139000E+01
 2513   0.17065100E+01
 2514   0.15162700E+01
 2515   0.13425400E+01
 2516   0.12017200E+01
 2517   0.10899600E+01
 2518   0.10033300E+01
 2519   0.93888000E+00
 2520   0.89755000E+00
 2521   0.87394000E+00
 2522   0.85530000E+00
 2523   0.83520000E+00
 2524   0.81416000E+00
 2525   0.79246000E+00
 2526   0.76931000E+00
 2527   0.74367000E+00
 2528   0.71484000E+00
 2529   0.68751000E+00
 2530   0.67712000E+00
 2531   0.65784000E+00
 2532   0.64393000E+00
 2533   0.10253100E+01
 2534   0.17441500E+01
 2535   0.41029600E+01
 2536   0.60500100E+01
 2537   0.53769500E+01
 2538   0.43672400E+01
 2539   0.36382200E+01
 2540   0.30954300E+01
 2541   0.26512300E+01
 2542   0.22489000E+01
 2543   0.19143400E+01
 2544   0.31073800E+01
 2545   0.48208080E+02
 2546   0.19554213E+03
 2547   0.19763335E+03
 2548   0.13171669E+03
 2549   0.89316220E+02
 2550   0.66357380E+02
 2551   0.50819540E+02
 2552   0.39640210E+02
 2553   0.31120210E+02
 2554   0.24531810E+02
 2555   0.19134660E+02
 2556   0.14515090E+02
 2557   0.11410280E+02
 2558   0.88825300E+01
 2559   0.74644700E+01
 2560   0.64335600E+01
 2561   0.54402900E+01
 2562   0.48019600E+01
 2563   0.52488000E+01
 2564   0.70334600E+01
 2565   0.13514950E+02
 2566   0.20360520E+02
 2567   0.24229300E+02
 2568   0.20725700E+02
 2569   0.17980900E+02
 2570   0.16544080E+02
 2571   0.13711980E+02
 2572   0.10668670E+02
 2573   0.84473400E+01
 2574   0.69028000E+01
 2575   0.57138300E+01
 2576   0.48203300E+01
 2577   0.42677700E+01
 2578   0.40054300E+01
 2579   0.46826300E+01
 2580   0.51033100E+01
 2581   0.66582500E+01
 2582   0.11512140E+02
 2583   0.24445350E+02
 2584   0.54758240E+02
 2585   0.67350170E+02
 2586   0.60715530E+02
 2587   0.50474060E+02
 2588   0.40230980E+02
 2589   0.40044290E+02
 2590   0.57533060E+02
 2591   0.24070171E+03
 2592   0.48655666E+03
 2593   0.38106299E+03
 2594   0.26443460E+03
 2595   0.19250948E+03
 2596   0.14805155E+03
 2597   0.11905702E+03
 2598   0.89701430E+02
 2599   0.69060010E+02
 2600   0.58115610E+02
 2601   0.47883870E+02
 2602   0.41998750E+02
 2603   0.41412680E+02
 2604   0.50272330E+02
 2605   0.57669530E+02
 2606   0.55854820E+02
 2607   0.48129340E+02
 2608   0.39700040E+02
 2609   0.49974280E+02
 2610   0.18584313E+03
 2611   0.28112962E+03
 2612   0.20384424E+03
 2613   0.14717529E+03
 2614   0.11229353E+03
 2615   0.87124480E+02
 2616   0.67886090E+02
 2617   0.53553910E+02
 2618   0.42213120E+02
 2619   0.32221850E+02
 2620   0.25933830E+02
 2621   0.21141750E+02
 2622   0.16441570E+02
 2623   0.12933180E+02
 2624   0.11329410E+02
 2625   0.11135090E+02
 2626   0.13030860E+02
 2627   0.19697540E+02
 2628   0.13178743E+03
 2629   0.15209349E+03
 2630   0.13046193E+03
 2631   0.10532303E+03
 2632   0.83759340E+02
 2633   0.66402090E+02
 2634   0.52458970E+02
 2635   0.41701690E+02
 2636   0.33319970E+02
 2637   0.26625140E+02
 2638   0.20996440E+02
 2639   0.15627630E+02
 2640   0.11144170E+02
 2641   0.92604600E+01
 2642   0.95190400E+01
 2643   0.89680500E+01
 2644   0.10710510E+02
 2645   0.15990440E+02
 2646   0.24287470E+02
 2647   0.27251430E+02
 2648   0.25439500E+02
 2649   0.24089630E+02
 2650   0.22856480E+02
 2651   0.24262810E+02
 2652   0.26033160E+02
 2653   0.28020140E+02
 2654   0.27474450E+02
 2655   0.24890990E+02
 2656   0.21845160E+02
 2657   0.21599580E+02
 2658   0.36077020E+02
 2659   0.17723677E+03
 2660   0.23969110E+03
 2661   0.21536942E+03
 2662   0.17584914E+03
 2663   0.14593666E+03
 2664   0.11765352E+03
 2665   0.97475810E+02
 2666   0.82551070E+02
 2667   0.67735940E+02
 2668   0.54720990E+02
 2669   0.42618960E+02
 2670   0.32002470E+02
 2671   0.25412360E+02
 2672   0.21154240E+02
 2673   0.22538330E+02
 2674   0.32134490E+02
 2675   0.43701030E+02
 2676   0.42018880E+02
 2677   0.43150600E+02
 2678   0.58320860E+02
 2679   0.11460152E+03
 2680   0.29504909E+03
 2681   0.42831585E+03
 2682   0.30957279E+03
 2683   0.20415804E+03
 2684   0.20067429E+03
 2685   0.36055020E+03
 2686   0.46406680E+03
 2687   0.36263964E+03
 2688   0.29166944E+03
 2689   0.27611372E+03
 2690   0.21261755E+03
 2691   0.15959375E+03
 2692   0.11695271E+03
 2693   0.84772690E+02
 2694   0.64465920E+02
 2695   0.52845270E+02
 2696   0.46876040E+02
 2697   0.50959170E+02
 2698   0.10483683E+03
 2699   0.26987705E+03
 2700   0.25457783E+03
 2701   0.36208857E+03
 2702   0.79881834E+03
 2703   0.54197863E+03
 2704   0.36933181E+03
 2705   0.27804191E+03
 2706   0.21919334E+03
 2707   0.18845848E+03
 2708   0.17525105E+03
 2709   0.23682356E+03
 2710   0.56863447E+03
 2711   0.10412145E+04
 2712   0.20461086E+04
 2713   0.23304270E+04
 2714   0.18080843E+04
 2715   0.11817761E+04
 2716   0.94233788E+03
 2717   0.12266396E+04
 2718   0.91577384E+03
 2719   0.13252241E+04
 2720   0.23778446E+04
 2721   0.31581701E+04
 2722   0.18226808E+04
 2723   0.17529985E+04
 2724   0.51159013E+04
 2725   0.34303024E+04
 2726   0.14607265E+04
 2727   0.75801688E+03
 2728   0.76169871E+03
 2729   0.16619125E+04
 2730   0.14162519E+04
 2731   0.95987809E+03
 2732   0.90291279E+03
 2733   0.11137818E+04
 2734   0.12084137E+04
 2735   0.13581302E+04
 2736   0.17953619E+04
 2737   0.13850965E+04
 2738   0.29919011E+04
 2739   0.19539543E+04
 2740   0.25242706E+04
 2741   0.20884142E+04
 2742   0.11051990E+04
 2743   0.57130618E+03
 2744   0.32945960E+03
 2745   0.34425080E+03
 2746   0.61602906E+04
 2747   0.25773857E+04
 2748   0.22418694E+04
 2749   0.17179183E+04
 2750   0.13467970E+04
 2751   0.97998610E+03
 2752   0.10042700E+04
 2753   0.80223059E+03
 2754   0.41700066E+03
 2755   0.24128594E+03
 2756   0.14969950E+03
 2757   0.10089483E+03
 2758   0.72042200E+02
 2759   0.55238910E+02
 2760   0.43749740E+02
 2761   0.39680570E+02
 2762   0.39069680E+02
 2763   0.49514210E+02
 2764   0.70272560E+02
 2765   0.22821958E+03
 2766   0.19315617E+03
 2767   0.18871833E+03
 2768   0.35219953E+03
 2769   0.42199628E+03
 2770   0.31771647E+03
 2771   0.21539425E+03
 2772   0.15179966E+03
 2773   0.93603230E+02
 2774   0.67522040E+02
 2775   0.56061720E+02
 2776   0.47976890E+02
 2777   0.76036930E+02
 2778   0.11056369E+03
 2779   0.16055881E+03
 2780   0.17335872E+03
 2781   0.17047273E+03
 2782   0.12814992E+03
 2783   0.90742990E+02
 2784   0.75892740E+02
 2785   0.77863900E+02
 2786   0.95798730E+02
 2787   0.15472324E+03
 2788   0.28391298E+03
 2789   0.50622653E+03
 2790   0.56001570E+03
 2791   0.37396450E+03
 2792   0.21339220E+03
 2793   0.13145327E+03
 2794   0.82224440E+02
 2795   0.55538800E+02
 2796   0.55260560E+02
 2797   0.46603720E+02
 2798   0.38337740E+02
 2799   0.31600510E+02
 2800   0.26089980E+02
 2801   0.29126850E+02
 2802   0.40682204E+04
 2803   0.25134836E+04
 2804   0.12020583E+04
 2805   0.67204977E+03
 2806   0.39710628E+03
 2807   0.24728998E+03
 2808   0.16329534E+03
 2809   0.12028881E+03
 2810   0.87282850E+02
 2811   0.66324370E+02
 2812   0.48751500E+02
 2813   0.37034620E+02
 2814   0.29447400E+02
 2815   0.28829602E+04
 2816   0.15319644E+04
 2817   0.75435435E+03
 2818   0.41124768E+03
 2819   0.25050179E+03
 2820   0.16877441E+03
 2821   0.12220803E+03
 2822   0.97716540E+02
 2823   0.89110620E+02
 2824   0.50463300E+03
 2825   0.91653178E+03
 2826   0.76159693E+03
 2827   0.63544024E+03
 2828   0.38321079E+03
 2829   0.23731546E+03
 2830   0.15673354E+03
 2831   0.10836375E+03
 2832   0.78143190E+02
 2833   0.57646740E+02
 2834   0.42782780E+02
 2835   0.33754860E+02
 2836   0.27471830E+02
 2837   0.23988060E+02
 2838   0.25698820E+02
 2839   0.26645090E+02
 2840   0.23970040E+02
 2841   0.20315110E+02
 2842   0.16387890E+02
 2843   0.12871980E+02
 2844   0.10631770E+02
 2845   0.85650700E+01
 2846   0.72998800E+01
 2847   0.63182100E+01
 2848   0.54056100E+01
 2849   0.48599800E+01
 2850   0.47146800E+01
 2851   0.53467990E+02
 2852   0.10365824E+04
 2853   0.80607713E+03
 2854   0.46411450E+03
 2855   0.27807058E+03
 2856   0.17896892E+03
 2857   0.12189913E+03
 2858   0.86915650E+02
 2859   0.64215450E+02
 2860   0.48591740E+02
 2861   0.37553600E+02
 2862   0.29228840E+02
 2863   0.22772880E+02
 2864   0.16659390E+02
 2865   0.11621770E+02
 2866   0.92357100E+01
 2867   0.77510400E+01
 2868   0.66024600E+01
 2869   0.56371700E+01
 2870   0.48666000E+01
 2871   0.42877300E+01
 2872   0.37748800E+01
 2873   0.33738300E+01
 2874   0.30126700E+01
 2875   0.27058300E+01
 2876   0.24329700E+01
 2877   0.22220800E+01
 2878   0.20436400E+01
 2879   0.18647900E+01
 2880   0.24424500E+01
 2881   0.39242500E+01
 2882   0.10278283E+03
 2883   0.46912088E+03
 2884   0.32151414E+03
 2885   0.20829742E+03
 2886   0.14276322E+03
 2887   0.10096485E+03
 2888   0.73379180E+02
 2889   0.55010920E+02
 2890   0.42196430E+02
 2891   0.32953160E+02
 2892   0.26023500E+02
 2893   0.20161010E+02
 2894   0.14626730E+02
 2895   0.11081680E+02
 2896   0.85331600E+01
 2897   0.70389200E+01
 2898   0.60339100E+01
 2899   0.51993500E+01
 2900   0.45149500E+01
 2901   0.39306700E+01
 2902   0.34950300E+01
 2903   0.30837600E+01
 2904   0.27635500E+01
 2905   0.24972900E+01
 2906   0.22677600E+01
 2907   0.20462700E+01
 2908   0.18649600E+01
 2909   0.17193900E+01
 2910   0.15854200E+01
 2911   0.14482000E+01
 2912   0.13345900E+01
 2913   0.12442100E+01
 2914   0.11700900E+01
 2915   0.10998600E+01
 2916   0.10291100E+01
 2917   0.96019000E+00
 2918   0.89573000E+00
 2919   0.83656000E+00
 2920   0.78190000E+00
 2921   0.73043000E+00
 2922   0.68204000E+00
 2923   0.63763000E+00
 2924   0.59752000E+00
 2925   0.56136000E+00
 2926   0.52869000E+00
 2927   0.49913000E+00
 2928   0.47228000E+00
 2929   0.44769000E+00
 2930   0.42491000E+00
 2931   0.40359000E+00
 2932   0.38348000E+00
 2933   0.36442000E+00
 2934   0.34633000E+00
 2935   0.32916000E+00
 2936   0.31289000E+00
 2937   0.29750000E+00
 2938   0.28297000E+00
 2939   0.26927000E+00
 2940   0.25637000E+00
 2941   0.24424000E+00
 2942   0.23287000E+00
 2943   0.22352000E+00
 2944   0.22009000E+00
 2945   0.22153000E+00
 2946   0.22180000E+00
 2947   0.21883000E+00
 2948   0.29522000E+00
 2949   0.26747000E+00
 2950   0.70888000E+00
 2951   0.18462900E+01
 2952   0.24324800E+01
 2953   0.29471800E+01
 2954   0.12633110E+02
 2955   0.39644000E+02
 2956   0.50147840E+02
 2957   0.42619540E+02
 2958   0.41745100E+02
 2959   0.54077240E+02
 2960   0.67668070E+02
 2961   0.10211040E+03
 2962   0.17306208E+03
 2963   0.25307705E+03
 2964   0.35443463E+03
 2965   0.33925352E+03
 2966   0.24559207E+03
 2967   0.17283093E+03
 2968   0.12754491E+03
 2969   0.98577000E+02
 2970   0.76873360E+02
 2971   0.63702180E+02
 2972   0.57909890E+02
 2973   0.56761170E+02
 2974   0.66945570E+02
 2975   0.73246100E+02
 2976   0.75107670E+02
 2977   0.72138420E+02
 2978   0.69451210E+02
 2979   0.66723250E+02
 2980   0.58659660E+02
 2981   0.50341540E+02
 2982   0.42431260E+02
 2983   0.35624270E+02
 2984   0.32859500E+02
 2985   0.38500220E+02
 2986   0.63940820E+02
 2987   0.75301170E+02
 2988   0.63716920E+02
 2989   0.60589870E+02
 2990   0.19447204E+03
 2991   0.58118259E+03
 2992   0.51811297E+03
 2993   0.44222100E+03
 2994   0.36129317E+03
 2995   0.27004951E+03
 2996   0.20848314E+03
 2997   0.16714332E+03
 2998   0.14971317E+03
 2999   0.14266335E+03
 3000   0.11804672E+03
 3001   0.94264390E+02
 3002   0.74955830E+02
 3003   0.59833110E+02
 3004   0.48156710E+02
 3005   0.39083440E+02
 3006   0.31604570E+02
 3007   0.25707190E+02
 3008   0.20503190E+02
 3009   0.14839510E+02
 3010   0.11753360E+02
 3011   0.97814300E+01
 3012   0.81959100E+01
 3013   0.72236900E+01
 3014   0.11093790E+02
 3015   0.15098150E+02
 3016   0.19843690E+02
 3017   0.17992740E+02
 3018   0.16703800E+02
 3019   0.19259140E+02
 3020   0.19429520E+02
 3021   0.16437020E+02
 3022   0.11640440E+02
 3023   0.11649720E+02
 3024   0.20357290E+02
 3025   0.11868327E+03
 3026   0.32700366E+03
 3027   0.30708158E+03
 3028   0.23188828E+03
 3029   0.16670742E+03
 3030   0.11944939E+03
 3031   0.86658120E+02
 3032   0.64171760E+02
 3033   0.50121060E+02
 3034   0.43898440E+02
 3035   0.37963340E+02
 3036   0.33029940E+02
 3037   0.27156690E+02
 3038   0.21688470E+02
 3039   0.16515480E+02
 3040   0.12967470E+02
 3041   0.10836730E+02
 3042   0.88157400E+01
 3043   0.72043400E+01
 3044   0.60295100E+01
 3045   0.51339200E+01
 3046   0.49722900E+01
 3047   0.15906520E+02
 3048   0.25629839E+03
 3049   0.49004504E+03
 3050   0.47929916E+03
 3051   0.40653413E+03
 3052   0.35966643E+03
 3053   0.38267761E+03
 3054   0.54597530E+03
 3055   0.55252336E+03
 3056   0.39255565E+03
 3057   0.29760955E+03
 3058   0.28051481E+03
 3059   0.70818528E+03
 3060   0.87151267E+03
 3061   0.77963660E+03
 3062   0.81731273E+03
 3063   0.80237187E+03
 3064   0.67415794E+03
 3065   0.72902026E+03
 3066   0.71487954E+03
 3067   0.59687458E+03
 3068   0.46546190E+03
 3069   0.36649529E+03
 3070   0.29356307E+03
 3071   0.23040601E+03
 3072   0.26425904E+03
 3073   0.42839323E+03
 3074   0.55895502E+03
 3075   0.10120703E+04
 3076   0.24303002E+04
 3077   0.13617466E+04
 3078   0.70129389E+03
 3079   0.38856831E+03
 3080   0.23799907E+03
 3081   0.15715109E+03
 3082   0.18132382E+03
 3083   0.21119742E+04
 3084   0.15849700E+04
 3085   0.80196323E+03
 3086   0.52799404E+03
 3087   0.24867087E+04
 3088   0.16473841E+04
 3089   0.93896534E+03
 3090   0.49626375E+03
 3091   0.31210635E+03
 3092   0.22735925E+03
 3093   0.19776023E+03
 3094   0.30068535E+03
 3095   0.47121937E+03
 3096   0.32129525E+03
 3097   0.31180366E+03
 3098   0.85434789E+03
 3099   0.64807170E+03
 3100   0.43931861E+03
 3101   0.30634849E+03
 3102   0.26354639E+03
 3103   0.19844943E+03
 3104   0.13541766E+03
 3105   0.11131831E+03
 3106   0.20156731E+03
 3107   0.92728307E+03
 3108   0.26128402E+04
 3109   0.25125458E+04
 3110   0.38102084E+04
 3111   0.38039662E+04
 3112   0.49091445E+04
 3113   0.20164214E+04
 3114   0.92346147E+03
 3115   0.56535552E+03
 3116   0.89520079E+03
 3117   0.11338421E+04
 3118   0.99054529E+03
 3119   0.11423153E+04
 3120   0.66699994E+03
 3121   0.49949492E+03
 3122   0.95752145E+03
 3123   0.90650895E+03
 3124   0.67990358E+03
 3125   0.58983201E+03
 3126   0.56122210E+03
 3127   0.57874774E+03
 3128   0.56159939E+03
 3129   0.46510518E+03
 3130   0.34250067E+03
 3131   0.24412243E+03
 3132   0.16810030E+03
 3133   0.11373892E+03
 3134   0.79875090E+02
 3135   0.62790490E+02
 3136   0.62220110E+02
 3137   0.52485610E+02
 3138   0.47508380E+02
 3139   0.41220570E+02
 3140   0.86159380E+02
 3141   0.22581273E+03
 3142   0.18790439E+03
 3143   0.13375086E+03
 3144   0.10082888E+03
 3145   0.83171590E+02
 3146   0.10736423E+03
 3147   0.18957318E+03
 3148   0.96073734E+03
 3149   0.54822660E+03
 3150   0.27934595E+03
 3151   0.16894622E+03
 3152   0.12062819E+03
 3153   0.11762879E+03
 3154   0.11814395E+03
 3155   0.13479499E+03
 3156   0.22050743E+03
 3157   0.36359587E+03
 3158   0.39016583E+03
 3159   0.26028989E+03
 3160   0.16205363E+03
 3161   0.10375890E+03
 3162   0.69677260E+02
 3163   0.51179780E+02
 3164   0.39799100E+02
 3165   0.57585740E+02
 3166   0.23195542E+04
 3167   0.58418450E+04
 3168   0.51682946E+04
 3169   0.41798566E+04
 3170   0.63278836E+04
 3171   0.28513302E+04
 3172   0.14824035E+04
 3173   0.92398976E+03
 3174   0.87199667E+03
 3175   0.68158137E+03
 3176   0.38244436E+03
 3177   0.22871822E+03
 3178   0.14990679E+03
 3179   0.22449576E+03
 3180   0.53507930E+03
 3181   0.39484274E+03
 3182   0.25673116E+03
 3183   0.17522350E+03
 3184   0.12437718E+03
 3185   0.88388320E+02
 3186   0.77054640E+02
 3187   0.71405700E+02
 3188   0.10381845E+04
 3189   0.90301873E+03
 3190   0.66193568E+03
 3191   0.45660097E+03
 3192   0.30597254E+03
 3193   0.21105612E+03
 3194   0.15877876E+03
 3195   0.12397249E+03
 3196   0.10186329E+03
 3197   0.84381560E+02
 3198   0.68198150E+02
 3199   0.54246030E+02
 3200   0.42584840E+02
 3201   0.33287840E+02
 3202   0.26024650E+02
 3203   0.19540640E+02
 3204   0.14944260E+02
 3205   0.12941100E+02
 3206   0.12934440E+02
 3207   0.13570820E+02
 3208   0.13319540E+02
 3209   0.14617060E+02
 3210   0.25640080E+02
 3211   0.41116570E+02
 3212   0.95865774E+03
 3213   0.78007803E+03
 3214   0.46278706E+03
 3215   0.30417474E+03
 3216   0.21931855E+03
 3217   0.15499365E+03
 3218   0.11372026E+03
 3219   0.84550500E+02
 3220   0.22617841E+03
 3221   0.21976374E+03
 3222   0.18492885E+03
 3223   0.56705971E+03
 3224   0.83072671E+03
 3225   0.49950284E+03
 3226   0.30696643E+03
 3227   0.19699885E+03
 3228   0.13284405E+03
 3229   0.93244470E+02
 3230   0.67798350E+02
 3231   0.50674150E+02
 3232   0.38946700E+02
 3233   0.29794430E+02
 3234   0.22030690E+02
 3235   0.16008790E+02
 3236   0.11763020E+02
 3237   0.93282800E+01
 3238   0.76803400E+01
 3239   0.64511400E+01
 3240   0.54919500E+01
 3241   0.46902900E+01
 3242   0.40914900E+01
 3243   0.35816400E+01
 3244   0.31597000E+01
 3245   0.28056300E+01
 3246   0.25206500E+01
 3247   0.23093800E+01
 3248   0.21007700E+01
 3249   0.18650300E+01
 3250   0.16659800E+01
 3251   0.14659400E+01
 3252   0.12869500E+01
 3253   0.11395100E+01
 3254   0.10286200E+01
 3255   0.93964000E+00
 3256   0.86336000E+00
 3257   0.79528000E+00
 3258   0.73252000E+00
 3259   0.67371000E+00
 3260   0.61872000E+00
 3261   0.56793000E+00
 3262   0.52171000E+00
 3263   0.48015000E+00
 3264   0.44302000E+00
 3265   0.40994000E+00
 3266   0.38047000E+00
 3267   0.35415000E+00
 3268   0.33059000E+00
 3269   0.30942000E+00
 3270   0.29033000E+00
 3271   0.27305000E+00
 3272   0.25738000E+00
 3273   0.24314000E+00
 3274   0.23018000E+00
 3275   0.21832000E+00
 3276   0.20748000E+00
 3277   0.19838000E+00
 3278   0.20222000E+00
 3279   0.27348000E+00
 3280   0.41088000E+00
 3281   0.50871000E+00
 3282   0.56623000E+00
 3283   0.61555000E+00
 3284   0.66498000E+00
 3285   0.71670000E+00
 3286   0.77052000E+00
 3287   0.81739000E+00
 3288   0.84714000E+00
 3289   0.85468000E+00
 3290   0.83882000E+00
 3291   0.91531000E+00
 3292   0.13219400E+01
 3293   0.15710200E+01
 3294   0.16499100E+01
 3295   0.16171100E+01
 3296   0.15055000E+01
 3297   0.13510700E+01
 3298   0.11968800E+01
 3299   0.10796800E+01
 3300   0.24475100E+01
 3301   0.49419100E+01
 3302   0.31796230E+02
 3303   0.87726260E+02
 3304   0.10761945E+03
 3305   0.93407700E+02
 3306   0.79308990E+02
 3307   0.65839220E+02
 3308   0.54911280E+02
 3309   0.48564370E+02
 3310   0.44259520E+02
 3311   0.39634760E+02
 3312   0.34300570E+02
 3313   0.29106890E+02
 3314   0.25135890E+02
 3315   0.21425640E+02
 3316   0.18572510E+02
 3317   0.18248280E+02
 3318   0.21145320E+02
 3319   0.28302220E+02
 3320   0.35143970E+02
 3321   0.35341470E+02
 3322   0.33134600E+02
 3323   0.30397220E+02
 3324   0.27260910E+02
 3325   0.23779090E+02
 3326   0.19064020E+02
 3327   0.14945810E+02
 3328   0.12250980E+02
 3329   0.11206980E+02
 3330   0.10050190E+02
 3331   0.86845200E+01
 3332   0.75443200E+01
 3333   0.82263600E+01
 3334   0.15282170E+02
 3335   0.59494760E+02
 3336   0.28845527E+03
 3337   0.28034054E+03
 3338   0.21654077E+03
 3339   0.15742027E+03
 3340   0.11389088E+03
 3341   0.83662690E+02
 3342   0.62736920E+02
 3343   0.48137350E+02
 3344   0.37459980E+02
 3345   0.29171970E+02
 3346   0.22712960E+02
 3347   0.16319940E+02
 3348   0.14377110E+02
 3349   0.20041260E+02
 3350   0.55701940E+02
 3351   0.16449082E+03
 3352   0.16650455E+03
 3353   0.14110701E+03
 3354   0.11456804E+03
 3355   0.89021320E+02
 3356   0.66379740E+02
 3357   0.49084310E+02
 3358   0.39515070E+02
 3359   0.41957980E+02
 3360   0.68621630E+02
 3361   0.15747797E+03
 3362   0.18806229E+03
 3363   0.17505686E+03
 3364   0.15948275E+03
 3365   0.16361373E+03
 3366   0.29417710E+03
 3367   0.47424225E+03
 3368   0.37907621E+03
 3369   0.26818496E+03
 3370   0.20483790E+03
 3371   0.17285708E+03
 3372   0.18039459E+03
 3373   0.39519382E+03
 3374   0.96064742E+03
 3375   0.87662058E+03
 3376   0.58079918E+03
 3377   0.37598470E+03
 3378   0.25320781E+03
 3379   0.17356069E+03
 3380   0.12596603E+03
 3381   0.94802250E+02
 3382   0.78007980E+02
 3383   0.74437390E+02
 3384   0.72903510E+02
 3385   0.76407900E+02
 3386   0.10517214E+03
 3387   0.15531505E+03
 3388   0.14538279E+03
 3389   0.12003338E+03
 3390   0.96836280E+02
 3391   0.71831700E+02
 3392   0.54483580E+02
 3393   0.41977130E+02
 3394   0.31724640E+02
 3395   0.24212670E+02
 3396   0.19580660E+02
 3397   0.16875960E+02
 3398   0.14700520E+02
 3399   0.13599580E+02
 3400   0.12276480E+02
 3401   0.10839480E+02
 3402   0.99514500E+01
 3403   0.88326500E+01
 3404   0.11286610E+02
 3405   0.13124470E+02
 3406   0.11805790E+02
 3407   0.93598100E+01
 3408   0.68726200E+01
 3409   0.57999000E+01
 3410   0.14126630E+02
 3411   0.31818558E+03
 3412   0.63824811E+03
 3413   0.43555222E+03
 3414   0.29123134E+03
 3415   0.20217742E+03
 3416   0.14212982E+03
 3417   0.10161952E+03
 3418   0.77577480E+02
 3419   0.65072020E+02
 3420   0.56469240E+02
 3421   0.53617740E+02
 3422   0.52078820E+02
 3423   0.42924290E+02
 3424   0.36269070E+02
 3425   0.32340360E+02
 3426   0.39703940E+02
 3427   0.52758370E+02
 3428   0.51395770E+02
 3429   0.51497220E+02
 3430   0.13471417E+03
 3431   0.23096277E+03
 3432   0.30480011E+03
 3433   0.34293522E+03
 3434   0.25926498E+03
 3435   0.20047178E+03
 3436   0.16894270E+03
 3437   0.21855761E+03
 3438   0.43266365E+03
 3439   0.95786124E+03
 3440   0.72341816E+03
 3441   0.44712949E+03
 3442   0.29744863E+03
 3443   0.27878147E+03
 3444   0.45947044E+03
 3445   0.57784846E+03
 3446   0.43273458E+03
 3447   0.35499572E+03
 3448   0.83892361E+03
 3449   0.12325126E+04
 3450   0.13950399E+04
 3451   0.11018810E+04
 3452   0.11449860E+04
 3453   0.13808330E+04
 3454   0.16228065E+04
 3455   0.16456417E+04
 3456   0.64336438E+04
 3457   0.65730410E+04
 3458   0.32256477E+04
 3459   0.16350948E+04
 3460   0.12953101E+04
 3461   0.13098707E+04
 3462   0.14431389E+04
 3463   0.15105657E+04
 3464   0.11023562E+04
 3465   0.82703393E+03
 3466   0.64917381E+03
 3467   0.39213351E+03
 3468   0.23736964E+03
 3469   0.14895937E+03
 3470   0.10633587E+03
 3471   0.83219370E+02
 3472   0.65608120E+02
 3473   0.59030550E+02
 3474   0.62744800E+02
 3475   0.76431480E+02
 3476   0.90978380E+02
 3477   0.92553400E+02
 3478   0.75520870E+02
 3479   0.54085740E+02
 3480   0.38755350E+02
 3481   0.38956050E+02
 3482   0.20429111E+03
 3483   0.86434518E+03
 3484   0.11546288E+04
 3485   0.10682830E+04
 3486   0.83225369E+03
 3487   0.59179506E+03
 3488   0.39936726E+03
 3489   0.26208742E+03
 3490   0.17818892E+03
 3491   0.13033501E+03
 3492   0.10862827E+03
 3493   0.11115507E+03
 3494   0.12104318E+03
 3495   0.10259018E+03
 3496   0.72742380E+02
 3497   0.49515890E+02
 3498   0.34574150E+02
 3499   0.26912840E+02
 3500   0.35869490E+02
 3501   0.76884120E+02
 3502   0.71683540E+02
 3503   0.63705010E+02
 3504   0.54610260E+02
 3505   0.39767660E+02
 3506   0.40571440E+02
 3507   0.63563430E+02
 3508   0.52528050E+02
 3509   0.39570110E+02
 3510   0.25435937E+03
 3511   0.29619275E+04
 3512   0.70383832E+04
 3513   0.83103786E+04
 3514   0.49396318E+04
 3515   0.83607554E+04
 3516   0.31253127E+04
 3517   0.11981671E+04
 3518   0.60934783E+03
 3519   0.40428334E+03
 3520   0.29378996E+03
 3521   0.20408271E+03
 3522   0.15275404E+03
 3523   0.15456260E+03
 3524   0.18329308E+03
 3525   0.21179688E+03
 3526   0.18608546E+03
 3527   0.12882171E+03
 3528   0.82936490E+02
 3529   0.62522860E+02
 3530   0.51246370E+02
 3531   0.44777580E+02
 3532   0.43584510E+02
 3533   0.35438100E+02
 3534   0.25749040E+02
 3535   0.20010320E+02
 3536   0.15807880E+02
 3537   0.14870090E+02
 3538   0.19137600E+02
 3539   0.26191500E+02
 3540   0.37528890E+02
 3541   0.72607780E+02
 3542   0.12240707E+03
 3543   0.13729889E+03
 3544   0.16831087E+03
 3545   0.19235371E+03
 3546   0.24506793E+03
 3547   0.20143533E+03
 3548   0.15237159E+03
 3549   0.11701023E+03
 3550   0.87399300E+02
 3551   0.63991500E+02
 3552   0.47212040E+02
 3553   0.36472720E+02
 3554   0.28097580E+02
 3555   0.21537050E+02
 3556   0.15696790E+02
 3557   0.11625090E+02
 3558   0.92441200E+01
 3559   0.75075000E+01
 3560   0.61885400E+01
 3561   0.52263300E+01
 3562   0.43671000E+01
 3563   0.37155200E+01
 3564   0.32469200E+01
 3565   0.46544200E+01
 3566   0.22029010E+02
 3567   0.36162050E+02
 3568   0.36458910E+02
 3569   0.31648750E+02
 3570   0.25942810E+02
 3571   0.20597090E+02
 3572   0.14563870E+02
 3573   0.11150110E+02
 3574   0.90597000E+01
 3575   0.77848200E+01
 3576   0.84709600E+01
 3577   0.10064350E+02
 3578   0.99387900E+01
 3579   0.87417800E+01
 3580   0.74250300E+01
 3581   0.61927700E+01
 3582   0.51804200E+01
 3583   0.42954700E+01
 3584   0.36296700E+01
 3585   0.33628700E+01
 3586   0.32464300E+01
 3587   0.10225990E+02
 3588   0.22621990E+02
 3589   0.35547900E+02
 3590   0.35544690E+02
 3591   0.30586930E+02
 3592   0.24787900E+02
 3593   0.18222160E+02
 3594   0.12742570E+02
 3595   0.96003400E+01
 3596   0.75059400E+01
 3597   0.60379800E+01
 3598   0.50003100E+01
 3599   0.42798200E+01
 3600   0.36640900E+01
 3601   0.31528100E+01
 3602   0.27508900E+01
 3603   0.24460400E+01
 3604   0.21748100E+01
 3605   0.19073700E+01
 3606   0.10622570E+02
 3607   0.49519940E+02
 3608   0.45095250E+02
 3609   0.36402900E+02
 3610   0.28746640E+02
 3611   0.22744320E+02
 3612   0.17568760E+02
 3613   0.12782770E+02
 3614   0.10378470E+02
 3615   0.86562600E+01
 3616   0.72543300E+01
 3617   0.61196600E+01
 3618   0.52104800E+01
 3619   0.45636100E+01
 3620   0.39832300E+01
 3621   0.35045900E+01
 3622   0.31165400E+01
 3623   0.27945900E+01
 3624   0.25151100E+01
 3625   0.22650700E+01
 3626   0.20417300E+01
 3627   0.18600100E+01
 3628   0.16830100E+01
 3629   0.15012300E+01
 3630   0.13228000E+01
 3631   0.11613000E+01
 3632   0.10386700E+01
 3633   0.10314600E+01
 3634   0.11692800E+01
 3635   0.14226000E+01
 3636   0.16290700E+01
 3637   0.17223700E+01
 3638   0.16903900E+01
 3639   0.16112000E+01
 3640   0.15399000E+01
 3641   0.14797600E+01
 3642   0.13937400E+01
 3643   0.12970600E+01
 3644   0.12020700E+01
 3645   0.11107700E+01
 3646   0.10276500E+01
 3647   0.95000000E+00
 3648   0.87485000E+00
 3649   0.80372000E+00
 3650   0.73955000E+00
 3651   0.68363000E+00
 3652   0.63554000E+00
 3653   0.59424000E+00
 3654   0.55882000E+00
 3655   0.52862000E+00
 3656   0.50302000E+00
 3657   0.48132000E+00
 3658   0.46322000E+00
 3659   0.47079000E+00
 3660   0.53149000E+00
 3661   0.59705000E+00
 3662   0.76693000E+00
 3663   0.11715300E+01
 3664   0.13515900E+01
 3665   0.13842700E+01
 3666   0.13542800E+01
 3667   0.13197700E+01
 3668   0.12995500E+01
 3669   0.12805400E+01
 3670   0.12368800E+01
 3671   0.11498000E+01
 3672   0.10463100E+01
 3673   0.95191000E+00
 3674   0.87524000E+00
 3675   0.81605000E+00
 3676   0.77112000E+00
 3677   0.73682000E+00
 3678   0.70990000E+00
 3679   0.68720000E+00
 3680   0.66518000E+00
 3681   0.64151000E+00
 3682   0.61677000E+00
 3683   0.59251000E+00
 3684   0.56950000E+00
 3685   0.54780000E+00
 3686   0.52722000E+00
 3687   0.50742000E+00
 3688   0.48799000E+00
 3689   0.46854000E+00
 3690   0.44881000E+00
 3691   0.42876000E+00
 3692   0.40856000E+00
 3693   0.38848000E+00
 3694   0.36880000E+00
 3695   0.34977000E+00
 3696   0.33157000E+00
 3697   0.31458000E+00
 3698   0.30033000E+00
 3699   0.28858000E+00
 3700   0.27681000E+00
 3701   0.27493000E+00
 3702   0.26806000E+00
 3703   0.40912000E+00
 3704   0.42750000E+01
 3705   0.15806307E+03
 3706   0.15614255E+03
 3707   0.12968992E+03
 3708   0.10342585E+03
 3709   0.85418480E+02
 3710   0.77235210E+02
 3711   0.78919760E+02
 3712   0.73285220E+02
 3713   0.64353670E+02
 3714   0.56545420E+02
 3715   0.47415390E+02
 3716   0.49465880E+02
 3717   0.14878636E+03
 3718   0.41396349E+03
 3719   0.43671537E+03
 3720   0.36439062E+03
 3721   0.28299702E+03
 3722   0.24658539E+03
 3723   0.27398223E+03
 3724   0.25520768E+03
 3725   0.19547192E+03
 3726   0.14668683E+03
 3727   0.10849604E+03
 3728   0.80734640E+02
 3729   0.60945780E+02
 3730   0.47396380E+02
 3731   0.40639470E+02
 3732   0.35532060E+02
 3733   0.38078600E+02
 3734   0.49503910E+02
 3735   0.92728180E+02
 3736   0.17825076E+03
 3737   0.20852359E+03
 3738   0.19703794E+03
 3739   0.27185890E+03
 3740   0.45758849E+03
 3741   0.41439829E+03
 3742   0.29487842E+03
 3743   0.20658413E+03
 3744   0.19807010E+03
 3745   0.37311922E+03
 3746   0.38794573E+03
 3747   0.26162526E+03
 3748   0.16923599E+03
 3749   0.12924080E+03
 3750   0.16828612E+03
 3751   0.46378759E+03
 3752   0.42219858E+03
 3753   0.28559052E+03
 3754   0.21260722E+03
 3755   0.15861163E+03
 3756   0.11313757E+03
 3757   0.81421850E+02
 3758   0.61021860E+02
 3759   0.48158300E+02
 3760   0.44179300E+02
 3761   0.64812090E+02
 3762   0.14740321E+03
 3763   0.20655868E+03
 3764   0.24862254E+03
 3765   0.21724162E+03
 3766   0.15076487E+03
 3767   0.10009112E+03
 3768   0.72957030E+02
 3769   0.60586290E+02
 3770   0.62112870E+02
 3771   0.65511560E+02
 3772   0.75633350E+02
 3773   0.44225046E+03
 3774   0.68137589E+03
 3775   0.54536502E+03
 3776   0.51552723E+03
 3777   0.40162878E+03
 3778   0.26665549E+03
 3779   0.18892130E+03
 3780   0.15951204E+03
 3781   0.13203006E+03
 3782   0.10740250E+03
 3783   0.90421980E+02
 3784   0.80452770E+02
 3785   0.76068010E+02
 3786   0.78832080E+02
 3787   0.68046250E+02
 3788   0.50489090E+02
 3789   0.37070820E+02
 3790   0.26908070E+02
 3791   0.19466370E+02
 3792   0.14298710E+02
 3793   0.16177960E+02
 3794   0.98141300E+02
 3795   0.77036749E+03
 3796   0.14088977E+04
 3797   0.13204158E+04
 3798   0.10217105E+04
 3799   0.78745251E+03
 3800   0.68595687E+03
 3801   0.58734984E+03
 3802   0.42316806E+03
 3803   0.29637023E+03
 3804   0.22062148E+03
 3805   0.19499632E+03
 3806   0.20228631E+03
 3807   0.20076453E+03
 3808   0.15909957E+03
 3809   0.12243263E+03
 3810   0.10046230E+03
 3811   0.10086741E+03
 3812   0.28195085E+03
 3813   0.21749205E+04
 3814   0.28216021E+04
 3815   0.19162369E+04
 3816   0.12538905E+04
 3817   0.92265753E+03
 3818   0.84759753E+03
 3819   0.81270156E+03
 3820   0.56374924E+03
 3821   0.34176859E+03
 3822   0.20994523E+03
 3823   0.14827838E+03
 3824   0.10536284E+03
 3825   0.86074620E+02
 3826   0.13836212E+03
 3827   0.16234802E+03
 3828   0.12499882E+03
 3829   0.93131440E+02
 3830   0.74258660E+02
 3831   0.66076660E+02
 3832   0.79309410E+02
 3833   0.13032296E+03
 3834   0.13695106E+03
 3835   0.11437225E+03
 3836   0.87151160E+02
 3837   0.65425880E+02
 3838   0.53073580E+02
 3839   0.79964860E+02
 3840   0.70226348E+03
 3841   0.13859376E+04
 3842   0.18925584E+04
 3843   0.18252679E+04
 3844   0.27351415E+04
 3845   0.21638281E+04
 3846   0.11332901E+04
 3847   0.65794769E+03
 3848   0.41990481E+03
 3849   0.31329204E+03
 3850   0.29940691E+03
 3851   0.29345284E+03
 3852   0.37310811E+03
 3853   0.38935181E+03
 3854   0.33844546E+03
 3855   0.26063783E+03
 3856   0.17903624E+03
 3857   0.12048977E+03
 3858   0.84773050E+02
 3859   0.66772500E+02
 3860   0.51709940E+02
 3861   0.40658970E+02
 3862   0.31832420E+02
 3863   0.47372460E+02
 3864   0.50293770E+02
 3865   0.44255210E+02
 3866   0.37998470E+02
 3867   0.26866770E+02
 3868   0.20439890E+02
 3869   0.15099600E+02
 3870   0.17223080E+02
 3871   0.22542170E+02
 3872   0.29141580E+02
 3873   0.38493440E+02
 3874   0.40697430E+02
 3875   0.72347780E+02
 3876   0.10367011E+03
 3877   0.10904864E+03
 3878   0.91768280E+02
 3879   0.75238660E+02
 3880   0.86109430E+02
 3881   0.12551285E+03
 3882   0.28300403E+03
 3883   0.23770533E+03
 3884   0.18479386E+03
 3885   0.13925974E+03
 3886   0.10471014E+03
 3887   0.87856270E+02
 3888   0.96669530E+02
 3889   0.77564700E+02
 3890   0.58185240E+02
 3891   0.55842850E+02
 3892   0.13287120E+03
 3893   0.17779458E+03
 3894   0.15436889E+03
 3895   0.13398801E+03
 3896   0.14905386E+03
 3897   0.29244530E+03
 3898   0.26648690E+03
 3899   0.19304657E+03
 3900   0.14947855E+03
 3901   0.13999197E+03
 3902   0.15636360E+03
 3903   0.20131319E+03
 3904   0.11020774E+04
 3905   0.12273280E+04
 3906   0.12346193E+04
 3907   0.15319249E+04
 3908   0.12935487E+04
 3909   0.12239085E+04
 3910   0.10223913E+04
 3911   0.67613639E+03
 3912   0.42549177E+03
 3913   0.29150426E+03
 3914   0.22166170E+03
 3915   0.16390808E+03
 3916   0.15759148E+03
 3917   0.31524801E+04
 3918   0.15911834E+04
 3919   0.75678059E+03
 3920   0.40462893E+03
 3921   0.24239670E+03
 3922   0.15783576E+03
 3923   0.10929941E+03
 3924   0.88612880E+02
 3925   0.74278900E+02
 3926   0.86136720E+03
 3927   0.54032537E+03
 3928   0.33699712E+03
 3929   0.26791282E+03
 3930   0.20510379E+03
 3931   0.14366835E+03
 3932   0.10160842E+03
 3933   0.74255890E+02
 3934   0.61828870E+02
 3935   0.54925170E+02
 3936   0.31320300E+03
 3937   0.39705536E+03
 3938   0.30237878E+03
 3939   0.21436734E+03
 3940   0.14765986E+03
 3941   0.10253306E+03
 3942   0.74161670E+02
 3943   0.54418150E+02
 3944   0.40943290E+02
 3945   0.31498030E+02
 3946   0.24485170E+02
 3947   0.18711210E+02
 3948   0.16196300E+02
 3949   0.29820080E+02
 3950   0.33508088E+03
 3951   0.34268057E+03
 3952   0.23761875E+03
 3953   0.16308822E+03
 3954   0.11462105E+03
 3955   0.82900130E+02
 3956   0.61636930E+02
 3957   0.46933840E+02
 3958   0.36331770E+02
 3959   0.28326540E+02
 3960   0.22940550E+02
 3961   0.17762290E+02
 3962   0.13998240E+02
 3963   0.12647160E+02
 3964   0.12122400E+02
 3965   0.13305500E+02
 3966   0.12895670E+02
 3967   0.10646610E+02
 3968   0.85610600E+01
 3969   0.69849700E+01
 3970   0.57841400E+01
 3971   0.48059700E+01
 3972   0.40432900E+01
 3973   0.34146200E+01
 3974   0.29957400E+01
 3975   0.26982100E+01
 3976   0.24462300E+01
 3977   0.21987600E+01
 3978   0.19181600E+01
 3979   0.16936100E+01
 3980   0.14881400E+01
 3981   0.13261000E+01
 3982   0.13538200E+01
 3983   0.14723200E+01
 3984   0.22507080E+02
 3985   0.37236706E+03
 3986   0.31725532E+03
 3987   0.21496053E+03
 3988   0.22911178E+03
 3989   0.19676414E+03
 3990   0.14621585E+03
 3991   0.10629640E+03
 3992   0.76814500E+02
 3993   0.56657800E+02
 3994   0.43805520E+02
 3995   0.34112100E+02
 3996   0.26834640E+02
 3997   0.21036220E+02
 3998   0.15619050E+02
 3999   0.11718810E+02
 4000   0.93594500E+01
 4001   0.77365600E+01
 4002   0.65129400E+01
 4003   0.53885100E+01
 4004   0.45381100E+01
 4005   0.39835400E+01
 4006   0.35585000E+01
 4007   0.31338300E+01
 4008   0.27914600E+01
 4009   0.25354600E+01
 4010   0.23231700E+01
 4011   0.27290100E+01
 4012   0.25369200E+01
 4013   0.45312300E+01
 4014   0.72179000E+01
 4015   0.87636700E+01
 4016   0.96068400E+01
 4017   0.15199830E+02
 4018   0.48128000E+02
 4019   0.86784100E+02
 4020   0.10111011E+03
 4021   0.95994600E+02
 4022   0.79042300E+02
 4023   0.60053100E+02
 4024   0.45839820E+02
 4025   0.33162930E+02
 4026   0.22901080E+02
 4027   0.14743750E+02
 4028   0.11141200E+02
 4029   0.20615680E+02
 4030   0.28014894E+03
 4031   0.42648973E+03
 4032   0.35333673E+03
 4033   0.24603502E+03
 4034   0.16787727E+03
 4035   0.12318384E+03
 4036   0.93231930E+02
 4037   0.71113250E+02
 4038   0.54626030E+02
 4039   0.42642740E+02
 4040   0.33874560E+02
 4041   0.27173250E+02
 4042   0.21582100E+02
 4043   0.16462530E+02
 4044   0.11761330E+02
 4045   0.95745900E+01
 4046   0.82534300E+01
 4047   0.91667500E+01
 4048   0.93565600E+01
 4049   0.90808800E+01
 4050   0.87132400E+01
 4051   0.78392300E+01
 4052   0.68568000E+01
 4053   0.59083200E+01
 4054   0.49655700E+01
 4055   0.41800800E+01
 4056   0.36520700E+01
 4057   0.32694700E+01
 4058   0.29239800E+01
 4059   0.26161200E+01
 4060   0.23281500E+01
 4061   0.20270400E+01
 4062   0.17969200E+01
 4063   0.16234900E+01
 4064   0.14487000E+01
 4065   0.13511400E+01
 4066   0.15730100E+01
 4067   0.21988200E+01
 4068   0.43746700E+01
 4069   0.93132300E+01
 4070   0.10646320E+02
 4071   0.92888800E+01
 4072   0.78232900E+01
 4073   0.72403000E+01
 4074   0.75651800E+01
 4075   0.77365300E+01
 4076   0.79809300E+01
 4077   0.78514300E+01
 4078   0.73160700E+01
 4079   0.67750800E+01
 4080   0.63045100E+01
 4081   0.59088500E+01
 4082   0.54533700E+01
 4083   0.69616800E+01
 4084   0.12143790E+02
 4085   0.49597550E+02
 4086   0.22479182E+03
 4087   0.32413425E+03
 4088   0.27048278E+03
 4089   0.21787951E+03
 4090   0.19312340E+03
 4091   0.17146343E+03
 4092   0.22680949E+03
 4093   0.33618425E+03
 4094   0.28800338E+03
 4095   0.19905089E+03
 4096   0.14228057E+03
 4097   0.10567235E+03
 4098   0.80204520E+02
 4099   0.61659920E+02
 4100   0.48814440E+02
 4101   0.40837900E+02
 4102   0.33777010E+02
 4103   0.28293250E+02
 4104   0.22946190E+02
 4105   0.16420970E+02
 4106   0.11953950E+02
 4107   0.95307300E+01
 4108   0.78366800E+01
 4109   0.65581300E+01
 4110   0.55682100E+01
 4111   0.48067200E+01
 4112   0.42850200E+01
 4113   0.41110900E+01
 4114   0.38488800E+01
 4115   0.35308500E+01
 4116   0.31879700E+01
 4117   0.28716100E+01
 4118   0.26101700E+01
 4119   0.23863400E+01
 4120   0.21645100E+01
 4121   0.19198000E+01
 4122   0.31097500E+01
 4123   0.33781300E+02
 4124   0.98052710E+02
 4125   0.94801050E+02
 4126   0.76553310E+02
 4127   0.58830010E+02
 4128   0.43516190E+02
 4129   0.31525290E+02
 4130   0.22637500E+02
 4131   0.15515830E+02
 4132   0.10930680E+02
 4133   0.92960200E+01
 4134   0.11126470E+02
 4135   0.14417100E+02
 4136   0.16052750E+02
 4137   0.17412910E+02
 4138   0.26792900E+02
 4139   0.40247130E+02
 4140   0.84682170E+02
 4141   0.11712064E+03
 4142   0.96662250E+02
 4143   0.70038830E+02
 4144   0.51415970E+02
 4145   0.37374060E+02
 4146   0.25297490E+02
 4147   0.16945570E+02
 4148   0.14439110E+02
 4149   0.21522420E+02
 4150   0.32053610E+02
 4151   0.34161100E+02
 4152   0.44944970E+02
 4153   0.37461259E+03
 4154   0.46920456E+03
 4155   0.34859698E+03
 4156   0.28967812E+03
 4157   0.28480400E+03
 4158   0.33887735E+03
 4159   0.40382563E+03
 4160   0.42213463E+03
 4161   0.32676147E+03
 4162   0.23346630E+03
 4163   0.23911623E+03
 4164   0.72995203E+03
 4165   0.57803312E+03
 4166   0.42557823E+03
 4167   0.29999778E+03
 4168   0.22812139E+03
 4169   0.31745534E+03
 4170   0.71978379E+03
 4171   0.58952252E+03
 4172   0.45520845E+03
 4173   0.96271314E+03
 4174   0.30179745E+04
 4175   0.15871503E+04
 4176   0.82907059E+03
 4177   0.47374413E+03
 4178   0.32857775E+03
 4179   0.26765162E+03
 4180   0.23207044E+03
 4181   0.25292092E+03
 4182   0.42385140E+03
 4183   0.42403702E+03
 4184   0.28449722E+03
 4185   0.19340446E+03
 4186   0.12607005E+03
 4187   0.79969890E+02
 4188   0.56847770E+02
 4189   0.41801110E+02
 4190   0.31490990E+02
 4191   0.23935390E+02
 4192   0.19266560E+02
 4193   0.16380280E+02
 4194   0.14850970E+02
 4195   0.14545390E+02
 4196   0.15416120E+02
 4197   0.12699560E+02
 4198   0.89589600E+01
 4199   0.77221100E+01
 4200   0.77159800E+01
 4201   0.71534200E+01
 4202   0.25727530E+02
 4203   0.31233360E+02
 4204   0.26292800E+02
 4205   0.19463970E+02
 4206   0.15027520E+02
 4207   0.42116550E+02
 4208   0.25190066E+04
 4209   0.37794707E+04
 4210   0.31683869E+04
 4211   0.31790201E+04
 4212   0.25575288E+04
 4213   0.22303736E+04
 4214   0.16930388E+04
 4215   0.10552212E+04
 4216   0.62360054E+03
 4217   0.39676738E+03
 4218   0.27789186E+03
 4219   0.20844178E+03
 4220   0.15132889E+03
 4221   0.10558528E+03
 4222   0.82352300E+02
 4223   0.78808650E+02
 4224   0.64960400E+02
 4225   0.49667870E+02
 4226   0.51004500E+02
 4227   0.60588380E+02
 4228   0.65992520E+02
 4229   0.54003180E+02
 4230   0.69678080E+02
 4231   0.21983195E+03
 4232   0.45934494E+03
 4233   0.37635772E+03
 4234   0.37109030E+03
 4235   0.45237269E+03
 4236   0.67180533E+03
 4237   0.25303553E+04
 4238   0.42560196E+04
 4239   0.18217280E+04
 4240   0.84882382E+03
 4241   0.47821524E+03
 4242   0.29524085E+03
 4243   0.19747888E+03
 4244   0.13724003E+03
 4245   0.98377020E+02
 4246   0.71588500E+02
 4247   0.63708630E+02
 4248   0.63214750E+02
 4249   0.41415820E+02
 4250   0.29508110E+02
 4251   0.59418800E+02
 4252   0.21392239E+03
 4253   0.28640132E+04
 4254   0.17648624E+04
 4255   0.14666125E+04
 4256   0.13476339E+04
 4257   0.10868229E+04
 4258   0.75880635E+03
 4259   0.52749439E+03
 4260   0.35693965E+03
 4261   0.23182953E+03
 4262   0.15807535E+03
 4263   0.11089341E+03
 4264   0.17945859E+03
 4265   0.17582236E+04
 4266   0.15111547E+04
 4267   0.91104606E+03
 4268   0.48102161E+03
 4269   0.27197362E+03
 4270   0.16779971E+03
 4271   0.11118113E+03
 4272   0.80474390E+02
 4273   0.79318260E+02
 4274   0.74352020E+02
 4275   0.61509490E+02
 4276   0.52430920E+02
 4277   0.44306730E+02
 4278   0.36480970E+02
 4279   0.29182770E+02
 4280   0.22458180E+02
 4281   0.17137200E+02
 4282   0.12478850E+02
 4283   0.10159050E+02
 4284   0.90132700E+01
 4285   0.87084013E+03
 4286   0.55751977E+03
 4287   0.36232355E+03
 4288   0.26019373E+03
 4289   0.22170649E+03
 4290   0.18130241E+03
 4291   0.13829735E+03
 4292   0.10371379E+03
 4293   0.92396780E+02
 4294   0.24707218E+03
 4295   0.44039946E+03
 4296   0.29440050E+03
 4297   0.20423114E+03
 4298   0.13764465E+03
 4299   0.92992400E+02
 4300   0.64088530E+02
 4301   0.46917840E+02
 4302   0.35150040E+02
 4303   0.26766830E+02
 4304   0.20812110E+02
 4305   0.17911370E+02
 4306   0.23939180E+02
 4307   0.41697340E+02
 4308   0.43814070E+02
 4309   0.40755530E+02
 4310   0.35936680E+02
 4311   0.31446210E+02
 4312   0.26401160E+02
 4313   0.21388700E+02
 4314   0.16404420E+02
 4315   0.13269120E+02
 4316   0.13050520E+02
 4317   0.74117597E+03
 4318   0.10670645E+04
 4319   0.61808777E+03
 4320   0.35390360E+03
 4321   0.21861010E+03
 4322   0.14538518E+03
 4323   0.10180283E+03
 4324   0.74261800E+02
 4325   0.55689160E+02
 4326   0.42715080E+02
 4327   0.33381960E+02
 4328   0.26453530E+02
 4329   0.20645620E+02
 4330   0.14723830E+02
 4331   0.10627050E+02
 4332   0.85758200E+01
 4333   0.72295500E+01
 4334   0.60952300E+01
 4335   0.51320600E+01
 4336   0.43776700E+01
 4337   0.38162300E+01
 4338   0.33232800E+01
 4339   0.29521600E+01
 4340   0.26383500E+01
 4341   0.23819200E+01
 4342   0.21505600E+01
 4343   0.20171700E+01
 4344   0.20128500E+01
 4345   0.19946800E+01
 4346   0.19307700E+01
 4347   0.19041400E+01
 4348   0.19389800E+01
 4349   0.19844000E+01
 4350   0.20203200E+01
 4351   0.20750100E+01
 4352   0.21130800E+01
 4353   0.21306200E+01
 4354   0.21373200E+01
 4355   0.21216600E+01
 4356   0.20712900E+01
 4357   0.19697800E+01
 4358   0.18542500E+01
 4359   0.17277700E+01
 4360   0.16000800E+01
 4361   0.14878400E+01
 4362   0.13824600E+01
 4363   0.12843600E+01
 4364   0.11957600E+01
 4365   0.11116900E+01
 4366   0.10264900E+01
 4367   0.93918000E+00
 4368   0.85645000E+00
 4369   0.78420000E+00
 4370   0.72303000E+00
 4371   0.67092000E+00
 4372   0.63713000E+00
 4373   0.76654000E+00
 4374   0.18016200E+01
 4375   0.40821600E+01
 4376   0.14085210E+02
 4377   0.20713400E+02
 4378   0.23469870E+02
 4379   0.22112310E+02
 4380   0.19480290E+02
 4381   0.16595860E+02
 4382   0.13570930E+02
 4383   0.12068790E+02
 4384   0.10830480E+02
 4385   0.10355160E+02
 4386   0.96693200E+01
 4387   0.96104900E+01
 4388   0.97674800E+01
 4389   0.97270300E+01
 4390   0.10354870E+02
 4391   0.10423420E+02
 4392   0.88746600E+01
 4393   0.75696300E+01
 4394   0.64539100E+01
 4395   0.54746100E+01
 4396   0.46666300E+01
 4397   0.40141900E+01
 4398   0.35529100E+01
 4399   0.31864700E+01
 4400   0.28679400E+01
 4401   0.26380800E+01
 4402   0.24533300E+01
 4403   0.22943500E+01
 4404   0.21611100E+01
 4405   0.20574400E+01
 4406   0.19874000E+01
 4407   0.19018400E+01
 4408   0.17914500E+01
 4409   0.16816000E+01
 4410   0.15756900E+01
 4411   0.14830800E+01
 4412   0.14043500E+01
 4413   0.13325800E+01
 4414   0.12706600E+01
 4415   0.12777500E+01
 4416   0.18111700E+01
 4417   0.40560700E+01
 4418   0.17980200E+02
 4419   0.44605360E+02
 4420   0.46722390E+02
 4421   0.40842380E+02
 4422   0.34168900E+02
 4423   0.26801600E+02
 4424   0.21763910E+02
 4425   0.17338820E+02
 4426   0.13594850E+02
 4427   0.11254690E+02
 4428   0.96824000E+01
 4429   0.84915000E+01
 4430   0.74485500E+01
 4431   0.65366400E+01
 4432   0.57079400E+01
 4433   0.62187700E+01
 4434   0.11604470E+02
 4435   0.50261680E+02
 4436   0.10759793E+03
 4437   0.11887348E+03
 4438   0.12036787E+03
 4439   0.19088230E+03
 4440   0.21762363E+03
 4441   0.18485233E+03
 4442   0.14058569E+03
 4443   0.10236637E+03
 4444   0.75746100E+02
 4445   0.57916060E+02
 4446   0.44809870E+02
 4447   0.35514570E+02
 4448   0.28487980E+02
 4449   0.22918960E+02
 4450   0.17808300E+02
 4451   0.13435300E+02
 4452   0.11485800E+02
 4453   0.14398250E+02
 4454   0.19159740E+02
 4455   0.36917110E+02
 4456   0.45521700E+02
 4457   0.56913130E+02
 4458   0.63617440E+02
 4459   0.71799520E+02
 4460   0.75285880E+02
 4461   0.71866330E+02
 4462   0.67548650E+02
 4463   0.58488730E+02
 4464   0.49223390E+02
 4465   0.44806200E+02
 4466   0.45974380E+02
 4467   0.52411820E+02
 4468   0.62568830E+02
 4469   0.68669780E+02
 4470   0.34631479E+03
 4471   0.84628283E+03
 4472   0.57577161E+03
 4473   0.36956381E+03
 4474   0.27658581E+03
 4475   0.25022276E+03
 4476   0.24470150E+03
 4477   0.31226262E+03
 4478   0.39401408E+03
 4479   0.37269457E+03
 4480   0.28798762E+03
 4481   0.22427391E+03
 4482   0.17829607E+03
 4483   0.13369754E+03
 4484   0.20168244E+03
 4485   0.12467609E+04
 4486   0.92369536E+03
 4487   0.55891718E+03
 4488   0.35511596E+03
 4489   0.32680555E+03
 4490   0.41531952E+03
 4491   0.38690435E+03
 4492   0.33301847E+03
 4493   0.33720219E+03
 4494   0.27956044E+03
 4495   0.20017099E+03
 4496   0.14441989E+03
 4497   0.10931946E+03
 4498   0.84641090E+02
 4499   0.69685790E+02
 4500   0.65477220E+02
 4501   0.91449520E+02
 4502   0.14204091E+03
 4503   0.13131671E+03
 4504   0.11357995E+03
 4505   0.10506645E+03
 4506   0.12510719E+03
 4507   0.11060870E+03
 4508   0.91337380E+02
 4509   0.74131180E+02
 4510   0.71454320E+02
 4511   0.24148984E+03
 4512   0.79539737E+03
 4513   0.81591781E+03
 4514   0.63448568E+03
 4515   0.44763885E+03
 4516   0.49118786E+03
 4517   0.63099044E+03
 4518   0.41731335E+03
 4519   0.29063343E+03
 4520   0.32755600E+03
 4521   0.35588299E+03
 4522   0.34781366E+03
 4523   0.49527491E+03
 4524   0.59894851E+03
 4525   0.47547223E+03
 4526   0.34889812E+03
 4527   0.26655406E+03
 4528   0.22511373E+03
 4529   0.28611629E+03
 4530   0.46660053E+03
 4531   0.57087856E+03
 4532   0.75873664E+03
 4533   0.54933711E+03
 4534   0.46364334E+03
 4535   0.69726713E+03
 4536   0.66020891E+03
 4537   0.10476161E+04
 4538   0.74216845E+03
 4539   0.46206223E+03
 4540   0.31944329E+03
 4541   0.26649931E+03
 4542   0.31959918E+03
 4543   0.32978131E+03
 4544   0.24925025E+03
 4545   0.17730460E+03
 4546   0.12827349E+03
 4547   0.96720270E+02
 4548   0.77444050E+02
 4549   0.65533460E+02
 4550   0.70795830E+02
 4551   0.99281900E+02
 4552   0.13851313E+03
 4553   0.11788729E+03
 4554   0.86535390E+02
 4555   0.63594150E+02
 4556   0.47945970E+02
 4557   0.39889450E+02
 4558   0.46954270E+02
 4559   0.42928660E+02
 4560   0.12105973E+03
 4561   0.17825390E+03
 4562   0.14030046E+03
 4563   0.16896887E+03
 4564   0.16950118E+04
 4565   0.88732509E+03
 4566   0.45766493E+03
 4567   0.27176008E+03
 4568   0.20505915E+03
 4569   0.34512965E+03
 4570   0.10908002E+04
 4571   0.15299720E+04
 4572   0.17463709E+04
 4573   0.14572501E+04
 4574   0.12770691E+04
 4575   0.12066564E+04
 4576   0.10042656E+04
 4577   0.96764400E+03
 4578   0.10438262E+04
 4579   0.73799813E+03
 4580   0.48608545E+03
 4581   0.38024466E+03
 4582   0.39091266E+03
 4583   0.35351653E+03
 4584   0.24430575E+03
 4585   0.15713126E+03
 4586   0.10903935E+03
 4587   0.82827520E+02
 4588   0.61363120E+02
 4589   0.42167900E+02
 4590   0.30325420E+02
 4591   0.22740300E+02
 4592   0.19334900E+02
 4593   0.17919180E+02
 4594   0.21653100E+02
 4595   0.45364720E+02
 4596   0.30911890E+02
 4597   0.21275540E+02
 4598   0.41555530E+02
 4599   0.61764030E+02
 4600   0.62583750E+02
 4601   0.95987090E+02
 4602   0.15531994E+04
 4603   0.17355796E+04
 4604   0.91485174E+03
 4605   0.50379542E+03
 4606   0.29833131E+03
 4607   0.19150238E+03
 4608   0.13620226E+03
 4609   0.11373570E+03
 4610   0.16577487E+03
 4611   0.20996346E+04
 4612   0.19333305E+04
 4613   0.11606018E+04
 4614   0.15832854E+04
 4615   0.10323572E+04
 4616   0.68032724E+03
 4617   0.44626508E+03
 4618   0.27693773E+03
 4619   0.18148226E+03
 4620   0.14909778E+03
 4621   0.12931493E+03
 4622   0.12901994E+03
 4623   0.13323859E+03
 4624   0.10015223E+03
 4625   0.77328250E+02
 4626   0.60232920E+02
 4627   0.44464150E+02
 4628   0.36839500E+02
 4629   0.45793240E+02
 4630   0.47256240E+02
 4631   0.58346610E+02
 4632   0.54846220E+02
 4633   0.66973240E+02
 4634   0.97451680E+02
 4635   0.20224453E+03
 4636   0.21475135E+03
 4637   0.13832590E+03
 4638   0.83297700E+02
 4639   0.70636950E+02
 4640   0.23365995E+03
 4641   0.54971745E+03
 4642   0.56912618E+03
 4643   0.43932173E+03
 4644   0.30551739E+03
 4645   0.20983817E+03
 4646   0.14613918E+03
 4647   0.10293360E+03
 4648   0.73256000E+02
 4649   0.53429260E+02
 4650   0.40797420E+02
 4651   0.31352250E+02
 4652   0.24241700E+02
 4653   0.18241150E+02
 4654   0.13140330E+02
 4655   0.10196790E+02
 4656   0.81569100E+01
 4657   0.66682100E+01
 4658   0.55601400E+01
 4659   0.45961000E+01
 4660   0.38429000E+01
 4661   0.33638300E+01
 4662   0.30029000E+01
 4663   0.26860200E+01
 4664   0.24100200E+01
 4665   0.21755100E+01
 4666   0.19146500E+01
 4667   0.16941800E+01
 4668   0.14969300E+01
 4669   0.13283800E+01
 4670   0.11910000E+01
 4671   0.10784500E+01
 4672   0.98300000E+00
 4673   0.89639000E+00
 4674   0.81482000E+00
 4675   0.73895000E+00
 4676   0.67098000E+00
 4677   0.61169000E+00
 4678   0.56025000E+00
 4679   0.51532000E+00
 4680   0.47570000E+00
 4681   0.44050000E+00
 4682   0.40905000E+00
 4683   0.38084000E+00
 4684   0.35546000E+00
 4685   0.33256000E+00
 4686   0.31186000E+00
 4687   0.29315000E+00
 4688   0.27703000E+00
 4689   0.27296000E+00
 4690   0.34857000E+00
 4691   0.58377000E+00
 4692   0.80427000E+00
 4693   0.90020000E+00
 4694   0.90828000E+00
 4695   0.86887000E+00
 4696   0.81066000E+00
 4697   0.75140000E+00
 4698   0.32334400E+01
 4699   0.16608300E+02
 4700   0.21362560E+02
 4701   0.20628370E+02
 4702   0.18295030E+02
 4703   0.18457780E+02
 4704   0.19416020E+02
 4705   0.23647620E+02
 4706   0.23229670E+02
 4707   0.23256490E+02
 4708   0.23410340E+02
 4709   0.19702200E+02
 4710   0.13025070E+02
 4711   0.93079200E+01
 4712   0.72331700E+01
 4713   0.58094600E+01
 4714   0.47706600E+01
 4715   0.40121400E+01
 4716   0.34216100E+01
 4717   0.29830300E+01
 4718   0.26315600E+01
 4719   0.23227700E+01
 4720   0.24433300E+01
 4721   0.22077100E+01
 4722   0.40787800E+01
 4723   0.98783100E+01
 4724   0.16739130E+02
 4725   0.20054270E+02
 4726   0.21662460E+02
 4727   0.22183840E+02
 4728   0.22609510E+02
 4729   0.24821580E+02
 4730   0.29159280E+02
 4731   0.26713000E+02
 4732   0.25177240E+02
 4733   0.23630110E+02
 4734   0.20315850E+02
 4735   0.15343730E+02
 4736   0.11169620E+02
 4737   0.86848200E+01
 4738   0.70218300E+01
 4739   0.58234900E+01
 4740   0.49144600E+01
 4741   0.41959300E+01
 4742   0.36071200E+01
 4743   0.31462400E+01
 4744   0.28163500E+01
 4745   0.25621800E+01
 4746   0.23341800E+01
 4747   0.21018400E+01
 4748   0.18676000E+01
 4749   0.16872700E+01
 4750   0.15205200E+01
 4751   0.13736800E+01
 4752   0.12595700E+01
 4753   0.11658400E+01
 4754   0.10829300E+01
 4755   0.10007300E+01
 4756   0.91530000E+00
 4757   0.83244000E+00
 4758   0.75809000E+00
 4759   0.69316000E+00
 4760   0.64890000E+00
 4761   0.15254400E+01
 4762   0.34131400E+01
 4763   0.23965230E+02
 4764   0.88801610E+02
 4765   0.10601516E+03
 4766   0.94576330E+02
 4767   0.77523590E+02
 4768   0.61239520E+02
 4769   0.47311370E+02
 4770   0.36331100E+02
 4771   0.27721220E+02
 4772   0.20236390E+02
 4773   0.15320070E+02
 4774   0.12140420E+02
 4775   0.10030190E+02
 4776   0.85646000E+01
 4777   0.75154100E+01
 4778   0.65380700E+01
 4779   0.56870600E+01
 4780   0.49938700E+01
 4781   0.43869800E+01
 4782   0.38113100E+01
 4783   0.33274700E+01
 4784   0.29851000E+01
 4785   0.27381100E+01
 4786   0.25142800E+01
 4787   0.22815000E+01
 4788   0.20114700E+01
 4789   0.17816100E+01
 4790   0.16119600E+01
 4791   0.15742100E+01
 4792   0.21502400E+01
 4793   0.44281600E+01
 4794   0.15793950E+02
 4795   0.44418610E+02
 4796   0.51644430E+02
 4797   0.47734470E+02
 4798   0.43631310E+02
 4799   0.38841440E+02
 4800   0.34413430E+02
 4801   0.29512940E+02
 4802   0.23624550E+02
 4803   0.19081130E+02
 4804   0.14831160E+02
 4805   0.11672620E+02
 4806   0.96607700E+01
 4807   0.82887200E+01
 4808   0.72216700E+01
 4809   0.62681300E+01
 4810   0.54992300E+01
 4811   0.48587600E+01
 4812   0.42836900E+01
 4813   0.37476500E+01
 4814   0.32860500E+01
 4815   0.29410700E+01
 4816   0.26691500E+01
 4817   0.24214500E+01
 4818   0.22221000E+01
 4819   0.19912000E+01
 4820   0.17921900E+01
 4821   0.16202100E+01
 4822   0.15213000E+01
 4823   0.13767900E+01
 4824   0.13026300E+01
 4825   0.13164200E+01
 4826   0.12820400E+01
 4827   0.11410100E+01
 4828   0.99666000E+00
 4829   0.88328000E+00
 4830   0.79116000E+00
 4831   0.71355000E+00
 4832   0.64778000E+00
 4833   0.59256000E+00
 4834   0.54721000E+00
 4835   0.51339000E+00
 4836   0.48529000E+00
 4837   0.45645000E+00
 4838   0.42962000E+00
 4839   0.47235000E+00
 4840   0.69983000E+00
 4841   0.37499500E+01
 4842   0.60234500E+01
 4843   0.50741300E+01
 4844   0.37831300E+01
 4845   0.29167800E+01
 4846   0.23441300E+01
 4847   0.18165700E+01
 4848   0.13729200E+01
 4849   0.10077300E+01
 4850   0.80591000E+00
 4851   0.67661000E+00
 4852   0.59435000E+00
 4853   0.75254000E+00
 4854   0.53007200E+01
 4855   0.66812960E+02
 4856   0.10869724E+03
 4857   0.93337030E+02
 4858   0.73335690E+02
 4859   0.59081170E+02
 4860   0.47318910E+02
 4861   0.38324710E+02
 4862   0.31382940E+02
 4863   0.25579760E+02
 4864   0.43189220E+02
 4865   0.36322424E+03
 4866   0.50923131E+03
 4867   0.39918104E+03
 4868   0.26475465E+03
 4869   0.17828836E+03
 4870   0.12474088E+03
 4871   0.93046440E+02
 4872   0.11382648E+03
 4873   0.83973211E+03
 4874   0.12972613E+04
 4875   0.10311246E+04
 4876   0.67117168E+03
 4877   0.42960833E+03
 4878   0.27868544E+03
 4879   0.18872456E+03
 4880   0.13330624E+03
 4881   0.95451830E+02
 4882   0.69809640E+02
 4883   0.54161910E+02
 4884   0.48926030E+02
 4885   0.14644781E+03
 4886   0.27367044E+03
 4887   0.33023737E+03
 4888   0.87608677E+03
 4889   0.11547437E+04
 4890   0.72287603E+03
 4891   0.43988262E+03
 4892   0.30731497E+03
 4893   0.30557791E+03
 4894   0.45160027E+03
 4895   0.37921133E+03
 4896   0.34548233E+03
 4897   0.39358258E+03
 4898   0.44176635E+03
 4899   0.51566863E+03
 4900   0.49065018E+03
 4901   0.40098277E+03
 4902   0.34238992E+03
 4903   0.34115143E+03
 4904   0.87582495E+03
 4905   0.15407079E+04
 4906   0.17677493E+04
 4907   0.15190645E+04
 4908   0.81332563E+03
 4909   0.45436014E+03
 4910   0.29031438E+03
 4911   0.21055427E+03
 4912   0.18674938E+03
 4913   0.17524828E+03
 4914   0.19477139E+03
 4915   0.15681522E+03
 4916   0.11791112E+03
 4917   0.87456210E+02
 4918   0.72359530E+02
 4919   0.11810535E+03
 4920   0.33934600E+04
 4921   0.31191984E+04
 4922   0.15046450E+04
 4923   0.78048960E+03
 4924   0.86989617E+03
 4925   0.77083507E+03
 4926   0.57163454E+03
 4927   0.82552211E+03
 4928   0.55207943E+04
 4929   0.26739081E+04
 4930   0.25542858E+04
 4931   0.42947432E+04
 4932   0.45961214E+04
 4933   0.45627831E+04
 4934   0.28163950E+04
 4935   0.13026549E+04
 4936   0.65155087E+03
 4937   0.36061877E+03
 4938   0.22274974E+03
 4939   0.16285239E+03
 4940   0.15336285E+03
 4941   0.18872463E+03
 4942   0.19150141E+03
 4943   0.13821375E+03
 4944   0.90822890E+02
 4945   0.61025020E+02
 4946   0.43687060E+02
 4947   0.36034860E+02
 4948   0.27406880E+02
 4949   0.19148250E+02
 4950   0.12084730E+02
 4951   0.85721100E+01
 4952   0.66196500E+01
 4953   0.52933200E+01
 4954   0.44025900E+01
 4955   0.37943300E+01
 4956   0.50379300E+01
 4957   0.79384100E+01
 4958   0.10724270E+02
 4959   0.12257510E+02
 4960   0.11798180E+02
 4961   0.23350250E+02
 4962   0.10525528E+03
 4963   0.48500317E+03
 4964   0.54438011E+03
 4965   0.50959995E+03
 4966   0.65528143E+03
 4967   0.65919618E+03
 4968   0.56815643E+03
 4969   0.61057451E+03
 4970   0.56028085E+03
 4971   0.47188685E+03
 4972   0.37254671E+03
 4973   0.30712346E+03
 4974   0.33097188E+03
 4975   0.48628901E+03
 4976   0.56165345E+03
 4977   0.46455906E+03
 4978   0.35045883E+03
 4979   0.31067147E+03
 4980   0.38179549E+03
 4981   0.39186174E+03
 4982   0.32324194E+03
 4983   0.27593017E+03
 4984   0.34723847E+03
 4985   0.42753669E+04
 4986   0.40468661E+04
 4987   0.16217380E+04
 4988   0.11826571E+04
 4989   0.15329551E+04
 4990   0.10297647E+04
 4991   0.63966190E+03
 4992   0.38138448E+03
 4993   0.24518954E+03
 4994   0.16048081E+03
 4995   0.11715500E+03
 4996   0.84459490E+02
 4997   0.64126010E+02
 4998   0.53898560E+02
 4999   0.44169260E+02
 5000   0.34760770E+02
 5001   0.29176480E+02
 5002   0.27231580E+02
 5003   0.47642542E+03
 5004   0.13931030E+04
 5005   0.75082949E+03
 5006   0.40196743E+03
 5007   0.23824307E+03
 5008   0.15507129E+03
 5009   0.14331476E+03
 5010   0.21077912E+03
 5011   0.19093782E+03
 5012   0.13909664E+03
 5013   0.95933830E+02
 5014   0.75093020E+02
 5015   0.11152986E+04
 5016   0.20182135E+04
 5017   0.13056054E+04
 5018   0.73338562E+03
 5019   0.41015166E+03
 5020   0.24808438E+03
 5021   0.16135935E+03
 5022   0.11009640E+03
 5023   0.78516940E+02
 5024   0.57957140E+02
 5025   0.44080630E+02
 5026   0.34240690E+02
 5027   0.26571460E+02
 5028   0.19741120E+02
 5029   0.14378240E+02
 5030   0.11113460E+02
 5031   0.95681200E+01
 5032   0.90971500E+01
 5033   0.86735600E+01
 5034   0.79000600E+01
 5035   0.68930000E+01
 5036   0.59139400E+01
 5037   0.50847500E+01
 5038   0.44464500E+01
 5039   0.83692800E+01
 5040   0.13788930E+02
 5041   0.16848360E+02
 5042   0.94054880E+02
 5043   0.83562110E+02
 5044   0.63652930E+02
 5045   0.49806480E+02
 5046   0.41061440E+02
 5047   0.36211450E+02
 5048   0.71958220E+02
 5049   0.74650460E+02
 5050   0.59755210E+02
 5051   0.46083220E+02
 5052   0.35640110E+02
 5053   0.27688560E+02
 5054   0.21518600E+02
 5055   0.15815440E+02
 5056   0.11648360E+02
 5057   0.93061000E+01
 5058   0.76661600E+01
 5059   0.62111900E+01
 5060   0.51899900E+01
 5061   0.45298700E+01
 5062   0.39586200E+01
 5063   0.34553100E+01
 5064   0.30559200E+01
 5065   0.28203400E+01
 5066   0.25989200E+01
 5067   0.24887000E+01
 5068   0.27460500E+01
 5069   0.30092400E+01
 5070   0.31416200E+01
 5071   0.31246000E+01
 5072   0.30166400E+01
 5073   0.28671000E+01
 5074   0.27599700E+01
 5075   0.33930200E+01
 5076   0.69261800E+01
 5077   0.54834460E+02
 5078   0.13198543E+03
 5079   0.10666394E+03
 5080   0.81043230E+02
 5081   0.56769710E+02
 5082   0.39160050E+02
 5083   0.27201850E+02
 5084   0.18971250E+02
 5085   0.12543890E+02
 5086   0.93172800E+01
 5087   0.79395500E+01
 5088   0.76260000E+01
 5089   0.82612300E+01
 5090   0.13947320E+02
 5091   0.22194980E+02
 5092   0.32268070E+02
 5093   0.35750580E+02
 5094   0.33735380E+02
 5095   0.29546330E+02
 5096   0.24880290E+02
 5097   0.20257900E+02
 5098   0.15231400E+02
 5099   0.11579520E+02
 5100   0.90067300E+01
 5101   0.75507200E+01
 5102   0.64497800E+01
 5103   0.55167300E+01
 5104   0.46769900E+01
 5105   0.40289000E+01
 5106   0.35566900E+01
 5107   0.31149200E+01
 5108   0.27680100E+01
 5109   0.24933000E+01
 5110   0.22691200E+01
 5111   0.20462800E+01
 5112   0.18543200E+01
 5113   0.16932700E+01
 5114   0.15386200E+01
 5115   0.13619200E+01
 5116   0.11950300E+01
 5117   0.10580100E+01
 5118   0.95574000E+00
 5119   0.87408000E+00
 5120   0.80561000E+00
 5121   0.75271000E+00
 5122   0.71845000E+00
 5123   0.71255000E+00
 5124   0.70929000E+00
 5125   0.73191000E+00
 5126   0.77467000E+00
 5127   0.11404500E+01
 5128   0.15450300E+01
 5129   0.51259300E+01
 5130   0.15494750E+02
 5131   0.28978990E+02
 5132   0.44432920E+02
 5133   0.41459490E+02
 5134   0.32688960E+02
 5135   0.24747450E+02
 5136   0.19006030E+02
 5137   0.15358940E+02
 5138   0.13463110E+02
 5139   0.11971790E+02
 5140   0.10486430E+02
 5141   0.86894400E+01
 5142   0.75428400E+01
 5143   0.66695200E+01
 5144   0.57960700E+01
 5145   0.50593500E+01
 5146   0.44645800E+01
 5147   0.39947400E+01
 5148   0.36062400E+01
 5149   0.34030400E+01
 5150   0.32506400E+01
 5151   0.31153700E+01
 5152   0.29527600E+01
 5153   0.27541600E+01
 5154   0.25575300E+01
 5155   0.23566300E+01
 5156   0.21109300E+01
 5157   0.18431200E+01
 5158   0.16337800E+01
 5159   0.14284400E+01
 5160   0.12664800E+01
 5161   0.12859000E+01
 5162   0.19799300E+01
 5163   0.41469400E+01
 5164   0.12247980E+02
 5165   0.17671020E+02
 5166   0.28043540E+02
 5167   0.45429730E+02
 5168   0.51256650E+02
 5169   0.51324890E+02
 5170   0.48393980E+02
 5171   0.40813940E+02
 5172   0.34738480E+02
 5173   0.28864330E+02
 5174   0.23640090E+02
 5175   0.19000690E+02
 5176   0.14659100E+02
 5177   0.11723030E+02
 5178   0.97581700E+01
 5179   0.82788700E+01
 5180   0.72002700E+01
 5181   0.68649900E+01
 5182   0.70355800E+01
 5183   0.76795100E+01
 5184   0.96194900E+01
 5185   0.11254310E+02
 5186   0.13620850E+02
 5187   0.18434720E+02
 5188   0.31532310E+02
 5189   0.61221230E+02
 5190   0.96751810E+02
 5191   0.11550175E+03
 5192   0.14494294E+03
 5193   0.50025404E+03
 5194   0.48501978E+03
 5195   0.36478629E+03
 5196   0.28074787E+03
 5197   0.21978907E+03
 5198   0.16893596E+03
 5199   0.13732411E+03
 5200   0.14857650E+03
 5201   0.39145363E+03
 5202   0.39488952E+03
 5203   0.29288473E+03
 5204   0.20326093E+03
 5205   0.14201479E+03
 5206   0.10150115E+03
 5207   0.75222260E+02
 5208   0.57050330E+02
 5209   0.44131830E+02
 5210   0.34515780E+02
 5211   0.27005100E+02
 5212   0.19941220E+02
 5213   0.14481870E+02
 5214   0.11303750E+02
 5215   0.91670600E+01
 5216   0.76562300E+01
 5217   0.67285500E+01
 5218   0.60284700E+01
 5219   0.58670100E+01
 5220   0.55279900E+01
 5221   0.52884400E+01
 5222   0.51223600E+01
 5223   0.46469800E+01
 5224   0.41630700E+01
 5225   0.38190200E+01
 5226   0.35162800E+01
 5227   0.32741300E+01
 5228   0.39138600E+01
 5229   0.56710200E+01
 5230   0.87417300E+01
 5231   0.20211170E+02
 5232   0.56397980E+02
 5233   0.75960680E+02
 5234   0.76092430E+02
 5235   0.72460890E+02
 5236   0.75302020E+02
 5237   0.79542130E+02
 5238   0.90433780E+02
 5239   0.84866830E+02
 5240   0.70828360E+02
 5241   0.56866720E+02
 5242   0.44819330E+02
 5243   0.34289580E+02
 5244   0.27408910E+02
 5245   0.21881130E+02
 5246   0.16454550E+02
 5247   0.12618110E+02
 5248   0.10517300E+02
 5249   0.94212800E+01
 5250   0.10443580E+02
 5251   0.18226320E+03
 5252   0.10891714E+04
 5253   0.12877380E+04
 5254   0.18865052E+04
 5255   0.13898681E+04
 5256   0.74631474E+03
 5257   0.48102979E+03
 5258   0.42182375E+03
 5259   0.41791814E+03
 5260   0.40445293E+03
 5261   0.58534924E+03
 5262   0.80813679E+03
 5263   0.80247981E+03
 5264   0.86268374E+03
 5265   0.95049867E+03
 5266   0.94724723E+03
 5267   0.89077748E+03
 5268   0.66435177E+03
 5269   0.46786117E+03
 5270   0.40082432E+03
 5271   0.50127038E+03
 5272   0.60642216E+03
 5273   0.43517531E+03
 5274   0.33594222E+03
 5275   0.37835901E+03
 5276   0.53067080E+03
 5277   0.94081564E+03
 5278   0.18964467E+04
 5279   0.30495523E+04
 5280   0.26027992E+04
 5281   0.18117556E+04
 5282   0.24081821E+04
 5283   0.20617685E+04
 5284   0.13084775E+04
 5285   0.72909128E+03
 5286   0.43013516E+03
 5287   0.27967403E+03
 5288   0.20555769E+03
 5289   0.16511485E+03
 5290   0.13080586E+03
 5291   0.94838120E+02
 5292   0.66302790E+02
 5293   0.47608010E+02
 5294   0.38763060E+02
 5295   0.33712250E+02
 5296   0.32609250E+02
 5297   0.16294101E+04
 5298   0.22336467E+04
 5299   0.20409477E+04
 5300   0.14296296E+04
 5301   0.86933275E+03
 5302   0.62301258E+03
 5303   0.71193422E+03
 5304   0.15416147E+04
 5305   0.21629398E+04
 5306   0.28086812E+04
 5307   0.19846621E+04
 5308   0.11950834E+04
 5309   0.81674507E+03
 5310   0.62651004E+03
 5311   0.43720136E+03
 5312   0.27409144E+03
 5313   0.17631418E+03
 5314   0.11893039E+03
 5315   0.84727780E+02
 5316   0.72079640E+02
 5317   0.87644940E+02
 5318   0.12976394E+03
 5319   0.15896339E+03
 5320   0.18253169E+03
 5321   0.15401927E+03
 5322   0.12185045E+03
 5323   0.94415050E+02
 5324   0.71831600E+02
 5325   0.54479460E+02
 5326   0.41559450E+02
 5327   0.31197100E+02
 5328   0.23636300E+02
 5329   0.18087960E+02
 5330   0.12973260E+02
 5331   0.11214110E+02
 5332   0.15696060E+02
 5333   0.48994040E+02
 5334   0.80899290E+02
 5335   0.15587687E+04
 5336   0.89261237E+03
 5337   0.58036581E+03
 5338   0.41859212E+03
 5339   0.28130292E+03
 5340   0.20554872E+03
 5341   0.20459305E+03
 5342   0.30348085E+03
 5343   0.51461757E+03
 5344   0.52953116E+03
 5345   0.38643962E+03
 5346   0.26053344E+03
 5347   0.20563740E+03
 5348   0.22111950E+03
 5349   0.22721533E+03
 5350   0.15431037E+03
 5351   0.11083822E+03
 5352   0.91323880E+02
 5353   0.65910940E+03
 5354   0.25736485E+04
 5355   0.22164754E+04
 5356   0.11203934E+04
 5357   0.58462314E+03
 5358   0.33927718E+03
 5359   0.24529062E+03
 5360   0.39801683E+03
 5361   0.31863862E+04
 5362   0.42354154E+04
 5363   0.23748612E+04
 5364   0.12916878E+04
 5365   0.71887522E+03
 5366   0.45098440E+03
 5367   0.34167102E+03
 5368   0.28258892E+03
 5369   0.21127728E+03
 5370   0.15047031E+03
 5371   0.10558602E+03
 5372   0.76433400E+02
 5373   0.57389960E+02
 5374   0.43867350E+02
 5375   0.35091230E+02
 5376   0.28624580E+02
 5377   0.25882470E+02
 5378   0.88873190E+02
 5379   0.11718110E+03
 5380   0.10218149E+03
 5381   0.89556270E+02
 5382   0.97271200E+02
 5383   0.11037589E+03
 5384   0.93898140E+02
 5385   0.73169850E+02
 5386   0.57419210E+02
 5387   0.47974720E+02
 5388   0.41234460E+02
 5389   0.34271240E+02
 5390   0.28083140E+02
 5391   0.22814200E+02
 5392   0.17812680E+02
 5393   0.13203490E+02
 5394   0.10452420E+02
 5395   0.85515500E+01
 5396   0.72480300E+01
 5397   0.77547700E+01
 5398   0.80967500E+01
 5399   0.10829100E+02
 5400   0.97697640E+02
 5401   0.23005220E+03
 5402   0.19419995E+03
 5403   0.14064157E+03
 5404   0.10179651E+03
 5405   0.78022930E+02
 5406   0.68591850E+02
 5407   0.59089910E+02
 5408   0.48338180E+02
 5409   0.38103570E+02
 5410   0.29943190E+02
 5411   0.23473670E+02
 5412   0.17306320E+02
 5413   0.12212460E+02
 5414   0.93948400E+01
 5415   0.76065100E+01
 5416   0.63118000E+01
 5417   0.52077000E+01
 5418   0.43054200E+01
 5419   0.37509500E+01
 5420   0.33015300E+01
 5421   0.29384800E+01
 5422   0.26205100E+01
 5423   0.23542000E+01
 5424   0.21296700E+01
 5425   0.19106100E+01
 5426   0.17126300E+01
 5427   0.45967700E+01
 5428   0.75033400E+01
 5429   0.71133092E+03
 5430   0.54708205E+03
 5431   0.35303827E+03
 5432   0.23253893E+03
 5433   0.15910652E+03
 5434   0.11246325E+03
 5435   0.81845310E+02
 5436   0.60976510E+02
 5437   0.45666210E+02
 5438   0.34653480E+02
 5439   0.27589080E+02
 5440   0.21743370E+02
 5441   0.16166870E+02
 5442   0.11937830E+02
 5443   0.96275600E+01
 5444   0.80230900E+01
 5445   0.68002100E+01
 5446   0.62914500E+01
 5447   0.61087400E+01
 5448   0.55903800E+01
 5449   0.51240700E+01
 5450   0.47133900E+01
 5451   0.43766500E+01
 5452   0.42252600E+01
 5453   0.41408100E+01
 5454   0.39794000E+01
 5455   0.40730600E+01
 5456   0.46795900E+01
 5457   0.50423700E+01
 5458   0.48562900E+01
 5459   0.43827800E+01
 5460   0.39440600E+01
 5461   0.43180700E+01
 5462   0.10393120E+02
 5463   0.12156725E+03
 5464   0.33675238E+03
 5465   0.27000554E+03
 5466   0.19033336E+03
 5467   0.13747631E+03
 5468   0.99730040E+02
 5469   0.73628080E+02
 5470   0.56133320E+02
 5471   0.43446770E+02
 5472   0.34397070E+02
 5473   0.27462350E+02
 5474   0.21834290E+02
 5475   0.16534450E+02
 5476   0.12321530E+02
 5477   0.98934500E+01
 5478   0.80781700E+01
 5479   0.65075100E+01
 5480   0.54679900E+01
 5481   0.48396400E+01
 5482   0.42838000E+01
 5483   0.37705800E+01
 5484   0.33186200E+01
 5485   0.29609900E+01
 5486   0.26712100E+01
 5487   0.24241600E+01
 5488   0.21909600E+01
 5489   0.19661300E+01
 5490   0.18002700E+01
 5491   0.17666700E+01
 5492   0.17484900E+01
 5493   0.16578900E+01
 5494   0.15304700E+01
 5495   0.13589200E+01
 5496   0.11729500E+01
 5497   0.10214400E+01
 5498   0.91644000E+00
 5499   0.84020000E+00
 5500   0.77775000E+00
 5501   0.71933000E+00
 5502   0.66206000E+00
 5503   0.60710000E+00
 5504   0.55645000E+00
 5505   0.51180000E+00
 5506   0.47456000E+00
 5507   0.14022600E+01
 5508   0.67247100E+01
 5509   0.24288349E+03
 5510   0.41879466E+03
 5511   0.31906234E+03
 5512   0.22008076E+03
 5513   0.15466952E+03
 5514   0.11169302E+03
 5515   0.82462920E+02
 5516   0.62206160E+02
 5517   0.47856730E+02
 5518   0.37552500E+02
 5519   0.35577590E+02
 5520   0.41898650E+02
 5521   0.61741400E+02
 5522   0.60011770E+02
 5523   0.50428860E+02
 5524   0.41539940E+02
 5525   0.34099140E+02
 5526   0.29844780E+02
 5527   0.34672460E+02
 5528   0.67962670E+02
 5529   0.11345100E+03
 5530   0.10725036E+03
 5531   0.85815300E+02
 5532   0.67993070E+02
 5533   0.54259780E+02
 5534   0.43615210E+02
 5535   0.35337970E+02
 5536   0.28959690E+02
 5537   0.23812130E+02
 5538   0.19048530E+02
 5539   0.14452440E+02
 5540   0.10829940E+02
 5541   0.90178700E+01
 5542   0.78111600E+01
 5543   0.66546000E+01
 5544   0.56797700E+01
 5545   0.49546500E+01
 5546   0.43821700E+01
 5547   0.39349900E+01
 5548   0.35844200E+01
 5549   0.32943500E+01
 5550   0.30840200E+01
 5551   0.29105300E+01
 5552   0.27499100E+01
 5553   0.26470600E+01
 5554   0.25642700E+01
 5555   0.24806100E+01
 5556   0.24043500E+01
 5557   0.23998300E+01
 5558   0.25605000E+01
 5559   0.28096200E+01
 5560   0.29663600E+01
 5561   0.30043200E+01
 5562   0.29007500E+01
 5563   0.27536700E+01
 5564   0.26351100E+01
 5565   0.32986500E+01
 5566   0.10681340E+02
 5567   0.21408190E+02
 5568   0.36038610E+02
 5569   0.37613870E+02
 5570   0.33862000E+02
 5571   0.27659240E+02
 5572   0.22034260E+02
 5573   0.17420050E+02
 5574   0.18172010E+02
 5575   0.25511350E+02
 5576   0.42168490E+02
 5577   0.49726190E+02
 5578   0.51965160E+02
 5579   0.47103120E+02
 5580   0.38621670E+02
 5581   0.29382130E+02
 5582   0.25103910E+02
 5583   0.29321410E+02
 5584   0.11565708E+03
 5585   0.32718017E+03
 5586   0.28716881E+03
 5587   0.20905274E+03
 5588   0.14788832E+03
 5589   0.10539000E+03
 5590   0.76747370E+02
 5591   0.56252740E+02
 5592   0.41930540E+02
 5593   0.33031220E+02
 5594   0.25788990E+02
 5595   0.19822490E+02
 5596   0.16059560E+02
 5597   0.29992350E+02
 5598   0.78492260E+02
 5599   0.86522010E+02
 5600   0.77753130E+02
 5601   0.63670510E+02
 5602   0.49770980E+02
 5603   0.40186510E+02
 5604   0.32512000E+02
 5605   0.26430640E+02
 5606   0.23175270E+02
 5607   0.32216590E+02
 5608   0.19434900E+03
 5609   0.25385128E+03
 5610   0.26433295E+03
 5611   0.31922996E+03
 5612   0.30408730E+03
 5613   0.23448907E+03
 5614   0.17136351E+03
 5615   0.13277438E+03
 5616   0.11877225E+03
 5617   0.11476428E+03
 5618   0.10304251E+03
 5619   0.83555000E+02
 5620   0.65431590E+02
 5621   0.55427580E+02
 5622   0.50638130E+02
 5623   0.57916050E+02
 5624   0.54205180E+02
 5625   0.49853850E+02
 5626   0.42260540E+02
 5627   0.38740710E+02
 5628   0.35707260E+02
 5629   0.30352420E+02
 5630   0.25492690E+02
 5631   0.27412170E+02
 5632   0.32646300E+02
 5633   0.32900620E+02
 5634   0.34786010E+02
 5635   0.48703970E+02
 5636   0.15305088E+03
 5637   0.24631092E+03
 5638   0.20221618E+03
 5639   0.17847177E+03
 5640   0.16151227E+03
 5641   0.14953216E+03
 5642   0.14866865E+03
 5643   0.16984030E+03
 5644   0.25927511E+03
 5645   0.38863444E+03
 5646   0.43451059E+03
 5647   0.36909056E+03
 5648   0.30905188E+03
 5649   0.40270563E+03
 5650   0.55767903E+03
 5651   0.48655620E+03
 5652   0.35690020E+03
 5653   0.27892713E+03
 5654   0.25081096E+03
 5655   0.31001562E+03
 5656   0.62005223E+03
 5657   0.11361988E+04
 5658   0.73256439E+03
 5659   0.50668859E+03
 5660   0.40225899E+03
 5661   0.38903188E+03
 5662   0.40284648E+03
 5663   0.31338059E+03
 5664   0.25439026E+03
 5665   0.35957068E+03
 5666   0.27987417E+03
 5667   0.37804386E+03
 5668   0.11457140E+04
 5669   0.11828183E+04
 5670   0.17379257E+04
 5671   0.13311897E+04
 5672   0.10859039E+04
 5673   0.15093613E+04
 5674   0.15978715E+04
 5675   0.32308234E+04
 5676   0.45542734E+04
 5677   0.81046458E+04
 5678   0.60677323E+04
 5679   0.22387799E+04
 5680   0.10847082E+04
 5681   0.71152087E+03
 5682   0.64210581E+03
 5683   0.60949086E+03
 5684   0.40631339E+03
 5685   0.23767901E+03
 5686   0.14376017E+03
 5687   0.93677760E+02
 5688   0.67332390E+02
 5689   0.54132010E+02
 5690   0.48032540E+02
 5691   0.52108740E+02
 5692   0.66227020E+02
 5693   0.40195020E+02
 5694   0.27626780E+02
 5695   0.81605660E+02
 5696   0.12473927E+03
 5697   0.14771028E+03
 5698   0.18506605E+03
 5699   0.34866186E+03
 5700   0.30755710E+03
 5701   0.20148199E+03
 5702   0.12876058E+03
 5703   0.93066490E+02
 5704   0.91680300E+02
 5705   0.92330840E+02
 5706   0.15994746E+03
 5707   0.35849906E+03
 5708   0.41175065E+03
 5709   0.51434980E+03
 5710   0.51627748E+03
 5711   0.54989631E+03
 5712   0.66770623E+03
 5713   0.68582873E+03
 5714   0.53210778E+03
 5715   0.34691565E+03
 5716   0.22391267E+03
 5717   0.14821103E+03
 5718   0.10428545E+03
 5719   0.75991340E+02
 5720   0.63007240E+02
 5721   0.59455570E+02
 5722   0.52811670E+02
 5723   0.43401030E+02
 5724   0.34461870E+02
 5725   0.26789850E+02
 5726   0.22931690E+02
 5727   0.17657100E+02
 5728   0.74695830E+03
 5729   0.51426801E+03
 5730   0.38216465E+03
 5731   0.30785651E+03
 5732   0.23017360E+03
 5733   0.17217111E+03
 5734   0.13352958E+03
 5735   0.12431296E+03
 5736   0.11250897E+03
 5737   0.89469670E+02
 5738   0.68521600E+02
 5739   0.52632500E+02
 5740   0.41019530E+02
 5741   0.32348290E+02
 5742   0.25545750E+02
 5743   0.19633400E+02
 5744   0.14045750E+02
 5745   0.10293100E+02
 5746   0.83245900E+01
 5747   0.70111700E+01
 5748   0.58804800E+01
 5749   0.49803800E+01
 5750   0.42534000E+01
 5751   0.36942700E+01
 5752   0.32174900E+01
 5753   0.28368600E+01
 5754   0.25397300E+01
 5755   0.23153700E+01
 5756   0.21169000E+01
 5757   0.19368100E+01
 5758   0.17632000E+01
 5759   0.15995900E+01
 5760   0.14358600E+01
 5761   0.12819500E+01
 5762   0.11368000E+01
 5763   0.10523500E+01
 5764   0.25466400E+01
 5765   0.11616800E+02
 5766   0.27439370E+02
 5767   0.41492750E+02
 5768   0.57120210E+02
 5769   0.16449972E+04
 5770   0.88828429E+03
 5771   0.49329353E+03
 5772   0.29412266E+03
 5773   0.18902376E+03
 5774   0.12819269E+03
 5775   0.89708560E+02
 5776   0.64541180E+02
 5777   0.49101490E+02
 5778   0.37812680E+02
 5779   0.29400150E+02
 5780   0.22981580E+02
 5781   0.17194850E+02
 5782   0.12472960E+02
 5783   0.98219400E+01
 5784   0.80218000E+01
 5785   0.66505600E+01
 5786   0.54397300E+01
 5787   0.45001000E+01
 5788   0.39135100E+01
 5789   0.34366200E+01
 5790   0.30457700E+01
 5791   0.27193600E+01
 5792   0.24666000E+01
 5793   0.22688900E+01
 5794   0.20901200E+01
 5795   0.19494500E+01
 5796   0.18363600E+01
 5797   0.17133200E+01
 5798   0.15867700E+01
 5799   0.14582100E+01
 5800   0.13309300E+01
 5801   0.11948200E+01
 5802   0.14444800E+01
 5803   0.16378100E+01
 5804   0.16711500E+01
 5805   0.15386800E+01
 5806   0.12243300E+01
 5807   0.28415210E+02
 5808   0.86530590E+02
 5809   0.77676140E+02
 5810   0.61887980E+02
 5811   0.48390400E+02
 5812   0.38012010E+02
 5813   0.29965420E+02
 5814   0.23627440E+02
 5815   0.17880310E+02
 5816   0.12835760E+02
 5817   0.11694080E+02
 5818   0.39400270E+02
 5819   0.50023291E+03
 5820   0.62886859E+03
 5821   0.45600745E+03
 5822   0.30701637E+03
 5823   0.21133131E+03
 5824   0.15370034E+03
 5825   0.11270226E+03
 5826   0.82462220E+02
 5827   0.60437320E+02
 5828   0.46914390E+02
 5829   0.36439570E+02
 5830   0.28356980E+02
 5831   0.22252910E+02
 5832   0.16740740E+02
 5833   0.12572410E+02
 5834   0.10084670E+02
 5835   0.83752000E+01
 5836   0.70012800E+01
 5837   0.58865100E+01
 5838   0.49079700E+01
 5839   0.41764800E+01
 5840   0.37328400E+01
 5841   0.33796200E+01
 5842   0.30290600E+01
 5843   0.27387000E+01
 5844   0.25102700E+01
 5845   0.23292900E+01
 5846   0.22371500E+01
 5847   0.39005200E+01
 5848   0.11659410E+02
 5849   0.34652180E+02
 5850   0.46999390E+02
 5851   0.44745680E+02
 5852   0.38022140E+02
 5853   0.34192260E+02
 5854   0.31092170E+02
 5855   0.32671670E+02
 5856   0.43934110E+02
 5857   0.48247830E+02
 5858   0.44800800E+02
 5859   0.40204810E+02
 5860   0.34071450E+02
 5861   0.28167750E+02
 5862   0.23139120E+02
 5863   0.18661660E+02
 5864   0.14573200E+02
 5865   0.12025480E+02
 5866   0.10336950E+02
 5867   0.89103500E+01
 5868   0.73687000E+01
 5869   0.64931800E+01
 5870   0.58821500E+01
 5871   0.53321000E+01
 5872   0.48070000E+01
 5873   0.43227700E+01
 5874   0.38894800E+01
 5875   0.35053900E+01
 5876   0.31546700E+01
 5877   0.28508500E+01
 5878   0.25970200E+01
 5879   0.23901200E+01
 5880   0.22050200E+01
 5881   0.19988400E+01
 5882   0.18183900E+01
 5883   0.16401500E+01
 5884   0.14530700E+01
 5885   0.12872100E+01
 5886   0.11390400E+01
 5887   0.10304600E+01
 5888   0.94747000E+00
 5889   0.87867000E+00
 5890   0.81927000E+00
 5891   0.76667000E+00
 5892   0.71897000E+00
 5893   0.10312800E+01
 5894   0.39642900E+01
 5895   0.18880510E+02
 5896   0.39062470E+02
 5897   0.96804310E+02
 5898   0.22585203E+03
 5899   0.21054077E+03
 5900   0.16952875E+03
 5901   0.13274238E+03
 5902   0.10235796E+03
 5903   0.79329310E+02
 5904   0.66453420E+02
 5905   0.62446090E+02
 5906   0.71648350E+02
 5907   0.91174880E+02
 5908   0.89057890E+02
 5909   0.80689300E+02
 5910   0.96951813E+03
 5911   0.14971049E+04
 5912   0.12407997E+04
 5913   0.15037554E+04
 5914   0.14789266E+04
 5915   0.12080077E+04
 5916   0.94510994E+03
 5917   0.70528408E+03
 5918   0.67843773E+03
 5919   0.61701569E+03
 5920   0.52317325E+03
 5921   0.52389496E+03
 5922   0.47652574E+03
 5923   0.35732177E+03
 5924   0.24980332E+03
 5925   0.18123106E+03
 5926   0.15908571E+03
 5927   0.16263712E+03
 5928   0.17512499E+03
 5929   0.15705542E+03
 5930   0.13822059E+03
 5931   0.12230884E+03
 5932   0.10941007E+03
 5933   0.10567567E+03
 5934   0.13148465E+03
 5935   0.17102958E+03
 5936   0.41341836E+03
 5937   0.72789120E+03
 5938   0.97715975E+03
 5939   0.10776303E+04
 5940   0.75858275E+03
 5941   0.50705365E+03
 5942   0.39642310E+03
 5943   0.47159069E+03
 5944   0.48275471E+03
 5945   0.33463014E+03
 5946   0.22558369E+03
 5947   0.15982818E+03
 5948   0.11815149E+03
 5949   0.10053022E+03
 5950   0.11814169E+03
 5951   0.20327738E+03
 5952   0.25252557E+03
 5953   0.20689367E+03
 5954   0.15611261E+03
 5955   0.11720497E+03
 5956   0.89015710E+02
 5957   0.68126670E+02
 5958   0.53043990E+02
 5959   0.49314000E+02
 5960   0.94798020E+02
 5961   0.35550066E+03
 5962   0.32840979E+03
 5963   0.26403441E+03
 5964   0.23129457E+03
 5965   0.19807267E+03
 5966   0.17631292E+03
 5967   0.15248194E+03
 5968   0.12490457E+03
 5969   0.10605217E+03
 5970   0.86394280E+02
 5971   0.71324080E+02
 5972   0.58495280E+02
 5973   0.49492800E+02
 5974   0.50785490E+02
 5975   0.94282200E+02
 5976   0.17741458E+03
 5977   0.18707355E+03
 5978   0.15858530E+03
 5979   0.16358560E+03
 5980   0.66609210E+03
 5981   0.13660914E+04
 5982   0.95005993E+03
 5983   0.59184582E+03
 5984   0.51397111E+03
 5985   0.44332372E+03
 5986   0.31440353E+03
 5987   0.21764244E+03
 5988   0.16390509E+03
 5989   0.13376393E+03
 5990   0.10705968E+03
 5991   0.95507210E+02
 5992   0.16723057E+03
 5993   0.34160448E+03
 5994   0.31625000E+03
 5995   0.57369926E+03
 5996   0.88472899E+03
 5997   0.71027915E+03
 5998   0.68024084E+03
 5999   0.63892803E+03
 6000   0.47691851E+03
 6001   0.37884710E+03
 6002   0.77220853E+03
 6003   0.17100306E+04
 6004   0.15455843E+04
 6005   0.15428303E+04
 6006   0.93662897E+03
 6007   0.52929779E+03
 6008   0.31615826E+03
 6009   0.22676702E+03
 6010   0.53374764E+03
 6011   0.98860394E+03
 6012   0.68458214E+03
 6013   0.44825291E+03
 6014   0.29000649E+03
 6015   0.20890705E+03
 6016   0.14183483E+04
 6017   0.13774457E+04
 6018   0.97033173E+03
 6019   0.16519361E+04
 6020   0.12827271E+04
 6021   0.80606975E+03
 6022   0.68032428E+03
 6023   0.16658699E+04
 6024   0.26941780E+04
 6025   0.55857743E+04
 6026   0.21428922E+04
 6027   0.93143995E+03
 6028   0.48062779E+03
 6029   0.28095773E+03
 6030   0.19321177E+03
 6031   0.16603734E+03
 6032   0.23307824E+04
 6033   0.50765945E+04
 6034   0.47885709E+04
 6035   0.66854253E+04
 6036   0.27802926E+04
 6037   0.12119609E+04
 6038   0.67929308E+03
 6039   0.62986104E+03
 6040   0.23668255E+04
 6041   0.20163935E+04
 6042   0.12669150E+04
 6043   0.80483650E+03
 6044   0.53980465E+03
 6045   0.37288922E+03
 6046   0.25867042E+03
 6047   0.18792862E+03
 6048   0.14119454E+03
 6049   0.10282180E+03
 6050   0.72512800E+02
 6051   0.60158390E+02
 6052   0.78419890E+02
 6053   0.60924410E+02
 6054   0.33214738E+03
 6055   0.14906832E+04
 6056   0.10996769E+04
 6057   0.83718507E+03
 6058   0.60741307E+03
 6059   0.39623540E+03
 6060   0.26671569E+03
 6061   0.18618427E+03
 6062   0.12528370E+03
 6063   0.83631840E+02
 6064   0.63903070E+02
 6065   0.50336990E+02
 6066   0.39591420E+02
 6067   0.10300204E+03
 6068   0.31966678E+03
 6069   0.37605692E+03
 6070   0.23346563E+03
 6071   0.15050196E+03
 6072   0.10346230E+03
 6073   0.14794013E+03
 6074   0.34034602E+03
 6075   0.56324627E+03
 6076   0.63257959E+03
 6077   0.55424423E+03
 6078   0.38838607E+03
 6079   0.26054986E+03
 6080   0.17295821E+03
 6081   0.11708065E+03
 6082   0.82061960E+02
 6083   0.69530380E+02
 6084   0.62155790E+02
 6085   0.48227330E+02
 6086   0.37762310E+02
 6087   0.33243570E+02
 6088   0.51180710E+02
 6089   0.95949450E+02
 6090   0.85088390E+02
 6091   0.64911070E+02
 6092   0.58567060E+02
 6093   0.52885610E+02
 6094   0.49313350E+02
 6095   0.74075990E+02
 6096   0.12616861E+03
 6097   0.15756937E+03
 6098   0.32417724E+03
 6099   0.94244416E+03
 6100   0.93932739E+03
 6101   0.18724767E+04
 6102   0.20900412E+04
 6103   0.10831718E+04
 6104   0.57627888E+03
 6105   0.33527845E+03
 6106   0.21377655E+03
 6107   0.14517290E+03
 6108   0.10470574E+03
 6109   0.79354180E+02
 6110   0.61799040E+02
 6111   0.50830390E+02
 6112   0.46814540E+02
 6113   0.49611310E+02
 6114   0.66078080E+02
 6115   0.79493360E+02
 6116   0.66531860E+02
 6117   0.52461570E+02
 6118   0.43685830E+02
 6119   0.71507290E+02
 6120   0.93002690E+02
 6121   0.81871250E+02
 6122   0.66918410E+02
 6123   0.52210690E+02
 6124   0.41255650E+02
 6125   0.34637860E+02
 6126   0.33933830E+02
 6127   0.30899510E+02
 6128   0.27026630E+02
 6129   0.22017890E+02
 6130   0.16182140E+02
 6131   0.12035060E+02
 6132   0.11271970E+02
 6133   0.10255180E+02
 6134   0.35503412E+03
 6135   0.29201233E+03
 6136   0.19687033E+03
 6137   0.13458871E+03
 6138   0.95030300E+02
 6139   0.69625380E+02
 6140   0.52585050E+02
 6141   0.40512250E+02
 6142   0.31536570E+02
 6143   0.24622600E+02
 6144   0.19511330E+02
 6145   0.14183700E+02
 6146   0.11915520E+02
 6147   0.99810500E+01
 6148   0.84021600E+01
 6149   0.72657500E+01
 6150   0.66289200E+01
 6151   0.61805900E+01
 6152   0.56225500E+01
 6153   0.50028200E+01
 6154   0.43704800E+01
 6155   0.38063800E+01
 6156   0.33159400E+01
 6157   0.29679900E+01
 6158   0.26900800E+01
 6159   0.24303500E+01
 6160   0.21802800E+01
 6161   0.19036200E+01
 6162   0.16990600E+01
 6163   0.15987400E+01
 6164   0.15200300E+01
 6165   0.14076300E+01
 6166   0.12809300E+01
 6167   0.11600700E+01
 6168   0.10651100E+01
 6169   0.10072600E+01
 6170   0.98071000E+00
 6171   0.96910000E+00
 6172   0.96414000E+00
 6173   0.96642000E+00
 6174   0.97264000E+00
 6175   0.97548000E+00
 6176   0.97062000E+00
 6177   0.95833000E+00
 6178   0.93973000E+00
 6179   0.91513000E+00
 6180   0.88229000E+00
 6181   0.83835000E+00
 6182   0.78809000E+00
 6183   0.73965000E+00
 6184   0.69712000E+00
 6185   0.66043000E+00
 6186   0.62791000E+00
 6187   0.59794000E+00
 6188   0.56943000E+00
 6189   0.54155000E+00
 6190   0.51452000E+00
 6191   0.50199000E+00
 6192   0.57754000E+00
 6193   0.68599000E+00
 6194   0.83198000E+00
 6195   0.91843000E+00
 6196   0.90889000E+00
 6197   0.88757000E+00
 6198   0.87294000E+00
 6199   0.84276000E+00
 6200   0.79223000E+00
 6201   0.73005000E+00
 6202   0.66436000E+00
 6203   0.60043000E+00
 6204   0.54155000E+00
 6205   0.48997000E+00
 6206   0.44823000E+00
 6207   0.42163000E+00
 6208   0.42046000E+00
 6209   0.45196000E+00
 6210   0.50200000E+00
 6211   0.54457000E+00
 6212   0.56803000E+00
 6213   0.57464000E+00
 6214   0.56944000E+00
 6215   0.55636000E+00
 6216   0.53845000E+00
 6217   0.51822000E+00
 6218   0.49743000E+00
 6219   0.47709000E+00
 6220   0.45756000E+00
 6221   0.43882000E+00
 6222   0.42074000E+00
 6223   0.40312000E+00
 6224   0.38589000E+00
 6225   0.36902000E+00
 6226   0.35254000E+00
 6227   0.33653000E+00
 6228   0.32106000E+00
 6229   0.30618000E+00
 6230   0.29194000E+00
 6231   0.27837000E+00
 6232   0.41477000E+00
 6233   0.20490600E+01
 6234   0.36655010E+02
 6235   0.10554477E+03
 6236   0.11043456E+03
 6237   0.87292510E+02
 6238   0.63861210E+02
 6239   0.45291520E+02
 6240   0.31751830E+02
 6241   0.22275060E+02
 6242   0.15597940E+02
 6243   0.11867770E+02
 6244   0.10126140E+02
 6245   0.91691100E+01
 6246   0.87533500E+01
 6247   0.81849600E+01
 6248   0.66896700E+01
 6249   0.55613900E+01
 6250   0.48818400E+01
 6251   0.42959800E+01
 6252   0.37944800E+01
 6253   0.33779600E+01
 6254   0.30538700E+01
 6255   0.27987800E+01
 6256   0.25738700E+01
 6257   0.23668100E+01
 6258   0.21640000E+01
 6259   0.19584000E+01
 6260   0.19457700E+01
 6261   0.20088500E+01
 6262   0.61563900E+01
 6263   0.19842590E+02
 6264   0.45665820E+02
 6265   0.65113020E+02
 6266   0.58062270E+02
 6267   0.47631820E+02
 6268   0.37451090E+02
 6269   0.30843050E+02
 6270   0.25492620E+02
 6271   0.21397000E+02
 6272   0.18514790E+02
 6273   0.18692120E+02
 6274   0.20313530E+02
 6275   0.23715660E+02
 6276   0.28457990E+02
 6277   0.29228620E+02
 6278   0.26792540E+02
 6279   0.77386570E+02
 6280   0.28300671E+04
 6281   0.15397532E+04
 6282   0.76237917E+03
 6283   0.57798705E+03
 6284   0.67736016E+03
 6285   0.55059593E+03
 6286   0.38377557E+03
 6287   0.26708985E+03
 6288   0.18694299E+03
 6289   0.14524381E+03
 6290   0.11965702E+03
 6291   0.10325543E+03
 6292   0.88156170E+02
 6293   0.11272447E+03
 6294   0.48379217E+03
 6295   0.56646964E+03
 6296   0.40140323E+03
 6297   0.26485322E+03
 6298   0.17739884E+03
 6299   0.12344524E+03
 6300   0.88945010E+02
 6301   0.66222480E+02
 6302   0.51047410E+02
 6303   0.40137580E+02
 6304   0.31762780E+02
 6305   0.25126600E+02
 6306   0.21975750E+02
 6307   0.72453901E+03
 6308   0.14943753E+04
 6309   0.88125791E+03
 6310   0.50052385E+03
 6311   0.30280746E+03
 6312   0.20150748E+03
 6313   0.14816146E+03
 6314   0.11689890E+03
 6315   0.99218670E+02
 6316   0.93849810E+02
 6317   0.84216500E+02
 6318   0.69695620E+02
 6319   0.54210640E+02
 6320   0.42991790E+02
 6321   0.33090570E+02
 6322   0.25755790E+02
 6323   0.23098310E+02
 6324   0.25833410E+02
 6325   0.28593530E+02
 6326   0.26930270E+02
 6327   0.23715480E+02
 6328   0.20072050E+02
 6329   0.15024570E+02
 6330   0.99120100E+01
 6331   0.72682200E+01
 6332   0.58181500E+01
 6333   0.47811900E+01
 6334   0.41154200E+01
 6335   0.35779300E+01
 6336   0.20849680E+02
 6337   0.80740455E+03
 6338   0.64799060E+03
 6339   0.46503355E+03
 6340   0.33753455E+03
 6341   0.23852702E+03
 6342   0.24536051E+03
 6343   0.44871964E+03
 6344   0.41943007E+03
 6345   0.30740970E+03
 6346   0.22344336E+03
 6347   0.17843842E+03
 6348   0.75082147E+03
 6349   0.16352536E+04
 6350   0.19118916E+04
 6351   0.33566456E+04
 6352   0.21895155E+04
 6353   0.10032755E+04
 6354   0.52544808E+03
 6355   0.31056619E+03
 6356   0.20485583E+03
 6357   0.36191030E+03
 6358   0.18625869E+04
 6359   0.19734209E+04
 6360   0.98175294E+03
 6361   0.50832473E+03
 6362   0.33778361E+03
 6363   0.84339898E+03
 6364   0.13170725E+04
 6365   0.79451506E+03
 6366   0.45877897E+03
 6367   0.28016924E+03
 6368   0.21532097E+03
 6369   0.64968771E+03
 6370   0.12169257E+04
 6371   0.11751011E+04
 6372   0.81364332E+03
 6373   0.55438136E+03
 6374   0.42499994E+03
 6375   0.32086627E+03
 6376   0.25209090E+03
 6377   0.25889350E+03
 6378   0.35762431E+03
 6379   0.33760175E+03
 6380   0.27362027E+03
 6381   0.25371008E+03
 6382   0.24214130E+03
 6383   0.29867144E+03
 6384   0.33462848E+03
 6385   0.25267652E+03
 6386   0.17511483E+03
 6387   0.12207312E+03
 6388   0.94848160E+02
 6389   0.99653470E+02
 6390   0.22040740E+03
 6391   0.10272172E+04
 6392   0.10650301E+04
 6393   0.98295573E+03
 6394   0.22382139E+04
 6395   0.26419981E+04
 6396   0.14544191E+04
 6397   0.10531733E+04
 6398   0.10567333E+04
 6399   0.11122549E+04
 6400   0.11106885E+04
 6401   0.92242598E+03
 6402   0.62716423E+03
 6403   0.42938981E+03
 6404   0.32150649E+03
 6405   0.26390907E+03
 6406   0.23677760E+03
 6407   0.23043436E+03
 6408   0.30229668E+03
 6409   0.26744626E+03
 6410   0.17640883E+03
 6411   0.14498256E+03
 6412   0.26338341E+03
 6413   0.12463484E+04
 6414   0.20833233E+04
 6415   0.19018929E+04
 6416   0.11710522E+04
 6417   0.66984879E+03
 6418   0.39036678E+03
 6419   0.23715547E+03
 6420   0.15536338E+03
 6421   0.10990164E+03
 6422   0.79100220E+02
 6423   0.64938650E+02
 6424   0.53296810E+02
 6425   0.95861520E+02
 6426   0.10157432E+03
 6427   0.81189930E+02
 6428   0.11399095E+03
 6429   0.36699548E+03
 6430   0.82370093E+03
 6431   0.54294483E+03
 6432   0.29241690E+03
 6433   0.18023693E+03
 6434   0.14052590E+03
 6435   0.10690975E+03
 6436   0.14202591E+03
 6437   0.18905855E+03
 6438   0.27299158E+03
 6439   0.54708757E+03
 6440   0.45869551E+03
 6441   0.39851188E+03
 6442   0.28333113E+03
 6443   0.33576774E+03
 6444   0.57626187E+03
 6445   0.57454873E+03
 6446   0.40477547E+03
 6447   0.26313845E+03
 6448   0.18132359E+03
 6449   0.13126108E+03
 6450   0.95281220E+02
 6451   0.78140340E+02
 6452   0.90658360E+02
 6453   0.81003650E+02
 6454   0.69141130E+02
 6455   0.48849680E+02
 6456   0.35699760E+02
 6457   0.30741040E+02
 6458   0.26193170E+02
 6459   0.21868190E+02
 6460   0.18586810E+02
 6461   0.16052640E+02
 6462   0.14103780E+02
 6463   0.12486440E+02
 6464   0.11231300E+02
 6465   0.96566500E+01
 6466   0.80812500E+01
 6467   0.67324000E+01
 6468   0.81942300E+01
 6469   0.56584380E+02
 6470   0.70547998E+03
 6471   0.46230091E+03
 6472   0.47114454E+03
 6473   0.50060815E+03
 6474   0.37573590E+03
 6475   0.25922692E+03
 6476   0.24245797E+03
 6477   0.60476294E+03
 6478   0.86583734E+03
 6479   0.74489283E+03
 6480   0.55508340E+03
 6481   0.40226872E+03
 6482   0.49564001E+03
 6483   0.16639213E+04
 6484   0.14598281E+04
 6485   0.79307447E+03
 6486   0.45547480E+03
 6487   0.28399588E+03
 6488   0.20092503E+03
 6489   0.14558430E+03
 6490   0.10636474E+03
 6491   0.79639190E+02
 6492   0.60885730E+02
 6493   0.49609360E+02
 6494   0.41063750E+02
 6495   0.34141210E+02
 6496   0.27450190E+02
 6497   0.21574500E+02
 6498   0.16106570E+02
 6499   0.12054700E+02
 6500   0.96457600E+01
 6501   0.79230100E+01
 6502   0.66496800E+01
 6503   0.56205500E+01
 6504   0.46869700E+01
 6505   0.39467000E+01
 6506   0.34535600E+01
 6507   0.30998300E+01
 6508   0.27960200E+01
 6509   0.25086300E+01
 6510   0.23070500E+01
 6511   0.25280000E+01
 6512   0.91011400E+01
 6513   0.10712370E+02
 6514   0.83071400E+01
 6515   0.63437400E+01
 6516   0.50267800E+01
 6517   0.40964500E+01
 6518   0.33513200E+01
 6519   0.28179900E+01
 6520   0.23863900E+01
 6521   0.19635200E+01
 6522   0.16527300E+01
 6523   0.13724700E+01
 6524   0.11467800E+01
 6525   0.99599000E+00
 6526   0.89338000E+00
 6527   0.81746000E+00
 6528   0.75877000E+00
 6529   0.76730000E+00
 6530   0.86700000E+00
 6531   0.96980000E+00
 6532   0.11317200E+01
 6533   0.12166000E+01
 6534   0.12248300E+01
 6535   0.11926400E+01
 6536   0.11475900E+01
 6537   0.12790700E+01
 6538   0.14553600E+01
 6539   0.15802700E+01
 6540   0.16871300E+01
 6541   0.27010400E+01
 6542   0.26171930E+02
 6543   0.34412610E+02
 6544   0.31330960E+02
 6545   0.27546560E+02
 6546   0.25069690E+02
 6547   0.21632940E+02
 6548   0.17157460E+02
 6549   0.12887000E+02
 6550   0.10327380E+02
 6551   0.85894600E+01
 6552   0.72396700E+01
 6553   0.61902400E+01
 6554   0.52460100E+01
 6555   0.44410200E+01
 6556   0.37937800E+01
 6557   0.33208500E+01
 6558   0.30368500E+01
 6559   0.27705800E+01
 6560   0.25224500E+01
 6561   0.23124100E+01
 6562   0.21175700E+01
 6563   0.19250000E+01
 6564   0.17770200E+01
 6565   0.16497700E+01
 6566   0.15456700E+01
 6567   0.14747800E+01
 6568   0.13884700E+01
 6569   0.12818900E+01
 6570   0.11520400E+01
 6571   0.10351900E+01
 6572   0.94040000E+00
 6573   0.86869000E+00
 6574   0.80352000E+00
 6575   0.74448000E+00
 6576   0.70510000E+00
 6577   0.85572000E+00
 6578   0.46375600E+01
 6579   0.15069668E+03
 6580   0.28239220E+03
 6581   0.22056220E+03
 6582   0.14906254E+03
 6583   0.11360273E+03
 6584   0.92838330E+02
 6585   0.74211290E+02
 6586   0.59335970E+02
 6587   0.48545950E+02
 6588   0.39477500E+02
 6589   0.32490150E+02
 6590   0.28226690E+02
 6591   0.26027720E+02
 6592   0.26667380E+02
 6593   0.34161750E+02
 6594   0.47650280E+02
 6595   0.53317890E+02
 6596   0.48624890E+02
 6597   0.44013110E+02
 6598   0.38976460E+02
 6599   0.36187770E+02
 6600   0.34835340E+02
 6601   0.32549720E+02
 6602   0.28922020E+02
 6603   0.24849050E+02
 6604   0.20736990E+02
 6605   0.16177450E+02
 6606   0.12006150E+02
 6607   0.99351500E+01
 6608   0.86370600E+01
 6609   0.85228700E+01
 6610   0.12863460E+02
 6611   0.21178330E+02
 6612   0.90105480E+02
 6613   0.21295893E+03
 6614   0.22279808E+03
 6615   0.17599989E+03
 6616   0.13242007E+03
 6617   0.10158702E+03
 6618   0.78361220E+02
 6619   0.60535630E+02
 6620   0.47417150E+02
 6621   0.37614730E+02
 6622   0.30017100E+02
 6623   0.23968490E+02
 6624   0.18520660E+02
 6625   0.13780360E+02
 6626   0.10771720E+02
 6627   0.84514600E+01
 6628   0.71112700E+01
 6629   0.64101800E+01
 6630   0.57505100E+01
 6631   0.75178800E+01
 6632   0.18645310E+02
 6633   0.61005200E+02
 6634   0.19778486E+03
 6635   0.27943608E+03
 6636   0.23374430E+03
 6637   0.17869655E+03
 6638   0.13813168E+03
 6639   0.10637004E+03
 6640   0.82398610E+02
 6641   0.64282160E+02
 6642   0.50672380E+02
 6643   0.40655600E+02
 6644   0.33015890E+02
 6645   0.26777100E+02
 6646   0.21524110E+02
 6647   0.15907920E+02
 6648   0.12406810E+02
 6649   0.10399380E+02
 6650   0.87394500E+01
 6651   0.74791000E+01
 6652   0.65123400E+01
 6653   0.57135600E+01
 6654   0.50685000E+01
 6655   0.44807300E+01
 6656   0.39803400E+01
 6657   0.35217000E+01
 6658   0.31536300E+01
 6659   0.28094600E+01
 6660   0.25502100E+01
 6661   0.23397500E+01
 6662   0.21581200E+01
 6663   0.20085700E+01
 6664   0.19019900E+01
 6665   0.18197500E+01
 6666   0.17980500E+01
 6667   0.19145300E+01
 6668   0.20833300E+01
 6669   0.21305400E+01
 6670   0.99858100E+01
 6671   0.16676523E+04
 6672   0.21504929E+04
 6673   0.13358829E+04
 6674   0.74222782E+03
 6675   0.50051570E+03
 6676   0.37894608E+03
 6677   0.28367729E+03
 6678   0.20765017E+03
 6679   0.22669689E+03
 6680   0.35364260E+03
 6681   0.30249655E+03
 6682   0.21532301E+03
 6683   0.14463781E+03
 6684   0.10011393E+03
 6685   0.72374180E+02
 6686   0.54052650E+02
 6687   0.41347490E+02
 6688   0.31134390E+02
 6689   0.24864830E+02
 6690   0.20155760E+02
 6691   0.15979750E+02
 6692   0.12554090E+02
 6693   0.10262450E+02
 6694   0.85846000E+01
 6695   0.72588600E+01
 6696   0.61996500E+01
 6697   0.53003200E+01
 6698   0.46306800E+01
 6699   0.39913800E+01
 6700   0.34673000E+01
 6701   0.31153500E+01
 6702   0.28317500E+01
 6703   0.25809400E+01
 6704   0.24899200E+01
 6705   0.10615990E+02
 6706   0.64189500E+02
 6707   0.11581467E+03
 6708   0.17370122E+03
 6709   0.22531083E+03
 6710   0.21893602E+03
 6711   0.18799217E+03
 6712   0.23750794E+03
 6713   0.38218796E+03
 6714   0.37969056E+03
 6715   0.29834148E+03
 6716   0.22534891E+03
 6717   0.16744919E+03
 6718   0.14528968E+03
 6719   0.13655982E+03
 6720   0.13031830E+03
 6721   0.10758421E+03
 6722   0.81778560E+02
 6723   0.61829140E+02
 6724   0.48125450E+02
 6725   0.37908590E+02
 6726   0.28333540E+02
 6727   0.20821880E+02
 6728   0.14537330E+02
 6729   0.10039740E+02
 6730   0.82851400E+01
 6731   0.94939300E+01
 6732   0.18591240E+02
 6733   0.12308867E+03
 6734   0.49141715E+03
 6735   0.60699738E+03
 6736   0.75878836E+03
 6737   0.82376631E+03
 6738   0.73664889E+03
 6739   0.50910973E+03
 6740   0.33628118E+03
 6741   0.25321507E+03
 6742   0.99532485E+03
 6743   0.89426121E+03
 6744   0.56868001E+03
 6745   0.40840281E+03
 6746   0.26975926E+03
 6747   0.21637916E+03
 6748   0.20307043E+03
 6749   0.18000146E+03
 6750   0.59514500E+03
 6751   0.64291240E+03
 6752   0.45738058E+03
 6753   0.35061901E+03
 6754   0.28361556E+03
 6755   0.20547286E+03
 6756   0.29153363E+03
 6757   0.46760228E+03
 6758   0.32765779E+03
 6759   0.19876117E+03
 6760   0.13587923E+03
 6761   0.10301817E+03
 6762   0.83757060E+02
 6763   0.80375460E+02
 6764   0.86984710E+02
 6765   0.30634143E+03
 6766   0.20247688E+04
 6767   0.21887732E+04
 6768   0.19336747E+04
 6769   0.20779575E+04
 6770   0.24487246E+04
 6771   0.15513335E+04
 6772   0.93632817E+03
 6773   0.53437841E+03
 6774   0.35561711E+03
 6775   0.31331227E+03
 6776   0.30169486E+03
 6777   0.27078496E+03
 6778   0.21700998E+03
 6779   0.16916030E+03
 6780   0.14623946E+03
 6781   0.14491729E+03
 6782   0.13974228E+03
 6783   0.11589403E+03
 6784   0.85891850E+02
 6785   0.59384720E+02
 6786   0.41037170E+02
 6787   0.32355170E+02
 6788   0.32394420E+02
 6789   0.10150075E+03
 6790   0.49585035E+03
 6791   0.58247664E+03
 6792   0.58692227E+03
 6793   0.98890753E+03
 6794   0.17667066E+04
 6795   0.15507705E+04
 6796   0.14534020E+04
 6797   0.12179503E+04
 6798   0.10251970E+04
 6799   0.89715660E+03
 6800   0.75928511E+03
 6801   0.17786666E+04
 6802   0.22403953E+04
 6803   0.16093220E+04
 6804   0.10497041E+04
 6805   0.73894807E+03
 6806   0.55033130E+03
 6807   0.36038686E+03
 6808   0.21815431E+03
 6809   0.13990683E+03
 6810   0.15356017E+03
 6811   0.25115945E+03
 6812   0.66778241E+03
 6813   0.14890145E+04
 6814   0.46347124E+04
 6815   0.47254249E+04
 6816   0.36048390E+04
 6817   0.17850071E+04
 6818   0.13253369E+04
 6819   0.10999061E+04
 6820   0.98311247E+03
 6821   0.72070009E+03
 6822   0.52241078E+03
 6823   0.41799753E+03
 6824   0.36254043E+03
 6825   0.45631944E+03
 6826   0.66397708E+03
 6827   0.65245686E+03
 6828   0.39481909E+03
 6829   0.23688874E+03
 6830   0.14976827E+03
 6831   0.10353735E+03
 6832   0.82489870E+02
 6833   0.70138410E+02
 6834   0.59574480E+02
 6835   0.49922810E+02
 6836   0.40552440E+02
 6837   0.32518670E+02
 6838   0.25950340E+02
 6839   0.20274940E+02
 6840   0.14744850E+02
 6841   0.11160430E+02
 6842   0.86788200E+01
 6843   0.72554800E+01
 6844   0.62317900E+01
 6845   0.53369900E+01
 6846   0.45530500E+01
 6847   0.39149800E+01
 6848   0.33874000E+01
 6849   0.29553800E+01
 6850   0.26222800E+01
 6851   0.23580700E+01
 6852   0.21337700E+01
 6853   0.19378800E+01
 6854   0.17758800E+01
 6855   0.16396200E+01
 6856   0.15013700E+01
 6857   0.13636700E+01
 6858   0.12377400E+01
 6859   0.11302400E+01
 6860   0.10430100E+01
 6861   0.96875000E+00
 6862   0.90216000E+00
 6863   0.84033000E+00
 6864   0.78988000E+00
 6865   0.78164000E+00
 6866   0.74717000E+00
 6867   0.87518000E+00
 6868   0.10758600E+01
 6869   0.97466000E+00
 6870   0.14401500E+01
 6871   0.50452280E+02
 6872   0.65724990E+02
 6873   0.58681500E+02
 6874   0.50049130E+02
 6875   0.41047280E+02
 6876   0.33313040E+02
 6877   0.26618990E+02
 6878   0.20794900E+02
 6879   0.14831130E+02
 6880   0.10974150E+02
 6881   0.87686500E+01
 6882   0.72134700E+01
 6883   0.58484300E+01
 6884   0.48633900E+01
 6885   0.42582700E+01
 6886   0.37667400E+01
 6887   0.33238000E+01
 6888   0.29419900E+01
 6889   0.26342100E+01
 6890   0.23766000E+01
 6891   0.21543700E+01
 6892   0.19299200E+01
 6893   0.17346700E+01
 6894   0.15570700E+01
 6895   0.13922000E+01
 6896   0.12518200E+01
 6897   0.11186600E+01
 6898   0.10015700E+01
 6899   0.89927000E+00
 6900   0.81168000E+00
 6901   0.73668000E+00
 6902   0.67111000E+00
 6903   0.61264000E+00
 6904   0.56010000E+00
 6905   0.51305000E+00
 6906   0.47115000E+00
 6907   0.43400000E+00
 6908   0.40111000E+00
 6909   0.37196000E+00
 6910   0.34603000E+00
 6911   0.32289000E+00
 6912   0.30214000E+00
 6913   0.28348000E+00
 6914   0.27506000E+00
 6915   0.61090000E+00
 6916   0.35566000E+01
 6917   0.14856920E+02
 6918   0.25257530E+02
 6919   0.26882940E+02
 6920   0.22880860E+02
 6921   0.18075770E+02
 6922   0.14183820E+02
 6923   0.11846010E+02
 6924   0.97645300E+01
 6925   0.86858600E+01
 6926   0.78047500E+01
 6927   0.68473400E+01
 6928   0.59364300E+01
 6929   0.52004600E+01
 6930   0.46009800E+01
 6931   0.40834500E+01
 6932   0.36959600E+01
 6933   0.34252100E+01
 6934   0.31758700E+01
 6935   0.29808000E+01
 6936   0.28501400E+01
 6937   0.27537900E+01
 6938   0.26205100E+01
 6939   0.24576900E+01
 6940   0.22837900E+01
 6941   0.21191100E+01
 6942   0.19454400E+01
 6943   0.17831000E+01
 6944   0.16158600E+01
 6945   0.14331700E+01
 6946   0.12629600E+01
 6947   0.11113900E+01
 6948   0.99553000E+00
 6949   0.90328000E+00
 6950   0.82385000E+00
 6951   0.75264000E+00
 6952   0.68940000E+00
 6953   0.63443000E+00
 6954   0.58725000E+00
 6955   0.54687000E+00
 6956   0.51224000E+00
 6957   0.48234000E+00
 6958   0.45620000E+00
 6959   0.43300000E+00
 6960   0.41205000E+00
 6961   0.39280000E+00
 6962   0.37485000E+00
 6963   0.35794000E+00
 6964   0.34190000E+00
 6965   0.32662000E+00
 6966   0.31204000E+00
 6967   0.29813000E+00
 6968   0.28487000E+00
 6969   0.27223000E+00
 6970   0.26022000E+00
 6971   0.24882000E+00
 6972   0.23802000E+00
 6973   0.22781000E+00
 6974   0.21816000E+00
 6975   0.20907000E+00
 6976   0.20051000E+00
 6977   0.19243000E+00
 6978   0.18482000E+00
 6979   0.17764000E+00
 6980   0.17084000E+00
 6981   0.16442000E+00
 6982   0.15860000E+00
 6983   0.15307000E+00
 6984   0.22963000E+00
 6985   0.13486900E+01
 6986   0.20145100E+01
 6987   0.24222800E+01
 6988   0.28091600E+01
 6989   0.33446400E+01
 6990   0.36707900E+01
 6991   0.51804400E+01
 6992   0.73343700E+01
 6993   0.10972630E+02
 6994   0.13382220E+02
 6995   0.14387630E+02
 6996   0.14343150E+02
 6997   0.14564840E+02
 6998   0.15047610E+02
 6999   0.15431920E+02
 7000   0.18127800E+02
 7001   0.28975280E+02
 7002   0.67762260E+02
 7003   0.14233464E+03
 7004   0.19259169E+03
 7005   0.18655832E+03
 7006   0.15378481E+03
 7007   0.12501555E+03
 7008   0.10382928E+03
 7009   0.85987450E+02
 7010   0.85364690E+02
 7011   0.90763070E+02
 7012   0.11502894E+03
 7013   0.11720194E+03
 7014   0.11518536E+03
 7015   0.11644958E+03
 7016   0.45495140E+03
 7017   0.12592786E+04
 7018   0.79401824E+03
 7019   0.50578472E+03
 7020   0.39108813E+03
 7021   0.42395483E+03
 7022   0.43887853E+03
 7023   0.39344741E+03
 7024   0.34135790E+03
 7025   0.29356455E+03
 7026   0.26849211E+03
 7027   0.27784454E+03
 7028   0.33075148E+03
 7029   0.44388260E+03
 7030   0.52307186E+03
 7031   0.43094322E+03
 7032   0.32390322E+03
 7033   0.23557805E+03
 7034   0.17359051E+03
 7035   0.12864767E+03
 7036   0.93908200E+02
 7037   0.70963420E+02
 7038   0.55380290E+02
 7039   0.43087790E+02
 7040   0.33953070E+02
 7041   0.29180420E+02
 7042   0.27531680E+02
 7043   0.38611970E+02
 7044   0.80476990E+02
 7045   0.96053710E+02
 7046   0.82569220E+02
 7047   0.65799440E+02
 7048   0.54231760E+02
 7049   0.46575140E+02
 7050   0.44625100E+02
 7051   0.85352260E+02
 7052   0.30700539E+03
 7053   0.41626483E+03
 7054   0.36631691E+03
 7055   0.30430780E+03
 7056   0.30233140E+03
 7057   0.33373460E+03
 7058   0.27815249E+03
 7059   0.19974348E+03
 7060   0.14751730E+03
 7061   0.11288926E+03
 7062   0.81863250E+02
 7063   0.63119550E+02
 7064   0.49011030E+02
 7065   0.38157690E+02
 7066   0.33403500E+02
 7067   0.39231560E+02
 7068   0.54201950E+02
 7069   0.77970250E+02
 7070   0.13828181E+03
 7071   0.22979463E+03
 7072   0.17855317E+03
 7073   0.12557707E+03
 7074   0.10241630E+03
 7075   0.90290120E+02
 7076   0.79658380E+02
 7077   0.99447530E+02
 7078   0.17313388E+04
 7079   0.31463199E+04
 7080   0.38876853E+04
 7081   0.25041419E+04
 7082   0.18553315E+04
 7083   0.16632465E+04
 7084   0.17628111E+04
 7085   0.12363212E+04
 7086   0.79518579E+03
 7087   0.55507406E+03
 7088   0.38833844E+03
 7089   0.26206808E+03
 7090   0.17481488E+03
 7091   0.14599221E+03
 7092   0.15358267E+03
 7093   0.14629357E+03
 7094   0.11782019E+03
 7095   0.10004587E+03
 7096   0.10972092E+03
 7097   0.20912452E+03
 7098   0.17340574E+04
 7099   0.18979581E+04
 7100   0.93297539E+03
 7101   0.49977493E+03
 7102   0.29467426E+03
 7103   0.18937406E+03
 7104   0.13060978E+03
 7105   0.10815013E+03
 7106   0.13900611E+03
 7107   0.26104322E+03
 7108   0.18879489E+03
 7109   0.21047948E+03
 7110   0.12601693E+04
 7111   0.15551298E+04
 7112   0.16161525E+04
 7113   0.20495593E+04
 7114   0.64828993E+04
 7115   0.50746196E+04
 7116   0.23283502E+04
 7117   0.13810179E+04
 7118   0.10318273E+04
 7119   0.61352587E+03
 7120   0.37728396E+03
 7121   0.26885396E+03
 7122   0.15911608E+03
 7123   0.15088510E+03
 7124   0.68774119E+03
 7125   0.85352558E+03
 7126   0.60913671E+03
 7127   0.12237045E+04
 7128   0.34808855E+04
 7129   0.13836294E+04
 7130   0.60364412E+03
 7131   0.34870092E+03
 7132   0.23931043E+03
 7133   0.19420400E+03
 7134   0.29487960E+03
 7135   0.31596961E+03
 7136   0.23588955E+03
 7137   0.17351741E+03
 7138   0.16367719E+03
 7139   0.15534069E+03
 7140   0.14634174E+03
 7141   0.25293059E+03
 7142   0.45516428E+03
 7143   0.33395377E+03
 7144   0.31267035E+03
 7145   0.61111347E+03
 7146   0.52637681E+04
 7147   0.60591878E+04
 7148   0.37078907E+04
 7149   0.15343179E+04
 7150   0.73221389E+03
 7151   0.40866357E+03
 7152   0.25122506E+03
 7153   0.17709266E+03
 7154   0.13127745E+03
 7155   0.10487536E+03
 7156   0.91817240E+02
 7157   0.12240934E+03
 7158   0.35680508E+03
 7159   0.46200000E+03
 7160   0.35948198E+03
 7161   0.32595120E+03
 7162   0.26684109E+03
 7163   0.21476874E+03
 7164   0.30083647E+03
 7165   0.49397351E+03
 7166   0.27449342E+03
 7167   0.15040138E+03
 7168   0.88037920E+02
 7169   0.55780830E+02
 7170   0.37928780E+02
 7171   0.29171540E+02
 7172   0.24409330E+02
 7173   0.22108470E+02
 7174   0.19694490E+02
 7175   0.23033840E+02
 7176   0.21204210E+02
 7177   0.20408850E+02
 7178   0.19939390E+02
 7179   0.21594800E+02
 7180   0.25032430E+02
 7181   0.25492020E+02
 7182   0.23138700E+02
 7183   0.19958440E+02
 7184   0.16257190E+02
 7185   0.12600760E+02
 7186   0.10139740E+02
 7187   0.83188000E+01
 7188   0.69658900E+01
 7189   0.59578100E+01
 7190   0.52221100E+01
 7191   0.45196000E+01
 7192   0.40050700E+01
 7193   0.38144300E+01
 7194   0.36282500E+01
 7195   0.33736700E+01
 7196   0.30891400E+01
 7197   0.28244800E+01
 7198   0.26025100E+01
 7199   0.24412300E+01
 7200   0.23112600E+01
 7201   0.21929200E+01
 7202   0.20756200E+01
 7203   0.19421800E+01
 7204   0.18014400E+01
 7205   0.16439400E+01
 7206   0.14738900E+01
 7207   0.14085000E+01
 7208   0.15679200E+01
 7209   0.19169300E+01
 7210   0.23339900E+01
 7211   0.27369900E+01
 7212   0.28988100E+01
 7213   0.29108200E+01
 7214   0.28409500E+01
 7215   0.26946400E+01
 7216   0.25158300E+01
 7217   0.23301300E+01
 7218   0.21383500E+01
 7219   0.19545300E+01
 7220   0.17842300E+01
 7221   0.16268300E+01
 7222   0.14696100E+01
 7223   0.13219800E+01
 7224   0.11838400E+01
 7225   0.10618200E+01
 7226   0.95214000E+00
 7227   0.85482000E+00
 7228   0.77135000E+00
 7229   0.69999000E+00
 7230   0.63789000E+00
 7231   0.58311000E+00
 7232   0.53462000E+00
 7233   0.49177000E+00
 7234   0.45395000E+00
 7235   0.42056000E+00
 7236   0.39097000E+00
 7237   0.36463000E+00
 7238   0.34209000E+00
 7239   0.32132000E+00
 7240   0.30676000E+00
 7241   0.64329400E+01
 7242   0.12688557E+03
 7243   0.11527058E+03
 7244   0.90361060E+02
 7245   0.69132120E+02
 7246   0.53058420E+02
 7247   0.41247580E+02
 7248   0.32315250E+02
 7249   0.25295660E+02
 7250   0.19205750E+02
 7251   0.13500280E+02
 7252   0.98701300E+01
 7253   0.83074800E+01
 7254   0.76188400E+01
 7255   0.70153100E+01
 7256   0.61194100E+01
 7257   0.27045630E+02
 7258   0.11264635E+03
 7259   0.10068037E+03
 7260   0.85001070E+02
 7261   0.66605600E+02
 7262   0.50515530E+02
 7263   0.40051480E+02
 7264   0.31675190E+02
 7265   0.25058240E+02
 7266   0.19397010E+02
 7267   0.14065630E+02
 7268   0.10875660E+02
 7269   0.88567000E+01
 7270   0.74056300E+01
 7271   0.62552600E+01
 7272   0.53384300E+01
 7273   0.44831500E+01
 7274   0.37926500E+01
 7275   0.33514200E+01
 7276   0.29965100E+01
 7277   0.26935100E+01
 7278   0.24269100E+01
 7279   0.22011300E+01
 7280   0.19492700E+01
 7281   0.17362600E+01
 7282   0.15517900E+01
 7283   0.13871300E+01
 7284   0.12525900E+01
 7285   0.11350900E+01
 7286   0.10344700E+01
 7287   0.94228000E+00
 7288   0.85407000E+00
 7289   0.77204000E+00
 7290   0.69930000E+00
 7291   0.63615000E+00
 7292   0.58115000E+00
 7293   0.53280000E+00
 7294   0.49003000E+00
 7295   0.45207000E+00
 7296   0.41832000E+00
 7297   0.38824000E+00
 7298   0.36137000E+00
 7299   0.33729000E+00
 7300   0.31563000E+00
 7301   0.29610000E+00
 7302   0.27841000E+00
 7303   0.26234000E+00
 7304   0.24770000E+00
 7305   0.23699000E+00
 7306   0.22441000E+00
 7307   0.41728000E+00
 7308   0.77834300E+01
 7309   0.23679820E+02
 7310   0.28443470E+02
 7311   0.26883300E+02
 7312   0.24053740E+02
 7313   0.19824130E+02
 7314   0.13334560E+02
 7315   0.95328300E+01
 7316   0.74014500E+01
 7317   0.63458100E+01
 7318   0.96714600E+01
 7319   0.17675310E+02
 7320   0.35902090E+02
 7321   0.41717510E+02
 7322   0.39802490E+02
 7323   0.38095890E+02
 7324   0.31146130E+02
 7325   0.25457640E+02
 7326   0.20623290E+02
 7327   0.15982840E+02
 7328   0.12316290E+02
 7329   0.99911400E+01
 7330   0.83775700E+01
 7331   0.70727900E+01
 7332   0.60915800E+01
 7333   0.51947900E+01
 7334   0.44236100E+01
 7335   0.37974400E+01
 7336   0.34196800E+01
 7337   0.31579200E+01
 7338   0.29109400E+01
 7339   0.29606400E+01
 7340   0.30415000E+01
 7341   0.30278600E+01
 7342   0.30050500E+01
 7343   0.29481000E+01
 7344   0.28185300E+01
 7345   0.26305200E+01
 7346   0.24880800E+01
 7347   0.23908300E+01
 7348   0.23148500E+01
 7349   0.22526900E+01
 7350   0.23173700E+01
 7351   0.48412000E+01
 7352   0.13519550E+02
 7353   0.22658280E+02
 7354   0.25012410E+02
 7355   0.23828390E+02
 7356   0.22568200E+02
 7357   0.19637940E+02
 7358   0.15281520E+02
 7359   0.12001870E+02
 7360   0.13364830E+02
 7361   0.24669840E+02
 7362   0.58541610E+02
 7363   0.92000750E+02
 7364   0.79719920E+02
 7365   0.59973820E+02
 7366   0.46889310E+02
 7367   0.36998390E+02
 7368   0.29546500E+02
 7369   0.23735230E+02
 7370   0.19083030E+02
 7371   0.15024260E+02
 7372   0.16576560E+02
 7373   0.43027020E+02
 7374   0.47872831E+03
 7375   0.70931251E+03
 7376   0.50486159E+03
 7377   0.33617288E+03
 7378   0.22780222E+03
 7379   0.20450137E+03
 7380   0.39801963E+03
 7381   0.50234436E+03
 7382   0.36687680E+03
 7383   0.25406813E+03
 7384   0.17285135E+03
 7385   0.12021672E+03
 7386   0.87320670E+02
 7387   0.64818230E+02
 7388   0.49600700E+02
 7389   0.38854620E+02
 7390   0.30620310E+02
 7391   0.24059090E+02
 7392   0.20184820E+02
 7393   0.23082870E+02
 7394   0.42122890E+02
 7395   0.84649580E+02
 7396   0.16290310E+03
 7397   0.43070506E+03
 7398   0.87879892E+03
 7399   0.62710678E+03
 7400   0.39047240E+03
 7401   0.24947326E+03
 7402   0.16752531E+03
 7403   0.11667695E+03
 7404   0.84172780E+02
 7405   0.64808320E+02
 7406   0.64876530E+02
 7407   0.13571083E+03
 7408   0.25297397E+03
 7409   0.21819572E+03
 7410   0.15151593E+03
 7411   0.10638427E+03
 7412   0.80672590E+02
 7413   0.94881230E+02
 7414   0.22371017E+03
 7415   0.24436803E+03
 7416   0.17969932E+03
 7417   0.12616985E+03
 7418   0.92369290E+02
 7419   0.71242300E+02
 7420   0.66429910E+02
 7421   0.75533150E+02
 7422   0.15059213E+03
 7423   0.17901456E+03
 7424   0.13967629E+03
 7425   0.10647641E+03
 7426   0.81413020E+02
 7427   0.64444890E+02
 7428   0.50262310E+02
 7429   0.58821070E+02
 7430   0.38281220E+03
 7431   0.88284928E+03
 7432   0.93630985E+03
 7433   0.80011018E+03
 7434   0.61103881E+03
 7435   0.40862509E+03
 7436   0.35984592E+03
 7437   0.41985180E+03
 7438   0.35219855E+03
 7439   0.23791685E+03
 7440   0.16974295E+03
 7441   0.16519179E+03
 7442   0.24949993E+03
 7443   0.50616526E+03
 7444   0.60506620E+03
 7445   0.55577766E+03
 7446   0.57775797E+03
 7447   0.52818247E+03
 7448   0.51693640E+03
 7449   0.43299496E+03
 7450   0.31374530E+03
 7451   0.22832003E+03
 7452   0.19419708E+03
 7453   0.27273414E+03
 7454   0.34738531E+03
 7455   0.30461421E+03
 7456   0.24665371E+03
 7457   0.25923310E+03
 7458   0.32817679E+03
 7459   0.26285132E+03
 7460   0.19036012E+03
 7461   0.14308971E+03
 7462   0.11020515E+03
 7463   0.83934750E+02
 7464   0.60233320E+02
 7465   0.47056910E+02
 7466   0.41587240E+02
 7467   0.48018360E+02
 7468   0.18311670E+03
 7469   0.63638701E+03
 7470   0.74960063E+03
 7471   0.53323960E+03
 7472   0.32769574E+03
 7473   0.20694585E+03
 7474   0.13869881E+03
 7475   0.10346641E+03
 7476   0.29758784E+03
 7477   0.13414158E+04
 7478   0.86940390E+03
 7479   0.74386287E+03
 7480   0.43299038E+03
 7481   0.25493257E+03
 7482   0.18631891E+03
 7483   0.21134371E+03
 7484   0.22786039E+03
 7485   0.17300942E+03
 7486   0.13414015E+03
 7487   0.11474233E+03
 7488   0.10359834E+03
 7489   0.10481698E+03
 7490   0.40147677E+03
 7491   0.29904204E+04
 7492   0.32533633E+04
 7493   0.37601944E+04
 7494   0.39685733E+04
 7495   0.18150023E+04
 7496   0.85488352E+03
 7497   0.60302512E+03
 7498   0.42566920E+03
 7499   0.27529168E+03
 7500   0.18687231E+03
 7501   0.17481539E+03
 7502   0.16634180E+03
 7503   0.13406790E+03
 7504   0.94428920E+02
 7505   0.64810060E+02
 7506   0.55282190E+02
 7507   0.15948792E+03
 7508   0.35628622E+03
 7509   0.32584328E+03
 7510   0.23845546E+03
 7511   0.29504420E+03
 7512   0.44763864E+03
 7513   0.33001147E+03
 7514   0.20092756E+03
 7515   0.12312995E+03
 7516   0.81448110E+02
 7517   0.92120430E+02
 7518   0.29223361E+04
 7519   0.39179503E+04
 7520   0.16808034E+04
 7521   0.76904470E+03
 7522   0.41023893E+03
 7523   0.24645282E+03
 7524   0.17182247E+03
 7525   0.15285600E+03
 7526   0.11660531E+03
 7527   0.13557322E+03
 7528   0.30392061E+03
 7529   0.32652141E+03
 7530   0.21098856E+03
 7531   0.13173697E+03
 7532   0.88002050E+02
 7533   0.61974540E+02
 7534   0.44510260E+02
 7535   0.32598710E+02
 7536   0.44495140E+02
 7537   0.56932560E+02
 7538   0.51955640E+02
 7539   0.34120650E+02
 7540   0.19496970E+02
 7541   0.10832330E+02
 7542   0.73339500E+01
 7543   0.54740600E+01
 7544   0.43289800E+01
 7545   0.36063800E+01
 7546   0.31799977E+03
 7547   0.25970377E+03
 7548   0.27130822E+03
 7549   0.76914834E+03
 7550   0.54284377E+03
 7551   0.34189246E+03
 7552   0.22003792E+03
 7553   0.27935737E+03
 7554   0.25701889E+03
 7555   0.23174162E+03
 7556   0.26319764E+03
 7557   0.59967085E+03
 7558   0.66219254E+03
 7559   0.49785104E+03
 7560   0.35862118E+03
 7561   0.24796826E+03
 7562   0.20480576E+03
 7563   0.65093759E+03
 7564   0.61496947E+03
 7565   0.47498501E+03
 7566   0.20060889E+04
 7567   0.49066506E+04
 7568   0.39953354E+04
 7569   0.43075129E+04
 7570   0.59272890E+04
 7571   0.21874124E+04
 7572   0.94955225E+03
 7573   0.48931958E+03
 7574   0.28416257E+03
 7575   0.18117485E+03
 7576   0.12238778E+03
 7577   0.86175610E+02
 7578   0.62406510E+02
 7579   0.46227110E+02
 7580   0.34097930E+02
 7581   0.26965250E+02
 7582   0.20924890E+02
 7583   0.14954100E+02
 7584   0.11975980E+02
 7585   0.25263470E+02
 7586   0.49107190E+02
 7587   0.44313410E+02
 7588   0.36965840E+02
 7589   0.31237830E+02
 7590   0.25676430E+02
 7591   0.21559050E+02
 7592   0.16943600E+02
 7593   0.12434580E+02
 7594   0.98180700E+01
 7595   0.80323200E+01
 7596   0.67095000E+01
 7597   0.56097200E+01
 7598   0.47403300E+01
 7599   0.40685700E+01
 7600   0.35170500E+01
 7601   0.30765200E+01
 7602   0.27152600E+01
 7603   0.24516300E+01
 7604   0.22418500E+01
 7605   0.20163500E+01
 7606   0.18059200E+01
 7607   0.22316700E+01
 7608   0.19783000E+01
 7609   0.19415800E+01
 7610   0.14990643E+03
 7611   0.23500252E+03
 7612   0.17144611E+03
 7613   0.11994108E+03
 7614   0.86379880E+02
 7615   0.64091380E+02
 7616   0.48642430E+02
 7617   0.37599300E+02
 7618   0.29415520E+02
 7619   0.23007590E+02
 7620   0.17062510E+02
 7621   0.41916120E+02
 7622   0.26629477E+03
 7623   0.22841041E+03
 7624   0.16748357E+03
 7625   0.12004250E+03
 7626   0.87311710E+02
 7627   0.65214110E+02
 7628   0.49745680E+02
 7629   0.38531970E+02
 7630   0.30090160E+02
 7631   0.22783910E+02
 7632   0.17047470E+02
 7633   0.12444090E+02
 7634   0.98169500E+01
 7635   0.80417300E+01
 7636   0.68570200E+01
 7637   0.59884200E+01
 7638   0.52398000E+01
 7639   0.45758300E+01
 7640   0.39510400E+01
 7641   0.34685700E+01
 7642   0.30601600E+01
 7643   0.27322000E+01
 7644   0.24847900E+01
 7645   0.22825700E+01
 7646   0.20655300E+01
 7647   0.18455200E+01
 7648   0.16566800E+01
 7649   0.14701900E+01
 7650   0.18523600E+01
 7651   0.16098200E+01
 7652   0.17918700E+01
 7653   0.21712600E+01
 7654   0.23978000E+01
 7655   0.24365600E+01
 7656   0.24193800E+01
 7657   0.28985300E+01
 7658   0.93463100E+01
 7659   0.17434390E+02
 7660   0.19938820E+02
 7661   0.15797680E+02
 7662   0.11645430E+02
 7663   0.92158500E+01
 7664   0.73362500E+01
 7665   0.58188400E+01
 7666   0.45364400E+01
 7667   0.35514900E+01
 7668   0.28683200E+01
 7669   0.23658500E+01
 7670   0.19032600E+01
 7671   0.15951200E+01
 7672   0.12756300E+01
 7673   0.10329000E+01
 7674   0.88077000E+00
 7675   0.77578000E+00
 7676   0.69161000E+00
 7677   0.61919000E+00
 7678   0.55692000E+00
 7679   0.50428000E+00
 7680   0.46044000E+00
 7681   0.42426000E+00
 7682   0.39452000E+00
 7683   0.36995000E+00
 7684   0.34937000E+00
 7685   0.41078000E+00
 7686   0.16422400E+01
 7687   0.40067000E+01
 7688   0.10445230E+02
 7689   0.15525050E+02
 7690   0.17303010E+02
 7691   0.17469470E+02
 7692   0.17083010E+02
 7693   0.16376090E+02
 7694   0.18477060E+02
 7695   0.34299930E+02
 7696   0.67167040E+02
 7697   0.73912830E+02
 7698   0.66348970E+02
 7699   0.53984850E+02
 7700   0.43125770E+02
 7701   0.33578370E+02
 7702   0.25647720E+02
 7703   0.19477630E+02
 7704   0.13974750E+02
 7705   0.10567020E+02
 7706   0.84502700E+01
 7707   0.65909300E+01
 7708   0.53551200E+01
 7709   0.47134100E+01
 7710   0.41875000E+01
 7711   0.36722400E+01
 7712   0.32304900E+01
 7713   0.45655500E+01
 7714   0.41597610E+02
 7715   0.75584595E+03
 7716   0.54047019E+03
 7717   0.34824499E+03
 7718   0.22671675E+03
 7719   0.15299449E+03
 7720   0.10691553E+03
 7721   0.77661330E+02
 7722   0.58465310E+02
 7723   0.45378910E+02
 7724   0.35896840E+02
 7725   0.28860150E+02
 7726   0.24364130E+02
 7727   0.20933520E+02
 7728   0.19259320E+02
 7729   0.20317610E+02
 7730   0.25163820E+02
 7731   0.38105230E+02
 7732   0.48963720E+02
 7733   0.54349390E+02
 7734   0.51229430E+02
 7735   0.46616030E+02
 7736   0.42776100E+02
 7737   0.35626790E+02
 7738   0.28306340E+02
 7739   0.24305680E+02
 7740   0.22758060E+02
 7741   0.22604520E+02
 7742   0.23540730E+02
 7743   0.27101110E+02
 7744   0.38910220E+02
 7745   0.56980170E+02
 7746   0.66709620E+02
 7747   0.63748230E+02
 7748   0.54449830E+02
 7749   0.47063500E+02
 7750   0.41104210E+02
 7751   0.40693530E+02
 7752   0.45954060E+02
 7753   0.53933440E+02
 7754   0.55109480E+02
 7755   0.53776910E+02
 7756   0.50568270E+02
 7757   0.44265520E+02
 7758   0.36218960E+02
 7759   0.29671450E+02
 7760   0.23922060E+02
 7761   0.25739700E+02
 7762   0.30485440E+02
 7763   0.29689750E+02
 7764   0.23457910E+02
 7765   0.18586510E+02
 7766   0.15612570E+02
 7767   0.12636870E+02
 7768   0.10212720E+02
 7769   0.80533100E+01
 7770   0.93655900E+01
 7771   0.12196980E+02
 7772   0.16963690E+02
 7773   0.25635840E+02
 7774   0.39227780E+02
 7775   0.73612000E+02
 7776   0.13674533E+03
 7777   0.16529584E+03
 7778   0.22249839E+03
 7779   0.36924072E+03
 7780   0.39952446E+03
 7781   0.48833443E+03
 7782   0.81696605E+03
 7783   0.85812795E+03
 7784   0.51721386E+03
 7785   0.32241281E+03
 7786   0.23462283E+03
 7787   0.23842002E+03
 7788   0.32766143E+03
 7789   0.28760750E+03
 7790   0.21056397E+03
 7791   0.15445216E+03
 7792   0.11898388E+03
 7793   0.95213230E+02
 7794   0.93431190E+02
 7795   0.11704057E+03
 7796   0.12318340E+03
 7797   0.10486315E+03
 7798   0.86468920E+02
 7799   0.14739134E+03
 7800   0.77925416E+03
 7801   0.76952390E+03
 7802   0.59595867E+03
 7803   0.43600196E+03
 7804   0.58061785E+03
 7805   0.21793283E+04
 7806   0.22736889E+04
 7807   0.18811575E+04
 7808   0.11874218E+04
 7809   0.81877303E+03
 7810   0.10396412E+04
 7811   0.13914979E+04
 7812   0.16008633E+04
 7813   0.12724712E+04
 7814   0.14359343E+04
 7815   0.18553944E+04
 7816   0.17719651E+04
 7817   0.16208245E+04
 7818   0.20280868E+04
 7819   0.15137810E+04
 7820   0.85197313E+03
 7821   0.52306016E+03
 7822   0.35260135E+03
 7823   0.24387561E+03
 7824   0.17392533E+03
 7825   0.24211559E+03
 7826   0.20338238E+04
 7827   0.15587834E+04
 7828   0.11225836E+04
 7829   0.10400297E+04
 7830   0.96521143E+03
 7831   0.89707293E+03
 7832   0.14270934E+04
 7833   0.15955208E+04
 7834   0.16272022E+04
 7835   0.11141442E+04
 7836   0.86996553E+03
 7837   0.99743963E+03
 7838   0.12072074E+04
 7839   0.82928760E+03
 7840   0.54363742E+03
 7841   0.44628814E+03
 7842   0.41580990E+03
 7843   0.39091189E+03
 7844   0.76961133E+03
 7845   0.65086639E+03
 7846   0.49300084E+03
 7847   0.39322310E+03
 7848   0.80071953E+03
 7849   0.16658514E+04
 7850   0.85914558E+03
 7851   0.52271892E+03
 7852   0.14574363E+04
 7853   0.47385281E+04
 7854   0.53134249E+04
 7855   0.33254841E+04
 7856   0.29726932E+04
 7857   0.46257719E+04
 7858   0.52331747E+04
 7859   0.40909678E+04
 7860   0.35198644E+04
 7861   0.27933479E+04
 7862   0.24487271E+04
 7863   0.17065892E+04
 7864   0.11295445E+04
 7865   0.80531565E+03
 7866   0.68279403E+03
 7867   0.60936358E+03
 7868   0.43350379E+03
 7869   0.27607294E+03
 7870   0.19384859E+03
 7871   0.15381657E+03
 7872   0.12867002E+03
 7873   0.11624429E+03
 7874   0.12562298E+03
 7875   0.13027283E+03
 7876   0.11598450E+03
 7877   0.93780020E+02
 7878   0.69243390E+02
 7879   0.49379930E+02
 7880   0.35667970E+02
 7881   0.25438410E+02
 7882   0.21099020E+02
 7883   0.17749110E+02
 7884   0.14076390E+02
 7885   0.13481690E+02
 7886   0.12329530E+02
 7887   0.11961284E+03
 7888   0.25903457E+03
 7889   0.40784016E+03
 7890   0.33917233E+03
 7891   0.31565632E+03
 7892   0.95982021E+03
 7893   0.42772243E+04
 7894   0.27112011E+04
 7895   0.12466502E+04
 7896   0.12541980E+04
 7897   0.10081890E+04
 7898   0.57022849E+03
 7899   0.33404796E+03
 7900   0.21394148E+03
 7901   0.15376219E+03
 7902   0.11157815E+03
 7903   0.10845972E+03
 7904   0.47589394E+03
 7905   0.91557082E+03
 7906   0.26034834E+04
 7907   0.19503240E+04
 7908   0.14223246E+04
 7909   0.23421849E+04
 7910   0.16046673E+04
 7911   0.79130946E+03
 7912   0.44074028E+03
 7913   0.26602408E+03
 7914   0.17279196E+03
 7915   0.11781239E+03
 7916   0.83437510E+02
 7917   0.60911060E+02
 7918   0.45629510E+02
 7919   0.34792500E+02
 7920   0.26665470E+02
 7921   0.20046010E+02
 7922   0.13647280E+02
 7923   0.10267360E+02
 7924   0.82767000E+01
 7925   0.67902100E+01
 7926   0.61957700E+01
 7927   0.53425700E+01
 7928   0.48266100E+01
 7929   0.45681000E+01
 7930   0.42332800E+01
 7931   0.44021585E+03
 7932   0.37174710E+03
 7933   0.25557096E+03
 7934   0.17608208E+03
 7935   0.12495576E+03
 7936   0.91530740E+02
 7937   0.70727640E+02
 7938   0.66754540E+02
 7939   0.63431840E+02
 7940   0.53425330E+02
 7941   0.42668730E+02
 7942   0.33443200E+02
 7943   0.25881650E+02
 7944   0.20979620E+02
 7945   0.16043100E+02
 7946   0.11925510E+02
 7947   0.95807600E+01
 7948   0.79480700E+01
 7949   0.67209100E+01
 7950   0.56712500E+01
 7951   0.48424900E+01
 7952   0.41498400E+01
 7953   0.35713900E+01
 7954   0.30979400E+01
 7955   0.27647300E+01
 7956   0.25003400E+01
 7957   0.22752900E+01
 7958   0.20571700E+01
 7959   0.18528700E+01
 7960   0.16680400E+01
 7961   0.14977900E+01
 7962   0.13473900E+01
 7963   0.12234300E+01
 7964   0.11204100E+01
 7965   0.10336600E+01
 7966   0.95541000E+00
 7967   0.10093100E+01
 7968   0.22690300E+01
 7969   0.99738100E+01
 7970   0.12034369E+03
 7971   0.14269245E+03
 7972   0.12406720E+03
 7973   0.93199780E+02
 7974   0.69151600E+02
 7975   0.52963830E+02
 7976   0.41126250E+02
 7977   0.32443360E+02
 7978   0.25722450E+02
 7979   0.20061220E+02
 7980   0.14722230E+02
 7981   0.11319490E+02
 7982   0.91277000E+01
 7983   0.76177300E+01
 7984   0.61649800E+01
 7985   0.51582800E+01
 7986   0.45240400E+01
 7987   0.39954300E+01
 7988   0.35017100E+01
 7989   0.30791100E+01
 7990   0.27473800E+01
 7991   0.24711600E+01
 7992   0.22412600E+01
 7993   0.20046900E+01
 7994   0.18011000E+01
 7995   0.16197900E+01
 7996   0.14555600E+01
 7997   0.26443200E+01
 7998   0.54780700E+01
 7999   0.20657450E+02
 8000   0.28661850E+02
 8001   0.24348720E+02
 8002   0.15334330E+02
 8003   0.10036110E+02
 8004   0.74151900E+01
 8005   0.56827600E+01
 8006   0.45911700E+01
 8007   0.39440300E+01
 8008   0.32394500E+01
 8009   0.37448600E+01
 8010   0.50317700E+01
 8011   0.83835900E+01
 8012   0.10679630E+02
 8013   0.15836130E+02
 8014   0.41175280E+02
 8015   0.52084650E+02
 8016   0.51274190E+02
 8017   0.44724020E+02
 8018   0.37606350E+02
 8019   0.31123110E+02
 8020   0.25487550E+02
 8021   0.20392080E+02
 8022   0.15259820E+02
 8023   0.11611680E+02
 8024   0.93613400E+01
 8025   0.74416300E+01
 8026   0.62514500E+01
 8027   0.54727100E+01
 8028   0.47989100E+01
 8029   0.92276600E+01
 8030   0.16803750E+02
 8031   0.31713830E+02
 8032   0.48921830E+02
 8033   0.46882780E+02
 8034   0.37200330E+02
 8035   0.28422650E+02
 8036   0.21285930E+02
 8037   0.14574330E+02
 8038   0.10084000E+02
 8039   0.74721100E+01
 8040   0.57729600E+01
 8041   0.46088600E+01
 8042   0.36892800E+01
 8043   0.30114700E+01
 8044   0.25462400E+01
 8045   0.21640900E+01
 8046   0.18090100E+01
 8047   0.15613400E+01
 8048   0.13255000E+01
 8049   0.11545300E+01
 8050   0.10859800E+01
 8051   0.10391000E+01
 8052   0.99696000E+00
 8053   0.94981000E+00
 8054   0.89195000E+00
 8055   0.82829000E+00
 8056   0.76365000E+00
 8057   0.70096000E+00
 8058   0.64226000E+00
 8059   0.58885000E+00
 8060   0.54113000E+00
 8061   0.49884000E+00
 8062   0.46141000E+00
 8063   0.42817000E+00
 8064   0.39854000E+00
 8065   0.37198000E+00
 8066   0.34809000E+00
 8067   0.32650000E+00
 8068   0.35538000E+00
 8069   0.33771000E+00
 8070   0.13262300E+01
 8071   0.30659700E+01
 8072   0.55412300E+01
 8073   0.60938900E+01
 8074   0.55893700E+01
 8075   0.54989100E+01
 8076   0.61318400E+01
 8077   0.10102510E+02
 8078   0.17598920E+02
 8079   0.36189430E+02
 8080   0.56882440E+02
 8081   0.66633450E+02
 8082   0.68494860E+02
 8083   0.66969560E+02
 8084   0.63396650E+02
 8085   0.61395630E+02
 8086   0.54616500E+02
 8087   0.46388870E+02
 8088   0.37605140E+02
 8089   0.30972110E+02
 8090   0.26417560E+02
 8091   0.23165080E+02
 8092   0.20417860E+02
 8093   0.19299940E+02
 8094   0.19918530E+02
 8095   0.23558560E+02
 8096   0.32047100E+02
 8097   0.34141300E+02
 8098   0.32155240E+02
 8099   0.27948500E+02
 8100   0.23594280E+02
 8101   0.19539360E+02
 8102   0.15303930E+02
 8103   0.12177140E+02
 8104   0.10242210E+02
 8105   0.87711000E+01
 8106   0.75760200E+01
 8107   0.63604600E+01
 8108   0.54515400E+01
 8109   0.48221300E+01
 8110   0.42334500E+01
 8111   0.36863700E+01
 8112   0.32243000E+01
 8113   0.28747500E+01
 8114   0.25832900E+01
 8115   0.23582900E+01
 8116   0.21738800E+01
 8117   0.19593700E+01
 8118   0.17886800E+01
 8119   0.16951200E+01
 8120   0.19285600E+01
 8121   0.24740500E+01
 8122   0.30184200E+01
 8123   0.32396600E+01
 8124   0.32036300E+01
 8125   0.30834200E+01
 8126   0.29793400E+01
 8127   0.28196100E+01
 8128   0.25586200E+01
 8129   0.23200600E+01
 8130   0.21751700E+01
 8131   0.22363400E+01
 8132   0.33210000E+01
 8133   0.49639300E+01
 8134   0.63633700E+01
 8135   0.77581800E+01
 8136   0.98877100E+01
 8137   0.10616240E+02
 8138   0.95447500E+01
 8139   0.86601000E+01
 8140   0.80068900E+01
 8141   0.74595200E+01
 8142   0.72788700E+01
 8143   0.69550300E+01
 8144   0.16082260E+02
 8145   0.47978556E+03
 8146   0.83007743E+03
 8147   0.71410291E+03
 8148   0.50190169E+03
 8149   0.32139120E+03
 8150   0.21570511E+03
 8151   0.15372094E+03
 8152   0.11249823E+03
 8153   0.84285210E+02
 8154   0.78995350E+02
 8155   0.81266180E+02
 8156   0.17252947E+03
 8157   0.47841460E+03
 8158   0.43613420E+03
 8159   0.31376571E+03
 8160   0.28253815E+03
 8161   0.22105536E+03
 8162   0.15478661E+03
 8163   0.17225320E+03
 8164   0.30539287E+03
 8165   0.34295854E+03
 8166   0.28640713E+03
 8167   0.20661678E+03
 8168   0.27956825E+03
 8169   0.76676166E+03
 8170   0.57772709E+03
 8171   0.33097736E+03
 8172   0.25287299E+03
 8173   0.34824291E+03
 8174   0.37078358E+03
 8175   0.36093218E+03
 8176   0.44243827E+03
 8177   0.52333031E+03
 8178   0.99062043E+03
 8179   0.87777462E+03
 8180   0.51958184E+03
 8181   0.33032555E+03
 8182   0.22124202E+03
 8183   0.22552091E+03
 8184   0.47991228E+03
 8185   0.49705197E+03
 8186   0.41452507E+03
 8187   0.47714590E+03
 8188   0.67618635E+03
 8189   0.15144358E+04
 8190   0.25871402E+04
 8191   0.15450325E+04
 8192   0.96588950E+03
 8193   0.54540488E+03
 8194   0.35946284E+03
 8195   0.32379579E+03
 8196   0.46467781E+03
 8197   0.47651042E+03
 8198   0.41570836E+03
 8199   0.32843640E+03
 8200   0.10644887E+04
 8201   0.16613230E+04
 8202   0.84603761E+03
 8203   0.53029856E+03
 8204   0.63423087E+03
 8205   0.50153804E+03
 8206   0.30925231E+03
 8207   0.18892708E+03
 8208   0.12219410E+03
 8209   0.14778715E+03
 8210   0.51246001E+03
 8211   0.39505653E+04
 8212   0.43970037E+04
 8213   0.44206049E+04
 8214   0.15286175E+04
 8215   0.81210432E+03
 8216   0.46806624E+04
 8217   0.27404133E+04
 8218   0.17591353E+04
 8219   0.10841889E+04
 8220   0.69096176E+03
 8221   0.60609183E+03
 8222   0.68747332E+03
 8223   0.60149708E+03
 8224   0.40058257E+03
 8225   0.24818592E+03
 8226   0.17749691E+03
 8227   0.12949580E+03
 8228   0.32683452E+03
 8229   0.37403452E+03
 8230   0.33128133E+03
 8231   0.30352541E+03
 8232   0.24664117E+03
 8233   0.18749585E+03
 8234   0.14455865E+03
 8235   0.11856988E+03
 8236   0.12689282E+03
 8237   0.11620974E+03
 8238   0.11266289E+03
 8239   0.96118730E+02
 8240   0.94663070E+02
 8241   0.19992018E+03
 8242   0.60350481E+03
 8243   0.12953195E+04
 8244   0.20814066E+04
 8245   0.19056445E+04
 8246   0.20204261E+04
 8247   0.18055979E+04
 8248   0.10667366E+04
 8249   0.57623700E+03
 8250   0.33303140E+03
 8251   0.20880696E+03
 8252   0.14522734E+03
 8253   0.11649356E+03
 8254   0.90982300E+02
 8255   0.76430190E+02
 8256   0.68260260E+02
 8257   0.47729760E+02
 8258   0.34472370E+02
 8259   0.27444420E+02
 8260   0.31045730E+02
 8261   0.10171624E+05
 8262   0.50358271E+04
 8263   0.54779100E+04
 8264   0.46577752E+04
 8265   0.24822781E+04
 8266   0.15033320E+04
 8267   0.17373707E+04
 8268   0.11236704E+04
 8269   0.49778379E+03
 8270   0.26450090E+03
 8271   0.16712215E+03
 8272   0.15357838E+03
 8273   0.27978081E+03
 8274   0.43245711E+03
 8275   0.47726883E+03
 8276   0.34733698E+03
 8277   0.22522671E+03
 8278   0.15158243E+03
 8279   0.10543904E+03
 8280   0.74663720E+02
 8281   0.52987940E+02
 8282   0.39986010E+02
 8283   0.30434780E+02
 8284   0.23069540E+02
 8285   0.18605970E+02
 8286   0.20046840E+02
 8287   0.21677950E+02
 8288   0.19295010E+02
 8289   0.13424420E+02
 8290   0.91766300E+01
 8291   0.65784000E+01
 8292   0.50151600E+01
 8293   0.41988400E+01
 8294   0.55403300E+01
 8295   0.80564400E+01
 8296   0.86895746E+03
 8297   0.72008693E+03
 8298   0.59272585E+03
 8299   0.83075495E+03
 8300   0.70514178E+03
 8301   0.60584790E+03
 8302   0.42069028E+03
 8303   0.28770555E+03
 8304   0.21444188E+03
 8305   0.50716501E+04
 8306   0.45962898E+04
 8307   0.31101292E+04
 8308   0.17019309E+04
 8309   0.93023695E+03
 8310   0.54967423E+03
 8311   0.33896211E+03
 8312   0.22570948E+03
 8313   0.53813105E+03
 8314   0.15149005E+04
 8315   0.19066457E+04
 8316   0.14678556E+04
 8317   0.74745719E+03
 8318   0.40824882E+03
 8319   0.24687440E+03
 8320   0.16148392E+03
 8321   0.10981552E+03
 8322   0.77182390E+02
 8323   0.57477470E+02
 8324   0.44393270E+02
 8325   0.35772290E+02
 8326   0.29206470E+02
 8327   0.23688060E+02
 8328   0.18288270E+02
 8329   0.13125560E+02
 8330   0.10110960E+02
 8331   0.81102000E+01
 8332   0.65054800E+01
 8333   0.53583400E+01
 8334   0.45982800E+01
 8335   0.39439000E+01
 8336   0.34390200E+01
 8337   0.30272800E+01
 8338   0.27015700E+01
 8339   0.24277200E+01
 8340   0.21939100E+01
 8341   0.19685700E+01
 8342   0.17773000E+01
 8343   0.15996200E+01
 8344   0.14275500E+01
 8345   0.12800600E+01
 8346   0.11529700E+01
 8347   0.10417500E+01
 8348   0.93806000E+00
 8349   0.84322000E+00
 8350   0.76045000E+00
 8351   0.68934000E+00
 8352   0.62768000E+00
 8353   0.57357000E+00
 8354   0.52580000E+00
 8355   0.48359000E+00
 8356   0.44627000E+00
 8357   0.41320000E+00
 8358   0.38384000E+00
 8359   0.35765000E+00
 8360   0.33422000E+00
 8361   0.31315000E+00
 8362   0.29414000E+00
 8363   0.66519000E+00
 8364   0.23810900E+01
 8365   0.81415600E+01
 8366   0.26989330E+02
 8367   0.46169360E+02
 8368   0.43732780E+02
 8369   0.37474270E+02
 8370   0.30945720E+02
 8371   0.25110370E+02
 8372   0.19652630E+02
 8373   0.12995850E+02
 8374   0.95754500E+01
 8375   0.76287300E+01
 8376   0.61966700E+01
 8377   0.51169600E+01
 8378   0.43557300E+01
 8379   0.37913800E+01
 8380   0.32882500E+01
 8381   0.29083900E+01
 8382   0.26178900E+01
 8383   0.23956600E+01
 8384   0.22096300E+01
 8385   0.20290800E+01
 8386   0.18770000E+01
 8387   0.17385000E+01
 8388   0.15947900E+01
 8389   0.14333800E+01
 8390   0.12895100E+01
 8391   0.11541600E+01
 8392   0.10496500E+01
 8393   0.96767000E+00
 8394   0.89842000E+00
 8395   0.83710000E+00
 8396   0.78098000E+00
 8397   0.72816000E+00
 8398   0.67757000E+00
 8399   0.62889000E+00
 8400   0.58552000E+00
 8401   0.54442000E+00
 8402   0.88958000E+00
 8403   0.16880000E+01
 8404   0.22251200E+01
 8405   0.29623500E+01
 8406   0.37480100E+01
 8407   0.40944400E+01
 8408   0.39339600E+01
 8409   0.35712900E+01
 8410   0.32440200E+01
 8411   0.33135300E+01
 8412   0.33112900E+01
 8413   0.31273100E+01
 8414   0.29120000E+01
 8415   0.26680400E+01
 8416   0.24128300E+01
 8417   0.21271400E+01
 8418   0.18244500E+01
 8419   0.15946200E+01
 8420   0.13794600E+01
 8421   0.12176600E+01
 8422   0.10948700E+01
 8423   0.10017700E+01
 8424   0.92677000E+00
 8425   0.41361400E+01
 8426   0.79077600E+01
 8427   0.12331660E+02
 8428   0.59259980E+02
 8429   0.29128819E+03
 8430   0.26173207E+03
 8431   0.17051126E+03
 8432   0.11864401E+03
 8433   0.89269270E+02
 8434   0.67671360E+02
 8435   0.52003820E+02
 8436   0.41968110E+02
 8437   0.33720100E+02
 8438   0.27346900E+02
 8439   0.22290590E+02
 8440   0.17778930E+02
 8441   0.13926200E+02
 8442   0.11471320E+02
 8443   0.97675500E+01
 8444   0.90660000E+01
 8445   0.88107400E+01
 8446   0.80627000E+01
 8447   0.69918200E+01
 8448   0.60873200E+01
 8449   0.54063800E+01
 8450   0.49367100E+01
 8451   0.44700700E+01
 8452   0.40081600E+01
 8453   0.35994400E+01
 8454   0.32650800E+01
 8455   0.30031900E+01
 8456   0.27392200E+01
 8457   0.25009100E+01
 8458   0.22955700E+01
 8459   0.20660300E+01
 8460   0.18457700E+01
 8461   0.16580000E+01
 8462   0.14894100E+01
 8463   0.13647500E+01
 8464   0.13494700E+01
 8465   0.21624000E+01
 8466   0.11585920E+02
 8467   0.45547800E+02
 8468   0.84219740E+02
 8469   0.90833180E+02
 8470   0.83789280E+02
 8471   0.68532890E+02
 8472   0.54175790E+02
 8473   0.42754310E+02
 8474   0.36889270E+02
 8475   0.45209630E+02
 8476   0.64354150E+02
 8477   0.77022250E+02
 8478   0.85505660E+02
 8479   0.87684770E+02
 8480   0.81544930E+02
 8481   0.75902120E+02
 8482   0.69417300E+02
 8483   0.58135190E+02
 8484   0.47630180E+02
 8485   0.39193440E+02
 8486   0.31456720E+02
 8487   0.26663120E+02
 8488   0.22586250E+02
 8489   0.19494310E+02
 8490   0.17523310E+02
 8491   0.17999660E+02
 8492   0.69149070E+02
 8493   0.17548089E+03
 8494   0.16988366E+03
 8495   0.13099777E+03
 8496   0.99396530E+02
 8497   0.79563720E+02
 8498   0.63373560E+02
 8499   0.51515840E+02
 8500   0.42345630E+02
 8501   0.34942950E+02
 8502   0.28515870E+02
 8503   0.23462240E+02
 8504   0.20344610E+02
 8505   0.18058000E+02
 8506   0.15219470E+02
 8507   0.12599870E+02
 8508   0.11286950E+02
 8509   0.14251890E+02
 8510   0.17563600E+02
 8511   0.25564140E+02
 8512   0.25900590E+02
 8513   0.25517920E+02
 8514   0.23870660E+02
 8515   0.19910970E+02
 8516   0.14426110E+02
 8517   0.13156790E+02
 8518   0.24722320E+02
 8519   0.60252460E+02
 8520   0.88136760E+02
 8521   0.92775960E+02
 8522   0.77626330E+02
 8523   0.62553020E+02
 8524   0.50304480E+02
 8525   0.44328850E+02
 8526   0.86179860E+02
 8527   0.29131415E+03
 8528   0.28660378E+03
 8529   0.47887296E+03
 8530   0.73701381E+03
 8531   0.66745934E+03
 8532   0.48858201E+03
 8533   0.50414725E+03
 8534   0.44778403E+03
 8535   0.35696045E+03
 8536   0.30484840E+03
 8537   0.41187494E+03
 8538   0.46305707E+03
 8539   0.66992038E+03
 8540   0.10439260E+04
 8541   0.16767085E+04
 8542   0.22009377E+04
 8543   0.24854556E+04
 8544   0.20150482E+04
 8545   0.22029755E+04
 8546   0.24835104E+04
 8547   0.12914009E+04
 8548   0.68076133E+03
 8549   0.39374453E+03
 8550   0.28825911E+03
 8551   0.40082592E+03
 8552   0.72660734E+03
 8553   0.11271765E+04
 8554   0.23473195E+04
 8555   0.15220083E+04
 8556   0.88357257E+03
 8557   0.65918660E+03
 8558   0.76322706E+03
 8559   0.15631074E+04
 8560   0.13094074E+04
 8561   0.93627163E+03
 8562   0.70296540E+03
 8563   0.51232491E+03
 8564   0.34249228E+03
 8565   0.22752585E+03
 8566   0.15494859E+03
 8567   0.10730635E+03
 8568   0.75836210E+02
 8569   0.56831430E+02
 8570   0.46721050E+02
 8571   0.18373101E+03
 8572   0.81950505E+03
 8573   0.74071899E+03
 8574   0.73114218E+03
 8575   0.86068014E+03
 8576   0.58001341E+03
 8577   0.37058593E+03
 8578   0.22785143E+03
 8579   0.15053189E+03
 8580   0.10357782E+03
 8581   0.73435310E+02
 8582   0.53487930E+02
 8583   0.44022890E+02
 8584   0.22665380E+04
 8585   0.38579290E+04
 8586   0.28383377E+04
 8587   0.42412121E+04
 8588   0.24121797E+04
 8589   0.11708261E+04
 8590   0.66061165E+03
 8591   0.63555764E+03
 8592   0.11046334E+04
 8593   0.82755945E+03
 8594   0.60035755E+03
 8595   0.50095589E+03
 8596   0.33265883E+03
 8597   0.22883106E+03
 8598   0.17082838E+03
 8599   0.12282927E+03
 8600   0.89710440E+02
 8601   0.63065820E+02
 8602   0.50753960E+02
 8603   0.82443150E+02
 8604   0.30623605E+03
 8605   0.46077553E+03
 8606   0.36049848E+03
 8607   0.26239128E+03
 8608   0.19341388E+03
 8609   0.13526719E+03
 8610   0.94993560E+02
 8611   0.68469360E+02
 8612   0.48924660E+02
 8613   0.35798050E+02
 8614   0.27487810E+02
 8615   0.30854550E+02
 8616   0.11153995E+03
 8617   0.26185974E+03
 8618   0.93464744E+03
 8619   0.73146701E+03
 8620   0.48251986E+03
 8621   0.56229176E+03
 8622   0.49228932E+03
 8623   0.31611410E+03
 8624   0.19409400E+03
 8625   0.12698631E+03
 8626   0.90035880E+02
 8627   0.65586510E+02
 8628   0.49258100E+02
 8629   0.41383010E+02
 8630   0.37221820E+02
 8631   0.36610780E+02
 8632   0.32143400E+02
 8633   0.34213650E+02
 8634   0.34512820E+02
 8635   0.29460230E+02
 8636   0.24044200E+02
 8637   0.19504630E+02
 8638   0.15548440E+02
 8639   0.12680670E+02
 8640   0.10518890E+02
 8641   0.99864600E+01
 8642   0.93829800E+01
 8643   0.80398800E+01
 8644   0.66485700E+01
 8645   0.54980000E+01
 8646   0.46267000E+01
 8647   0.39533400E+01
 8648   0.34208500E+01
 8649   0.30148300E+01
 8650   0.26979500E+01
 8651   0.24170900E+01
 8652   0.21791000E+01
 8653   0.19651700E+01
 8654   0.17598800E+01
 8655   0.15644300E+01
 8656   0.13697700E+01
 8657   0.11983100E+01
 8658   0.10571000E+01
 8659   0.94556000E+00
 8660   0.85312000E+00
 8661   0.77348000E+00
 8662   0.70320000E+00
 8663   0.64060000E+00
 8664   0.58506000E+00
 8665   0.53811000E+00
 8666   0.50394000E+00
 8667   0.48140000E+00
 8668   0.46260000E+00
 8669   0.44150000E+00
 8670   0.41692000E+00
 8671   0.39035000E+00
 8672   0.36370000E+00
 8673   0.33835000E+00
 8674   0.31500000E+00
 8675   0.29387000E+00
 8676   0.27490000E+00
 8677   0.25788000E+00
 8678   0.24259000E+00
 8679   0.22881000E+00
 8680   0.21633000E+00
 8681   0.34226000E+00
 8682   0.84940500E+01
 8683   0.41961000E+02
 8684   0.10288904E+03
 8685   0.11361005E+03
 8686   0.94303940E+02
 8687   0.77081370E+02
 8688   0.62126540E+02
 8689   0.49389850E+02
 8690   0.38602150E+02
 8691   0.29023810E+02
 8692   0.22813760E+02
 8693   0.18860820E+02
 8694   0.17854310E+02
 8695   0.17697180E+02
 8696   0.15370860E+02
 8697   0.12460760E+02
 8698   0.10425940E+02
 8699   0.90681200E+01
 8700   0.79318400E+01
 8701   0.67414700E+01
 8702   0.58520400E+01
 8703   0.51821100E+01
 8704   0.45897900E+01
 8705   0.40107300E+01
 8706   0.35128200E+01
 8707   0.31188800E+01
 8708   0.28116900E+01
 8709   0.25392200E+01
 8710   0.23152000E+01
 8711   0.21219400E+01
 8712   0.25317630E+02
 8713   0.91907290E+02
 8714   0.74228410E+02
 8715   0.60484310E+02
 8716   0.49818440E+02
 8717   0.40436210E+02
 8718   0.32444230E+02
 8719   0.25791650E+02
 8720   0.20022860E+02
 8721   0.14164770E+02
 8722   0.10286000E+02
 8723   0.82776300E+01
 8724   0.69072800E+01
 8725   0.58195300E+01
 8726   0.49303200E+01
 8727   0.42263000E+01
 8728   0.37247600E+01
 8729   0.32751000E+01
 8730   0.29221300E+01
 8731   0.26142800E+01
 8732   0.23617100E+01
 8733   0.21254700E+01
 8734   0.19256800E+01
 8735   0.17610900E+01
 8736   0.15991900E+01
 8737   0.14448700E+01
 8738   0.14472600E+01
 8739   0.15859500E+01
 8740   0.19047300E+01
 8741   0.22052200E+01
 8742   0.24571800E+01
 8743   0.25018800E+01
 8744   0.24271700E+01
 8745   0.23145300E+01
 8746   0.21849600E+01
 8747   0.20463900E+01
 8748   0.18723200E+01
 8749   0.24365600E+01
 8750   0.23765400E+01
 8751   0.21353700E+01
 8752   0.18380200E+01
 8753   0.15633800E+01
 8754   0.12440900E+01
 8755   0.10275100E+01
 8756   0.98945000E+00
 8757   0.94284000E+00
 8758   0.93506000E+00
 8759   0.90486000E+00
 8760   0.84501000E+00
 8761   0.77814000E+00
 8762   0.72425000E+00
 8763   0.67705000E+00
 8764   0.96430000E+00
 8765   0.13934000E+01
 8766   0.78328400E+01
 8767   0.12115290E+02
 8768   0.11235730E+02
 8769   0.88598300E+01
 8770   0.72695800E+01
 8771   0.60696600E+01
 8772   0.50106100E+01
 8773   0.41492000E+01
 8774   0.34761000E+01
 8775   0.29899000E+01
 8776   0.26433900E+01
 8777   0.23227800E+01
 8778   0.19784000E+01
 8779   0.17256500E+01
 8780   0.15278400E+01
 8781   0.13419100E+01
 8782   0.11860100E+01
 8783   0.10632600E+01
 8784   0.97120000E+00
 8785   0.89821000E+00
 8786   0.83812000E+00
 8787   0.78708000E+00
 8788   0.74121000E+00
 8789   0.69821000E+00
 8790   0.65854000E+00
 8791   0.62307000E+00
 8792   0.59153000E+00
 8793   0.56294000E+00
 8794   0.53634000E+00
 8795   0.51096000E+00
 8796   0.48625000E+00
 8797   0.46197000E+00
 8798   0.43810000E+00
 8799   0.41478000E+00
 8800   0.39220000E+00
 8801   0.37057000E+00
 8802   0.35003000E+00
 8803   0.33066000E+00
 8804   0.31249000E+00
 8805   0.29550000E+00
 8806   0.40902000E+00
 8807   0.14827200E+01
 8808   0.73244400E+01
 8809   0.21599850E+02
 8810   0.33391880E+02
 8811   0.45530980E+02
 8812   0.55761200E+02
 8813   0.59951000E+02
 8814   0.54612740E+02
 8815   0.48733850E+02
 8816   0.42139740E+02
 8817   0.36687200E+02
 8818   0.32280920E+02
 8819   0.28472490E+02
 8820   0.26017130E+02
 8821   0.25880360E+02
 8822   0.25546220E+02
 8823   0.24361210E+02
 8824   0.19837040E+02
 8825   0.17673220E+02
 8826   0.17913530E+02
 8827   0.15226730E+02
 8828   0.24986370E+02
 8829   0.16366266E+03
 8830   0.21713258E+03
 8831   0.17193042E+03
 8832   0.13984259E+03
 8833   0.12158426E+03
 8834   0.10220705E+03
 8835   0.91647680E+02
 8836   0.85723260E+02
 8837   0.82242820E+02
 8838   0.74320460E+02
 8839   0.63153590E+02
 8840   0.60385610E+02
 8841   0.94155050E+02
 8842   0.19343815E+03
 8843   0.36345036E+03
 8844   0.44109388E+03
 8845   0.39059597E+03
 8846   0.33654720E+03
 8847   0.26863144E+03
 8848   0.19869024E+03
 8849   0.14443667E+03
 8850   0.10772479E+03
 8851   0.82999700E+02
 8852   0.62771790E+02
 8853   0.48177230E+02
 8854   0.37076410E+02
 8855   0.27920570E+02
 8856   0.22835080E+02
 8857   0.17851100E+02
 8858   0.13000720E+02
 8859   0.10297960E+02
 8860   0.92305900E+01
 8861   0.76417400E+01
 8862   0.62851100E+01
 8863   0.52776100E+01
 8864   0.45849900E+01
 8865   0.39747700E+01
 8866   0.34640700E+01
 8867   0.30842500E+01
 8868   0.28143800E+01
 8869   0.25817200E+01
 8870   0.23659600E+01
 8871   0.21119400E+01
 8872   0.18460500E+01
 8873   0.17064000E+01
 8874   0.17267200E+01
 8875   0.19634300E+01
 8876   0.21642800E+01
 8877   0.24579700E+01
 8878   0.32089100E+01
 8879   0.15498160E+03
 8880   0.71112727E+03
 8881   0.65189617E+03
 8882   0.55945347E+03
 8883   0.43960955E+03
 8884   0.33119928E+03
 8885   0.36672174E+03
 8886   0.55130796E+03
 8887   0.59117471E+03
 8888   0.66392916E+03
 8889   0.50081979E+03
 8890   0.35776171E+03
 8891   0.29259521E+03
 8892   0.29831456E+03
 8893   0.32310634E+03
 8894   0.32796816E+03
 8895   0.27164151E+03
 8896   0.19017943E+03
 8897   0.12962008E+03
 8898   0.90314090E+02
 8899   0.66714220E+02
 8900   0.74109420E+02
 8901   0.37565136E+03
 8902   0.54360337E+03
 8903   0.51842929E+03
 8904   0.44574858E+03
 8905   0.36797142E+03
 8906   0.34331461E+03
 8907   0.30051606E+03
 8908   0.25571816E+03
 8909   0.23716556E+03
 8910   0.23217042E+03
 8911   0.19160721E+03
 8912   0.13712244E+03
 8913   0.98530640E+02
 8914   0.89005130E+02
 8915   0.23631749E+03
 8916   0.32739160E+03
 8917   0.23047385E+03
 8918   0.16027399E+03
 8919   0.11320878E+03
 8920   0.83943820E+02
 8921   0.80407290E+02
 8922   0.14070462E+03
 8923   0.22064305E+03
 8924   0.22405719E+03
 8925   0.21228940E+03
 8926   0.18411319E+03
 8927   0.15331222E+03
 8928   0.13814119E+03
 8929   0.12866157E+03
 8930   0.13217172E+03
 8931   0.13524459E+03
 8932   0.15775571E+03
 8933   0.22563676E+03
 8934   0.38245557E+04
 8935   0.50450360E+04
 8936   0.17340428E+04
 8937   0.77951998E+03
 8938   0.52982461E+03
 8939   0.32473088E+04
 8940   0.39738227E+04
 8941   0.26306460E+04
 8942   0.19129541E+04
 8943   0.13128323E+04
 8944   0.94265170E+03
 8945   0.69044230E+03
 8946   0.43662073E+03
 8947   0.26811893E+03
 8948   0.17279596E+03
 8949   0.11810218E+03
 8950   0.96681350E+02
 8951   0.92949370E+02
 8952   0.13536688E+03
 8953   0.23711168E+03
 8954   0.42573317E+03
 8955   0.74726123E+03
 8956   0.69733746E+03
 8957   0.47001004E+03
 8958   0.26827482E+03
 8959   0.16914602E+03
 8960   0.11670632E+03
 8961   0.97326060E+02
 8962   0.79819490E+02
 8963   0.61466360E+02
 8964   0.56746610E+02
 8965   0.50561449E+03
 8966   0.60529720E+03
 8967   0.38385581E+03
 8968   0.22813530E+03
 8969   0.14295724E+03
 8970   0.13668504E+03
 8971   0.11681612E+03
 8972   0.77271380E+02
 8973   0.54927950E+02
 8974   0.24655610E+03
 8975   0.35829685E+03
 8976   0.13933124E+04
 8977   0.30573478E+04
 8978   0.22777863E+04
 8979   0.15497062E+04
 8980   0.11962692E+04
 8981   0.62317304E+03
 8982   0.35188946E+03
 8983   0.28137546E+03
 8984   0.36332879E+03
 8985   0.74523559E+03
 8986   0.10679452E+04
 8987   0.78455324E+03
 8988   0.58045490E+03
 8989   0.44424755E+03
 8990   0.30639463E+03
 8991   0.20151511E+03
 8992   0.13598825E+03
 8993   0.94032140E+02
 8994   0.67361800E+02
 8995   0.50461370E+02
 8996   0.39192530E+02
 8997   0.31877130E+02
 8998   0.28993520E+02
 8999   0.31953500E+02
 9000   0.31636600E+02
 9001   0.35840630E+02
 9002   0.40663920E+02
 9003   0.36090130E+02
 9004   0.33846530E+02
 9005   0.40855430E+02
 9006   0.10930765E+03
 9007   0.25103777E+03
 9008   0.94783063E+03
 9009   0.69267238E+03
 9010   0.52984426E+03
 9011   0.34391087E+03
 9012   0.22106203E+03
 9013   0.14582843E+03
 9014   0.10111092E+03
 9015   0.73566990E+02
 9016   0.55022110E+02
 9017   0.42063190E+02
 9018   0.33791540E+02
 9019   0.10876552E+04
 9020   0.89156444E+03
 9021   0.28812096E+04
 9022   0.23135703E+04
 9023   0.17248868E+04
 9024   0.19375455E+04
 9025   0.98472133E+03
 9026   0.51680439E+03
 9027   0.43616355E+03
 9028   0.38191208E+03
 9029   0.24751687E+03
 9030   0.16443342E+03
 9031   0.11311907E+03
 9032   0.80715730E+02
 9033   0.59752360E+02
 9034   0.61990650E+02
 9035   0.63343120E+02
 9036   0.28067272E+03
 9037   0.34456017E+03
 9038   0.23535640E+03
 9039   0.15796194E+03
 9040   0.10997933E+03
 9041   0.79233070E+02
 9042   0.59355410E+02
 9043   0.45521840E+02
 9044   0.35775720E+02
 9045   0.28081460E+02
 9046   0.22001550E+02
 9047   0.16322830E+02
 9048   0.11972190E+02
 9049   0.95553900E+01
 9050   0.76545200E+01
 9051   0.64900900E+01
 9052   0.56311700E+01
 9053   0.48936200E+01
 9054   0.43312400E+01
 9055   0.51115100E+01
 9056   0.86528700E+01
 9057   0.10003970E+02
 9058   0.93579100E+01
 9059   0.81327300E+01
 9060   0.67143600E+01
 9061   0.58438500E+01
 9062   0.36013220E+02
 9063   0.69336960E+02
 9064   0.57885840E+02
 9065   0.45383260E+02
 9066   0.35841140E+02
 9067   0.28834140E+02
 9068   0.23823520E+02
 9069   0.19974310E+02
 9070   0.15526070E+02
 9071   0.12001300E+02
 9072   0.96324200E+01
 9073   0.78047000E+01
 9074   0.64812600E+01
 9075   0.57143200E+01
 9076   0.50534900E+01
 9077   0.47282400E+01
 9078   0.16032780E+02
 9079   0.12064201E+03
 9080   0.10801238E+03
 9081   0.88369090E+02
 9082   0.68348580E+02
 9083   0.52398470E+02
 9084   0.40815770E+02
 9085   0.32149890E+02
 9086   0.25390410E+02
 9087   0.19667790E+02
 9088   0.14157040E+02
 9089   0.10777290E+02
 9090   0.86541400E+01
 9091   0.70594100E+01
 9092   0.58645200E+01
 9093   0.51004800E+01
 9094   0.51718200E+01
 9095   0.19602599E+03
 9096   0.18890640E+03
 9097   0.16016664E+03
 9098   0.12608986E+03
 9099   0.96662050E+02
 9100   0.72829520E+02
 9101   0.54711430E+02
 9102   0.43230470E+02
 9103   0.34283110E+02
 9104   0.27198490E+02
 9105   0.21580640E+02
 9106   0.16193680E+02
 9107   0.12063960E+02
 9108   0.96497400E+01
 9109   0.79858600E+01
 9110   0.66845000E+01
 9111   0.54733700E+01
 9112   0.45750600E+01
 9113   0.40501800E+01
 9114   0.36712400E+01
 9115   0.33223300E+01
 9116   0.29868400E+01
 9117   0.27105100E+01
 9118   0.24802400E+01
 9119   0.22771800E+01
 9120   0.20870300E+01
 9121   0.25435200E+01
 9122   0.10110660E+02
 9123   0.13145971E+03
 9124   0.19308862E+03
 9125   0.18792661E+03
 9126   0.15130286E+03
 9127   0.12211470E+03
 9128   0.96063100E+02
 9129   0.73833730E+02
 9130   0.56587570E+02
 9131   0.42926800E+02
 9132   0.32500610E+02
 9133   0.25980630E+02
 9134   0.20328000E+02
 9135   0.14675580E+02
 9136   0.11139270E+02
 9137   0.91024700E+01
 9138   0.76483400E+01
 9139   0.65218800E+01
 9140   0.56058300E+01
 9141   0.48264000E+01
 9142   0.41483600E+01
 9143   0.35337000E+01
 9144   0.31138100E+01
 9145   0.28113400E+01
 9146   0.25492900E+01
 9147   0.23248000E+01
 9148   0.21057200E+01
 9149   0.18719500E+01
 9150   0.16846400E+01
 9151   0.14970600E+01
 9152   0.13280700E+01
 9153   0.11911000E+01
 9154   0.10836800E+01
 9155   0.99634000E+00
 9156   0.91609000E+00
 9157   0.83656000E+00
 9158   0.75968000E+00
 9159   0.68962000E+00
 9160   0.62786000E+00
 9161   0.57370000E+00
 9162   0.52597000E+00
 9163   0.48368000E+00
 9164   0.44609000E+00
 9165   0.41262000E+00
 9166   0.38276000E+00
 9167   0.35607000E+00
 9168   0.33214000E+00
 9169   0.31062000E+00
 9170   0.29122000E+00
 9171   0.27367000E+00
 9172   0.25774000E+00
 9173   0.24324000E+00
 9174   0.23001000E+00
 9175   0.21789000E+00
 9176   0.20678000E+00
 9177   0.19696000E+00
 9178   0.18971000E+00
 9179   0.18511000E+00
 9180   0.18121000E+00
 9181   0.17658000E+00
 9182   0.17206000E+00
 9183   0.26408000E+00
 9184   0.92615000E+00
 9185   0.12375500E+01
 9186   0.14189200E+01
 9187   0.16615900E+01
 9188   0.18479000E+01
 9189   0.18489300E+01
 9190   0.17103200E+01
 9191   0.15186300E+01
 9192   0.12907300E+01
 9193   0.10851800E+01
 9194   0.97918000E+00
 9195   0.87669000E+00
 9196   0.17757600E+01
 9197   0.70400600E+01
 9198   0.19951050E+02
 9199   0.98872917E+03
 9200   0.14655502E+04
 9201   0.11723042E+04
 9202   0.77170237E+03
 9203   0.46558517E+03
 9204   0.29215655E+03
 9205   0.19515271E+03
 9206   0.13660925E+03
 9207   0.98247210E+02
 9208   0.72448010E+02
 9209   0.54790390E+02
 9210   0.42523370E+02
 9211   0.33524510E+02
 9212   0.26448490E+02
 9213   0.20352010E+02
 9214   0.14051890E+02
 9215   0.11556290E+02
 9216   0.10910210E+02
 9217   0.12299180E+02
 9218   0.14079550E+02
 9219   0.19625690E+02
 9220   0.27588470E+02
 9221   0.34183290E+02
 9222   0.53305490E+02
 9223   0.15865487E+03
 9224   0.26409852E+03
 9225   0.25164587E+03
 9226   0.21118541E+03
 9227   0.16309625E+03
 9228   0.12859228E+03
 9229   0.10171809E+03
 9230   0.85053020E+02
 9231   0.72571280E+02
 9232   0.58444700E+02
 9233   0.45898370E+02
 9234   0.35071260E+02
 9235   0.28602070E+02
 9236   0.23080550E+02
 9237   0.17848440E+02
 9238   0.13598010E+02
 9239   0.10993740E+02
 9240   0.91181200E+01
 9241   0.77079200E+01
 9242   0.70659600E+01
 9243   0.13273300E+02
 9244   0.30765290E+02
 9245   0.76087820E+02
 9246   0.25280812E+03
 9247   0.47136360E+03
 9248   0.66814496E+03
 9249   0.83155962E+03
 9250   0.99078001E+03
 9251   0.16588883E+04
 9252   0.10630732E+04
 9253   0.59446194E+03
 9254   0.34708613E+03
 9255   0.21828814E+03
 9256   0.14578933E+03
 9257   0.10155559E+03
 9258   0.73332860E+02
 9259   0.54517580E+02
 9260   0.44600010E+02
 9261   0.37317820E+02
 9262   0.49845890E+02
 9263   0.12768614E+03
 9264   0.17025862E+03
 9265   0.14188076E+03
 9266   0.10439202E+03
 9267   0.78090250E+02
 9268   0.58870940E+02
 9269   0.44924520E+02
 9270   0.34726710E+02
 9271   0.27227130E+02
 9272   0.21443730E+02
 9273   0.16466210E+02
 9274   0.12900900E+02
 9275   0.11350790E+02
 9276   0.11987440E+02
 9277   0.14001620E+02
 9278   0.18964370E+02
 9279   0.56539120E+02
 9280   0.79066980E+02
 9281   0.70356480E+02
 9282   0.55435590E+02
 9283   0.42385080E+02
 9284   0.32389170E+02
 9285   0.26414170E+02
 9286   0.21070830E+02
 9287   0.19362510E+02
 9288   0.24520330E+02
 9289   0.56218320E+02
 9290   0.12652765E+03
 9291   0.22133864E+03
 9292   0.40138477E+03
 9293   0.21228215E+04
 9294   0.47319880E+04
 9295   0.25446748E+04
 9296   0.11748142E+04
 9297   0.63784868E+03
 9298   0.44125747E+03
 9299   0.64530998E+03
 9300   0.18763083E+04
 9301   0.18688927E+04
 9302   0.16204028E+04
 9303   0.10160659E+04
 9304   0.60024720E+03
 9305   0.40558734E+03
 9306   0.33055405E+03
 9307   0.32224246E+03
 9308   0.45710766E+03
 9309   0.15128962E+04
 9310   0.20614043E+04
 9311   0.17454034E+04
 9312   0.91868619E+03
 9313   0.49871882E+03
 9314   0.31252365E+03
 9315   0.68500487E+04
 9316   0.43947486E+04
 9317   0.28604462E+04
 9318   0.20230802E+04
 9319   0.10964196E+04
 9320   0.58096047E+03
 9321   0.33238855E+03
 9322   0.20880558E+03
 9323   0.14234083E+03
 9324   0.10191767E+03
 9325   0.82638840E+02
 9326   0.79666670E+02
 9327   0.30514328E+03
 9328   0.10889856E+04
 9329   0.13299902E+04
 9330   0.15485620E+04
 9331   0.10535518E+04
 9332   0.58569356E+03
 9333   0.33879825E+03
 9334   0.21587556E+03
 9335   0.14473004E+03
 9336   0.19174665E+03
 9337   0.45908705E+03
 9338   0.77997804E+03
 9339   0.61923159E+03
 9340   0.41099494E+03
 9341   0.27132574E+03
 9342   0.20644221E+03
 9343   0.15766798E+03
 9344   0.12963855E+03
 9345   0.11286157E+03
 9346   0.89518240E+02
 9347   0.70275410E+02
 9348   0.58259950E+02
 9349   0.50780540E+02
 9350   0.63618470E+02
 9351   0.15288422E+03
 9352   0.25579949E+03
 9353   0.27585321E+03
 9354   0.22111440E+03
 9355   0.19038654E+03
 9356   0.21434310E+03
 9357   0.15750416E+03
 9358   0.13436436E+03
 9359   0.15410786E+03
 9360   0.12754237E+03
 9361   0.96042830E+02
 9362   0.74117400E+02
 9363   0.74518910E+02
 9364   0.17421655E+03
 9365   0.37091742E+03
 9366   0.61474339E+03
 9367   0.65962180E+03
 9368   0.35094585E+03
 9369   0.19940382E+03
 9370   0.11917600E+03
 9371   0.76898700E+02
 9372   0.56387230E+02
 9373   0.41859090E+02
 9374   0.33597770E+02
 9375   0.26074810E+02
 9376   0.19183690E+02
 9377   0.13667680E+02
 9378   0.98026200E+01
 9379   0.76613300E+01
 9380   0.62281800E+01
 9381   0.74123700E+01
 9382   0.32698498E+03
 9383   0.27772813E+03
 9384   0.21287334E+03
 9385   0.19879589E+03
 9386   0.16420513E+03
 9387   0.13256623E+03
 9388   0.10355702E+03
 9389   0.80862950E+02
 9390   0.61545080E+02
 9391   0.46889360E+02
 9392   0.35895650E+02
 9393   0.27597660E+02
 9394   0.20993550E+02
 9395   0.15305610E+02
 9396   0.11431250E+02
 9397   0.90568700E+01
 9398   0.71213400E+01
 9399   0.58277800E+01
 9400   0.49866500E+01
 9401   0.42798900E+01
 9402   0.36917500E+01
 9403   0.32170600E+01
 9404   0.28655500E+01
 9405   0.25763500E+01
 9406   0.23191700E+01
 9407   0.20683000E+01
 9408   0.18408900E+01
 9409   0.16457500E+01
 9410   0.14704600E+01
 9411   0.13411000E+01
 9412   0.12026200E+01
 9413   0.12460400E+01
 9414   0.11600645E+04
 9415   0.10975887E+04
 9416   0.76543835E+03
 9417   0.47822813E+03
 9418   0.31134645E+03
 9419   0.21338352E+03
 9420   0.14887614E+03
 9421   0.10675311E+03
 9422   0.78710670E+02
 9423   0.59392280E+02
 9424   0.45699820E+02
 9425   0.35754690E+02
 9426   0.27990120E+02
 9427   0.22139700E+02
 9428   0.25222050E+02
 9429   0.39582010E+02
 9430   0.38170320E+02
 9431   0.33233930E+02
 9432   0.30216870E+02
 9433   0.29835670E+02
 9434   0.28425650E+02
 9435   0.24975650E+02
 9436   0.20765680E+02
 9437   0.15880190E+02
 9438   0.11901330E+02
 9439   0.92163800E+01
 9440   0.76539700E+01
 9441   0.65296400E+01
 9442   0.55418500E+01
 9443   0.47082000E+01
 9444   0.40590800E+01
 9445   0.35728400E+01
 9446   0.31643700E+01
 9447   0.28182600E+01
 9448   0.25283500E+01
 9449   0.22932900E+01
 9450   0.21204000E+01
 9451   0.20105700E+01
 9452   0.23997400E+01
 9453   0.11134830E+02
 9454   0.29909550E+02
 9455   0.42946750E+02
 9456   0.39961150E+02
 9457   0.34264590E+02
 9458   0.34909370E+02
 9459   0.37152020E+02
 9460   0.35865490E+02
 9461   0.34763760E+02
 9462   0.30610410E+02
 9463   0.25551150E+02
 9464   0.20810890E+02
 9465   0.15944260E+02
 9466   0.12126710E+02
 9467   0.97234200E+01
 9468   0.80477400E+01
 9469   0.77688900E+01
 9470   0.76574700E+01
 9471   0.10484430E+02
 9472   0.12467230E+02
 9473   0.13705320E+02
 9474   0.14800590E+02
 9475   0.15847100E+02
 9476   0.15381280E+02
 9477   0.12439510E+02
 9478   0.96099500E+01
 9479   0.75028000E+01
 9480   0.57397000E+01
 9481   0.45095900E+01
 9482   0.37808900E+01
 9483   0.32965200E+01
 9484   0.29044400E+01
 9485   0.25810200E+01
 9486   0.23008300E+01
 9487   0.20332400E+01
 9488   0.18275900E+01
 9489   0.16630800E+01
 9490   0.15204600E+01
 9491   0.14027800E+01
 9492   0.13022100E+01
 9493   0.12163600E+01
 9494   0.11360900E+01
 9495   0.10529100E+01
 9496   0.96567000E+00
 9497   0.88190000E+00
 9498   0.80846000E+00
 9499   0.74644000E+00
 9500   0.94825000E+00
 9501   0.12355600E+01
 9502   0.76803700E+01
 9503   0.20159260E+02
 9504   0.26731360E+02
 9505   0.25817080E+02
 9506   0.25534370E+02
 9507   0.23573950E+02
 9508   0.21254550E+02
 9509   0.19756160E+02
 9510   0.18564080E+02
 9511   0.15115180E+02
 9512   0.12408020E+02
 9513   0.11133080E+02
 9514   0.10184340E+02
 9515   0.88369000E+01
 9516   0.73870600E+01
 9517   0.61674100E+01
 9518   0.51962700E+01
 9519   0.44727700E+01
 9520   0.38628300E+01
 9521   0.33539900E+01
 9522   0.29374900E+01
 9523   0.26950400E+01
 9524   0.25628300E+01
 9525   0.24555800E+01
 9526   0.23840800E+01
 9527   0.23357800E+01
 9528   0.23143400E+01
 9529   0.23307800E+01
 9530   0.25301000E+01
 9531   0.33689000E+01
 9532   0.45740200E+01
 9533   0.51867400E+01
 9534   0.53153500E+01
 9535   0.50091300E+01
 9536   0.46467500E+01
 9537   0.53966300E+01
 9538   0.58569000E+01
 9539   0.64688700E+01
 9540   0.74115300E+01
 9541   0.76871200E+01
 9542   0.70605600E+01
 9543   0.65553200E+01
 9544   0.62599600E+01
 9545   0.56566300E+01
 9546   0.49156400E+01
 9547   0.42483100E+01
 9548   0.37033800E+01
 9549   0.32382700E+01
 9550   0.28517100E+01
 9551   0.24769500E+01
 9552   0.21293600E+01
 9553   0.18797600E+01
 9554   0.19263400E+01
 9555   0.20778200E+01
 9556   0.23186900E+01
 9557   0.40790500E+01
 9558   0.11561040E+02
 9559   0.19063410E+02
 9560   0.23452040E+02
 9561   0.24161930E+02
 9562   0.22159110E+02
 9563   0.20151980E+02
 9564   0.17135920E+02
 9565   0.13303700E+02
 9566   0.10939410E+02
 9567   0.96840400E+01
 9568   0.90375800E+01
 9569   0.86276900E+01
 9570   0.81563300E+01
 9571   0.75130900E+01
 9572   0.67253200E+01
 9573   0.56875300E+01
 9574   0.48669200E+01
 9575   0.43940100E+01
 9576   0.40044200E+01
 9577   0.36565500E+01
 9578   0.34267100E+01
 9579   0.37042300E+01
 9580   0.40395200E+01
 9581   0.43811100E+01
 9582   0.47330900E+01
 9583   0.47942300E+01
 9584   0.55744500E+01
 9585   0.84718000E+01
 9586   0.10867510E+02
 9587   0.11939570E+02
 9588   0.11803040E+02
 9589   0.10872830E+02
 9590   0.95473900E+01
 9591   0.82518700E+01
 9592   0.70393000E+01
 9593   0.58629000E+01
 9594   0.49776400E+01
 9595   0.44188200E+01
 9596   0.40527300E+01
 9597   0.67817300E+01
 9598   0.12738450E+02
 9599   0.17972350E+02
 9600   0.22210390E+02
 9601   0.37724160E+02
 9602   0.10279274E+03
 9603   0.11956475E+03
 9604   0.94842400E+02
 9605   0.70105260E+02
 9606   0.58816250E+02
 9607   0.52672010E+02
 9608   0.49382660E+02
 9609   0.42290240E+02
 9610   0.35697620E+02
 9611   0.29177870E+02
 9612   0.22851750E+02
 9613   0.17123920E+02
 9614   0.11546970E+02
 9615   0.90359500E+01
 9616   0.78262600E+01
 9617   0.16963700E+02
 9618   0.26898975E+03
 9619   0.34945523E+03
 9620   0.24889382E+03
 9621   0.17687288E+03
 9622   0.12723154E+03
 9623   0.91611560E+02
 9624   0.68931620E+02
 9625   0.53084880E+02
 9626   0.40943640E+02
 9627   0.33198440E+02
 9628   0.30569980E+02
 9629   0.27714600E+02
 9630   0.24212760E+02
 9631   0.20444190E+02
 9632   0.18905190E+02
 9633   0.39192590E+02
 9634   0.85874840E+02
 9635   0.20913199E+03
 9636   0.30174253E+03
 9637   0.27071931E+03
 9638   0.20300819E+03
 9639   0.13900719E+03
 9640   0.10139744E+03
 9641   0.90503170E+02
 9642   0.95176150E+02
 9643   0.97993760E+02
 9644   0.27381694E+03
 9645   0.15718323E+04
 9646   0.38504378E+04
 9647   0.15468329E+04
 9648   0.85809170E+03
 9649   0.10942356E+04
 9650   0.69717540E+03
 9651   0.45840034E+03
 9652   0.38705394E+03
 9653   0.43181218E+03
 9654   0.37074059E+03
 9655   0.26726111E+03
 9656   0.17800399E+03
 9657   0.13061156E+03
 9658   0.19054833E+03
 9659   0.14281398E+04
 9660   0.90344190E+03
 9661   0.88336862E+03
 9662   0.80142581E+03
 9663   0.56056147E+03
 9664   0.50589497E+03
 9665   0.45861186E+03
 9666   0.37046815E+03
 9667   0.27583586E+03
 9668   0.21441814E+03
 9669   0.17393394E+03
 9670   0.14272003E+03
 9671   0.12823257E+03
 9672   0.14502368E+03
 9673   0.16109843E+03
 9674   0.13338854E+03
 9675   0.10412946E+03
 9676   0.93456410E+02
 9677   0.85815780E+02
 9678   0.99138700E+02
 9679   0.28991762E+04
 9680   0.16142127E+04
 9681   0.84422922E+03
 9682   0.73941630E+03
 9683   0.89184578E+03
 9684   0.42810812E+03
 9685   0.26342314E+03
 9686   0.34930963E+03
 9687   0.35582935E+03
 9688   0.24753704E+03
 9689   0.19246345E+03
 9690   0.26620712E+03
 9691   0.36495273E+03
 9692   0.31426790E+03
 9693   0.23770181E+03
 9694   0.18163414E+03
 9695   0.15901307E+03
 9696   0.14565276E+03
 9697   0.12293314E+03
 9698   0.97193320E+02
 9699   0.70392790E+02
 9700   0.51097530E+02
 9701   0.44016940E+02
 9702   0.59462320E+02
 9703   0.53457700E+02
 9704   0.45577110E+02
 9705   0.31457620E+02
 9706   0.24552390E+02
 9707   0.23469800E+02
 9708   0.17014181E+03
 9709   0.57985663E+03
 9710   0.52584754E+03
 9711   0.38522003E+03
 9712   0.27141680E+03
 9713   0.19085255E+03
 9714   0.13592568E+03
 9715   0.12904723E+03
 9716   0.29337285E+03
 9717   0.52332920E+03
 9718   0.97175729E+03
 9719   0.93263144E+03
 9720   0.63135314E+03
 9721   0.43157822E+03
 9722   0.37675081E+03
 9723   0.28614035E+03
 9724   0.18510312E+03
 9725   0.12335955E+03
 9726   0.92832360E+02
 9727   0.73905310E+02
 9728   0.55233590E+02
 9729   0.40524300E+02
 9730   0.31197760E+02
 9731   0.41667760E+02
 9732   0.24910085E+03
 9733   0.28243026E+03
 9734   0.21895427E+03
 9735   0.14666530E+03
 9736   0.10094096E+03
 9737   0.87067240E+02
 9738   0.11697088E+03
 9739   0.20749745E+03
 9740   0.22354372E+03
 9741   0.17673381E+03
 9742   0.39369014E+03
 9743   0.15667160E+04
 9744   0.94523636E+03
 9745   0.54628192E+03
 9746   0.32779897E+03
 9747   0.21020504E+03
 9748   0.14219372E+03
 9749   0.10013535E+03
 9750   0.72807050E+02
 9751   0.54566710E+02
 9752   0.41800770E+02
 9753   0.33256720E+02
 9754   0.26685620E+02
 9755   0.21247480E+02
 9756   0.18182690E+02
 9757   0.26110930E+02
 9758   0.86560280E+02
 9759   0.11142618E+03
 9760   0.85795960E+02
 9761   0.74075280E+02
 9762   0.62130390E+02
 9763   0.47268550E+02
 9764   0.33815760E+02
 9765   0.24414450E+02
 9766   0.20291200E+02
 9767   0.19992930E+02
 9768   0.17835993E+03
 9769   0.17718566E+03
 9770   0.12717371E+03
 9771   0.91806850E+02
 9772   0.67988240E+02
 9773   0.51420870E+02
 9774   0.39644580E+02
 9775   0.30817920E+02
 9776   0.23920490E+02
 9777   0.17692620E+02
 9778   0.12063310E+02
 9779   0.94095700E+01
 9780   0.77278600E+01
 9781   0.64176300E+01
 9782   0.53584600E+01
 9783   0.45413000E+01
 9784   0.38950500E+01
 9785   0.33627500E+01
 9786   0.29743500E+01
 9787   0.26718800E+01
 9788   0.24049100E+01
 9789   0.21532000E+01
 9790   0.19256000E+01
 9791   0.17445400E+01
 9792   0.15722500E+01
 9793   0.13931200E+01
 9794   0.12345200E+01
 9795   0.11348100E+01
 9796   0.12111700E+01
 9797   0.13753600E+01
 9798   0.15412800E+01
 9799   0.15780000E+01
 9800   0.16389300E+01
 9801   0.16874800E+01
 9802   0.16837200E+01
 9803   0.20930400E+01
 9804   0.19303900E+01
 9805   0.10887950E+03
 9806   0.13558413E+03
 9807   0.12641628E+03
 9808   0.31578847E+03
 9809   0.42748497E+03
 9810   0.25745304E+03
 9811   0.16475458E+03
 9812   0.11323039E+03
 9813   0.80930130E+02
 9814   0.59562540E+02
 9815   0.44942740E+02
 9816   0.34260050E+02
 9817   0.26430090E+02
 9818   0.19966660E+02
 9819   0.13627380E+02
 9820   0.10395710E+02
 9821   0.84493300E+01
 9822   0.69828800E+01
 9823   0.58162700E+01
 9824   0.49487800E+01
 9825   0.43404000E+01
 9826   0.39951100E+01
 9827   0.36101000E+01
 9828   0.33307600E+01
 9829   0.31019400E+01
 9830   0.29061900E+01
 9831   0.27385500E+01
 9832   0.25766600E+01
 9833   0.23899800E+01
 9834   0.22076800E+01
 9835   0.20064900E+01
 9836   0.18062700E+01
 9837   0.16180500E+01
 9838   0.14324100E+01
 9839   0.12771500E+01
 9840   0.11464800E+01
 9841   0.10398400E+01
 9842   0.94755000E+00
 9843   0.86315000E+00
 9844   0.78351000E+00
 9845   0.70873000E+00
 9846   0.64067000E+00
 9847   0.58055000E+00
 9848   0.52967000E+00
 9849   0.50615000E+00
 9850   0.54853000E+00
 9851   0.32827500E+01
 9852   0.42594818E+03
 9853   0.43217604E+03
 9854   0.28596386E+03
 9855   0.19925834E+03
 9856   0.14255751E+03
 9857   0.10820297E+03
 9858   0.88692440E+02
 9859   0.81730460E+02
 9860   0.82014120E+02
 9861   0.78534390E+02
 9862   0.66799880E+02
 9863   0.54233300E+02
 9864   0.43976130E+02
 9865   0.35935280E+02
 9866   0.29542490E+02
 9867   0.24376020E+02
 9868   0.19692040E+02
 9869   0.14977840E+02
 9870   0.11286460E+02
 9871   0.10159260E+02
 9872   0.12203260E+02
 9873   0.13859590E+02
 9874   0.14510420E+02
 9875   0.12949750E+02
 9876   0.10878830E+02
 9877   0.93155400E+01
 9878   0.80213100E+01
 9879   0.69247800E+01
 9880   0.56262900E+01
 9881   0.45333100E+01
 9882   0.39279800E+01
 9883   0.34402400E+01
 9884   0.40700900E+01
 9885   0.10370650E+02
 9886   0.11935128E+03
 9887   0.50476090E+03
 9888   0.38724716E+03
 9889   0.26521148E+03
 9890   0.18455629E+03
 9891   0.13024455E+03
 9892   0.93827480E+02
 9893   0.69704610E+02
 9894   0.53264350E+02
 9895   0.41624290E+02
 9896   0.32896780E+02
 9897   0.26173990E+02
 9898   0.21819580E+02
 9899   0.24099830E+02
 9900   0.31506450E+02
 9901   0.33875190E+02
 9902   0.28341990E+02
 9903   0.28231440E+02
 9904   0.41330100E+02
 9905   0.99290840E+02
 9906   0.13949293E+03
 9907   0.14892762E+03
 9908   0.13817162E+03
 9909   0.10947988E+03
 9910   0.83207320E+02
 9911   0.63947020E+02
 9912   0.49537180E+02
 9913   0.41983230E+02
 9914   0.38683910E+02
 9915   0.39060790E+02
 9916   0.46063130E+02
 9917   0.48327110E+02
 9918   0.50850050E+02
 9919   0.45803950E+02
 9920   0.38040440E+02
 9921   0.29395480E+02
 9922   0.25182680E+02
 9923   0.35250730E+02
 9924   0.77842490E+02
 9925   0.10258645E+03
 9926   0.90680460E+02
 9927   0.68939540E+02
 9928   0.51859230E+02
 9929   0.39737190E+02
 9930   0.30457550E+02
 9931   0.22444950E+02
 9932   0.16877670E+02
 9933   0.13047600E+02
 9934   0.12345070E+02
 9935   0.21431690E+02
 9936   0.67052250E+02
 9937   0.93759270E+02
 9938   0.10587258E+03
 9939   0.13554704E+03
 9940   0.19150765E+03
 9941   0.20206065E+03
 9942   0.16993033E+03
 9943   0.22579206E+03
 9944   0.27974838E+03
 9945   0.29219212E+03
 9946   0.41995126E+03
 9947   0.60546633E+03
 9948   0.76982200E+03
 9949   0.87793918E+03
 9950   0.62455050E+03
 9951   0.42357670E+03
 9952   0.56471782E+03
 9953   0.88335467E+03
 9954   0.67579307E+03
 9955   0.43844118E+03
 9956   0.33495161E+03
 9957   0.44536550E+03
 9958   0.43628339E+03
 9959   0.31046064E+03
 9960   0.20742601E+03
 9961   0.14209571E+03
 9962   0.10084175E+03
 9963   0.79703550E+02
 9964   0.67514010E+02
 9965   0.71056080E+02
 9966   0.77213470E+02
 9967   0.10064889E+03
 9968   0.10020140E+03
 9969   0.75620160E+02
 9970   0.55610950E+02
 9971   0.42051780E+02
 9972   0.29420560E+02
 9973   0.22856690E+02
 9974   0.17258650E+02
 9975   0.13121610E+02
 9976   0.12068460E+02
 9977   0.10677640E+02
 9978   0.10892920E+02
 9979   0.17256110E+02
 9980   0.26514480E+02
 9981   0.40188180E+02
 9982   0.65468910E+02
 9983   0.82917280E+02
 9984   0.89571760E+02
 9985   0.97175630E+02
 9986   0.10138545E+03
 9987   0.81577740E+02
 9988   0.60042380E+02
 9989   0.43739190E+02
 9990   0.32561330E+02
 9991   0.34441170E+02
 9992   0.82160930E+02
 9993   0.13928606E+03
 9994   0.27776412E+03
 9995   0.13596737E+04
 9996   0.13923637E+04
 9997   0.11977595E+04
 9998   0.15022478E+04
 9999   0.15665063E+04
10000   0.11415158E+04
10001   0.64052470E+03
10002   0.36568594E+03
10003   0.23682864E+03
10004   0.16412355E+03
10005   0.11745677E+03
10006   0.10636169E+03
10007   0.20080087E+03
10008   0.39207101E+03
10009   0.44479176E+03
10010   0.40821945E+03
10011   0.36406829E+03
10012   0.39028479E+03
10013   0.59914439E+03
10014   0.15280173E+04
10015   0.28827788E+04
10016   0.17982503E+04
10017   0.10570609E+04
10018   0.75943075E+03
10019   0.15875155E+04
10020   0.16402838E+04
10021   0.20019603E+04
10022   0.21248935E+04
10023   0.22657077E+04
10024   0.23923380E+04
10025   0.21258947E+04
10026   0.15252155E+04
10027   0.13024222E+04
10028   0.13614512E+04
10029   0.12217978E+04
10030   0.17601115E+04
10031   0.21420117E+04
10032   0.13310775E+04
10033   0.86480686E+03
10034   0.70578901E+03
10035   0.72331305E+03
10036   0.84996928E+03
10037   0.10048340E+04
10038   0.15812347E+04
10039   0.35927658E+04
10040   0.50675115E+04
10041   0.49695044E+04
10042   0.17362994E+04
10043   0.92066292E+03
10044   0.74663626E+03
10045   0.75321006E+03
10046   0.72989607E+03
10047   0.66263776E+03
10048   0.48744158E+03
10049   0.29517439E+03
10050   0.18403052E+03
10051   0.13270186E+03
10052   0.12324160E+03
10053   0.13149710E+03
10054   0.12603478E+03
10055   0.12281094E+03
10056   0.14977033E+03
10057   0.29113534E+03
10058   0.39456478E+03
10059   0.41573339E+03
10060   0.49100412E+03
10061   0.37833426E+03
10062   0.25283868E+03
10063   0.15760549E+03
10064   0.97658620E+02
10065   0.89395660E+02
10066   0.91668130E+02
10067   0.21622261E+03
10068   0.47978421E+03
10069   0.48417973E+03
10070   0.45841105E+03
10071   0.51230169E+03
10072   0.51643145E+03
10073   0.37857387E+03
10074   0.23688856E+03
10075   0.15270618E+03
10076   0.10564668E+03
10077   0.86519580E+02
10078   0.96356650E+02
10079   0.15966824E+03
10080   0.39800544E+03
10081   0.49403914E+03
10082   0.44511317E+03
10083   0.44089428E+03
10084   0.42155291E+03
10085   0.33882059E+03
10086   0.47257147E+03
10087   0.42901345E+03
10088   0.31962577E+03
10089   0.39778457E+03
10090   0.45420254E+03
10091   0.31595940E+03
10092   0.29143743E+03
10093   0.30312688E+03
10094   0.49438788E+03
10095   0.59575983E+03
10096   0.88997705E+03
10097   0.15763119E+04
10098   0.10933927E+04
10099   0.73060081E+03
10100   0.54614374E+03
10101   0.44656948E+03
10102   0.73128026E+03
10103   0.81868006E+03
10104   0.52467048E+03
10105   0.32400041E+03
10106   0.27454257E+03
10107   0.26829846E+03
10108   0.18730975E+03
10109   0.17091284E+03
10110   0.21447185E+03
10111   0.16735914E+03
10112   0.12645596E+03
10113   0.87236480E+02
10114   0.59765580E+02
10115   0.41115660E+02
10116   0.27465140E+02
10117   0.19325380E+02
10118   0.14850750E+02
10119   0.11901260E+02
10120   0.12150420E+02
10121   0.14807500E+02
10122   0.17968780E+02
10123   0.27563270E+02
10124   0.79680310E+02
10125   0.46436887E+03
10126   0.36866961E+03
10127   0.26079378E+03
10128   0.18026395E+03
10129   0.12462678E+03
10130   0.95611740E+02
10131   0.90161250E+02
10132   0.19801495E+03
10133   0.32936456E+03
10134   0.25667180E+03
10135   0.18651368E+03
10136   0.13543482E+03
10137   0.98390930E+02
10138   0.71935860E+02
10139   0.54213200E+02
10140   0.42600500E+02
10141   0.35430630E+02
10142   0.31052870E+02
10143   0.12237063E+03
10144   0.13146272E+03
10145   0.10339946E+03
10146   0.76387760E+02
10147   0.57352900E+02
10148   0.44355760E+02
10149   0.34403280E+02
10150   0.28103170E+02
10151   0.22760640E+02
10152   0.17995820E+02
10153   0.13421180E+02
10154   0.14612110E+03
10155   0.22165673E+03
10156   0.17710907E+03
10157   0.13709654E+03
10158   0.10307179E+03
10159   0.76810830E+02
10160   0.57863440E+02
10161   0.44259670E+02
10162   0.34309200E+02
10163   0.26634300E+02
10164   0.20233500E+02
10165   0.14070330E+02
10166   0.10406400E+02
10167   0.80304400E+01
10168   0.65757600E+01
10169   0.55672300E+01
10170   0.61904500E+01
10171   0.13886750E+02
10172   0.28841680E+02
10173   0.75504555E+03
10174   0.46522980E+03
10175   0.29090208E+03
10176   0.19470841E+03
10177   0.13605393E+03
10178   0.98459450E+02
10179   0.72719020E+02
10180   0.55647430E+02
10181   0.45920220E+02
10182   0.38146390E+02
10183   0.58724410E+02
10184   0.84241330E+02
10185   0.87313840E+02
10186   0.75535410E+02
10187   0.58701620E+02
10188   0.44405120E+02
10189   0.34885460E+02
10190   0.27350260E+02
10191   0.21326130E+02
10192   0.15894720E+02
10193   0.13533880E+02
10194   0.20038140E+02
10195   0.48134450E+02
10196   0.76121570E+02
10197   0.79994740E+02
10198   0.67108720E+02
10199   0.54412540E+02
10200   0.44037530E+02
10201   0.36355230E+02
10202   0.32003440E+02
10203   0.29041870E+02
10204   0.28928300E+02
10205   0.34572310E+02
10206   0.10369794E+03
10207   0.13239788E+03
10208   0.11467911E+03
10209   0.91857020E+02
10210   0.71862880E+02
10211   0.56839890E+02
10212   0.45629000E+02
10213   0.37069940E+02
10214   0.30115130E+02
10215   0.24468350E+02
10216   0.19823600E+02
10217   0.17914400E+02
10218   0.16756650E+02
10219   0.17878560E+02
10220   0.19943960E+02
10221   0.23213550E+02
10222   0.26561810E+02
10223   0.23386830E+02
10224   0.17618210E+02
10225   0.12330870E+02
10226   0.93037900E+01
10227   0.86446200E+01
10228   0.13179530E+02
10229   0.50303800E+02
10230   0.11553125E+03
10231   0.12222902E+03
10232   0.90850050E+02
10233   0.63839930E+02
10234   0.45243620E+02
10235   0.32264710E+02
10236   0.23069710E+02
10237   0.16156320E+02
10238   0.11564490E+02
10239   0.86399300E+01
10240   0.72158800E+01
10241   0.63880000E+01
10242   0.56633200E+01
10243   0.49491300E+01
10244   0.43589100E+01
10245   0.39302200E+01
10246   0.35186900E+01
10247   0.31460900E+01
10248   0.28139200E+01
10249   0.54596000E+01
10250   0.16236820E+02
10251   0.11732950E+03
10252   0.21536991E+03
10253   0.19739653E+03
10254   0.15567591E+03
10255   0.11965823E+03
10256   0.92480070E+02
10257   0.71191290E+02
10258   0.63553690E+02
10259   0.81113880E+02
10260   0.15829697E+03
10261   0.17807683E+03
10262   0.14837229E+03
10263   0.11311315E+03
10264   0.86277210E+02
10265   0.66949090E+02
10266   0.53094700E+02
10267   0.42537030E+02
10268   0.34217140E+02
10269   0.27081610E+02
10270   0.20372670E+02
10271   0.25024410E+02
10272   0.15118058E+03
10273   0.41906269E+03
10274   0.34143776E+03
10275   0.23273863E+03
10276   0.16869234E+03
10277   0.13005596E+03
10278   0.10007297E+03
10279   0.75852910E+02
10280   0.56948370E+02
10281   0.44797490E+02
10282   0.35322170E+02
10283   0.28273390E+02
10284   0.22996080E+02
10285   0.18466890E+02
10286   0.14404900E+02
10287   0.11679620E+02
10288   0.98646700E+01
10289   0.85372600E+01
10290   0.73788200E+01
10291   0.64616600E+01
10292   0.56654700E+01
10293   0.49629700E+01
10294   0.43683400E+01
10295   0.38619800E+01
10296   0.36874600E+01
10297   0.35707400E+01
10298   0.35352000E+01
10299   0.35289300E+01
10300   0.42235700E+01
10301   0.58188900E+01
10302   0.59758200E+01
10303   0.56283700E+01
10304   0.50878700E+01
10305   0.50892400E+01
10306   0.66538000E+01
10307   0.17166690E+02
10308   0.34450780E+02
10309   0.37159190E+02
10310   0.32535240E+02
10311   0.27328310E+02
10312   0.23092370E+02
10313   0.19798430E+02
10314   0.18386990E+02
10315   0.18611600E+02
10316   0.39289120E+02
10317   0.20196246E+03
10318   0.24153130E+03
10319   0.19170263E+03
10320   0.13872378E+03
10321   0.10258899E+03
10322   0.78598360E+02
10323   0.63137030E+02
10324   0.60400890E+02
10325   0.13007187E+03
10326   0.27823618E+03
10327   0.26451194E+03
10328   0.30866426E+03
10329   0.35645085E+03
10330   0.27179502E+03
10331   0.19944717E+03
10332   0.15092685E+03
10333   0.11754876E+03
10334   0.10459902E+03
10335   0.98934490E+02
10336   0.10125118E+03
10337   0.95026520E+02
10338   0.85803630E+02
10339   0.74285030E+02
10340   0.59492400E+02
10341   0.45932650E+02
10342   0.39855600E+02
10343   0.58120720E+02
10344   0.23244437E+03
10345   0.30183729E+03
10346   0.24063842E+03
10347   0.19275970E+03
10348   0.18242220E+03
10349   0.18040658E+03
10350   0.16722521E+03
10351   0.14032509E+03
10352   0.11213491E+03
10353   0.92326480E+02
10354   0.76228640E+02
10355   0.62329610E+02
10356   0.50472400E+02
10357   0.40738370E+02
10358   0.32973480E+02
10359   0.26426130E+02
10360   0.21072930E+02
10361   0.16683960E+02
10362   0.12604230E+02
10363   0.10125040E+02
10364   0.93889200E+01
10365   0.91924800E+01
10366   0.15749820E+02
10367   0.20416083E+03
10368   0.38986373E+03
10369   0.34525266E+03
10370   0.26871285E+03
10371   0.23924708E+03
10372   0.24060631E+03
10373   0.18404292E+03
10374   0.14444221E+03
10375   0.11633869E+03
10376   0.10496477E+03
10377   0.11993032E+03
10378   0.18987890E+03
10379   0.17545325E+03
10380   0.13690286E+03
10381   0.26330310E+03
10382   0.13551602E+04
10383   0.17120134E+04
10384   0.10676916E+04
10385   0.59576909E+03
10386   0.34952676E+03
10387   0.22203115E+03
10388   0.17739091E+03
10389   0.76678490E+04
10390   0.86339243E+04
10391   0.41854224E+04
10392   0.22655164E+04
10393   0.15204018E+04
10394   0.11068485E+04
10395   0.95968472E+03
10396   0.81600770E+03
10397   0.61999984E+03
10398   0.52208573E+03
10399   0.48053098E+03
10400   0.43581299E+03
10401   0.96428560E+03
10402   0.19188826E+04
10403   0.16473135E+04
10404   0.99724922E+03
10405   0.57999697E+03
10406   0.36530300E+03
10407   0.30624632E+03
10408   0.45236420E+03
10409   0.47390396E+03
10410   0.34230386E+03
10411   0.23003943E+03
10412   0.18904997E+03
10413   0.19911061E+03
10414   0.19684072E+03
10415   0.14690028E+03
10416   0.11171023E+03
10417   0.90911280E+02
10418   0.10844451E+03
10419   0.15028591E+03
10420   0.15198971E+03
10421   0.17509426E+03
10422   0.23325666E+03
10423   0.69282357E+03
10424   0.99065928E+03
10425   0.76189421E+03
10426   0.95761903E+03
10427   0.11478471E+04
10428   0.10219801E+04
10429   0.56054358E+03
10430   0.31914978E+03
10431   0.22362680E+03
10432   0.26048619E+03
10433   0.37447988E+03
10434   0.24567533E+03
10435   0.14911727E+03
10436   0.10254093E+03
10437   0.78393630E+02
10438   0.66369790E+02
10439   0.11495878E+03
10440   0.15439732E+04
10441   0.19429043E+04
10442   0.11419689E+04
10443   0.78957276E+03
10444   0.54262214E+03
10445   0.33163964E+03
10446   0.20937288E+03
10447   0.15508396E+03
10448   0.13158270E+03
10449   0.13237513E+03
10450   0.13367083E+03
10451   0.17015687E+03
10452   0.23178192E+03
10453   0.22726531E+03
10454   0.17220493E+03
10455   0.11950269E+03
10456   0.91440250E+02
10457   0.92716070E+02
10458   0.23242209E+03
10459   0.34352391E+03
10460   0.36120855E+03
10461   0.44896397E+03
10462   0.68502540E+03
10463   0.66630058E+03
10464   0.58094442E+03
10465   0.42798237E+03
10466   0.28366890E+03
10467   0.19081400E+03
10468   0.13171423E+03
10469   0.93811410E+02
10470   0.68912440E+02
10471   0.52198480E+02
10472   0.52168720E+02
10473   0.19516805E+04
10474   0.19359602E+04
10475   0.13616295E+04
10476   0.86636511E+03
10477   0.49209346E+03
10478   0.28963793E+03
10479   0.18597717E+03
10480   0.17600617E+03
10481   0.28017249E+03
10482   0.28723781E+03
10483   0.26527970E+03
10484   0.20966716E+03
10485   0.16554227E+03
10486   0.12423586E+03
10487   0.95441600E+02
10488   0.78620090E+02
10489   0.76034150E+02
10490   0.81944380E+02
10491   0.82272920E+02
10492   0.67815670E+02
10493   0.51699340E+02
10494   0.39761990E+02
10495   0.29600400E+02
10496   0.22977040E+02
10497   0.17503440E+02
10498   0.12996850E+02
10499   0.12761020E+02
10500   0.11720923E+04
10501   0.98461808E+03
10502   0.64053485E+03
10503   0.39701941E+03
10504   0.64772911E+03
10505   0.11369408E+04
10506   0.62952188E+03
10507   0.35745653E+03
10508   0.22123480E+03
10509   0.14638647E+03
10510   0.10122034E+03
10511   0.72438890E+02
10512   0.53177320E+02
10513   0.39888280E+02
10514   0.39367250E+02
10515   0.14671762E+03
10516   0.63621790E+03
10517   0.50071684E+03
10518   0.32928773E+03
10519   0.21541571E+03
10520   0.14585155E+03
10521   0.10225514E+03
10522   0.74289520E+02
10523   0.55268290E+02
10524   0.42302290E+02
10525   0.33697760E+02
10526   0.27854780E+02
10527   0.24170100E+02
10528   0.19859410E+02
10529   0.14540700E+02
10530   0.11101940E+02
10531   0.90519600E+01
10532   0.76570000E+01
10533   0.64882600E+01
10534   0.55774500E+01
10535   0.47797500E+01
10536   0.41330000E+01
10537   0.35357600E+01
10538   0.31259700E+01
10539   0.28217700E+01
10540   0.25582300E+01
10541   0.23229700E+01
10542   0.21787400E+01
10543   0.28242300E+01
10544   0.46383200E+01
10545   0.15334916E+03
10546   0.21072113E+03
10547   0.22882354E+03
10548   0.63662409E+03
10549   0.46621914E+03
10550   0.32534824E+03
10551   0.23983854E+03
10552   0.17593481E+03
10553   0.12738541E+03
10554   0.92980110E+02
10555   0.69131270E+02
10556   0.51580650E+02
10557   0.39100460E+02
10558   0.31088710E+02
10559   0.24491620E+02
10560   0.18659570E+02
10561   0.13536500E+02
10562   0.10583960E+02
10563   0.87410500E+01
10564   0.73416000E+01
10565   0.62351900E+01
10566   0.52811400E+01
10567   0.44257000E+01
10568   0.37452300E+01
10569   0.33205500E+01
10570   0.30024000E+01
10571   0.27258100E+01
10572   0.24731700E+01
10573   0.22686400E+01
10574   0.20311900E+01
10575   0.18157800E+01
10576   0.16292700E+01
10577   0.14584700E+01
10578   0.13174000E+01
10579   0.11962800E+01
10580   0.10940700E+01
10581   0.10017100E+01
10582   0.91181000E+00
10583   0.82785000E+00
10584   0.75513000E+00
10585   0.69457000E+00
10586   0.64441000E+00
10587   0.60261000E+00
10588   0.56754000E+00
10589   0.53781000E+00
10590   0.51210000E+00
10591   0.48919000E+00
10592   0.46803000E+00
10593   0.44784000E+00
10594   0.42810000E+00
10595   0.40860000E+00
10596   0.38937000E+00
10597   0.37059000E+00
10598   0.35237000E+00
10599   0.33472000E+00
10600   0.31788000E+00
10601   0.30253000E+00
10602   0.57594000E+00
10603   0.52342900E+01
10604   0.23262209E+03
10605   0.32175433E+03
10606   0.22464994E+03
10607   0.16354896E+03
10608   0.12782371E+03
10609   0.97632600E+02
10610   0.74191860E+02
10611   0.57609180E+02
10612   0.44872980E+02
10613   0.35021050E+02
10614   0.27294770E+02
10615   0.21133750E+02
10616   0.15843180E+02
10617   0.11873260E+02
10618   0.91312400E+01
10619   0.76579200E+01
10620   0.66493300E+01
10621   0.56994500E+01
10622   0.48953500E+01
10623   0.42729300E+01
10624   0.37641200E+01
10625   0.33362100E+01
10626   0.36997600E+01
10627   0.68613900E+01
10628   0.30995300E+02
10629   0.30341105E+03
10630   0.37409812E+03
10631   0.30138575E+03
10632   0.25064388E+03
10633   0.21236881E+03
10634   0.16983993E+03
10635   0.12880850E+03
10636   0.96417120E+02
10637   0.72401330E+02
10638   0.55305330E+02
10639   0.45499320E+02
10640   0.47510360E+02
10641   0.52314520E+02
10642   0.59950530E+02
10643   0.71062360E+02
10644   0.99073670E+02
10645   0.17898926E+03
10646   0.19903756E+03
10647   0.17155793E+03
10648   0.14251377E+03
10649   0.11776560E+03
10650   0.97593280E+02
10651   0.82008890E+02
10652   0.66525750E+02
10653   0.52954860E+02
10654   0.42078130E+02
10655   0.33671490E+02
10656   0.27138560E+02
10657   0.21783600E+02
10658   0.16564990E+02
10659   0.12001370E+02
10660   0.10011730E+02
10661   0.84810200E+01
10662   0.72116100E+01
10663   0.61427900E+01
10664   0.53841500E+01
10665   0.74154400E+01
10666   0.11076980E+02
10667   0.11450190E+02
10668   0.11384860E+02
10669   0.10110140E+02
10670   0.98415500E+01
10671   0.10167100E+02
10672   0.95410400E+01
10673   0.90002100E+01
10674   0.94144200E+01
10675   0.95841400E+01
10676   0.89266200E+01
10677   0.80777900E+01
10678   0.74408800E+01
10679   0.70815100E+01
10680   0.65890500E+01
10681   0.61700700E+01
10682   0.57767600E+01
10683   0.52138500E+01
10684   0.46332400E+01
10685   0.42978900E+01
10686   0.16004390E+02
10687   0.43345690E+03
10688   0.48924561E+03
10689   0.31085645E+03
10690   0.23154911E+03
10691   0.17379721E+03
10692   0.12806901E+03
10693   0.94595320E+02
10694   0.72248540E+02
10695   0.55499100E+02
10696   0.44572660E+02
10697   0.41829290E+02
10698   0.45831590E+02
10699   0.51467840E+02
10700   0.60468000E+02
10701   0.74334700E+02
10702   0.13401129E+03
10703   0.25797616E+03
10704   0.25074453E+03
10705   0.18042040E+03
10706   0.12702298E+03
10707   0.92300380E+02
10708   0.68721040E+02
10709   0.52403380E+02
10710   0.40164410E+02
10711   0.33793860E+02
10712   0.33061150E+02
10713   0.53317670E+02
10714   0.21354160E+03
10715   0.30479661E+03
10716   0.44269105E+03
10717   0.48979889E+03
10718   0.40150749E+03
10719   0.36685467E+03
10720   0.29867324E+03
10721   0.20799659E+03
10722   0.18976561E+03
10723   0.20887002E+03
10724   0.19717942E+03
10725   0.33009090E+03
10726   0.76211933E+03
10727   0.62957230E+03
10728   0.45053112E+03
10729   0.40443842E+03
10730   0.58629647E+03
10731   0.63380773E+03
10732   0.44328075E+03
10733   0.27586339E+03
10734   0.19731976E+03
10735   0.15756165E+03
10736   0.12317609E+03
10737   0.93645350E+02
10738   0.71329800E+02
10739   0.56312180E+02
10740   0.52688240E+02
10741   0.51165050E+02
10742   0.59197190E+02
10743   0.92003320E+02
10744   0.30388184E+03
10745   0.85615636E+03
10746   0.10614069E+04
10747   0.19845136E+04
10748   0.30249421E+04
10749   0.18610608E+04
10750   0.13662137E+04
10751   0.86387067E+03
10752   0.50467457E+03
10753   0.30460782E+03
10754   0.19813467E+03
10755   0.14433183E+03
10756   0.10744959E+03
10757   0.93580220E+02
10758   0.86445220E+02
10759   0.11728073E+03
10760   0.24491934E+03
10761   0.41268851E+03
10762   0.51432544E+03
10763   0.16156459E+04
10764   0.14860233E+04
10765   0.76423375E+03
10766   0.41808910E+03
10767   0.25516536E+03
10768   0.17190124E+03
10769   0.12707316E+03
10770   0.10282824E+03
10771   0.79545170E+02
10772   0.62088830E+02
10773   0.91012270E+02
10774   0.16638688E+04
10775   0.20676910E+04
10776   0.12369045E+04
10777   0.72080596E+03
10778   0.50876625E+03
10779   0.52315424E+03
10780   0.47095268E+03
10781   0.41192084E+03
10782   0.38303437E+03
10783   0.35896022E+03
10784   0.34864884E+03
10785   0.30131577E+03
10786   0.22174401E+03
10787   0.25964741E+03
10788   0.40369867E+03
10789   0.46398206E+03
10790   0.36006407E+03
10791   0.24788148E+03
10792   0.17578422E+03
10793   0.13857445E+03
10794   0.99455930E+02
10795   0.80662870E+02
10796   0.13751297E+03
10797   0.51278610E+03
10798   0.45390856E+03
10799   0.29037391E+03
10800   0.19227730E+03
10801   0.13171974E+03
10802   0.94406990E+02
10803   0.67671700E+02
10804   0.57309730E+02
10805   0.79922560E+02
10806   0.60295710E+02
10807   0.45817380E+02
10808   0.37950840E+02
10809   0.54401420E+02
10810   0.19526762E+03
10811   0.19466951E+03
10812   0.14884469E+03
10813   0.12887996E+03
10814   0.27009974E+03
10815   0.92865044E+03
10816   0.19851974E+04
10817   0.27796308E+04
10818   0.17894347E+04
10819   0.96065719E+03
10820   0.61508372E+03
10821   0.48107758E+03
10822   0.83621230E+03
10823   0.75245207E+03
10824   0.47352352E+03
10825   0.29999175E+03
10826   0.20827094E+03
10827   0.27734308E+03
10828   0.11770641E+04
10829   0.76556393E+03
10830   0.47939426E+03
10831   0.33640278E+03
10832   0.24188112E+03
10833   0.20750476E+03
10834   0.23422799E+03
10835   0.43668240E+03
10836   0.17468337E+04
10837   0.13707378E+04
10838   0.83573291E+03
10839   0.58739994E+03
10840   0.54386270E+03
10841   0.54952252E+03
10842   0.58709847E+03
10843   0.50447544E+03
10844   0.34543417E+03
10845   0.20160921E+03
10846   0.12731409E+03
10847   0.86412010E+02
10848   0.61404960E+02
10849   0.45028860E+02
10850   0.33603000E+02
10851   0.25367840E+02
10852   0.19221840E+02
10853   0.70574930E+02
10854   0.20750481E+03
10855   0.36345934E+03
10856   0.52539509E+03
10857   0.36194495E+03
10858   0.22803258E+03
10859   0.14960487E+03
10860   0.10363132E+03
10861   0.74639890E+02
10862   0.55314440E+02
10863   0.41487350E+02
10864   0.30268710E+02
10865   0.23303600E+02
10866   0.17657770E+02
10867   0.13202650E+02
10868   0.10219440E+02
10869   0.85455700E+01
10870   0.74532500E+01
10871   0.62707600E+01
10872   0.52747100E+01
10873   0.45200500E+01
10874   0.39217100E+01
10875   0.34070200E+01
10876   0.30479700E+01
10877   0.27910600E+01
10878   0.88685500E+01
10879   0.68685340E+02
10880   0.62109560E+02
10881   0.49138100E+02
10882   0.38690790E+02
10883   0.31184420E+02
10884   0.25248950E+02
10885   0.19709670E+02
10886   0.14923610E+02
10887   0.11453630E+02
10888   0.91415300E+01
10889   0.75231900E+01
10890   0.63450000E+01
10891   0.53875700E+01
10892   0.45820700E+01
10893   0.39620400E+01
10894   0.34283200E+01
10895   0.30321800E+01
10896   0.26922700E+01
10897   0.24239400E+01
10898   0.22076200E+01
10899   0.19901000E+01
10900   0.17830100E+01
10901   0.15917300E+01
10902   0.14019700E+01
10903   0.12632200E+01
10904   0.11453900E+01
10905   0.10551800E+01
10906   0.94714000E+00
10907   0.40212590E+02
10908   0.20158558E+03
10909   0.16589626E+03
10910   0.12502483E+03
10911   0.93473070E+02
10912   0.70319300E+02
10913   0.74867840E+02
10914   0.27274596E+03
10915   0.22022569E+03
10916   0.15910479E+03
10917   0.11297777E+03
10918   0.82066410E+02
10919   0.61590660E+02
10920   0.47378600E+02
10921   0.37079710E+02
10922   0.29102830E+02
10923   0.24443750E+02
10924   0.25617530E+02
10925   0.32639100E+02
10926   0.37110450E+02
10927   0.34375080E+02
10928   0.35465540E+02
10929   0.34073720E+02
10930   0.31675680E+02
10931   0.29475960E+02
10932   0.26301200E+02
10933   0.22344730E+02
10934   0.17855200E+02
10935   0.13468650E+02
10936   0.10235710E+02
10937   0.84367000E+01
10938   0.71044500E+01
10939   0.59996000E+01
10940   0.51265000E+01
10941   0.44319700E+01
10942   0.38605900E+01
10943   0.33706300E+01
10944   0.29988700E+01
10945   0.26839800E+01
10946   0.24329100E+01
10947   0.21970800E+01
10948   0.19736400E+01
10949   0.18003900E+01
10950   0.16697400E+01
10951   0.21343200E+01
10952   0.28655400E+01
10953   0.41089500E+01
10954   0.57744400E+01
10955   0.67559700E+01
10956   0.64866400E+01
10957   0.53636200E+01
