    1   0.00000000E+00
    2   0.00000000E+00
    3   0.00000000E+00
    4   0.00000000E+00
    5   0.00000000E+00
    6   0.00000000E+00
    7   0.00000000E+00
    8   0.00000000E+00
    9   0.00000000E+00
   10   0.00000000E+00
   11   0.13886000E+00
   12   0.32600000E-01
   13   0.16728000E+00
   14   0.23082000E+00
   15   0.33733000E+00
   16   0.73181000E+00
   17   0.11407000E+01
   18   0.13995700E+01
   19   0.13432400E+01
   20   0.11639600E+01
   21   0.95958000E+00
   22   0.61393000E+00
   23   0.53326000E+00
   24   0.46950000E+00
   25   0.41990000E+00
   26   0.37383000E+00
   27   0.32889000E+00
   28   0.30642000E+00
   29   0.10147100E+01
   30   0.10331500E+01
   31   0.25486000E+01
   32   0.57142800E+01
   33   0.79270200E+01
   34   0.75626100E+01
   35   0.57068600E+01
   36   0.42413700E+01
   37   0.32740700E+01
   38   0.26131700E+01
   39   0.21356200E+01
   40   0.17679500E+01
   41   0.14579100E+01
   42   0.12051500E+01
   43   0.69339000E+00
   44   0.65928000E+00
   45   0.54008000E+00
   46   0.45798000E+00
   47   0.40849000E+00
   48   0.36538000E+00
   49   0.32621000E+00
   50   0.28110000E+00
   51   0.25608000E+00
   52   0.24780000E+00
   53   0.22569000E+00
   54   0.23442000E+00
   55   0.63701000E+00
   56   0.24324100E+01
   57   0.79963900E+01
   58   0.11357950E+02
   59   0.10732560E+02
   60   0.91890500E+01
   61   0.79007400E+01
   62   0.69913000E+01
   63   0.48648400E+01
   64   0.41398700E+01
   65   0.33682100E+01
   66   0.27104100E+01
   67   0.23922400E+01
   68   0.19153400E+01
   69   0.30902000E+01
   70   0.75208000E+01
   71   0.16804550E+02
   72   0.70684680E+02
   73   0.18692907E+03
   74   0.12531452E+03
   75   0.77179510E+02
   76   0.49195560E+02
   77   0.32218870E+02
   78   0.21981160E+02
   79   0.15416690E+02
   80   0.10675900E+02
   81   0.77769900E+01
   82   0.11409190E+02
   83   0.13604190E+02
   84   0.33993970E+02
   85   0.34609530E+02
   86   0.38892400E+02
   87   0.45609500E+02
   88   0.49181810E+02
   89   0.35848180E+02
   90   0.27077730E+02
   91   0.20297010E+02
   92   0.16523320E+02
   93   0.13478420E+02
   94   0.95546200E+01
   95   0.70597900E+01
   96   0.50581600E+01
   97   0.38337000E+01
   98   0.30065400E+01
   99   0.23721000E+01
  100   0.19159400E+01
  101   0.15522500E+01
  102   0.12867500E+01
  103   0.12170700E+01
  104   0.67853000E+00
  105   0.78936000E+00
  106   0.77428000E+00
  107   0.12102700E+01
  108   0.40255700E+01
  109   0.58815500E+01
  110   0.50504200E+01
  111   0.37815400E+01
  112   0.26398900E+01
  113   0.20001700E+01
  114   0.19488000E+01
  115   0.12980000E+01
  116   0.10480000E+01
  117   0.68587500E+01
  118   0.91904800E+01
  119   0.26956350E+02
  120   0.31746570E+02
  121   0.23797830E+02
  122   0.17215470E+02
  123   0.12214600E+02
  124   0.85166400E+01
  125   0.57034800E+01
  126   0.52142500E+01
  127   0.41626000E+01
  128   0.50562000E+01
  129   0.64946800E+01
  130   0.84985700E+01
  131   0.10033570E+02
  132   0.94483200E+01
  133   0.10414760E+02
  134   0.94932500E+01
  135   0.10843070E+02
  136   0.14718720E+02
  137   0.18091900E+02
  138   0.20524740E+02
  139   0.37291820E+02
  140   0.30530590E+02
  141   0.21875560E+02
  142   0.15608900E+02
  143   0.16964130E+02
  144   0.15796380E+02
  145   0.22061420E+02
  146   0.23601970E+02
  147   0.18200080E+02
  148   0.13041680E+02
  149   0.98873200E+01
  150   0.72838700E+01
  151   0.51897500E+01
  152   0.39255000E+01
  153   0.30921600E+01
  154   0.56098500E+01
  155   0.63958300E+01
  156   0.88559100E+01
  157   0.20659200E+02
  158   0.27262140E+02
  159   0.11822505E+03
  160   0.10185860E+03
  161   0.57479720E+02
  162   0.35502410E+02
  163   0.24893710E+02
  164   0.20785610E+02
  165   0.27486070E+02
  166   0.40824470E+02
  167   0.30947400E+02
  168   0.22098890E+02
  169   0.16084200E+02
  170   0.11535990E+02
  171   0.93613900E+01
  172   0.84446100E+01
  173   0.10464570E+02
  174   0.30660280E+02
  175   0.18399578E+03
  176   0.15746302E+03
  177   0.83099430E+02
  178   0.67485200E+02
  179   0.22419942E+03
  180   0.26466743E+03
  181   0.17654631E+03
  182   0.22665357E+03
  183   0.17878072E+03
  184   0.15616558E+03
  185   0.12255189E+03
  186   0.78034960E+02
  187   0.50072800E+02
  188   0.35212300E+02
  189   0.24572650E+02
  190   0.18292480E+02
  191   0.15266680E+02
  192   0.12308770E+02
  193   0.89158700E+01
  194   0.68326600E+01
  195   0.57912000E+01
  196   0.38969200E+01
  197   0.32404300E+01
  198   0.26244300E+01
  199   0.18411400E+02
  200   0.10609090E+03
  201   0.38329396E+03
  202   0.69027341E+03
  203   0.63073247E+03
  204   0.44526905E+03
  205   0.20055141E+03
  206   0.14367098E+03
  207   0.18889111E+03
  208   0.23128829E+03
  209   0.27042761E+03
  210   0.22613011E+03
  211   0.13485008E+03
  212   0.81732090E+02
  213   0.51505070E+02
  214   0.33248610E+02
  215   0.22625640E+02
  216   0.15868520E+02
  217   0.18524350E+02
  218   0.20219180E+02
  219   0.44598420E+02
  220   0.32991320E+02
  221   0.23904690E+02
  222   0.16979230E+02
  223   0.13630060E+02
  224   0.10168690E+02
  225   0.84223200E+01
  226   0.82061400E+01
  227   0.64598200E+01
  228   0.58619900E+01
  229   0.41250400E+01
  230   0.29439400E+01
  231   0.21753400E+01
  232   0.17373100E+01
  233   0.44598500E+01
  234   0.96657700E+01
  235   0.98647700E+01
  236   0.13588430E+02
  237   0.13086380E+02
  238   0.10808280E+02
  239   0.81162200E+01
  240   0.55527800E+01
  241   0.40664700E+01
  242   0.31022900E+01
  243   0.24149100E+01
  244   0.18723500E+01
  245   0.15118100E+01
  246   0.11709700E+01
  247   0.89935000E+00
  248   0.60105000E+00
  249   0.49562000E+00
  250   0.43305000E+00
  251   0.38131000E+00
  252   0.33741000E+00
  253   0.29003000E+00
  254   0.25695000E+00
  255   0.22815000E+00
  256   0.19929000E+00
  257   0.34773000E+00
  258   0.25981000E+00
  259   0.25370000E+00
  260   0.25567000E+00
  261   0.25226000E+00
  262   0.24268000E+00
  263   0.22416000E+00
  264   0.20071000E+00
  265   0.17366000E+00
  266   0.15063000E+00
  267   0.13160000E+00
  268   0.11383000E+00
  269   0.97510000E-01
  270   0.12226000E+00
  271   0.12342000E+00
  272   0.16165000E+00
  273   0.18326000E+00
  274   0.18457000E+00
  275   0.17159000E+00
  276   0.15061000E+00
  277   0.12879000E+00
  278   0.10945000E+00
  279   0.93310000E-01
  280   0.80110000E-01
  281   0.69350000E-01
  282   0.60520000E-01
  283   0.53240000E-01
  284   0.47170000E-01
  285   0.42070000E-01
  286   0.37740000E-01
  287   0.34050000E-01
  288   0.30860000E-01
  289   0.28110000E-01
  290   0.25700000E-01
  291   0.23590000E-01
  292   0.21730000E-01
  293   0.20080000E-01
  294   0.18610000E-01
  295   0.17290000E-01
  296   0.16110000E-01
  297   0.15050000E-01
  298   0.14080000E-01
  299   0.13210000E-01
  300   0.18706200E+01
  301   0.14633500E+01
  302   0.14165700E+01
  303   0.12368200E+01
  304   0.10493600E+01
  305   0.95554000E+00
  306   0.90001000E+00
  307   0.81391000E+00
  308   0.73276000E+00
  309   0.51482000E+00
  310   0.45413000E+00
  311   0.40620000E+00
  312   0.35644000E+00
  313   0.29886000E+00
  314   0.24743000E+00
  315   0.19118000E+00
  316   0.14397000E+00
  317   0.10217000E+00
  318   0.81650000E-01
  319   0.68210000E-01
  320   0.58760000E-01
  321   0.51900000E-01
  322   0.46760000E-01
  323   0.42680000E-01
  324   0.39210000E-01
  325   0.36140000E-01
  326   0.33340000E-01
  327   0.30780000E-01
  328   0.28420000E-01
  329   0.26270000E-01
  330   0.24300000E-01
  331   0.22510000E-01
  332   0.20880000E-01
  333   0.19390000E-01
  334   0.14874000E+00
  335   0.17013000E+00
  336   0.20460000E+00
  337   0.21725000E+00
  338   0.22920000E+00
  339   0.23298000E+00
  340   0.23183000E+00
  341   0.22959000E+00
  342   0.22848000E+00
  343   0.21687000E+00
  344   0.18772000E+00
  345   0.14337000E+00
  346   0.11147000E+00
  347   0.89470000E-01
  348   0.73720000E-01
  349   0.62050000E-01
  350   0.53120000E-01
  351   0.46140000E-01
  352   0.40510000E-01
  353   0.35940000E-01
  354   0.32150000E-01
  355   0.28990000E-01
  356   0.26410000E-01
  357   0.24630000E-01
  358   0.23940000E-01
  359   0.24190000E-01
  360   0.24770000E-01
  361   0.25120000E-01
  362   0.25280000E-01
  363   0.26490000E-01
  364   0.30600000E-01
  365   0.38190000E-01
  366   0.45660000E-01
  367   0.49650000E-01
  368   0.36418000E+00
  369   0.23650000E+00
  370   0.25486000E+00
  371   0.23510000E+00
  372   0.22518000E+00
  373   0.22009000E+00
  374   0.20442000E+00
  375   0.17552000E+00
  376   0.14226000E+00
  377   0.11662000E+00
  378   0.11598000E+00
  379   0.95110000E-01
  380   0.20450000E+00
  381   0.23210000E+00
  382   0.11332600E+01
  383   0.43412700E+01
  384   0.13103620E+02
  385   0.29314920E+02
  386   0.27550290E+02
  387   0.20708590E+02
  388   0.15108650E+02
  389   0.10828280E+02
  390   0.77094100E+01
  391   0.45818300E+01
  392   0.95771200E+01
  393   0.11477110E+02
  394   0.15478090E+02
  395   0.19647900E+02
  396   0.17477840E+02
  397   0.13398910E+02
  398   0.10249360E+02
  399   0.77663000E+01
  400   0.59016700E+01
  401   0.37785500E+01
  402   0.32789900E+01
  403   0.27796400E+01
  404   0.23154500E+01
  405   0.19651100E+01
  406   0.16875100E+01
  407   0.14212000E+01
  408   0.12228200E+01
  409   0.10354800E+01
  410   0.87186000E+00
  411   0.80806000E+00
  412   0.52682000E+00
  413   0.47238000E+00
  414   0.44330000E+00
  415   0.42367000E+00
  416   0.40433000E+00
  417   0.38768000E+00
  418   0.36987000E+00
  419   0.34664000E+00
  420   0.46107000E+00
  421   0.36660000E+00
  422   0.31646000E+00
  423   0.29612000E+00
  424   0.29798000E+00
  425   0.15895300E+01
  426   0.69442000E+00
  427   0.11790300E+01
  428   0.28358800E+01
  429   0.50418200E+01
  430   0.52051000E+01
  431   0.41481600E+01
  432   0.24212400E+01
  433   0.20454400E+01
  434   0.16841600E+01
  435   0.13748500E+01
  436   0.11600200E+01
  437   0.98719000E+00
  438   0.80677000E+00
  439   0.56630300E+01
  440   0.83753700E+01
  441   0.33438940E+02
  442   0.32071130E+02
  443   0.23719930E+02
  444   0.17533520E+02
  445   0.12684560E+02
  446   0.91839700E+01
  447   0.66409500E+01
  448   0.47813600E+01
  449   0.36478000E+01
  450   0.28205600E+01
  451   0.22843200E+01
  452   0.19027700E+01
  453   0.10087400E+01
  454   0.10502700E+01
  455   0.88775000E+00
  456   0.11114000E+01
  457   0.79817000E+00
  458   0.71076000E+00
  459   0.78721000E+00
  460   0.72601000E+00
  461   0.80760000E+00
  462   0.85624000E+00
  463   0.59576000E+00
  464   0.70826000E+00
  465   0.80942000E+00
  466   0.91343000E+00
  467   0.10722300E+01
  468   0.10820200E+01
  469   0.10361800E+01
  470   0.10032800E+01
  471   0.10467700E+01
  472   0.11048200E+01
  473   0.72964000E+00
  474   0.77472000E+00
  475   0.71196000E+00
  476   0.64001000E+00
  477   0.54942000E+00
  478   0.47787000E+00
  479   0.42747000E+00
  480   0.37367000E+00
  481   0.31648000E+00
  482   0.25250000E+00
  483   0.18401000E+00
  484   0.12427000E+00
  485   0.91150000E-01
  486   0.70960000E-01
  487   0.57570000E-01
  488   0.48110000E-01
  489   0.41100000E-01
  490   0.35720000E-01
  491   0.31470000E-01
  492   0.28020000E-01
  493   0.25180000E-01
  494   0.24110000E-01
  495   0.13890800E+01
  496   0.63642000E+00
  497   0.12670100E+01
  498   0.49061200E+01
  499   0.79046900E+01
  500   0.92582100E+01
  501   0.10355450E+02
  502   0.99950800E+01
  503   0.86751700E+01
  504   0.59532700E+01
  505   0.47428100E+01
  506   0.40516600E+01
  507   0.31723000E+01
  508   0.28074200E+01
  509   0.66161900E+01
  510   0.16382670E+02
  511   0.44755690E+02
  512   0.43662530E+02
  513   0.32024990E+02
  514   0.37718140E+02
  515   0.10490391E+03
  516   0.79959680E+02
  517   0.47680140E+02
  518   0.30562180E+02
  519   0.20748270E+02
  520   0.21872620E+02
  521   0.39601990E+02
  522   0.63075420E+02
  523   0.40723510E+02
  524   0.27020910E+02
  525   0.20560090E+02
  526   0.17334230E+02
  527   0.18507890E+02
  528   0.29696090E+02
  529   0.75635600E+02
  530   0.70426820E+02
  531   0.44378520E+02
  532   0.29356100E+02
  533   0.24558950E+02
  534   0.19072200E+02
  535   0.15668700E+02
  536   0.16187780E+02
  537   0.15147210E+02
  538   0.12306240E+02
  539   0.11354570E+02
  540   0.57845880E+02
  541   0.13249686E+03
  542   0.75869220E+02
  543   0.52262090E+02
  544   0.58537860E+02
  545   0.13101762E+03
  546   0.11898313E+03
  547   0.98928820E+02
  548   0.14084521E+03
  549   0.30704786E+03
  550   0.14340879E+03
  551   0.81190740E+02
  552   0.75198100E+02
  553   0.12910586E+03
  554   0.30539078E+03
  555   0.15929632E+03
  556   0.86001200E+02
  557   0.50944140E+02
  558   0.32419230E+02
  559   0.21809040E+02
  560   0.15937380E+02
  561   0.12342930E+02
  562   0.85647600E+01
  563   0.61232400E+01
  564   0.64129700E+01
  565   0.12493470E+02
  566   0.30730810E+02
  567   0.65231360E+02
  568   0.58628990E+02
  569   0.82998710E+02
  570   0.17144014E+03
  571   0.16696601E+03
  572   0.26540413E+03
  573   0.40267410E+03
  574   0.16819412E+03
  575   0.83805320E+02
  576   0.47721500E+02
  577   0.35704600E+02
  578   0.26249460E+02
  579   0.19380110E+02
  580   0.15858810E+02
  581   0.13473140E+02
  582   0.14580210E+02
  583   0.15042290E+02
  584   0.12895530E+02
  585   0.21275570E+02
  586   0.24687050E+02
  587   0.19894930E+02
  588   0.15286490E+02
  589   0.11593880E+02
  590   0.88777400E+01
  591   0.63167900E+01
  592   0.46213100E+01
  593   0.36048200E+01
  594   0.28741700E+01
  595   0.22488000E+01
  596   0.12841700E+01
  597   0.12127000E+01
  598   0.15236740E+02
  599   0.46130348E+03
  600   0.18946040E+03
  601   0.86326280E+02
  602   0.47418050E+02
  603   0.29465440E+02
  604   0.19666620E+02
  605   0.13405990E+02
  606   0.84056000E+01
  607   0.63303600E+01
  608   0.54844000E+01
  609   0.43515200E+01
  610   0.48936800E+01
  611   0.11362140E+02
  612   0.28670410E+02
  613   0.55952280E+02
  614   0.23926988E+03
  615   0.16423184E+03
  616   0.84904150E+02
  617   0.46866890E+02
  618   0.29544590E+02
  619   0.19781310E+02
  620   0.13286570E+02
  621   0.92390900E+01
  622   0.67816400E+01
  623   0.47396400E+01
  624   0.35349700E+01
  625   0.53781200E+01
  626   0.66404500E+01
  627   0.10521160E+02
  628   0.15615330E+02
  629   0.13900180E+02
  630   0.10779290E+02
  631   0.78169800E+01
  632   0.53424000E+01
  633   0.39259700E+01
  634   0.30129700E+01
  635   0.23499300E+01
  636   0.18753500E+01
  637   0.99411000E+00
  638   0.10332700E+01
  639   0.83809000E+00
  640   0.69474000E+00
  641   0.58157000E+00
  642   0.47561000E+00
  643   0.42314000E+00
  644   0.37680000E+00
  645   0.33413000E+00
  646   0.28511000E+00
  647   0.23183000E+00
  648   0.18505000E+00
  649   0.15302000E+00
  650   0.12868000E+00
  651   0.10865000E+00
  652   0.91740000E-01
  653   0.77810000E-01
  654   0.66500000E-01
  655   0.57350000E-01
  656   0.49910000E-01
  657   0.43800000E-01
  658   0.38740000E-01
  659   0.32851000E+00
  660   0.32703000E+00
  661   0.39342000E+00
  662   0.62429000E+00
  663   0.19631100E+01
  664   0.55526900E+01
  665   0.65344400E+01
  666   0.53176000E+01
  667   0.38774500E+01
  668   0.22237800E+01
  669   0.18522900E+01
  670   0.14535800E+01
  671   0.12114200E+01
  672   0.10020800E+01
  673   0.83127000E+00
  674   0.70467000E+00
  675   0.58812000E+00
  676   0.47011000E+00
  677   0.40845000E+00
  678   0.31334000E+00
  679   0.25426000E+00
  680   0.21788000E+00
  681   0.18177000E+00
  682   0.14669000E+00
  683   0.12021000E+00
  684   0.99810000E-01
  685   0.94610000E-01
  686   0.17495000E+00
  687   0.24158000E+00
  688   0.32789000E+00
  689   0.64575000E+00
  690   0.97616000E+00
  691   0.12510500E+01
  692   0.13124900E+01
  693   0.12274800E+01
  694   0.11190500E+01
  695   0.10029000E+01
  696   0.10684900E+01
  697   0.10609300E+01
  698   0.97696000E+00
  699   0.70843000E+00
  700   0.85782000E+00
  701   0.13922400E+01
  702   0.21725900E+01
  703   0.28774700E+01
  704   0.31336700E+01
  705   0.29347000E+01
  706   0.27733700E+01
  707   0.22371700E+01
  708   0.17669200E+01
  709   0.11202100E+01
  710   0.11832200E+01
  711   0.85299000E+00
  712   0.74145000E+00
  713   0.65808000E+00
  714   0.58006000E+00
  715   0.98355000E+00
  716   0.77316000E+00
  717   0.10585000E+01
  718   0.25444700E+01
  719   0.36371300E+01
  720   0.41627000E+01
  721   0.35285300E+01
  722   0.28098800E+01
  723   0.23165400E+01
  724   0.19387300E+01
  725   0.16218600E+01
  726   0.13578600E+01
  727   0.27406200E+01
  728   0.33236700E+01
  729   0.33032400E+01
  730   0.61067800E+01
  731   0.11223250E+02
  732   0.11772320E+02
  733   0.11938820E+02
  734   0.13589460E+02
  735   0.13354710E+02
  736   0.11155870E+02
  737   0.84944700E+01
  738   0.60180500E+01
  739   0.45006400E+01
  740   0.26640100E+01
  741   0.22563200E+01
  742   0.25798900E+01
  743   0.20791600E+01
  744   0.17602600E+01
  745   0.14301700E+01
  746   0.12052700E+01
  747   0.10856700E+01
  748   0.20123800E+01
  749   0.33480100E+01
  750   0.41414800E+01
  751   0.81259900E+01
  752   0.13239820E+02
  753   0.12523280E+02
  754   0.10011250E+02
  755   0.73798300E+01
  756   0.59884500E+01
  757   0.53067700E+01
  758   0.57275300E+01
  759   0.82807800E+01
  760   0.10419680E+02
  761   0.10662420E+02
  762   0.88662700E+01
  763   0.70001500E+01
  764   0.56144000E+01
  765   0.46723800E+01
  766   0.38966400E+01
  767   0.31867900E+01
  768   0.25855900E+01
  769   0.21338700E+01
  770   0.11295400E+01
  771   0.11448000E+01
  772   0.10133100E+01
  773   0.82158000E+00
  774   0.72671000E+00
  775   0.64425000E+00
  776   0.51545000E+00
  777   0.12600100E+01
  778   0.17079400E+01
  779   0.23222800E+01
  780   0.35278300E+01
  781   0.49470400E+01
  782   0.83280100E+01
  783   0.14081940E+02
  784   0.15930890E+02
  785   0.14478920E+02
  786   0.12776340E+02
  787   0.13293950E+02
  788   0.19532570E+02
  789   0.21527570E+02
  790   0.25656210E+02
  791   0.24662510E+02
  792   0.20541350E+02
  793   0.17288170E+02
  794   0.16456590E+02
  795   0.14790240E+02
  796   0.19579090E+02
  797   0.32361020E+02
  798   0.70536910E+02
  799   0.75134000E+02
  800   0.94877980E+02
  801   0.81895800E+02
  802   0.69891050E+02
  803   0.52364910E+02
  804   0.35463900E+02
  805   0.24197530E+02
  806   0.16981640E+02
  807   0.11795290E+02
  808   0.83689600E+01
  809   0.59307900E+01
  810   0.43911600E+01
  811   0.26406600E+01
  812   0.27815500E+01
  813   0.46505700E+01
  814   0.54815900E+01
  815   0.87626100E+01
  816   0.18900900E+02
  817   0.17972330E+02
  818   0.13899270E+02
  819   0.10761670E+02
  820   0.79240800E+01
  821   0.77317200E+01
  822   0.11640720E+02
  823   0.22954760E+02
  824   0.83867360E+02
  825   0.12778301E+03
  826   0.14635611E+03
  827   0.85506410E+02
  828   0.49941600E+02
  829   0.35666280E+02
  830   0.25844610E+02
  831   0.24120460E+02
  832   0.21443770E+02
  833   0.16653180E+02
  834   0.12167730E+02
  835   0.87315700E+01
  836   0.66976300E+01
  837   0.48017800E+01
  838   0.35980200E+01
  839   0.27678900E+01
  840   0.24197800E+01
  841   0.23773100E+01
  842   0.14337000E+01
  843   0.15314200E+01
  844   0.13452400E+01
  845   0.13420600E+01
  846   0.18578100E+01
  847   0.24367500E+01
  848   0.24541200E+01
  849   0.21857000E+01
  850   0.17596200E+01
  851   0.13850400E+01
  852   0.75134000E+00
  853   0.11627700E+01
  854   0.84428000E+00
  855   0.74464000E+00
  856   0.66162000E+00
  857   0.64247000E+00
  858   0.55462000E+00
  859   0.49190000E+00
  860   0.45376000E+00
  861   0.42087000E+00
  862   0.39557000E+00
  863   0.33289000E+00
  864   0.10099700E+02
  865   0.61273550E+02
  866   0.75371590E+02
  867   0.47309950E+02
  868   0.30576610E+02
  869   0.20780240E+02
  870   0.14474520E+02
  871   0.10341470E+02
  872   0.11455080E+02
  873   0.16575340E+02
  874   0.10473693E+03
  875   0.12813606E+03
  876   0.82198170E+02
  877   0.49477910E+02
  878   0.31662880E+02
  879   0.21324390E+02
  880   0.14837190E+02
  881   0.10289630E+02
  882   0.78203400E+01
  883   0.68173600E+01
  884   0.11401460E+02
  885   0.10745487E+03
  886   0.11657087E+03
  887   0.68194670E+02
  888   0.41500680E+02
  889   0.27049060E+02
  890   0.18527900E+02
  891   0.12671850E+02
  892   0.87855500E+01
  893   0.53615600E+01
  894   0.41429000E+01
  895   0.47431100E+01
  896   0.10844860E+02
  897   0.40691267E+03
  898   0.23016474E+03
  899   0.11179036E+03
  900   0.86000310E+02
  901   0.30766242E+03
  902   0.19547800E+03
  903   0.95643360E+02
  904   0.51411140E+02
  905   0.46147250E+02
  906   0.23416754E+03
  907   0.41285369E+03
  908   0.42039078E+03
  909   0.29172088E+03
  910   0.16894237E+03
  911   0.11897302E+03
  912   0.88257460E+02
  913   0.58283690E+02
  914   0.37384870E+02
  915   0.25790230E+02
  916   0.18139010E+02
  917   0.12577360E+02
  918   0.94809500E+01
  919   0.36902140E+02
  920   0.18352555E+03
  921   0.17349340E+03
  922   0.15086936E+03
  923   0.11943178E+03
  924   0.89113840E+02
  925   0.74002880E+02
  926   0.67978160E+02
  927   0.54567770E+02
  928   0.38968280E+02
  929   0.28420340E+02
  930   0.21534960E+02
  931   0.17118940E+02
  932   0.14917630E+02
  933   0.15339070E+02
  934   0.16177620E+02
  935   0.18815480E+02
  936   0.18974880E+02
  937   0.15407280E+02
  938   0.11268080E+02
  939   0.80961200E+01
  940   0.51102000E+01
  941   0.36470800E+01
  942   0.25478600E+01
  943   0.22676300E+01
  944   0.23788200E+01
  945   0.13971700E+01
  946   0.11683500E+01
  947   0.93399000E+00
  948   0.77566000E+00
  949   0.67415000E+00
  950   0.57010000E+00
  951   0.48045000E+00
  952   0.43294000E+00
  953   0.10840100E+01
  954   0.10442500E+01
  955   0.64496000E+00
  956   0.66482000E+00
  957   0.62542000E+00
  958   0.11283300E+01
  959   0.51305100E+01
  960   0.73544700E+01
  961   0.96696500E+01
  962   0.13196990E+02
  963   0.13460560E+02
  964   0.11430790E+02
  965   0.80606900E+01
  966   0.58257000E+01
  967   0.43342800E+01
  968   0.38183400E+01
  969   0.29101000E+01
  970   0.22710800E+01
  971   0.18558800E+01
  972   0.16960700E+01
  973   0.20507300E+01
  974   0.35618300E+01
  975   0.46506800E+01
  976   0.43685000E+01
  977   0.13331890E+02
  978   0.24931150E+02
  979   0.21817680E+02
  980   0.17108000E+02
  981   0.12860370E+02
  982   0.94216200E+01
  983   0.68930300E+01
  984   0.48535900E+01
  985   0.36751900E+01
  986   0.22094600E+01
  987   0.19945200E+01
  988   0.15966200E+01
  989   0.61747100E+01
  990   0.30818300E+01
  991   0.28550700E+01
  992   0.22277900E+01
  993   0.18019400E+01
  994   0.61593700E+01
  995   0.99359100E+01
  996   0.93546600E+01
  997   0.96478600E+01
  998   0.96400800E+01
  999   0.84195900E+01
 1000   0.68873800E+01
 1001   0.51146500E+01
 1002   0.39411600E+01
 1003   0.30977400E+01
 1004   0.24332500E+01
 1005   0.19000000E+01
 1006   0.99845000E+00
 1007   0.96319000E+00
 1008   0.77251000E+00
 1009   0.66416000E+00
 1010   0.57078000E+00
 1011   0.47612000E+00
 1012   0.42521000E+00
 1013   0.39176000E+00
 1014   0.37498000E+00
 1015   0.36527000E+00
 1016   0.32062000E+00
 1017   0.31435000E+00
 1018   0.30886000E+00
 1019   0.29344000E+00
 1020   0.26991000E+00
 1021   0.24063000E+00
 1022   0.20080000E+00
 1023   0.15048000E+00
 1024   0.11546000E+00
 1025   0.92400000E-01
 1026   0.76210000E-01
 1027   0.64260000E-01
 1028   0.55110000E-01
 1029   0.47910000E-01
 1030   0.42110000E-01
 1031   0.37360000E-01
 1032   0.33400000E-01
 1033   0.30070000E-01
 1034   0.27230000E-01
 1035   0.24780000E-01
 1036   0.22660000E-01
 1037   0.20810000E-01
 1038   0.19180000E-01
 1039   0.17740000E-01
 1040   0.16460000E-01
 1041   0.15320000E-01
 1042   0.14290000E-01
 1043   0.13360000E-01
 1044   0.12520000E-01
 1045   0.11760000E-01
 1046   0.11070000E-01
 1047   0.10440000E-01
 1048   0.98600000E-02
 1049   0.93200000E-02
 1050   0.88300000E-02
 1051   0.83800000E-02
 1052   0.49219000E+00
 1053   0.72173000E+00
 1054   0.65407800E+01
 1055   0.14515770E+02
 1056   0.13637460E+02
 1057   0.97248400E+01
 1058   0.71852500E+01
 1059   0.49847900E+01
 1060   0.37052400E+01
 1061   0.28626800E+01
 1062   0.22904600E+01
 1063   0.18581600E+01
 1064   0.15152700E+01
 1065   0.12581400E+01
 1066   0.10127500E+01
 1067   0.84336000E+00
 1068   0.54430000E+00
 1069   0.45953000E+00
 1070   0.40345000E+00
 1071   0.35604000E+00
 1072   0.30963000E+00
 1073   0.26748000E+00
 1074   0.23888000E+00
 1075   0.20972000E+00
 1076   0.18206000E+00
 1077   0.15483000E+00
 1078   0.13186000E+00
 1079   0.11083000E+00
 1080   0.92960000E-01
 1081   0.78460000E-01
 1082   0.66830000E-01
 1083   0.57500000E-01
 1084   0.49950000E-01
 1085   0.43790000E-01
 1086   0.38700000E-01
 1087   0.34460000E-01
 1088   0.30880000E-01
 1089   0.27840000E-01
 1090   0.25240000E-01
 1091   0.22990000E-01
 1092   0.21040000E-01
 1093   0.20780000E+00
 1094   0.12624000E+00
 1095   0.21928000E+00
 1096   0.24711000E+00
 1097   0.30813000E+00
 1098   0.34590000E+00
 1099   0.50169000E+00
 1100   0.69252000E+00
 1101   0.13165200E+01
 1102   0.14446300E+01
 1103   0.14923300E+01
 1104   0.13414900E+01
 1105   0.12866900E+01
 1106   0.13157200E+01
 1107   0.13692800E+01
 1108   0.13459600E+01
 1109   0.78149000E+00
 1110   0.83010000E+00
 1111   0.73479000E+00
 1112   0.68098000E+00
 1113   0.62226000E+00
 1114   0.54017000E+00
 1115   0.49212000E+00
 1116   0.45861000E+00
 1117   0.42679000E+00
 1118   0.40294000E+00
 1119   0.33079000E+00
 1120   0.30451000E+00
 1121   0.29448000E+00
 1122   0.28268000E+00
 1123   0.26937000E+00
 1124   0.25328000E+00
 1125   0.22902000E+00
 1126   0.18981000E+00
 1127   0.14028000E+00
 1128   0.10754000E+00
 1129   0.85930000E-01
 1130   0.70750000E-01
 1131   0.59580000E-01
 1132   0.51040000E-01
 1133   0.44350000E-01
 1134   0.38970000E-01
 1135   0.34570000E-01
 1136   0.30920000E-01
 1137   0.27840000E-01
 1138   0.25230000E-01
 1139   0.22980000E-01
 1140   0.21040000E-01
 1141   0.19340000E-01
 1142   0.17840000E-01
 1143   0.16520000E-01
 1144   0.15340000E-01
 1145   0.14290000E-01
 1146   0.13350000E-01
 1147   0.12500000E-01
 1148   0.11730000E-01
 1149   0.14990100E+01
 1150   0.55630000E+00
 1151   0.28420300E+01
 1152   0.12396090E+02
 1153   0.13202990E+02
 1154   0.10662730E+02
 1155   0.81217300E+01
 1156   0.55406300E+01
 1157   0.40203300E+01
 1158   0.32314600E+01
 1159   0.26172700E+01
 1160   0.15617300E+01
 1161   0.15120100E+01
 1162   0.12987000E+01
 1163   0.11838000E+01
 1164   0.10531700E+01
 1165   0.95269000E+00
 1166   0.88558000E+00
 1167   0.79603000E+00
 1168   0.71570000E+00
 1169   0.64807000E+00
 1170   0.44006000E+00
 1171   0.37184000E+00
 1172   0.33008000E+00
 1173   0.27850000E+00
 1174   0.24434000E+00
 1175   0.20937000E+00
 1176   0.17139000E+00
 1177   0.30215000E+00
 1178   0.78381000E+00
 1179   0.56503000E+00
 1180   0.51706000E+00
 1181   0.12620300E+01
 1182   0.20691500E+01
 1183   0.33434400E+01
 1184   0.89099100E+01
 1185   0.16315250E+02
 1186   0.31756920E+02
 1187   0.35983580E+02
 1188   0.29324990E+02
 1189   0.26168870E+02
 1190   0.23007670E+02
 1191   0.18659110E+02
 1192   0.15127620E+02
 1193   0.13244990E+02
 1194   0.10459950E+02
 1195   0.10328200E+02
 1196   0.12714220E+02
 1197   0.15339380E+02
 1198   0.17523640E+02
 1199   0.25428960E+02
 1200   0.32178350E+02
 1201   0.39479040E+02
 1202   0.77081080E+02
 1203   0.65620010E+02
 1204   0.46763410E+02
 1205   0.55040870E+02
 1206   0.82670410E+02
 1207   0.68994270E+02
 1208   0.43404050E+02
 1209   0.30013850E+02
 1210   0.21632190E+02
 1211   0.14314190E+02
 1212   0.10441150E+02
 1213   0.78253300E+01
 1214   0.57449500E+01
 1215   0.44182900E+01
 1216   0.34888100E+01
 1217   0.28004500E+01
 1218   0.22638200E+01
 1219   0.18091400E+01
 1220   0.15044400E+01
 1221   0.83629000E+00
 1222   0.81607000E+00
 1223   0.25861800E+01
 1224   0.48762600E+01
 1225   0.21527910E+02
 1226   0.33640880E+02
 1227   0.36186450E+02
 1228   0.39453650E+02
 1229   0.41864110E+02
 1230   0.57508770E+02
 1231   0.68175240E+02
 1232   0.56132760E+02
 1233   0.63699220E+02
 1234   0.70304720E+02
 1235   0.59726500E+02
 1236   0.55068470E+02
 1237   0.59748130E+02
 1238   0.44274840E+02
 1239   0.29888670E+02
 1240   0.21206670E+02
 1241   0.17300820E+02
 1242   0.12328750E+02
 1243   0.10790120E+02
 1244   0.10580660E+02
 1245   0.95516900E+01
 1246   0.97358500E+01
 1247   0.99683000E+01
 1248   0.24773650E+02
 1249   0.24679340E+02
 1250   0.27789880E+02
 1251   0.55980200E+02
 1252   0.58150130E+02
 1253   0.39962530E+02
 1254   0.29063660E+02
 1255   0.25393780E+02
 1256   0.28607250E+02
 1257   0.23941090E+02
 1258   0.17915650E+02
 1259   0.13074970E+02
 1260   0.10282960E+02
 1261   0.78875400E+01
 1262   0.57904400E+01
 1263   0.59263500E+01
 1264   0.79160500E+01
 1265   0.17478000E+02
 1266   0.27592510E+02
 1267   0.42693450E+02
 1268   0.36253800E+02
 1269   0.28375350E+02
 1270   0.22111880E+02
 1271   0.19337150E+02
 1272   0.26513770E+02
 1273   0.17422021E+03
 1274   0.38991222E+03
 1275   0.42802631E+03
 1276   0.18196797E+03
 1277   0.89122080E+02
 1278   0.73208340E+02
 1279   0.10022783E+03
 1280   0.73024860E+02
 1281   0.69123320E+02
 1282   0.53668780E+02
 1283   0.42604840E+02
 1284   0.44611050E+02
 1285   0.79893810E+02
 1286   0.11108182E+03
 1287   0.73856460E+02
 1288   0.45097040E+02
 1289   0.29599940E+02
 1290   0.22034270E+02
 1291   0.28627230E+02
 1292   0.38252640E+02
 1293   0.39405710E+02
 1294   0.28066360E+02
 1295   0.19574850E+02
 1296   0.13481870E+02
 1297   0.12728480E+02
 1298   0.14748130E+02
 1299   0.53659610E+02
 1300   0.30767657E+03
 1301   0.39221537E+03
 1302   0.35015388E+03
 1303   0.33964818E+03
 1304   0.38907738E+03
 1305   0.60516016E+03
 1306   0.43351586E+03
 1307   0.18379814E+03
 1308   0.90823060E+02
 1309   0.54998260E+02
 1310   0.37385300E+02
 1311   0.24769030E+02
 1312   0.18477900E+02
 1313   0.17209400E+02
 1314   0.12363400E+02
 1315   0.96780400E+01
 1316   0.11142360E+02
 1317   0.11292440E+02
 1318   0.10845450E+02
 1319   0.76851600E+01
 1320   0.47764900E+01
 1321   0.34024900E+01
 1322   0.25373500E+01
 1323   0.21173500E+01
 1324   0.11019900E+01
 1325   0.11843800E+01
 1326   0.92485000E+00
 1327   0.26668300E+01
 1328   0.76897400E+01
 1329   0.13831380E+03
 1330   0.54223806E+03
 1331   0.20087104E+03
 1332   0.98141440E+02
 1333   0.78557900E+02
 1334   0.10723458E+03
 1335   0.73417560E+02
 1336   0.43918330E+02
 1337   0.28107900E+02
 1338   0.19101590E+02
 1339   0.13084520E+02
 1340   0.90139400E+01
 1341   0.63509700E+01
 1342   0.45116300E+01
 1343   0.33821300E+01
 1344   0.20673500E+01
 1345   0.23858600E+01
 1346   0.27086700E+01
 1347   0.24250600E+01
 1348   0.19171000E+01
 1349   0.19120600E+01
 1350   0.19631200E+01
 1351   0.53857300E+01
 1352   0.12894770E+02
 1353   0.15072470E+02
 1354   0.12366260E+02
 1355   0.99985700E+01
 1356   0.80347400E+01
 1357   0.61805600E+01
 1358   0.47915400E+01
 1359   0.38001500E+01
 1360   0.30349300E+01
 1361   0.24265100E+01
 1362   0.19205900E+01
 1363   0.15250200E+01
 1364   0.11979900E+01
 1365   0.77350000E+00
 1366   0.72724000E+00
 1367   0.65782000E+00
 1368   0.61146000E+00
 1369   0.57718000E+00
 1370   0.55706000E+00
 1371   0.53467000E+00
 1372   0.50034000E+00
 1373   0.46541000E+00
 1374   0.42494000E+00
 1375   0.34094000E+00
 1376   0.29907000E+00
 1377   0.27563000E+00
 1378   0.25333000E+00
 1379   0.23291000E+00
 1380   0.21317000E+00
 1381   0.19313000E+00
 1382   0.17119000E+00
 1383   0.15192000E+00
 1384   0.13275000E+00
 1385   0.11366000E+00
 1386   0.96500000E-01
 1387   0.84440000E-01
 1388   0.85910000E-01
 1389   0.99670000E-01
 1390   0.10899000E+00
 1391   0.10659000E+00
 1392   0.97440000E-01
 1393   0.86380000E-01
 1394   0.75720000E-01
 1395   0.66250000E-01
 1396   0.58100000E-01
 1397   0.51180000E-01
 1398   0.45320000E-01
 1399   0.40360000E-01
 1400   0.11064200E+01
 1401   0.51672000E+00
 1402   0.59982000E+00
 1403   0.55352000E+00
 1404   0.49120000E+00
 1405   0.75179000E+00
 1406   0.73927900E+01
 1407   0.11644070E+02
 1408   0.30890820E+02
 1409   0.32811530E+02
 1410   0.25390610E+02
 1411   0.18627650E+02
 1412   0.13572850E+02
 1413   0.99686500E+01
 1414   0.77059500E+01
 1415   0.11643460E+02
 1416   0.10073570E+02
 1417   0.11975860E+02
 1418   0.16029230E+02
 1419   0.19776910E+02
 1420   0.18653400E+02
 1421   0.14559940E+02
 1422   0.10709860E+02
 1423   0.75254600E+01
 1424   0.51371000E+01
 1425   0.38462400E+01
 1426   0.22977200E+01
 1427   0.20138500E+01
 1428   0.16373700E+01
 1429   0.13246000E+01
 1430   0.11348600E+01
 1431   0.98725000E+00
 1432   0.83186000E+00
 1433   0.73066000E+00
 1434   0.66376000E+00
 1435   0.52164000E+00
 1436   0.45656000E+00
 1437   0.36795000E+00
 1438   0.30258000E+00
 1439   0.26807000E+00
 1440   0.25520000E+00
 1441   0.24930000E+00
 1442   0.24671000E+00
 1443   0.24389000E+00
 1444   0.23522000E+00
 1445   0.21535000E+00
 1446   0.18454000E+00
 1447   0.14356000E+00
 1448   0.11447000E+00
 1449   0.95550000E-01
 1450   0.11471000E+00
 1451   0.16318000E+00
 1452   0.18049000E+00
 1453   0.16490000E+00
 1454   0.13889000E+00
 1455   0.11986000E+00
 1456   0.12325000E+00
 1457   0.14595000E+00
 1458   0.14780000E+00
 1459   0.13398000E+00
 1460   0.11638000E+00
 1461   0.99810000E-01
 1462   0.85590000E-01
 1463   0.73770000E-01
 1464   0.64030000E-01
 1465   0.56000000E-01
 1466   0.49330000E-01
 1467   0.43770000E-01
 1468   0.39080000E-01
 1469   0.15426300E+01
 1470   0.43498000E+00
 1471   0.81484000E+00
 1472   0.21616900E+01
 1473   0.44220200E+01
 1474   0.50850200E+01
 1475   0.43162000E+01
 1476   0.34261500E+01
 1477   0.27299800E+01
 1478   0.15367500E+01
 1479   0.14697400E+01
 1480   0.11913800E+01
 1481   0.10178900E+01
 1482   0.87476000E+00
 1483   0.74035000E+00
 1484   0.64758000E+00
 1485   0.54688000E+00
 1486   0.46966000E+00
 1487   0.41473000E+00
 1488   0.32329000E+00
 1489   0.26765000E+00
 1490   0.24139000E+00
 1491   0.21317000E+00
 1492   0.18819000E+00
 1493   0.15835000E+00
 1494   0.13486000E+00
 1495   0.11421000E+00
 1496   0.96280000E-01
 1497   0.81400000E-01
 1498   0.69650000E-01
 1499   0.62800000E-01
 1500   0.61410000E-01
 1501   0.61020000E-01
 1502   0.58910000E-01
 1503   0.55230000E-01
 1504   0.50820000E-01
 1505   0.46300000E-01
 1506   0.41990000E-01
 1507   0.38050000E-01
 1508   0.34500000E-01
 1509   0.31360000E-01
 1510   0.28570000E-01
 1511   0.26110000E-01
 1512   0.23930000E-01
 1513   0.22000000E-01
 1514   0.20290000E-01
 1515   0.18760000E-01
 1516   0.17400000E-01
 1517   0.16170000E-01
 1518   0.13997100E+01
 1519   0.38201000E+00
 1520   0.51424000E+00
 1521   0.14704900E+01
 1522   0.46896600E+01
 1523   0.57635700E+01
 1524   0.48371200E+01
 1525   0.49588700E+01
 1526   0.44326900E+01
 1527   0.47896000E+01
 1528   0.57188500E+01
 1529   0.49812600E+01
 1530   0.44918700E+01
 1531   0.35447700E+01
 1532   0.28392400E+01
 1533   0.23298700E+01
 1534   0.19715200E+01
 1535   0.19026700E+01
 1536   0.15066900E+01
 1537   0.12291900E+01
 1538   0.11419700E+01
 1539   0.70256000E+00
 1540   0.74590000E+00
 1541   0.69572000E+00
 1542   0.64983000E+00
 1543   0.63310000E+00
 1544   0.59125000E+00
 1545   0.54101000E+00
 1546   0.50096000E+00
 1547   0.45867000E+00
 1548   0.42277000E+00
 1549   0.34699000E+00
 1550   0.29153000E+00
 1551   0.82182000E+00
 1552   0.47238000E+00
 1553   0.86264000E+00
 1554   0.43970000E+01
 1555   0.86457800E+01
 1556   0.86736800E+01
 1557   0.70637300E+01
 1558   0.48643000E+01
 1559   0.35354000E+01
 1560   0.20300400E+01
 1561   0.17165100E+01
 1562   0.13738900E+01
 1563   0.11127000E+01
 1564   0.93406000E+00
 1565   0.79522000E+00
 1566   0.68743000E+00
 1567   0.56687000E+00
 1568   0.45667000E+00
 1569   0.39622000E+00
 1570   0.30145000E+00
 1571   0.25162000E+00
 1572   0.32920000E+00
 1573   0.71973000E+00
 1574   0.34437000E+00
 1575   0.36267000E+00
 1576   0.40206000E+00
 1577   0.10846400E+01
 1578   0.15344900E+01
 1579   0.20900100E+01
 1580   0.18989400E+01
 1581   0.61103800E+01
 1582   0.66674000E+01
 1583   0.67690100E+01
 1584   0.72769700E+01
 1585   0.70469400E+01
 1586   0.62655100E+01
 1587   0.52352800E+01
 1588   0.39376400E+01
 1589   0.29430600E+01
 1590   0.17452800E+01
 1591   0.18768500E+01
 1592   0.27571500E+01
 1593   0.37752700E+01
 1594   0.61629900E+01
 1595   0.13590040E+02
 1596   0.42084990E+02
 1597   0.46922110E+02
 1598   0.32662660E+02
 1599   0.23030820E+02
 1600   0.18021590E+02
 1601   0.17956870E+02
 1602   0.23736290E+02
 1603   0.55261520E+02
 1604   0.47863100E+02
 1605   0.32800800E+02
 1606   0.22677000E+02
 1607   0.17592950E+02
 1608   0.18309690E+02
 1609   0.22395654E+03
 1610   0.19558470E+03
 1611   0.11202361E+03
 1612   0.81196970E+02
 1613   0.88562230E+02
 1614   0.89521750E+02
 1615   0.77369630E+02
 1616   0.63464510E+02
 1617   0.43075670E+02
 1618   0.29556040E+02
 1619   0.20678380E+02
 1620   0.22474460E+02
 1621   0.23075000E+02
 1622   0.29217590E+02
 1623   0.33521300E+02
 1624   0.22233042E+03
 1625   0.28970646E+03
 1626   0.18309962E+03
 1627   0.12508702E+03
 1628   0.97377510E+02
 1629   0.89457690E+02
 1630   0.20850463E+03
 1631   0.24823122E+03
 1632   0.16509795E+03
 1633   0.88365450E+02
 1634   0.61318110E+02
 1635   0.55474560E+02
 1636   0.48052150E+02
 1637   0.35414750E+02
 1638   0.26513730E+02
 1639   0.26203890E+02
 1640   0.55798680E+02
 1641   0.65245950E+02
 1642   0.49508570E+02
 1643   0.39293730E+02
 1644   0.34848810E+02
 1645   0.27838120E+02
 1646   0.24708570E+02
 1647   0.22723860E+02
 1648   0.21117060E+02
 1649   0.18007270E+02
 1650   0.14113880E+02
 1651   0.10727430E+02
 1652   0.68695600E+01
 1653   0.47762000E+01
 1654   0.57094200E+01
 1655   0.21339680E+02
 1656   0.86067970E+02
 1657   0.16300561E+03
 1658   0.11571307E+03
 1659   0.15336303E+03
 1660   0.11352681E+03
 1661   0.75051970E+02
 1662   0.63436510E+02
 1663   0.57805420E+02
 1664   0.48596200E+02
 1665   0.40487590E+02
 1666   0.46081240E+02
 1667   0.71795820E+02
 1668   0.11165817E+03
 1669   0.94018930E+02
 1670   0.65277930E+02
 1671   0.44561770E+02
 1672   0.32249380E+02
 1673   0.30318600E+02
 1674   0.47535020E+02
 1675   0.80828500E+02
 1676   0.10719098E+03
 1677   0.79022600E+02
 1678   0.48531510E+02
 1679   0.31488080E+02
 1680   0.21336090E+02
 1681   0.14434600E+02
 1682   0.97208100E+01
 1683   0.59070500E+01
 1684   0.44229100E+01
 1685   0.34777200E+01
 1686   0.26366100E+01
 1687   0.21343200E+01
 1688   0.17360000E+01
 1689   0.13815800E+01
 1690   0.19851600E+01
 1691   0.13694900E+01
 1692   0.11814900E+01
 1693   0.73976000E+00
 1694   0.98950000E+00
 1695   0.34566300E+01
 1696   0.49551500E+01
 1697   0.12369830E+02
 1698   0.25430570E+02
 1699   0.42511540E+02
 1700   0.73421950E+02
 1701   0.13125110E+03
 1702   0.14898411E+03
 1703   0.90235730E+02
 1704   0.53356560E+02
 1705   0.35004700E+02
 1706   0.27945810E+02
 1707   0.23284000E+02
 1708   0.18856040E+02
 1709   0.14660670E+02
 1710   0.11154140E+02
 1711   0.81939200E+01
 1712   0.57481700E+01
 1713   0.55410400E+01
 1714   0.46827700E+01
 1715   0.37273200E+01
 1716   0.49590300E+01
 1717   0.72839600E+01
 1718   0.68236000E+01
 1719   0.45437700E+01
 1720   0.30902300E+01
 1721   0.22115300E+01
 1722   0.16439500E+01
 1723   0.12655600E+01
 1724   0.71287000E+00
 1725   0.67903000E+00
 1726   0.55432000E+00
 1727   0.47306000E+00
 1728   0.40648000E+00
 1729   0.35352000E+00
 1730   0.29747000E+00
 1731   0.25387000E+00
 1732   0.27632090E+02
 1733   0.48138330E+02
 1734   0.74433770E+02
 1735   0.52041280E+02
 1736   0.33413290E+02
 1737   0.25869940E+02
 1738   0.20363190E+02
 1739   0.17768210E+02
 1740   0.15608960E+02
 1741   0.12821410E+02
 1742   0.97899000E+01
 1743   0.75432600E+01
 1744   0.47872600E+01
 1745   0.57262500E+01
 1746   0.55810900E+01
 1747   0.50883500E+01
 1748   0.46998400E+01
 1749   0.42688700E+01
 1750   0.39283400E+01
 1751   0.46892600E+01
 1752   0.39031100E+01
 1753   0.59230900E+01
 1754   0.63005600E+01
 1755   0.79156400E+01
 1756   0.10424020E+02
 1757   0.11399190E+02
 1758   0.95352800E+01
 1759   0.73395600E+01
 1760   0.53490700E+01
 1761   0.40532500E+01
 1762   0.31426200E+01
 1763   0.24649500E+01
 1764   0.19507100E+01
 1765   0.11409300E+01
 1766   0.10090400E+01
 1767   0.81113000E+00
 1768   0.69755000E+00
 1769   0.60630000E+00
 1770   0.49702000E+00
 1771   0.44457000E+00
 1772   0.40381000E+00
 1773   0.36597000E+00
 1774   0.32839000E+00
 1775   0.25920000E+00
 1776   0.21296000E+00
 1777   0.18232000E+00
 1778   0.15506000E+00
 1779   0.13291000E+00
 1780   0.11324000E+00
 1781   0.95920000E-01
 1782   0.81400000E-01
 1783   0.69530000E-01
 1784   0.63020000E-01
 1785   0.10098000E+00
 1786   0.15460000E+00
 1787   0.16203000E+00
 1788   0.14343000E+00
 1789   0.12040000E+00
 1790   0.28231000E+00
 1791   0.26973000E+00
 1792   0.36317000E+00
 1793   0.18430400E+01
 1794   0.51476300E+01
 1795   0.44066400E+01
 1796   0.34454500E+01
 1797   0.24928000E+01
 1798   0.18290000E+01
 1799   0.14050000E+01
 1800   0.11769900E+01
 1801   0.89013000E+00
 1802   0.72989000E+00
 1803   0.62305000E+00
 1804   0.48832000E+00
 1805   0.45391000E+00
 1806   0.36170000E+00
 1807   0.36076000E+00
 1808   0.38063000E+00
 1809   0.39593000E+00
 1810   0.41499000E+00
 1811   0.41112000E+00
 1812   0.39822000E+00
 1813   0.38484000E+00
 1814   0.61001000E+00
 1815   0.48614000E+00
 1816   0.42779000E+00
 1817   0.71561000E+00
 1818   0.13088200E+01
 1819   0.20788000E+01
 1820   0.21562000E+01
 1821   0.19014400E+01
 1822   0.15949300E+01
 1823   0.13001600E+01
 1824   0.10628200E+01
 1825   0.85841000E+00
 1826   0.57441000E+00
 1827   0.49024000E+00
 1828   0.43089000E+00
 1829   0.37645000E+00
 1830   0.32832000E+00
 1831   0.27099000E+00
 1832   0.23537000E+00
 1833   0.56330000E+00
 1834   0.51316000E+00
 1835   0.55837000E+00
 1836   0.59082000E+00
 1837   0.12285800E+01
 1838   0.18424500E+01
 1839   0.20002000E+01
 1840   0.17468400E+01
 1841   0.14442800E+01
 1842   0.12218900E+01
 1843   0.10598700E+01
 1844   0.90252000E+00
 1845   0.75926000E+00
 1846   0.67081000E+00
 1847   0.44956000E+00
 1848   0.38342000E+00
 1849   0.33881000E+00
 1850   0.28377000E+00
 1851   0.24923000E+00
 1852   0.83280000E+00
 1853   0.46492000E+00
 1854   0.55589000E+00
 1855   0.66555000E+00
 1856   0.93994000E+00
 1857   0.10093200E+01
 1858   0.27852300E+01
 1859   0.47415900E+01
 1860   0.89017300E+01
 1861   0.22228140E+02
 1862   0.21303680E+02
 1863   0.16479690E+02
 1864   0.12109790E+02
 1865   0.87570900E+01
 1866   0.62059700E+01
 1867   0.37674100E+01
 1868   0.33272700E+01
 1869   0.49152400E+01
 1870   0.50295400E+01
 1871   0.62145500E+01
 1872   0.11196100E+02
 1873   0.22537030E+02
 1874   0.35417290E+02
 1875   0.34283770E+02
 1876   0.34930180E+02
 1877   0.27876070E+02
 1878   0.25434890E+02
 1879   0.23081730E+02
 1880   0.19008470E+02
 1881   0.19525850E+02
 1882   0.19214900E+02
 1883   0.18789170E+02
 1884   0.18073090E+02
 1885   0.17822500E+02
 1886   0.17714430E+02
 1887   0.24840800E+02
 1888   0.25493960E+02
 1889   0.20546710E+02
 1890   0.15512350E+02
 1891   0.11338250E+02
 1892   0.80909700E+01
 1893   0.56690000E+01
 1894   0.42917400E+01
 1895   0.33827000E+01
 1896   0.27238800E+01
 1897   0.22098200E+01
 1898   0.11786700E+01
 1899   0.11750400E+01
 1900   0.95081000E+00
 1901   0.77421000E+00
 1902   0.67854000E+00
 1903   0.54847000E+00
 1904   0.46591000E+00
 1905   0.43469000E+00
 1906   0.39387000E+00
 1907   0.35750000E+00
 1908   0.29121000E+00
 1909   0.56343800E+01
 1910   0.17683500E+02
 1911   0.69726310E+02
 1912   0.91484280E+02
 1913   0.89311190E+02
 1914   0.61506230E+02
 1915   0.40612730E+02
 1916   0.28182330E+02
 1917   0.19893470E+02
 1918   0.14007970E+02
 1919   0.12116420E+02
 1920   0.12312810E+02
 1921   0.19328620E+02
 1922   0.20179250E+02
 1923   0.16118070E+02
 1924   0.11865150E+02
 1925   0.84862000E+01
 1926   0.58823600E+01
 1927   0.42624700E+01
 1928   0.32401800E+01
 1929   0.18836600E+01
 1930   0.16612600E+01
 1931   0.13468800E+01
 1932   0.11053700E+01
 1933   0.91127000E+00
 1934   0.74568000E+00
 1935   0.65114000E+00
 1936   0.53468000E+00
 1937   0.45940000E+00
 1938   0.41758000E+00
 1939   0.33997000E+00
 1940   0.33703000E+00
 1941   0.31687000E+00
 1942   0.30016000E+00
 1943   0.28295000E+00
 1944   0.26651000E+00
 1945   0.25084000E+00
 1946   0.24155000E+00
 1947   0.19978000E+00
 1948   0.16144000E+00
 1949   0.13057000E+00
 1950   0.11074000E+00
 1951   0.11432000E+00
 1952   0.12695000E+00
 1953   0.55081000E+00
 1954   0.55132000E+00
 1955   0.47968000E+00
 1956   0.76978000E+00
 1957   0.18037300E+01
 1958   0.38711200E+01
 1959   0.33707400E+01
 1960   0.40530200E+01
 1961   0.69648700E+01
 1962   0.11868030E+02
 1963   0.15222370E+02
 1964   0.16676140E+02
 1965   0.16466030E+02
 1966   0.16976730E+02
 1967   0.19800580E+02
 1968   0.27612770E+02
 1969   0.27479790E+02
 1970   0.22569590E+02
 1971   0.24992800E+02
 1972   0.29004590E+02
 1973   0.34952620E+02
 1974   0.29485460E+02
 1975   0.22816900E+02
 1976   0.17241150E+02
 1977   0.12642490E+02
 1978   0.92193600E+01
 1979   0.63958600E+01
 1980   0.38742000E+01
 1981   0.31097300E+01
 1982   0.27139500E+01
 1983   0.31664400E+01
 1984   0.87606400E+01
 1985   0.83188450E+02
 1986   0.11216633E+03
 1987   0.72625370E+02
 1988   0.70376930E+02
 1989   0.13512574E+03
 1990   0.13680007E+03
 1991   0.84088050E+02
 1992   0.62137840E+02
 1993   0.70943550E+02
 1994   0.13262808E+03
 1995   0.82740000E+02
 1996   0.50055470E+02
 1997   0.34334520E+02
 1998   0.25988610E+02
 1999   0.21898610E+02
 2000   0.17007700E+02
 2001   0.13555930E+02
 2002   0.12203410E+02
 2003   0.28319440E+02
 2004   0.13694558E+03
 2005   0.85051650E+02
 2006   0.51669660E+02
 2007   0.33684920E+02
 2008   0.22893530E+02
 2009   0.16021930E+02
 2010   0.50306000E+02
 2011   0.58099470E+02
 2012   0.87198950E+02
 2013   0.63702880E+02
 2014   0.56710970E+02
 2015   0.44041420E+02
 2016   0.36002750E+02
 2017   0.28194430E+02
 2018   0.22247630E+02
 2019   0.19574460E+02
 2020   0.22249980E+02
 2021   0.28550800E+02
 2022   0.24057200E+02
 2023   0.22787580E+02
 2024   0.18672700E+02
 2025   0.14161510E+02
 2026   0.23963470E+02
 2027   0.24011060E+02
 2028   0.20993100E+02
 2029   0.21249490E+02
 2030   0.21040830E+02
 2031   0.44331834E+03
 2032   0.76875630E+03
 2033   0.31833731E+03
 2034   0.13908523E+03
 2035   0.90495350E+02
 2036   0.76586680E+02
 2037   0.13627021E+03
 2038   0.12945444E+03
 2039   0.89686010E+02
 2040   0.59866540E+02
 2041   0.39476520E+02
 2042   0.28516510E+02
 2043   0.26274950E+02
 2044   0.56006790E+02
 2045   0.11340066E+03
 2046   0.82428100E+02
 2047   0.51720620E+02
 2048   0.33366780E+02
 2049   0.22410080E+02
 2050   0.15524880E+02
 2051   0.11191120E+02
 2052   0.73322700E+01
 2053   0.55465600E+01
 2054   0.70674700E+01
 2055   0.16270430E+02
 2056   0.14230704E+03
 2057   0.28276778E+03
 2058   0.27041526E+03
 2059   0.17315479E+03
 2060   0.95794320E+02
 2061   0.56948130E+02
 2062   0.39487630E+02
 2063   0.27886900E+02
 2064   0.20952050E+02
 2065   0.19290950E+02
 2066   0.15307950E+02
 2067   0.11743930E+02
 2068   0.10088940E+02
 2069   0.11929790E+02
 2070   0.92133100E+01
 2071   0.81406400E+01
 2072   0.81667800E+01
 2073   0.74048000E+01
 2074   0.74148700E+01
 2075   0.59085800E+01
 2076   0.49813100E+01
 2077   0.47243700E+01
 2078   0.87390600E+01
 2079   0.49561320E+02
 2080   0.24561238E+03
 2081   0.14322399E+03
 2082   0.80205580E+02
 2083   0.49937550E+02
 2084   0.35143880E+02
 2085   0.24743230E+02
 2086   0.17381310E+02
 2087   0.12134710E+02
 2088   0.86983600E+01
 2089   0.68340700E+01
 2090   0.52881200E+01
 2091   0.41704600E+01
 2092   0.32707900E+01
 2093   0.20352600E+01
 2094   0.18234700E+01
 2095   0.15115900E+01
 2096   0.12329800E+01
 2097   0.98166000E+00
 2098   0.79754000E+00
 2099   0.67349000E+00
 2100   0.56811000E+00
 2101   0.47343000E+00
 2102   0.41844000E+00
 2103   0.32873000E+00
 2104   0.27459000E+00
 2105   0.24217000E+00
 2106   0.21034000E+00
 2107   0.18060000E+00
 2108   0.15438000E+00
 2109   0.13207000E+00
 2110   0.22172000E+00
 2111   0.74167000E+00
 2112   0.35969000E+00
 2113   0.37118000E+00
 2114   0.39840000E+00
 2115   0.42480000E+00
 2116   0.44385000E+00
 2117   0.45687000E+00
 2118   0.46290000E+00
 2119   0.45705000E+00
 2120   0.43605000E+00
 2121   0.40479000E+00
 2122   0.36748000E+00
 2123   0.11886800E+01
 2124   0.19350800E+01
 2125   0.66849900E+01
 2126   0.18889990E+02
 2127   0.17297530E+02
 2128   0.12821460E+02
 2129   0.92501600E+01
 2130   0.61946000E+01
 2131   0.43341800E+01
 2132   0.32940400E+01
 2133   0.25396800E+01
 2134   0.14067500E+01
 2135   0.12958300E+01
 2136   0.10349900E+01
 2137   0.85397000E+00
 2138   0.74229000E+00
 2139   0.63644000E+00
 2140   0.49838000E+00
 2141   0.43718000E+00
 2142   0.38378000E+00
 2143   0.33497000E+00
 2144   0.26281000E+00
 2145   0.21221000E+00
 2146   0.17871000E+00
 2147   0.14839000E+00
 2148   0.12431000E+00
 2149   0.10420000E+00
 2150   0.87670000E-01
 2151   0.74330000E-01
 2152   0.63630000E-01
 2153   0.55000000E-01
 2154   0.47990000E-01
 2155   0.42220000E-01
 2156   0.37440000E-01
 2157   0.33440000E-01
 2158   0.30050000E-01
 2159   0.27160000E-01
 2160   0.24670000E-01
 2161   0.22520000E-01
 2162   0.20640000E-01
 2163   0.18990000E-01
 2164   0.17530000E-01
 2165   0.16240000E-01
 2166   0.15090000E-01
 2167   0.14060000E-01
 2168   0.13130000E-01
 2169   0.12300000E-01
 2170   0.11540000E-01
 2171   0.10850000E-01
 2172   0.10230000E-01
 2173   0.96500000E-02
 2174   0.91300000E-02
 2175   0.86500000E-02
 2176   0.82100000E-02
 2177   0.78000000E-02
 2178   0.74300000E-02
 2179   0.70800000E-02
 2180   0.67600000E-02
 2181   0.64600000E-02
 2182   0.61900000E-02
 2183   0.59300000E-02
 2184   0.56900000E-02
 2185   0.54700000E-02
 2186   0.52600000E-02
 2187   0.50600000E-02
 2188   0.48800000E-02
 2189   0.47100000E-02
 2190   0.45400000E-02
 2191   0.11640000E-01
 2192   0.49110000E-01
 2193   0.77142000E+00
 2194   0.48904000E+00
 2195   0.47093000E+00
 2196   0.50475000E+00
 2197   0.50403000E+00
 2198   0.50732000E+00
 2199   0.51144000E+00
 2200   0.50237000E+00
 2201   0.48005000E+00
 2202   0.46172000E+00
 2203   0.43854000E+00
 2204   0.60989000E+00
 2205   0.44695000E+00
 2206   0.42798000E+00
 2207   0.41625000E+00
 2208   0.60373000E+00
 2209   0.58058000E+00
 2210   0.67464000E+00
 2211   0.71551000E+00
 2212   0.71361000E+00
 2213   0.68986000E+00
 2214   0.63821000E+00
 2215   0.55315000E+00
 2216   0.43095000E+00
 2217   0.37947000E+00
 2218   0.33756000E+00
 2219   0.27909000E+00
 2220   0.33113000E+00
 2221   0.26111000E+00
 2222   0.40651000E+00
 2223   0.56910000E+00
 2224   0.11605200E+01
 2225   0.49304700E+01
 2226   0.23350820E+02
 2227   0.23059740E+02
 2228   0.17817780E+02
 2229   0.13086170E+02
 2230   0.12047190E+02
 2231   0.11006710E+02
 2232   0.12139870E+02
 2233   0.17832980E+02
 2234   0.17476580E+02
 2235   0.14069600E+02
 2236   0.98562800E+01
 2237   0.72779500E+01
 2238   0.52125800E+01
 2239   0.10479150E+02
 2240   0.22795440E+02
 2241   0.64004800E+02
 2242   0.72787230E+02
 2243   0.56262210E+02
 2244   0.41901020E+02
 2245   0.32024910E+02
 2246   0.23858550E+02
 2247   0.18479210E+02
 2248   0.13859920E+02
 2249   0.10214120E+02
 2250   0.73929400E+01
 2251   0.53936600E+01
 2252   0.42195100E+01
 2253   0.35402000E+01
 2254   0.28724000E+01
 2255   0.23670000E+01
 2256   0.20189800E+01
 2257   0.11684800E+01
 2258   0.12101300E+01
 2259   0.10615300E+01
 2260   0.11410900E+01
 2261   0.13484900E+01
 2262   0.20430300E+01
 2263   0.47495100E+01
 2264   0.12351780E+02
 2265   0.23419520E+02
 2266   0.24304330E+02
 2267   0.18927160E+02
 2268   0.14288990E+02
 2269   0.10622010E+02
 2270   0.75073200E+01
 2271   0.52021600E+01
 2272   0.39458000E+01
 2273   0.31251400E+01
 2274   0.69394200E+01
 2275   0.11947000E+02
 2276   0.34182100E+02
 2277   0.37107030E+02
 2278   0.31515470E+02
 2279   0.27963810E+02
 2280   0.49195290E+02
 2281   0.11243816E+03
 2282   0.92080170E+02
 2283   0.71348590E+02
 2284   0.57568380E+02
 2285   0.46148490E+02
 2286   0.36641320E+02
 2287   0.26854840E+02
 2288   0.20612720E+02
 2289   0.16067850E+02
 2290   0.11955710E+02
 2291   0.86122100E+01
 2292   0.59819000E+01
 2293   0.44030000E+01
 2294   0.33555300E+01
 2295   0.25771100E+01
 2296   0.20760600E+01
 2297   0.16851800E+01
 2298   0.89767000E+00
 2299   0.93760000E+00
 2300   0.76426000E+00
 2301   0.65351000E+00
 2302   0.48389900E+01
 2303   0.44996830E+02
 2304   0.84778230E+02
 2305   0.67491810E+02
 2306   0.43331270E+02
 2307   0.29671860E+02
 2308   0.19388910E+02
 2309   0.14266090E+02
 2310   0.10255810E+02
 2311   0.98296600E+01
 2312   0.84753400E+01
 2313   0.76873100E+01
 2314   0.72097100E+01
 2315   0.58742600E+01
 2316   0.45901900E+01
 2317   0.37726400E+01
 2318   0.22163700E+01
 2319   0.18751900E+01
 2320   0.14884200E+01
 2321   0.29798900E+01
 2322   0.84222400E+01
 2323   0.14842676E+03
 2324   0.11963361E+03
 2325   0.67564260E+02
 2326   0.43155550E+02
 2327   0.29591830E+02
 2328   0.21585570E+02
 2329   0.16470960E+02
 2330   0.12640330E+02
 2331   0.97980200E+01
 2332   0.75690300E+01
 2333   0.55834200E+01
 2334   0.42776600E+01
 2335   0.39096400E+01
 2336   0.36578000E+01
 2337   0.33463200E+01
 2338   0.29662300E+01
 2339   0.94662900E+01
 2340   0.16062720E+02
 2341   0.57683500E+02
 2342   0.11877247E+03
 2343   0.18689121E+03
 2344   0.12836024E+03
 2345   0.73469020E+02
 2346   0.46244120E+02
 2347   0.35207540E+02
 2348   0.38028850E+02
 2349   0.32633080E+02
 2350   0.24440810E+02
 2351   0.18072160E+02
 2352   0.24955220E+02
 2353   0.13214909E+03
 2354   0.18746329E+03
 2355   0.11360440E+03
 2356   0.69449120E+02
 2357   0.44382180E+02
 2358   0.30041100E+02
 2359   0.19820770E+02
 2360   0.14767000E+02
 2361   0.12152840E+02
 2362   0.17671450E+02
 2363   0.38650040E+02
 2364   0.76703070E+02
 2365   0.63069870E+02
 2366   0.42066960E+02
 2367   0.28057370E+02
 2368   0.19241750E+02
 2369   0.12223080E+02
 2370   0.22021120E+02
 2371   0.63466580E+02
 2372   0.24197483E+03
 2373   0.23414691E+03
 2374   0.16421690E+03
 2375   0.12776442E+03
 2376   0.88147020E+02
 2377   0.68629200E+02
 2378   0.77592480E+02
 2379   0.10977834E+03
 2380   0.81959590E+02
 2381   0.61231850E+02
 2382   0.47590240E+02
 2383   0.54221970E+02
 2384   0.21325544E+03
 2385   0.42596393E+03
 2386   0.35891906E+03
 2387   0.63999121E+03
 2388   0.32064483E+03
 2389   0.18215794E+03
 2390   0.13296366E+03
 2391   0.12011944E+03
 2392   0.17387913E+03
 2393   0.25132520E+03
 2394   0.22224736E+03
 2395   0.21043069E+03
 2396   0.12906976E+03
 2397   0.73415960E+02
 2398   0.47032830E+02
 2399   0.31439960E+02
 2400   0.20614880E+02
 2401   0.14388110E+02
 2402   0.10427250E+02
 2403   0.10340650E+02
 2404   0.10074050E+02
 2405   0.15150450E+02
 2406   0.23868920E+02
 2407   0.23473530E+02
 2408   0.20883520E+02
 2409   0.17107240E+02
 2410   0.12284200E+02
 2411   0.10630840E+02
 2412   0.17295840E+02
 2413   0.15485526E+03
 2414   0.11836643E+03
 2415   0.93210240E+02
 2416   0.96986000E+02
 2417   0.12158237E+03
 2418   0.91770310E+02
 2419   0.67388190E+02
 2420   0.46346350E+02
 2421   0.30992350E+02
 2422   0.22574200E+02
 2423   0.16797950E+02
 2424   0.12061190E+02
 2425   0.86238400E+01
 2426   0.63602100E+01
 2427   0.48712800E+01
 2428   0.38331300E+01
 2429   0.29495200E+01
 2430   0.22705100E+01
 2431   0.13078500E+01
 2432   0.12524200E+01
 2433   0.53582400E+01
 2434   0.28259510E+02
 2435   0.64954280E+02
 2436   0.95815900E+02
 2437   0.62857720E+02
 2438   0.40510860E+02
 2439   0.26776520E+02
 2440   0.18333730E+02
 2441   0.11444140E+02
 2442   0.81513700E+01
 2443   0.57055800E+01
 2444   0.41458200E+01
 2445   0.31746400E+01
 2446   0.24795100E+01
 2447   0.19669600E+01
 2448   0.15401600E+01
 2449   0.11691100E+01
 2450   0.89789000E+00
 2451   0.60622000E+00
 2452   0.50252000E+00
 2453   0.44566000E+00
 2454   0.39860000E+00
 2455   0.35833000E+00
 2456   0.31978000E+00
 2457   0.27658000E+00
 2458   0.24634000E+00
 2459   0.21776000E+00
 2460   0.19128000E+00
 2461   0.16314000E+00
 2462   0.14033000E+00
 2463   0.11844000E+00
 2464   0.99120000E-01
 2465   0.83260000E-01
 2466   0.70550000E-01
 2467   0.60390000E-01
 2468   0.52220000E-01
 2469   0.45580000E-01
 2470   0.40130000E-01
 2471   0.35600000E-01
 2472   0.31810000E-01
 2473   0.28600000E-01
 2474   0.25860000E-01
 2475   0.23510000E-01
 2476   0.21460000E-01
 2477   0.19680000E-01
 2478   0.18120000E-01
 2479   0.25540000E-01
 2480   0.15505000E+00
 2481   0.21814000E+00
 2482   0.22764000E+00
 2483   0.22239000E+00
 2484   0.21156000E+00
 2485   0.19177000E+00
 2486   0.17054000E+00
 2487   0.15099000E+00
 2488   0.70730000E+00
 2489   0.10432000E+01
 2490   0.66684000E+00
 2491   0.65630000E+00
 2492   0.52062000E+00
 2493   0.47291000E+00
 2494   0.45856000E+00
 2495   0.45439000E+00
 2496   0.44343000E+00
 2497   0.42601000E+00
 2498   0.78222900E+01
 2499   0.82370500E+01
 2500   0.16379040E+02
 2501   0.27593150E+02
 2502   0.21708380E+02
 2503   0.14449010E+02
 2504   0.10215030E+02
 2505   0.75712000E+01
 2506   0.62036400E+01
 2507   0.46973600E+01
 2508   0.36251500E+01
 2509   0.31586400E+01
 2510   0.29592400E+01
 2511   0.27724800E+01
 2512   0.23165100E+01
 2513   0.13801000E+01
 2514   0.12801600E+01
 2515   0.10332200E+01
 2516   0.85185000E+00
 2517   0.71837000E+00
 2518   0.63643000E+00
 2519   0.50995000E+00
 2520   0.44033000E+00
 2521   0.38621000E+00
 2522   0.33800000E+00
 2523   0.25746000E+00
 2524   0.20189000E+00
 2525   0.36866000E+00
 2526   0.24422000E+00
 2527   0.26637000E+00
 2528   0.30480000E+00
 2529   0.35114000E+00
 2530   0.56076000E+00
 2531   0.77116000E+00
 2532   0.12108800E+01
 2533   0.15889600E+01
 2534   0.28038800E+01
 2535   0.29541500E+01
 2536   0.24908200E+01
 2537   0.20058900E+01
 2538   0.16159600E+01
 2539   0.12709000E+01
 2540   0.10342000E+01
 2541   0.84036000E+00
 2542   0.70237000E+00
 2543   0.60190000E+00
 2544   0.42399000E+00
 2545   0.35505000E+00
 2546   0.29510000E+00
 2547   0.24961000E+00
 2548   0.20446000E+00
 2549   0.14827000E+00
 2550   0.11088000E+00
 2551   0.87530000E-01
 2552   0.71720000E-01
 2553   0.60340000E-01
 2554   0.51760000E-01
 2555   0.45070000E-01
 2556   0.39720000E-01
 2557   0.35340000E-01
 2558   0.45335000E+00
 2559   0.15685180E+02
 2560   0.17364146E+03
 2561   0.10988167E+03
 2562   0.61472490E+02
 2563   0.38448100E+02
 2564   0.24320390E+02
 2565   0.17218730E+02
 2566   0.12234160E+02
 2567   0.89125500E+01
 2568   0.74009100E+01
 2569   0.58086100E+01
 2570   0.53455500E+01
 2571   0.59724200E+01
 2572   0.64972100E+01
 2573   0.58344100E+01
 2574   0.37394000E+01
 2575   0.30658000E+01
 2576   0.24209900E+01
 2577   0.19558500E+01
 2578   0.15694200E+01
 2579   0.14224900E+01
 2580   0.11740400E+01
 2581   0.97178000E+00
 2582   0.80413000E+00
 2583   0.68090000E+00
 2584   0.57902000E+00
 2585   0.41297000E+00
 2586   0.35621000E+00
 2587   0.31253000E+00
 2588   0.26925000E+00
 2589   0.24049000E+00
 2590   0.20974000E+00
 2591   0.17910000E+00
 2592   0.14538000E+00
 2593   0.14492000E+00
 2594   0.11152000E+00
 2595   0.16843000E+00
 2596   0.19885000E+00
 2597   0.22786000E+00
 2598   0.23675000E+00
 2599   0.27803000E+00
 2600   0.29609000E+00
 2601   0.30845000E+00
 2602   0.31261000E+00
 2603   0.10723100E+01
 2604   0.60594000E+00
 2605   0.56081000E+00
 2606   0.10226200E+01
 2607   0.19120900E+01
 2608   0.34225400E+01
 2609   0.46887200E+01
 2610   0.47098700E+01
 2611   0.37776000E+01
 2612   0.29484700E+01
 2613   0.23561400E+01
 2614   0.18419600E+01
 2615   0.95765000E+00
 2616   0.94964000E+00
 2617   0.78876000E+00
 2618   0.82070000E+00
 2619   0.15152600E+01
 2620   0.34697600E+01
 2621   0.47613800E+01
 2622   0.20405400E+02
 2623   0.29620680E+02
 2624   0.37498300E+02
 2625   0.38576680E+02
 2626   0.41184830E+02
 2627   0.32609770E+02
 2628   0.23223240E+02
 2629   0.16481540E+02
 2630   0.11418290E+02
 2631   0.83267200E+01
 2632   0.96449700E+01
 2633   0.10196080E+02
 2634   0.10629250E+02
 2635   0.15008550E+02
 2636   0.20916810E+02
 2637   0.27876320E+02
 2638   0.35586370E+02
 2639   0.26580100E+02
 2640   0.18912910E+02
 2641   0.13318430E+02
 2642   0.10444200E+02
 2643   0.13018230E+02
 2644   0.20273540E+02
 2645   0.57537130E+02
 2646   0.42394360E+02
 2647   0.29313640E+02
 2648   0.21964280E+02
 2649   0.16470340E+02
 2650   0.13003000E+02
 2651   0.12186870E+02
 2652   0.11047410E+02
 2653   0.89377500E+01
 2654   0.64054700E+01
 2655   0.46919800E+01
 2656   0.27744500E+01
 2657   0.22452700E+01
 2658   0.17442900E+01
 2659   0.30986400E+01
 2660   0.84127900E+01
 2661   0.31304670E+02
 2662   0.13841161E+03
 2663   0.10239426E+03
 2664   0.64471460E+02
 2665   0.40979320E+02
 2666   0.27168350E+02
 2667   0.17609950E+02
 2668   0.12129960E+02
 2669   0.85741600E+01
 2670   0.60263200E+01
 2671   0.44593500E+01
 2672   0.68665900E+01
 2673   0.96382400E+01
 2674   0.33857820E+02
 2675   0.72943430E+02
 2676   0.78013230E+02
 2677   0.71259940E+02
 2678   0.74173590E+02
 2679   0.79768690E+02
 2680   0.52576450E+02
 2681   0.33813830E+02
 2682   0.22919720E+02
 2683   0.16116910E+02
 2684   0.11054710E+02
 2685   0.79205200E+01
 2686   0.55719700E+01
 2687   0.48151700E+01
 2688   0.42406600E+01
 2689   0.52222000E+01
 2690   0.11102700E+02
 2691   0.19864950E+02
 2692   0.18911400E+02
 2693   0.17360610E+02
 2694   0.18983690E+02
 2695   0.27048090E+02
 2696   0.50007340E+02
 2697   0.37186670E+02
 2698   0.25567800E+02
 2699   0.18075870E+02
 2700   0.13717470E+02
 2701   0.11022950E+02
 2702   0.21211580E+02
 2703   0.97536670E+02
 2704   0.12726938E+03
 2705   0.12208241E+03
 2706   0.15454863E+03
 2707   0.16593432E+03
 2708   0.11073697E+03
 2709   0.86057910E+02
 2710   0.20813176E+03
 2711   0.11879929E+03
 2712   0.62474930E+02
 2713   0.45664700E+02
 2714   0.36786270E+02
 2715   0.43771660E+02
 2716   0.37754210E+02
 2717   0.26845820E+02
 2718   0.18324020E+02
 2719   0.13389670E+02
 2720   0.96845000E+01
 2721   0.78803700E+01
 2722   0.11070030E+02
 2723   0.80955720E+02
 2724   0.30429769E+03
 2725   0.30645601E+03
 2726   0.27342089E+03
 2727   0.16443580E+03
 2728   0.47252012E+03
 2729   0.10614273E+04
 2730   0.63800473E+03
 2731   0.23548455E+03
 2732   0.11010874E+03
 2733   0.87631260E+02
 2734   0.31360928E+03
 2735   0.45599567E+03
 2736   0.23383077E+03
 2737   0.34272735E+03
 2738   0.36506298E+03
 2739   0.18607622E+03
 2740   0.13028110E+03
 2741   0.16235309E+03
 2742   0.21834130E+03
 2743   0.24407434E+03
 2744   0.18104604E+03
 2745   0.11158047E+03
 2746   0.85875080E+02
 2747   0.78152880E+02
 2748   0.72356210E+02
 2749   0.57443650E+02
 2750   0.44111710E+02
 2751   0.30787080E+02
 2752   0.21147720E+02
 2753   0.14715060E+02
 2754   0.11675900E+02
 2755   0.14501250E+02
 2756   0.20706100E+02
 2757   0.17516550E+02
 2758   0.23187260E+02
 2759   0.32710170E+02
 2760   0.75219840E+02
 2761   0.26542798E+03
 2762   0.14343088E+03
 2763   0.78101930E+02
 2764   0.47285910E+02
 2765   0.30212770E+02
 2766   0.21489860E+02
 2767   0.15728320E+02
 2768   0.11790570E+02
 2769   0.75761700E+01
 2770   0.51942100E+01
 2771   0.37476000E+01
 2772   0.30163300E+01
 2773   0.23536900E+01
 2774   0.18264500E+01
 2775   0.14615400E+01
 2776   0.11397200E+01
 2777   0.88670000E+00
 2778   0.85933400E+01
 2779   0.18482920E+02
 2780   0.59493750E+02
 2781   0.10548127E+03
 2782   0.66155860E+02
 2783   0.44220370E+02
 2784   0.36449640E+02
 2785   0.31494790E+02
 2786   0.46013780E+02
 2787   0.72674970E+02
 2788   0.94049150E+02
 2789   0.67576820E+02
 2790   0.47883100E+02
 2791   0.39363210E+02
 2792   0.26763490E+02
 2793   0.21594780E+02
 2794   0.16734230E+02
 2795   0.12074080E+02
 2796   0.86468000E+01
 2797   0.62259800E+01
 2798   0.45695800E+01
 2799   0.34282300E+01
 2800   0.20665200E+01
 2801   0.18775400E+01
 2802   0.15144900E+01
 2803   0.12108200E+01
 2804   0.23386900E+01
 2805   0.14847180E+02
 2806   0.14176110E+02
 2807   0.16423880E+02
 2808   0.20541030E+02
 2809   0.15891900E+02
 2810   0.10541100E+02
 2811   0.80712800E+01
 2812   0.55548100E+01
 2813   0.39916200E+01
 2814   0.64856900E+01
 2815   0.18308770E+02
 2816   0.18860760E+02
 2817   0.21620240E+02
 2818   0.20108780E+02
 2819   0.15472020E+02
 2820   0.10135170E+02
 2821   0.84313700E+01
 2822   0.67685700E+01
 2823   0.70236900E+01
 2824   0.67236900E+01
 2825   0.58418900E+01
 2826   0.50716500E+01
 2827   0.46056500E+01
 2828   0.52197400E+01
 2829   0.88144600E+01
 2830   0.46864450E+02
 2831   0.81083850E+02
 2832   0.53977200E+02
 2833   0.34562910E+02
 2834   0.23134060E+02
 2835   0.16139380E+02
 2836   0.10924070E+02
 2837   0.78684500E+01
 2838   0.55107400E+01
 2839   0.40418700E+01
 2840   0.30204000E+01
 2841   0.18309600E+01
 2842   0.16620500E+01
 2843   0.13196600E+01
 2844   0.10530500E+01
 2845   0.85302000E+00
 2846   0.73544000E+00
 2847   0.66650000E+00
 2848   0.57655000E+00
 2849   0.49161000E+00
 2850   0.44570000E+00
 2851   0.35546000E+00
 2852   0.29872000E+00
 2853   0.26652000E+00
 2854   0.23754000E+00
 2855   0.20733000E+00
 2856   0.18063000E+00
 2857   0.15212000E+00
 2858   0.12776000E+00
 2859   0.10712000E+00
 2860   0.90240000E-01
 2861   0.76690000E-01
 2862   0.66460000E-01
 2863   0.53963000E+00
 2864   0.35744000E+00
 2865   0.39891000E+00
 2866   0.40829000E+00
 2867   0.39932000E+00
 2868   0.38322000E+00
 2869   0.36208000E+00
 2870   0.33229000E+00
 2871   0.29422000E+00
 2872   0.23713000E+00
 2873   0.19037000E+00
 2874   0.15943000E+00
 2875   0.13586000E+00
 2876   0.11559000E+00
 2877   0.98020000E-01
 2878   0.83360000E-01
 2879   0.71370000E-01
 2880   0.61610000E-01
 2881   0.53640000E-01
 2882   0.47080000E-01
 2883   0.41640000E-01
 2884   0.37080000E-01
 2885   0.33220000E-01
 2886   0.29940000E-01
 2887   0.27120000E-01
 2888   0.24690000E-01
 2889   0.22560000E-01
 2890   0.20710000E-01
 2891   0.19070000E-01
 2892   0.17620000E-01
 2893   0.16330000E-01
 2894   0.15180000E-01
 2895   0.14140000E-01
 2896   0.13210000E-01
 2897   0.12370000E-01
 2898   0.11610000E-01
 2899   0.11320000E-01
 2900   0.57890000E-01
 2901   0.35690000E-01
 2902   0.54260000E-01
 2903   0.63710000E-01
 2904   0.89120000E-01
 2905   0.10745000E+00
 2906   0.10619000E+00
 2907   0.96520000E-01
 2908   0.85110000E-01
 2909   0.74490000E-01
 2910   0.65760000E-01
 2911   0.59130000E-01
 2912   0.74680000E-01
 2913   0.72780000E-01
 2914   0.16270000E+00
 2915   0.22696000E+00
 2916   0.34144000E+00
 2917   0.71740000E+00
 2918   0.11098100E+01
 2919   0.14247500E+01
 2920   0.14920900E+01
 2921   0.13958300E+01
 2922   0.12065800E+01
 2923   0.70899000E+00
 2924   0.69148000E+00
 2925   0.61007000E+00
 2926   0.50707000E+00
 2927   0.45276000E+00
 2928   0.40180000E+00
 2929   0.35059000E+00
 2930   0.28751000E+00
 2931   0.23997000E+00
 2932   0.53285000E+00
 2933   0.31775000E+00
 2934   0.35348000E+00
 2935   0.14892800E+01
 2936   0.47129800E+01
 2937   0.57273500E+01
 2938   0.51924600E+01
 2939   0.41074800E+01
 2940   0.31547600E+01
 2941   0.24483500E+01
 2942   0.19083500E+01
 2943   0.98058000E+00
 2944   0.97330000E+00
 2945   0.78606000E+00
 2946   0.69714000E+00
 2947   0.62565000E+00
 2948   0.50022000E+00
 2949   0.42904000E+00
 2950   0.37969000E+00
 2951   0.33752000E+00
 2952   0.28231000E+00
 2953   0.24602000E+00
 2954   0.46285000E+00
 2955   0.28554000E+00
 2956   0.31574000E+00
 2957   0.36983000E+00
 2958   0.84165000E+00
 2959   0.15316400E+01
 2960   0.18751500E+01
 2961   0.18047900E+01
 2962   0.15691100E+01
 2963   0.13226800E+01
 2964   0.73124000E+00
 2965   0.84501600E+01
 2966   0.18072850E+02
 2967   0.57043560E+02
 2968   0.45449750E+02
 2969   0.31374460E+02
 2970   0.21991640E+02
 2971   0.15914230E+02
 2972   0.11401720E+02
 2973   0.85974800E+01
 2974   0.54727800E+01
 2975   0.45442900E+01
 2976   0.45706100E+01
 2977   0.45695600E+01
 2978   0.42442000E+01
 2979   0.37210700E+01
 2980   0.31839200E+01
 2981   0.27104300E+01
 2982   0.23347900E+01
 2983   0.55375400E+01
 2984   0.96193400E+01
 2985   0.32819000E+02
 2986   0.98471410E+02
 2987   0.12857455E+03
 2988   0.10673071E+03
 2989   0.64728980E+02
 2990   0.41051720E+02
 2991   0.29797850E+02
 2992   0.22841960E+02
 2993   0.19481950E+02
 2994   0.18475140E+02
 2995   0.13831790E+02
 2996   0.12146820E+02
 2997   0.10305920E+02
 2998   0.97943700E+01
 2999   0.10171590E+02
 3000   0.93081800E+01
 3001   0.95113300E+01
 3002   0.10180090E+02
 3003   0.18238040E+02
 3004   0.34945470E+02
 3005   0.71526440E+02
 3006   0.61740270E+02
 3007   0.50967820E+02
 3008   0.43565280E+02
 3009   0.31974560E+02
 3010   0.22639120E+02
 3011   0.16185100E+02
 3012   0.12123050E+02
 3013   0.88609000E+01
 3014   0.64441300E+01
 3015   0.46275300E+01
 3016   0.48272200E+01
 3017   0.55376100E+01
 3018   0.49023900E+01
 3019   0.91871100E+01
 3020   0.13453460E+02
 3021   0.41848280E+02
 3022   0.35199890E+02
 3023   0.25234010E+02
 3024   0.46042550E+02
 3025   0.11923287E+03
 3026   0.71381750E+02
 3027   0.42950620E+02
 3028   0.29600760E+02
 3029   0.20309150E+02
 3030   0.13798530E+02
 3031   0.99170300E+01
 3032   0.77339700E+01
 3033   0.58633600E+01
 3034   0.44872400E+01
 3035   0.34677500E+01
 3036   0.20790400E+01
 3037   0.20351900E+01
 3038   0.16872300E+01
 3039   0.13874300E+01
 3040   0.11538400E+01
 3041   0.10055100E+01
 3042   0.91302000E+00
 3043   0.84505000E+00
 3044   0.79305000E+00
 3045   0.74499000E+00
 3046   0.77143900E+01
 3047   0.21412040E+02
 3048   0.53867140E+02
 3049   0.39682710E+02
 3050   0.27482540E+02
 3051   0.19217600E+02
 3052   0.13487620E+02
 3053   0.10855110E+02
 3054   0.16840420E+02
 3055   0.51769260E+02
 3056   0.44957660E+02
 3057   0.30535380E+02
 3058   0.21093390E+02
 3059   0.14663580E+02
 3060   0.10143560E+02
 3061   0.85017600E+01
 3062   0.72679600E+01
 3063   0.65534000E+01
 3064   0.79312900E+01
 3065   0.97395300E+01
 3066   0.79854900E+01
 3067   0.14140590E+02
 3068   0.32042550E+02
 3069   0.16224639E+03
 3070   0.28517789E+03
 3071   0.13610577E+03
 3072   0.72688480E+02
 3073   0.52579640E+02
 3074   0.51523580E+02
 3075   0.57739110E+02
 3076   0.55592610E+02
 3077   0.54369760E+02
 3078   0.41875370E+02
 3079   0.31054760E+02
 3080   0.35641720E+02
 3081   0.50633950E+02
 3082   0.60268620E+02
 3083   0.45557610E+02
 3084   0.31518390E+02
 3085   0.22469010E+02
 3086   0.16670960E+02
 3087   0.13710820E+02
 3088   0.13127650E+02
 3089   0.31249520E+02
 3090   0.83747910E+02
 3091   0.61263170E+02
 3092   0.39568690E+02
 3093   0.26404050E+02
 3094   0.18303620E+02
 3095   0.12699650E+02
 3096   0.89773400E+01
 3097   0.61631200E+01
 3098   0.55372400E+01
 3099   0.15352690E+02
 3100   0.12578408E+03
 3101   0.11123689E+03
 3102   0.62517380E+02
 3103   0.40179000E+02
 3104   0.29316170E+02
 3105   0.40908580E+02
 3106   0.33708467E+03
 3107   0.25577929E+03
 3108   0.22765164E+03
 3109   0.30665190E+03
 3110   0.25144740E+03
 3111   0.43736793E+03
 3112   0.16661776E+03
 3113   0.78094330E+02
 3114   0.44288910E+02
 3115   0.55503010E+02
 3116   0.56772267E+03
 3117   0.43460953E+03
 3118   0.38042000E+03
 3119   0.26995304E+03
 3120   0.42351815E+03
 3121   0.28661656E+03
 3122   0.14045468E+03
 3123   0.76166330E+02
 3124   0.45670530E+02
 3125   0.29604920E+02
 3126   0.20238110E+02
 3127   0.14325360E+02
 3128   0.96761400E+01
 3129   0.73993100E+01
 3130   0.57695600E+01
 3131   0.47242200E+01
 3132   0.68035700E+01
 3133   0.70901800E+01
 3134   0.67256700E+01
 3135   0.81864200E+01
 3136   0.10190510E+02
 3137   0.93791600E+01
 3138   0.67274300E+01
 3139   0.44989400E+01
 3140   0.31325400E+01
 3141   0.22370300E+01
 3142   0.16591700E+01
 3143   0.15102800E+01
 3144   0.36192800E+01
 3145   0.56826100E+01
 3146   0.43742100E+01
 3147   0.27384100E+01
 3148   0.14653000E+01
 3149   0.15345200E+01
 3150   0.14668700E+01
 3151   0.13352700E+01
 3152   0.11280600E+01
 3153   0.92130000E+00
 3154   0.80286000E+00
 3155   0.72198000E+00
 3156   0.59220000E+00
 3157   0.46195000E+00
 3158   0.38609000E+00
 3159   0.28304000E+00
 3160   0.21710000E+00
 3161   0.17044000E+00
 3162   0.27337000E+00
 3163   0.71197000E+00
 3164   0.20248642E+03
 3165   0.20634140E+03
 3166   0.10636638E+03
 3167   0.54831190E+02
 3168   0.33603290E+02
 3169   0.21377590E+02
 3170   0.14700540E+02
 3171   0.10795310E+02
 3172   0.77673300E+01
 3173   0.60289000E+01
 3174   0.43887400E+01
 3175   0.32777900E+01
 3176   0.25106200E+01
 3177   0.31774200E+01
 3178   0.38200090E+02
 3179   0.13948500E+03
 3180   0.31168751E+03
 3181   0.23902390E+03
 3182   0.14648695E+03
 3183   0.80304460E+02
 3184   0.46847780E+02
 3185   0.36311480E+02
 3186   0.33585610E+02
 3187   0.32153670E+02
 3188   0.27360120E+02
 3189   0.19888760E+02
 3190   0.14821130E+02
 3191   0.11103860E+02
 3192   0.95405900E+01
 3193   0.11989270E+02
 3194   0.15122350E+02
 3195   0.12039850E+02
 3196   0.93952400E+01
 3197   0.80944100E+01
 3198   0.65807000E+01
 3199   0.44670000E+01
 3200   0.25288300E+01
 3201   0.20110500E+01
 3202   0.60788600E+01
 3203   0.12152640E+02
 3204   0.10917680E+02
 3205   0.17754030E+02
 3206   0.17594890E+02
 3207   0.13469090E+02
 3208   0.98852500E+01
 3209   0.69252000E+01
 3210   0.37781800E+01
 3211   0.35809000E+01
 3212   0.53659700E+01
 3213   0.54973600E+01
 3214   0.61143500E+01
 3215   0.11392570E+02
 3216   0.11401490E+02
 3217   0.88047100E+01
 3218   0.59476300E+01
 3219   0.39058600E+01
 3220   0.21336600E+01
 3221   0.17145600E+01
 3222   0.12966400E+01
 3223   0.10184300E+01
 3224   0.86394000E+00
 3225   0.72862000E+00
 3226   0.61636000E+00
 3227   0.47789000E+00
 3228   0.40845000E+00
 3229   0.34996000E+00
 3230   0.26742000E+00
 3231   0.21168000E+00
 3232   0.16988000E+00
 3233   0.13443000E+00
 3234   0.10910000E+00
 3235   0.90240000E-01
 3236   0.75850000E-01
 3237   0.64640000E-01
 3238   0.55760000E-01
 3239   0.48610000E-01
 3240   0.42770000E-01
 3241   0.37950000E-01
 3242   0.33910000E-01
 3243   0.30490000E-01
 3244   0.27580000E-01
 3245   0.25070000E-01
 3246   0.22900000E-01
 3247   0.21000000E-01
 3248   0.19330000E-01
 3249   0.17860000E-01
 3250   0.16550000E-01
 3251   0.15380000E-01
 3252   0.14340000E-01
 3253   0.13400000E-01
 3254   0.12540000E-01
 3255   0.11770000E-01
 3256   0.11070000E-01
 3257   0.10430000E-01
 3258   0.98400000E-02
 3259   0.93100000E-02
 3260   0.88100000E-02
 3261   0.83600000E-02
 3262   0.79300000E-02
 3263   0.75400000E-02
 3264   0.71800000E-02
 3265   0.68500000E-02
 3266   0.65300000E-02
 3267   0.62400000E-02
 3268   0.59700000E-02
 3269   0.57100000E-02
 3270   0.54700000E-02
 3271   0.52400000E-02
 3272   0.50300000E-02
 3273   0.48300000E-02
 3274   0.46500000E-02
 3275   0.44700000E-02
 3276   0.43000000E-02
 3277   0.41400000E-02
 3278   0.39900000E-02
 3279   0.38500000E-02
 3280   0.37200000E-02
 3281   0.35900000E-02
 3282   0.34700000E-02
 3283   0.33600000E-02
 3284   0.32500000E-02
 3285   0.31400000E-02
 3286   0.30400000E-02
 3287   0.29500000E-02
 3288   0.28600000E-02
 3289   0.27700000E-02
 3290   0.28000000E-02
 3291   0.91000000E-02
 3292   0.46470000E-01
 3293   0.66510000E-01
 3294   0.68040000E-01
 3295   0.63490000E-01
 3296   0.57420000E-01
 3297   0.51390000E-01
 3298   0.45890000E-01
 3299   0.41040000E-01
 3300   0.36820000E-01
 3301   0.33160000E-01
 3302   0.30000000E-01
 3303   0.27250000E-01
 3304   0.24860000E-01
 3305   0.17568000E+00
 3306   0.14645000E+00
 3307   0.23029000E+00
 3308   0.26198000E+00
 3309   0.29446000E+00
 3310   0.31762000E+00
 3311   0.32403000E+00
 3312   0.30256000E+00
 3313   0.27285000E+00
 3314   0.25475000E+00
 3315   0.23242000E+00
 3316   0.20819000E+00
 3317   0.18722000E+00
 3318   0.37335000E+00
 3319   0.31369000E+00
 3320   0.31447000E+00
 3321   0.31383000E+00
 3322   0.30254000E+00
 3323   0.26495000E+00
 3324   0.23827000E+00
 3325   0.23315000E+00
 3326   0.22248000E+00
 3327   0.19975000E+00
 3328   0.16926000E+00
 3329   0.12928000E+00
 3330   0.10612000E+00
 3331   0.11552000E+00
 3332   0.15750000E+00
 3333   0.61998000E+00
 3334   0.13715900E+01
 3335   0.15368400E+01
 3336   0.18975700E+01
 3337   0.48569700E+01
 3338   0.88534100E+01
 3339   0.93070100E+01
 3340   0.77198500E+01
 3341   0.53574800E+01
 3342   0.38056400E+01
 3343   0.21508100E+01
 3344   0.35821800E+01
 3345   0.37210200E+01
 3346   0.45045300E+01
 3347   0.84606700E+01
 3348   0.10277850E+02
 3349   0.86605100E+01
 3350   0.63031800E+01
 3351   0.42775300E+01
 3352   0.73432400E+01
 3353   0.59356200E+01
 3354   0.49362400E+01
 3355   0.54273900E+01
 3356   0.58379600E+01
 3357   0.48230000E+01
 3358   0.36437000E+01
 3359   0.28832100E+01
 3360   0.26655100E+01
 3361   0.27760600E+01
 3362   0.21964700E+01
 3363   0.19159600E+01
 3364   0.11402600E+01
 3365   0.13426800E+01
 3366   0.14539900E+01
 3367   0.33453300E+01
 3368   0.32732800E+01
 3369   0.43493400E+01
 3370   0.77105900E+01
 3371   0.10207280E+02
 3372   0.96627000E+01
 3373   0.77505700E+01
 3374   0.61972300E+01
 3375   0.10234450E+02
 3376   0.13797790E+02
 3377   0.12263450E+02
 3378   0.11719840E+02
 3379   0.10073110E+02
 3380   0.94036400E+01
 3381   0.10714650E+02
 3382   0.10519120E+02
 3383   0.95714000E+01
 3384   0.69147400E+01
 3385   0.55117700E+01
 3386   0.52120500E+01
 3387   0.84460500E+01
 3388   0.96246200E+01
 3389   0.17970830E+02
 3390   0.26389670E+02
 3391   0.26537610E+02
 3392   0.27233000E+02
 3393   0.28665090E+02
 3394   0.36450960E+02
 3395   0.66210630E+02
 3396   0.45407290E+02
 3397   0.34061170E+02
 3398   0.29750510E+02
 3399   0.32980640E+02
 3400   0.28594670E+02
 3401   0.22006880E+02
 3402   0.18460430E+02
 3403   0.16508460E+02
 3404   0.13026150E+02
 3405   0.92115900E+01
 3406   0.82630600E+01
 3407   0.15634060E+02
 3408   0.61607980E+02
 3409   0.57248470E+02
 3410   0.38620050E+02
 3411   0.33698200E+02
 3412   0.33002040E+02
 3413   0.59147540E+02
 3414   0.43877150E+02
 3415   0.30274620E+02
 3416   0.21044300E+02
 3417   0.15211000E+02
 3418   0.11091980E+02
 3419   0.80446500E+01
 3420   0.57417000E+01
 3421   0.42949100E+01
 3422   0.35477900E+01
 3423   0.27543000E+01
 3424   0.21043700E+01
 3425   0.11666700E+01
 3426   0.11423800E+01
 3427   0.91757000E+00
 3428   0.73814000E+00
 3429   0.62351000E+00
 3430   0.51496000E+00
 3431   0.45718000E+00
 3432   0.40745000E+00
 3433   0.18702600E+01
 3434   0.11716400E+01
 3435   0.85461000E+00
 3436   0.98178000E+00
 3437   0.12837400E+01
 3438   0.17024400E+01
 3439   0.17278900E+01
 3440   0.15237900E+01
 3441   0.12381800E+01
 3442   0.99764000E+00
 3443   0.79672000E+00
 3444   0.84553000E+00
 3445   0.92976000E+00
 3446   0.51268000E+00
 3447   0.50208000E+00
 3448   0.87254000E+00
 3449   0.39693500E+01
 3450   0.82482100E+01
 3451   0.82126400E+01
 3452   0.65838800E+01
 3453   0.52249400E+01
 3454   0.82353900E+01
 3455   0.25367690E+02
 3456   0.37945820E+02
 3457   0.27969470E+02
 3458   0.19856470E+02
 3459   0.13969060E+02
 3460   0.10100200E+02
 3461   0.13700610E+02
 3462   0.19269620E+03
 3463   0.29483872E+03
 3464   0.21670511E+03
 3465   0.22187820E+03
 3466   0.20876386E+03
 3467   0.44392826E+03
 3468   0.33743981E+03
 3469   0.23871089E+03
 3470   0.13425995E+03
 3471   0.13359658E+03
 3472   0.41887051E+03
 3473   0.46716594E+03
 3474   0.23481993E+03
 3475   0.15763286E+03
 3476   0.13524422E+03
 3477   0.14220010E+03
 3478   0.18126089E+03
 3479   0.19770845E+03
 3480   0.25597503E+03
 3481   0.13337647E+03
 3482   0.69901490E+02
 3483   0.41248440E+02
 3484   0.26531590E+02
 3485   0.18007720E+02
 3486   0.12069950E+02
 3487   0.75905100E+01
 3488   0.53320300E+01
 3489   0.39932400E+01
 3490   0.33230800E+01
 3491   0.45924100E+01
 3492   0.61720800E+01
 3493   0.68732200E+01
 3494   0.11592620E+02
 3495   0.18767360E+02
 3496   0.17630820E+02
 3497   0.13810690E+02
 3498   0.11515680E+02
 3499   0.10358550E+02
 3500   0.92893000E+01
 3501   0.95709600E+01
 3502   0.92457000E+01
 3503   0.83899500E+01
 3504   0.71550400E+01
 3505   0.53632100E+01
 3506   0.39252600E+01
 3507   0.24022900E+01
 3508   0.19612700E+01
 3509   0.15428200E+01
 3510   0.12209800E+01
 3511   0.98204000E+00
 3512   0.80103000E+00
 3513   0.68755000E+00
 3514   0.56721000E+00
 3515   0.46775000E+00
 3516   0.39931000E+00
 3517   0.30568000E+00
 3518   0.24914000E+00
 3519   0.21306000E+00
 3520   0.17621000E+00
 3521   0.14218000E+00
 3522   0.11658000E+00
 3523   0.96950000E-01
 3524   0.81700000E-01
 3525   0.69720000E-01
 3526   0.60170000E-01
 3527   0.52470000E-01
 3528   0.46190000E-01
 3529   0.41050000E-01
 3530   0.36840000E-01
 3531   0.33370000E-01
 3532   0.51780000E-01
 3533   0.33758000E+00
 3534   0.32121000E+00
 3535   0.32347000E+00
 3536   0.30475000E+00
 3537   0.26604000E+00
 3538   0.21279000E+00
 3539   0.16072000E+00
 3540   0.12634000E+00
 3541   0.10268000E+00
 3542   0.85470000E-01
 3543   0.72460000E-01
 3544   0.62330000E-01
 3545   0.23600000E+00
 3546   0.11207000E+00
 3547   0.15028000E+00
 3548   0.18482000E+00
 3549   0.20217000E+00
 3550   0.23132000E+00
 3551   0.23266000E+00
 3552   0.23397000E+00
 3553   0.23779000E+00
 3554   0.24180000E+00
 3555   0.23410000E+00
 3556   0.22285000E+00
 3557   0.20387000E+00
 3558   0.17629000E+00
 3559   0.14510000E+00
 3560   0.11889000E+00
 3561   0.98250000E-01
 3562   0.82210000E-01
 3563   0.69680000E-01
 3564   0.59780000E-01
 3565   0.51850000E-01
 3566   0.45420000E-01
 3567   0.40130000E-01
 3568   0.35730000E-01
 3569   0.32030000E-01
 3570   0.28890000E-01
 3571   0.26200000E-01
 3572   0.23880000E-01
 3573   0.21860000E-01
 3574   0.20100000E-01
 3575   0.18540000E-01
 3576   0.17160000E-01
 3577   0.15930000E-01
 3578   0.14840000E-01
 3579   0.13860000E-01
 3580   0.12990000E-01
 3581   0.12240000E-01
 3582   0.11580000E-01
 3583   0.11040000E-01
 3584   0.10590000E-01
 3585   0.10230000E-01
 3586   0.99300000E-02
 3587   0.96800000E-02
 3588   0.94500000E-02
 3589   0.92300000E-02
 3590   0.90100000E-02
 3591   0.87800000E-02
 3592   0.85500000E-02
 3593   0.83000000E-02
 3594   0.80500000E-02
 3595   0.77900000E-02
 3596   0.75300000E-02
 3597   0.72800000E-02
 3598   0.70200000E-02
 3599   0.67700000E-02
 3600   0.16830000E-01
 3601   0.20850000E-01
 3602   0.17510000E-01
 3603   0.23510000E-01
 3604   0.26950000E-01
 3605   0.26690000E-01
 3606   0.24850000E-01
 3607   0.22680000E-01
 3608   0.20670000E-01
 3609   0.18940000E-01
 3610   0.17480000E-01
 3611   0.16490000E-01
 3612   0.15340000E-01
 3613   0.14490000E-01
 3614   0.13740000E-01
 3615   0.13070000E-01
 3616   0.12460000E-01
 3617   0.11880000E-01
 3618   0.11340000E-01
 3619   0.10830000E-01
 3620   0.10340000E-01
 3621   0.98800000E-02
 3622   0.94400000E-02
 3623   0.90300000E-02
 3624   0.86300000E-02
 3625   0.82600000E-02
 3626   0.79000000E-02
 3627   0.75700000E-02
 3628   0.72500000E-02
 3629   0.69400000E-02
 3630   0.66600000E-02
 3631   0.63900000E-02
 3632   0.61300000E-02
 3633   0.58800000E-02
 3634   0.56500000E-02
 3635   0.54300000E-02
 3636   0.52300000E-02
 3637   0.50300000E-02
 3638   0.48400000E-02
 3639   0.46700000E-02
 3640   0.45000000E-02
 3641   0.72400000E-02
 3642   0.49000000E-02
 3643   0.17420000E-01
 3644   0.17039000E+00
 3645   0.23442000E+00
 3646   0.29909000E+00
 3647   0.35088000E+00
 3648   0.41367000E+00
 3649   0.45377000E+00
 3650   0.46789000E+00
 3651   0.40008000E+00
 3652   0.36694000E+00
 3653   0.34485000E+00
 3654   0.31308000E+00
 3655   0.29752000E+00
 3656   0.24269000E+00
 3657   0.20423000E+00
 3658   0.16151000E+00
 3659   0.13286000E+00
 3660   0.11394000E+00
 3661   0.98670000E-01
 3662   0.85600000E-01
 3663   0.10722000E+00
 3664   0.81760000E-01
 3665   0.79950000E-01
 3666   0.15499000E+00
 3667   0.31260000E+00
 3668   0.10567600E+01
 3669   0.10645500E+01
 3670   0.27490000E+01
 3671   0.43175800E+01
 3672   0.56261600E+01
 3673   0.52860600E+01
 3674   0.41435100E+01
 3675   0.32787800E+01
 3676   0.26168300E+01
 3677   0.21090000E+01
 3678   0.17542900E+01
 3679   0.15188400E+01
 3680   0.12302200E+01
 3681   0.70548000E+00
 3682   0.67654000E+00
 3683   0.57146000E+00
 3684   0.46695000E+00
 3685   0.40864000E+00
 3686   0.35883000E+00
 3687   0.30867000E+00
 3688   0.26489000E+00
 3689   0.23851000E+00
 3690   0.21027000E+00
 3691   0.18233000E+00
 3692   0.14942000E+00
 3693   0.12258000E+00
 3694   0.10124000E+00
 3695   0.84520000E-01
 3696   0.71420000E-01
 3697   0.61070000E-01
 3698   0.52800000E-01
 3699   0.46110000E-01
 3700   0.40620000E-01
 3701   0.36070000E-01
 3702   0.36007700E+01
 3703   0.84310800E+01
 3704   0.40037090E+02
 3705   0.50106600E+02
 3706   0.56009810E+02
 3707   0.52445980E+02
 3708   0.45419220E+02
 3709   0.41116900E+02
 3710   0.33225280E+02
 3711   0.26670760E+02
 3712   0.19492780E+02
 3713   0.15187280E+02
 3714   0.13380840E+02
 3715   0.12902080E+02
 3716   0.11742580E+02
 3717   0.97029700E+01
 3718   0.74863900E+01
 3719   0.54067700E+01
 3720   0.44828400E+01
 3721   0.34660700E+01
 3722   0.21243500E+01
 3723   0.22781400E+01
 3724   0.23023800E+01
 3725   0.23107000E+01
 3726   0.21603900E+01
 3727   0.64033500E+01
 3728   0.15551610E+02
 3729   0.35895740E+02
 3730   0.28809750E+02
 3731   0.20681480E+02
 3732   0.14654090E+02
 3733   0.93347400E+01
 3734   0.66547100E+01
 3735   0.48466500E+01
 3736   0.38068100E+01
 3737   0.30506400E+01
 3738   0.24671700E+01
 3739   0.20039700E+01
 3740   0.16460800E+01
 3741   0.13484600E+01
 3742   0.11924400E+01
 3743   0.70870000E+00
 3744   0.72287000E+00
 3745   0.66517000E+00
 3746   0.60489000E+00
 3747   0.53089000E+00
 3748   0.47196000E+00
 3749   0.42090000E+00
 3750   0.37301000E+00
 3751   0.65374000E+00
 3752   0.15328400E+01
 3753   0.90332000E+00
 3754   0.13725000E+01
 3755   0.38943600E+01
 3756   0.77743000E+01
 3757   0.82158400E+01
 3758   0.67985800E+01
 3759   0.46578500E+01
 3760   0.34731800E+01
 3761   0.27770700E+01
 3762   0.21930800E+01
 3763   0.11889900E+01
 3764   0.12005600E+01
 3765   0.10614700E+01
 3766   0.25603000E+01
 3767   0.34470100E+01
 3768   0.62424100E+01
 3769   0.10184260E+02
 3770   0.99488700E+01
 3771   0.79612200E+01
 3772   0.54823500E+01
 3773   0.12538610E+02
 3774   0.15407720E+02
 3775   0.41120500E+02
 3776   0.36961040E+02
 3777   0.25885870E+02
 3778   0.18217430E+02
 3779   0.12667010E+02
 3780   0.88739200E+01
 3781   0.14611090E+02
 3782   0.20404850E+02
 3783   0.53816350E+02
 3784   0.47640370E+02
 3785   0.34325200E+02
 3786   0.26233590E+02
 3787   0.22113390E+02
 3788   0.21796960E+02
 3789   0.19273990E+02
 3790   0.15979510E+02
 3791   0.16448340E+02
 3792   0.14439900E+02
 3793   0.13296080E+02
 3794   0.12940630E+02
 3795   0.12898400E+02
 3796   0.12084630E+02
 3797   0.11224380E+02
 3798   0.13006130E+02
 3799   0.13561130E+02
 3800   0.12192280E+02
 3801   0.10559840E+02
 3802   0.87519900E+01
 3803   0.67709000E+01
 3804   0.38924900E+01
 3805   0.79848200E+01
 3806   0.33187990E+02
 3807   0.13692119E+03
 3808   0.10798276E+03
 3809   0.70724920E+02
 3810   0.45962300E+02
 3811   0.31933330E+02
 3812   0.23342740E+02
 3813   0.20924780E+02
 3814   0.34062790E+02
 3815   0.57325350E+02
 3816   0.50560780E+02
 3817   0.53794010E+02
 3818   0.17086080E+03
 3819   0.23001864E+03
 3820   0.12106015E+03
 3821   0.75714920E+02
 3822   0.61061310E+02
 3823   0.62650310E+02
 3824   0.60968500E+02
 3825   0.50543590E+02
 3826   0.36481360E+02
 3827   0.25397430E+02
 3828   0.17787330E+02
 3829   0.18479050E+02
 3830   0.95144780E+02
 3831   0.20360683E+03
 3832   0.13866200E+03
 3833   0.85512310E+02
 3834   0.49703260E+02
 3835   0.29859240E+02
 3836   0.19956950E+02
 3837   0.14128480E+02
 3838   0.15007730E+02
 3839   0.68023790E+02
 3840   0.33713066E+03
 3841   0.26690741E+03
 3842   0.22575096E+03
 3843   0.15790922E+03
 3844   0.14873835E+03
 3845   0.23578326E+03
 3846   0.26180085E+03
 3847   0.17590338E+03
 3848   0.10007130E+03
 3849   0.58011640E+02
 3850   0.39060930E+02
 3851   0.27571470E+02
 3852   0.21266420E+02
 3853   0.16465510E+02
 3854   0.12278760E+02
 3855   0.92680200E+01
 3856   0.59657700E+01
 3857   0.43830800E+01
 3858   0.32606000E+01
 3859   0.24415300E+01
 3860   0.18907300E+01
 3861   0.15287500E+01
 3862   0.11949100E+01
 3863   0.10936900E+01
 3864   0.24580200E+01
 3865   0.52773500E+01
 3866   0.35045500E+01
 3867   0.33042400E+01
 3868   0.31904850E+02
 3869   0.28820863E+03
 3870   0.36153841E+03
 3871   0.26655825E+03
 3872   0.14642717E+03
 3873   0.80675840E+02
 3874   0.48382220E+02
 3875   0.31436120E+02
 3876   0.19753520E+02
 3877   0.13570450E+02
 3878   0.97921500E+01
 3879   0.27609370E+02
 3880   0.27296580E+02
 3881   0.38076130E+02
 3882   0.35340120E+02
 3883   0.25771710E+02
 3884   0.19323380E+02
 3885   0.14034780E+02
 3886   0.96915100E+01
 3887   0.12188020E+02
 3888   0.10208350E+02
 3889   0.10653180E+02
 3890   0.17717410E+02
 3891   0.39209560E+02
 3892   0.80723560E+02
 3893   0.52253690E+02
 3894   0.33627890E+02
 3895   0.27099610E+02
 3896   0.57706870E+02
 3897   0.13129401E+03
 3898   0.70004820E+02
 3899   0.41201240E+02
 3900   0.26345510E+02
 3901   0.17889790E+02
 3902   0.12045830E+02
 3903   0.84911200E+01
 3904   0.59746700E+01
 3905   0.43320700E+01
 3906   0.32389100E+01
 3907   0.20062900E+01
 3908   0.17895000E+01
 3909   0.14621800E+01
 3910   0.11558700E+01
 3911   0.95187000E+00
 3912   0.82199000E+00
 3913   0.72007000E+00
 3914   0.63313000E+00
 3915   0.53237000E+00
 3916   0.47829000E+00
 3917   0.38220000E+00
 3918   0.33124000E+00
 3919   0.28834000E+00
 3920   0.26129000E+00
 3921   0.25290000E+00
 3922   0.25850000E+00
 3923   0.27484000E+00
 3924   0.28830000E+00
 3925   0.29594000E+00
 3926   0.29557000E+00
 3927   0.26492000E+00
 3928   0.23439000E+00
 3929   0.21462000E+00
 3930   0.19174000E+00
 3931   0.17008000E+00
 3932   0.15220000E+00
 3933   0.13624000E+00
 3934   0.12039000E+00
 3935   0.10445000E+00
 3936   0.89830000E-01
 3937   0.77280000E-01
 3938   0.66830000E-01
 3939   0.58190000E-01
 3940   0.51040000E-01
 3941   0.45100000E-01
 3942   0.40130000E-01
 3943   0.35920000E-01
 3944   0.32350000E-01
 3945   0.29280000E-01
 3946   0.26630000E-01
 3947   0.24330000E-01
 3948   0.22310000E-01
 3949   0.49280000E-01
 3950   0.53010000E-01
 3951   0.62310000E-01
 3952   0.58040000E-01
 3953   0.55930000E-01
 3954   0.63780000E-01
 3955   0.68390000E-01
 3956   0.65780000E-01
 3957   0.59750000E-01
 3958   0.53000000E-01
 3959   0.46650000E-01
 3960   0.41040000E-01
 3961   0.36220000E-01
 3962   0.81630000E-01
 3963   0.48830000E-01
 3964   0.57030000E-01
 3965   0.58230000E-01
 3966   0.59730000E-01
 3967   0.73020000E-01
 3968   0.80780000E-01
 3969   0.78190000E-01
 3970   0.71070000E-01
 3971   0.63050000E-01
 3972   0.55530000E-01
 3973   0.48920000E-01
 3974   0.43240000E-01
 3975   0.38420000E-01
 3976   0.34310000E-01
 3977   0.30810000E-01
 3978   0.27820000E-01
 3979   0.25230000E-01
 3980   0.30740000E-01
 3981   0.15824000E+00
 3982   0.26969000E+00
 3983   0.54963000E+00
 3984   0.10328100E+01
 3985   0.14801100E+01
 3986   0.14855300E+01
 3987   0.12778100E+01
 3988   0.10536900E+01
 3989   0.64765000E+00
 3990   0.61076000E+00
 3991   0.49745000E+00
 3992   0.43847000E+00
 3993   0.89325000E+00
 3994   0.41830000E+00
 3995   0.41441000E+00
 3996   0.40466000E+00
 3997   0.39206000E+00
 3998   0.37825000E+00
 3999   0.32507000E+00
 4000   0.31608000E+00
 4001   0.31481000E+00
 4002   0.37525000E+00
 4003   0.39299000E+00
 4004   0.41660000E+00
 4005   0.35856000E+01
 4006   0.81416500E+01
 4007   0.16304940E+02
 4008   0.19293790E+02
 4009   0.14872750E+02
 4010   0.11190610E+02
 4011   0.80526900E+01
 4012   0.55303900E+01
 4013   0.41320800E+01
 4014   0.32288700E+01
 4015   0.25320300E+01
 4016   0.20670600E+01
 4017   0.17256700E+01
 4018   0.14755100E+01
 4019   0.12317200E+01
 4020   0.69265000E+00
 4021   0.64365000E+00
 4022   0.57103000E+00
 4023   0.51087000E+00
 4024   0.62275000E+00
 4025   0.16216200E+01
 4026   0.38778300E+01
 4027   0.44326900E+01
 4028   0.36883600E+01
 4029   0.29037600E+01
 4030   0.16204000E+01
 4031   0.14204900E+01
 4032   0.11197100E+01
 4033   0.93073000E+00
 4034   0.84150000E+00
 4035   0.72228000E+00
 4036   0.62585000E+00
 4037   0.50416000E+00
 4038   0.42454000E+00
 4039   0.37580000E+00
 4040   0.28572000E+00
 4041   0.23144000E+00
 4042   0.19391000E+00
 4043   0.15112000E+00
 4044   0.12090000E+00
 4045   0.99090000E-01
 4046   0.82650000E-01
 4047   0.69980000E-01
 4048   0.60050000E-01
 4049   0.64090000E-01
 4050   0.59920000E-01
 4051   0.62300000E-01
 4052   0.10846000E+00
 4053   0.17317000E+00
 4054   0.18269000E+00
 4055   0.16457000E+00
 4056   0.13914000E+00
 4057   0.11615000E+00
 4058   0.97360000E-01
 4059   0.82400000E-01
 4060   0.70490000E-01
 4061   0.60940000E-01
 4062   0.53190000E-01
 4063   0.46820000E-01
 4064   0.41550000E-01
 4065   0.37120000E-01
 4066   0.33390000E-01
 4067   0.30530000E-01
 4068   0.10352000E+00
 4069   0.79584000E+00
 4070   0.15483900E+01
 4071   0.73495100E+01
 4072   0.18549370E+02
 4073   0.24417000E+02
 4074   0.31309230E+02
 4075   0.27766210E+02
 4076   0.21616350E+02
 4077   0.17681690E+02
 4078   0.15037450E+02
 4079   0.16945770E+02
 4080   0.19814810E+02
 4081   0.16227700E+02
 4082   0.12409370E+02
 4083   0.93188000E+01
 4084   0.66783400E+01
 4085   0.47522400E+01
 4086   0.36743100E+01
 4087   0.28832100E+01
 4088   0.23201500E+01
 4089   0.33348300E+01
 4090   0.25984800E+01
 4091   0.22021900E+01
 4092   0.48061200E+01
 4093   0.77641300E+01
 4094   0.10092690E+02
 4095   0.10754140E+02
 4096   0.98534900E+01
 4097   0.89460900E+01
 4098   0.82058700E+01
 4099   0.73268200E+01
 4100   0.73439900E+01
 4101   0.63679300E+01
 4102   0.40615600E+01
 4103   0.32584300E+01
 4104   0.72600500E+01
 4105   0.21769980E+02
 4106   0.99968910E+02
 4107   0.79595100E+02
 4108   0.49901510E+02
 4109   0.33417810E+02
 4110   0.24300440E+02
 4111   0.22124270E+02
 4112   0.18426140E+02
 4113   0.18722100E+02
 4114   0.22083980E+02
 4115   0.19156770E+02
 4116   0.14539290E+02
 4117   0.10705480E+02
 4118   0.76022300E+01
 4119   0.54147000E+01
 4120   0.41680100E+01
 4121   0.31463100E+01
 4122   0.18418000E+01
 4123   0.16606500E+01
 4124   0.13517200E+01
 4125   0.11159700E+01
 4126   0.92354000E+00
 4127   0.76888000E+00
 4128   0.67677000E+00
 4129   0.56222000E+00
 4130   0.46740000E+00
 4131   0.41681000E+00
 4132   0.18099200E+01
 4133   0.26590700E+01
 4134   0.35635000E+01
 4135   0.77393700E+01
 4136   0.39001510E+02
 4137   0.94932630E+02
 4138   0.64163250E+02
 4139   0.40272640E+02
 4140   0.26638500E+02
 4141   0.18528390E+02
 4142   0.12763780E+02
 4143   0.13935140E+02
 4144   0.66975130E+02
 4145   0.10408451E+03
 4146   0.62404480E+02
 4147   0.44709230E+02
 4148   0.77039360E+02
 4149   0.15255872E+03
 4150   0.12335591E+03
 4151   0.11235688E+03
 4152   0.10380711E+03
 4153   0.68497160E+02
 4154   0.43985560E+02
 4155   0.29016030E+02
 4156   0.19844760E+02
 4157   0.14103090E+02
 4158   0.10319970E+02
 4159   0.78253000E+01
 4160   0.56463600E+01
 4161   0.45378900E+01
 4162   0.52237800E+01
 4163   0.63211000E+01
 4164   0.10055540E+02
 4165   0.30988240E+02
 4166   0.50553080E+02
 4167   0.64159910E+02
 4168   0.85578010E+02
 4169   0.55264010E+02
 4170   0.36434270E+02
 4171   0.30376010E+02
 4172   0.35120900E+02
 4173   0.43449860E+02
 4174   0.33550800E+02
 4175   0.23978330E+02
 4176   0.17010520E+02
 4177   0.11936310E+02
 4178   0.15559610E+02
 4179   0.40240210E+02
 4180   0.11890465E+03
 4181   0.87979800E+02
 4182   0.66395340E+02
 4183   0.60403070E+02
 4184   0.50795470E+02
 4185   0.44122730E+02
 4186   0.41192710E+02
 4187   0.35767760E+02
 4188   0.29263920E+02
 4189   0.22364070E+02
 4190   0.16692110E+02
 4191   0.11945380E+02
 4192   0.83807000E+01
 4193   0.57716000E+01
 4194   0.35526700E+01
 4195   0.28627100E+01
 4196   0.22647100E+01
 4197   0.18052900E+01
 4198   0.14637900E+01
 4199   0.11493400E+01
 4200   0.92409000E+00
 4201   0.21770200E+01
 4202   0.27742400E+01
 4203   0.94039500E+01
 4204   0.17226260E+02
 4205   0.65376080E+02
 4206   0.49746550E+03
 4207   0.45937268E+03
 4208   0.27777334E+03
 4209   0.18528970E+03
 4210   0.13188801E+03
 4211   0.85353010E+02
 4212   0.53906610E+02
 4213   0.44662230E+02
 4214   0.52606800E+02
 4215   0.52187070E+02
 4216   0.36299260E+02
 4217   0.24663030E+02
 4218   0.17156840E+02
 4219   0.12036810E+02
 4220   0.83695300E+01
 4221   0.56791500E+01
 4222   0.41214700E+01
 4223   0.30559700E+01
 4224   0.23155800E+01
 4225   0.14842200E+01
 4226   0.14443500E+01
 4227   0.12645100E+01
 4228   0.10867800E+01
 4229   0.92325000E+00
 4230   0.10021700E+01
 4231   0.67827000E+00
 4232   0.59728000E+00
 4233   0.54264000E+00
 4234   0.48265000E+00
 4235   0.41103000E+00
 4236   0.94978000E+00
 4237   0.25895530E+02
 4238   0.97209870E+02
 4239   0.80728660E+02
 4240   0.50202740E+02
 4241   0.32279890E+02
 4242   0.25487580E+02
 4243   0.20936950E+02
 4244   0.14204520E+02
 4245   0.88065600E+01
 4246   0.69215100E+01
 4247   0.60857100E+01
 4248   0.10509430E+02
 4249   0.53520350E+02
 4250   0.84535950E+02
 4251   0.10258037E+03
 4252   0.82557960E+02
 4253   0.49255800E+02
 4254   0.32227880E+02
 4255   0.20677060E+02
 4256   0.14265380E+02
 4257   0.10280710E+02
 4258   0.80777300E+01
 4259   0.86865300E+01
 4260   0.13802620E+02
 4261   0.32673320E+02
 4262   0.69708700E+02
 4263   0.68880100E+02
 4264   0.43741620E+02
 4265   0.28389970E+02
 4266   0.18501540E+02
 4267   0.12775960E+02
 4268   0.88450900E+01
 4269   0.61374300E+01
 4270   0.44536300E+01
 4271   0.47527300E+01
 4272   0.52788800E+01
 4273   0.46296700E+01
 4274   0.43832000E+01
 4275   0.66513900E+01
 4276   0.64196700E+01
 4277   0.51717400E+01
 4278   0.35197400E+01
 4279   0.24096900E+01
 4280   0.17567400E+01
 4281   0.12954500E+01
 4282   0.97892000E+00
 4283   0.76216000E+00
 4284   0.62678000E+00
 4285   0.48130000E+00
 4286   0.36052000E+00
 4287   0.28448000E+00
 4288   0.23935000E+00
 4289   0.18950000E+00
 4290   0.14060000E+00
 4291   0.10911000E+00
 4292   0.88010000E-01
 4293   0.72950000E-01
 4294   0.61710000E-01
 4295   0.53040000E-01
 4296   0.46160000E-01
 4297   0.40600000E-01
 4298   0.36030000E-01
 4299   0.32220000E-01
 4300   0.29000000E-01
 4301   0.26260000E-01
 4302   0.23900000E-01
 4303   0.21850000E-01
 4304   0.20060000E-01
 4305   0.18490000E-01
 4306   0.17090000E-01
 4307   0.15860000E-01
 4308   0.14750000E-01
 4309   0.18230000E-01
 4310   0.14470000E-01
 4311   0.56570000E-01
 4312   0.12363000E+00
 4313   0.15563000E+00
 4314   0.21851000E+00
 4315   0.23408000E+00
 4316   0.24966000E+00
 4317   0.24566000E+00
 4318   0.24446000E+00
 4319   0.26106000E+00
 4320   0.17484000E+01
 4321   0.25182500E+01
 4322   0.68763000E+01
 4323   0.71071800E+01
 4324   0.76292700E+01
 4325   0.11557960E+02
 4326   0.15589200E+02
 4327   0.17299010E+02
 4328   0.15976960E+02
 4329   0.12597920E+02
 4330   0.91962400E+01
 4331   0.64477200E+01
 4332   0.46698700E+01
 4333   0.35544900E+01
 4334   0.27937400E+01
 4335   0.22203800E+01
 4336   0.17365100E+01
 4337   0.93410000E+00
 4338   0.89593000E+00
 4339   0.72589000E+00
 4340   0.62844000E+00
 4341   0.72777000E+00
 4342   0.53613000E+00
 4343   0.50859000E+00
 4344   0.48507000E+00
 4345   0.46533000E+00
 4346   0.44452000E+00
 4347   0.42374000E+00
 4348   0.35240000E+00
 4349   0.31007000E+00
 4350   0.27838000E+00
 4351   0.25030000E+00
 4352   0.22229000E+00
 4353   0.19917000E+00
 4354   0.17200000E+00
 4355   0.14803000E+00
 4356   0.12728000E+00
 4357   0.10872000E+00
 4358   0.41081000E+00
 4359   0.25429000E+00
 4360   0.29735000E+00
 4361   0.22346900E+01
 4362   0.38643000E+01
 4363   0.55500800E+01
 4364   0.67163200E+01
 4365   0.81127100E+01
 4366   0.92886200E+01
 4367   0.78312200E+01
 4368   0.44717900E+01
 4369   0.34295400E+01
 4370   0.27488000E+01
 4371   0.22634600E+01
 4372   0.18630300E+01
 4373   0.15335500E+01
 4374   0.13043400E+01
 4375   0.10777600E+01
 4376   0.89850000E+00
 4377   0.77530000E+00
 4378   0.50560000E+00
 4379   0.43037000E+00
 4380   0.38137000E+00
 4381   0.33925000E+00
 4382   0.29026000E+00
 4383   0.25713000E+00
 4384   0.22847000E+00
 4385   0.19949000E+00
 4386   0.19019300E+01
 4387   0.10987600E+01
 4388   0.18891600E+01
 4389   0.31166400E+01
 4390   0.57841800E+01
 4391   0.59702100E+01
 4392   0.47262700E+01
 4393   0.35959000E+01
 4394   0.28270600E+01
 4395   0.22399500E+01
 4396   0.18457800E+01
 4397   0.15101500E+01
 4398   0.12633000E+01
 4399   0.71692000E+00
 4400   0.72631000E+00
 4401   0.63057000E+00
 4402   0.52446000E+00
 4403   0.44603000E+00
 4404   0.43403000E+00
 4405   0.48000000E+00
 4406   0.77099000E+00
 4407   0.12778100E+01
 4408   0.16680900E+01
 4409   0.10281700E+01
 4410   0.11165700E+01
 4411   0.95847000E+00
 4412   0.82651000E+00
 4413   0.73745000E+00
 4414   0.65687000E+00
 4415   0.54275000E+00
 4416   0.46189000E+00
 4417   0.39797000E+00
 4418   0.34554000E+00
 4419   0.25512000E+00
 4420   0.17895000E+00
 4421   0.12927000E+00
 4422   0.98340000E-01
 4423   0.78930000E-01
 4424   0.65380000E-01
 4425   0.55410000E-01
 4426   0.48710000E-01
 4427   0.74660000E-01
 4428   0.16552000E+00
 4429   0.20419000E+00
 4430   0.21632000E+00
 4431   0.21624000E+00
 4432   0.22512000E+00
 4433   0.22292000E+00
 4434   0.20820000E+00
 4435   0.17212000E+00
 4436   0.12804000E+00
 4437   0.98390000E-01
 4438   0.78240000E-01
 4439   0.63990000E-01
 4440   0.53520000E-01
 4441   0.45600000E-01
 4442   0.39440000E-01
 4443   0.45040000E-01
 4444   0.36360000E-01
 4445   0.45380000E-01
 4446   0.15519000E+00
 4447   0.22176000E+00
 4448   0.24360000E+00
 4449   0.37485000E+00
 4450   0.31840000E+00
 4451   0.32322000E+00
 4452   0.34185000E+00
 4453   0.35725000E+00
 4454   0.36593000E+00
 4455   0.54759000E+00
 4456   0.44463000E+00
 4457   0.14506000E+01
 4458   0.79755600E+01
 4459   0.13529600E+02
 4460   0.24588930E+02
 4461   0.58030360E+02
 4462   0.59168840E+02
 4463   0.39251650E+02
 4464   0.26319780E+02
 4465   0.18724490E+02
 4466   0.13247450E+02
 4467   0.99425200E+01
 4468   0.79307500E+01
 4469   0.66652300E+01
 4470   0.58300600E+01
 4471   0.44237800E+01
 4472   0.43297300E+01
 4473   0.39175900E+01
 4474   0.32619800E+01
 4475   0.26723200E+01
 4476   0.21244100E+01
 4477   0.16913700E+01
 4478   0.13955100E+01
 4479   0.11721700E+01
 4480   0.10006200E+01
 4481   0.62294000E+00
 4482   0.61532000E+00
 4483   0.50880000E+00
 4484   0.46525000E+00
 4485   0.46646000E+00
 4486   0.61980000E+00
 4487   0.87418000E+00
 4488   0.17329400E+01
 4489   0.26427400E+01
 4490   0.37396700E+01
 4491   0.62211500E+01
 4492   0.78967800E+01
 4493   0.70011000E+01
 4494   0.47579500E+01
 4495   0.46964300E+01
 4496   0.41623700E+01
 4497   0.44614500E+01
 4498   0.88102500E+01
 4499   0.11147950E+02
 4500   0.93893800E+01
 4501   0.60122900E+01
 4502   0.43360400E+01
 4503   0.33231000E+01
 4504   0.36987800E+01
 4505   0.78837800E+01
 4506   0.13023010E+02
 4507   0.24210760E+02
 4508   0.26490760E+02
 4509   0.30181810E+02
 4510   0.27000930E+02
 4511   0.21357260E+02
 4512   0.14764510E+02
 4513   0.10843010E+02
 4514   0.99395800E+01
 4515   0.86440800E+01
 4516   0.76204800E+01
 4517   0.59697100E+01
 4518   0.70393600E+01
 4519   0.75676500E+01
 4520   0.12678170E+02
 4521   0.16671760E+02
 4522   0.12665880E+02
 4523   0.93162200E+01
 4524   0.64097900E+01
 4525   0.44156400E+01
 4526   0.32991300E+01
 4527   0.64556500E+01
 4528   0.66713500E+01
 4529   0.67853800E+01
 4530   0.88448400E+01
 4531   0.10236770E+02
 4532   0.90850100E+01
 4533   0.81876600E+01
 4534   0.68576800E+01
 4535   0.58898500E+01
 4536   0.55954100E+01
 4537   0.57564900E+01
 4538   0.62344700E+01
 4539   0.85377500E+01
 4540   0.18244750E+02
 4541   0.39892580E+02
 4542   0.29073340E+02
 4543   0.20611650E+02
 4544   0.14719760E+02
 4545   0.10452780E+02
 4546   0.73505800E+01
 4547   0.51705500E+01
 4548   0.43606100E+01
 4549   0.91928000E+01
 4550   0.49150240E+02
 4551   0.11294316E+03
 4552   0.10508158E+03
 4553   0.60421820E+02
 4554   0.38012780E+02
 4555   0.25557050E+02
 4556   0.18629590E+02
 4557   0.15124710E+02
 4558   0.12538880E+02
 4559   0.13994160E+02
 4560   0.14356590E+02
 4561   0.16367620E+02
 4562   0.19124710E+02
 4563   0.48489480E+02
 4564   0.36947920E+02
 4565   0.25486430E+02
 4566   0.23005930E+02
 4567   0.13665511E+03
 4568   0.35953576E+03
 4569   0.46455090E+03
 4570   0.31506747E+03
 4571   0.24706314E+03
 4572   0.18616560E+03
 4573   0.13623250E+03
 4574   0.17171840E+03
 4575   0.21332521E+03
 4576   0.23609227E+03
 4577   0.26053390E+03
 4578   0.21912652E+03
 4579   0.14996151E+03
 4580   0.10415224E+03
 4581   0.85776720E+02
 4582   0.63681620E+02
 4583   0.43706810E+02
 4584   0.33097500E+02
 4585   0.26290500E+02
 4586   0.20277660E+02
 4587   0.25664720E+02
 4588   0.29884620E+02
 4589   0.51890030E+02
 4590   0.61175980E+02
 4591   0.65011220E+02
 4592   0.62833810E+02
 4593   0.56705790E+02
 4594   0.51736870E+02
 4595   0.55931970E+02
 4596   0.41419060E+02
 4597   0.28213360E+02
 4598   0.19550610E+02
 4599   0.13836580E+02
 4600   0.96798700E+01
 4601   0.68923600E+01
 4602   0.46770900E+01
 4603   0.33593800E+01
 4604   0.20309800E+01
 4605   0.22907700E+01
 4606   0.16665900E+01
 4607   0.23555200E+01
 4608   0.26342700E+01
 4609   0.22750400E+01
 4610   0.26910500E+01
 4611   0.24290200E+01
 4612   0.19415400E+01
 4613   0.10617360E+02
 4614   0.29656010E+02
 4615   0.85840270E+02
 4616   0.10731035E+03
 4617   0.89588720E+02
 4618   0.62100640E+02
 4619   0.53896580E+02
 4620   0.53789220E+02
 4621   0.41464540E+02
 4622   0.28452590E+02
 4623   0.19813770E+02
 4624   0.12752360E+02
 4625   0.88474300E+01
 4626   0.64616500E+01
 4627   0.45367500E+01
 4628   0.33777500E+01
 4629   0.26348900E+01
 4630   0.21122200E+01
 4631   0.51704400E+01
 4632   0.47461600E+01
 4633   0.34956000E+01
 4634   0.32172600E+01
 4635   0.34679300E+01
 4636   0.35613800E+01
 4637   0.28015000E+01
 4638   0.21274100E+01
 4639   0.16118100E+01
 4640   0.12100200E+01
 4641   0.92330000E+00
 4642   0.75210000E+00
 4643   0.61593000E+00
 4644   0.47437000E+00
 4645   0.35661000E+00
 4646   0.27862000E+00
 4647   0.23514000E+00
 4648   0.33157000E+00
 4649   0.24524000E+00
 4650   0.23406000E+00
 4651   0.22081000E+00
 4652   0.20101000E+00
 4653   0.17498000E+00
 4654   0.14682000E+00
 4655   0.12248000E+00
 4656   0.10260000E+00
 4657   0.98660000E-01
 4658   0.92630000E-01
 4659   0.89030000E-01
 4660   0.30966300E+01
 4661   0.49355600E+01
 4662   0.60081100E+01
 4663   0.97449700E+01
 4664   0.10894570E+02
 4665   0.82005200E+01
 4666   0.57951100E+01
 4667   0.42037400E+01
 4668   0.31862900E+01
 4669   0.25330300E+01
 4670   0.20545900E+01
 4671   0.17662800E+01
 4672   0.30007700E+01
 4673   0.42217900E+01
 4674   0.63627500E+01
 4675   0.95605900E+01
 4676   0.97535000E+01
 4677   0.85342000E+01
 4678   0.65806400E+01
 4679   0.47160000E+01
 4680   0.36331000E+01
 4681   0.28270100E+01
 4682   0.22097900E+01
 4683   0.17661900E+01
 4684   0.13981000E+01
 4685   0.10814600E+01
 4686   0.67086000E+00
 4687   0.59847000E+00
 4688   0.48345000E+00
 4689   0.42229000E+00
 4690   0.37186000E+00
 4691   0.32872000E+00
 4692   0.28013000E+00
 4693   0.24857000E+00
 4694   0.21780000E+00
 4695   0.18752000E+00
 4696   0.15697000E+00
 4697   0.13087000E+00
 4698   0.13098000E+00
 4699   0.11973000E+00
 4700   0.10912000E+00
 4701   0.99450000E-01
 4702   0.90750000E-01
 4703   0.82620000E-01
 4704   0.74860000E-01
 4705   0.67480000E-01
 4706   0.60590000E-01
 4707   0.54310000E-01
 4708   0.48680000E-01
 4709   0.43710000E-01
 4710   0.39350000E-01
 4711   0.35520000E-01
 4712   0.20455000E+00
 4713   0.21174000E+00
 4714   0.24602000E+00
 4715   0.32825000E+00
 4716   0.12574700E+01
 4717   0.32536700E+01
 4718   0.41880000E+01
 4719   0.33508800E+01
 4720   0.24788600E+01
 4721   0.18368200E+01
 4722   0.14064000E+01
 4723   0.11229100E+01
 4724   0.92507000E+00
 4725   0.74595000E+00
 4726   0.62944000E+00
 4727   0.43247000E+00
 4728   0.35865000E+00
 4729   0.29117000E+00
 4730   0.23984000E+00
 4731   0.17985000E+00
 4732   0.12481000E+00
 4733   0.93000000E-01
 4734   0.73240000E-01
 4735   0.59930000E-01
 4736   0.50390000E-01
 4737   0.43250000E-01
 4738   0.37710000E-01
 4739   0.33290000E-01
 4740   0.29680000E-01
 4741   0.26690000E-01
 4742   0.24170000E-01
 4743   0.22020000E-01
 4744   0.20160000E-01
 4745   0.18550000E-01
 4746   0.17130000E-01
 4747   0.15880000E-01
 4748   0.14760000E-01
 4749   0.13770000E-01
 4750   0.12870000E-01
 4751   0.12070000E-01
 4752   0.11340000E-01
 4753   0.10670000E-01
 4754   0.10070000E-01
 4755   0.95200000E-02
 4756   0.90300000E-02
 4757   0.86400000E-02
 4758   0.83800000E-02
 4759   0.82900000E-02
 4760   0.83700000E-02
 4761   0.87200000E-02
 4762   0.19080000E-01
 4763   0.76130000E-01
 4764   0.10393000E+00
 4765   0.10057000E+00
 4766   0.88690000E-01
 4767   0.76210000E-01
 4768   0.65270000E-01
 4769   0.56170000E-01
 4770   0.48730000E-01
 4771   0.42640000E-01
 4772   0.70990000E-01
 4773   0.40840000E-01
 4774   0.40710000E-01
 4775   0.43860000E-01
 4776   0.65940000E-01
 4777   0.96510000E-01
 4778   0.10576000E+00
 4779   0.10075000E+00
 4780   0.90860000E-01
 4781   0.80350000E-01
 4782   0.70760000E-01
 4783   0.62390000E-01
 4784   0.55230000E-01
 4785   0.49150000E-01
 4786   0.44000000E-01
 4787   0.39590000E-01
 4788   0.35820000E-01
 4789   0.32550000E-01
 4790   0.29710000E-01
 4791   0.27210000E-01
 4792   0.25020000E-01
 4793   0.23070000E-01
 4794   0.21340000E-01
 4795   0.39000000E+00
 4796   0.17929000E+00
 4797   0.24244000E+00
 4798   0.27254000E+00
 4799   0.27243000E+00
 4800   0.27943000E+00
 4801   0.31528000E+00
 4802   0.33519000E+00
 4803   0.36726000E+00
 4804   0.38985000E+00
 4805   0.39960000E+00
 4806   0.40373000E+00
 4807   0.40299000E+00
 4808   0.40049000E+00
 4809   0.33502000E+00
 4810   0.31047000E+00
 4811   0.29743000E+00
 4812   0.53087000E+00
 4813   0.94243000E+00
 4814   0.94875000E+00
 4815   0.27639600E+01
 4816   0.11429620E+02
 4817   0.28113560E+02
 4818   0.48160960E+02
 4819   0.39538560E+02
 4820   0.33881350E+02
 4821   0.26192330E+02
 4822   0.21066190E+02
 4823   0.17466270E+02
 4824   0.16490640E+02
 4825   0.15361110E+02
 4826   0.20159020E+02
 4827   0.23441390E+02
 4828   0.19337120E+02
 4829   0.13192820E+02
 4830   0.95307900E+01
 4831   0.68787100E+01
 4832   0.48663600E+01
 4833   0.37015200E+01
 4834   0.28633400E+01
 4835   0.22331700E+01
 4836   0.17899400E+01
 4837   0.15613600E+01
 4838   0.13163200E+01
 4839   0.10654900E+01
 4840   0.65194000E+00
 4841   0.60094000E+00
 4842   0.49369000E+00
 4843   0.44565000E+00
 4844   0.40598000E+00
 4845   0.37046000E+00
 4846   0.87702000E+00
 4847   0.40768000E+00
 4848   0.42512000E+00
 4849   0.42265000E+00
 4850   0.35808000E+00
 4851   0.33211000E+00
 4852   0.12704200E+02
 4853   0.71992130E+02
 4854   0.13975829E+03
 4855   0.88961130E+02
 4856   0.62567820E+02
 4857   0.44165780E+02
 4858   0.32340220E+02
 4859   0.23571380E+02
 4860   0.18218960E+02
 4861   0.16833870E+02
 4862   0.21496870E+02
 4863   0.29443970E+02
 4864   0.24483260E+02
 4865   0.18244780E+02
 4866   0.13139460E+02
 4867   0.94137900E+01
 4868   0.67606300E+01
 4869   0.48269000E+01
 4870   0.28727000E+01
 4871   0.24151900E+01
 4872   0.19336000E+01
 4873   0.15692000E+01
 4874   0.13032300E+01
 4875   0.15384000E+01
 4876   0.29991300E+01
 4877   0.38656900E+01
 4878   0.11918570E+02
 4879   0.17199940E+02
 4880   0.14396990E+02
 4881   0.12650220E+02
 4882   0.10811210E+02
 4883   0.24069010E+02
 4884   0.29216950E+02
 4885   0.24303820E+02
 4886   0.19122930E+02
 4887   0.14578260E+02
 4888   0.12342290E+02
 4889   0.10755850E+02
 4890   0.87086400E+01
 4891   0.54638300E+01
 4892   0.50245500E+01
 4893   0.43755600E+01
 4894   0.66047200E+01
 4895   0.77241900E+01
 4896   0.10091820E+02
 4897   0.13135850E+02
 4898   0.16782000E+02
 4899   0.36930350E+02
 4900   0.21364824E+03
 4901   0.14467905E+03
 4902   0.77561940E+02
 4903   0.49245960E+02
 4904   0.55360380E+02
 4905   0.49473490E+02
 4906   0.38282190E+02
 4907   0.51118210E+02
 4908   0.19444476E+03
 4909   0.19361530E+03
 4910   0.27062081E+03
 4911   0.17276921E+03
 4912   0.92610000E+02
 4913   0.55266300E+02
 4914   0.50028350E+02
 4915   0.20025918E+03
 4916   0.19577889E+03
 4917   0.11485657E+03
 4918   0.73281960E+02
 4919   0.59345580E+02
 4920   0.51788160E+02
 4921   0.40019740E+02
 4922   0.29141210E+02
 4923   0.21443520E+02
 4924   0.16176080E+02
 4925   0.12080060E+02
 4926   0.96147500E+01
 4927   0.77227300E+01
 4928   0.69678700E+01
 4929   0.48125070E+02
 4930   0.68684730E+02
 4931   0.15127841E+03
 4932   0.11801652E+03
 4933   0.76599990E+02
 4934   0.48640940E+02
 4935   0.33582350E+02
 4936   0.23845550E+02
 4937   0.18168990E+02
 4938   0.15656800E+02
 4939   0.19891390E+02
 4940   0.22068640E+02
 4941   0.18062310E+02
 4942   0.12931650E+02
 4943   0.11412970E+02
 4944   0.25337390E+02
 4945   0.72247870E+02
 4946   0.64126130E+02
 4947   0.40164350E+02
 4948   0.26679690E+02
 4949   0.19808600E+02
 4950   0.21531030E+02
 4951   0.17958690E+02
 4952   0.11620800E+02
 4953   0.87746800E+01
 4954   0.84658200E+01
 4955   0.79158100E+01
 4956   0.58905600E+01
 4957   0.49201000E+01
 4958   0.35169800E+01
 4959   0.27161000E+01
 4960   0.19796800E+01
 4961   0.14814000E+01
 4962   0.12086400E+01
 4963   0.23279900E+01
 4964   0.31913000E+01
 4965   0.64441800E+01
 4966   0.67309400E+01
 4967   0.73630000E+01
 4968   0.87775600E+01
 4969   0.81347200E+01
 4970   0.70389800E+01
 4971   0.51847100E+01
 4972   0.33588200E+01
 4973   0.17415900E+01
 4974   0.14288300E+01
 4975   0.10894400E+01
 4976   0.85499000E+00
 4977   0.72203000E+00
 4978   0.61281000E+00
 4979   0.49923000E+00
 4980   0.59627000E+00
 4981   0.43916000E+00
 4982   0.39919000E+00
 4983   0.30440000E+00
 4984   0.24649000E+00
 4985   0.21683000E+00
 4986   0.50745000E+00
 4987   0.15248440E+02
 4988   0.24378450E+02
 4989   0.61301880E+02
 4990   0.48562300E+02
 4991   0.33130090E+02
 4992   0.22938520E+02
 4993   0.23932640E+02
 4994   0.87076970E+02
 4995   0.92922060E+02
 4996   0.55738480E+02
 4997   0.34290150E+02
 4998   0.22557860E+02
 4999   0.16029890E+02
 5000   0.11161370E+02
 5001   0.86366100E+01
 5002   0.70571500E+01
 5003   0.56355500E+01
 5004   0.37801000E+01
 5005   0.31734300E+01
 5006   0.25742600E+01
 5007   0.30538000E+01
 5008   0.69621910E+02
 5009   0.42790796E+03
 5010   0.22589432E+03
 5011   0.10343888E+03
 5012   0.62506110E+02
 5013   0.63292300E+02
 5014   0.49802350E+02
 5015   0.40851220E+02
 5016   0.29854040E+02
 5017   0.21140560E+02
 5018   0.14849270E+02
 5019   0.10282050E+02
 5020   0.74948200E+01
 5021   0.52683100E+01
 5022   0.39236600E+01
 5023   0.29728200E+01
 5024   0.17989400E+01
 5025   0.16231000E+01
 5026   0.12697000E+01
 5027   0.10097100E+01
 5028   0.79315000E+00
 5029   0.67412000E+00
 5030   0.56178000E+00
 5031   0.47283000E+00
 5032   0.41996000E+00
 5033   0.47992000E+00
 5034   0.34657000E+00
 5035   0.45396000E+01
 5036   0.49311840E+02
 5037   0.80738080E+02
 5038   0.67635800E+02
 5039   0.54445170E+02
 5040   0.36955590E+02
 5041   0.25516460E+02
 5042   0.18041440E+02
 5043   0.12582340E+02
 5044   0.87730500E+01
 5045   0.52501000E+01
 5046   0.39883900E+01
 5047   0.30834200E+01
 5048   0.24450000E+01
 5049   0.19894700E+01
 5050   0.16052300E+01
 5051   0.12884700E+01
 5052   0.10294300E+01
 5053   0.80200000E+00
 5054   0.66921000E+00
 5055   0.47715000E+00
 5056   0.41250000E+00
 5057   0.36535000E+00
 5058   0.32176000E+00
 5059   0.34926000E+00
 5060   0.32549000E+00
 5061   0.32641000E+00
 5062   0.32470000E+00
 5063   0.31730000E+00
 5064   0.30256000E+00
 5065   0.25309000E+00
 5066   0.20965000E+00
 5067   0.18213000E+00
 5068   0.15716000E+00
 5069   0.13745000E+00
 5070   0.11957000E+00
 5071   0.10277000E+00
 5072   0.87990000E-01
 5073   0.75560000E-01
 5074   0.65300000E-01
 5075   0.56870000E-01
 5076   0.49910000E-01
 5077   0.44130000E-01
 5078   0.39280000E-01
 5079   0.35190000E-01
 5080   0.31710000E-01
 5081   0.28720000E-01
 5082   0.26130000E-01
 5083   0.23890000E-01
 5084   0.21920000E-01
 5085   0.20190000E-01
 5086   0.18660000E-01
 5087   0.17290000E-01
 5088   0.76110000E+00
 5089   0.29592000E+00
 5090   0.32740000E+00
 5091   0.34581000E+00
 5092   0.38753000E+00
 5093   0.55799000E+00
 5094   0.73746000E+00
 5095   0.82435000E+00
 5096   0.61984000E+00
 5097   0.62461000E+00
 5098   0.54781000E+00
 5099   0.48410000E+00
 5100   0.44038000E+00
 5101   0.39700000E+00
 5102   0.34832000E+00
 5103   0.28330000E+00
 5104   0.23397000E+00
 5105   0.16730000E+00
 5106   0.11449000E+00
 5107   0.84690000E-01
 5108   0.66300000E-01
 5109   0.54000000E-01
 5110   0.45270000E-01
 5111   0.38780000E-01
 5112   0.33780000E-01
 5113   0.29810000E-01
 5114   0.26600000E-01
 5115   0.23940000E-01
 5116   0.21710000E-01
 5117   0.19810000E-01
 5118   0.18170000E-01
 5119   0.16750000E-01
 5120   0.15500000E-01
 5121   0.14400000E-01
 5122   0.22490000E-01
 5123   0.18740000E-01
 5124   0.24670000E-01
 5125   0.75920000E-01
 5126   0.34845000E+00
 5127   0.25183000E+00
 5128   0.24809000E+00
 5129   0.26244000E+00
 5130   0.42624000E+00
 5131   0.34004000E+00
 5132   0.73635000E+00
 5133   0.47858100E+01
 5134   0.91043800E+01
 5135   0.10173240E+02
 5136   0.97772800E+01
 5137   0.75608100E+01
 5138   0.57363800E+01
 5139   0.43871200E+01
 5140   0.34380100E+01
 5141   0.27263800E+01
 5142   0.22187000E+01
 5143   0.18669300E+01
 5144   0.15745100E+01
 5145   0.13210500E+01
 5146   0.12036600E+01
 5147   0.67863000E+00
 5148   0.65381000E+00
 5149   0.52363000E+00
 5150   0.45211000E+00
 5151   0.40399000E+00
 5152   0.36544000E+00
 5153   0.33878000E+00
 5154   0.30824000E+00
 5155   0.30925000E+00
 5156   0.31881000E+00
 5157   0.31669000E+00
 5158   0.32118000E+00
 5159   0.34548000E+00
 5160   0.38584000E+00
 5161   0.42138000E+00
 5162   0.44088000E+00
 5163   0.44647000E+00
 5164   0.17749600E+01
 5165   0.39194900E+01
 5166   0.18574840E+02
 5167   0.24526740E+02
 5168   0.18607630E+02
 5169   0.13669590E+02
 5170   0.12844040E+02
 5171   0.10818320E+02
 5172   0.10414950E+02
 5173   0.13008150E+02
 5174   0.13652820E+02
 5175   0.12543030E+02
 5176   0.12295780E+02
 5177   0.11560740E+02
 5178   0.90951500E+01
 5179   0.84685700E+01
 5180   0.91686100E+01
 5181   0.85101300E+01
 5182   0.94472100E+01
 5183   0.12784810E+02
 5184   0.13076570E+02
 5185   0.10860190E+02
 5186   0.82811000E+01
 5187   0.57912000E+01
 5188   0.36643500E+01
 5189   0.29652600E+01
 5190   0.24483500E+01
 5191   0.21459000E+01
 5192   0.20231200E+01
 5193   0.19264200E+01
 5194   0.17499100E+01
 5195   0.38755600E+01
 5196   0.95332100E+01
 5197   0.30672080E+02
 5198   0.44149080E+02
 5199   0.33586590E+02
 5200   0.25716930E+02
 5201   0.20172930E+02
 5202   0.16366730E+02
 5203   0.14088440E+02
 5204   0.14101380E+02
 5205   0.15184130E+02
 5206   0.23375910E+02
 5207   0.40413020E+02
 5208   0.47987170E+02
 5209   0.35311560E+02
 5210   0.24874160E+02
 5211   0.27416630E+02
 5212   0.67419660E+02
 5213   0.10889475E+03
 5214   0.11609470E+03
 5215   0.81787940E+02
 5216   0.52549620E+02
 5217   0.35032550E+02
 5218   0.24276530E+02
 5219   0.16536260E+02
 5220   0.12109570E+02
 5221   0.97005700E+01
 5222   0.80720900E+01
 5223   0.65289100E+01
 5224   0.50562400E+01
 5225   0.39581900E+01
 5226   0.31234300E+01
 5227   0.24819600E+01
 5228   0.19687000E+01
 5229   0.10419400E+01
 5230   0.10424200E+01
 5231   0.84849000E+00
 5232   0.13057100E+01
 5233   0.86283800E+01
 5234   0.51828790E+02
 5235   0.11653722E+03
 5236   0.15871183E+03
 5237   0.20911306E+03
 5238   0.10931608E+03
 5239   0.56781290E+02
 5240   0.34704990E+02
 5241   0.22981860E+02
 5242   0.15869210E+02
 5243   0.10661010E+02
 5244   0.77072800E+01
 5245   0.55135100E+01
 5246   0.41350500E+01
 5247   0.32361200E+01
 5248   0.40301800E+01
 5249   0.10704630E+02
 5250   0.43157980E+02
 5251   0.67043890E+02
 5252   0.42860020E+02
 5253   0.28408050E+02
 5254   0.19740030E+02
 5255   0.14014890E+02
 5256   0.10189590E+02
 5257   0.83719900E+01
 5258   0.10277650E+02
 5259   0.52037590E+02
 5260   0.56099120E+02
 5261   0.67390830E+02
 5262   0.75706820E+02
 5263   0.70931330E+02
 5264   0.56224000E+02
 5265   0.46221570E+02
 5266   0.39154110E+02
 5267   0.39353130E+02
 5268   0.33337400E+02
 5269   0.31662530E+02
 5270   0.29155380E+02
 5271   0.25571020E+02
 5272   0.20399910E+02
 5273   0.16810490E+02
 5274   0.16018270E+02
 5275   0.16774660E+02
 5276   0.23829170E+02
 5277   0.58457290E+02
 5278   0.99197360E+02
 5279   0.65887870E+02
 5280   0.41429450E+02
 5281   0.28426890E+02
 5282   0.19974510E+02
 5283   0.14189970E+02
 5284   0.10393890E+02
 5285   0.80501600E+01
 5286   0.73719000E+01
 5287   0.61937500E+01
 5288   0.66642000E+01
 5289   0.83886400E+01
 5290   0.25787880E+02
 5291   0.10551634E+03
 5292   0.88953960E+02
 5293   0.52456500E+02
 5294   0.32941120E+02
 5295   0.22107950E+02
 5296   0.15472680E+02
 5297   0.11066430E+02
 5298   0.84347900E+01
 5299   0.67633000E+01
 5300   0.59091300E+01
 5301   0.71354600E+01
 5302   0.10969960E+02
 5303   0.66942020E+02
 5304   0.12360138E+03
 5305   0.10258689E+03
 5306   0.62027760E+02
 5307   0.38540740E+02
 5308   0.25368080E+02
 5309   0.17739570E+02
 5310   0.15596030E+02
 5311   0.11041700E+02
 5312   0.96459200E+01
 5313   0.81583900E+01
 5314   0.64597300E+01
 5315   0.50405600E+01
 5316   0.72283800E+01
 5317   0.10897740E+02
 5318   0.60811820E+02
 5319   0.13861680E+03
 5320   0.13311879E+03
 5321   0.23005143E+03
 5322   0.16148290E+03
 5323   0.93097420E+02
 5324   0.52853800E+02
 5325   0.33589300E+02
 5326   0.28435720E+02
 5327   0.22761350E+02
 5328   0.18240430E+02
 5329   0.14923420E+02
 5330   0.12017980E+02
 5331   0.89818500E+01
 5332   0.59694700E+01
 5333   0.47562300E+01
 5334   0.41096100E+01
 5335   0.56086500E+01
 5336   0.77414200E+01
 5337   0.80072400E+01
 5338   0.10331920E+02
 5339   0.14058570E+02
 5340   0.13006440E+02
 5341   0.10407980E+02
 5342   0.69564200E+01
 5343   0.46428000E+01
 5344   0.33780300E+01
 5345   0.25351100E+01
 5346   0.20051800E+01
 5347   0.16315300E+01
 5348   0.13750500E+01
 5349   0.23228900E+01
 5350   0.22909600E+01
 5351   0.27723600E+01
 5352   0.95838500E+01
 5353   0.15020220E+02
 5354   0.12773130E+02
 5355   0.98243000E+01
 5356   0.79086100E+01
 5357   0.80855600E+01
 5358   0.76875400E+01
 5359   0.76134800E+01
 5360   0.91284900E+01
 5361   0.13782080E+02
 5362   0.15797200E+02
 5363   0.18913000E+02
 5364   0.18461850E+02
 5365   0.14883980E+02
 5366   0.10883080E+02
 5367   0.80502000E+01
 5368   0.57288100E+01
 5369   0.42739600E+01
 5370   0.32623100E+01
 5371   0.24947900E+01
 5372   0.19577300E+01
 5373   0.10640400E+01
 5374   0.99843000E+00
 5375   0.78667000E+00
 5376   0.67442000E+00
 5377   0.57094000E+00
 5378   0.22962000E+01
 5379   0.65888200E+01
 5380   0.26711800E+02
 5381   0.31428860E+02
 5382   0.23795720E+02
 5383   0.16167680E+02
 5384   0.11084340E+02
 5385   0.79717300E+01
 5386   0.56143500E+01
 5387   0.41696100E+01
 5388   0.31905300E+01
 5389   0.25003500E+01
 5390   0.20820700E+01
 5391   0.16630500E+01
 5392   0.12921500E+01
 5393   0.75614000E+00
 5394   0.73470000E+00
 5395   0.62739000E+00
 5396   0.51038000E+00
 5397   0.45138000E+00
 5398   0.40673000E+00
 5399   0.36946000E+00
 5400   0.33373000E+00
 5401   0.28971000E+00
 5402   0.25720000E+00
 5403   0.21320000E+00
 5404   0.17386000E+00
 5405   0.14439000E+00
 5406   0.12167000E+00
 5407   0.10283000E+00
 5408   0.87000000E-01
 5409   0.73990000E-01
 5410   0.63430000E-01
 5411   0.54860000E-01
 5412   0.51230000E-01
 5413   0.42900000E-01
 5414   0.41450000E-01
 5415   0.10034000E+00
 5416   0.18572000E+00
 5417   0.22223000E+00
 5418   0.23125000E+00
 5419   0.23340000E+00
 5420   0.23632000E+00
 5421   0.23341000E+00
 5422   0.22510000E+00
 5423   0.19979000E+00
 5424   0.15315000E+00
 5425   0.11676000E+00
 5426   0.92060000E-01
 5427   0.74760000E-01
 5428   0.62180000E-01
 5429   0.52730000E-01
 5430   0.45430000E-01
 5431   0.39650000E-01
 5432   0.34990000E-01
 5433   0.31170000E-01
 5434   0.28000000E-01
 5435   0.25320000E-01
 5436   0.23040000E-01
 5437   0.21070000E-01
 5438   0.19360000E-01
 5439   0.17860000E-01
 5440   0.16540000E-01
 5441   0.15370000E-01
 5442   0.14320000E-01
 5443   0.13380000E-01
 5444   0.12540000E-01
 5445   0.11770000E-01
 5446   0.11070000E-01
 5447   0.10440000E-01
 5448   0.98600000E-02
 5449   0.93300000E-02
 5450   0.88400000E-02
 5451   0.83900000E-02
 5452   0.40811000E+00
 5453   0.27321000E+00
 5454   0.32328000E+00
 5455   0.32183000E+00
 5456   0.34348000E+00
 5457   0.41533000E+00
 5458   0.51405000E+00
 5459   0.59865000E+00
 5460   0.60132000E+00
 5461   0.56221000E+00
 5462   0.52599000E+00
 5463   0.48100000E+00
 5464   0.43917000E+00
 5465   0.34412000E+00
 5466   0.27511000E+00
 5467   0.23704000E+00
 5468   0.19239000E+00
 5469   0.14310000E+00
 5470   0.63746000E+00
 5471   0.10196900E+01
 5472   0.20696400E+01
 5473   0.63662400E+01
 5474   0.10702040E+02
 5475   0.96278300E+01
 5476   0.79366200E+01
 5477   0.56730300E+01
 5478   0.42678000E+01
 5479   0.33256000E+01
 5480   0.26497500E+01
 5481   0.21713400E+01
 5482   0.18094700E+01
 5483   0.15136400E+01
 5484   0.12577700E+01
 5485   0.71223000E+00
 5486   0.70218000E+00
 5487   0.58396000E+00
 5488   0.47530000E+00
 5489   0.42689000E+00
 5490   0.38630000E+00
 5491   0.34904000E+00
 5492   0.30827000E+00
 5493   0.27069000E+00
 5494   0.24499000E+00
 5495   0.21844000E+00
 5496   0.18640000E+00
 5497   0.15261000E+00
 5498   0.12530000E+00
 5499   0.10350000E+00
 5500   0.86300000E-01
 5501   0.72780000E-01
 5502   0.62100000E-01
 5503   0.53570000E-01
 5504   0.74866000E+00
 5505   0.32569000E+00
 5506   0.33097000E+00
 5507   0.40273000E+00
 5508   0.83988000E+00
 5509   0.14668200E+01
 5510   0.17818800E+01
 5511   0.17003300E+01
 5512   0.14950300E+01
 5513   0.12757100E+01
 5514   0.10906300E+01
 5515   0.92063000E+00
 5516   0.59909000E+00
 5517   0.52048000E+00
 5518   0.45060000E+00
 5519   0.39628000E+00
 5520   0.36344000E+00
 5521   0.32889000E+00
 5522   0.32749000E+00
 5523   0.39479000E+00
 5524   0.79975000E+00
 5525   0.13053900E+01
 5526   0.99545000E+00
 5527   0.11665100E+01
 5528   0.10578400E+01
 5529   0.93381000E+00
 5530   0.80612000E+00
 5531   0.72807000E+00
 5532   0.65776000E+00
 5533   0.53196000E+00
 5534   0.45440000E+00
 5535   0.58543000E+00
 5536   0.72796000E+00
 5537   0.50414000E+00
 5538   0.51302000E+00
 5539   0.76238000E+00
 5540   0.15675700E+01
 5541   0.22924200E+01
 5542   0.22938700E+01
 5543   0.19696700E+01
 5544   0.16061200E+01
 5545   0.13162600E+01
 5546   0.10097700E+01
 5547   0.63721000E+00
 5548   0.59439000E+00
 5549   0.48543000E+00
 5550   0.42718000E+00
 5551   0.37611000E+00
 5552   0.32927000E+00
 5553   0.26618000E+00
 5554   0.22226000E+00
 5555   0.16149000E+00
 5556   0.13230000E+00
 5557   0.93740000E-01
 5558   0.80750000E-01
 5559   0.12455000E+00
 5560   0.18268000E+00
 5561   0.20568000E+00
 5562   0.22512000E+00
 5563   0.22996000E+00
 5564   0.23025000E+00
 5565   0.22871000E+00
 5566   0.28282000E+00
 5567   0.23095000E+00
 5568   0.21983000E+00
 5569   0.13199300E+01
 5570   0.28616200E+01
 5571   0.77317600E+01
 5572   0.22937770E+02
 5573   0.23109460E+02
 5574   0.18149090E+02
 5575   0.13954280E+02
 5576   0.10210420E+02
 5577   0.73129200E+01
 5578   0.44796900E+01
 5579   0.36347800E+01
 5580   0.29087500E+01
 5581   0.23518400E+01
 5582   0.22030800E+01
 5583   0.25452200E+01
 5584   0.29094700E+01
 5585   0.52350500E+01
 5586   0.93007200E+01
 5587   0.15630580E+02
 5588   0.15785310E+02
 5589   0.13148770E+02
 5590   0.99948200E+01
 5591   0.11622820E+02
 5592   0.12129870E+02
 5593   0.13161870E+02
 5594   0.16481420E+02
 5595   0.19484870E+02
 5596   0.19808310E+02
 5597   0.16162960E+02
 5598   0.13734310E+02
 5599   0.12234770E+02
 5600   0.10926060E+02
 5601   0.10096690E+02
 5602   0.10399900E+02
 5603   0.10383840E+02
 5604   0.89594800E+01
 5605   0.77033800E+01
 5606   0.74487600E+01
 5607   0.69168200E+01
 5608   0.46118400E+01
 5609   0.37002800E+01
 5610   0.29060400E+01
 5611   0.21952500E+01
 5612   0.18150400E+01
 5613   0.14780800E+01
 5614   0.11980400E+01
 5615   0.10377900E+01
 5616   0.83212000E+00
 5617   0.67832000E+00
 5618   0.80742000E+00
 5619   0.51085000E+00
 5620   0.22405100E+01
 5621   0.14831600E+01
 5622   0.19099500E+01
 5623   0.36307600E+01
 5624   0.18277240E+02
 5625   0.29890680E+02
 5626   0.26215070E+02
 5627   0.20124780E+02
 5628   0.15016010E+02
 5629   0.11458830E+02
 5630   0.11432910E+02
 5631   0.99844300E+01
 5632   0.10382510E+02
 5633   0.15355640E+02
 5634   0.34968600E+02
 5635   0.31023660E+02
 5636   0.22677580E+02
 5637   0.23617820E+02
 5638   0.22448200E+02
 5639   0.22887830E+02
 5640   0.23669000E+02
 5641   0.19990510E+02
 5642   0.16383610E+02
 5643   0.13337950E+02
 5644   0.20412910E+02
 5645   0.88013650E+02
 5646   0.66160800E+02
 5647   0.42219490E+02
 5648   0.29211050E+02
 5649   0.19931850E+02
 5650   0.15746130E+02
 5651   0.12834030E+02
 5652   0.10073900E+02
 5653   0.72970300E+01
 5654   0.50198700E+01
 5655   0.36981000E+01
 5656   0.28038700E+01
 5657   0.21797100E+01
 5658   0.22424600E+01
 5659   0.24122900E+01
 5660   0.21076400E+01
 5661   0.13702810E+02
 5662   0.28350100E+02
 5663   0.83257700E+02
 5664   0.12459969E+03
 5665   0.13007167E+03
 5666   0.12199623E+03
 5667   0.88631380E+02
 5668   0.59836820E+02
 5669   0.52510880E+02
 5670   0.98744120E+02
 5671   0.14058465E+03
 5672   0.11090456E+03
 5673   0.73635160E+02
 5674   0.50302380E+02
 5675   0.38032420E+02
 5676   0.32023590E+02
 5677   0.29512460E+02
 5678   0.26053490E+02
 5679   0.21246550E+02
 5680   0.15336000E+02
 5681   0.11428290E+02
 5682   0.85627100E+01
 5683   0.63234500E+01
 5684   0.48921000E+01
 5685   0.42116300E+01
 5686   0.41691400E+01
 5687   0.48129400E+01
 5688   0.62341200E+01
 5689   0.68609700E+01
 5690   0.81890900E+01
 5691   0.17128010E+02
 5692   0.14127039E+03
 5693   0.12127245E+03
 5694   0.73398910E+02
 5695   0.44657600E+02
 5696   0.28820300E+02
 5697   0.20183360E+02
 5698   0.15899640E+02
 5699   0.22056580E+02
 5700   0.10817713E+03
 5701   0.16791545E+03
 5702   0.15258053E+03
 5703   0.10829465E+03
 5704   0.72896370E+02
 5705   0.76864720E+02
 5706   0.15790689E+03
 5707   0.10450838E+03
 5708   0.57439260E+02
 5709   0.34884190E+02
 5710   0.23844320E+02
 5711   0.16034290E+02
 5712   0.10651310E+02
 5713   0.77611300E+01
 5714   0.56602900E+01
 5715   0.43264100E+01
 5716   0.33116500E+01
 5717   0.27002800E+01
 5718   0.23687000E+01
 5719   0.20019000E+01
 5720   0.17013200E+01
 5721   0.10259200E+01
 5722   0.10089300E+01
 5723   0.81652000E+00
 5724   0.71632000E+00
 5725   0.67853000E+00
 5726   0.64925000E+00
 5727   0.15682500E+01
 5728   0.14741300E+01
 5729   0.39088300E+01
 5730   0.55009100E+01
 5731   0.45732800E+01
 5732   0.36514700E+01
 5733   0.26738700E+01
 5734   0.19579700E+01
 5735   0.14758500E+01
 5736   0.11372800E+01
 5737   0.89028000E+00
 5738   0.72422000E+00
 5739   0.62006000E+00
 5740   0.48040000E+00
 5741   0.40901000E+00
 5742   0.30193000E+00
 5743   0.34170100E+01
 5744   0.10576470E+02
 5745   0.12423757E+03
 5746   0.99894340E+02
 5747   0.57653380E+02
 5748   0.35714090E+02
 5749   0.23631520E+02
 5750   0.16315460E+02
 5751   0.11025870E+02
 5752   0.71631600E+01
 5753   0.50785000E+01
 5754   0.38147900E+01
 5755   0.29552200E+01
 5756   0.23048600E+01
 5757   0.18572100E+01
 5758   0.33130100E+01
 5759   0.22053400E+01
 5760   0.18495600E+01
 5761   0.14519200E+01
 5762   0.77872000E+00
 5763   0.74236000E+00
 5764   0.63567000E+00
 5765   0.54014000E+00
 5766   0.47935000E+00
 5767   0.42764000E+00
 5768   0.37825000E+00
 5769   0.33428000E+00
 5770   0.28406000E+00
 5771   0.24913000E+00
 5772   0.20352000E+00
 5773   0.16432000E+00
 5774   0.13508000E+00
 5775   0.11196000E+00
 5776   0.93660000E-01
 5777   0.79240000E-01
 5778   0.67840000E-01
 5779   0.58820000E-01
 5780   0.52750000E-01
 5781   0.51840000E-01
 5782   0.53590000E-01
 5783   0.53800000E-01
 5784   0.51740000E-01
 5785   0.48320000E-01
 5786   0.44400000E-01
 5787   0.40490000E-01
 5788   0.36810000E-01
 5789   0.33470000E-01
 5790   0.30470000E-01
 5791   0.27810000E-01
 5792   0.25450000E-01
 5793   0.23360000E-01
 5794   0.21500000E-01
 5795   0.19850000E-01
 5796   0.18370000E-01
 5797   0.17050000E-01
 5798   0.15870000E-01
 5799   0.14800000E-01
 5800   0.13840000E-01
 5801   0.12970000E-01
 5802   0.12180000E-01
 5803   0.43126000E+00
 5804   0.62861000E+00
 5805   0.70885000E+00
 5806   0.73476000E+00
 5807   0.67127000E+00
 5808   0.55825000E+00
 5809   0.46576000E+00
 5810   0.41409000E+00
 5811   0.36760000E+00
 5812   0.32027000E+00
 5813   0.24197000E+00
 5814   0.17260000E+00
 5815   0.12749000E+00
 5816   0.99430000E-01
 5817   0.80520000E-01
 5818   0.66980000E-01
 5819   0.56840000E-01
 5820   0.48990000E-01
 5821   0.42760000E-01
 5822   0.37710000E-01
 5823   0.33550000E-01
 5824   0.30060000E-01
 5825   0.27120000E-01
 5826   0.24600000E-01
 5827   0.22430000E-01
 5828   0.22087000E+00
 5829   0.11443000E+00
 5830   0.19979000E+00
 5831   0.22202000E+00
 5832   0.22957000E+00
 5833   0.23070000E+00
 5834   0.22326000E+00
 5835   0.20014000E+00
 5836   0.17434000E+00
 5837   0.14160000E+00
 5838   0.14326000E+00
 5839   0.13512000E+00
 5840   0.11497000E+00
 5841   0.10264000E+00
 5842   0.10892000E+00
 5843   0.10960000E+00
 5844   0.10076000E+00
 5845   0.88780000E-01
 5846   0.77140000E-01
 5847   0.66920000E-01
 5848   0.59490000E-01
 5849   0.52430000E-01
 5850   0.46610000E-01
 5851   0.41540000E-01
 5852   0.37140000E-01
 5853   0.33350000E-01
 5854   0.30110000E-01
 5855   0.28000000E-01
 5856   0.48390000E-01
 5857   0.73180000E-01
 5858   0.14625000E+00
 5859   0.18782000E+00
 5860   0.20538000E+00
 5861   0.21791000E+00
 5862   0.21796000E+00
 5863   0.20339000E+00
 5864   0.17222000E+00
 5865   0.13447000E+00
 5866   0.10784000E+00
 5867   0.88770000E-01
 5868   0.74880000E-01
 5869   0.19702700E+01
 5870   0.94769000E+00
 5871   0.46003200E+01
 5872   0.19966010E+02
 5873   0.26170080E+02
 5874   0.24037690E+02
 5875   0.18727440E+02
 5876   0.16066910E+02
 5877   0.14547480E+02
 5878   0.12231580E+02
 5879   0.95943900E+01
 5880   0.71924400E+01
 5881   0.62486400E+01
 5882   0.71519800E+01
 5883   0.12931620E+02
 5884   0.31595580E+02
 5885   0.39195000E+02
 5886   0.29300880E+02
 5887   0.20983610E+02
 5888   0.14979420E+02
 5889   0.10629660E+02
 5890   0.77721100E+01
 5891   0.91802800E+01
 5892   0.11616240E+02
 5893   0.27107990E+02
 5894   0.52551230E+02
 5895   0.56506830E+02
 5896   0.81377790E+02
 5897   0.64212190E+02
 5898   0.43764920E+02
 5899   0.32745190E+02
 5900   0.24901810E+02
 5901   0.18974160E+02
 5902   0.14373010E+02
 5903   0.11120620E+02
 5904   0.84606400E+01
 5905   0.12929860E+02
 5906   0.15286800E+02
 5907   0.21229250E+02
 5908   0.31761150E+02
 5909   0.25570970E+02
 5910   0.18834180E+02
 5911   0.15177340E+02
 5912   0.33945120E+02
 5913   0.17343983E+03
 5914   0.13050647E+03
 5915   0.71612170E+02
 5916   0.43967950E+02
 5917   0.32865350E+02
 5918   0.32890260E+02
 5919   0.31572810E+02
 5920   0.24507130E+02
 5921   0.18276250E+02
 5922   0.13450100E+02
 5923   0.99444300E+01
 5924   0.72636000E+01
 5925   0.52819700E+01
 5926   0.31629300E+01
 5927   0.26196800E+01
 5928   0.21152900E+01
 5929   0.17606500E+01
 5930   0.14839900E+01
 5931   0.12355200E+01
 5932   0.99517000E+00
 5933   0.89178000E+00
 5934   0.75649000E+00
 5935   0.68230000E+00
 5936   0.50309000E+00
 5937   0.91801000E+00
 5938   0.14517200E+01
 5939   0.16605800E+01
 5940   0.22306000E+01
 5941   0.36322900E+01
 5942   0.46599400E+01
 5943   0.59652200E+01
 5944   0.77339500E+01
 5945   0.83925400E+01
 5946   0.80044600E+01
 5947   0.87625700E+01
 5948   0.11981250E+02
 5949   0.27029850E+02
 5950   0.43296510E+02
 5951   0.48451070E+02
 5952   0.99494560E+02
 5953   0.20874621E+03
 5954   0.41571097E+03
 5955   0.24075126E+03
 5956   0.11377122E+03
 5957   0.67571830E+02
 5958   0.50620140E+02
 5959   0.65294560E+02
 5960   0.27594286E+03
 5961   0.16663278E+03
 5962   0.20323495E+03
 5963   0.20053986E+03
 5964   0.10047467E+03
 5965   0.55087540E+02
 5966   0.34324670E+02
 5967   0.25126940E+02
 5968   0.20392970E+02
 5969   0.19825970E+02
 5970   0.22757750E+02
 5971   0.21150060E+02
 5972   0.16962750E+02
 5973   0.13371950E+02
 5974   0.12857680E+02
 5975   0.11717220E+02
 5976   0.13773630E+02
 5977   0.16338140E+02
 5978   0.15331530E+02
 5979   0.17324090E+02
 5980   0.22468860E+02
 5981   0.24248800E+02
 5982   0.31290330E+02
 5983   0.31965930E+02
 5984   0.36859740E+02
 5985   0.42147240E+02
 5986   0.44063080E+02
 5987   0.47671180E+02
 5988   0.10158087E+03
 5989   0.25463873E+03
 5990   0.34897067E+03
 5991   0.40297102E+03
 5992   0.28530508E+03
 5993   0.12628708E+03
 5994   0.65381000E+02
 5995   0.39415740E+02
 5996   0.26077880E+02
 5997   0.19376810E+02
 5998   0.17146210E+02
 5999   0.10319857E+03
 6000   0.11508001E+03
 6001   0.66763410E+02
 6002   0.40931600E+02
 6003   0.26744870E+02
 6004   0.18425630E+02
 6005   0.12694970E+02
 6006   0.89502000E+01
 6007   0.63776600E+01
 6008   0.38523200E+01
 6009   0.31677400E+01
 6010   0.25242700E+01
 6011   0.20429700E+01
 6012   0.16920000E+01
 6013   0.14449300E+01
 6014   0.12236500E+01
 6015   0.10159800E+01
 6016   0.26210300E+01
 6017   0.73990700E+01
 6018   0.93460440E+02
 6019   0.14394833E+03
 6020   0.15708914E+03
 6021   0.10592647E+03
 6022   0.66192720E+02
 6023   0.45714800E+02
 6024   0.12448533E+03
 6025   0.20431640E+03
 6026   0.43804515E+03
 6027   0.48645439E+03
 6028   0.39702134E+03
 6029   0.69593053E+03
 6030   0.46883311E+03
 6031   0.40177456E+03
 6032   0.40100898E+03
 6033   0.19430006E+03
 6034   0.10985332E+03
 6035   0.75552140E+02
 6036   0.53153480E+02
 6037   0.40015970E+02
 6038   0.36988040E+02
 6039   0.36574520E+02
 6040   0.44897270E+02
 6041   0.52148080E+02
 6042   0.63866060E+02
 6043   0.17636586E+03
 6044   0.20563913E+03
 6045   0.16041001E+03
 6046   0.15338205E+03
 6047   0.22051078E+03
 6048   0.19316443E+03
 6049   0.20806306E+03
 6050   0.18310040E+03
 6051   0.27431306E+03
 6052   0.60496084E+03
 6053   0.54017306E+03
 6054   0.37075433E+03
 6055   0.35332057E+03
 6056   0.27674614E+03
 6057   0.14157709E+03
 6058   0.91337200E+02
 6059   0.76301050E+02
 6060   0.80095150E+02
 6061   0.66120230E+02
 6062   0.45076740E+02
 6063   0.30482230E+02
 6064   0.21120860E+02
 6065   0.14936560E+02
 6066   0.10272920E+02
 6067   0.73475000E+01
 6068   0.51382700E+01
 6069   0.37747500E+01
 6070   0.24310000E+01
 6071   0.19979100E+01
 6072   0.16058100E+01
 6073   0.13053400E+01
 6074   0.10498300E+01
 6075   0.83775000E+00
 6076   0.69824000E+00
 6077   0.58051000E+00
 6078   0.47292000E+00
 6079   0.41081000E+00
 6080   0.32346000E+00
 6081   0.26873000E+00
 6082   0.23755000E+00
 6083   0.20643000E+00
 6084   0.17575000E+00
 6085   0.14896000E+00
 6086   0.12570000E+00
 6087   0.10537000E+00
 6088   0.88530000E-01
 6089   0.74970000E-01
 6090   0.64100000E-01
 6091   0.55360000E-01
 6092   0.48260000E-01
 6093   0.42440000E-01
 6094   0.37620000E-01
 6095   0.33580000E-01
 6096   0.48569000E+00
 6097   0.32448700E+01
 6098   0.69826200E+01
 6099   0.22557220E+02
 6100   0.23699530E+02
 6101   0.18700290E+02
 6102   0.13959230E+02
 6103   0.10126180E+02
 6104   0.74629100E+01
 6105   0.51729500E+01
 6106   0.37773800E+01
 6107   0.28432800E+01
 6108   0.22399800E+01
 6109   0.17593600E+01
 6110   0.13181800E+01
 6111   0.76714000E+00
 6112   0.73387000E+00
 6113   0.61696000E+00
 6114   0.50213000E+00
 6115   0.44750000E+00
 6116   0.92226000E+00
 6117   0.21497900E+01
 6118   0.45691200E+01
 6119   0.14699460E+02
 6120   0.19054320E+02
 6121   0.14595130E+02
 6122   0.10752520E+02
 6123   0.75907000E+01
 6124   0.50727500E+01
 6125   0.37395200E+01
 6126   0.28719700E+01
 6127   0.22671300E+01
 6128   0.17803500E+01
 6129   0.14507000E+01
 6130   0.11444700E+01
 6131   0.68243000E+00
 6132   0.61455000E+00
 6133   0.69404000E+00
 6134   0.15535200E+01
 6135   0.18333500E+01
 6136   0.18921000E+01
 6137   0.15581500E+01
 6138   0.12890700E+01
 6139   0.13112700E+01
 6140   0.13553200E+01
 6141   0.90321000E+00
 6142   0.98525000E+00
 6143   0.87325000E+00
 6144   0.74231000E+00
 6145   0.10759570E+02
 6146   0.15852720E+02
 6147   0.27125720E+02
 6148   0.26768620E+02
 6149   0.19196830E+02
 6150   0.13189090E+02
 6151   0.93204200E+01
 6152   0.51658300E+01
 6153   0.35744300E+01
 6154   0.25738500E+01
 6155   0.19510200E+01
 6156   0.12433660E+02
 6157   0.16933250E+02
 6158   0.36964490E+02
 6159   0.29948280E+02
 6160   0.21190920E+02
 6161   0.14859410E+02
 6162   0.94426500E+01
 6163   0.64110700E+01
 6164   0.45883400E+01
 6165   0.34594500E+01
 6166   0.26910100E+01
 6167   0.21367700E+01
 6168   0.17069700E+01
 6169   0.13630500E+01
 6170   0.57951700E+01
 6171   0.58281200E+01
 6172   0.47406200E+01
 6173   0.75235700E+01
 6174   0.10046390E+02
 6175   0.87030400E+01
 6176   0.63089500E+01
 6177   0.42478000E+01
 6178   0.30513200E+01
 6179   0.22927200E+01
 6180   0.17688300E+01
 6181   0.14118900E+01
 6182   0.77017000E+00
 6183   0.76645000E+00
 6184   0.67435000E+00
 6185   0.51887000E+00
 6186   0.44331000E+00
 6187   0.38645000E+00
 6188   0.34268000E+00
 6189   0.30581000E+00
 6190   0.27602000E+00
 6191   0.24962000E+00
 6192   0.22175000E+00
 6193   0.18465000E+00
 6194   0.14678000E+00
 6195   0.12014000E+00
 6196   0.10105000E+00
 6197   0.87350000E-01
 6198   0.78680000E-01
 6199   0.73380000E-01
 6200   0.68900000E-01
 6201   0.64000000E-01
 6202   0.58710000E-01
 6203   0.53400000E-01
 6204   0.48350000E-01
 6205   0.43720000E-01
 6206   0.39550000E-01
 6207   0.55354000E+00
 6208   0.26553000E+00
 6209   0.31699000E+00
 6210   0.34391000E+00
 6211   0.42692000E+00
 6212   0.64622000E+00
 6213   0.58775000E+00
 6214   0.67417000E+00
 6215   0.96602000E+00
 6216   0.12063900E+01
 6217   0.13349400E+01
 6218   0.13591900E+01
 6219   0.16364000E+01
 6220   0.19936600E+01
 6221   0.20615700E+01
 6222   0.18543400E+01
 6223   0.10040600E+01
 6224   0.10175800E+01
 6225   0.83253000E+00
 6226   0.12571400E+01
 6227   0.15683000E+01
 6228   0.37235800E+01
 6229   0.21681410E+02
 6230   0.26447510E+02
 6231   0.22820320E+02
 6232   0.19745690E+02
 6233   0.15865480E+02
 6234   0.12116150E+02
 6235   0.12323400E+02
 6236   0.16222070E+02
 6237   0.26037370E+02
 6238   0.22839100E+02
 6239   0.17216570E+02
 6240   0.12443370E+02
 6241   0.88685500E+01
 6242   0.61860600E+01
 6243   0.45809900E+01
 6244   0.29917600E+01
 6245   0.24987500E+01
 6246   0.20344700E+01
 6247   0.16998700E+01
 6248   0.25157100E+01
 6249   0.22753900E+01
 6250   0.30576700E+01
 6251   0.69415900E+01
 6252   0.11738020E+02
 6253   0.11801150E+02
 6254   0.97535700E+01
 6255   0.93809800E+01
 6256   0.87558600E+01
 6257   0.73747600E+01
 6258   0.55337300E+01
 6259   0.44287900E+01
 6260   0.34034100E+01
 6261   0.27055600E+01
 6262   0.21982300E+01
 6263   0.26301300E+01
 6264   0.13755600E+01
 6265   0.14141700E+01
 6266   0.13813000E+01
 6267   0.18475000E+01
 6268   0.23729500E+01
 6269   0.24735700E+01
 6270   0.42368500E+01
 6271   0.79671300E+01
 6272   0.15576050E+02
 6273   0.31783380E+02
 6274   0.31461710E+02
 6275   0.25072010E+02
 6276   0.20973350E+02
 6277   0.20357040E+02
 6278   0.23623620E+02
 6279   0.24333030E+02
 6280   0.21661080E+02
 6281   0.17869540E+02
 6282   0.13795550E+02
 6283   0.10359300E+02
 6284   0.83330000E+01
 6285   0.11174570E+02
 6286   0.48381420E+02
 6287   0.13938275E+03
 6288   0.77596960E+02
 6289   0.45924130E+02
 6290   0.29888590E+02
 6291   0.24137440E+02
 6292   0.25713120E+02
 6293   0.29578330E+02
 6294   0.46462990E+02
 6295   0.41653800E+02
 6296   0.39738130E+02
 6297   0.32888500E+02
 6298   0.23908930E+02
 6299   0.17188460E+02
 6300   0.12244960E+02
 6301   0.87665300E+01
 6302   0.63595700E+01
 6303   0.47045600E+01
 6304   0.36528800E+01
 6305   0.21858800E+01
 6306   0.19248500E+01
 6307   0.15661900E+01
 6308   0.13418000E+01
 6309   0.11187800E+01
 6310   0.93311000E+00
 6311   0.76381000E+00
 6312   0.65509000E+00
 6313   0.13287300E+01
 6314   0.74220000E+00
 6315   0.98297000E+00
 6316   0.21387300E+01
 6317   0.61781800E+01
 6318   0.68415100E+01
 6319   0.57086600E+01
 6320   0.74728800E+01
 6321   0.80779900E+01
 6322   0.10221970E+02
 6323   0.18879860E+02
 6324   0.28328180E+02
 6325   0.54604430E+02
 6326   0.63882110E+02
 6327   0.51472270E+02
 6328   0.35234950E+02
 6329   0.24018900E+02
 6330   0.16821270E+02
 6331   0.15791050E+02
 6332   0.18598280E+02
 6333   0.32840240E+02
 6334   0.40277450E+02
 6335   0.31063050E+02
 6336   0.21817510E+02
 6337   0.19033200E+02
 6338   0.16909440E+02
 6339   0.13495890E+02
 6340   0.10327020E+02
 6341   0.76390300E+01
 6342   0.55954300E+01
 6343   0.14579580E+02
 6344   0.14413147E+03
 6345   0.13963977E+03
 6346   0.16092617E+03
 6347   0.21166985E+03
 6348   0.13218063E+03
 6349   0.73183400E+02
 6350   0.55710430E+02
 6351   0.59407830E+02
 6352   0.51072950E+02
 6353   0.34677510E+02
 6354   0.23594870E+02
 6355   0.16508610E+02
 6356   0.14893780E+02
 6357   0.10682110E+02
 6358   0.84116100E+01
 6359   0.17526480E+02
 6360   0.13220421E+03
 6361   0.17611216E+03
 6362   0.89261050E+02
 6363   0.50183720E+02
 6364   0.31381370E+02
 6365   0.21138840E+02
 6366   0.14679400E+02
 6367   0.94179200E+01
 6368   0.70260500E+01
 6369   0.63665400E+01
 6370   0.92610700E+01
 6371   0.10965951E+03
 6372   0.18760726E+03
 6373   0.14662061E+03
 6374   0.22734351E+03
 6375   0.23375673E+03
 6376   0.26692287E+03
 6377   0.21653919E+03
 6378   0.15410456E+03
 6379   0.17132319E+03
 6380   0.14170785E+03
 6381   0.23331539E+03
 6382   0.20496373E+03
 6383   0.33346349E+03
 6384   0.39154420E+03
 6385   0.24287905E+03
 6386   0.17484520E+03
 6387   0.12232454E+03
 6388   0.82881770E+02
 6389   0.56294800E+02
 6390   0.39257870E+02
 6391   0.26562360E+02
 6392   0.19401060E+02
 6393   0.14321270E+02
 6394   0.14443850E+02
 6395   0.37315400E+02
 6396   0.86561910E+02
 6397   0.56731720E+02
 6398   0.33863670E+02
 6399   0.22304080E+02
 6400   0.24561730E+02
 6401   0.21766922E+03
 6402   0.19766266E+03
 6403   0.97581760E+02
 6404   0.54038580E+02
 6405   0.33315370E+02
 6406   0.22085180E+02
 6407   0.17093170E+02
 6408   0.12430440E+02
 6409   0.11341090E+02
 6410   0.89113900E+01
 6411   0.81987700E+01
 6412   0.79923300E+01
 6413   0.71460500E+01
 6414   0.84138100E+01
 6415   0.10032730E+02
 6416   0.24385090E+02
 6417   0.81809990E+02
 6418   0.68192710E+02
 6419   0.48708490E+02
 6420   0.37181030E+02
 6421   0.31984930E+02
 6422   0.34882800E+02
 6423   0.78358540E+02
 6424   0.29089225E+03
 6425   0.20603058E+03
 6426   0.12087559E+03
 6427   0.10048945E+03
 6428   0.13800921E+03
 6429   0.29610832E+03
 6430   0.35401033E+03
 6431   0.37654287E+03
 6432   0.27273402E+03
 6433   0.30334627E+03
 6434   0.17627214E+03
 6435   0.95262890E+02
 6436   0.53497600E+02
 6437   0.33245440E+02
 6438   0.21706100E+02
 6439   0.13858500E+02
 6440   0.96742300E+01
 6441   0.70818600E+01
 6442   0.52767200E+01
 6443   0.45797400E+01
 6444   0.71567600E+01
 6445   0.90983600E+01
 6446   0.18425810E+02
 6447   0.31186810E+02
 6448   0.27136420E+02
 6449   0.20170760E+02
 6450   0.15003160E+02
 6451   0.11217640E+02
 6452   0.12729040E+02
 6453   0.27540320E+02
 6454   0.56217890E+02
 6455   0.63372120E+02
 6456   0.48260840E+02
 6457   0.43320360E+02
 6458   0.71031030E+02
 6459   0.10866181E+03
 6460   0.10911488E+03
 6461   0.69894320E+02
 6462   0.43459860E+02
 6463   0.28293230E+02
 6464   0.19279320E+02
 6465   0.13156550E+02
 6466   0.89989900E+01
 6467   0.62714100E+01
 6468   0.44272300E+01
 6469   0.27636700E+01
 6470   0.23703500E+01
 6471   0.18858800E+01
 6472   0.15227000E+01
 6473   0.14364800E+01
 6474   0.29646700E+01
 6475   0.23586800E+01
 6476   0.24356800E+01
 6477   0.67680200E+01
 6478   0.98679900E+01
 6479   0.10738850E+02
 6480   0.90682000E+01
 6481   0.87591400E+01
 6482   0.10689930E+02
 6483   0.92691100E+01
 6484   0.87989200E+01
 6485   0.10216310E+02
 6486   0.85338700E+01
 6487   0.73149100E+01
 6488   0.80182700E+01
 6489   0.71928700E+01
 6490   0.46726000E+01
 6491   0.42068000E+01
 6492   0.38149500E+01
 6493   0.33076600E+01
 6494   0.27485200E+01
 6495   0.22637100E+01
 6496   0.18231200E+01
 6497   0.14595600E+01
 6498   0.11778200E+01
 6499   0.91787000E+00
 6500   0.61816000E+00
 6501   0.51618000E+00
 6502   0.44579000E+00
 6503   0.38724000E+00
 6504   0.33782000E+00
 6505   0.28521000E+00
 6506   0.24883000E+00
 6507   0.21521000E+00
 6508   0.18369000E+00
 6509   0.15214000E+00
 6510   0.12566000E+00
 6511   0.10405000E+00
 6512   0.86920000E-01
 6513   0.73440000E-01
 6514   0.62770000E-01
 6515   0.54230000E-01
 6516   0.47330000E-01
 6517   0.41670000E-01
 6518   0.36980000E-01
 6519   0.33040000E-01
 6520   0.29720000E-01
 6521   0.26940000E-01
 6522   0.46740000E-01
 6523   0.17157000E+00
 6524   0.23064000E+00
 6525   0.28137000E+00
 6526   0.32493000E+00
 6527   0.35322000E+00
 6528   0.37147000E+00
 6529   0.37268000E+00
 6530   0.35798000E+00
 6531   0.30000000E+00
 6532   0.25052000E+00
 6533   0.20482000E+00
 6534   0.14406000E+00
 6535   0.10403000E+00
 6536   0.79210000E-01
 6537   0.62780000E-01
 6538   0.51290000E-01
 6539   0.42910000E-01
 6540   0.36590000E-01
 6541   0.31690000E-01
 6542   0.27800000E-01
 6543   0.24650000E-01
 6544   0.22100000E-01
 6545   0.20910000E-01
 6546   0.23660000E-01
 6547   0.13922000E+00
 6548   0.77749000E+00
 6549   0.12787600E+01
 6550   0.62412600E+01
 6551   0.11324660E+02
 6552   0.10895640E+02
 6553   0.87895900E+01
 6554   0.62649700E+01
 6555   0.43442900E+01
 6556   0.32128400E+01
 6557   0.24508500E+01
 6558   0.19657700E+01
 6559   0.16223100E+01
 6560   0.13304900E+01
 6561   0.10958900E+01
 6562   0.65662000E+00
 6563   0.59690000E+00
 6564   0.48042000E+00
 6565   0.42081000E+00
 6566   0.37223000E+00
 6567   0.33227000E+00
 6568   0.28309000E+00
 6569   0.25300000E+00
 6570   0.22473000E+00
 6571   0.19748000E+00
 6572   0.34019000E+00
 6573   0.23334000E+00
 6574   0.23710000E+00
 6575   0.25046000E+00
 6576   0.26813000E+00
 6577   0.28537000E+00
 6578   0.30011000E+00
 6579   0.31240000E+00
 6580   0.31552000E+00
 6581   0.30649000E+00
 6582   0.26296000E+00
 6583   0.42360000E+00
 6584   0.33674000E+00
 6585   0.51453000E+00
 6586   0.21322600E+01
 6587   0.51509600E+01
 6588   0.53512700E+01
 6589   0.41391800E+01
 6590   0.30796700E+01
 6591   0.23241100E+01
 6592   0.12189700E+01
 6593   0.11747400E+01
 6594   0.10956900E+01
 6595   0.91882000E+00
 6596   0.12425600E+01
 6597   0.41113600E+01
 6598   0.70248200E+01
 6599   0.68296000E+01
 6600   0.50045900E+01
 6601   0.35987600E+01
 6602   0.35500600E+01
 6603   0.20309300E+01
 6604   0.22422400E+01
 6605   0.30710300E+01
 6606   0.45656500E+01
 6607   0.51783400E+01
 6608   0.45581300E+01
 6609   0.88174200E+01
 6610   0.27291450E+02
 6611   0.81127620E+02
 6612   0.57647360E+02
 6613   0.35948880E+02
 6614   0.24334880E+02
 6615   0.17510800E+02
 6616   0.12373970E+02
 6617   0.89086900E+01
 6618   0.66819700E+01
 6619   0.48936800E+01
 6620   0.38164200E+01
 6621   0.30421500E+01
 6622   0.24582700E+01
 6623   0.15106700E+01
 6624   0.14657200E+01
 6625   0.11981400E+01
 6626   0.10172400E+01
 6627   0.22149900E+01
 6628   0.61856400E+01
 6629   0.42418490E+02
 6630   0.73077740E+02
 6631   0.55396900E+02
 6632   0.37513680E+02
 6633   0.24215590E+02
 6634   0.17200920E+02
 6635   0.12310040E+02
 6636   0.89288500E+01
 6637   0.67965100E+01
 6638   0.50656600E+01
 6639   0.41489100E+01
 6640   0.43518600E+01
 6641   0.37986400E+01
 6642   0.32786100E+01
 6643   0.42155200E+01
 6644   0.31201800E+01
 6645   0.35061400E+01
 6646   0.42359600E+01
 6647   0.49778800E+01
 6648   0.47465700E+01
 6649   0.39081500E+01
 6650   0.30995700E+01
 6651   0.27650000E+01
 6652   0.23523500E+01
 6653   0.27030200E+01
 6654   0.39965000E+01
 6655   0.66165400E+01
 6656   0.64096300E+01
 6657   0.48429500E+01
 6658   0.35395000E+01
 6659   0.26499100E+01
 6660   0.20480800E+01
 6661   0.16041900E+01
 6662   0.14510200E+01
 6663   0.12445200E+01
 6664   0.84507000E+00
 6665   0.17936900E+01
 6666   0.45508000E+01
 6667   0.58861200E+01
 6668   0.63731200E+01
 6669   0.66081600E+01
 6670   0.59760400E+01
 6671   0.10061150E+02
 6672   0.10912970E+02
 6673   0.10261220E+02
 6674   0.12005730E+02
 6675   0.13359550E+02
 6676   0.13332210E+02
 6677   0.12177270E+02
 6678   0.11203560E+02
 6679   0.10319190E+02
 6680   0.88618000E+01
 6681   0.77650900E+01
 6682   0.59662900E+01
 6683   0.44994300E+01
 6684   0.35974800E+01
 6685   0.24266800E+01
 6686   0.22278000E+01
 6687   0.19305200E+01
 6688   0.16553300E+01
 6689   0.15747000E+01
 6690   0.12615100E+01
 6691   0.10406200E+01
 6692   0.88410000E+00
 6693   0.74588000E+00
 6694   0.64524000E+00
 6695   0.44897000E+00
 6696   0.17505800E+01
 6697   0.25026100E+01
 6698   0.19388350E+02
 6699   0.46262980E+02
 6700   0.55044600E+02
 6701   0.10056972E+03
 6702   0.98226390E+02
 6703   0.12165738E+03
 6704   0.10466364E+03
 6705   0.58776360E+02
 6706   0.38641570E+02
 6707   0.28554910E+02
 6708   0.23836310E+02
 6709   0.27312190E+02
 6710   0.29562010E+02
 6711   0.23475400E+02
 6712   0.19040660E+02
 6713   0.34840030E+02
 6714   0.82087040E+02
 6715   0.74323940E+02
 6716   0.18150971E+03
 6717   0.13528160E+03
 6718   0.93714560E+02
 6719   0.88161790E+02
 6720   0.74741290E+02
 6721   0.11574807E+03
 6722   0.12288834E+03
 6723   0.77795910E+02
 6724   0.53608680E+02
 6725   0.41753010E+02
 6726   0.35714750E+02
 6727   0.28995440E+02
 6728   0.21799990E+02
 6729   0.16247560E+02
 6730   0.11925700E+02
 6731   0.96273600E+01
 6732   0.84416800E+01
 6733   0.72251500E+01
 6734   0.64326000E+01
 6735   0.82531800E+01
 6736   0.10598250E+02
 6737   0.44854360E+02
 6738   0.40848260E+02
 6739   0.35636280E+02
 6740   0.27218800E+02
 6741   0.19387670E+02
 6742   0.13567310E+02
 6743   0.94859600E+01
 6744   0.68055800E+01
 6745   0.11282650E+02
 6746   0.11952960E+02
 6747   0.15971550E+02
 6748   0.19042680E+02
 6749   0.16692900E+02
 6750   0.12702880E+02
 6751   0.94220200E+01
 6752   0.17740710E+02
 6753   0.13583301E+03
 6754   0.90330370E+02
 6755   0.56257590E+02
 6756   0.36813860E+02
 6757   0.27082620E+02
 6758   0.27742740E+02
 6759   0.21469020E+02
 6760   0.16644740E+02
 6761   0.65601390E+02
 6762   0.33546279E+03
 6763   0.25783540E+03
 6764   0.18812918E+03
 6765   0.19726522E+03
 6766   0.17954586E+03
 6767   0.11825435E+03
 6768   0.72592790E+02
 6769   0.45798510E+02
 6770   0.30936650E+02
 6771   0.21905240E+02
 6772   0.16455370E+02
 6773   0.12106690E+02
 6774   0.10098720E+02
 6775   0.99148200E+01
 6776   0.11687490E+02
 6777   0.11367260E+02
 6778   0.10967330E+02
 6779   0.96194800E+01
 6780   0.76285900E+01
 6781   0.51251100E+01
 6782   0.36033900E+01
 6783   0.26208200E+01
 6784   0.19854200E+01
 6785   0.14780800E+01
 6786   0.10878200E+01
 6787   0.81375000E+00
 6788   0.82400000E+00
 6789   0.70337000E+00
 6790   0.62887000E+00
 6791   0.11519900E+01
 6792   0.89288600E+01
 6793   0.14200900E+02
 6794   0.15888840E+02
 6795   0.14432840E+02
 6796   0.14034740E+02
 6797   0.13094820E+02
 6798   0.11139330E+02
 6799   0.84949000E+01
 6800   0.55990400E+01
 6801   0.40757300E+01
 6802   0.30260700E+01
 6803   0.22711600E+01
 6804   0.17446900E+01
 6805   0.34821300E+01
 6806   0.79919300E+01
 6807   0.72769800E+01
 6808   0.33808700E+01
 6809   0.30027700E+01
 6810   0.30508700E+01
 6811   0.26765200E+01
 6812   0.33633600E+01
 6813   0.76946000E+01
 6814   0.91530400E+01
 6815   0.19784820E+02
 6816   0.47262020E+02
 6817   0.27002532E+03
 6818   0.49026021E+03
 6819   0.19481245E+03
 6820   0.98056640E+02
 6821   0.73364840E+02
 6822   0.55066250E+02
 6823   0.40456530E+02
 6824   0.29678690E+02
 6825   0.21343220E+02
 6826   0.15073460E+02
 6827   0.10283110E+02
 6828   0.64438800E+01
 6829   0.47637500E+01
 6830   0.36392600E+01
 6831   0.28882500E+01
 6832   0.23789100E+01
 6833   0.19718500E+01
 6834   0.11230430E+02
 6835   0.32400290E+02
 6836   0.52610110E+02
 6837   0.47451590E+02
 6838   0.30821100E+02
 6839   0.21188690E+02
 6840   0.14924000E+02
 6841   0.10337170E+02
 6842   0.74998700E+01
 6843   0.53202300E+01
 6844   0.39963500E+01
 6845   0.30866500E+01
 6846   0.24050000E+01
 6847   0.18795500E+01
 6848   0.14546700E+01
 6849   0.80178000E+00
 6850   0.75581000E+00
 6851   0.64338000E+00
 6852   0.51716000E+00
 6853   0.45712000E+00
 6854   0.41091000E+00
 6855   0.37079000E+00
 6856   0.35196000E+00
 6857   0.32009000E+00
 6858   0.29783000E+00
 6859   0.26375000E+00
 6860   0.23388000E+00
 6861   0.22099000E+00
 6862   0.20042000E+00
 6863   0.17763000E+00
 6864   0.15732000E+00
 6865   0.13994000E+00
 6866   0.12325000E+00
 6867   0.10663000E+00
 6868   0.91390000E-01
 6869   0.78330000E-01
 6870   0.30210000E+00
 6871   0.63490000E+00
 6872   0.41444000E+00
 6873   0.27374300E+01
 6874   0.98603000E+01
 6875   0.94851400E+01
 6876   0.70607900E+01
 6877   0.43391400E+01
 6878   0.28140500E+01
 6879   0.14144400E+01
 6880   0.11827600E+01
 6881   0.88073000E+00
 6882   0.71900000E+00
 6883   0.61901000E+00
 6884   0.48667000E+00
 6885   0.41251000E+00
 6886   0.35081000E+00
 6887   0.28122000E+00
 6888   0.22825000E+00
 6889   0.15889000E+00
 6890   0.11003000E+00
 6891   0.82280000E-01
 6892   0.64950000E-01
 6893   0.53240000E-01
 6894   0.44860000E-01
 6895   0.38580000E-01
 6896   0.33710000E-01
 6897   0.29840000E-01
 6898   0.26680000E-01
 6899   0.24050000E-01
 6900   0.21840000E-01
 6901   0.19950000E-01
 6902   0.18320000E-01
 6903   0.16900000E-01
 6904   0.15700000E-01
 6905   0.14710000E-01
 6906   0.13920000E-01
 6907   0.13320000E-01
 6908   0.12880000E-01
 6909   0.12580000E-01
 6910   0.12360000E-01
 6911   0.12210000E-01
 6912   0.12080000E-01
 6913   0.52984000E+00
 6914   0.65534000E+00
 6915   0.93854000E+00
 6916   0.33203200E+01
 6917   0.11498380E+02
 6918   0.17389140E+02
 6919   0.28273600E+02
 6920   0.25025210E+02
 6921   0.18973330E+02
 6922   0.13857500E+02
 6923   0.99218900E+01
 6924   0.10107980E+02
 6925   0.87586700E+01
 6926   0.76703800E+01
 6927   0.78482600E+01
 6928   0.78082300E+01
 6929   0.64761300E+01
 6930   0.48904100E+01
 6931   0.29343000E+01
 6932   0.24294100E+01
 6933   0.19468800E+01
 6934   0.16395800E+01
 6935   0.13930400E+01
 6936   0.11576500E+01
 6937   0.96293000E+00
 6938   0.77133000E+00
 6939   0.65544000E+00
 6940   0.50579000E+00
 6941   0.39301000E+00
 6942   0.33612000E+00
 6943   0.28657000E+00
 6944   0.25318000E+00
 6945   0.22486000E+00
 6946   0.19795000E+00
 6947   0.16682000E+00
 6948   0.14007000E+00
 6949   0.11699000E+00
 6950   0.97700000E-01
 6951   0.82150000E-01
 6952   0.69770000E-01
 6953   0.59870000E-01
 6954   0.51900000E-01
 6955   0.45410000E-01
 6956   0.40070000E-01
 6957   0.35630000E-01
 6958   0.31890000E-01
 6959   0.28720000E-01
 6960   0.26010000E-01
 6961   0.23680000E-01
 6962   0.21650000E-01
 6963   0.19870000E-01
 6964   0.18310000E-01
 6965   0.16930000E-01
 6966   0.59480000E-01
 6967   0.74130000E-01
 6968   0.19029000E+00
 6969   0.32606000E+00
 6970   0.99335000E+00
 6971   0.26556200E+01
 6972   0.26141900E+01
 6973   0.26300500E+01
 6974   0.30285900E+01
 6975   0.32120700E+01
 6976   0.70858600E+01
 6977   0.18884650E+02
 6978   0.20422400E+02
 6979   0.17165200E+02
 6980   0.13904750E+02
 6981   0.12815240E+02
 6982   0.12348820E+02
 6983   0.19354040E+02
 6984   0.31179910E+02
 6985   0.37046620E+02
 6986   0.40313910E+02
 6987   0.33193590E+02
 6988   0.26699900E+02
 6989   0.22922310E+02
 6990   0.19663070E+02
 6991   0.18755950E+02
 6992   0.17817750E+02
 6993   0.15852760E+02
 6994   0.13124290E+02
 6995   0.10635360E+02
 6996   0.10343110E+02
 6997   0.10268500E+02
 6998   0.11423200E+02
 6999   0.19777790E+02
 7000   0.50785690E+02
 7001   0.74843600E+02
 7002   0.56289440E+02
 7003   0.37890560E+02
 7004   0.25845780E+02
 7005   0.18450330E+02
 7006   0.13359580E+02
 7007   0.97524000E+01
 7008   0.75273900E+01
 7009   0.59377900E+01
 7010   0.49159400E+01
 7011   0.46375300E+01
 7012   0.75484700E+01
 7013   0.78011200E+01
 7014   0.20168490E+02
 7015   0.31658580E+02
 7016   0.28558300E+02
 7017   0.24012350E+02
 7018   0.22633320E+02
 7019   0.20064090E+02
 7020   0.15966230E+02
 7021   0.12361820E+02
 7022   0.96487600E+01
 7023   0.70291600E+01
 7024   0.67494100E+01
 7025   0.63768400E+01
 7026   0.53541700E+01
 7027   0.42651900E+01
 7028   0.35610200E+01
 7029   0.39122900E+01
 7030   0.44434800E+01
 7031   0.11689160E+02
 7032   0.31856040E+02
 7033   0.74374330E+02
 7034   0.96875540E+02
 7035   0.64107260E+02
 7036   0.40674550E+02
 7037   0.31532540E+02
 7038   0.24669870E+02
 7039   0.21957020E+02
 7040   0.22692410E+02
 7041   0.19502300E+02
 7042   0.14535110E+02
 7043   0.97680700E+01
 7044   0.69410400E+01
 7045   0.49133300E+01
 7046   0.37441000E+01
 7047   0.29104900E+01
 7048   0.23316200E+01
 7049   0.21203600E+01
 7050   0.43983400E+01
 7051   0.38795600E+01
 7052   0.56325300E+01
 7053   0.11707780E+02
 7054   0.19382750E+02
 7055   0.23380640E+02
 7056   0.24537150E+02
 7057   0.21269820E+02
 7058   0.17859920E+02
 7059   0.14744370E+02
 7060   0.13689440E+02
 7061   0.14972380E+02
 7062   0.13835170E+02
 7063   0.13653970E+02
 7064   0.15875110E+02
 7065   0.12543767E+03
 7066   0.23584087E+03
 7067   0.14813943E+03
 7068   0.14319272E+03
 7069   0.18529552E+03
 7070   0.10388533E+03
 7071   0.61144800E+02
 7072   0.39182640E+02
 7073   0.38217850E+02
 7074   0.34219280E+02
 7075   0.43649250E+02
 7076   0.35783540E+02
 7077   0.28455290E+02
 7078   0.26170690E+02
 7079   0.25120510E+02
 7080   0.28837860E+02
 7081   0.25238850E+02
 7082   0.20239160E+02
 7083   0.18949920E+02
 7084   0.19019110E+02
 7085   0.21975700E+02
 7086   0.32691270E+02
 7087   0.15881925E+03
 7088   0.20812707E+03
 7089   0.11373270E+03
 7090   0.66576260E+02
 7091   0.46109820E+02
 7092   0.47406690E+02
 7093   0.67884950E+02
 7094   0.56780780E+02
 7095   0.82693070E+02
 7096   0.17904440E+03
 7097   0.12915073E+03
 7098   0.10768246E+03
 7099   0.13303840E+03
 7100   0.87600960E+02
 7101   0.52592870E+02
 7102   0.38916370E+02
 7103   0.39017730E+02
 7104   0.74654300E+02
 7105   0.49086580E+02
 7106   0.31903040E+02
 7107   0.21769290E+02
 7108   0.15377120E+02
 7109   0.10907820E+02
 7110   0.80803700E+01
 7111   0.65035100E+01
 7112   0.74431000E+01
 7113   0.12592940E+02
 7114   0.76322280E+02
 7115   0.55602030E+02
 7116   0.37816300E+02
 7117   0.26118730E+02
 7118   0.18537260E+02
 7119   0.17559950E+02
 7120   0.48386530E+02
 7121   0.15330046E+03
 7122   0.13293931E+03
 7123   0.23112541E+03
 7124   0.15087605E+03
 7125   0.79001150E+02
 7126   0.59524820E+02
 7127   0.44083320E+02
 7128   0.42581600E+02
 7129   0.40707460E+02
 7130   0.34275860E+02
 7131   0.31291580E+02
 7132   0.86601070E+02
 7133   0.34580630E+03
 7134   0.19964449E+03
 7135   0.10138880E+03
 7136   0.10496846E+03
 7137   0.66252500E+02
 7138   0.84695130E+02
 7139   0.58823330E+03
 7140   0.33819772E+03
 7141   0.14262147E+03
 7142   0.72256260E+02
 7143   0.42595440E+02
 7144   0.27365350E+02
 7145   0.18602440E+02
 7146   0.11693310E+02
 7147   0.82919000E+01
 7148   0.58589800E+01
 7149   0.51044000E+01
 7150   0.74977300E+01
 7151   0.10637050E+02
 7152   0.34213710E+02
 7153   0.48166627E+03
 7154   0.57338051E+03
 7155   0.40131594E+03
 7156   0.17274045E+03
 7157   0.88289480E+02
 7158   0.52227420E+02
 7159   0.32269080E+02
 7160   0.21520010E+02
 7161   0.16569570E+02
 7162   0.16236290E+02
 7163   0.16064340E+02
 7164   0.15949310E+02
 7165   0.14327780E+02
 7166   0.10432870E+02
 7167   0.11873400E+02
 7168   0.59708870E+02
 7169   0.17591092E+03
 7170   0.12493383E+03
 7171   0.80906780E+02
 7172   0.52845200E+02
 7173   0.39654350E+02
 7174   0.27404330E+02
 7175   0.18633920E+02
 7176   0.13206930E+02
 7177   0.95837200E+01
 7178   0.77757900E+01
 7179   0.57629100E+01
 7180   0.42426600E+01
 7181   0.34836200E+01
 7182   0.30953700E+01
 7183   0.28402000E+01
 7184   0.27050700E+01
 7185   0.27749200E+01
 7186   0.25795500E+01
 7187   0.17527600E+01
 7188   0.17383100E+01
 7189   0.15148800E+01
 7190   0.12715600E+01
 7191   0.10707300E+01
 7192   0.89443000E+00
 7193   0.74509000E+00
 7194   0.63640000E+00
 7195   0.50644000E+00
 7196   0.44323000E+00
 7197   0.34653000E+00
 7198   0.29128000E+00
 7199   0.26049000E+00
 7200   0.23280000E+00
 7201   0.20499000E+00
 7202   0.17763000E+00
 7203   0.15282000E+00
 7204   0.13122000E+00
 7205   0.11084000E+00
 7206   0.93230000E-01
 7207   0.13704000E+00
 7208   0.18996000E+00
 7209   0.82913000E+00
 7210   0.33840000E+00
 7211   0.39415000E+00
 7212   0.44841000E+00
 7213   0.47783000E+00
 7214   0.48862000E+00
 7215   0.49103000E+00
 7216   0.48658000E+00
 7217   0.47165000E+00
 7218   0.39486000E+00
 7219   0.34757000E+00
 7220   0.31386000E+00
 7221   0.27929000E+00
 7222   0.25263000E+00
 7223   0.22704000E+00
 7224   0.20217000E+00
 7225   0.17704000E+00
 7226   0.15520000E+00
 7227   0.13525000E+00
 7228   0.11543000E+00
 7229   0.97600000E-01
 7230   0.82670000E-01
 7231   0.70540000E-01
 7232   0.60720000E-01
 7233   0.52750000E-01
 7234   0.46230000E-01
 7235   0.40840000E-01
 7236   0.36340000E-01
 7237   0.32550000E-01
 7238   0.29330000E-01
 7239   0.26580000E-01
 7240   0.24200000E-01
 7241   0.22130000E-01
 7242   0.20320000E-01
 7243   0.18720000E-01
 7244   0.17310000E-01
 7245   0.16060000E-01
 7246   0.14940000E-01
 7247   0.13930000E-01
 7248   0.13030000E-01
 7249   0.12210000E-01
 7250   0.11460000E-01
 7251   0.10790000E-01
 7252   0.10170000E-01
 7253   0.96000000E-02
 7254   0.90800000E-02
 7255   0.86000000E-02
 7256   0.81600000E-02
 7257   0.77500000E-02
 7258   0.73700000E-02
 7259   0.70200000E-02
 7260   0.67000000E-02
 7261   0.63900000E-02
 7262   0.61100000E-02
 7263   0.58400000E-02
 7264   0.55900000E-02
 7265   0.53600000E-02
 7266   0.51400000E-02
 7267   0.49400000E-02
 7268   0.47400000E-02
 7269   0.45600000E-02
 7270   0.43900000E-02
 7271   0.42200000E-02
 7272   0.11240000E+01
 7273   0.96009000E+00
 7274   0.19237800E+01
 7275   0.43988800E+01
 7276   0.68431300E+01
 7277   0.68776400E+01
 7278   0.51958400E+01
 7279   0.30491600E+01
 7280   0.24262500E+01
 7281   0.19023700E+01
 7282   0.15471600E+01
 7283   0.12705700E+01
 7284   0.10734800E+01
 7285   0.86710000E+00
 7286   0.71919000E+00
 7287   0.62024000E+00
 7288   0.48187000E+00
 7289   0.36934000E+00
 7290   0.30502000E+00
 7291   0.26322000E+00
 7292   0.27974000E+00
 7293   0.43967000E+00
 7294   0.44141000E+00
 7295   0.56322000E+00
 7296   0.11140600E+01
 7297   0.25635400E+01
 7298   0.29462500E+01
 7299   0.29838400E+01
 7300   0.29991800E+01
 7301   0.42842000E+01
 7302   0.42972000E+01
 7303   0.33930700E+01
 7304   0.25380400E+01
 7305   0.19469100E+01
 7306   0.14718500E+01
 7307   0.11822500E+01
 7308   0.96109000E+00
 7309   0.79144000E+00
 7310   0.50701000E+00
 7311   0.42696000E+00
 7312   0.10991600E+01
 7313   0.52158000E+00
 7314   0.73437000E+00
 7315   0.22179100E+01
 7316   0.57998000E+01
 7317   0.92720600E+01
 7318   0.10804900E+02
 7319   0.18504980E+02
 7320   0.18814970E+02
 7321   0.17446600E+02
 7322   0.14676500E+02
 7323   0.11723180E+02
 7324   0.99309800E+01
 7325   0.86326500E+01
 7326   0.69979800E+01
 7327   0.50681300E+01
 7328   0.38480300E+01
 7329   0.29629600E+01
 7330   0.16978900E+01
 7331   0.15800500E+01
 7332   0.19146500E+01
 7333   0.18930800E+01
 7334   0.15202700E+01
 7335   0.12792500E+01
 7336   0.10701700E+01
 7337   0.13066800E+01
 7338   0.14404800E+01
 7339   0.11775100E+01
 7340   0.12089000E+01
 7341   0.10855100E+01
 7342   0.25407900E+01
 7343   0.32338600E+01
 7344   0.29520500E+01
 7345   0.24419300E+01
 7346   0.21576600E+01
 7347   0.17349200E+01
 7348   0.14577400E+01
 7349   0.12142100E+01
 7350   0.10292600E+01
 7351   0.63629000E+00
 7352   0.63862000E+00
 7353   0.51592000E+00
 7354   0.44651000E+00
 7355   0.39839000E+00
 7356   0.36335000E+00
 7357   0.32621000E+00
 7358   0.28247000E+00
 7359   0.29102000E+00
 7360   0.37024000E+00
 7361   0.31299000E+00
 7362   0.31698000E+00
 7363   0.34951000E+00
 7364   0.68846000E+00
 7365   0.12060900E+01
 7366   0.16854000E+01
 7367   0.78910200E+01
 7368   0.15377040E+02
 7369   0.56060190E+02
 7370   0.46912420E+02
 7371   0.32370580E+02
 7372   0.23587570E+02
 7373   0.17533140E+02
 7374   0.12714930E+02
 7375   0.10567850E+02
 7376   0.98409100E+01
 7377   0.17000850E+02
 7378   0.29223600E+02
 7379   0.24165000E+02
 7380   0.17835560E+02
 7381   0.12939270E+02
 7382   0.82815100E+01
 7383   0.69451000E+01
 7384   0.60193100E+01
 7385   0.58060400E+01
 7386   0.68097900E+01
 7387   0.81379400E+01
 7388   0.79613800E+01
 7389   0.63619400E+01
 7390   0.46241800E+01
 7391   0.35119700E+01
 7392   0.20364700E+01
 7393   0.18180700E+01
 7394   0.15200900E+01
 7395   0.12567100E+01
 7396   0.10935500E+01
 7397   0.93520000E+00
 7398   0.16543300E+01
 7399   0.44783700E+01
 7400   0.64993600E+01
 7401   0.11229510E+02
 7402   0.15459430E+02
 7403   0.13866660E+02
 7404   0.12522020E+02
 7405   0.12648900E+02
 7406   0.12305400E+02
 7407   0.10360770E+02
 7408   0.80634000E+01
 7409   0.55007300E+01
 7410   0.43928000E+01
 7411   0.30882000E+01
 7412   0.17140000E+01
 7413   0.15181000E+01
 7414   0.12389400E+01
 7415   0.10266900E+01
 7416   0.85315000E+00
 7417   0.76249000E+00
 7418   0.66846000E+00
 7419   0.54139000E+00
 7420   0.45052000E+00
 7421   0.39074000E+00
 7422   0.34715000E+00
 7423   0.26636000E+00
 7424   0.21051000E+00
 7425   0.17095000E+00
 7426   0.13663000E+00
 7427   0.11164000E+00
 7428   0.92680000E-01
 7429   0.78020000E-01
 7430   0.98760000E-01
 7431   0.83180000E-01
 7432   0.82660000E-01
 7433   0.13749000E+00
 7434   0.19223000E+00
 7435   0.51716000E+00
 7436   0.32008000E+00
 7437   0.35800000E+00
 7438   0.52957000E+00
 7439   0.43407000E+00
 7440   0.51896000E+00
 7441   0.18977900E+01
 7442   0.73395300E+01
 7443   0.75291700E+01
 7444   0.92164500E+01
 7445   0.16269630E+02
 7446   0.19665500E+02
 7447   0.38008380E+02
 7448   0.31651110E+02
 7449   0.25240750E+02
 7450   0.31391160E+02
 7451   0.29829228E+03
 7452   0.37489877E+03
 7453   0.29680884E+03
 7454   0.19155992E+03
 7455   0.20850878E+03
 7456   0.11873285E+03
 7457   0.73171570E+02
 7458   0.16024206E+03
 7459   0.24156975E+03
 7460   0.14880779E+03
 7461   0.76766260E+02
 7462   0.44833140E+02
 7463   0.28762630E+02
 7464   0.18746190E+02
 7465   0.12966530E+02
 7466   0.91609500E+01
 7467   0.67619400E+01
 7468   0.48873300E+01
 7469   0.37253100E+01
 7470   0.28807700E+01
 7471   0.22727500E+01
 7472   0.18168900E+01
 7473   0.33454040E+02
 7474   0.32137577E+03
 7475   0.21510328E+03
 7476   0.12487603E+03
 7477   0.10201194E+03
 7478   0.10655583E+03
 7479   0.22515405E+03
 7480   0.31888358E+03
 7481   0.15889067E+03
 7482   0.85428120E+02
 7483   0.55899040E+02
 7484   0.40167560E+02
 7485   0.32266410E+02
 7486   0.23835040E+02
 7487   0.17110630E+02
 7488   0.11941670E+02
 7489   0.83170600E+01
 7490   0.59646100E+01
 7491   0.49070900E+01
 7492   0.38076900E+01
 7493   0.33616700E+01
 7494   0.20553100E+01
 7495   0.18027000E+01
 7496   0.14718900E+01
 7497   0.11681700E+02
 7498   0.31274350E+02
 7499   0.34815070E+02
 7500   0.23160040E+02
 7501   0.17813650E+02
 7502   0.13666300E+02
 7503   0.10961050E+02
 7504   0.10415360E+02
 7505   0.23074580E+02
 7506   0.13533928E+03
 7507   0.27331590E+03
 7508   0.30101876E+03
 7509   0.20500768E+03
 7510   0.10505458E+03
 7511   0.71323800E+02
 7512   0.10652205E+03
 7513   0.10160143E+03
 7514   0.65528800E+02
 7515   0.39014210E+02
 7516   0.25441690E+02
 7517   0.17467570E+02
 7518   0.11859650E+02
 7519   0.83324900E+01
 7520   0.61829200E+01
 7521   0.46176700E+01
 7522   0.34350500E+01
 7523   0.71648700E+01
 7524   0.44492640E+03
 7525   0.51059378E+03
 7526   0.26956168E+03
 7527   0.13960324E+03
 7528   0.79973970E+02
 7529   0.46797260E+02
 7530   0.29417310E+02
 7531   0.19689420E+02
 7532   0.13325280E+02
 7533   0.90646900E+01
 7534   0.62843200E+01
 7535   0.38342900E+01
 7536   0.43386800E+01
 7537   0.43576600E+01
 7538   0.66251400E+01
 7539   0.62317400E+01
 7540   0.75233300E+01
 7541   0.74687800E+01
 7542   0.65130000E+01
 7543   0.49715800E+01
 7544   0.37875700E+01
 7545   0.28649100E+01
 7546   0.16738600E+01
 7547   0.14539800E+01
 7548   0.11695100E+01
 7549   0.94600000E+00
 7550   0.89625000E+00
 7551   0.91787000E+00
 7552   0.10852500E+01
 7553   0.27416500E+01
 7554   0.70542400E+01
 7555   0.89223500E+01
 7556   0.77107600E+01
 7557   0.70131100E+01
 7558   0.68464100E+01
 7559   0.53743900E+01
 7560   0.53106400E+01
 7561   0.86122200E+01
 7562   0.10227100E+02
 7563   0.95036500E+01
 7564   0.82829000E+01
 7565   0.68383100E+01
 7566   0.47218800E+01
 7567   0.40641300E+01
 7568   0.33148300E+01
 7569   0.27209100E+01
 7570   0.22385900E+01
 7571   0.18073800E+01
 7572   0.14024400E+01
 7573   0.10969000E+01
 7574   0.85547000E+00
 7575   0.70649000E+00
 7576   0.49868000E+00
 7577   0.42691000E+00
 7578   0.22401300E+01
 7579   0.11716330E+02
 7580   0.31698330E+02
 7581   0.45945910E+02
 7582   0.33030790E+02
 7583   0.22610700E+02
 7584   0.15721790E+02
 7585   0.10483550E+02
 7586   0.72610500E+01
 7587   0.42402800E+01
 7588   0.33140400E+01
 7589   0.26322600E+01
 7590   0.21092100E+01
 7591   0.17441800E+01
 7592   0.14025100E+01
 7593   0.11033800E+01
 7594   0.87053000E+00
 7595   0.45258400E+01
 7596   0.83861800E+01
 7597   0.83999100E+01
 7598   0.13050390E+02
 7599   0.12878120E+02
 7600   0.10486160E+02
 7601   0.77950000E+01
 7602   0.54258500E+01
 7603   0.40180400E+01
 7604   0.30861200E+01
 7605   0.24054300E+01
 7606   0.23699000E+01
 7607   0.12698400E+01
 7608   0.12401700E+01
 7609   0.10202800E+01
 7610   0.85686000E+00
 7611   0.73376000E+00
 7612   0.64637000E+00
 7613   0.51843000E+00
 7614   0.45871000E+00
 7615   0.41158000E+00
 7616   0.36692000E+00
 7617   0.28786000E+00
 7618   0.23865000E+00
 7619   0.20804000E+00
 7620   0.17910000E+00
 7621   0.15352000E+00
 7622   0.13178000E+00
 7623   0.11197000E+00
 7624   0.94740000E-01
 7625   0.80450000E-01
 7626   0.68840000E-01
 7627   0.59430000E-01
 7628   0.51770000E-01
 7629   0.45480000E-01
 7630   0.40270000E-01
 7631   0.35910000E-01
 7632   0.32220000E-01
 7633   0.29090000E-01
 7634   0.26390000E-01
 7635   0.24060000E-01
 7636   0.22030000E-01
 7637   0.20250000E-01
 7638   0.18680000E-01
 7639   0.18580000E-01
 7640   0.45731000E+00
 7641   0.35483000E+00
 7642   0.15879900E+01
 7643   0.13803700E+01
 7644   0.24390000E+01
 7645   0.53426300E+01
 7646   0.75913900E+01
 7647   0.73193400E+01
 7648   0.45210700E+01
 7649   0.34718500E+01
 7650   0.26900900E+01
 7651   0.21178700E+01
 7652   0.17309700E+01
 7653   0.14233200E+01
 7654   0.11692400E+01
 7655   0.95928000E+00
 7656   0.76938000E+00
 7657   0.63798000E+00
 7658   0.44230000E+00
 7659   0.37624000E+00
 7660   0.32925000E+00
 7661   0.27778000E+00
 7662   0.24545000E+00
 7663   0.21340000E+00
 7664   0.18517000E+00
 7665   0.15842000E+00
 7666   0.18177000E+00
 7667   0.20218000E+00
 7668   0.22268000E+00
 7669   0.22621000E+00
 7670   0.22513000E+00
 7671   0.22876000E+00
 7672   0.22475000E+00
 7673   0.19529000E+00
 7674   0.15729000E+00
 7675   0.12701000E+00
 7676   0.10413000E+00
 7677   0.86810000E-01
 7678   0.73500000E-01
 7679   0.33467100E+01
 7680   0.23427300E+01
 7681   0.63510600E+01
 7682   0.17311170E+02
 7683   0.15974020E+02
 7684   0.12177680E+02
 7685   0.91187700E+01
 7686   0.63782700E+01
 7687   0.45767700E+01
 7688   0.35647500E+01
 7689   0.29432600E+01
 7690   0.24524400E+01
 7691   0.19971100E+01
 7692   0.18512400E+01
 7693   0.97872000E+00
 7694   0.10253700E+01
 7695   0.92007000E+00
 7696   0.86938000E+00
 7697   0.83531000E+00
 7698   0.77734000E+00
 7699   0.73102000E+00
 7700   0.70520000E+00
 7701   0.66517000E+00
 7702   0.58967000E+00
 7703   0.42675000E+00
 7704   0.37290000E+00
 7705   0.33946000E+00
 7706   0.29419000E+00
 7707   0.26039000E+00
 7708   0.23238000E+00
 7709   0.19845000E+00
 7710   0.15340000E+00
 7711   0.11947000E+00
 7712   0.11292600E+01
 7713   0.28109400E+01
 7714   0.60880800E+01
 7715   0.31229510E+02
 7716   0.37557870E+02
 7717   0.40163540E+02
 7718   0.53274980E+02
 7719   0.42754600E+02
 7720   0.32283990E+02
 7721   0.34587250E+02
 7722   0.42711840E+02
 7723   0.49380330E+02
 7724   0.39513630E+02
 7725   0.32233410E+02
 7726   0.34550650E+02
 7727   0.33297810E+02
 7728   0.25643520E+02
 7729   0.19011200E+02
 7730   0.13950870E+02
 7731   0.10273110E+02
 7732   0.75958200E+01
 7733   0.55987300E+01
 7734   0.35038700E+01
 7735   0.31022300E+01
 7736   0.36780600E+01
 7737   0.76183300E+01
 7738   0.95242700E+01
 7739   0.15524800E+02
 7740   0.18020560E+02
 7741   0.22031850E+02
 7742   0.24250860E+02
 7743   0.50480740E+02
 7744   0.48625200E+02
 7745   0.52542970E+02
 7746   0.45042010E+02
 7747   0.31992970E+02
 7748   0.22638700E+02
 7749   0.16313780E+02
 7750   0.11488130E+02
 7751   0.86946100E+01
 7752   0.63149500E+01
 7753   0.46484200E+01
 7754   0.18807060E+02
 7755   0.10895626E+03
 7756   0.12573869E+03
 7757   0.88707480E+02
 7758   0.64763780E+02
 7759   0.49421660E+02
 7760   0.37379730E+02
 7761   0.27060850E+02
 7762   0.19378810E+02
 7763   0.13780150E+02
 7764   0.97536400E+01
 7765   0.57572300E+01
 7766   0.43341900E+01
 7767   0.33619100E+01
 7768   0.26605900E+01
 7769   0.23315800E+01
 7770   0.43496900E+01
 7771   0.58783900E+01
 7772   0.84753100E+01
 7773   0.19607670E+02
 7774   0.19872860E+02
 7775   0.14633370E+02
 7776   0.10969160E+02
 7777   0.95576300E+01
 7778   0.90102800E+01
 7779   0.86870200E+01
 7780   0.13690020E+02
 7781   0.60446420E+02
 7782   0.10290568E+03
 7783   0.60734660E+02
 7784   0.46191960E+02
 7785   0.47111660E+02
 7786   0.55609310E+02
 7787   0.38672950E+02
 7788   0.31425850E+02
 7789   0.28085420E+02
 7790   0.35490880E+02
 7791   0.27552670E+02
 7792   0.22746240E+02
 7793   0.17461590E+02
 7794   0.13291930E+02
 7795   0.10979790E+02
 7796   0.87657600E+01
 7797   0.18062130E+02
 7798   0.12748075E+03
 7799   0.14352594E+03
 7800   0.12055672E+03
 7801   0.81970690E+02
 7802   0.57493010E+02
 7803   0.48537190E+02
 7804   0.46715800E+02
 7805   0.34903160E+02
 7806   0.23623280E+02
 7807   0.18433200E+02
 7808   0.13907470E+02
 7809   0.11028020E+02
 7810   0.97638600E+01
 7811   0.88737900E+01
 7812   0.75694200E+01
 7813   0.56446500E+01
 7814   0.48272500E+01
 7815   0.86998700E+01
 7816   0.57700600E+02
 7817   0.62706620E+02
 7818   0.66439070E+02
 7819   0.78824370E+02
 7820   0.66491580E+02
 7821   0.42223910E+02
 7822   0.28007370E+02
 7823   0.20932640E+02
 7824   0.16173010E+02
 7825   0.16549140E+02
 7826   0.19153480E+02
 7827   0.16990330E+02
 7828   0.43716660E+02
 7829   0.27583426E+03
 7830   0.19061670E+03
 7831   0.11267294E+03
 7832   0.78667470E+02
 7833   0.64658900E+02
 7834   0.60648040E+02
 7835   0.98006240E+02
 7836   0.95429540E+02
 7837   0.10136882E+03
 7838   0.66050780E+02
 7839   0.49240830E+02
 7840   0.52011900E+02
 7841   0.85904090E+02
 7842   0.73192020E+02
 7843   0.55048250E+02
 7844   0.46481170E+02
 7845   0.72695760E+02
 7846   0.78592100E+02
 7847   0.47747680E+02
 7848   0.42402350E+02
 7849   0.40170070E+02
 7850   0.14769868E+03
 7851   0.17279161E+03
 7852   0.18861539E+03
 7853   0.15283495E+03
 7854   0.10259546E+03
 7855   0.78371720E+02
 7856   0.82506750E+02
 7857   0.92824610E+02
 7858   0.91314850E+02
 7859   0.75623450E+02
 7860   0.58256980E+02
 7861   0.42990880E+02
 7862   0.34098620E+02
 7863   0.38426860E+02
 7864   0.59243060E+02
 7865   0.79706630E+02
 7866   0.75551490E+02
 7867   0.52688330E+02
 7868   0.39691290E+02
 7869   0.31702710E+02
 7870   0.24480040E+02
 7871   0.18477490E+02
 7872   0.13763210E+02
 7873   0.11181570E+02
 7874   0.10057660E+02
 7875   0.10568290E+02
 7876   0.11952990E+02
 7877   0.11227770E+02
 7878   0.85908500E+01
 7879   0.88089600E+01
 7880   0.80412800E+01
 7881   0.59695500E+01
 7882   0.43997100E+01
 7883   0.32262200E+01
 7884   0.24934400E+01
 7885   0.21122200E+01
 7886   0.18397900E+01
 7887   0.19223900E+01
 7888   0.85199300E+01
 7889   0.39535700E+02
 7890   0.12988159E+03
 7891   0.92863190E+02
 7892   0.70032700E+02
 7893   0.99327590E+02
 7894   0.36559564E+03
 7895   0.32192608E+03
 7896   0.16908026E+03
 7897   0.10937991E+03
 7898   0.70876490E+02
 7899   0.51250430E+02
 7900   0.34364150E+02
 7901   0.27792290E+02
 7902   0.20423970E+02
 7903   0.14340600E+02
 7904   0.12062190E+02
 7905   0.20086990E+02
 7906   0.18912490E+02
 7907   0.13968490E+02
 7908   0.11185090E+02
 7909   0.10387360E+02
 7910   0.87440300E+01
 7911   0.16667070E+02
 7912   0.13716180E+02
 7913   0.10716460E+02
 7914   0.12229740E+02
 7915   0.19447590E+02
 7916   0.38809020E+02
 7917   0.74425700E+02
 7918   0.71055640E+02
 7919   0.50618090E+02
 7920   0.34375940E+02
 7921   0.23334370E+02
 7922   0.16299940E+02
 7923   0.11020290E+02
 7924   0.79111900E+01
 7925   0.55868200E+01
 7926   0.41654000E+01
 7927   0.31387700E+01
 7928   0.24895300E+01
 7929   0.14161300E+01
 7930   0.13005500E+01
 7931   0.10136500E+01
 7932   0.83907000E+00
 7933   0.11759300E+01
 7934   0.38198400E+01
 7935   0.15100500E+02
 7936   0.77596620E+02
 7937   0.53896840E+02
 7938   0.34563850E+02
 7939   0.22661040E+02
 7940   0.15709680E+02
 7941   0.10645970E+02
 7942   0.82899000E+01
 7943   0.69405800E+01
 7944   0.74242800E+01
 7945   0.10326680E+02
 7946   0.10321000E+02
 7947   0.82496400E+01
 7948   0.55498700E+01
 7949   0.32561700E+01
 7950   0.25381500E+01
 7951   0.19710100E+01
 7952   0.16084600E+01
 7953   0.13012900E+01
 7954   0.10915800E+01
 7955   0.90368000E+00
 7956   0.75699000E+00
 7957   0.46965800E+01
 7958   0.83020300E+01
 7959   0.71586900E+01
 7960   0.44234500E+01
 7961   0.40483800E+01
 7962   0.72403900E+01
 7963   0.70841700E+01
 7964   0.55719200E+01
 7965   0.53910600E+01
 7966   0.53617000E+01
 7967   0.43691300E+01
 7968   0.32176000E+01
 7969   0.23443600E+01
 7970   0.12544300E+01
 7971   0.11731900E+01
 7972   0.91132000E+00
 7973   0.75400000E+00
 7974   0.66906000E+00
 7975   0.57065000E+00
 7976   0.47210000E+00
 7977   0.41421000E+00
 7978   0.36334000E+00
 7979   0.31485000E+00
 7980   0.24193000E+00
 7981   0.18556000E+00
 7982   0.14589000E+00
 7983   0.11785000E+00
 7984   0.97050000E-01
 7985   0.81220000E-01
 7986   0.68940000E-01
 7987   0.59250000E-01
 7988   0.51480000E-01
 7989   0.45160000E-01
 7990   0.39950000E-01
 7991   0.35610000E-01
 7992   0.31950000E-01
 7993   0.28830000E-01
 7994   0.26160000E-01
 7995   0.23850000E-01
 7996   0.48919000E+00
 7997   0.34068000E+00
 7998   0.40273000E+00
 7999   0.45768000E+00
 8000   0.64805000E+00
 8001   0.59239000E+00
 8002   0.73915000E+00
 8003   0.76093000E+00
 8004   0.74495000E+00
 8005   0.69750000E+00
 8006   0.63504000E+00
 8007   0.52709000E+00
 8008   0.45853000E+00
 8009   0.40035000E+00
 8010   0.35291000E+00
 8011   0.25679000E+00
 8012   0.18138000E+00
 8013   0.13002000E+00
 8014   0.99480000E-01
 8015   0.79740000E-01
 8016   0.66020000E-01
 8017   0.55950000E-01
 8018   0.17979000E+01
 8019   0.12038300E+01
 8020   0.16794400E+01
 8021   0.10255900E+01
 8022   0.11881400E+01
 8023   0.12393800E+01
 8024   0.12788400E+01
 8025   0.12168100E+01
 8026   0.10913700E+01
 8027   0.96124000E+00
 8028   0.84683000E+00
 8029   0.76652000E+00
 8030   0.66028000E+00
 8031   0.46391000E+00
 8032   0.39965000E+00
 8033   0.36095000E+00
 8034   0.33131000E+00
 8035   0.30303000E+00
 8036   0.27717000E+00
 8037   0.25062000E+00
 8038   0.23447400E+01
 8039   0.19249400E+01
 8040   0.59205800E+01
 8041   0.18817840E+02
 8042   0.17547840E+02
 8043   0.13460090E+02
 8044   0.10113360E+02
 8045   0.72504900E+01
 8046   0.49658300E+01
 8047   0.37078600E+01
 8048   0.29232700E+01
 8049   0.23604300E+01
 8050   0.19131100E+01
 8051   0.15715800E+01
 8052   0.84489000E+00
 8053   0.88071000E+00
 8054   0.73347000E+00
 8055   0.63686000E+00
 8056   0.50586000E+00
 8057   0.44417000E+00
 8058   0.39638000E+00
 8059   0.35707000E+00
 8060   0.32003000E+00
 8061   0.27658000E+00
 8062   0.22777000E+00
 8063   0.18096000E+00
 8064   0.16771000E+00
 8065   0.55990000E+00
 8066   0.17345400E+01
 8067   0.70847400E+01
 8068   0.26785710E+02
 8069   0.48374610E+02
 8070   0.39599480E+02
 8071   0.28309410E+02
 8072   0.18834820E+02
 8073   0.13373780E+02
 8074   0.95881100E+01
 8075   0.70142600E+01
 8076   0.50463900E+01
 8077   0.39487800E+01
 8078   0.31055800E+01
 8079   0.25148300E+01
 8080   0.20532900E+01
 8081   0.17097400E+01
 8082   0.13978800E+01
 8083   0.75053000E+00
 8084   0.72378000E+00
 8085   0.32160200E+01
 8086   0.92490000E+01
 8087   0.47087530E+02
 8088   0.40171600E+02
 8089   0.29110010E+02
 8090   0.21650570E+02
 8091   0.16003380E+02
 8092   0.11532990E+02
 8093   0.74732300E+01
 8094   0.53642900E+01
 8095   0.56495400E+01
 8096   0.59267700E+01
 8097   0.73382400E+01
 8098   0.18573950E+02
 8099   0.34879120E+02
 8100   0.51675450E+02
 8101   0.37383570E+02
 8102   0.28251450E+02
 8103   0.19727810E+02
 8104   0.15799450E+02
 8105   0.13042870E+02
 8106   0.10480930E+02
 8107   0.85362700E+01
 8108   0.10494890E+02
 8109   0.10327120E+02
 8110   0.15052060E+02
 8111   0.17936390E+02
 8112   0.17765800E+02
 8113   0.15264760E+02
 8114   0.14841360E+02
 8115   0.25667580E+02
 8116   0.36475100E+02
 8117   0.38061440E+02
 8118   0.27777150E+02
 8119   0.19617790E+02
 8120   0.13772680E+02
 8121   0.97142000E+01
 8122   0.71304300E+01
 8123   0.50961400E+01
 8124   0.31247600E+01
 8125   0.26203800E+01
 8126   0.45999700E+01
 8127   0.43905000E+01
 8128   0.64366800E+01
 8129   0.11605800E+02
 8130   0.16688960E+02
 8131   0.15842060E+02
 8132   0.12575900E+02
 8133   0.98126700E+01
 8134   0.63484100E+01
 8135   0.45929500E+01
 8136   0.35772400E+01
 8137   0.84742000E+01
 8138   0.11631500E+02
 8139   0.16327680E+02
 8140   0.24378870E+02
 8141   0.23685340E+02
 8142   0.23536810E+02
 8143   0.23282460E+02
 8144   0.20663460E+02
 8145   0.17304240E+02
 8146   0.13290750E+02
 8147   0.97743900E+01
 8148   0.69158100E+01
 8149   0.10580570E+02
 8150   0.20186970E+02
 8151   0.79816150E+02
 8152   0.13646388E+03
 8153   0.76668860E+02
 8154   0.45177900E+02
 8155   0.31700950E+02
 8156   0.24997520E+02
 8157   0.28811790E+02
 8158   0.46534310E+02
 8159   0.47416990E+02
 8160   0.39200880E+02
 8161   0.40953030E+02
 8162   0.46276100E+02
 8163   0.38492090E+02
 8164   0.29277290E+02
 8165   0.19819040E+02
 8166   0.13997160E+02
 8167   0.18747530E+02
 8168   0.24355070E+02
 8169   0.64752720E+02
 8170   0.44433670E+02
 8171   0.30413130E+02
 8172   0.21970810E+02
 8173   0.16335070E+02
 8174   0.12211640E+02
 8175   0.12893600E+02
 8176   0.13454320E+02
 8177   0.15394530E+02
 8178   0.23282140E+02
 8179   0.35679490E+02
 8180   0.84633410E+02
 8181   0.95401880E+02
 8182   0.11802757E+03
 8183   0.15782850E+03
 8184   0.94266150E+02
 8185   0.11169264E+03
 8186   0.25709196E+03
 8187   0.13114916E+03
 8188   0.67510260E+02
 8189   0.39963000E+02
 8190   0.27557390E+02
 8191   0.25515020E+02
 8192   0.71392640E+02
 8193   0.63432430E+02
 8194   0.43501640E+02
 8195   0.28052500E+02
 8196   0.19424750E+02
 8197   0.13689870E+02
 8198   0.94723000E+01
 8199   0.14677290E+02
 8200   0.27353140E+02
 8201   0.70980250E+02
 8202   0.51453410E+02
 8203   0.85557680E+02
 8204   0.14300470E+03
 8205   0.13100756E+03
 8206   0.24342785E+03
 8207   0.69145208E+03
 8208   0.55259179E+03
 8209   0.42492544E+03
 8210   0.61120603E+03
 8211   0.63934797E+03
 8212   0.26857421E+03
 8213   0.11011820E+03
 8214   0.59250160E+02
 8215   0.36885150E+02
 8216   0.24737990E+02
 8217   0.19047530E+02
 8218   0.14723130E+02
 8219   0.11108050E+02
 8220   0.80078200E+01
 8221   0.55078500E+01
 8222   0.41236800E+01
 8223   0.31237300E+01
 8224   0.23571900E+01
 8225   0.22670100E+01
 8226   0.22488000E+01
 8227   0.15382780E+02
 8228   0.71504961E+03
 8229   0.78533907E+03
 8230   0.26233826E+03
 8231   0.14458785E+03
 8232   0.89651500E+02
 8233   0.65367660E+02
 8234   0.51750300E+02
 8235   0.71368040E+02
 8236   0.17910963E+03
 8237   0.17168699E+03
 8238   0.11189262E+03
 8239   0.64752390E+02
 8240   0.40126110E+02
 8241   0.31697390E+02
 8242   0.10450698E+03
 8243   0.26646907E+03
 8244   0.12013500E+03
 8245   0.71348000E+02
 8246   0.74712230E+02
 8247   0.10980674E+03
 8248   0.79723420E+02
 8249   0.88903960E+02
 8250   0.43837834E+03
 8251   0.25682934E+03
 8252   0.11173544E+03
 8253   0.58681070E+02
 8254   0.35267670E+02
 8255   0.25259600E+02
 8256   0.26374100E+02
 8257   0.17708840E+02
 8258   0.18563870E+02
 8259   0.24883500E+02
 8260   0.34496660E+02
 8261   0.46488840E+02
 8262   0.15145776E+03
 8263   0.36904374E+03
 8264   0.34782293E+03
 8265   0.14669637E+03
 8266   0.71420190E+02
 8267   0.39487660E+02
 8268   0.25135460E+02
 8269   0.17183840E+02
 8270   0.12114550E+02
 8271   0.92783100E+01
 8272   0.73784700E+01
 8273   0.55661200E+01
 8274   0.43182200E+01
 8275   0.33494400E+01
 8276   0.26062700E+01
 8277   0.16117400E+01
 8278   0.26979400E+01
 8279   0.25544900E+01
 8280   0.18966700E+01
 8281   0.31654400E+01
 8282   0.58218600E+01
 8283   0.71427500E+01
 8284   0.75524400E+01
 8285   0.70995000E+01
 8286   0.60271700E+01
 8287   0.49578500E+01
 8288   0.32718800E+01
 8289   0.27494900E+01
 8290   0.21490300E+01
 8291   0.17541100E+01
 8292   0.17799500E+01
 8293   0.12589900E+01
 8294   0.11090600E+01
 8295   0.25632000E+01
 8296   0.50123500E+01
 8297   0.77799200E+01
 8298   0.10302780E+02
 8299   0.10980350E+02
 8300   0.94865100E+01
 8301   0.75839200E+01
 8302   0.55948700E+01
 8303   0.42264700E+01
 8304   0.32661700E+01
 8305   0.25908100E+01
 8306   0.20737300E+01
 8307   0.16302000E+01
 8308   0.87898000E+00
 8309   0.88891000E+00
 8310   0.73710000E+00
 8311   0.62858000E+00
 8312   0.50478000E+00
 8313   0.44831000E+00
 8314   0.40376000E+00
 8315   0.36328000E+00
 8316   0.32454000E+00
 8317   0.27899000E+00
 8318   0.22974000E+00
 8319   0.18396000E+00
 8320   0.15374000E+00
 8321   0.13036000E+00
 8322   0.11071000E+00
 8323   0.93720000E-01
 8324   0.79510000E-01
 8325   0.67910000E-01
 8326   0.58520000E-01
 8327   0.50910000E-01
 8328   0.44700000E-01
 8329   0.39590000E-01
 8330   0.35360000E-01
 8331   0.31810000E-01
 8332   0.28830000E-01
 8333   0.27060000E-01
 8334   0.29710000E-01
 8335   0.39930000E-01
 8336   0.52060000E-01
 8337   0.13212000E+00
 8338   0.20923000E+00
 8339   0.22969000E+00
 8340   0.23196000E+00
 8341   0.23855000E+00
 8342   0.25209000E+00
 8343   0.26316000E+00
 8344   0.26360000E+00
 8345   0.25325000E+00
 8346   0.23343000E+00
 8347   0.20621000E+00
 8348   0.17167000E+00
 8349   0.13816000E+00
 8350   0.11308000E+00
 8351   0.94090000E-01
 8352   0.79440000E-01
 8353   0.67960000E-01
 8354   0.58810000E-01
 8355   0.51410000E-01
 8356   0.45330000E-01
 8357   0.40290000E-01
 8358   0.36050000E-01
 8359   0.32460000E-01
 8360   0.29390000E-01
 8361   0.26740000E-01
 8362   0.24430000E-01
 8363   0.22440000E-01
 8364   0.26950000E-01
 8365   0.94710000E-01
 8366   0.17299000E+00
 8367   0.18994000E+00
 8368   0.19490000E+00
 8369   0.19042000E+00
 8370   0.16587000E+00
 8371   0.13143000E+00
 8372   0.10319000E+00
 8373   0.82460000E-01
 8374   0.69910000E-01
 8375   0.91010000E-01
 8376   0.25468300E+01
 8377   0.26111900E+01
 8378   0.29305700E+01
 8379   0.31616100E+01
 8380   0.28829800E+01
 8381   0.31198600E+01
 8382   0.27362400E+01
 8383   0.22552900E+01
 8384   0.18350700E+01
 8385   0.15109300E+01
 8386   0.12742900E+01
 8387   0.11039800E+01
 8388   0.91548000E+00
 8389   0.74961000E+00
 8390   0.50398000E+00
 8391   0.42340000E+00
 8392   0.37039000E+00
 8393   0.32533000E+00
 8394   0.46970000E+00
 8395   0.36775000E+00
 8396   0.37902000E+00
 8397   0.37554000E+00
 8398   0.41232000E+00
 8399   0.37544000E+00
 8400   0.32113000E+00
 8401   0.31073000E+00
 8402   0.39221000E+00
 8403   0.35214000E+00
 8404   0.35543000E+00
 8405   0.34781000E+00
 8406   0.33287000E+00
 8407   0.31159000E+00
 8408   0.28441000E+00
 8409   0.27227000E+00
 8410   0.23897000E+00
 8411   0.18635000E+00
 8412   0.13506000E+00
 8413   0.10372000E+00
 8414   0.83500000E-01
 8415   0.69560000E-01
 8416   0.59410000E-01
 8417   0.51670000E-01
 8418   0.45550000E-01
 8419   0.40570000E-01
 8420   0.36420000E-01
 8421   0.32900000E-01
 8422   0.29880000E-01
 8423   0.27270000E-01
 8424   0.24980000E-01
 8425   0.22970000E-01
 8426   0.21180000E-01
 8427   0.19600000E-01
 8428   0.18180000E-01
 8429   0.16910000E-01
 8430   0.11903200E+01
 8431   0.41835000E+00
 8432   0.70892000E+00
 8433   0.28603000E+01
 8434   0.63655700E+01
 8435   0.62892300E+01
 8436   0.46448800E+01
 8437   0.33262100E+01
 8438   0.24594600E+01
 8439   0.18815200E+01
 8440   0.15060800E+01
 8441   0.91573000E+00
 8442   0.85598000E+00
 8443   0.72278000E+00
 8444   0.63965000E+00
 8445   0.56976000E+00
 8446   0.55265000E+00
 8447   0.43280300E+01
 8448   0.82456700E+01
 8449   0.41804040E+02
 8450   0.40619450E+02
 8451   0.29082260E+02
 8452   0.19343930E+02
 8453   0.13750280E+02
 8454   0.10081480E+02
 8455   0.76318600E+01
 8456   0.85485000E+01
 8457   0.20102870E+02
 8458   0.48816880E+02
 8459   0.65646510E+02
 8460   0.46436860E+02
 8461   0.31147640E+02
 8462   0.20313070E+02
 8463   0.14463670E+02
 8464   0.10660280E+02
 8465   0.81512900E+01
 8466   0.62547400E+01
 8467   0.48684800E+01
 8468   0.38530600E+01
 8469   0.31184700E+01
 8470   0.24540300E+01
 8471   0.18479200E+01
 8472   0.10311400E+01
 8473   0.22036100E+01
 8474   0.14476600E+01
 8475   0.49201400E+01
 8476   0.58347800E+01
 8477   0.18332910E+02
 8478   0.24883840E+02
 8479   0.20546930E+02
 8480   0.15879370E+02
 8481   0.12243180E+02
 8482   0.96355800E+01
 8483   0.90183800E+01
 8484   0.81577900E+01
 8485   0.64000000E+01
 8486   0.46923900E+01
 8487   0.36551700E+01
 8488   0.29020000E+01
 8489   0.23385700E+01
 8490   0.18971400E+01
 8491   0.18322000E+01
 8492   0.21626400E+01
 8493   0.14919800E+01
 8494   0.14592800E+01
 8495   0.13923600E+01
 8496   0.18885700E+01
 8497   0.26041900E+01
 8498   0.27332000E+01
 8499   0.24280400E+01
 8500   0.19776500E+01
 8501   0.15723000E+01
 8502   0.12491900E+01
 8503   0.75452000E+00
 8504   0.72708000E+00
 8505   0.62134000E+00
 8506   0.50708000E+00
 8507   0.44399000E+00
 8508   0.38971000E+00
 8509   0.34213000E+00
 8510   0.28709000E+00
 8511   0.24872000E+00
 8512   0.21193000E+00
 8513   0.16815000E+00
 8514   0.53512700E+01
 8515   0.38798100E+01
 8516   0.10392030E+02
 8517   0.22728370E+02
 8518   0.20166990E+02
 8519   0.17198200E+02
 8520   0.13495360E+02
 8521   0.11645700E+02
 8522   0.12468980E+02
 8523   0.10485260E+02
 8524   0.84751400E+01
 8525   0.60876900E+01
 8526   0.41581600E+01
 8527   0.30751700E+01
 8528   0.23796000E+01
 8529   0.18811200E+01
 8530   0.15000100E+01
 8531   0.12171400E+01
 8532   0.99901000E+00
 8533   0.85653000E+00
 8534   0.60275000E+00
 8535   0.53347000E+00
 8536   0.14990300E+01
 8537   0.74190700E+01
 8538   0.16631081E+03
 8539   0.11112563E+03
 8540   0.67428300E+02
 8541   0.52402650E+02
 8542   0.75523520E+02
 8543   0.78803340E+02
 8544   0.11068548E+03
 8545   0.14521027E+03
 8546   0.22308991E+03
 8547   0.25560183E+03
 8548   0.23376033E+03
 8549   0.14885225E+03
 8550   0.85785830E+02
 8551   0.53195690E+02
 8552   0.43234760E+02
 8553   0.58638800E+02
 8554   0.65231950E+02
 8555   0.54230240E+02
 8556   0.37244060E+02
 8557   0.29281250E+02
 8558   0.21320180E+02
 8559   0.16800640E+02
 8560   0.14548270E+02
 8561   0.12646910E+02
 8562   0.10976380E+02
 8563   0.94280700E+01
 8564   0.68545400E+01
 8565   0.63158800E+01
 8566   0.91324400E+01
 8567   0.10519360E+02
 8568   0.94297300E+01
 8569   0.75751900E+01
 8570   0.51981700E+01
 8571   0.37669600E+01
 8572   0.52618000E+01
 8573   0.88608200E+01
 8574   0.21551350E+02
 8575   0.43394450E+02
 8576   0.20854290E+03
 8577   0.54916103E+03
 8578   0.36028356E+03
 8579   0.38235919E+03
 8580   0.16649685E+03
 8581   0.82152090E+02
 8582   0.53371090E+02
 8583   0.39197110E+02
 8584   0.36915280E+02
 8585   0.27929290E+02
 8586   0.19654910E+02
 8587   0.13641440E+02
 8588   0.95913300E+01
 8589   0.80468500E+01
 8590   0.70619500E+01
 8591   0.58570700E+01
 8592   0.90368400E+01
 8593   0.13332670E+02
 8594   0.12182400E+02
 8595   0.14900940E+02
 8596   0.16910880E+02
 8597   0.15875400E+02
 8598   0.17650360E+02
 8599   0.17625970E+02
 8600   0.19752360E+02
 8601   0.21861520E+02
 8602   0.22607850E+02
 8603   0.31505010E+02
 8604   0.31980440E+02
 8605   0.25908820E+02
 8606   0.26493570E+02
 8607   0.14998850E+03
 8608   0.10910022E+03
 8609   0.57685560E+02
 8610   0.35325690E+02
 8611   0.23661930E+02
 8612   0.16588700E+02
 8613   0.11504530E+02
 8614   0.81129300E+01
 8615   0.60639300E+01
 8616   0.40821600E+01
 8617   0.45101300E+01
 8618   0.52965500E+01
 8619   0.50491400E+01
 8620   0.40860400E+01
 8621   0.31580900E+01
 8622   0.24250400E+01
 8623   0.18827500E+01
 8624   0.14457500E+01
 8625   0.11282400E+01
 8626   0.68536000E+00
 8627   0.63729000E+00
 8628   0.50796000E+00
 8629   0.43383000E+00
 8630   0.37279000E+00
 8631   0.32082000E+00
 8632   0.26586000E+00
 8633   0.22754000E+00
 8634   0.18566000E+00
 8635   0.14281000E+00
 8636   0.11315000E+00
 8637   0.92190000E-01
 8638   0.78830000E-01
 8639   0.67760000E-01
 8640   0.64640000E-01
 8641   0.72290000E-01
 8642   0.82640000E-01
 8643   0.86080000E-01
 8644   0.82670000E-01
 8645   0.75900000E-01
 8646   0.68220000E-01
 8647   0.60780000E-01
 8648   0.54050000E-01
 8649   0.48130000E-01
 8650   0.42990000E-01
 8651   0.38550000E-01
 8652   0.34710000E-01
 8653   0.31390000E-01
 8654   0.28510000E-01
 8655   0.25990000E-01
 8656   0.23780000E-01
 8657   0.21840000E-01
 8658   0.20120000E-01
 8659   0.18600000E-01
 8660   0.17240000E-01
 8661   0.16020000E-01
 8662   0.14920000E-01
 8663   0.13940000E-01
 8664   0.13040000E-01
 8665   0.12230000E-01
 8666   0.11500000E-01
 8667   0.10820000E-01
 8668   0.10210000E-01
 8669   0.96400000E-02
 8670   0.91200000E-02
 8671   0.86400000E-02
 8672   0.82000000E-02
 8673   0.77900000E-02
 8674   0.74100000E-02
 8675   0.70600000E-02
 8676   0.67300000E-02
 8677   0.64200000E-02
 8678   0.61400000E-02
 8679   0.58700000E-02
 8680   0.56200000E-02
 8681   0.53800000E-02
 8682   0.51600000E-02
 8683   0.49600000E-02
 8684   0.47600000E-02
 8685   0.45800000E-02
 8686   0.44000000E-02
 8687   0.42400000E-02
 8688   0.40800000E-02
 8689   0.39400000E-02
 8690   0.38000000E-02
 8691   0.36600000E-02
 8692   0.35400000E-02
 8693   0.34200000E-02
 8694   0.33100000E-02
 8695   0.32000000E-02
 8696   0.31000000E-02
 8697   0.30000000E-02
 8698   0.77400000E-02
 8699   0.12390000E+00
 8700   0.18094000E+00
 8701   0.18264000E+00
 8702   0.16771000E+00
 8703   0.14891000E+00
 8704   0.13030000E+00
 8705   0.11222000E+00
 8706   0.95880000E-01
 8707   0.81970000E-01
 8708   0.70460000E-01
 8709   0.61010000E-01
 8710   0.53220000E-01
 8711   0.46790000E-01
 8712   0.41420000E-01
 8713   0.36910000E-01
 8714   0.33080000E-01
 8715   0.29820000E-01
 8716   0.27010000E-01
 8717   0.24580000E-01
 8718   0.22460000E-01
 8719   0.20610000E-01
 8720   0.18970000E-01
 8721   0.12778200E+01
 8722   0.68843000E+00
 8723   0.80070000E+00
 8724   0.11062600E+01
 8725   0.26364600E+01
 8726   0.38146400E+01
 8727   0.32376600E+01
 8728   0.18197800E+01
 8729   0.15438200E+01
 8730   0.11666900E+01
 8731   0.89586000E+00
 8732   0.73302000E+00
 8733   0.63407000E+00
 8734   0.49289000E+00
 8735   0.41680000E+00
 8736   0.35395000E+00
 8737   0.27970000E+00
 8738   0.22437000E+00
 8739   0.15271000E+00
 8740   0.10457000E+00
 8741   0.77430000E-01
 8742   0.60570000E-01
 8743   0.49260000E-01
 8744   0.41230000E-01
 8745   0.35270000E-01
 8746   0.30690000E-01
 8747   0.27070000E-01
 8748   0.24140000E-01
 8749   0.21730000E-01
 8750   0.19700000E-01
 8751   0.17980000E-01
 8752   0.16510000E-01
 8753   0.15400000E-01
 8754   0.14140000E-01
 8755   0.13150000E-01
 8756   0.12340000E-01
 8757   0.12140000E-01
 8758   0.11510000E-01
 8759   0.11310000E-01
 8760   0.11370000E-01
 8761   0.11700000E-01
 8762   0.12280000E-01
 8763   0.13997900E+01
 8764   0.10434200E+01
 8765   0.27581800E+01
 8766   0.78839300E+01
 8767   0.10470030E+02
 8768   0.92106200E+01
 8769   0.58334300E+01
 8770   0.42857300E+01
 8771   0.32563100E+01
 8772   0.25375700E+01
 8773   0.20506200E+01
 8774   0.17129600E+01
 8775   0.14175600E+01
 8776   0.12239700E+01
 8777   0.10288000E+01
 8778   0.15516600E+01
 8779   0.10974000E+01
 8780   0.68809000E+00
 8781   0.72332000E+00
 8782   0.64231000E+00
 8783   0.55995000E+00
 8784   0.49495000E+00
 8785   0.44786000E+00
 8786   0.41218000E+00
 8787   0.37683000E+00
 8788   0.34104000E+00
 8789   0.33778000E+00
 8790   0.26304000E+00
 8791   0.21924000E+00
 8792   0.20756000E+00
 8793   0.22280000E+00
 8794   0.25982000E+00
 8795   0.28005000E+00
 8796   0.39332000E+00
 8797   0.19150000E+01
 8798   0.53753100E+01
 8799   0.63322400E+01
 8800   0.42971100E+01
 8801   0.47177100E+01
 8802   0.51350000E+01
 8803   0.93282300E+01
 8804   0.22474540E+02
 8805   0.21143930E+02
 8806   0.16327810E+02
 8807   0.12117430E+02
 8808   0.89337200E+01
 8809   0.63329800E+01
 8810   0.38010500E+01
 8811   0.30552400E+01
 8812   0.24361400E+01
 8813   0.19841700E+01
 8814   0.21285700E+01
 8815   0.40915900E+01
 8816   0.39139300E+01
 8817   0.44858100E+01
 8818   0.67738400E+01
 8819   0.90580400E+01
 8820   0.87679300E+01
 8821   0.58328100E+01
 8822   0.43693000E+01
 8823   0.33097400E+01
 8824   0.25940600E+01
 8825   0.20873200E+01
 8826   0.27485200E+01
 8827   0.86801700E+01
 8828   0.26686670E+02
 8829   0.10582865E+03
 8830   0.13660583E+03
 8831   0.11334093E+03
 8832   0.77266980E+02
 8833   0.54050080E+02
 8834   0.53687850E+02
 8835   0.59684050E+02
 8836   0.44009210E+02
 8837   0.30239270E+02
 8838   0.26325840E+02
 8839   0.24359110E+02
 8840   0.48426710E+02
 8841   0.61044140E+02
 8842   0.63543720E+02
 8843   0.44171360E+02
 8844   0.30329900E+02
 8845   0.26098750E+02
 8846   0.25785580E+02
 8847   0.43286450E+02
 8848   0.46563960E+02
 8849   0.37905470E+02
 8850   0.28533180E+02
 8851   0.19558480E+02
 8852   0.14118980E+02
 8853   0.10292110E+02
 8854   0.74476600E+01
 8855   0.54550900E+01
 8856   0.41957500E+01
 8857   0.33061600E+01
 8858   0.27561400E+01
 8859   0.35354900E+01
 8860   0.33491700E+01
 8861   0.30453300E+01
 8862   0.37852800E+01
 8863   0.92635000E+01
 8864   0.14992950E+02
 8865   0.13465530E+02
 8866   0.10516580E+02
 8867   0.78730500E+01
 8868   0.85262000E+01
 8869   0.98594600E+01
 8870   0.17355640E+02
 8871   0.18639510E+02
 8872   0.13753310E+02
 8873   0.10242300E+02
 8874   0.72858500E+01
 8875   0.51742700E+01
 8876   0.39624300E+01
 8877   0.30676600E+01
 8878   0.28177700E+01
 8879   0.19744190E+02
 8880   0.31404300E+02
 8881   0.33871010E+02
 8882   0.46986390E+02
 8883   0.80121870E+02
 8884   0.73863100E+02
 8885   0.49059760E+02
 8886   0.35121390E+02
 8887   0.25017970E+02
 8888   0.19740550E+02
 8889   0.15970070E+02
 8890   0.12101760E+02
 8891   0.87892500E+01
 8892   0.51177500E+01
 8893   0.47375600E+01
 8894   0.75102100E+01
 8895   0.78599500E+01
 8896   0.86719400E+01
 8897   0.18955670E+02
 8898   0.52890150E+02
 8899   0.93172890E+02
 8900   0.58027080E+02
 8901   0.36610230E+02
 8902   0.25874440E+02
 8903   0.32407100E+02
 8904   0.40632260E+02
 8905   0.48493340E+02
 8906   0.52882190E+02
 8907   0.40599640E+02
 8908   0.28918810E+02
 8909   0.20617290E+02
 8910   0.16925490E+02
 8911   0.17960010E+02
 8912   0.53045920E+02
 8913   0.42507750E+02
 8914   0.29538010E+02
 8915   0.22388450E+02
 8916   0.21299760E+02
 8917   0.23861350E+02
 8918   0.21190110E+02
 8919   0.17033180E+02
 8920   0.13005880E+02
 8921   0.96955800E+01
 8922   0.69434300E+01
 8923   0.41025000E+01
 8924   0.79657900E+01
 8925   0.12215680E+02
 8926   0.36113560E+02
 8927   0.50743500E+02
 8928   0.42439920E+02
 8929   0.41795200E+02
 8930   0.37714310E+02
 8931   0.29138170E+02
 8932   0.28659520E+02
 8933   0.17582113E+03
 8934   0.39202387E+03
 8935   0.15686204E+03
 8936   0.82631960E+02
 8937   0.76393540E+02
 8938   0.12859448E+03
 8939   0.14015941E+03
 8940   0.14523575E+03
 8941   0.18743506E+03
 8942   0.19723368E+03
 8943   0.11388381E+03
 8944   0.62026880E+02
 8945   0.38202210E+02
 8946   0.25221440E+02
 8947   0.17420390E+02
 8948   0.11962980E+02
 8949   0.83124700E+01
 8950   0.68152100E+01
 8951   0.68833500E+01
 8952   0.11289740E+02
 8953   0.88900180E+02
 8954   0.18985104E+03
 8955   0.10864842E+03
 8956   0.67368030E+02
 8957   0.30557307E+03
 8958   0.41142837E+03
 8959   0.15675934E+03
 8960   0.93905230E+02
 8961   0.64875150E+02
 8962   0.73525720E+02
 8963   0.56445320E+02
 8964   0.38890020E+02
 8965   0.30349830E+02
 8966   0.24035120E+02
 8967   0.20304430E+02
 8968   0.15316820E+02
 8969   0.12402540E+02
 8970   0.96034200E+01
 8971   0.70878600E+01
 8972   0.48020400E+01
 8973   0.34784800E+01
 8974   0.20759000E+01
 8975   0.19344000E+01
 8976   0.31768800E+01
 8977   0.60745710E+02
 8978   0.11594288E+03
 8979   0.97795260E+02
 8980   0.56182460E+02
 8981   0.34018540E+02
 8982   0.22273590E+02
 8983   0.15069430E+02
 8984   0.10073950E+02
 8985   0.61299400E+01
 8986   0.44654800E+01
 8987   0.45215500E+01
 8988   0.61530400E+01
 8989   0.54337500E+01
 8990   0.73149700E+01
 8991   0.18642380E+02
 8992   0.18847820E+02
 8993   0.12422140E+02
 8994   0.91250300E+01
 8995   0.37095250E+02
 8996   0.70435680E+02
 8997   0.83851430E+02
 8998   0.69287120E+02
 8999   0.44881840E+02
 9000   0.29317630E+02
 9001   0.19939330E+02
 9002   0.13583480E+02
 9003   0.92993600E+01
 9004   0.66054500E+01
 9005   0.39399100E+01
 9006   0.31545300E+01
 9007   0.24327300E+01
 9008   0.19191000E+01
 9009   0.15519600E+01
 9010   0.12246900E+01
 9011   0.95617000E+00
 9012   0.76174000E+00
 9013   0.64124000E+00
 9014   0.50974000E+00
 9015   0.40357000E+00
 9016   0.34675000E+00
 9017   0.31227000E+00
 9018   0.27144000E+00
 9019   0.24089000E+00
 9020   0.21129000E+00
 9021   0.18348000E+00
 9022   0.15739000E+00
 9023   0.13553000E+00
 9024   0.11482000E+00
 9025   0.96740000E-01
 9026   0.81850000E-01
 9027   0.70500000E-01
 9028   0.10320520E+02
 9029   0.40178320E+02
 9030   0.93247540E+02
 9031   0.58648550E+02
 9032   0.48597650E+02
 9033   0.32000255E+03
 9034   0.21043848E+03
 9035   0.10565095E+03
 9036   0.56432090E+02
 9037   0.34702830E+02
 9038   0.22995880E+02
 9039   0.15803780E+02
 9040   0.10642500E+02
 9041   0.77140700E+01
 9042   0.54335300E+01
 9043   0.40390400E+01
 9044   0.30608400E+01
 9045   0.23345600E+01
 9046   0.13790300E+01
 9047   0.12572500E+01
 9048   0.98983000E+00
 9049   0.79927000E+00
 9050   0.69711000E+00
 9051   0.61740000E+00
 9052   0.82421000E+00
 9053   0.51965000E+00
 9054   0.49907000E+00
 9055   0.48368000E+00
 9056   0.42022000E+00
 9057   0.41472000E+00
 9058   0.42608000E+00
 9059   0.43245000E+00
 9060   0.44843000E+00
 9061   0.47104000E+00
 9062   0.48398000E+00
 9063   0.48077000E+00
 9064   0.46674000E+00
 9065   0.43865000E+00
 9066   0.39774000E+00
 9067   0.31399000E+00
 9068   0.26044000E+00
 9069   0.22746000E+00
 9070   0.19840000E+00
 9071   0.50189000E+00
 9072   0.30903000E+00
 9073   0.31914000E+00
 9074   0.32028000E+00
 9075   0.39565000E+01
 9076   0.64344200E+01
 9077   0.70583000E+01
 9078   0.95459900E+01
 9079   0.10629960E+02
 9080   0.91012800E+01
 9081   0.69560800E+01
 9082   0.47170600E+01
 9083   0.34787700E+01
 9084   0.26660600E+01
 9085   0.21062500E+01
 9086   0.16936900E+01
 9087   0.89921000E+00
 9088   0.91579000E+00
 9089   0.74330000E+00
 9090   0.62627000E+00
 9091   0.50125000E+00
 9092   0.44118000E+00
 9093   0.39059000E+00
 9094   0.47514000E+00
 9095   0.38169000E+00
 9096   0.38304000E+00
 9097   0.34849000E+00
 9098   0.35334000E+00
 9099   0.37179000E+00
 9100   0.38559000E+00
 9101   0.39704000E+00
 9102   0.39670000E+00
 9103   0.38179000E+00
 9104   0.36201000E+00
 9105   0.34197000E+00
 9106   0.31736000E+00
 9107   0.28775000E+00
 9108   0.23983000E+00
 9109   0.20194000E+00
 9110   0.17668000E+00
 9111   0.15619000E+00
 9112   0.13950000E+00
 9113   0.12298000E+00
 9114   0.10612000E+00
 9115   0.90540000E-01
 9116   0.77230000E-01
 9117   0.66240000E-01
 9118   0.57250000E-01
 9119   0.49900000E-01
 9120   0.43840000E-01
 9121   0.38810000E-01
 9122   0.34600000E-01
 9123   0.31040000E-01
 9124   0.28000000E-01
 9125   0.25400000E-01
 9126   0.23150000E-01
 9127   0.21190000E-01
 9128   0.19470000E-01
 9129   0.17950000E-01
 9130   0.16610000E-01
 9131   0.15420000E-01
 9132   0.14350000E-01
 9133   0.13390000E-01
 9134   0.16040000E-01
 9135   0.14309000E+00
 9136   0.17570000E+00
 9137   0.24271000E+00
 9138   0.25039000E+00
 9139   0.26657000E+00
 9140   0.32112000E+00
 9141   0.37781000E+00
 9142   0.44807000E+00
 9143   0.49409000E+00
 9144   0.50684000E+00
 9145   0.49418000E+00
 9146   0.46775000E+00
 9147   0.43473000E+00
 9148   0.39659000E+00
 9149   0.34083000E+00
 9150   0.27075000E+00
 9151   0.24269000E+00
 9152   0.23138000E+00
 9153   0.23056000E+00
 9154   0.59401000E+00
 9155   0.33233000E+00
 9156   0.39462000E+00
 9157   0.58673000E+00
 9158   0.95140000E+00
 9159   0.91482000E+00
 9160   0.13046400E+01
 9161   0.13507800E+01
 9162   0.12848500E+01
 9163   0.20097400E+01
 9164   0.23888200E+01
 9165   0.25476600E+01
 9166   0.22066200E+01
 9167   0.19602800E+01
 9168   0.18761400E+01
 9169   0.11791200E+01
 9170   0.13068000E+01
 9171   0.11794600E+01
 9172   0.10695100E+01
 9173   0.10011100E+01
 9174   0.89239000E+00
 9175   0.79937000E+00
 9176   0.70906000E+00
 9177   0.63406000E+00
 9178   0.47463000E+00
 9179   0.36277000E+00
 9180   0.30270000E+00
 9181   0.28167000E+00
 9182   0.76080000E+00
 9183   0.51405000E+00
 9184   0.62005000E+00
 9185   0.78432000E+00
 9186   0.17436700E+01
 9187   0.33282900E+01
 9188   0.68152300E+01
 9189   0.12240150E+02
 9190   0.21532900E+02
 9191   0.24615150E+02
 9192   0.28628480E+02
 9193   0.25383030E+02
 9194   0.19623600E+02
 9195   0.14477140E+02
 9196   0.11893150E+02
 9197   0.96655500E+01
 9198   0.92657400E+01
 9199   0.11301650E+02
 9200   0.11276800E+02
 9201   0.10858880E+02
 9202   0.15280530E+02
 9203   0.17385610E+02
 9204   0.30323230E+02
 9205   0.42550490E+02
 9206   0.59374400E+02
 9207   0.46087970E+02
 9208   0.31707870E+02
 9209   0.23629020E+02
 9210   0.16810990E+02
 9211   0.12494080E+02
 9212   0.37305490E+02
 9213   0.19415835E+03
 9214   0.12587298E+03
 9215   0.76273180E+02
 9216   0.49582900E+02
 9217   0.38129460E+02
 9218   0.36392180E+02
 9219   0.56294570E+02
 9220   0.45014000E+02
 9221   0.31334150E+02
 9222   0.23368160E+02
 9223   0.17912440E+02
 9224   0.15118560E+02
 9225   0.13914670E+02
 9226   0.11973420E+02
 9227   0.98934800E+01
 9228   0.94984000E+01
 9229   0.87519400E+01
 9230   0.11247780E+02
 9231   0.13714680E+02
 9232   0.12554510E+02
 9233   0.98982800E+01
 9234   0.75196500E+01
 9235   0.54115900E+01
 9236   0.41530300E+01
 9237   0.33095300E+01
 9238   0.35391400E+01
 9239   0.26766200E+01
 9240   0.23206500E+01
 9241   0.19611600E+01
 9242   0.29304100E+01
 9243   0.33156100E+01
 9244   0.29433800E+01
 9245   0.24137100E+01
 9246   0.25540300E+01
 9247   0.37794950E+02
 9248   0.17100209E+03
 9249   0.10630957E+03
 9250   0.79139620E+02
 9251   0.60660220E+02
 9252   0.44716300E+02
 9253   0.32699740E+02
 9254   0.24093160E+02
 9255   0.19198600E+02
 9256   0.19023140E+02
 9257   0.19608030E+02
 9258   0.31987050E+02
 9259   0.28626520E+02
 9260   0.20864810E+02
 9261   0.14651540E+02
 9262   0.10949470E+02
 9263   0.83847900E+01
 9264   0.68630200E+01
 9265   0.53470900E+01
 9266   0.41885500E+01
 9267   0.32242000E+01
 9268   0.71566400E+01
 9269   0.62718800E+01
 9270   0.63234100E+01
 9271   0.71367100E+01
 9272   0.75364100E+01
 9273   0.78497000E+01
 9274   0.67928400E+01
 9275   0.61518900E+01
 9276   0.72750000E+01
 9277   0.91165700E+01
 9278   0.98320700E+01
 9279   0.13016070E+02
 9280   0.19315060E+02
 9281   0.22975680E+02
 9282   0.20442150E+02
 9283   0.16255720E+02
 9284   0.11919920E+02
 9285   0.86090700E+01
 9286   0.56256800E+01
 9287   0.37770200E+01
 9288   0.32021900E+01
 9289   0.23997190E+02
 9290   0.18075230E+03
 9291   0.17802986E+03
 9292   0.93315970E+02
 9293   0.53687540E+02
 9294   0.33582500E+02
 9295   0.22298690E+02
 9296   0.15634820E+02
 9297   0.14324660E+02
 9298   0.44133310E+02
 9299   0.11689759E+03
 9300   0.65242270E+02
 9301   0.45472130E+02
 9302   0.43977270E+02
 9303   0.15072098E+03
 9304   0.11367653E+03
 9305   0.69912870E+02
 9306   0.52040760E+02
 9307   0.88449810E+02
 9308   0.34524965E+03
 9309   0.25395661E+03
 9310   0.14921044E+03
 9311   0.10442959E+03
 9312   0.84221190E+02
 9313   0.69412870E+02
 9314   0.52227270E+02
 9315   0.42284930E+02
 9316   0.39759260E+02
 9317   0.35100810E+02
 9318   0.13847491E+03
 9319   0.43247598E+03
 9320   0.51483906E+03
 9321   0.28094044E+03
 9322   0.25581017E+03
 9323   0.18829572E+03
 9324   0.17093341E+03
 9325   0.12308518E+03
 9326   0.80982210E+02
 9327   0.97927340E+02
 9328   0.13851244E+03
 9329   0.11992032E+03
 9330   0.73888660E+02
 9331   0.45569890E+02
 9332   0.30109060E+02
 9333   0.24137120E+02
 9334   0.28372350E+02
 9335   0.41341580E+02
 9336   0.47677990E+02
 9337   0.36680720E+02
 9338   0.26959360E+02
 9339   0.19244970E+02
 9340   0.13602500E+02
 9341   0.99460200E+01
 9342   0.13078930E+02
 9343   0.20997380E+02
 9344   0.82238000E+02
 9345   0.45709371E+03
 9346   0.61394295E+03
 9347   0.40951977E+03
 9348   0.27677156E+03
 9349   0.19761157E+03
 9350   0.94236700E+02
 9351   0.51717620E+02
 9352   0.31742250E+02
 9353   0.23061130E+02
 9354   0.15652930E+02
 9355   0.14823140E+02
 9356   0.62755670E+02
 9357   0.13324788E+03
 9358   0.86385280E+02
 9359   0.57702890E+02
 9360   0.35337160E+02
 9361   0.23218680E+02
 9362   0.16926490E+02
 9363   0.12391410E+02
 9364   0.81022800E+01
 9365   0.55685700E+01
 9366   0.40752900E+01
 9367   0.30121100E+01
 9368   0.23110000E+01
 9369   0.23790600E+01
 9370   0.19962400E+01
 9371   0.16038900E+01
 9372   0.12770200E+01
 9373   0.10201200E+01
 9374   0.68011000E+00
 9375   0.19418300E+01
 9376   0.12034500E+01
 9377   0.11482300E+01
 9378   0.95918000E+00
 9379   0.77200000E+00
 9380   0.67439000E+00
 9381   0.58395000E+00
 9382   0.49862000E+00
 9383   0.44945000E+00
 9384   0.36194000E+00
 9385   0.31014000E+00
 9386   0.26969000E+00
 9387   0.23071000E+00
 9388   0.37071000E+00
 9389   0.73880000E+00
 9390   0.24167000E+01
 9391   0.71188500E+01
 9392   0.10024270E+02
 9393   0.94566100E+01
 9394   0.74070000E+01
 9395   0.43286400E+01
 9396   0.34088500E+01
 9397   0.27144400E+01
 9398   0.21704900E+01
 9399   0.17400100E+01
 9400   0.14054900E+01
 9401   0.11358800E+01
 9402   0.89940000E+00
 9403   0.72098000E+00
 9404   0.62093000E+00
 9405   0.44047000E+00
 9406   0.37599000E+00
 9407   0.32761000E+00
 9408   0.27714000E+00
 9409   0.24410000E+00
 9410   0.21237000E+00
 9411   0.18232000E+00
 9412   0.15381000E+00
 9413   0.12938000E+00
 9414   0.10801000E+00
 9415   0.90400000E-01
 9416   0.86880000E-01
 9417   0.78760000E-01
 9418   0.14120000E+00
 9419   0.18337000E+00
 9420   0.18550000E+00
 9421   0.17280000E+00
 9422   0.15315000E+00
 9423   0.13233000E+00
 9424   0.11266000E+00
 9425   0.95640000E-01
 9426   0.81520000E-01
 9427   0.70000000E-01
 9428   0.60590000E-01
 9429   0.52880000E-01
 9430   0.46510000E-01
 9431   0.41200000E-01
 9432   0.36740000E-01
 9433   0.32950000E-01
 9434   0.29720000E-01
 9435   0.26940000E-01
 9436   0.24540000E-01
 9437   0.22440000E-01
 9438   0.30482000E+00
 9439   0.28740000E+00
 9440   0.32574000E+00
 9441   0.35611000E+00
 9442   0.39243000E+00
 9443   0.42689000E+00
 9444   0.44787000E+00
 9445   0.45250000E+00
 9446   0.39749000E+00
 9447   0.37223000E+00
 9448   0.34740000E+00
 9449   0.31737000E+00
 9450   0.28181000E+00
 9451   0.25212000E+00
 9452   0.22214000E+00
 9453   0.19298000E+00
 9454   0.16017000E+00
 9455   0.13330000E+00
 9456   0.11118000E+00
 9457   0.93230000E-01
 9458   0.78880000E-01
 9459   0.67430000E-01
 9460   0.58220000E-01
 9461   0.50760000E-01
 9462   0.44630000E-01
 9463   0.39560000E-01
 9464   0.35310000E-01
 9465   0.31720000E-01
 9466   0.28660000E-01
 9467   0.26020000E-01
 9468   0.23740000E-01
 9469   0.21750000E-01
 9470   0.23390000E-01
 9471   0.20690000E-01
 9472   0.27070000E-01
 9473   0.75570000E-01
 9474   0.11985000E+00
 9475   0.13056000E+00
 9476   0.12433000E+00
 9477   0.11115000E+00
 9478   0.96720000E-01
 9479   0.83500000E-01
 9480   0.72150000E-01
 9481   0.62650000E-01
 9482   0.54740000E-01
 9483   0.48160000E-01
 9484   0.42640000E-01
 9485   0.37990000E-01
 9486   0.40127000E+00
 9487   0.31569000E+00
 9488   0.31991000E+00
 9489   0.91323000E+00
 9490   0.52327100E+01
 9491   0.14011790E+02
 9492   0.61414590E+02
 9493   0.58317170E+02
 9494   0.47506240E+02
 9495   0.38699700E+02
 9496   0.29053870E+02
 9497   0.20424030E+02
 9498   0.15556400E+02
 9499   0.11752210E+02
 9500   0.86121500E+01
 9501   0.61538100E+01
 9502   0.46381400E+01
 9503   0.36129400E+01
 9504   0.29222500E+01
 9505   0.24430100E+01
 9506   0.20255300E+01
 9507   0.10937900E+01
 9508   0.11223500E+01
 9509   0.91235000E+00
 9510   0.74751000E+00
 9511   0.63359000E+00
 9512   0.51034000E+00
 9513   0.45166000E+00
 9514   0.41346000E+00
 9515   0.37955000E+00
 9516   0.34525000E+00
 9517   0.36053000E+00
 9518   0.30586000E+00
 9519   0.29831000E+00
 9520   0.31273000E+00
 9521   0.31866000E+00
 9522   0.32972000E+00
 9523   0.34848000E+00
 9524   0.36603000E+00
 9525   0.38153000E+00
 9526   0.38856000E+00
 9527   0.41885000E+00
 9528   0.34938000E+00
 9529   0.32329000E+00
 9530   0.31251000E+00
 9531   0.30298000E+00
 9532   0.34736000E+00
 9533   0.66204000E+00
 9534   0.90726000E+00
 9535   0.72280100E+01
 9536   0.22177470E+02
 9537   0.23237780E+02
 9538   0.18525940E+02
 9539   0.14676940E+02
 9540   0.11402600E+02
 9541   0.84736500E+01
 9542   0.58714800E+01
 9543   0.43531000E+01
 9544   0.33627100E+01
 9545   0.26836500E+01
 9546   0.21954400E+01
 9547   0.18037400E+01
 9548   0.94099000E+00
 9549   0.96905000E+00
 9550   0.80224000E+00
 9551   0.66410000E+00
 9552   0.52373000E+00
 9553   0.45975000E+00
 9554   0.41705000E+00
 9555   0.38291000E+00
 9556   0.35462000E+00
 9557   0.32699000E+00
 9558   0.28974000E+00
 9559   0.23921000E+00
 9560   0.19218000E+00
 9561   0.17917000E+00
 9562   0.19354000E+00
 9563   0.20615000E+00
 9564   0.24229000E+00
 9565   0.26861000E+00
 9566   0.27950000E+00
 9567   0.29016000E+00
 9568   0.29331000E+00
 9569   0.27189000E+00
 9570   0.25854000E+00
 9571   0.26389000E+00
 9572   0.26233000E+00
 9573   0.64821200E+01
 9574   0.68716880E+02
 9575   0.73745840E+02
 9576   0.67312380E+02
 9577   0.51130700E+02
 9578   0.34948010E+02
 9579   0.22657170E+02
 9580   0.24122870E+02
 9581   0.25702990E+02
 9582   0.63077650E+02
 9583   0.57832260E+02
 9584   0.53169350E+02
 9585   0.39683230E+02
 9586   0.27671800E+02
 9587   0.19526880E+02
 9588   0.13683050E+02
 9589   0.86419300E+01
 9590   0.61386700E+01
 9591   0.45440700E+01
 9592   0.34551100E+01
 9593   0.27601000E+01
 9594   0.26523600E+01
 9595   0.20693500E+01
 9596   0.17567400E+01
 9597   0.14861100E+01
 9598   0.12162200E+01
 9599   0.10452200E+01
 9600   0.67713000E+00
 9601   0.68495000E+00
 9602   0.63053000E+00
 9603   0.55865000E+00
 9604   0.50658000E+00
 9605   0.50672000E+00
 9606   0.60538000E+00
 9607   0.59318000E+00
 9608   0.65805000E+00
 9609   0.87504000E+00
 9610   0.97805000E+00
 9611   0.14241800E+01
 9612   0.13996600E+01
 9613   0.12120700E+01
 9614   0.10109800E+01
 9615   0.83757000E+00
 9616   0.70791000E+00
 9617   0.60731000E+00
 9618   0.48009000E+00
 9619   0.40999000E+00
 9620   0.30797000E+00
 9621   0.27961000E+00
 9622   0.37240000E+00
 9623   0.35094000E+00
 9624   0.36407000E+00
 9625   0.40100000E+00
 9626   0.47770000E+00
 9627   0.64069000E+00
 9628   0.11073100E+01
 9629   0.18050700E+01
 9630   0.31970400E+01
 9631   0.68908200E+01
 9632   0.27888220E+02
 9633   0.66186970E+02
 9634   0.51356980E+02
 9635   0.46166920E+02
 9636   0.55979810E+02
 9637   0.63182420E+02
 9638   0.47322550E+02
 9639   0.33404490E+02
 9640   0.29638490E+02
 9641   0.27863580E+02
 9642   0.66049890E+02
 9643   0.52677530E+02
 9644   0.46651010E+02
 9645   0.20573190E+03
 9646   0.23357030E+03
 9647   0.18784286E+03
 9648   0.19813404E+03
 9649   0.17339725E+03
 9650   0.95127490E+02
 9651   0.52848030E+02
 9652   0.34013170E+02
 9653   0.23302480E+02
 9654   0.16632320E+02
 9655   0.12161230E+02
 9656   0.12712840E+02
 9657   0.80575070E+02
 9658   0.30513891E+03
 9659   0.30185327E+03
 9660   0.20361379E+03
 9661   0.10530165E+03
 9662   0.63324110E+02
 9663   0.43463360E+02
 9664   0.33147930E+02
 9665   0.31596600E+02
 9666   0.49216840E+02
 9667   0.73387500E+02
 9668   0.64454900E+02
 9669   0.76775040E+02
 9670   0.14722680E+03
 9671   0.18173801E+03
 9672   0.10491117E+03
 9673   0.57541440E+02
 9674   0.34876590E+02
 9675   0.22876910E+02
 9676   0.15717830E+02
 9677   0.10547940E+02
 9678   0.75777900E+01
 9679   0.52642000E+01
 9680   0.38902300E+01
 9681   0.29562200E+01
 9682   0.18418700E+01
 9683   0.21203900E+01
 9684   0.20116440E+02
 9685   0.26964801E+03
 9686   0.13427662E+03
 9687   0.87028000E+02
 9688   0.80861090E+02
 9689   0.59027030E+02
 9690   0.39707650E+02
 9691   0.26112440E+02
 9692   0.17075400E+02
 9693   0.12272170E+02
 9694   0.87487200E+01
 9695   0.78536600E+01
 9696   0.10381090E+02
 9697   0.73033190E+02
 9698   0.72103510E+02
 9699   0.57709120E+02
 9700   0.39404440E+02
 9701   0.29940620E+02
 9702   0.19837100E+02
 9703   0.13736050E+02
 9704   0.97240700E+01
 9705   0.69448000E+01
 9706   0.49329700E+01
 9707   0.37460500E+01
 9708   0.28843200E+01
 9709   0.27606800E+01
 9710   0.20028400E+01
 9711   0.15735700E+01
 9712   0.10943200E+01
 9713   0.13322250E+02
 9714   0.45976356E+03
 9715   0.35555833E+03
 9716   0.26796919E+03
 9717   0.22521851E+03
 9718   0.18051554E+03
 9719   0.30415931E+03
 9720   0.28889289E+03
 9721   0.15323277E+03
 9722   0.11294130E+03
 9723   0.12349147E+03
 9724   0.94434380E+02
 9725   0.57498300E+02
 9726   0.36620770E+02
 9727   0.25379800E+02
 9728   0.18820350E+02
 9729   0.12805880E+02
 9730   0.96638600E+01
 9731   0.79761300E+01
 9732   0.98287700E+01
 9733   0.71871400E+01
 9734   0.71792900E+01
 9735   0.10643310E+02
 9736   0.16141950E+02
 9737   0.24502150E+02
 9738   0.41058850E+02
 9739   0.10485275E+03
 9740   0.10310959E+03
 9741   0.11238844E+03
 9742   0.97742240E+02
 9743   0.66170460E+02
 9744   0.43215530E+02
 9745   0.29989080E+02
 9746   0.22180820E+02
 9747   0.16589820E+02
 9748   0.12600210E+02
 9749   0.99162800E+01
 9750   0.76045900E+01
 9751   0.54987900E+01
 9752   0.40381300E+01
 9753   0.24450300E+01
 9754   0.20635800E+01
 9755   0.16590000E+01
 9756   0.14274600E+01
 9757   0.11593800E+01
 9758   0.10024300E+01
 9759   0.84948000E+00
 9760   0.73560000E+00
 9761   0.63047000E+00
 9762   0.51307000E+00
 9763   0.44611000E+00
 9764   0.34905000E+00
 9765   0.29004000E+00
 9766   0.25594000E+00
 9767   0.22431000E+00
 9768   0.19470000E+00
 9769   0.16631000E+00
 9770   0.14359000E+00
 9771   0.12280000E+00
 9772   0.10391000E+00
 9773   0.87860000E-01
 9774   0.74740000E-01
 9775   0.68190000E-01
 9776   0.56410000E-01
 9777   0.49570000E-01
 9778   0.44520000E-01
 9779   0.77290000E-01
 9780   0.17279000E+00
 9781   0.20889000E+00
 9782   0.22705000E+00
 9783   0.23011000E+00
 9784   0.22502000E+00
 9785   0.20827000E+00
 9786   0.19401000E+00
 9787   0.15799000E+00
 9788   0.12187000E+00
 9789   0.95080000E-01
 9790   0.75900000E-01
 9791   0.62010000E-01
 9792   0.15284000E+00
 9793   0.19013000E+00
 9794   0.26368000E+00
 9795   0.10742550E+02
 9796   0.36598720E+02
 9797   0.36095950E+02
 9798   0.24891020E+02
 9799   0.17446400E+02
 9800   0.12197990E+02
 9801   0.84720000E+01
 9802   0.56946900E+01
 9803   0.41641600E+01
 9804   0.31682700E+01
 9805   0.18584100E+01
 9806   0.16417900E+01
 9807   0.13075700E+01
 9808   0.10768300E+01
 9809   0.92005000E+00
 9810   0.75154000E+00
 9811   0.63424000E+00
 9812   0.49998000E+00
 9813   0.43691000E+00
 9814   0.38390000E+00
 9815   0.29903000E+00
 9816   0.25075600E+01
 9817   0.10648800E+01
 9818   0.21239500E+01
 9819   0.90305400E+01
 9820   0.13842210E+02
 9821   0.11879490E+02
 9822   0.10806350E+02
 9823   0.84195500E+01
 9824   0.60147200E+01
 9825   0.50303200E+01
 9826   0.40119000E+01
 9827   0.33397900E+01
 9828   0.27925500E+01
 9829   0.23491200E+01
 9830   0.31398500E+01
 9831   0.24850000E+01
 9832   0.21524200E+01
 9833   0.17852100E+01
 9834   0.14990100E+01
 9835   0.86641000E+00
 9836   0.10812000E+01
 9837   0.10075600E+01
 9838   0.17175800E+01
 9839   0.21119100E+01
 9840   0.55741500E+01
 9841   0.83862500E+01
 9842   0.17088700E+02
 9843   0.19542230E+02
 9844   0.16140160E+02
 9845   0.12172150E+02
 9846   0.78731500E+01
 9847   0.54655800E+01
 9848   0.41047100E+01
 9849   0.31919200E+01
 9850   0.25309700E+01
 9851   0.23823300E+01
 9852   0.31367600E+01
 9853   0.36079900E+01
 9854   0.33128500E+01
 9855   0.31296300E+01
 9856   0.30737100E+01
 9857   0.37931000E+01
 9858   0.39336600E+01
 9859   0.40236000E+01
 9860   0.34386400E+01
 9861   0.30448100E+01
 9862   0.28203900E+01
 9863   0.26398300E+01
 9864   0.23598800E+01
 9865   0.20543300E+01
 9866   0.11569800E+01
 9867   0.11923400E+01
 9868   0.10187700E+01
 9869   0.88693000E+00
 9870   0.77527000E+00
 9871   0.68036000E+00
 9872   0.58675000E+00
 9873   0.46413000E+00
 9874   0.40514000E+00
 9875   0.76793000E+00
 9876   0.10833300E+01
 9877   0.23027400E+01
 9878   0.64081900E+01
 9879   0.12340330E+02
 9880   0.12340190E+02
 9881   0.14953800E+02
 9882   0.14416780E+02
 9883   0.17654340E+02
 9884   0.22225910E+02
 9885   0.18903250E+02
 9886   0.14138990E+02
 9887   0.91762000E+01
 9888   0.63636100E+01
 9889   0.46425000E+01
 9890   0.35570600E+01
 9891   0.28127200E+01
 9892   0.75060200E+01
 9893   0.10049450E+02
 9894   0.13494350E+02
 9895   0.21489020E+02
 9896   0.19968390E+02
 9897   0.14067270E+02
 9898   0.10357720E+02
 9899   0.74190700E+01
 9900   0.52504800E+01
 9901   0.39983600E+01
 9902   0.31214900E+01
 9903   0.24916500E+01
 9904   0.21037700E+01
 9905   0.36433000E+01
 9906   0.18317390E+02
 9907   0.62691030E+02
 9908   0.10999822E+03
 9909   0.68667230E+02
 9910   0.55437300E+02
 9911   0.53137500E+02
 9912   0.51170090E+02
 9913   0.36147800E+02
 9914   0.26608990E+02
 9915   0.20483840E+02
 9916   0.17256050E+02
 9917   0.13657080E+02
 9918   0.11168710E+02
 9919   0.85878800E+01
 9920   0.62036500E+01
 9921   0.46908900E+01
 9922   0.36322700E+01
 9923   0.28440200E+01
 9924   0.25035800E+01
 9925   0.21083400E+01
 9926   0.17338500E+01
 9927   0.14292500E+01
 9928   0.77694000E+00
 9929   0.79051000E+00
 9930   0.70876000E+00
 9931   0.69463000E+00
 9932   0.65155000E+00
 9933   0.56476000E+00
 9934   0.49253000E+00
 9935   0.69867000E+00
 9936   0.48984000E+00
 9937   0.28272700E+01
 9938   0.43999900E+01
 9939   0.88093400E+01
 9940   0.18367310E+02
 9941   0.20524870E+02
 9942   0.21417210E+02
 9943   0.28755590E+02
 9944   0.37298450E+02
 9945   0.33996440E+02
 9946   0.27078070E+02
 9947   0.26503320E+02
 9948   0.26429810E+02
 9949   0.44199500E+02
 9950   0.56539490E+02
 9951   0.58210350E+02
 9952   0.48261870E+02
 9953   0.40968950E+02
 9954   0.37748110E+02
 9955   0.38875590E+02
 9956   0.29742660E+02
 9957   0.21276870E+02
 9958   0.13978250E+02
 9959   0.97733300E+01
 9960   0.74930900E+01
 9961   0.66999400E+01
 9962   0.52293700E+01
 9963   0.56929400E+01
 9964   0.69789500E+01
 9965   0.72600600E+01
 9966   0.66285800E+01
 9967   0.58776000E+01
 9968   0.48019400E+01
 9969   0.31024700E+01
 9970   0.75489000E+01
 9971   0.77737300E+01
 9972   0.12718380E+02
 9973   0.21817870E+02
 9974   0.18845790E+02
 9975   0.14019440E+02
 9976   0.10229940E+02
 9977   0.72474300E+01
 9978   0.72341600E+01
 9979   0.47315600E+01
 9980   0.42535800E+01
 9981   0.46851800E+01
 9982   0.54024700E+01
 9983   0.51277800E+01
 9984   0.41127700E+01
 9985   0.32703300E+01
 9986   0.25684800E+01
 9987   0.20484800E+01
 9988   0.33422100E+01
 9989   0.17954070E+02
 9990   0.16345663E+03
 9991   0.10084629E+03
 9992   0.56363160E+02
 9993   0.46192020E+02
 9994   0.45563780E+02
 9995   0.59614390E+02
 9996   0.40034810E+02
 9997   0.26630150E+02
 9998   0.18296470E+02
 9999   0.12082180E+02
10000   0.12609000E+02
10001   0.84486310E+02
10002   0.13141712E+03
10003   0.84761840E+02
10004   0.50631600E+02
10005   0.37790250E+02
10006   0.67533290E+02
10007   0.10737835E+03
10008   0.86985850E+02
10009   0.75852430E+02
10010   0.80248190E+02
10011   0.67773000E+02
10012   0.57953350E+02
10013   0.11590383E+03
10014   0.17434292E+03
10015   0.12960060E+03
10016   0.13295789E+03
10017   0.88161130E+02
10018   0.52149940E+02
10019   0.32968790E+02
10020   0.21570340E+02
10021   0.16713080E+02
10022   0.12066540E+02
10023   0.88040700E+01
10024   0.71193900E+01
10025   0.83594500E+01
10026   0.29153500E+02
10027   0.99249010E+02
10028   0.74303660E+02
10029   0.48033230E+02
10030   0.32398270E+02
10031   0.24441830E+02
10032   0.18619920E+02
10033   0.13835880E+02
10034   0.13153740E+02
10035   0.44308740E+02
10036   0.20214611E+03
10037   0.15048585E+03
10038   0.15410559E+03
10039   0.97304840E+02
10040   0.62936260E+02
10041   0.44661520E+02
10042   0.40920310E+02
10043   0.66723760E+02
10044   0.89421320E+02
10045   0.68331840E+02
10046   0.53587140E+02
10047   0.55596390E+02
10048   0.35014728E+03
10049   0.28439598E+03
10050   0.36294510E+03
10051   0.33458334E+03
10052   0.55743725E+03
10053   0.21998347E+03
10054   0.11433932E+03
10055   0.71749620E+02
10056   0.55422150E+02
10057   0.46197030E+02
10058   0.35936690E+02
10059   0.33816840E+02
10060   0.26278310E+02
10061   0.88266000E+02
10062   0.28640923E+03
10063   0.13430236E+03
10064   0.69010090E+02
10065   0.42323670E+02
10066   0.28545650E+02
10067   0.19869080E+02
10068   0.17651210E+02
10069   0.31659450E+02
10070   0.17022431E+03
10071   0.12010870E+03
10072   0.65723740E+02
10073   0.39990200E+02
10074   0.26348500E+02
10075   0.17735810E+02
10076   0.11772260E+02
10077   0.85305000E+01
10078   0.69258600E+01
10079   0.86263400E+01
10080   0.77414300E+01
10081   0.85317600E+01
10082   0.16492620E+02
10083   0.18243730E+02
10084   0.18102030E+02
10085   0.20938210E+02
10086   0.25193130E+02
10087   0.25168030E+02
10088   0.20468270E+02
10089   0.15434490E+02
10090   0.11075420E+02
10091   0.76615800E+01
10092   0.42413100E+01
10093   0.32382300E+01
10094   0.24833800E+01
10095   0.31394300E+01
10096   0.19374100E+01
10097   0.15684400E+01
10098   0.12215800E+01
10099   0.10134400E+01
10100   0.22270400E+01
10101   0.16323900E+01
10102   0.24829100E+01
10103   0.36652500E+01
10104   0.19223980E+02
10105   0.33136790E+02
10106   0.36958330E+02
10107   0.29724400E+02
10108   0.30324980E+02
10109   0.38086900E+02
10110   0.60550850E+02
10111   0.65600080E+02
10112   0.51453520E+02
10113   0.58339920E+02
10114   0.53915540E+02
10115   0.35594390E+02
10116   0.33753790E+02
10117   0.25004380E+02
10118   0.17102450E+02
10119   0.69120190E+02
10120   0.41859030E+02
10121   0.36552690E+02
10122   0.33518190E+02
10123   0.24667470E+02
10124   0.17665730E+02
10125   0.12294660E+02
10126   0.84646600E+01
10127   0.57573200E+01
10128   0.41935900E+01
10129   0.31701700E+01
10130   0.24737100E+01
10131   0.19395000E+01
10132   0.15392200E+01
10133   0.83608000E+00
10134   0.77401000E+00
10135   0.64866000E+00
10136   0.32874500E+01
10137   0.32513200E+01
10138   0.55333700E+01
10139   0.73540100E+01
10140   0.10272040E+02
10141   0.10810900E+02
10142   0.91611900E+01
10143   0.60714300E+01
10144   0.46453400E+01
10145   0.35943300E+01
10146   0.27891700E+01
10147   0.22019200E+01
10148   0.22689500E+01
10149   0.34299800E+01
10150   0.63105500E+01
10151   0.10278540E+02
10152   0.15734670E+02
10153   0.14650080E+02
10154   0.11793950E+02
10155   0.86929500E+01
10156   0.57942900E+01
10157   0.41758100E+01
10158   0.31513300E+01
10159   0.24495300E+01
10160   0.19332300E+01
10161   0.15438000E+01
10162   0.13257300E+01
10163   0.77084000E+00
10164   0.72470000E+00
10165   0.61021000E+00
10166   0.49742000E+00
10167   0.44673000E+00
10168   0.40510000E+00
10169   0.36708000E+00
10170   0.32959000E+00
10171   0.28575000E+00
10172   0.25322000E+00
10173   0.22167000E+00
10174   0.18569000E+00
10175   0.14991000E+00
10176   0.12228000E+00
10177   0.10119000E+00
10178   0.84960000E-01
10179   0.72300000E-01
10180   0.62260000E-01
10181   0.54190000E-01
10182   0.47600000E-01
10183   0.42160000E-01
10184   0.37610000E-01
10185   0.33760000E-01
10186   0.30490000E-01
10187   0.27670000E-01
10188   0.25230000E-01
10189   0.78015000E+00
10190   0.85662000E+00
10191   0.13007900E+01
10192   0.72243300E+01
10193   0.15487880E+02
10194   0.13028020E+02
10195   0.10101690E+02
10196   0.74532800E+01
10197   0.49534700E+01
10198   0.36361200E+01
10199   0.27771300E+01
10200   0.21930700E+01
10201   0.17532400E+01
10202   0.14091600E+01
10203   0.11614900E+01
10204   0.68632000E+00
10205   0.63558000E+00
10206   0.50465000E+00
10207   0.43845000E+00
10208   0.38646000E+00
10209   0.34554000E+00
10210   0.36461000E+00
10211   0.28553000E+00
10212   0.27361000E+00
10213   0.27066000E+00
10214   0.26908000E+00
10215   0.24378000E+00
10216   0.22894000E+00
10217   0.21812000E+00
10218   0.19770000E+00
10219   0.16496000E+00
10220   0.13475000E+00
10221   0.11136000E+00
10222   0.93300000E-01
10223   0.79200000E-01
10224   0.68040000E-01
10225   0.59080000E-01
10226   0.51780000E-01
10227   0.45760000E-01
10228   0.40730000E-01
10229   0.36500000E-01
10230   0.32900000E-01
10231   0.10119000E+00
10232   0.26658300E+01
10233   0.40653000E+01
10234   0.25455130E+02
10235   0.27523190E+02
10236   0.21147560E+02
10237   0.15674720E+02
10238   0.11244310E+02
10239   0.79818400E+01
10240   0.56093700E+01
10241   0.42288200E+01
10242   0.33223300E+01
10243   0.26825900E+01
10244   0.21655800E+01
10245   0.12205400E+01
10246   0.12294300E+01
10247   0.10413600E+01
10248   0.27858400E+01
10249   0.46843600E+01
10250   0.40072630E+02
10251   0.49153550E+02
10252   0.34389720E+02
10253   0.24019380E+02
10254   0.17256560E+02
10255   0.12296900E+02
10256   0.77740600E+01
10257   0.55642200E+01
10258   0.42704600E+01
10259   0.33557800E+01
10260   0.26895700E+01
10261   0.21867400E+01
10262   0.18586200E+01
10263   0.17570100E+01
10264   0.29687300E+01
10265   0.43057800E+01
10266   0.10306020E+02
10267   0.28008560E+02
10268   0.59067620E+02
10269   0.81909830E+02
10270   0.68197040E+02
10271   0.57816550E+02
10272   0.64348590E+02
10273   0.77082660E+02
10274   0.77633490E+02
10275   0.55525160E+02
10276   0.36924320E+02
10277   0.26746440E+02
10278   0.21226740E+02
10279   0.16357860E+02
10280   0.13297120E+02
10281   0.11781310E+02
10282   0.99810600E+01
10283   0.78138600E+01
10284   0.56227300E+01
10285   0.41073300E+01
10286   0.24505000E+01
10287   0.20773200E+01
10288   0.48151000E+01
10289   0.59864900E+01
10290   0.11148320E+02
10291   0.22831060E+02
10292   0.20705020E+02
10293   0.16653370E+02
10294   0.12278570E+02
10295   0.12819530E+02
10296   0.16822780E+02
10297   0.57188910E+02
10298   0.94018700E+02
10299   0.77312220E+02
10300   0.54460310E+02
10301   0.37720820E+02
10302   0.28330190E+02
10303   0.22559680E+02
10304   0.17427280E+02
10305   0.12885620E+02
10306   0.94318800E+01
10307   0.57105800E+01
10308   0.43348100E+01
10309   0.36511500E+01
10310   0.28985000E+01
10311   0.26734000E+01
10312   0.41871400E+01
10313   0.67681100E+01
10314   0.13521190E+02
10315   0.25001910E+02
10316   0.70784620E+02
10317   0.65621290E+02
10318   0.55003350E+02
10319   0.68035500E+02
10320   0.12798271E+03
10321   0.11171143E+03
10322   0.66053440E+02
10323   0.40339080E+02
10324   0.26387280E+02
10325   0.18163530E+02
10326   0.12471040E+02
10327   0.10125180E+02
10328   0.99742300E+01
10329   0.17903490E+02
10330   0.20973490E+02
10331   0.16973610E+02
10332   0.12561220E+02
10333   0.91018100E+01
10334   0.63718500E+01
10335   0.46919700E+01
10336   0.35797600E+01
10337   0.28111500E+01
10338   0.23884700E+01
10339   0.52042800E+01
10340   0.78809800E+01
10341   0.17640550E+02
10342   0.35399280E+02
10343   0.44411890E+02
10344   0.57661980E+02
10345   0.60680290E+02
10346   0.77675340E+02
10347   0.63601680E+02
10348   0.46905780E+02
10349   0.35375360E+02
10350   0.25694550E+02
10351   0.18352090E+02
10352   0.13140380E+02
10353   0.93468100E+01
10354   0.67284700E+01
10355   0.47629700E+01
10356   0.36129100E+01
10357   0.72349000E+01
10358   0.69972000E+01
10359   0.17788280E+02
10360   0.24584580E+02
10361   0.19447380E+02
10362   0.21002250E+02
10363   0.28119250E+02
10364   0.37987000E+02
10365   0.27318410E+02
10366   0.18979160E+02
10367   0.13951570E+02
10368   0.89096300E+01
10369   0.59144400E+01
10370   0.44133200E+01
10371   0.34337600E+01
10372   0.27300200E+01
10373   0.22150600E+01
10374   0.17702000E+01
10375   0.15002300E+01
10376   0.14211600E+01
10377   0.12584900E+01
10378   0.14252200E+01
10379   0.72132000E+00
10380   0.89769000E+00
10381   0.12313800E+01
10382   0.18906700E+01
10383   0.19892300E+01
10384   0.17182400E+01
10385   0.14316600E+01
10386   0.11708400E+01
10387   0.87151000E+00
10388   0.79695000E+00
10389   0.54267000E+00
10390   0.48134000E+00
10391   0.24992100E+01
10392   0.57679950E+02
10393   0.31307395E+03
10394   0.39625823E+03
10395   0.20127660E+03
10396   0.18295953E+03
10397   0.12515328E+03
10398   0.73109680E+02
10399   0.51469260E+02
10400   0.19657789E+03
10401   0.15817047E+03
10402   0.80517860E+02
10403   0.46902040E+02
10404   0.30124920E+02
10405   0.20624880E+02
10406   0.14471930E+02
10407   0.10026860E+02
10408   0.74527700E+01
10409   0.47225300E+01
10410   0.52401700E+01
10411   0.55290800E+01
10412   0.12876030E+02
10413   0.38218522E+03
10414   0.37711665E+03
10415   0.17462396E+03
10416   0.89157720E+02
10417   0.82580680E+02
10418   0.85255010E+02
10419   0.11978944E+03
10420   0.10862610E+03
10421   0.89471430E+02
10422   0.12810138E+03
10423   0.11990666E+03
10424   0.86215200E+02
10425   0.71372880E+02
10426   0.74725030E+02
10427   0.65219220E+02
10428   0.49878930E+02
10429   0.35136340E+02
10430   0.23631800E+02
10431   0.20807030E+02
10432   0.20598040E+02
10433   0.15741470E+02
10434   0.13656530E+02
10435   0.11470450E+02
10436   0.88084200E+01
10437   0.63743900E+01
10438   0.42660000E+01
10439   0.29308100E+01
10440   0.16473300E+01
10441   0.14122000E+01
10442   0.11127900E+01
10443   0.89039000E+00
10444   0.77652000E+00
10445   0.93614000E+00
10446   0.81166000E+00
10447   0.19651750E+02
10448   0.13809890E+03
10449   0.10539272E+03
10450   0.10517504E+03
10451   0.13660364E+03
10452   0.95998590E+02
10453   0.61747600E+02
10454   0.46940950E+02
10455   0.37964240E+02
10456   0.30361000E+02
10457   0.23178570E+02
10458   0.23088340E+02
10459   0.19460800E+02
10460   0.14642730E+02
10461   0.97835500E+01
10462   0.95480500E+01
10463   0.74281600E+01
10464   0.72154600E+01
10465   0.84272100E+01
10466   0.10576520E+02
10467   0.15911750E+02
10468   0.16904590E+02
10469   0.13665110E+02
10470   0.10129000E+02
10471   0.61686100E+01
10472   0.45113400E+01
10473   0.34212200E+01
10474   0.27188200E+01
10475   0.21435600E+01
10476   0.17120700E+01
10477   0.13851000E+01
10478   0.10773400E+01
10479   0.83078000E+00
10480   0.67227000E+00
10481   0.50538000E+00
10482   0.15986800E+01
10483   0.69165700E+01
10484   0.22324900E+02
10485   0.26791080E+02
10486   0.29487500E+02
10487   0.26597630E+02
10488   0.19967910E+02
10489   0.13932030E+02
10490   0.97845400E+01
10491   0.63364900E+01
10492   0.46403400E+01
10493   0.35229000E+01
10494   0.27252400E+01
10495   0.21510500E+01
10496   0.16736900E+01
10497   0.13029000E+01
10498   0.10233200E+01
10499   0.85006000E+00
10500   0.71715000E+00
10501   0.61222000E+00
10502   0.44371000E+00
10503   0.38506000E+00
10504   0.53857000E+00
10505   0.39493000E+00
10506   0.37510000E+00
10507   0.34015000E+00
10508   0.29234000E+00
10509   0.25691000E+00
10510   0.22840000E+00
10511   0.20135000E+00
10512   0.18867000E+00
10513   0.17864000E+00
10514   0.15976000E+00
10515   0.13770000E+00
10516   0.11677000E+00
10517   0.98840000E-01
10518   0.84080000E-01
10519   0.72080000E-01
10520   0.62320000E-01
10521   0.54340000E-01
10522   0.47760000E-01
10523   0.42280000E-01
10524   0.37680000E-01
10525   0.33780000E-01
10526   0.30460000E-01
10527   0.48280000E-01
10528   0.58410000E-01
10529   0.81190000E-01
10530   0.87360000E-01
10531   0.12531000E+00
10532   0.16826000E+00
10533   0.16541000E+00
10534   0.14292000E+00
10535   0.11937000E+00
10536   0.99500000E-01
10537   0.83620000E-01
10538   0.71060000E-01
10539   0.61070000E-01
10540   0.53040000E-01
10541   0.46510000E-01
10542   0.41130000E-01
10543   0.36650000E-01
10544   0.32880000E-01
10545   0.29670000E-01
10546   0.26930000E-01
10547   0.24550000E-01
10548   0.22480000E-01
10549   0.20670000E-01
10550   0.19070000E-01
10551   0.17660000E-01
10552   0.16400000E-01
10553   0.15270000E-01
10554   0.14250000E-01
10555   0.13340000E-01
10556   0.12610000E-01
10557   0.27570000E-01
10558   0.15813000E+00
10559   0.21043000E+00
10560   0.22993000E+00
10561   0.23710000E+00
10562   0.24837000E+00
10563   0.23647000E+00
10564   0.22855000E+00
10565   0.21745000E+00
10566   0.18600000E+00
10567   0.13859000E+00
10568   0.10498000E+00
10569   0.82260000E-01
10570   0.66400000E-01
10571   0.54930000E-01
10572   0.46380000E-01
10573   0.39820000E-01
10574   0.34660000E-01
10575   0.30520000E-01
10576   0.27150000E-01
10577   0.24350000E-01
10578   0.22000000E-01
10579   0.20000000E-01
10580   0.18290000E-01
10581   0.16800000E-01
10582   0.15510000E-01
10583   0.14360000E-01
10584   0.13350000E-01
10585   0.12450000E-01
10586   0.11640000E-01
10587   0.10920000E-01
10588   0.10260000E-01
10589   0.96600000E-02
10590   0.91200000E-02
10591   0.86200000E-02
10592   0.81700000E-02
10593   0.77500000E-02
10594   0.73600000E-02
10595   0.70100000E-02
10596   0.66800000E-02
10597   0.63700000E-02
10598   0.60800000E-02
10599   0.58200000E-02
10600   0.55700000E-02
10601   0.57200000E-02
10602   0.22575000E+00
10603   0.29098000E+00
10604   0.30410000E+00
10605   0.31544000E+00
10606   0.37812000E+00
10607   0.61050000E+00
10608   0.76269000E+00
10609   0.85014000E+00
10610   0.84271000E+00
10611   0.78093000E+00
10612   0.70887000E+00
10613   0.62422000E+00
10614   0.44474000E+00
10615   0.40016000E+00
10616   0.34964000E+00
10617   0.29041000E+00
10618   0.24985000E+00
10619   0.21692000E+00
10620   0.18550000E+00
10621   0.14888000E+00
10622   0.12218000E+00
10623   0.10226000E+00
10624   0.86810000E-01
10625   0.78920000E-01
10626   0.31753000E+00
10627   0.31955000E+00
10628   0.33591000E+00
10629   0.35194000E+00
10630   0.36575000E+00
10631   0.38290000E+00
10632   0.40368000E+00
10633   0.41980000E+00
10634   0.56874000E+00
10635   0.39369000E+00
10636   0.58048000E+00
10637   0.36485500E+01
10638   0.18166630E+02
10639   0.57273860E+02
10640   0.42960600E+02
10641   0.29626780E+02
10642   0.20968460E+02
10643   0.15069980E+02
10644   0.10756760E+02
10645   0.69133800E+01
10646   0.50953100E+01
10647   0.47371000E+01
10648   0.48761000E+01
10649   0.58853400E+01
10650   0.12361870E+02
10651   0.22112690E+02
10652   0.34112490E+02
10653   0.41022170E+02
10654   0.37429480E+02
10655   0.38657000E+02
10656   0.40033580E+02
10657   0.31430480E+02
10658   0.23859390E+02
10659   0.18137410E+02
10660   0.13478480E+02
10661   0.99261600E+01
10662   0.71893500E+01
10663   0.51808300E+01
10664   0.39833100E+01
10665   0.30956500E+01
10666   0.17993100E+01
10667   0.16053300E+01
10668   0.13131400E+01
10669   0.11182500E+01
10670   0.97133000E+00
10671   0.83831000E+00
10672   0.72641000E+00
10673   0.64613000E+00
10674   0.52693000E+00
10675   0.45490000E+00
10676   0.38147000E+00
10677   0.33237000E+00
10678   0.28518000E+00
10679   0.25703000E+00
10680   0.23330000E+00
10681   0.21373000E+00
10682   0.19744000E+00
10683   0.17797000E+00
10684   0.15475000E+00
10685   0.13202000E+00
10686   0.11204000E+00
10687   0.95390000E-01
10688   0.81770000E-01
10689   0.70670000E-01
10690   0.61570000E-01
10691   0.54070000E-01
10692   0.47830000E-01
10693   0.42600000E-01
10694   0.38170000E-01
10695   0.34390000E-01
10696   0.31150000E-01
10697   0.33650000E-01
10698   0.32880000E-01
10699   0.10330800E+01
10700   0.88142180E+02
10701   0.41984527E+03
10702   0.30603273E+03
10703   0.17218705E+03
10704   0.97102650E+02
10705   0.55483800E+02
10706   0.34584420E+02
10707   0.21781040E+02
10708   0.14976260E+02
10709   0.10272550E+02
10710   0.73831000E+01
10711   0.51721500E+01
10712   0.39157100E+01
10713   0.30537700E+01
10714   0.24394300E+01
10715   0.19465100E+01
10716   0.17066700E+01
10717   0.86148000E+00
10718   0.83339000E+00
10719   0.71960000E+00
10720   0.64073000E+00
10721   0.56524000E+00
10722   0.82844000E+00
10723   0.54384000E+00
10724   0.15768400E+01
10725   0.84093700E+01
10726   0.51942150E+02
10727   0.49477410E+02
10728   0.33982610E+02
10729   0.23423380E+02
10730   0.16704730E+02
10731   0.14193850E+02
10732   0.11367560E+02
10733   0.90858300E+01
10734   0.88235800E+01
10735   0.85877600E+01
10736   0.82321700E+01
10737   0.12693240E+02
10738   0.20877800E+02
10739   0.33801760E+02
10740   0.35465870E+02
10741   0.27838720E+02
10742   0.22977990E+02
10743   0.17985370E+02
10744   0.17038020E+02
10745   0.16281280E+02
10746   0.14026780E+02
10747   0.12086290E+02
10748   0.91986900E+01
10749   0.86675700E+01
10750   0.76744000E+01
10751   0.67489800E+01
10752   0.60069800E+01
10753   0.83417700E+01
10754   0.23818100E+02
10755   0.38505880E+02
10756   0.35355030E+02
10757   0.27031450E+02
10758   0.22042640E+02
10759   0.31968050E+02
10760   0.82002290E+02
10761   0.12679755E+03
10762   0.12058872E+03
10763   0.12557650E+03
10764   0.20179725E+03
10765   0.12191173E+03
10766   0.72685140E+02
10767   0.49497510E+02
10768   0.46728740E+02
10769   0.13712326E+03
10770   0.11288873E+03
10771   0.64324070E+02
10772   0.40046890E+02
10773   0.26426720E+02
10774   0.31434860E+02
10775   0.26725120E+02
10776   0.23993910E+02
10777   0.21723300E+02
10778   0.15561040E+02
10779   0.11754450E+02
10780   0.90774500E+01
10781   0.67069200E+01
10782   0.54333300E+01
10783   0.42500700E+01
10784   0.46129100E+01
10785   0.43449000E+01
10786   0.37862800E+01
10787   0.36038700E+01
10788   0.48520000E+01
10789   0.57283500E+01
10790   0.61045800E+01
10791   0.55792100E+01
10792   0.13706210E+02
10793   0.63794700E+02
10794   0.19906864E+03
10795   0.22697980E+03
10796   0.12355873E+03
10797   0.68723100E+02
10798   0.42244590E+02
10799   0.27224850E+02
10800   0.19155040E+02
10801   0.12710230E+02
10802   0.86170000E+01
10803   0.59894300E+01
10804   0.90212200E+01
10805   0.44145300E+02
10806   0.54091557E+03
10807   0.83224152E+03
10808   0.48450799E+03
10809   0.23949218E+03
10810   0.11402646E+03
10811   0.64785910E+02
10812   0.48952800E+02
10813   0.37200120E+02
10814   0.36341290E+02
10815   0.30689220E+02
10816   0.21963750E+02
10817   0.16874080E+02
10818   0.18764120E+02
10819   0.13694100E+02
10820   0.99807900E+01
10821   0.81849100E+01
10822   0.63717700E+01
10823   0.49154000E+01
10824   0.41014500E+01
10825   0.37644200E+01
10826   0.33713300E+01
10827   0.27182100E+01
10828   0.23619800E+01
10829   0.25071700E+01
10830   0.18211000E+01
10831   0.24739300E+01
10832   0.32328400E+01
10833   0.31648100E+01
10834   0.25742700E+01
10835   0.19775100E+01
10836   0.15068600E+01
10837   0.11536700E+01
10838   0.84701000E+00
10839   0.69000000E+00
10840   0.48921000E+00
10841   0.40604000E+00
10842   0.34701000E+00
10843   0.22855400E+01
10844   0.20999000E+01
10845   0.19264500E+01
10846   0.16039700E+01
10847   0.16446700E+01
10848   0.21328900E+01
10849   0.22199500E+01
10850   0.14177000E+01
10851   0.26428800E+01
10852   0.25065300E+01
10853   0.24035800E+01
10854   0.43373900E+01
10855   0.65683200E+01
10856   0.60402500E+01
10857   0.43034600E+01
10858   0.29219800E+01
10859   0.20169500E+01
10860   0.11678600E+01
10861   0.10946000E+01
10862   0.10332300E+01
10863   0.89884000E+00
10864   0.76963000E+00
10865   0.67555000E+00
10866   0.57086000E+00
10867   0.48865000E+00
10868   0.70762000E+00
10869   0.59572000E+00
10870   0.13242600E+01
10871   0.54259600E+01
10872   0.68415300E+01
10873   0.53420400E+01
10874   0.35807200E+01
10875   0.24944600E+01
10876   0.17931300E+01
10877   0.13720100E+01
10878   0.10961300E+01
10879   0.85418000E+00
10880   0.69219000E+00
10881   0.47933000E+00
10882   0.40003000E+00
10883   0.34355000E+00
10884   0.27768000E+00
10885   0.23283000E+00
10886   0.17955000E+00
10887   0.12987000E+00
10888   0.99620000E-01
10889   0.79970000E-01
10890   0.66230000E-01
10891   0.56120000E-01
10892   0.48370000E-01
10893   0.42260000E-01
10894   0.37320000E-01
10895   0.33250000E-01
10896   0.29860000E-01
10897   0.26990000E-01
10898   0.24530000E-01
10899   0.22410000E-01
10900   0.20560000E-01
10901   0.18940000E-01
10902   0.17500000E-01
10903   0.16230000E-01
10904   0.15100000E-01
10905   0.14090000E-01
10906   0.13170000E-01
10907   0.12340000E-01
10908   0.11590000E-01
10909   0.10910000E-01
10910   0.10290000E-01
10911   0.97100000E-02
10912   0.91900000E-02
10913   0.87100000E-02
10914   0.82600000E-02
10915   0.78500000E-02
10916   0.74700000E-02
10917   0.44237000E+00
10918   0.22694000E+00
10919   0.27364000E+00
10920   0.29460000E+00
10921   0.30362000E+00
10922   0.27922000E+00
10923   0.26247000E+00
10924   0.25831000E+00
10925   0.24726000E+00
10926   0.22901000E+00
10927   0.20157000E+00
10928   0.15870000E+00
10929   0.29807000E+00
10930   0.30979000E+00
10931   0.40143000E+00
10932   0.88199000E+00
10933   0.10821630E+02
10934   0.71875970E+02
10935   0.67439480E+02
10936   0.44197520E+02
10937   0.29385290E+02
10938   0.20342900E+02
10939   0.14282480E+02
10940   0.99936700E+01
10941   0.72615600E+01
10942   0.42624500E+01
10943   0.33433600E+01
10944   0.26128600E+01
10945   0.21713800E+01
10946   0.30933200E+01
10947   0.42871900E+01
10948   0.71432400E+01
10949   0.14547750E+02
10950   0.17011190E+02
10951   0.14296960E+02
10952   0.10860080E+02
10953   0.68660000E+01
10954   0.48349400E+01
10955   0.37203400E+01
10956   0.29167300E+01
10957   0.23182400E+01
