    1   0.00000000E+00
    2   0.00000000E+00
    3   0.00000000E+00
    4   0.00000000E+00
    5   0.00000000E+00
    6   0.00000000E+00
    7   0.00000000E+00
    8   0.00000000E+00
    9   0.56050000E-01
   10   0.59860000E-01
   11   0.39980000E-01
   12   0.27830000E-01
   13   0.21340000E-01
   14   0.17240000E-01
   15   0.14280000E-01
   16   0.12020000E-01
   17   0.10260000E-01
   18   0.88500000E-02
   19   0.77200000E-02
   20   0.67900000E-02
   21   0.60200000E-02
   22   0.53800000E-02
   23   0.83290000E+00
   24   0.76221000E+00
   25   0.37756500E+01
   26   0.61187500E+01
   27   0.32385220E+02
   28   0.18773087E+03
   29   0.13567625E+03
   30   0.73511010E+02
   31   0.43312400E+02
   32   0.29450480E+02
   33   0.21253800E+02
   34   0.14444470E+02
   35   0.10517310E+02
   36   0.83009300E+01
   37   0.69768500E+01
   38   0.58822900E+01
   39   0.46108200E+01
   40   0.36965100E+01
   41   0.29761500E+01
   42   0.24103000E+01
   43   0.19794300E+01
   44   0.13695800E+01
   45   0.10867800E+01
   46   0.92403000E+00
   47   0.80736000E+00
   48   0.72145000E+00
   49   0.61593000E+00
   50   0.51277000E+00
   51   0.43546000E+00
   52   0.36962000E+00
   53   0.29321000E+00
   54   0.19522000E+00
   55   0.14188000E+00
   56   0.11042000E+00
   57   0.89430000E-01
   58   0.74390000E-01
   59   0.63130000E-01
   60   0.54420000E-01
   61   0.47520000E-01
   62   0.41950000E-01
   63   0.37370000E-01
   64   0.33550000E-01
   65   0.31610000E-01
   66   0.10142600E+01
   67   0.98342000E+00
   68   0.49589000E+00
   69   0.19413000E+00
   70   0.11065000E+00
   71   0.12720300E+01
   72   0.79269300E+01
   73   0.12887710E+02
   74   0.27508940E+02
   75   0.33380790E+02
   76   0.26934530E+02
   77   0.21622820E+02
   78   0.17485790E+02
   79   0.12930440E+02
   80   0.90389100E+01
   81   0.65680800E+01
   82   0.45415100E+01
   83   0.35210500E+01
   84   0.15005720E+02
   85   0.11085860E+02
   86   0.63315800E+01
   87   0.39669700E+01
   88   0.88862500E+01
   89   0.11652040E+02
   90   0.12752830E+02
   91   0.10587260E+02
   92   0.11340610E+02
   93   0.11882010E+02
   94   0.14213740E+02
   95   0.45448620E+02
   96   0.75324180E+02
   97   0.48121580E+02
   98   0.34619080E+02
   99   0.23662430E+02
  100   0.15935140E+02
  101   0.10606750E+02
  102   0.99442600E+01
  103   0.57979040E+02
  104   0.19170773E+03
  105   0.12933868E+03
  106   0.64595080E+02
  107   0.37411430E+02
  108   0.23203080E+02
  109   0.15024460E+02
  110   0.96876200E+01
  111   0.16812870E+02
  112   0.30375320E+02
  113   0.27450327E+03
  114   0.42723597E+03
  115   0.19524402E+03
  116   0.17686560E+03
  117   0.27516789E+03
  118   0.19503150E+03
  119   0.10263840E+03
  120   0.54018910E+02
  121   0.48992050E+02
  122   0.24019110E+03
  123   0.56561923E+03
  124   0.40872148E+03
  125   0.16060416E+03
  126   0.72512490E+02
  127   0.44599870E+02
  128   0.18117488E+03
  129   0.19305724E+03
  130   0.16197436E+03
  131   0.22191484E+03
  132   0.16499027E+03
  133   0.16887828E+03
  134   0.45009456E+03
  135   0.17404478E+03
  136   0.76931760E+02
  137   0.15107743E+03
  138   0.15028115E+03
  139   0.87848890E+02
  140   0.51827140E+02
  141   0.73328010E+02
  142   0.24447181E+03
  143   0.60205933E+03
  144   0.70765975E+03
  145   0.41432963E+03
  146   0.37655659E+03
  147   0.29917137E+03
  148   0.23821730E+03
  149   0.36313038E+03
  150   0.66878147E+03
  151   0.58848864E+03
  152   0.54643830E+03
  153   0.53363527E+03
  154   0.19819106E+03
  155   0.96353150E+02
  156   0.10385972E+03
  157   0.18802498E+03
  158   0.76537504E+03
  159   0.81437413E+03
  160   0.64500241E+03
  161   0.27664784E+03
  162   0.11363395E+03
  163   0.58210790E+02
  164   0.34034130E+02
  165   0.21841020E+02
  166   0.14058470E+02
  167   0.10249540E+02
  168   0.12128870E+02
  169   0.17572470E+02
  170   0.54368580E+02
  171   0.13303186E+03
  172   0.90779730E+02
  173   0.61914300E+02
  174   0.50674520E+02
  175   0.67130510E+02
  176   0.15221102E+03
  177   0.22142322E+03
  178   0.17412576E+03
  179   0.11790186E+03
  180   0.11027491E+03
  181   0.14850256E+03
  182   0.14208463E+03
  183   0.88341570E+02
  184   0.11232833E+03
  185   0.21425915E+03
  186   0.28653715E+03
  187   0.24476009E+03
  188   0.12742617E+03
  189   0.83517970E+02
  190   0.55157320E+02
  191   0.33946420E+02
  192   0.22985000E+02
  193   0.15867850E+02
  194   0.10985020E+02
  195   0.92078800E+01
  196   0.52223420E+02
  197   0.10641199E+03
  198   0.45000530E+02
  199   0.13222520E+03
  200   0.36592781E+03
  201   0.15675283E+03
  202   0.45074210E+03
  203   0.47217917E+03
  204   0.16919375E+03
  205   0.83870000E+02
  206   0.92737945E+03
  207   0.12028195E+04
  208   0.86177730E+03
  209   0.11091574E+04
  210   0.11400797E+04
  211   0.10033880E+04
  212   0.19584075E+04
  213   0.17911818E+04
  214   0.11856433E+04
  215   0.94627647E+03
  216   0.80970066E+03
  217   0.83352126E+03
  218   0.35908136E+03
  219   0.27320539E+03
  220   0.10285487E+03
  221   0.99893250E+02
  222   0.28499041E+03
  223   0.42346649E+03
  224   0.22439808E+03
  225   0.96553610E+02
  226   0.51240570E+02
  227   0.30000640E+02
  228   0.18966850E+02
  229   0.11633510E+02
  230   0.10067020E+02
  231   0.30128270E+02
  232   0.75989280E+02
  233   0.85812000E+02
  234   0.10223169E+03
  235   0.11746577E+03
  236   0.66898630E+02
  237   0.52320120E+02
  238   0.47363580E+02
  239   0.30173180E+02
  240   0.21659740E+02
  241   0.15519470E+02
  242   0.12673710E+02
  243   0.11068750E+02
  244   0.10199380E+02
  245   0.76831200E+01
  246   0.53934500E+01
  247   0.37725000E+01
  248   0.51862700E+01
  249   0.27635500E+01
  250   0.20379500E+01
  251   0.45535100E+01
  252   0.58625200E+01
  253   0.33227400E+01
  254   0.21779300E+01
  255   0.14697500E+01
  256   0.10422100E+01
  257   0.78013000E+00
  258   0.10460600E+02
  259   0.11873460E+02
  260   0.13455740E+02
  261   0.14484540E+02
  262   0.85895900E+01
  263   0.57152700E+01
  264   0.42996300E+01
  265   0.45095900E+01
  266   0.65588400E+01
  267   0.85461300E+01
  268   0.79365600E+01
  269   0.63790400E+01
  270   0.38833300E+01
  271   0.30413300E+01
  272   0.23701900E+01
  273   0.18847300E+01
  274   0.15045700E+01
  275   0.11653500E+01
  276   0.55949120E+02
  277   0.90020426E+03
  278   0.30256959E+03
  279   0.11284470E+03
  280   0.55417890E+02
  281   0.32712720E+02
  282   0.20772330E+02
  283   0.13519960E+02
  284   0.88952000E+01
  285   0.63474800E+01
  286   0.43851600E+01
  287   0.33166500E+01
  288   0.25728500E+01
  289   0.20301000E+01
  290   0.14067200E+01
  291   0.10797900E+01
  292   0.89979000E+00
  293   0.77181000E+00
  294   0.65467000E+00
  295   0.55849000E+00
  296   0.47564000E+00
  297   0.40087000E+00
  298   0.33485000E+00
  299   0.23889000E+00
  300   0.17090000E+00
  301   0.13057000E+00
  302   0.10387000E+00
  303   0.84990000E-01
  304   0.86130000E-01
  305   0.72700000E-01
  306   0.60960000E-01
  307   0.52180000E-01
  308   0.45450000E-01
  309   0.40050000E-01
  310   0.35600000E-01
  311   0.31880000E-01
  312   0.28750000E-01
  313   0.26110000E-01
  314   0.23850000E-01
  315   0.21900000E-01
  316   0.20200000E-01
  317   0.18710000E-01
  318   0.17390000E-01
  319   0.16230000E-01
  320   0.15200000E-01
  321   0.14290000E-01
  322   0.13480000E-01
  323   0.12740000E-01
  324   0.12060000E-01
  325   0.11430000E-01
  326   0.10850000E-01
  327   0.36756000E+00
  328   0.10058200E+01
  329   0.71482000E+00
  330   0.29355000E+00
  331   0.16367000E+00
  332   0.19451000E+00
  333   0.62082000E+00
  334   0.13395600E+01
  335   0.25676300E+01
  336   0.27525900E+01
  337   0.24286400E+01
  338   0.20449600E+01
  339   0.17100200E+01
  340   0.13302200E+01
  341   0.11010100E+01
  342   0.81735000E+00
  343   0.67829000E+00
  344   0.57942000E+00
  345   0.49594000E+00
  346   0.42310000E+00
  347   0.35827000E+00
  348   0.27678000E+00
  349   0.18913000E+00
  350   0.14020000E+00
  351   0.10986000E+00
  352   0.89100000E-01
  353   0.74070000E-01
  354   0.62770000E-01
  355   0.54040000E-01
  356   0.47150000E-01
  357   0.41590000E-01
  358   0.37030000E-01
  359   0.33230000E-01
  360   0.30010000E-01
  361   0.27270000E-01
  362   0.24910000E-01
  363   0.22860000E-01
  364   0.21070000E-01
  365   0.19500000E-01
  366   0.18100000E-01
  367   0.16860000E-01
  368   0.15750000E-01
  369   0.14750000E-01
  370   0.13850000E-01
  371   0.13030000E-01
  372   0.12280000E-01
  373   0.11600000E-01
  374   0.10980000E-01
  375   0.10410000E-01
  376   0.98800000E-02
  377   0.12180000E-01
  378   0.79703000E+00
  379   0.32368000E+00
  380   0.15060000E+00
  381   0.89750000E-01
  382   0.60760000E-01
  383   0.44400000E-01
  384   0.34160000E-01
  385   0.27290000E-01
  386   0.25330000E-01
  387   0.14679080E+02
  388   0.10089560E+03
  389   0.11114694E+03
  390   0.66058500E+02
  391   0.39595280E+02
  392   0.25111300E+02
  393   0.15699810E+02
  394   0.10802640E+02
  395   0.76843800E+01
  396   0.59016300E+01
  397   0.42376400E+01
  398   0.32487400E+01
  399   0.25631100E+01
  400   0.20894800E+01
  401   0.17124700E+01
  402   0.13438100E+01
  403   0.95178000E+00
  404   0.17835900E+01
  405   0.28554500E+01
  406   0.71319100E+01
  407   0.78524000E+01
  408   0.74887000E+01
  409   0.87291000E+01
  410   0.86480200E+01
  411   0.72137700E+01
  412   0.56253600E+01
  413   0.33313400E+01
  414   0.27090600E+01
  415   0.21896300E+01
  416   0.17654300E+01
  417   0.13914600E+01
  418   0.11222200E+01
  419   0.93832000E+00
  420   0.82105000E+00
  421   0.76640000E+00
  422   0.94022000E+00
  423   0.10739500E+01
  424   0.96484000E+00
  425   0.89471000E+00
  426   0.81345000E+00
  427   0.78996000E+00
  428   0.74627000E+00
  429   0.69299000E+00
  430   0.65886000E+00
  431   0.91646000E+00
  432   0.60180400E+01
  433   0.13374290E+02
  434   0.13928770E+02
  435   0.13631290E+02
  436   0.21149750E+02
  437   0.21500910E+02
  438   0.18127200E+02
  439   0.15865540E+02
  440   0.12376540E+02
  441   0.88937100E+01
  442   0.66415000E+01
  443   0.47923600E+01
  444   0.34544900E+01
  445   0.10412560E+02
  446   0.90286870E+02
  447   0.17721118E+03
  448   0.10602884E+03
  449   0.58316330E+02
  450   0.35074210E+02
  451   0.36944980E+02
  452   0.60560080E+02
  453   0.72429180E+02
  454   0.81683380E+02
  455   0.98897440E+02
  456   0.98017590E+02
  457   0.73762800E+02
  458   0.75457880E+02
  459   0.63711840E+02
  460   0.41210310E+02
  461   0.30154820E+02
  462   0.21570310E+02
  463   0.15888810E+02
  464   0.70339320E+02
  465   0.85097400E+02
  466   0.21202706E+03
  467   0.17077032E+03
  468   0.35977945E+03
  469   0.31240560E+03
  470   0.16875498E+03
  471   0.10234874E+03
  472   0.58955610E+02
  473   0.35269380E+02
  474   0.22954970E+02
  475   0.16944100E+02
  476   0.13424950E+02
  477   0.17165830E+02
  478   0.43958930E+02
  479   0.60970830E+02
  480   0.46924630E+02
  481   0.32523010E+02
  482   0.25247530E+02
  483   0.17890350E+02
  484   0.12003360E+02
  485   0.81251200E+01
  486   0.55802800E+01
  487   0.10408600E+02
  488   0.81049300E+02
  489   0.68369040E+02
  490   0.48042190E+02
  491   0.36215640E+02
  492   0.32485760E+02
  493   0.41112080E+02
  494   0.11569129E+03
  495   0.86096850E+02
  496   0.53702850E+02
  497   0.35083760E+02
  498   0.22838070E+02
  499   0.15419990E+02
  500   0.17492640E+02
  501   0.29895530E+02
  502   0.20110880E+02
  503   0.25237320E+02
  504   0.92804180E+02
  505   0.85523285E+03
  506   0.48353596E+03
  507   0.37349256E+03
  508   0.40187110E+03
  509   0.22156804E+03
  510   0.98524500E+02
  511   0.83375110E+02
  512   0.17088720E+03
  513   0.35973737E+03
  514   0.19258473E+03
  515   0.14898051E+03
  516   0.14948956E+03
  517   0.26865590E+03
  518   0.13733675E+03
  519   0.76248550E+02
  520   0.10760669E+03
  521   0.39980313E+03
  522   0.59651252E+03
  523   0.24186401E+03
  524   0.20103470E+03
  525   0.23502713E+03
  526   0.15953174E+04
  527   0.97383504E+03
  528   0.57323489E+03
  529   0.76092684E+03
  530   0.21166219E+03
  531   0.86811480E+02
  532   0.46249860E+02
  533   0.33077960E+02
  534   0.14505871E+03
  535   0.49859435E+03
  536   0.11854254E+04
  537   0.57306020E+03
  538   0.17691342E+03
  539   0.40503824E+03
  540   0.72593639E+03
  541   0.25126742E+03
  542   0.10025922E+03
  543   0.52025960E+02
  544   0.91983560E+02
  545   0.75298902E+03
  546   0.12930591E+04
  547   0.13321492E+04
  548   0.33819471E+03
  549   0.11924946E+03
  550   0.63076780E+02
  551   0.66498794E+03
  552   0.40036859E+03
  553   0.17253057E+03
  554   0.10635850E+03
  555   0.85405200E+02
  556   0.74129030E+02
  557   0.52145870E+02
  558   0.27444010E+02
  559   0.17205580E+02
  560   0.11884880E+02
  561   0.83133200E+01
  562   0.60216800E+01
  563   0.41492200E+01
  564   0.30793100E+01
  565   0.23559900E+01
  566   0.18495700E+01
  567   0.12955400E+01
  568   0.10796000E+01
  569   0.13161830E+02
  570   0.22069320E+02
  571   0.21280010E+02
  572   0.24913830E+02
  573   0.20253660E+02
  574   0.14402890E+02
  575   0.99061200E+01
  576   0.25363360E+02
  577   0.41303390E+02
  578   0.36670360E+02
  579   0.27639290E+02
  580   0.24058240E+02
  581   0.22516420E+02
  582   0.21412700E+02
  583   0.13709250E+02
  584   0.84325400E+01
  585   0.78410000E+01
  586   0.86458100E+01
  587   0.98879910E+02
  588   0.10607578E+03
  589   0.16207469E+03
  590   0.18518324E+03
  591   0.32137420E+03
  592   0.35328063E+03
  593   0.35017935E+03
  594   0.26170492E+03
  595   0.11551180E+03
  596   0.58064530E+02
  597   0.33100110E+02
  598   0.25962680E+02
  599   0.20837570E+02
  600   0.11806600E+02
  601   0.14945930E+02
  602   0.89585600E+01
  603   0.48986100E+01
  604   0.32152000E+01
  605   0.41880600E+01
  606   0.64307500E+01
  607   0.38581500E+01
  608   0.22843400E+01
  609   0.12034370E+02
  610   0.76351100E+01
  611   0.34068000E+01
  612   0.19495300E+01
  613   0.13773200E+01
  614   0.82235600E+01
  615   0.64619200E+01
  616   0.63609700E+01
  617   0.38985100E+01
  618   0.17243300E+01
  619   0.11223900E+01
  620   0.51745000E+00
  621   0.20575000E+00
  622   0.12352000E+00
  623   0.88920000E-01
  624   0.70160000E-01
  625   0.58330000E-01
  626   0.50160000E-01
  627   0.44140000E-01
  628   0.39460000E-01
  629   0.35660000E-01
  630   0.32470000E-01
  631   0.35900600E+01
  632   0.26945300E+01
  633   0.27261210E+02
  634   0.38047630E+02
  635   0.40833590E+02
  636   0.36186260E+02
  637   0.24695750E+02
  638   0.16674080E+02
  639   0.10934850E+02
  640   0.75598900E+01
  641   0.58703600E+01
  642   0.48498200E+01
  643   0.44258200E+01
  644   0.39030500E+01
  645   0.32575500E+01
  646   0.26524300E+01
  647   0.21387800E+01
  648   0.17251100E+01
  649   0.11690000E+01
  650   0.93887000E+00
  651   0.79291000E+00
  652   0.71790000E+00
  653   0.71810000E+00
  654   0.70990000E+00
  655   0.66063000E+00
  656   0.58922000E+00
  657   0.52218000E+00
  658   0.57280000E+00
  659   0.59369000E+00
  660   0.56451000E+00
  661   0.53446000E+00
  662   0.49014000E+00
  663   0.43967000E+00
  664   0.38548000E+00
  665   0.33800000E+00
  666   0.28745000E+00
  667   0.23160000E+00
  668   0.18664000E+00
  669   0.15156000E+00
  670   0.12487000E+00
  671   0.10454000E+00
  672   0.88820000E-01
  673   0.76450000E-01
  674   0.66540000E-01
  675   0.58480000E-01
  676   0.51820000E-01
  677   0.46260000E-01
  678   0.41560000E-01
  679   0.37610000E-01
  680   0.35070000E-01
  681   0.42350000E-01
  682   0.88340000E-01
  683   0.13571000E+00
  684   0.14311000E+00
  685   0.13169000E+00
  686   0.11604000E+00
  687   0.10272000E+00
  688   0.14046310E+02
  689   0.71550980E+02
  690   0.55292860E+02
  691   0.43879760E+02
  692   0.28394000E+02
  693   0.20092130E+02
  694   0.22052340E+02
  695   0.19922610E+02
  696   0.18737890E+02
  697   0.14920060E+02
  698   0.11173110E+02
  699   0.81453100E+01
  700   0.53842700E+01
  701   0.39577300E+01
  702   0.30975200E+01
  703   0.24618100E+01
  704   0.25943400E+01
  705   0.31336500E+01
  706   0.37496200E+01
  707   0.34528900E+01
  708   0.28957000E+01
  709   0.23156200E+01
  710   0.18667200E+01
  711   0.12533500E+01
  712   0.98806000E+00
  713   0.83726000E+00
  714   0.73164000E+00
  715   0.63496000E+00
  716   0.57008000E+00
  717   0.53387000E+00
  718   0.82310000E+00
  719   0.34281900E+01
  720   0.48786300E+01
  721   0.28133280E+02
  722   0.15148228E+03
  723   0.10128252E+03
  724   0.59513700E+02
  725   0.35864730E+02
  726   0.22864430E+02
  727   0.15136700E+02
  728   0.10092130E+02
  729   0.70472800E+01
  730   0.48335400E+01
  731   0.28799200E+01
  732   0.23453700E+01
  733   0.19155700E+01
  734   0.15633400E+01
  735   0.12270200E+01
  736   0.10277800E+01
  737   0.88763000E+00
  738   0.92277000E+00
  739   0.80166000E+00
  740   0.64898000E+00
  741   0.49442000E+00
  742   0.60723000E+00
  743   0.18000200E+01
  744   0.32427000E+01
  745   0.32805700E+01
  746   0.33719800E+01
  747   0.40168600E+01
  748   0.69295200E+01
  749   0.89686800E+01
  750   0.79950100E+01
  751   0.63229100E+01
  752   0.37002700E+01
  753   0.30246500E+01
  754   0.25707300E+01
  755   0.22511900E+01
  756   0.20024900E+01
  757   0.17439700E+01
  758   0.14316400E+01
  759   0.12235600E+01
  760   0.12197200E+01
  761   0.16865000E+01
  762   0.48975000E+01
  763   0.61313500E+01
  764   0.59220000E+01
  765   0.63316900E+01
  766   0.10381160E+02
  767   0.18238270E+02
  768   0.18671410E+02
  769   0.14063730E+02
  770   0.11736270E+02
  771   0.10161680E+02
  772   0.73268000E+01
  773   0.57057900E+01
  774   0.44933300E+01
  775   0.51689700E+01
  776   0.65336500E+01
  777   0.81254800E+01
  778   0.12878870E+02
  779   0.36351990E+02
  780   0.40245330E+02
  781   0.42642720E+02
  782   0.28666850E+02
  783   0.21777190E+02
  784   0.20696450E+02
  785   0.16879490E+02
  786   0.15066220E+02
  787   0.28230490E+02
  788   0.44437600E+02
  789   0.32189130E+02
  790   0.25726740E+02
  791   0.19718660E+02
  792   0.13918350E+02
  793   0.96256800E+01
  794   0.86044500E+01
  795   0.10349720E+02
  796   0.14047770E+02
  797   0.76528380E+02
  798   0.63154970E+02
  799   0.42002940E+02
  800   0.32753490E+02
  801   0.33306710E+02
  802   0.36809230E+02
  803   0.21530410E+02
  804   0.14038850E+02
  805   0.22009170E+02
  806   0.19465830E+02
  807   0.17070530E+02
  808   0.15835300E+02
  809   0.12241710E+02
  810   0.89053300E+01
  811   0.69473900E+01
  812   0.54965070E+02
  813   0.67199630E+02
  814   0.44902900E+02
  815   0.31933380E+02
  816   0.23907070E+02
  817   0.16785240E+02
  818   0.12293560E+02
  819   0.31673960E+02
  820   0.71655630E+02
  821   0.47820020E+02
  822   0.60366570E+02
  823   0.61258120E+02
  824   0.15634673E+03
  825   0.11081166E+03
  826   0.23497589E+03
  827   0.36388153E+03
  828   0.21221081E+03
  829   0.18023269E+03
  830   0.22035188E+03
  831   0.46118992E+03
  832   0.82565601E+03
  833   0.52866238E+03
  834   0.51120776E+03
  835   0.40942979E+03
  836   0.19693177E+03
  837   0.99258960E+02
  838   0.56894160E+02
  839   0.55748780E+02
  840   0.91263260E+02
  841   0.72584920E+02
  842   0.52095080E+02
  843   0.40082492E+03
  844   0.84661469E+03
  845   0.44034806E+03
  846   0.17022432E+03
  847   0.81494180E+02
  848   0.52535810E+02
  849   0.40977370E+02
  850   0.34660880E+02
  851   0.52066610E+02
  852   0.18162742E+03
  853   0.11835355E+03
  854   0.71126680E+02
  855   0.22679362E+03
  856   0.17329822E+03
  857   0.10130628E+03
  858   0.53875690E+02
  859   0.32082870E+02
  860   0.54987870E+02
  861   0.27534859E+03
  862   0.30096309E+03
  863   0.44871110E+03
  864   0.34331389E+03
  865   0.50644999E+03
  866   0.45735466E+03
  867   0.25074927E+03
  868   0.15908512E+03
  869   0.82180870E+02
  870   0.51632860E+02
  871   0.40727640E+02
  872   0.36303450E+02
  873   0.26993120E+02
  874   0.19428620E+02
  875   0.15855530E+02
  876   0.44533970E+02
  877   0.23034431E+03
  878   0.26347877E+03
  879   0.33616385E+03
  880   0.57683239E+03
  881   0.36801885E+03
  882   0.14427687E+03
  883   0.67797150E+02
  884   0.37699490E+02
  885   0.14665835E+03
  886   0.22809660E+03
  887   0.12388405E+03
  888   0.91737610E+02
  889   0.64939540E+02
  890   0.44061400E+02
  891   0.36249130E+02
  892   0.32258760E+02
  893   0.29429850E+02
  894   0.16444880E+02
  895   0.89948400E+01
  896   0.66284800E+01
  897   0.19376280E+02
  898   0.13074050E+04
  899   0.12759741E+04
  900   0.70888988E+03
  901   0.44618198E+03
  902   0.52946988E+03
  903   0.54359215E+03
  904   0.36116275E+03
  905   0.39126850E+03
  906   0.74931364E+03
  907   0.50981583E+03
  908   0.44465776E+03
  909   0.43745077E+03
  910   0.68923928E+03
  911   0.78281459E+03
  912   0.66252514E+03
  913   0.41901540E+03
  914   0.19986595E+03
  915   0.12601510E+03
  916   0.78666560E+02
  917   0.50859590E+02
  918   0.35608690E+02
  919   0.28896160E+02
  920   0.22818220E+02
  921   0.15647950E+02
  922   0.97441100E+01
  923   0.81554500E+01
  924   0.58820100E+01
  925   0.23736720E+02
  926   0.42517490E+02
  927   0.31873040E+02
  928   0.23444800E+02
  929   0.38682570E+02
  930   0.15116729E+03
  931   0.23804441E+03
  932   0.20137951E+03
  933   0.12329694E+03
  934   0.14290295E+03
  935   0.80474110E+02
  936   0.38464660E+02
  937   0.25143990E+02
  938   0.26915460E+02
  939   0.34638770E+02
  940   0.24465610E+02
  941   0.16513500E+02
  942   0.52362350E+02
  943   0.15188295E+03
  944   0.19906344E+03
  945   0.97000840E+02
  946   0.51751300E+02
  947   0.31655900E+02
  948   0.25415520E+02
  949   0.43627830E+02
  950   0.88253460E+02
  951   0.21261040E+03
  952   0.37432232E+03
  953   0.26142929E+03
  954   0.11615520E+03
  955   0.56012940E+02
  956   0.31947810E+02
  957   0.19296190E+02
  958   0.12842710E+02
  959   0.17714036E+03
  960   0.17114220E+04
  961   0.42010476E+03
  962   0.14139744E+03
  963   0.64652680E+02
  964   0.38044870E+02
  965   0.77840110E+02
  966   0.98101950E+02
  967   0.63542710E+02
  968   0.29282960E+02
  969   0.21434450E+02
  970   0.15338970E+02
  971   0.11585320E+02
  972   0.10431270E+02
  973   0.17639590E+02
  974   0.23810710E+02
  975   0.18845070E+02
  976   0.67879910E+02
  977   0.24303040E+02
  978   0.14784670E+02
  979   0.23170990E+02
  980   0.42565150E+02
  981   0.48702860E+02
  982   0.44209910E+02
  983   0.49557310E+02
  984   0.61216380E+02
  985   0.44471080E+02
  986   0.36604880E+02
  987   0.25941030E+02
  988   0.34544770E+02
  989   0.35404520E+02
  990   0.21868100E+02
  991   0.14261200E+02
  992   0.93641900E+01
  993   0.65844300E+01
  994   0.43863600E+01
  995   0.31803700E+01
  996   0.45866700E+01
  997   0.23732930E+02
  998   0.13881270E+02
  999   0.68614600E+01
 1000   0.41882200E+01
 1001   0.31218800E+01
 1002   0.47942800E+01
 1003   0.94163400E+01
 1004   0.99704700E+01
 1005   0.80018800E+01
 1006   0.59293100E+01
 1007   0.41196000E+01
 1008   0.25380700E+01
 1009   0.20433600E+01
 1010   0.16534300E+01
 1011   0.12713900E+01
 1012   0.10296200E+01
 1013   0.87134000E+00
 1014   0.12158800E+01
 1015   0.17384500E+01
 1016   0.50582200E+01
 1017   0.58598700E+01
 1018   0.41698500E+01
 1019   0.32632300E+01
 1020   0.25299600E+01
 1021   0.20004500E+01
 1022   0.16517200E+01
 1023   0.13188700E+01
 1024   0.11132400E+01
 1025   0.95894000E+00
 1026   0.84260000E+00
 1027   0.74221000E+00
 1028   0.58917000E+00
 1029   0.48492000E+00
 1030   0.42993000E+00
 1031   0.37723000E+00
 1032   0.34466000E+00
 1033   0.39725000E+00
 1034   0.76316000E+00
 1035   0.16212900E+01
 1036   0.24134100E+01
 1037   0.23617200E+01
 1038   0.20460000E+01
 1039   0.14044100E+01
 1040   0.11214100E+01
 1041   0.94465000E+00
 1042   0.81135000E+00
 1043   0.70025000E+00
 1044   0.59485000E+00
 1045   0.49555000E+00
 1046   0.41617000E+00
 1047   0.34613000E+00
 1048   0.24920000E+00
 1049   0.17568000E+00
 1050   0.13312000E+00
 1051   0.10540000E+00
 1052   0.85960000E-01
 1053   0.71690000E-01
 1054   0.60870000E-01
 1055   0.52440000E-01
 1056   0.18761000E+00
 1057   0.13372300E+01
 1058   0.52928000E+01
 1059   0.52738800E+01
 1060   0.45025100E+01
 1061   0.38288600E+01
 1062   0.34480200E+01
 1063   0.33740500E+01
 1064   0.36801000E+01
 1065   0.36579700E+01
 1066   0.31646700E+01
 1067   0.26174700E+01
 1068   0.21153400E+01
 1069   0.14545100E+01
 1070   0.11090000E+01
 1071   0.92203000E+00
 1072   0.78713000E+00
 1073   0.66637000E+00
 1074   0.57035000E+00
 1075   0.48953000E+00
 1076   0.42274000E+00
 1077   0.36839000E+00
 1078   0.32646000E+00
 1079   0.38012000E+00
 1080   0.32789000E+00
 1081   0.30371000E+00
 1082   0.27498000E+00
 1083   0.25122000E+00
 1084   0.23492000E+00
 1085   0.22504000E+00
 1086   0.22050000E+00
 1087   0.21809000E+00
 1088   0.21148000E+00
 1089   0.19455000E+00
 1090   0.17047000E+00
 1091   0.14572000E+00
 1092   0.12374000E+00
 1093   0.10540000E+00
 1094   0.98920000E-01
 1095   0.18662000E+00
 1096   0.20619000E+00
 1097   0.18250000E+00
 1098   0.15711000E+00
 1099   0.13492000E+00
 1100   0.11826000E+00
 1101   0.10672000E+00
 1102   0.10747000E+00
 1103   0.24352000E+00
 1104   0.26019000E+00
 1105   0.40011100E+01
 1106   0.14714350E+02
 1107   0.47990210E+02
 1108   0.67786890E+02
 1109   0.53591620E+02
 1110   0.33190390E+02
 1111   0.24882980E+02
 1112   0.18974830E+02
 1113   0.13561400E+02
 1114   0.92628800E+01
 1115   0.67130200E+01
 1116   0.46099200E+01
 1117   0.34893400E+01
 1118   0.27222600E+01
 1119   0.21498800E+01
 1120   0.17325700E+01
 1121   0.11655900E+01
 1122   0.94004000E+00
 1123   0.10873430E+02
 1124   0.13488190E+02
 1125   0.12300500E+02
 1126   0.84847900E+01
 1127   0.61696800E+01
 1128   0.44089800E+01
 1129   0.36379400E+01
 1130   0.32716300E+01
 1131   0.23455000E+01
 1132   0.21383900E+01
 1133   0.18882800E+01
 1134   0.16675200E+01
 1135   0.13979700E+01
 1136   0.11884200E+01
 1137   0.10245400E+01
 1138   0.89119000E+00
 1139   0.78879000E+00
 1140   0.68238000E+00
 1141   0.52991000E+00
 1142   0.16034000E+01
 1143   0.10306150E+02
 1144   0.11867620E+02
 1145   0.89083600E+01
 1146   0.64855700E+01
 1147   0.45054100E+01
 1148   0.36126300E+01
 1149   0.31364500E+01
 1150   0.43541400E+01
 1151   0.28156600E+01
 1152   0.24946100E+01
 1153   0.46025800E+01
 1154   0.18702200E+02
 1155   0.35008790E+02
 1156   0.40879030E+02
 1157   0.34278990E+02
 1158   0.23277650E+02
 1159   0.15686270E+02
 1160   0.10385100E+02
 1161   0.71220400E+01
 1162   0.40248600E+01
 1163   0.31015400E+01
 1164   0.23958000E+01
 1165   0.19290000E+01
 1166   0.16251300E+01
 1167   0.13176400E+01
 1168   0.11607800E+01
 1169   0.10455300E+01
 1170   0.91479000E+00
 1171   0.80492000E+00
 1172   0.61179000E+00
 1173   0.48478000E+00
 1174   0.41362000E+00
 1175   0.59155100E+01
 1176   0.12278850E+02
 1177   0.14530420E+02
 1178   0.44941580E+02
 1179   0.85202120E+02
 1180   0.80398530E+02
 1181   0.78845270E+02
 1182   0.96680620E+02
 1183   0.84868480E+02
 1184   0.66277050E+02
 1185   0.11777283E+03
 1186   0.10913749E+03
 1187   0.11551320E+03
 1188   0.98299060E+02
 1189   0.69022560E+02
 1190   0.44630150E+02
 1191   0.28561080E+02
 1192   0.18095880E+02
 1193   0.12288460E+02
 1194   0.83449600E+01
 1195   0.11360830E+02
 1196   0.29485250E+02
 1197   0.36693480E+02
 1198   0.24340630E+02
 1199   0.17134310E+02
 1200   0.13062730E+02
 1201   0.96891400E+01
 1202   0.79010500E+01
 1203   0.56403100E+01
 1204   0.49965200E+01
 1205   0.42058800E+01
 1206   0.33431700E+01
 1207   0.26249500E+01
 1208   0.20615400E+01
 1209   0.16472500E+01
 1210   0.12418000E+01
 1211   0.99981000E+00
 1212   0.83589000E+00
 1213   0.62624000E+00
 1214   0.50307000E+00
 1215   0.43714000E+00
 1216   0.37943000E+00
 1217   0.33025000E+00
 1218   0.25939000E+00
 1219   0.10062320E+02
 1220   0.56684390E+02
 1221   0.57157020E+02
 1222   0.39761890E+02
 1223   0.28747520E+02
 1224   0.22579540E+02
 1225   0.41639290E+02
 1226   0.55730090E+03
 1227   0.33972911E+03
 1228   0.18427221E+03
 1229   0.90116780E+02
 1230   0.50602290E+02
 1231   0.30669850E+02
 1232   0.20062870E+02
 1233   0.13198020E+02
 1234   0.37113970E+02
 1235   0.22713355E+03
 1236   0.41972431E+03
 1237   0.85146280E+03
 1238   0.54654164E+03
 1239   0.32711431E+03
 1240   0.19454666E+03
 1241   0.13807561E+03
 1242   0.17262587E+03
 1243   0.37070262E+03
 1244   0.20571915E+04
 1245   0.76715626E+03
 1246   0.18901783E+03
 1247   0.16667990E+03
 1248   0.25559317E+03
 1249   0.25161341E+03
 1250   0.17168334E+03
 1251   0.11261138E+03
 1252   0.10205749E+03
 1253   0.11546885E+03
 1254   0.10731121E+03
 1255   0.75414616E+03
 1256   0.15868073E+04
 1257   0.97480709E+03
 1258   0.62507193E+03
 1259   0.15588427E+04
 1260   0.16159013E+04
 1261   0.40479825E+03
 1262   0.74158753E+03
 1263   0.17618731E+04
 1264   0.14190164E+04
 1265   0.67576420E+03
 1266   0.21088491E+03
 1267   0.88683850E+02
 1268   0.49250920E+02
 1269   0.14111728E+03
 1270   0.12470118E+04
 1271   0.92769966E+03
 1272   0.50601409E+03
 1273   0.24401302E+03
 1274   0.17160203E+03
 1275   0.12436465E+03
 1276   0.91147450E+02
 1277   0.84921690E+02
 1278   0.55414550E+02
 1279   0.97126280E+02
 1280   0.24808394E+03
 1281   0.61691843E+03
 1282   0.14011139E+04
 1283   0.56365119E+03
 1284   0.16945602E+03
 1285   0.72696650E+02
 1286   0.41187190E+02
 1287   0.25477870E+02
 1288   0.16554800E+02
 1289   0.10568460E+02
 1290   0.76270900E+01
 1291   0.53128100E+01
 1292   0.35264600E+01
 1293   0.25000700E+01
 1294   0.18508900E+01
 1295   0.15326000E+01
 1296   0.15947800E+01
 1297   0.19647600E+01
 1298   0.16346200E+01
 1299   0.12132200E+01
 1300   0.11958260E+02
 1301   0.43786210E+02
 1302   0.14608290E+03
 1303   0.18471206E+03
 1304   0.10441680E+04
 1305   0.51702161E+03
 1306   0.19357994E+03
 1307   0.11302530E+03
 1308   0.95152370E+02
 1309   0.54319777E+03
 1310   0.32758740E+03
 1311   0.12353162E+03
 1312   0.10718516E+03
 1313   0.58833000E+02
 1314   0.36603220E+02
 1315   0.35592470E+02
 1316   0.11973915E+03
 1317   0.11178937E+03
 1318   0.69075580E+02
 1319   0.41722780E+02
 1320   0.49166220E+02
 1321   0.10299457E+03
 1322   0.18178421E+03
 1323   0.11506629E+03
 1324   0.16832018E+03
 1325   0.72715560E+02
 1326   0.33984030E+02
 1327   0.24803069E+03
 1328   0.67734710E+03
 1329   0.41327364E+03
 1330   0.34123306E+03
 1331   0.14608411E+03
 1332   0.10554080E+03
 1333   0.49437190E+02
 1334   0.26093650E+02
 1335   0.18186590E+02
 1336   0.85287170E+02
 1337   0.81419760E+02
 1338   0.38851940E+02
 1339   0.16524700E+02
 1340   0.68790500E+01
 1341   0.34817300E+01
 1342   0.24149800E+01
 1343   0.30291900E+01
 1344   0.22406610E+02
 1345   0.25721370E+02
 1346   0.20642920E+02
 1347   0.15037330E+02
 1348   0.98918600E+01
 1349   0.72066600E+01
 1350   0.65173000E+01
 1351   0.31181560E+02
 1352   0.76857460E+02
 1353   0.41426050E+02
 1354   0.18025390E+02
 1355   0.92772200E+01
 1356   0.50493900E+01
 1357   0.37378400E+01
 1358   0.30593600E+01
 1359   0.25298100E+01
 1360   0.20908200E+01
 1361   0.17432000E+01
 1362   0.25617400E+01
 1363   0.18697500E+01
 1364   0.14077300E+01
 1365   0.10413800E+01
 1366   0.84217000E+00
 1367   0.63352000E+00
 1368   0.71712000E+00
 1369   0.90543000E+00
 1370   0.95093900E+01
 1371   0.23330629E+03
 1372   0.10917059E+03
 1373   0.58139960E+02
 1374   0.37418400E+02
 1375   0.25490210E+02
 1376   0.17463660E+02
 1377   0.10967950E+02
 1378   0.74487700E+01
 1379   0.51679500E+01
 1380   0.36526500E+01
 1381   0.27368700E+01
 1382   0.21057800E+01
 1383   0.16792700E+01
 1384   0.12683600E+01
 1385   0.10071700E+01
 1386   0.83361000E+00
 1387   0.61784000E+00
 1388   0.48380000E+00
 1389   0.41071000E+00
 1390   0.34930000E+00
 1391   0.27656000E+00
 1392   0.24791000E+00
 1393   0.31222000E+00
 1394   0.38960000E+00
 1395   0.61212000E+00
 1396   0.73765000E+00
 1397   0.74625000E+00
 1398   0.80270000E+00
 1399   0.80155000E+00
 1400   0.91861000E+00
 1401   0.83857000E+00
 1402   0.73239000E+00
 1403   0.61280000E+00
 1404   0.51709000E+00
 1405   0.47848000E+00
 1406   0.48700000E+00
 1407   0.54668000E+00
 1408   0.59616000E+00
 1409   0.60252000E+00
 1410   0.63291000E+00
 1411   0.64485000E+00
 1412   0.62974000E+00
 1413   0.59685000E+00
 1414   0.54395000E+00
 1415   0.48863000E+00
 1416   0.42790000E+00
 1417   0.36791000E+00
 1418   0.30246000E+00
 1419   0.34217000E+00
 1420   0.15778900E+01
 1421   0.14090500E+01
 1422   0.14666300E+01
 1423   0.13715900E+01
 1424   0.12127900E+01
 1425   0.10463200E+01
 1426   0.90962000E+00
 1427   0.16879500E+01
 1428   0.14216900E+01
 1429   0.16600000E+01
 1430   0.21388800E+01
 1431   0.22299600E+01
 1432   0.31381500E+01
 1433   0.47935300E+01
 1434   0.50760700E+01
 1435   0.42782300E+01
 1436   0.34383400E+01
 1437   0.27119400E+01
 1438   0.18331400E+01
 1439   0.14611900E+01
 1440   0.11423400E+01
 1441   0.94576000E+00
 1442   0.82154000E+00
 1443   0.74163000E+00
 1444   0.89227000E+00
 1445   0.13718100E+01
 1446   0.15789400E+01
 1447   0.14879400E+01
 1448   0.13033200E+01
 1449   0.97822000E+00
 1450   0.82796000E+00
 1451   0.71926000E+00
 1452   0.31507700E+01
 1453   0.22725900E+02
 1454   0.58781660E+02
 1455   0.58308670E+02
 1456   0.39546520E+02
 1457   0.25972880E+02
 1458   0.19910430E+02
 1459   0.13208700E+02
 1460   0.90142300E+01
 1461   0.66002300E+01
 1462   0.45455800E+01
 1463   0.33421800E+01
 1464   0.25755000E+01
 1465   0.20387300E+01
 1466   0.16700600E+01
 1467   0.12874400E+01
 1468   0.10588700E+01
 1469   0.79120000E+00
 1470   0.65075000E+00
 1471   0.56217000E+00
 1472   0.49016000E+00
 1473   0.42273000E+00
 1474   0.11554300E+01
 1475   0.11239400E+01
 1476   0.11130700E+01
 1477   0.21659200E+01
 1478   0.26027900E+01
 1479   0.19914100E+01
 1480   0.18446900E+01
 1481   0.19504800E+01
 1482   0.19238600E+01
 1483   0.18318800E+01
 1484   0.16784100E+01
 1485   0.15646200E+01
 1486   0.14778100E+01
 1487   0.84239200E+01
 1488   0.12657740E+02
 1489   0.13778300E+02
 1490   0.93854000E+01
 1491   0.74061500E+01
 1492   0.67202700E+01
 1493   0.63385100E+01
 1494   0.54630600E+01
 1495   0.42700900E+01
 1496   0.34206900E+01
 1497   0.27635900E+01
 1498   0.22176000E+01
 1499   0.18302400E+01
 1500   0.12245600E+01
 1501   0.98565000E+00
 1502   0.85704000E+00
 1503   0.76910000E+00
 1504   0.69821000E+00
 1505   0.65978000E+00
 1506   0.75215600E+01
 1507   0.10808120E+02
 1508   0.11560860E+02
 1509   0.91663900E+01
 1510   0.99053200E+01
 1511   0.11439970E+02
 1512   0.11426910E+02
 1513   0.14199150E+02
 1514   0.53778070E+02
 1515   0.10689186E+03
 1516   0.82497710E+02
 1517   0.52258640E+02
 1518   0.35842620E+02
 1519   0.29875840E+02
 1520   0.35875670E+02
 1521   0.38148580E+02
 1522   0.29434620E+02
 1523   0.23432710E+02
 1524   0.17601150E+02
 1525   0.12364200E+02
 1526   0.83908600E+01
 1527   0.60183100E+01
 1528   0.42178300E+01
 1529   0.32465900E+01
 1530   0.25543400E+01
 1531   0.17233400E+01
 1532   0.19163420E+02
 1533   0.41744050E+02
 1534   0.72691090E+02
 1535   0.80884030E+02
 1536   0.54548520E+02
 1537   0.37196220E+02
 1538   0.24955420E+02
 1539   0.16942110E+02
 1540   0.11502860E+02
 1541   0.70248200E+01
 1542   0.65881600E+01
 1543   0.69236130E+02
 1544   0.83600380E+02
 1545   0.55668360E+02
 1546   0.39796570E+02
 1547   0.43479560E+02
 1548   0.41546080E+02
 1549   0.29025500E+02
 1550   0.24824830E+02
 1551   0.18345370E+02
 1552   0.13144540E+02
 1553   0.90667400E+01
 1554   0.65050100E+01
 1555   0.44403200E+01
 1556   0.33345400E+01
 1557   0.25898200E+01
 1558   0.20459800E+01
 1559   0.16731800E+01
 1560   0.18385900E+01
 1561   0.11704200E+01
 1562   0.15882700E+01
 1563   0.11862900E+02
 1564   0.13824230E+02
 1565   0.10718060E+02
 1566   0.15824130E+02
 1567   0.13680270E+02
 1568   0.13001280E+02
 1569   0.15744320E+02
 1570   0.12901406E+03
 1571   0.13975819E+03
 1572   0.78632790E+02
 1573   0.44421670E+02
 1574   0.26864310E+02
 1575   0.61272290E+02
 1576   0.25631873E+03
 1577   0.54541603E+03
 1578   0.87667203E+03
 1579   0.88492411E+03
 1580   0.81036564E+03
 1581   0.76139075E+03
 1582   0.39364004E+03
 1583   0.15875620E+03
 1584   0.72786300E+02
 1585   0.40436260E+02
 1586   0.28893650E+02
 1587   0.34258930E+02
 1588   0.32611570E+02
 1589   0.21825090E+02
 1590   0.14671180E+02
 1591   0.11775600E+02
 1592   0.16709080E+02
 1593   0.56778940E+02
 1594   0.18080290E+03
 1595   0.57189814E+03
 1596   0.98552525E+03
 1597   0.47339464E+03
 1598   0.20172676E+03
 1599   0.10875446E+03
 1600   0.21921921E+03
 1601   0.14485773E+03
 1602   0.81724550E+02
 1603   0.92019980E+02
 1604   0.13824310E+03
 1605   0.25461800E+03
 1606   0.25437098E+03
 1607   0.24999602E+03
 1608   0.46684947E+03
 1609   0.49669195E+03
 1610   0.42649099E+03
 1611   0.22100953E+03
 1612   0.18319197E+03
 1613   0.72228770E+03
 1614   0.94012313E+03
 1615   0.10320103E+04
 1616   0.20784216E+04
 1617   0.50215667E+03
 1618   0.28223881E+03
 1619   0.57466893E+03
 1620   0.90199171E+03
 1621   0.96430121E+03
 1622   0.67843229E+03
 1623   0.58409958E+03
 1624   0.59590865E+03
 1625   0.51358875E+03
 1626   0.56454317E+03
 1627   0.64149089E+03
 1628   0.66245947E+03
 1629   0.44534403E+03
 1630   0.78952326E+03
 1631   0.58371808E+03
 1632   0.21893070E+03
 1633   0.27495967E+03
 1634   0.29018384E+03
 1635   0.16583964E+03
 1636   0.91213500E+02
 1637   0.88248840E+02
 1638   0.14147352E+04
 1639   0.17864384E+04
 1640   0.71262316E+03
 1641   0.74032844E+03
 1642   0.65897108E+03
 1643   0.47298025E+03
 1644   0.41428846E+03
 1645   0.33493272E+03
 1646   0.34040901E+03
 1647   0.31419879E+03
 1648   0.18937683E+03
 1649   0.82966700E+02
 1650   0.53028360E+02
 1651   0.39490970E+02
 1652   0.21894340E+02
 1653   0.12923240E+02
 1654   0.74113700E+01
 1655   0.49693500E+01
 1656   0.35684800E+01
 1657   0.27158500E+01
 1658   0.21620700E+01
 1659   0.29504700E+01
 1660   0.21081000E+01
 1661   0.16213300E+01
 1662   0.13263900E+01
 1663   0.10275400E+01
 1664   0.71447000E+00
 1665   0.20941400E+01
 1666   0.14765900E+01
 1667   0.12774600E+01
 1668   0.47499100E+02
 1669   0.10232729E+03
 1670   0.16844124E+03
 1671   0.23359274E+03
 1672   0.44866348E+03
 1673   0.47138337E+03
 1674   0.29803743E+03
 1675   0.18239131E+03
 1676   0.95641730E+02
 1677   0.60014520E+02
 1678   0.35962740E+02
 1679   0.20787880E+02
 1680   0.12726050E+02
 1681   0.92108000E+01
 1682   0.73724100E+01
 1683   0.45743300E+01
 1684   0.24670600E+01
 1685   0.43199000E+01
 1686   0.24526280E+02
 1687   0.20162700E+02
 1688   0.16033390E+02
 1689   0.11943510E+02
 1690   0.63648300E+01
 1691   0.36708800E+01
 1692   0.30789500E+01
 1693   0.45960000E+01
 1694   0.79809700E+01
 1695   0.31762500E+01
 1696   0.10223390E+02
 1697   0.81370700E+01
 1698   0.61894100E+01
 1699   0.61595600E+01
 1700   0.91607400E+01
 1701   0.12636800E+02
 1702   0.13466040E+02
 1703   0.10210090E+02
 1704   0.72601100E+01
 1705   0.41354100E+01
 1706   0.32452900E+01
 1707   0.30233300E+01
 1708   0.77700800E+01
 1709   0.86870260E+02
 1710   0.72585600E+02
 1711   0.49246590E+02
 1712   0.31912930E+02
 1713   0.23599420E+02
 1714   0.38377540E+02
 1715   0.44414660E+02
 1716   0.22090980E+02
 1717   0.11128300E+02
 1718   0.61404400E+01
 1719   0.38848500E+01
 1720   0.28654700E+01
 1721   0.22290300E+01
 1722   0.18133100E+01
 1723   0.37649858E+03
 1724   0.16322211E+04
 1725   0.39888330E+03
 1726   0.13566457E+03
 1727   0.65452240E+02
 1728   0.39534870E+02
 1729   0.33820190E+02
 1730   0.38211520E+02
 1731   0.29598000E+02
 1732   0.20567590E+02
 1733   0.13924190E+02
 1734   0.12086670E+02
 1735   0.91530400E+01
 1736   0.22793830E+02
 1737   0.16844112E+03
 1738   0.33534964E+03
 1739   0.47848670E+03
 1740   0.22108046E+03
 1741   0.11340897E+03
 1742   0.70669320E+02
 1743   0.43441790E+02
 1744   0.27225820E+02
 1745   0.17880860E+02
 1746   0.11015180E+02
 1747   0.73503700E+01
 1748   0.49257900E+01
 1749   0.35030700E+01
 1750   0.26033200E+01
 1751   0.19825500E+01
 1752   0.15650900E+01
 1753   0.11788500E+01
 1754   0.94323000E+00
 1755   0.78352000E+00
 1756   0.57766000E+00
 1757   0.45243000E+00
 1758   0.38099000E+00
 1759   0.31618000E+00
 1760   0.23058000E+00
 1761   0.17182000E+00
 1762   0.13327000E+00
 1763   0.10654000E+00
 1764   0.87290000E-01
 1765   0.72990000E-01
 1766   0.62080000E-01
 1767   0.53550000E-01
 1768   0.55190000E-01
 1769   0.10467330E+02
 1770   0.13362890E+02
 1771   0.86115700E+01
 1772   0.25937700E+02
 1773   0.32935560E+02
 1774   0.22372550E+02
 1775   0.14896730E+02
 1776   0.97262900E+01
 1777   0.60819900E+01
 1778   0.40932600E+01
 1779   0.30667000E+01
 1780   0.23529700E+01
 1781   0.18550900E+01
 1782   0.14517200E+01
 1783   0.11226900E+01
 1784   0.92852000E+00
 1785   0.79617000E+00
 1786   0.67203000E+00
 1787   0.22622500E+01
 1788   0.20687160E+02
 1789   0.26597190E+02
 1790   0.21601530E+02
 1791   0.18686280E+02
 1792   0.13891530E+02
 1793   0.95430300E+01
 1794   0.67960200E+01
 1795   0.45978200E+01
 1796   0.33277600E+01
 1797   0.20884400E+01
 1798   0.17041600E+01
 1799   0.13211800E+01
 1800   0.10655300E+01
 1801   0.89947000E+00
 1802   0.77847000E+00
 1803   0.76188000E+00
 1804   0.45662000E+01
 1805   0.43809900E+02
 1806   0.64764090E+02
 1807   0.48902060E+02
 1808   0.33491030E+02
 1809   0.22302700E+02
 1810   0.14854970E+02
 1811   0.97847700E+01
 1812   0.68782600E+01
 1813   0.15867790E+02
 1814   0.79421070E+02
 1815   0.82564040E+02
 1816   0.62304080E+02
 1817   0.38159540E+02
 1818   0.23027330E+02
 1819   0.16969020E+02
 1820   0.15679180E+02
 1821   0.32742570E+02
 1822   0.70800960E+02
 1823   0.88320630E+02
 1824   0.22672538E+03
 1825   0.34287445E+03
 1826   0.14613285E+03
 1827   0.69137630E+02
 1828   0.37600180E+02
 1829   0.23786580E+02
 1830   0.15710090E+02
 1831   0.10383050E+02
 1832   0.71445200E+01
 1833   0.11369400E+02
 1834   0.76130180E+02
 1835   0.16794342E+03
 1836   0.25184501E+03
 1837   0.16328933E+03
 1838   0.82437550E+02
 1839   0.47854160E+02
 1840   0.29285320E+02
 1841   0.19055330E+02
 1842   0.12731130E+02
 1843   0.85541500E+01
 1844   0.61042800E+01
 1845   0.42364600E+01
 1846   0.32538600E+01
 1847   0.25843300E+01
 1848   0.17280700E+01
 1849   0.13784300E+01
 1850   0.11357600E+01
 1851   0.99783000E+00
 1852   0.88950000E+00
 1853   0.80065000E+00
 1854   0.71704000E+00
 1855   0.61045000E+00
 1856   0.49999000E+00
 1857   0.45069000E+00
 1858   0.47445000E+00
 1859   0.81740000E+00
 1860   0.59349800E+01
 1861   0.12939460E+02
 1862   0.21006820E+02
 1863   0.20348290E+02
 1864   0.17919260E+02
 1865   0.20377510E+02
 1866   0.41061010E+02
 1867   0.45067080E+02
 1868   0.38930060E+02
 1869   0.27939250E+02
 1870   0.20296670E+02
 1871   0.14162790E+02
 1872   0.94995900E+01
 1873   0.71202100E+01
 1874   0.49001600E+01
 1875   0.36238200E+01
 1876   0.28374200E+01
 1877   0.25163000E+01
 1878   0.54807600E+01
 1879   0.60397800E+01
 1880   0.56209100E+01
 1881   0.52029300E+01
 1882   0.55616300E+01
 1883   0.56040900E+01
 1884   0.47223700E+01
 1885   0.39036000E+01
 1886   0.31950800E+01
 1887   0.25971100E+01
 1888   0.20878700E+01
 1889   0.14257600E+01
 1890   0.11054000E+01
 1891   0.93439000E+00
 1892   0.83331000E+00
 1893   0.74809000E+00
 1894   0.64091000E+00
 1895   0.53893000E+00
 1896   0.45099000E+00
 1897   0.37853000E+00
 1898   0.17004800E+01
 1899   0.26839540E+02
 1900   0.39420030E+02
 1901   0.28048170E+02
 1902   0.28658300E+02
 1903   0.28329160E+02
 1904   0.25930050E+02
 1905   0.38968430E+02
 1906   0.36331220E+02
 1907   0.34605050E+02
 1908   0.27063300E+02
 1909   0.21434990E+02
 1910   0.16568040E+02
 1911   0.12768940E+02
 1912   0.12103180E+02
 1913   0.15072850E+02
 1914   0.18181510E+02
 1915   0.13810540E+02
 1916   0.94082300E+01
 1917   0.70583800E+01
 1918   0.62759100E+01
 1919   0.81476000E+01
 1920   0.35253160E+02
 1921   0.92497200E+02
 1922   0.69867590E+02
 1923   0.44201550E+02
 1924   0.39830220E+02
 1925   0.71764070E+02
 1926   0.68488670E+02
 1927   0.52430550E+02
 1928   0.39478790E+02
 1929   0.49458430E+02
 1930   0.32565160E+02
 1931   0.21634960E+02
 1932   0.83560580E+02
 1933   0.86076200E+02
 1934   0.60528190E+02
 1935   0.41081170E+02
 1936   0.29951420E+02
 1937   0.36697840E+02
 1938   0.31363180E+02
 1939   0.39797510E+02
 1940   0.27878408E+03
 1941   0.36480615E+03
 1942   0.25058806E+03
 1943   0.19932818E+03
 1944   0.19097962E+03
 1945   0.12447597E+03
 1946   0.70242110E+02
 1947   0.51444180E+02
 1948   0.41375430E+02
 1949   0.26485100E+02
 1950   0.31887880E+02
 1951   0.56593950E+02
 1952   0.14782016E+03
 1953   0.22846638E+03
 1954   0.19313282E+03
 1955   0.14313715E+03
 1956   0.12405886E+03
 1957   0.13802379E+03
 1958   0.15153805E+03
 1959   0.20804070E+03
 1960   0.14123631E+03
 1961   0.92952560E+02
 1962   0.11026336E+03
 1963   0.79016970E+02
 1964   0.56089230E+02
 1965   0.31321920E+02
 1966   0.11496931E+03
 1967   0.23515788E+03
 1968   0.21171379E+03
 1969   0.27264679E+03
 1970   0.21390754E+03
 1971   0.97041150E+02
 1972   0.52097030E+02
 1973   0.32001530E+02
 1974   0.20756840E+02
 1975   0.15577480E+02
 1976   0.21469100E+02
 1977   0.72574580E+02
 1978   0.62474990E+02
 1979   0.11072883E+03
 1980   0.26282688E+03
 1981   0.12436175E+03
 1982   0.67968450E+02
 1983   0.32278263E+03
 1984   0.33353284E+03
 1985   0.39430872E+03
 1986   0.27534578E+03
 1987   0.34172594E+03
 1988   0.86384707E+03
 1989   0.83715973E+03
 1990   0.83446101E+03
 1991   0.59763570E+03
 1992   0.19476184E+03
 1993   0.83047430E+02
 1994   0.44663990E+02
 1995   0.21054643E+03
 1996   0.91764232E+03
 1997   0.64114801E+03
 1998   0.41046836E+03
 1999   0.14528501E+04
 2000   0.16440517E+04
 2001   0.68602726E+03
 2002   0.22337789E+03
 2003   0.14591421E+03
 2004   0.17332489E+03
 2005   0.23049289E+03
 2006   0.16725833E+03
 2007   0.84589930E+02
 2008   0.47417770E+02
 2009   0.29133110E+02
 2010   0.20115160E+02
 2011   0.13191840E+02
 2012   0.84075300E+01
 2013   0.60082100E+01
 2014   0.41429900E+01
 2015   0.30267100E+01
 2016   0.22786600E+01
 2017   0.17690600E+01
 2018   0.15078500E+01
 2019   0.11373300E+01
 2020   0.91510000E+00
 2021   0.75818000E+00
 2022   0.60919000E+00
 2023   0.46757000E+00
 2024   0.36441000E+00
 2025   0.15156800E+01
 2026   0.14026700E+01
 2027   0.66695800E+01
 2028   0.15117855E+04
 2029   0.25217879E+04
 2030   0.61603645E+03
 2031   0.17393485E+03
 2032   0.74117140E+02
 2033   0.39046000E+02
 2034   0.24327190E+02
 2035   0.15921940E+02
 2036   0.10699150E+02
 2037   0.31164060E+02
 2038   0.55807380E+02
 2039   0.24750450E+02
 2040   0.11202210E+02
 2041   0.46712600E+01
 2042   0.26351800E+01
 2043   0.16005400E+01
 2044   0.11500400E+01
 2045   0.87005000E+00
 2046   0.84969000E+00
 2047   0.68866000E+00
 2048   0.52697000E+00
 2049   0.44736000E+00
 2050   0.39361000E+00
 2051   0.49375000E+00
 2052   0.56383000E+00
 2053   0.54845860E+02
 2054   0.69553980E+02
 2055   0.70504170E+02
 2056   0.46358020E+02
 2057   0.16337230E+02
 2058   0.59463300E+01
 2059   0.29125000E+01
 2060   0.55575600E+01
 2061   0.62147500E+01
 2062   0.41166600E+01
 2063   0.24652900E+01
 2064   0.47766570E+02
 2065   0.36404690E+02
 2066   0.16471080E+02
 2067   0.83781700E+01
 2068   0.67132800E+01
 2069   0.74310100E+01
 2070   0.72030200E+01
 2071   0.58776500E+01
 2072   0.42210100E+01
 2073   0.32069500E+01
 2074   0.21981800E+01
 2075   0.26482500E+01
 2076   0.18703700E+01
 2077   0.13975800E+01
 2078   0.10400100E+01
 2079   0.83814000E+00
 2080   0.67608000E+00
 2081   0.51853000E+00
 2082   0.42413000E+00
 2083   0.10720600E+01
 2084   0.36375500E+01
 2085   0.11097730E+02
 2086   0.55810600E+01
 2087   0.24437000E+01
 2088   0.14420100E+01
 2089   0.91609000E+00
 2090   0.46407000E+00
 2091   0.37390000E+00
 2092   0.32508000E+00
 2093   0.42721000E+00
 2094   0.37868000E+00
 2095   0.54427000E+00
 2096   0.77235000E+00
 2097   0.10987100E+01
 2098   0.97131600E+01
 2099   0.15352410E+02
 2100   0.83870400E+01
 2101   0.37422500E+01
 2102   0.21694700E+01
 2103   0.14783900E+01
 2104   0.10619300E+01
 2105   0.77586000E+00
 2106   0.59322000E+00
 2107   0.89118580E+02
 2108   0.10160279E+03
 2109   0.10500156E+03
 2110   0.59479770E+02
 2111   0.35994730E+02
 2112   0.23008640E+02
 2113   0.15123300E+02
 2114   0.97343700E+01
 2115   0.60275900E+01
 2116   0.40686500E+01
 2117   0.30408800E+01
 2118   0.23140800E+01
 2119   0.17992500E+01
 2120   0.13934700E+01
 2121   0.10847800E+01
 2122   0.89341000E+00
 2123   0.75553000E+00
 2124   0.61179000E+00
 2125   0.47204000E+00
 2126   0.36927000E+00
 2127   0.29883000E+00
 2128   0.21618000E+00
 2129   0.16236000E+00
 2130   0.12666000E+00
 2131   0.10174000E+00
 2132   0.83690000E-01
 2133   0.70210000E-01
 2134   0.59880000E-01
 2135   0.51770000E-01
 2136   0.45280000E-01
 2137   0.40000000E-01
 2138   0.35640000E-01
 2139   0.31990000E-01
 2140   0.28900000E-01
 2141   0.26260000E-01
 2142   0.25573000E+01
 2143   0.18514400E+01
 2144   0.11980900E+01
 2145   0.71999000E+00
 2146   0.96469000E+00
 2147   0.57574400E+01
 2148   0.73653500E+01
 2149   0.61030400E+01
 2150   0.42632000E+01
 2151   0.32014300E+01
 2152   0.24460600E+01
 2153   0.19141500E+01
 2154   0.15253700E+01
 2155   0.11659600E+01
 2156   0.83908000E+00
 2157   0.68002000E+00
 2158   0.56257000E+00
 2159   0.48194000E+00
 2160   0.41294000E+00
 2161   0.35923000E+00
 2162   0.69465000E+00
 2163   0.30159600E+01
 2164   0.56949300E+01
 2165   0.20090300E+02
 2166   0.94715020E+02
 2167   0.84865680E+02
 2168   0.52646280E+02
 2169   0.32239980E+02
 2170   0.20730150E+02
 2171   0.13583230E+02
 2172   0.88303600E+01
 2173   0.62238000E+01
 2174   0.42717100E+01
 2175   0.32636900E+01
 2176   0.20597700E+01
 2177   0.17033700E+01
 2178   0.13275700E+01
 2179   0.10785300E+01
 2180   0.91735000E+00
 2181   0.80875000E+00
 2182   0.75645000E+00
 2183   0.11714700E+01
 2184   0.22999900E+01
 2185   0.48122200E+01
 2186   0.75775700E+01
 2187   0.69878600E+01
 2188   0.15711170E+02
 2189   0.43280540E+02
 2190   0.65080010E+02
 2191   0.46712900E+02
 2192   0.37545920E+02
 2193   0.26906540E+02
 2194   0.18516990E+02
 2195   0.12534970E+02
 2196   0.83926800E+01
 2197   0.50942800E+01
 2198   0.38850900E+01
 2199   0.31085900E+01
 2200   0.15718530E+02
 2201   0.24912500E+02
 2202   0.18511790E+02
 2203   0.12399280E+02
 2204   0.13501360E+02
 2205   0.21469360E+02
 2206   0.32018970E+02
 2207   0.26072770E+02
 2208   0.22855010E+02
 2209   0.21592420E+02
 2210   0.17001260E+02
 2211   0.12587180E+02
 2212   0.90879800E+01
 2213   0.68396500E+01
 2214   0.49390800E+01
 2215   0.37442200E+01
 2216   0.29152400E+01
 2217   0.19125000E+01
 2218   0.17817500E+01
 2219   0.15535180E+02
 2220   0.19278160E+02
 2221   0.19937370E+02
 2222   0.18490620E+02
 2223   0.21471680E+02
 2224   0.20653060E+02
 2225   0.29305980E+02
 2226   0.44887310E+02
 2227   0.32493780E+02
 2228   0.24282810E+02
 2229   0.19125170E+02
 2230   0.14944650E+02
 2231   0.10441730E+02
 2232   0.70044400E+01
 2233   0.46903200E+01
 2234   0.34942300E+01
 2235   0.27572700E+01
 2236   0.97182500E+01
 2237   0.83493000E+01
 2238   0.37195900E+01
 2239   0.24694100E+01
 2240   0.17807000E+01
 2241   0.13797900E+01
 2242   0.10419100E+01
 2243   0.85952000E+00
 2244   0.74186000E+00
 2245   0.59840000E+00
 2246   0.49240000E+00
 2247   0.42275000E+00
 2248   0.35256000E+00
 2249   0.29400000E+00
 2250   0.25441000E+00
 2251   0.20825000E+00
 2252   0.16644000E+00
 2253   0.13384000E+00
 2254   0.10944000E+00
 2255   0.91110000E-01
 2256   0.77100000E-01
 2257   0.17942800E+01
 2258   0.15338680E+02
 2259   0.52988310E+02
 2260   0.67876990E+02
 2261   0.94428160E+02
 2262   0.73854990E+02
 2263   0.52380290E+02
 2264   0.33238290E+02
 2265   0.21742090E+02
 2266   0.14535970E+02
 2267   0.96960900E+01
 2268   0.68671000E+01
 2269   0.39229400E+01
 2270   0.30013400E+01
 2271   0.23106400E+01
 2272   0.19006700E+01
 2273   0.15781200E+01
 2274   0.12253100E+01
 2275   0.10151400E+01
 2276   0.86651000E+00
 2277   0.74819000E+00
 2278   0.61966000E+00
 2279   0.48232000E+00
 2280   0.37524000E+00
 2281   0.30797000E+00
 2282   0.24118000E+00
 2283   0.64542000E+00
 2284   0.31583000E+00
 2285   0.18640000E+00
 2286   0.12526000E+00
 2287   0.93310000E-01
 2288   0.21575700E+01
 2289   0.13242800E+01
 2290   0.87346000E+00
 2291   0.46060800E+01
 2292   0.46200900E+01
 2293   0.53556000E+01
 2294   0.25963690E+02
 2295   0.33390650E+02
 2296   0.27468930E+02
 2297   0.58227700E+02
 2298   0.61752040E+02
 2299   0.66053630E+02
 2300   0.61231320E+02
 2301   0.49793130E+02
 2302   0.33772890E+02
 2303   0.59457880E+02
 2304   0.65835590E+02
 2305   0.72995060E+02
 2306   0.71378350E+02
 2307   0.48398510E+02
 2308   0.35145490E+02
 2309   0.25186110E+02
 2310   0.15362700E+02
 2311   0.10126660E+02
 2312   0.71752000E+01
 2313   0.48166600E+01
 2314   0.38229000E+01
 2315   0.37354500E+01
 2316   0.13641230E+02
 2317   0.63237220E+02
 2318   0.58173470E+02
 2319   0.52985010E+02
 2320   0.53446270E+02
 2321   0.48535480E+02
 2322   0.51952900E+02
 2323   0.37000580E+02
 2324   0.25700030E+02
 2325   0.19266410E+02
 2326   0.52624840E+02
 2327   0.47592409E+03
 2328   0.44244163E+03
 2329   0.32418071E+03
 2330   0.13919000E+03
 2331   0.66755510E+02
 2332   0.46041050E+02
 2333   0.29018600E+02
 2334   0.25144830E+02
 2335   0.14462927E+03
 2336   0.49137421E+03
 2337   0.34914376E+03
 2338   0.13826673E+03
 2339   0.28462151E+03
 2340   0.42732750E+03
 2341   0.55309536E+03
 2342   0.45118306E+03
 2343   0.41280480E+03
 2344   0.13454969E+04
 2345   0.96255180E+03
 2346   0.44845278E+03
 2347   0.16153608E+03
 2348   0.72872560E+02
 2349   0.40286140E+02
 2350   0.24694600E+02
 2351   0.15057920E+02
 2352   0.96882500E+01
 2353   0.68837500E+01
 2354   0.39810320E+02
 2355   0.21661073E+03
 2356   0.11984130E+04
 2357   0.63793205E+03
 2358   0.23632709E+03
 2359   0.96496310E+02
 2360   0.50013880E+02
 2361   0.47966180E+02
 2362   0.55177980E+02
 2363   0.68965210E+02
 2364   0.87572480E+02
 2365   0.87629900E+02
 2366   0.11134058E+03
 2367   0.12927584E+03
 2368   0.91908320E+02
 2369   0.52028220E+02
 2370   0.49062520E+02
 2371   0.28100170E+02
 2372   0.14938250E+02
 2373   0.90532100E+01
 2374   0.74461000E+01
 2375   0.47702500E+01
 2376   0.32714300E+01
 2377   0.58719033E+03
 2378   0.14083653E+04
 2379   0.13952242E+04
 2380   0.16831562E+04
 2381   0.12359059E+04
 2382   0.41100290E+03
 2383   0.13733919E+03
 2384   0.62778520E+02
 2385   0.34983170E+02
 2386   0.21589970E+02
 2387   0.13867220E+02
 2388   0.88233200E+01
 2389   0.59734000E+01
 2390   0.40230300E+01
 2391   0.29031600E+01
 2392   0.35111000E+01
 2393   0.17875110E+02
 2394   0.21262460E+02
 2395   0.92048400E+01
 2396   0.40100900E+01
 2397   0.17973698E+03
 2398   0.96997740E+02
 2399   0.68263950E+02
 2400   0.42407660E+02
 2401   0.25544360E+02
 2402   0.15792940E+02
 2403   0.10342270E+02
 2404   0.70593800E+01
 2405   0.46222600E+01
 2406   0.13342070E+02
 2407   0.95596290E+02
 2408   0.26044811E+03
 2409   0.28989185E+03
 2410   0.40266648E+03
 2411   0.72490344E+03
 2412   0.50193386E+03
 2413   0.43308976E+03
 2414   0.22559625E+03
 2415   0.13360070E+03
 2416   0.27652622E+03
 2417   0.25692259E+03
 2418   0.10803064E+03
 2419   0.56403800E+02
 2420   0.38889840E+02
 2421   0.41967160E+02
 2422   0.38698630E+02
 2423   0.50486470E+02
 2424   0.34901340E+02
 2425   0.22447960E+02
 2426   0.14594780E+02
 2427   0.93375100E+01
 2428   0.64009700E+01
 2429   0.41790900E+01
 2430   0.44038600E+01
 2431   0.30635100E+01
 2432   0.21027600E+01
 2433   0.76662600E+01
 2434   0.96102800E+01
 2435   0.93004700E+01
 2436   0.20575300E+02
 2437   0.24785150E+02
 2438   0.17507110E+02
 2439   0.12690520E+02
 2440   0.53233157E+03
 2441   0.28336501E+03
 2442   0.11114489E+03
 2443   0.50778640E+02
 2444   0.33897140E+02
 2445   0.24247990E+02
 2446   0.64896070E+02
 2447   0.61657680E+03
 2448   0.47643429E+03
 2449   0.16644607E+03
 2450   0.78820590E+02
 2451   0.50267500E+02
 2452   0.51107250E+02
 2453   0.13213118E+03
 2454   0.71401010E+02
 2455   0.42764420E+02
 2456   0.27659620E+02
 2457   0.18667980E+02
 2458   0.12558540E+02
 2459   0.83266400E+01
 2460   0.58173200E+01
 2461   0.39310200E+01
 2462   0.28226900E+01
 2463   0.18621900E+01
 2464   0.14744500E+01
 2465   0.11305800E+01
 2466   0.22041800E+01
 2467   0.35926500E+02
 2468   0.21758490E+02
 2469   0.11186350E+02
 2470   0.19959630E+02
 2471   0.22274830E+02
 2472   0.16603130E+02
 2473   0.11412100E+02
 2474   0.69477300E+01
 2475   0.46411500E+01
 2476   0.33459700E+01
 2477   0.24760400E+01
 2478   0.19042100E+01
 2479   0.15060800E+01
 2480   0.11362500E+01
 2481   0.23160100E+01
 2482   0.24197900E+01
 2483   0.17445800E+01
 2484   0.12081200E+02
 2485   0.29710810E+02
 2486   0.21103710E+02
 2487   0.13923930E+02
 2488   0.90086400E+01
 2489   0.62480700E+01
 2490   0.41551700E+01
 2491   0.30400000E+01
 2492   0.22652100E+01
 2493   0.17380400E+01
 2494   0.11935700E+01
 2495   0.93451000E+00
 2496   0.77745000E+00
 2497   0.40961200E+01
 2498   0.63522300E+01
 2499   0.10697980E+02
 2500   0.93858900E+01
 2501   0.85439700E+01
 2502   0.44462700E+02
 2503   0.28092516E+03
 2504   0.21871292E+03
 2505   0.13888336E+03
 2506   0.10034151E+03
 2507   0.96514180E+02
 2508   0.65363420E+02
 2509   0.42607630E+02
 2510   0.28476590E+02
 2511   0.19251050E+02
 2512   0.12880150E+02
 2513   0.84488700E+01
 2514   0.58886400E+01
 2515   0.33023600E+01
 2516   0.25263700E+01
 2517   0.19403000E+01
 2518   0.15486900E+01
 2519   0.12154800E+01
 2520   0.14812400E+01
 2521   0.11541200E+01
 2522   0.92200000E+00
 2523   0.76523000E+00
 2524   0.58884000E+00
 2525   0.51434000E+00
 2526   0.62471000E+00
 2527   0.82679000E+00
 2528   0.12127600E+01
 2529   0.14492600E+01
 2530   0.13968900E+01
 2531   0.12343600E+01
 2532   0.10670600E+01
 2533   0.92519000E+00
 2534   0.80893000E+00
 2535   0.62135000E+00
 2536   0.49452000E+00
 2537   0.41994000E+00
 2538   0.35769000E+00
 2539   0.28582000E+00
 2540   0.20180000E+00
 2541   0.15084000E+00
 2542   0.11793000E+00
 2543   0.95110000E-01
 2544   0.78570000E-01
 2545   0.66180000E-01
 2546   0.62280000E-01
 2547   0.56030000E-01
 2548   0.20388700E+01
 2549   0.10301140E+02
 2550   0.12590600E+02
 2551   0.13435790E+02
 2552   0.13344540E+02
 2553   0.10869590E+02
 2554   0.79478000E+01
 2555   0.58335300E+01
 2556   0.33417000E+01
 2557   0.26492200E+01
 2558   0.21142500E+01
 2559   0.17290400E+01
 2560   0.13725000E+01
 2561   0.11132000E+01
 2562   0.94145000E+00
 2563   0.81989000E+00
 2564   0.72693000E+00
 2565   0.62441000E+00
 2566   0.70764000E+00
 2567   0.76129000E+00
 2568   0.57792000E+00
 2569   0.57715000E+00
 2570   0.54047000E+00
 2571   0.48655000E+00
 2572   0.42569000E+00
 2573   0.37279000E+00
 2574   0.33095000E+00
 2575   0.28102000E+00
 2576   0.30268000E+00
 2577   0.40518000E+00
 2578   0.12668100E+01
 2579   0.98955200E+01
 2580   0.25953590E+02
 2581   0.34371170E+02
 2582   0.32432650E+02
 2583   0.25534200E+02
 2584   0.32332300E+02
 2585   0.37240020E+02
 2586   0.29183090E+02
 2587   0.25613580E+02
 2588   0.23886980E+02
 2589   0.20861760E+02
 2590   0.15932680E+02
 2591   0.12266050E+02
 2592   0.11605260E+02
 2593   0.29110081E+03
 2594   0.32365178E+03
 2595   0.13184455E+03
 2596   0.67778810E+02
 2597   0.12769393E+03
 2598   0.15751708E+03
 2599   0.13653995E+03
 2600   0.88391420E+02
 2601   0.55326500E+02
 2602   0.43010980E+02
 2603   0.30096580E+02
 2604   0.21756960E+02
 2605   0.16500090E+02
 2606   0.12117340E+02
 2607   0.11628720E+02
 2608   0.28073630E+02
 2609   0.40806500E+02
 2610   0.53498300E+02
 2611   0.77083740E+02
 2612   0.61157290E+02
 2613   0.42229090E+02
 2614   0.28492240E+02
 2615   0.20576160E+02
 2616   0.16802450E+02
 2617   0.12306940E+02
 2618   0.91616100E+01
 2619   0.12589090E+02
 2620   0.19284980E+02
 2621   0.19617050E+02
 2622   0.16141930E+02
 2623   0.14757930E+02
 2624   0.22883130E+02
 2625   0.25077010E+02
 2626   0.17795470E+02
 2627   0.11198760E+02
 2628   0.76250400E+01
 2629   0.55066000E+01
 2630   0.39362000E+01
 2631   0.31998900E+01
 2632   0.26597400E+01
 2633   0.22259300E+01
 2634   0.19136100E+01
 2635   0.15885500E+01
 2636   0.12547000E+01
 2637   0.10649300E+01
 2638   0.80024000E+00
 2639   0.63947600E+01
 2640   0.21827620E+02
 2641   0.24735060E+02
 2642   0.18034080E+02
 2643   0.28818380E+02
 2644   0.56772850E+02
 2645   0.42580620E+02
 2646   0.29206530E+02
 2647   0.21972200E+02
 2648   0.14925960E+02
 2649   0.32631040E+02
 2650   0.33719430E+02
 2651   0.22251020E+02
 2652   0.30297180E+02
 2653   0.38596060E+02
 2654   0.30953820E+02
 2655   0.22547920E+02
 2656   0.21366620E+02
 2657   0.21905350E+02
 2658   0.12919830E+02
 2659   0.13235790E+02
 2660   0.66331590E+02
 2661   0.11890926E+03
 2662   0.11503328E+03
 2663   0.16790612E+03
 2664   0.14729496E+03
 2665   0.18873211E+03
 2666   0.31058455E+03
 2667   0.18413377E+03
 2668   0.17800413E+03
 2669   0.10588889E+03
 2670   0.71113900E+02
 2671   0.45338640E+02
 2672   0.50519650E+02
 2673   0.31230310E+02
 2674   0.26457390E+02
 2675   0.24095300E+02
 2676   0.58911230E+02
 2677   0.83586020E+02
 2678   0.16255429E+03
 2679   0.10824084E+03
 2680   0.70266200E+02
 2681   0.51908620E+02
 2682   0.32115990E+02
 2683   0.21470330E+02
 2684   0.23728960E+02
 2685   0.21753270E+02
 2686   0.18374190E+02
 2687   0.17378330E+02
 2688   0.21799450E+02
 2689   0.39245810E+02
 2690   0.59762310E+02
 2691   0.83328760E+02
 2692   0.11864016E+03
 2693   0.12030641E+03
 2694   0.18971998E+03
 2695   0.17410461E+03
 2696   0.21624625E+03
 2697   0.15416412E+03
 2698   0.13258700E+03
 2699   0.15243383E+03
 2700   0.13335450E+03
 2701   0.13594010E+03
 2702   0.37757616E+03
 2703   0.28803155E+03
 2704   0.30203808E+03
 2705   0.50397550E+03
 2706   0.36631710E+03
 2707   0.39137459E+03
 2708   0.43823196E+03
 2709   0.71932084E+03
 2710   0.29005361E+03
 2711   0.10809639E+03
 2712   0.53508540E+02
 2713   0.30829030E+02
 2714   0.19454230E+02
 2715   0.12701400E+02
 2716   0.86755900E+01
 2717   0.63567700E+01
 2718   0.40994100E+01
 2719   0.30705300E+01
 2720   0.27528800E+01
 2721   0.59985205E+03
 2722   0.13257437E+04
 2723   0.82500505E+03
 2724   0.24185520E+03
 2725   0.95050100E+02
 2726   0.51839140E+02
 2727   0.33102440E+02
 2728   0.21850010E+02
 2729   0.14270790E+02
 2730   0.58152391E+03
 2731   0.33767340E+04
 2732   0.17653057E+04
 2733   0.14747348E+04
 2734   0.17112420E+04
 2735   0.14198881E+04
 2736   0.43685187E+03
 2737   0.15317258E+03
 2738   0.13234576E+03
 2739   0.40838220E+03
 2740   0.23936304E+03
 2741   0.31161599E+03
 2742   0.40698534E+03
 2743   0.54521018E+03
 2744   0.63639793E+03
 2745   0.10320873E+04
 2746   0.78364091E+03
 2747   0.11275189E+04
 2748   0.11915017E+04
 2749   0.65122794E+03
 2750   0.67916178E+03
 2751   0.11481827E+04
 2752   0.78135702E+03
 2753   0.75728574E+03
 2754   0.52332208E+03
 2755   0.18582852E+03
 2756   0.85315450E+02
 2757   0.55633910E+02
 2758   0.54958290E+02
 2759   0.10766779E+03
 2760   0.74038950E+02
 2761   0.32858120E+02
 2762   0.20643980E+02
 2763   0.15707430E+02
 2764   0.13197780E+02
 2765   0.13338030E+02
 2766   0.12469830E+02
 2767   0.10891120E+02
 2768   0.89059100E+01
 2769   0.59471600E+01
 2770   0.38807900E+01
 2771   0.23091300E+01
 2772   0.17956300E+01
 2773   0.14637700E+01
 2774   0.15229600E+01
 2775   0.70402700E+01
 2776   0.64285710E+02
 2777   0.44423070E+02
 2778   0.31061210E+02
 2779   0.21621140E+02
 2780   0.21511100E+02
 2781   0.12346295E+03
 2782   0.32406749E+03
 2783   0.91122668E+03
 2784   0.17315945E+04
 2785   0.11520810E+04
 2786   0.32927406E+03
 2787   0.11706819E+03
 2788   0.57102620E+02
 2789   0.32814260E+02
 2790   0.20519550E+02
 2791   0.12621110E+02
 2792   0.90583700E+01
 2793   0.13593010E+02
 2794   0.15664780E+02
 2795   0.12302910E+02
 2796   0.86503400E+01
 2797   0.88612600E+01
 2798   0.73693700E+01
 2799   0.60697000E+01
 2800   0.45663000E+01
 2801   0.34916000E+01
 2802   0.22791700E+01
 2803   0.20935700E+01
 2804   0.19869800E+01
 2805   0.17086000E+01
 2806   0.20598400E+01
 2807   0.18260900E+01
 2808   0.14426500E+01
 2809   0.25806550E+02
 2810   0.20168237E+03
 2811   0.11493614E+03
 2812   0.65092810E+02
 2813   0.40514520E+02
 2814   0.26309500E+02
 2815   0.17762110E+02
 2816   0.20132880E+02
 2817   0.18679820E+02
 2818   0.26445340E+02
 2819   0.28627750E+02
 2820   0.20850830E+02
 2821   0.15954030E+02
 2822   0.11210810E+02
 2823   0.81640300E+01
 2824   0.60296900E+01
 2825   0.41075400E+01
 2826   0.62103400E+01
 2827   0.47094080E+02
 2828   0.32326618E+03
 2829   0.29404668E+03
 2830   0.12152816E+03
 2831   0.63459530E+02
 2832   0.36708300E+02
 2833   0.24236210E+02
 2834   0.17173250E+02
 2835   0.11785670E+02
 2836   0.81095100E+01
 2837   0.70736700E+01
 2838   0.74917100E+01
 2839   0.71098100E+01
 2840   0.58614000E+01
 2841   0.42212100E+01
 2842   0.31924400E+01
 2843   0.20873700E+01
 2844   0.16983400E+01
 2845   0.23058500E+01
 2846   0.38458900E+01
 2847   0.11015380E+02
 2848   0.33339650E+02
 2849   0.26918750E+02
 2850   0.20487970E+02
 2851   0.15820200E+02
 2852   0.11905540E+02
 2853   0.77996300E+01
 2854   0.58431800E+01
 2855   0.41210300E+01
 2856   0.30920900E+01
 2857   0.23975600E+01
 2858   0.19042000E+01
 2859   0.15087400E+01
 2860   0.11608800E+01
 2861   0.94850000E+00
 2862   0.80067000E+00
 2863   0.60170000E+00
 2864   0.47520000E+00
 2865   0.40634000E+00
 2866   0.35283000E+00
 2867   0.30626000E+00
 2868   0.25890000E+00
 2869   0.21880000E+00
 2870   0.18199000E+00
 2871   0.15082000E+00
 2872   0.12581000E+00
 2873   0.10607000E+00
 2874   0.90440000E-01
 2875   0.77940000E-01
 2876   0.55212300E+01
 2877   0.11951260E+02
 2878   0.17019910E+02
 2879   0.16463260E+02
 2880   0.31319150E+02
 2881   0.24348850E+02
 2882   0.16830740E+02
 2883   0.11380650E+02
 2884   0.69159300E+01
 2885   0.46559600E+01
 2886   0.34196200E+01
 2887   0.25824700E+01
 2888   0.20046700E+01
 2889   0.16128000E+01
 2890   0.12337100E+01
 2891   0.10166100E+01
 2892   0.86292000E+00
 2893   0.74486000E+00
 2894   0.56054000E+00
 2895   0.43984000E+00
 2896   0.37208000E+00
 2897   0.30415000E+00
 2898   0.21538000E+00
 2899   0.15971000E+00
 2900   0.12412000E+00
 2901   0.99610000E-01
 2902   0.81960000E-01
 2903   0.68790000E-01
 2904   0.58700000E-01
 2905   0.50780000E-01
 2906   0.44440000E-01
 2907   0.39280000E-01
 2908   0.35010000E-01
 2909   0.31440000E-01
 2910   0.28420000E-01
 2911   0.25830000E-01
 2912   0.23600000E-01
 2913   0.21660000E-01
 2914   0.19960000E-01
 2915   0.18460000E-01
 2916   0.17130000E-01
 2917   0.15950000E-01
 2918   0.14890000E-01
 2919   0.13930000E-01
 2920   0.13070000E-01
 2921   0.12290000E-01
 2922   0.11580000E-01
 2923   0.26360000E-01
 2924   0.56290800E+01
 2925   0.24299690E+02
 2926   0.10663429E+03
 2927   0.94165050E+02
 2928   0.59337930E+02
 2929   0.38585360E+02
 2930   0.25528350E+02
 2931   0.17264160E+02
 2932   0.11746840E+02
 2933   0.79452400E+01
 2934   0.56772300E+01
 2935   0.32498000E+01
 2936   0.26011100E+01
 2937   0.21344500E+01
 2938   0.15195210E+02
 2939   0.54000760E+02
 2940   0.52647350E+02
 2941   0.35801260E+02
 2942   0.28331770E+02
 2943   0.21959660E+02
 2944   0.15730380E+02
 2945   0.98101300E+01
 2946   0.70591300E+01
 2947   0.49886000E+01
 2948   0.36662700E+01
 2949   0.28716100E+01
 2950   0.22873300E+01
 2951   0.18583000E+01
 2952   0.15063000E+01
 2953   0.11837400E+01
 2954   0.54266100E+01
 2955   0.47985700E+01
 2956   0.29781200E+01
 2957   0.44873160E+02
 2958   0.13286586E+03
 2959   0.85844200E+02
 2960   0.52693240E+02
 2961   0.43057830E+02
 2962   0.31131120E+02
 2963   0.20880090E+02
 2964   0.21857600E+02
 2965   0.10745750E+03
 2966   0.26717845E+03
 2967   0.20300539E+03
 2968   0.10484603E+03
 2969   0.69315070E+02
 2970   0.88255650E+02
 2971   0.81993950E+02
 2972   0.55737470E+02
 2973   0.42076030E+02
 2974   0.28613880E+02
 2975   0.19439880E+02
 2976   0.12259500E+02
 2977   0.10272090E+02
 2978   0.12234270E+02
 2979   0.17033790E+02
 2980   0.26587970E+02
 2981   0.55989950E+02
 2982   0.64596270E+02
 2983   0.50833170E+02
 2984   0.50567500E+02
 2985   0.41189110E+02
 2986   0.36878070E+02
 2987   0.28256720E+02
 2988   0.40052620E+02
 2989   0.20532002E+03
 2990   0.19306397E+03
 2991   0.10876544E+03
 2992   0.19265307E+03
 2993   0.22420570E+03
 2994   0.11671243E+03
 2995   0.62398130E+02
 2996   0.36037840E+02
 2997   0.23390950E+02
 2998   0.15614800E+02
 2999   0.35802100E+02
 3000   0.27175888E+03
 3001   0.30921457E+03
 3002   0.26647681E+03
 3003   0.33118500E+03
 3004   0.27800301E+03
 3005   0.13675692E+03
 3006   0.70852250E+02
 3007   0.40588600E+02
 3008   0.27692310E+02
 3009   0.19923380E+02
 3010   0.18356770E+02
 3011   0.34797380E+02
 3012   0.26563430E+02
 3013   0.22326170E+02
 3014   0.16966650E+02
 3015   0.22939470E+02
 3016   0.33801950E+02
 3017   0.30221870E+02
 3018   0.33589360E+02
 3019   0.44919320E+02
 3020   0.47950950E+02
 3021   0.58145820E+02
 3022   0.10879790E+03
 3023   0.69324430E+02
 3024   0.44894690E+02
 3025   0.29251560E+02
 3026   0.19525960E+02
 3027   0.12450500E+02
 3028   0.17434830E+02
 3029   0.44257930E+02
 3030   0.54643620E+02
 3031   0.12839194E+03
 3032   0.11393298E+03
 3033   0.13128616E+03
 3034   0.89436520E+02
 3035   0.62020870E+02
 3036   0.48113790E+02
 3037   0.23830669E+03
 3038   0.29791425E+03
 3039   0.15966255E+03
 3040   0.79173560E+02
 3041   0.44577860E+02
 3042   0.33128300E+02
 3043   0.25462100E+02
 3044   0.18782240E+02
 3045   0.12917810E+02
 3046   0.86672800E+01
 3047   0.62853300E+01
 3048   0.36948000E+01
 3049   0.34778700E+01
 3050   0.77938960E+02
 3051   0.25862017E+03
 3052   0.47018845E+03
 3053   0.34968120E+03
 3054   0.23727021E+03
 3055   0.17605059E+03
 3056   0.16099496E+03
 3057   0.12888716E+03
 3058   0.12380646E+03
 3059   0.21399761E+03
 3060   0.37401494E+03
 3061   0.33737776E+03
 3062   0.26202371E+03
 3063   0.13125983E+03
 3064   0.67938440E+02
 3065   0.52695430E+02
 3066   0.38984930E+02
 3067   0.25008580E+02
 3068   0.16076130E+02
 3069   0.15856670E+02
 3070   0.11385535E+03
 3071   0.78865360E+02
 3072   0.50932940E+02
 3073   0.52151830E+02
 3074   0.19483460E+03
 3075   0.81844572E+03
 3076   0.50121616E+03
 3077   0.32975585E+03
 3078   0.19950180E+03
 3079   0.37999604E+03
 3080   0.54106951E+03
 3081   0.26832044E+03
 3082   0.24647141E+03
 3083   0.43736701E+03
 3084   0.24910633E+03
 3085   0.45006691E+03
 3086   0.25855624E+03
 3087   0.11379531E+03
 3088   0.22254062E+03
 3089   0.22844391E+03
 3090   0.14123097E+03
 3091   0.14895367E+03
 3092   0.87180850E+02
 3093   0.53460030E+02
 3094   0.33630840E+02
 3095   0.21456740E+02
 3096   0.14049310E+02
 3097   0.92529100E+01
 3098   0.65904100E+01
 3099   0.43136900E+01
 3100   0.11573600E+02
 3101   0.43390260E+02
 3102   0.32941110E+02
 3103   0.21026330E+02
 3104   0.13297400E+02
 3105   0.10598710E+02
 3106   0.11382810E+02
 3107   0.11128560E+02
 3108   0.13530690E+02
 3109   0.73037400E+01
 3110   0.53186700E+01
 3111   0.15873670E+02
 3112   0.30761890E+02
 3113   0.30356160E+02
 3114   0.26368670E+02
 3115   0.29566750E+02
 3116   0.18539160E+02
 3117   0.76975100E+01
 3118   0.37594800E+01
 3119   0.19440100E+01
 3120   0.14002800E+01
 3121   0.99216000E+00
 3122   0.11264600E+01
 3123   0.82490000E+00
 3124   0.64785000E+00
 3125   0.52795000E+00
 3126   0.46016000E+00
 3127   0.39910000E+00
 3128   0.40540000E+00
 3129   0.94375000E+00
 3130   0.45658000E+00
 3131   0.26274000E+00
 3132   0.16216000E+00
 3133   0.11597000E+00
 3134   0.91800000E-01
 3135   0.84050000E-01
 3136   0.20779000E+00
 3137   0.13722480E+02
 3138   0.11134108E+03
 3139   0.21487555E+03
 3140   0.21291138E+03
 3141   0.14450910E+03
 3142   0.12547899E+03
 3143   0.13196020E+03
 3144   0.83813100E+02
 3145   0.12003395E+03
 3146   0.11310128E+04
 3147   0.16002798E+04
 3148   0.11876487E+04
 3149   0.21498948E+04
 3150   0.58139136E+03
 3151   0.21334079E+03
 3152   0.92078290E+02
 3153   0.46972940E+02
 3154   0.28574350E+02
 3155   0.19048280E+02
 3156   0.29371460E+02
 3157   0.58716180E+02
 3158   0.17094470E+03
 3159   0.11527919E+03
 3160   0.62303170E+02
 3161   0.37042620E+02
 3162   0.23246790E+02
 3163   0.14960420E+02
 3164   0.94908700E+01
 3165   0.64834000E+01
 3166   0.43254800E+01
 3167   0.29180490E+02
 3168   0.57411200E+02
 3169   0.49497300E+02
 3170   0.69440730E+02
 3171   0.47459420E+02
 3172   0.28465150E+02
 3173   0.18631600E+02
 3174   0.12860840E+02
 3175   0.95617400E+01
 3176   0.12257000E+02
 3177   0.85752300E+01
 3178   0.99480700E+01
 3179   0.10844890E+02
 3180   0.87710800E+01
 3181   0.58785000E+01
 3182   0.45085600E+01
 3183   0.33264700E+01
 3184   0.25240400E+01
 3185   0.19455000E+01
 3186   0.15190400E+01
 3187   0.12825300E+01
 3188   0.19982670E+02
 3189   0.20921415E+03
 3190   0.10266433E+03
 3191   0.66008910E+02
 3192   0.51108950E+02
 3193   0.34943240E+02
 3194   0.23018750E+02
 3195   0.15308620E+02
 3196   0.10010950E+02
 3197   0.68590100E+01
 3198   0.45387000E+01
 3199   0.32428500E+01
 3200   0.23668400E+01
 3201   0.16210000E+01
 3202   0.11956100E+01
 3203   0.95946000E+00
 3204   0.80878000E+00
 3205   0.67891000E+00
 3206   0.57025000E+00
 3207   0.48435000E+00
 3208   0.41401000E+00
 3209   0.35578000E+00
 3210   0.29587000E+00
 3211   0.22499000E+00
 3212   0.17730000E+00
 3213   0.14367000E+00
 3214   0.11892000E+00
 3215   0.10021000E+00
 3216   0.85710000E-01
 3217   0.74230000E-01
 3218   0.64960000E-01
 3219   0.57360000E-01
 3220   0.51030000E-01
 3221   0.45710000E-01
 3222   0.41190000E-01
 3223   0.37310000E-01
 3224   0.33950000E-01
 3225   0.31030000E-01
 3226   0.28480000E-01
 3227   0.26220000E-01
 3228   0.24230000E-01
 3229   0.22450000E-01
 3230   0.20860000E-01
 3231   0.19440000E-01
 3232   0.18160000E-01
 3233   0.67470000E-01
 3234   0.43012000E+00
 3235   0.67866000E+00
 3236   0.73944000E+00
 3237   0.90499000E+00
 3238   0.10197700E+01
 3239   0.99903000E+00
 3240   0.13550100E+02
 3241   0.62941890E+02
 3242   0.13242946E+03
 3243   0.81747810E+02
 3244   0.50070800E+02
 3245   0.31420300E+02
 3246   0.20473260E+02
 3247   0.13893810E+02
 3248   0.96167300E+01
 3249   0.70446700E+01
 3250   0.49999100E+01
 3251   0.36601800E+01
 3252   0.28128700E+01
 3253   0.18530700E+01
 3254   0.14495500E+01
 3255   0.11256500E+01
 3256   0.93031000E+00
 3257   0.80524000E+00
 3258   0.70157000E+00
 3259   0.59036000E+00
 3260   0.49234000E+00
 3261   0.41523000E+00
 3262   0.34676000E+00
 3263   0.25197000E+00
 3264   0.17581000E+00
 3265   0.13259000E+00
 3266   0.10482000E+00
 3267   0.85450000E-01
 3268   0.71270000E-01
 3269   0.60530000E-01
 3270   0.52180000E-01
 3271   0.45530000E-01
 3272   0.40150000E-01
 3273   0.35720000E-01
 3274   0.32030000E-01
 3275   0.28910000E-01
 3276   0.12563000E+00
 3277   0.41916000E+00
 3278   0.50343000E+00
 3279   0.50348000E+00
 3280   0.47260000E+00
 3281   0.70557000E+00
 3282   0.46205000E+00
 3283   0.36856000E+00
 3284   0.29569000E+00
 3285   0.26088000E+00
 3286   0.22856000E+00
 3287   0.19376000E+00
 3288   0.16186000E+00
 3289   0.13550000E+00
 3290   0.21473000E+00
 3291   0.15549000E+01
 3292   0.63461300E+01
 3293   0.79387700E+01
 3294   0.83078900E+01
 3295   0.99484600E+01
 3296   0.89210500E+01
 3297   0.69678100E+01
 3298   0.49912200E+01
 3299   0.38614400E+01
 3300   0.50522100E+01
 3301   0.76841200E+01
 3302   0.75463800E+01
 3303   0.63895000E+01
 3304   0.51835400E+01
 3305   0.54345900E+01
 3306   0.49281800E+01
 3307   0.40293100E+01
 3308   0.32470700E+01
 3309   0.36963500E+01
 3310   0.10232750E+02
 3311   0.13941230E+02
 3312   0.11195650E+02
 3313   0.82069000E+01
 3314   0.59185900E+01
 3315   0.48760000E+01
 3316   0.43447800E+01
 3317   0.83775800E+01
 3318   0.34466710E+02
 3319   0.12104797E+03
 3320   0.11600765E+03
 3321   0.69640000E+02
 3322   0.15106746E+03
 3323   0.21800329E+03
 3324   0.18830626E+03
 3325   0.11077190E+03
 3326   0.60887770E+02
 3327   0.62821310E+02
 3328   0.11517101E+03
 3329   0.10291750E+03
 3330   0.10083354E+03
 3331   0.70733100E+02
 3332   0.54674050E+02
 3333   0.41134430E+02
 3334   0.29376980E+02
 3335   0.19456760E+02
 3336   0.13449860E+02
 3337   0.92137700E+01
 3338   0.68088000E+01
 3339   0.50742200E+01
 3340   0.49079700E+01
 3341   0.96771700E+01
 3342   0.16767550E+02
 3343   0.10148951E+03
 3344   0.19023595E+03
 3345   0.14373154E+03
 3346   0.82108640E+02
 3347   0.49075830E+02
 3348   0.30714520E+02
 3349   0.21852140E+02
 3350   0.14090420E+02
 3351   0.96232600E+01
 3352   0.16454360E+02
 3353   0.13708070E+02
 3354   0.10627690E+02
 3355   0.34897400E+02
 3356   0.90330100E+02
 3357   0.25543115E+03
 3358   0.47500507E+03
 3359   0.29279639E+03
 3360   0.16165768E+03
 3361   0.26310249E+03
 3362   0.27384279E+03
 3363   0.14254773E+03
 3364   0.17156164E+03
 3365   0.11284254E+03
 3366   0.99623350E+02
 3367   0.76235110E+02
 3368   0.64174020E+02
 3369   0.47446730E+02
 3370   0.31486660E+02
 3371   0.21622850E+02
 3372   0.14937460E+02
 3373   0.10264640E+02
 3374   0.73358900E+01
 3375   0.51746300E+01
 3376   0.30714300E+01
 3377   0.60360700E+01
 3378   0.40658200E+01
 3379   0.26301800E+01
 3380   0.23904400E+01
 3381   0.64762000E+01
 3382   0.86362700E+01
 3383   0.20131170E+02
 3384   0.38303900E+02
 3385   0.30029440E+02
 3386   0.25087800E+02
 3387   0.19574410E+02
 3388   0.13742340E+02
 3389   0.92759100E+01
 3390   0.66237900E+01
 3391   0.45249300E+01
 3392   0.61362800E+01
 3393   0.17023340E+02
 3394   0.33399640E+02
 3395   0.23400762E+03
 3396   0.32466640E+03
 3397   0.27066038E+03
 3398   0.29847068E+03
 3399   0.20984616E+03
 3400   0.17086711E+03
 3401   0.10226793E+03
 3402   0.56975910E+02
 3403   0.35243470E+02
 3404   0.28782260E+02
 3405   0.17955593E+03
 3406   0.14433187E+03
 3407   0.79753520E+02
 3408   0.44322150E+02
 3409   0.26569310E+02
 3410   0.17644050E+02
 3411   0.38535920E+02
 3412   0.38097950E+02
 3413   0.37583270E+02
 3414   0.29442900E+02
 3415   0.22785200E+02
 3416   0.20315540E+02
 3417   0.12292890E+02
 3418   0.88778300E+01
 3419   0.82810000E+01
 3420   0.71474600E+01
 3421   0.58542100E+01
 3422   0.46141800E+01
 3423   0.72138200E+01
 3424   0.40849320E+02
 3425   0.20197894E+03
 3426   0.11375756E+03
 3427   0.64997320E+02
 3428   0.70214260E+02
 3429   0.69676180E+02
 3430   0.56167280E+02
 3431   0.48732270E+02
 3432   0.39663150E+02
 3433   0.27843240E+02
 3434   0.19074830E+02
 3435   0.12168290E+02
 3436   0.92915400E+01
 3437   0.44723440E+02
 3438   0.11563059E+03
 3439   0.88892620E+02
 3440   0.75532190E+02
 3441   0.50432920E+02
 3442   0.31055230E+02
 3443   0.21564840E+02
 3444   0.21835480E+02
 3445   0.15434700E+02
 3446   0.12764310E+02
 3447   0.16707600E+02
 3448   0.24782110E+02
 3449   0.70837409E+03
 3450   0.44473140E+03
 3451   0.53538465E+03
 3452   0.50154145E+03
 3453   0.19191844E+03
 3454   0.85909620E+02
 3455   0.51101990E+02
 3456   0.55601790E+02
 3457   0.29440240E+02
 3458   0.64378030E+02
 3459   0.29469510E+03
 3460   0.42558846E+03
 3461   0.17009904E+03
 3462   0.84098050E+02
 3463   0.64160780E+02
 3464   0.14292783E+04
 3465   0.39897879E+03
 3466   0.12690965E+03
 3467   0.60176900E+02
 3468   0.33035010E+02
 3469   0.46613835E+03
 3470   0.16332871E+04
 3471   0.87211771E+03
 3472   0.60655970E+03
 3473   0.34894726E+03
 3474   0.26314508E+03
 3475   0.20550223E+03
 3476   0.23410203E+03
 3477   0.30480962E+03
 3478   0.27845435E+03
 3479   0.15791109E+03
 3480   0.92839160E+02
 3481   0.42422190E+02
 3482   0.23646130E+02
 3483   0.14958160E+02
 3484   0.95467100E+01
 3485   0.11889040E+02
 3486   0.19899750E+03
 3487   0.55774293E+03
 3488   0.21631402E+03
 3489   0.10914946E+03
 3490   0.54787000E+02
 3491   0.30443470E+02
 3492   0.30269590E+02
 3493   0.77257810E+02
 3494   0.69648414E+03
 3495   0.77903984E+03
 3496   0.63781205E+03
 3497   0.28661515E+03
 3498   0.10853046E+03
 3499   0.60922800E+02
 3500   0.35824360E+02
 3501   0.21288830E+02
 3502   0.13398040E+02
 3503   0.85834400E+01
 3504   0.63824000E+01
 3505   0.45267200E+01
 3506   0.34275500E+01
 3507   0.28044600E+01
 3508   0.32900500E+01
 3509   0.51016600E+01
 3510   0.37093100E+01
 3511   0.24280300E+01
 3512   0.21570580E+02
 3513   0.27338606E+03
 3514   0.84583077E+03
 3515   0.27855036E+03
 3516   0.10959051E+03
 3517   0.55228610E+02
 3518   0.31922120E+02
 3519   0.19270400E+02
 3520   0.47537290E+02
 3521   0.16285524E+03
 3522   0.14371104E+03
 3523   0.18990217E+03
 3524   0.14473664E+03
 3525   0.73035840E+02
 3526   0.44439890E+02
 3527   0.39994590E+02
 3528   0.25999800E+02
 3529   0.16148610E+02
 3530   0.10757020E+02
 3531   0.73654800E+01
 3532   0.50759000E+01
 3533   0.23288760E+02
 3534   0.65855620E+02
 3535   0.83977600E+02
 3536   0.60180560E+02
 3537   0.36082000E+02
 3538   0.22776930E+02
 3539   0.14849170E+02
 3540   0.88100300E+01
 3541   0.61511700E+01
 3542   0.41028700E+01
 3543   0.29732800E+01
 3544   0.22341500E+01
 3545   0.17378000E+01
 3546   0.13209000E+01
 3547   0.10260300E+01
 3548   0.83759000E+00
 3549   0.68121000E+00
 3550   0.51416000E+00
 3551   0.40535000E+00
 3552   0.34286000E+00
 3553   0.26197000E+00
 3554   0.19211000E+00
 3555   0.14710000E+00
 3556   0.11641000E+00
 3557   0.94590000E-01
 3558   0.78540000E-01
 3559   0.66420000E-01
 3560   0.57020000E-01
 3561   0.49580000E-01
 3562   0.11564000E+00
 3563   0.16859840E+02
 3564   0.25343227E+03
 3565   0.28676706E+03
 3566   0.12582923E+03
 3567   0.62708380E+02
 3568   0.35839870E+02
 3569   0.22159000E+02
 3570   0.13435640E+02
 3571   0.86945500E+01
 3572   0.60922300E+01
 3573   0.40824700E+01
 3574   0.30038200E+01
 3575   0.22905500E+01
 3576   0.17875200E+01
 3577   0.13731900E+01
 3578   0.10679200E+01
 3579   0.88338000E+00
 3580   0.12790600E+01
 3581   0.10631100E+01
 3582   0.40858300E+01
 3583   0.65247200E+01
 3584   0.61630900E+01
 3585   0.47599900E+01
 3586   0.40158200E+01
 3587   0.35188800E+01
 3588   0.30380400E+01
 3589   0.25256500E+01
 3590   0.20841000E+01
 3591   0.14713500E+01
 3592   0.11323700E+01
 3593   0.93849000E+00
 3594   0.80265000E+00
 3595   0.68598000E+00
 3596   0.58298000E+00
 3597   0.49149000E+00
 3598   0.41717000E+00
 3599   0.35297000E+00
 3600   0.26770000E+00
 3601   0.18704000E+00
 3602   0.14061000E+00
 3603   0.11081000E+00
 3604   0.90080000E-01
 3605   0.74950000E-01
 3606   0.63560000E-01
 3607   0.11950000E+00
 3608   0.78501000E+00
 3609   0.25259900E+01
 3610   0.36982900E+01
 3611   0.30055900E+01
 3612   0.26841300E+01
 3613   0.22648700E+01
 3614   0.18831200E+01
 3615   0.15021300E+01
 3616   0.10546560E+02
 3617   0.50081931E+03
 3618   0.49415234E+03
 3619   0.25616167E+03
 3620   0.13696011E+03
 3621   0.80456370E+02
 3622   0.48674550E+02
 3623   0.31511370E+02
 3624   0.20941710E+02
 3625   0.14000610E+02
 3626   0.92488600E+01
 3627   0.65656500E+01
 3628   0.44684200E+01
 3629   0.84534400E+01
 3630   0.24197300E+02
 3631   0.76771960E+02
 3632   0.21542192E+03
 3633   0.13860876E+03
 3634   0.72512910E+02
 3635   0.41394450E+02
 3636   0.26082360E+02
 3637   0.23252450E+02
 3638   0.23189720E+02
 3639   0.17609280E+02
 3640   0.12389060E+02
 3641   0.88334400E+01
 3642   0.60212100E+01
 3643   0.44440700E+01
 3644   0.35023400E+01
 3645   0.27705100E+01
 3646   0.22066100E+01
 3647   0.17747400E+01
 3648   0.13852600E+01
 3649   0.11136200E+01
 3650   0.94252000E+00
 3651   0.81716000E+00
 3652   0.62168000E+00
 3653   0.49363000E+00
 3654   0.42376000E+00
 3655   0.36647000E+00
 3656   0.30731000E+00
 3657   0.21555000E+00
 3658   0.15798000E+00
 3659   0.12225000E+00
 3660   0.97980000E-01
 3661   0.80590000E-01
 3662   0.67640000E-01
 3663   0.57730000E-01
 3664   0.49960000E-01
 3665   0.43740000E-01
 3666   0.38680000E-01
 3667   0.34490000E-01
 3668   0.30990000E-01
 3669   0.28020000E-01
 3670   0.25480000E-01
 3671   0.23290000E-01
 3672   0.21390000E-01
 3673   0.20840000E-01
 3674   0.18250000E-01
 3675   0.16950000E-01
 3676   0.15920000E-01
 3677   0.15390000E-01
 3678   0.15400000E-01
 3679   0.16070000E-01
 3680   0.21692000E+00
 3681   0.34503000E+00
 3682   0.33950000E+00
 3683   0.30548000E+00
 3684   0.41555000E+00
 3685   0.10358900E+01
 3686   0.20746300E+01
 3687   0.23813600E+01
 3688   0.21744100E+01
 3689   0.91140600E+01
 3690   0.11531765E+03
 3691   0.16976589E+03
 3692   0.10878271E+03
 3693   0.57215650E+02
 3694   0.63333650E+02
 3695   0.13457137E+03
 3696   0.20042648E+03
 3697   0.13988561E+03
 3698   0.77840300E+02
 3699   0.46457740E+02
 3700   0.29165590E+02
 3701   0.19349710E+02
 3702   0.13044950E+02
 3703   0.87991500E+01
 3704   0.54788600E+01
 3705   0.37883800E+01
 3706   0.29554400E+01
 3707   0.23110600E+01
 3708   0.18115500E+01
 3709   0.15578700E+01
 3710   0.27395800E+01
 3711   0.32368700E+01
 3712   0.11210470E+02
 3713   0.20091110E+02
 3714   0.19910900E+02
 3715   0.26118520E+02
 3716   0.23927010E+02
 3717   0.24330350E+02
 3718   0.19426370E+02
 3719   0.13665350E+02
 3720   0.94321900E+01
 3721   0.68163700E+01
 3722   0.47166900E+01
 3723   0.34903500E+01
 3724   0.22164900E+01
 3725   0.18439900E+01
 3726   0.14921000E+01
 3727   0.11713600E+01
 3728   0.98417000E+00
 3729   0.10966130E+02
 3730   0.10625400E+02
 3731   0.64559900E+01
 3732   0.39901100E+01
 3733   0.23936320E+02
 3734   0.12922005E+03
 3735   0.17143584E+03
 3736   0.12949749E+03
 3737   0.94336100E+02
 3738   0.57788880E+02
 3739   0.42148220E+02
 3740   0.29015190E+02
 3741   0.19627080E+02
 3742   0.13709880E+02
 3743   0.91482200E+01
 3744   0.64237200E+01
 3745   0.35886100E+01
 3746   0.27816600E+01
 3747   0.21969900E+01
 3748   0.48082700E+01
 3749   0.39662660E+02
 3750   0.52487730E+02
 3751   0.37619200E+02
 3752   0.25434830E+02
 3753   0.21574850E+02
 3754   0.34253180E+02
 3755   0.94017590E+02
 3756   0.15412529E+03
 3757   0.13600958E+03
 3758   0.75302700E+02
 3759   0.46556830E+02
 3760   0.12161772E+03
 3761   0.30526425E+03
 3762   0.20155811E+03
 3763   0.12119258E+03
 3764   0.10899187E+03
 3765   0.58231680E+02
 3766   0.36048780E+02
 3767   0.24024880E+02
 3768   0.16247950E+02
 3769   0.10889110E+02
 3770   0.73213300E+01
 3771   0.49718300E+01
 3772   0.36356000E+01
 3773   0.28363000E+01
 3774   0.23850900E+01
 3775   0.21700300E+01
 3776   0.55798700E+01
 3777   0.56017500E+01
 3778   0.40129300E+01
 3779   0.28247100E+01
 3780   0.21335500E+01
 3781   0.10195996E+03
 3782   0.14497402E+03
 3783   0.24445291E+03
 3784   0.17625067E+03
 3785   0.11651048E+03
 3786   0.10667773E+03
 3787   0.26274126E+03
 3788   0.26128713E+03
 3789   0.18035498E+03
 3790   0.90450320E+02
 3791   0.50319800E+02
 3792   0.34451990E+02
 3793   0.21893790E+02
 3794   0.14317800E+02
 3795   0.10367730E+02
 3796   0.13058800E+02
 3797   0.32354127E+03
 3798   0.45405640E+03
 3799   0.29552985E+03
 3800   0.18466622E+03
 3801   0.15809203E+03
 3802   0.10503390E+03
 3803   0.59567330E+02
 3804   0.45999880E+02
 3805   0.15707464E+03
 3806   0.21775812E+03
 3807   0.86616410E+02
 3808   0.50393740E+02
 3809   0.38114800E+02
 3810   0.11938013E+03
 3811   0.35827845E+03
 3812   0.15944464E+03
 3813   0.10399339E+03
 3814   0.60641070E+02
 3815   0.45503610E+02
 3816   0.91402050E+02
 3817   0.18831952E+03
 3818   0.10496439E+03
 3819   0.57258530E+02
 3820   0.33615760E+02
 3821   0.21328910E+02
 3822   0.13994500E+02
 3823   0.20660180E+02
 3824   0.33740933E+03
 3825   0.46745845E+03
 3826   0.29817830E+03
 3827   0.16047774E+03
 3828   0.73131840E+02
 3829   0.41897400E+02
 3830   0.37642425E+03
 3831   0.95864179E+03
 3832   0.22916043E+04
 3833   0.19261940E+04
 3834   0.27702301E+04
 3835   0.11347152E+04
 3836   0.81777989E+03
 3837   0.10547726E+04
 3838   0.75393793E+03
 3839   0.54053300E+03
 3840   0.45501788E+03
 3841   0.31301383E+03
 3842   0.14123518E+03
 3843   0.98578900E+02
 3844   0.81560630E+02
 3845   0.12819539E+03
 3846   0.26443822E+03
 3847   0.27745161E+03
 3848   0.14826529E+03
 3849   0.73775360E+02
 3850   0.50347700E+02
 3851   0.25252859E+03
 3852   0.70806103E+03
 3853   0.11341524E+04
 3854   0.51664265E+03
 3855   0.21470335E+03
 3856   0.96736340E+02
 3857   0.50338660E+02
 3858   0.31967450E+02
 3859   0.21867830E+02
 3860   0.18179730E+02
 3861   0.17785346E+04
 3862   0.16617791E+04
 3863   0.32339051E+03
 3864   0.11568657E+03
 3865   0.57319110E+02
 3866   0.32951210E+02
 3867   0.21514770E+02
 3868   0.18247910E+02
 3869   0.89133300E+02
 3870   0.62358320E+02
 3871   0.39109970E+02
 3872   0.27576510E+02
 3873   0.18439480E+02
 3874   0.11518190E+02
 3875   0.71166100E+01
 3876   0.46096500E+01
 3877   0.32787300E+01
 3878   0.20511300E+01
 3879   0.36296460E+02
 3880   0.10463480E+03
 3881   0.47343960E+02
 3882   0.30817090E+02
 3883   0.22010010E+02
 3884   0.18259440E+02
 3885   0.12914180E+02
 3886   0.85149400E+01
 3887   0.11968470E+02
 3888   0.61786000E+01
 3889   0.34777800E+01
 3890   0.24342600E+01
 3891   0.17915900E+01
 3892   0.13827700E+01
 3893   0.10479900E+01
 3894   0.85306000E+00
 3895   0.71659000E+00
 3896   0.22156400E+01
 3897   0.72273980E+02
 3898   0.14797891E+03
 3899   0.72661260E+02
 3900   0.68928240E+02
 3901   0.17973300E+03
 3902   0.27221559E+03
 3903   0.14097664E+03
 3904   0.69479350E+02
 3905   0.39524270E+02
 3906   0.24325410E+02
 3907   0.15635070E+02
 3908   0.99568500E+01
 3909   0.60985100E+01
 3910   0.41137200E+01
 3911   0.33230800E+01
 3912   0.25182800E+01
 3913   0.19431500E+01
 3914   0.15176000E+01
 3915   0.11733800E+01
 3916   0.14359700E+01
 3917   0.14008300E+01
 3918   0.25503500E+01
 3919   0.86977100E+01
 3920   0.99667300E+01
 3921   0.83864000E+01
 3922   0.61464500E+01
 3923   0.87603200E+01
 3924   0.29349540E+02
 3925   0.89142120E+02
 3926   0.65188390E+02
 3927   0.41110720E+02
 3928   0.45471880E+03
 3929   0.36188878E+03
 3930   0.13604070E+03
 3931   0.65548710E+02
 3932   0.36574360E+02
 3933   0.22609950E+02
 3934   0.14699830E+02
 3935   0.95118500E+01
 3936   0.65662700E+01
 3937   0.43261800E+01
 3938   0.31130500E+01
 3939   0.19828700E+01
 3940   0.15904300E+01
 3941   0.12002800E+01
 3942   0.96643000E+00
 3943   0.81612000E+00
 3944   0.69341000E+00
 3945   0.56965000E+00
 3946   0.47350000E+00
 3947   0.39659000E+00
 3948   0.32717000E+00
 3949   0.22676000E+00
 3950   0.16289000E+00
 3951   0.12512000E+00
 3952   0.10004000E+00
 3953   0.82220000E-01
 3954   0.69000000E-01
 3955   0.58900000E-01
 3956   0.50970000E-01
 3957   0.44630000E-01
 3958   0.39460000E-01
 3959   0.35190000E-01
 3960   0.31610000E-01
 3961   0.28580000E-01
 3962   0.25990000E-01
 3963   0.23750000E-01
 3964   0.21800000E-01
 3965   0.20090000E-01
 3966   0.18590000E-01
 3967   0.17250000E-01
 3968   0.16060000E-01
 3969   0.15000000E-01
 3970   0.14040000E-01
 3971   0.13170000E-01
 3972   0.12380000E-01
 3973   0.11670000E-01
 3974   0.11010000E-01
 3975   0.10410000E-01
 3976   0.98700000E-02
 3977   0.93600000E-02
 3978   0.88900000E-02
 3979   0.84600000E-02
 3980   0.80600000E-02
 3981   0.76900000E-02
 3982   0.73400000E-02
 3983   0.70200000E-02
 3984   0.67200000E-02
 3985   0.64400000E-02
 3986   0.61700000E-02
 3987   0.59300000E-02
 3988   0.56900000E-02
 3989   0.54700000E-02
 3990   0.52700000E-02
 3991   0.50700000E-02
 3992   0.48900000E-02
 3993   0.47100000E-02
 3994   0.45500000E-02
 3995   0.43900000E-02
 3996   0.42500000E-02
 3997   0.41000000E-02
 3998   0.39700000E-02
 3999   0.38400000E-02
 4000   0.37200000E-02
 4001   0.36100000E-02
 4002   0.35200000E-02
 4003   0.34400000E-02
 4004   0.34300000E-02
 4005   0.35100000E-02
 4006   0.37800000E-02
 4007   0.43500000E-02
 4008   0.52800000E-02
 4009   0.65500000E-02
 4010   0.79500000E-02
 4011   0.92600000E-02
 4012   0.10290000E-01
 4013   0.11000000E-01
 4014   0.11390000E-01
 4015   0.11540000E-01
 4016   0.11490000E-01
 4017   0.11310000E-01
 4018   0.11050000E-01
 4019   0.10730000E-01
 4020   0.10380000E-01
 4021   0.10010000E-01
 4022   0.96300000E-02
 4023   0.92600000E-02
 4024   0.89000000E-02
 4025   0.85500000E-02
 4026   0.82100000E-02
 4027   0.78900000E-02
 4028   0.75800000E-02
 4029   0.72800000E-02
 4030   0.70000000E-02
 4031   0.67300000E-02
 4032   0.64800000E-02
 4033   0.62400000E-02
 4034   0.60100000E-02
 4035   0.57900000E-02
 4036   0.55900000E-02
 4037   0.53900000E-02
 4038   0.52100000E-02
 4039   0.50300000E-02
 4040   0.48600000E-02
 4041   0.47000000E-02
 4042   0.45500000E-02
 4043   0.44000000E-02
 4044   0.42600000E-02
 4045   0.41300000E-02
 4046   0.59970000E-01
 4047   0.69520000E-01
 4048   0.67420000E-01
 4049   0.14210000E+00
 4050   0.15015000E+00
 4051   0.90774300E+01
 4052   0.18064900E+02
 4053   0.33099410E+02
 4054   0.34639330E+02
 4055   0.24776780E+02
 4056   0.18434210E+02
 4057   0.13150230E+02
 4058   0.29597640E+02
 4059   0.22148150E+02
 4060   0.23020870E+02
 4061   0.16183200E+02
 4062   0.89076000E+01
 4063   0.65986200E+01
 4064   0.76923000E+01
 4065   0.22703300E+02
 4066   0.21321000E+02
 4067   0.14832570E+02
 4068   0.11692120E+02
 4069   0.94783300E+01
 4070   0.74972600E+01
 4071   0.16397310E+02
 4072   0.17212660E+02
 4073   0.10794270E+02
 4074   0.11063730E+02
 4075   0.15794480E+02
 4076   0.47182670E+02
 4077   0.10132529E+03
 4078   0.70534660E+02
 4079   0.49921000E+02
 4080   0.32125590E+02
 4081   0.21279740E+02
 4082   0.14370420E+02
 4083   0.87178700E+01
 4084   0.63887600E+01
 4085   0.45046600E+01
 4086   0.34529300E+01
 4087   0.27135700E+01
 4088   0.21648500E+01
 4089   0.17688100E+01
 4090   0.13997700E+01
 4091   0.11261400E+01
 4092   0.10388200E+01
 4093   0.76724000E+00
 4094   0.60668000E+00
 4095   0.50996000E+00
 4096   0.43598000E+00
 4097   0.37221000E+00
 4098   0.39937400E+01
 4099   0.66217100E+01
 4100   0.68667200E+01
 4101   0.55153100E+01
 4102   0.71986000E+01
 4103   0.98106900E+01
 4104   0.20346220E+02
 4105   0.24923000E+02
 4106   0.20435640E+02
 4107   0.16329130E+02
 4108   0.12899340E+02
 4109   0.91887700E+01
 4110   0.66717000E+01
 4111   0.46522900E+01
 4112   0.35001900E+01
 4113   0.26591700E+01
 4114   0.17799800E+01
 4115   0.19320200E+01
 4116   0.23529900E+01
 4117   0.20752200E+01
 4118   0.19332200E+01
 4119   0.17056100E+01
 4120   0.14143200E+01
 4121   0.11936900E+01
 4122   0.10211300E+01
 4123   0.96773000E+00
 4124   0.82988000E+00
 4125   0.77330000E+00
 4126   0.72927000E+00
 4127   0.65892000E+00
 4128   0.12313830E+02
 4129   0.57637760E+02
 4130   0.50157640E+02
 4131   0.36693380E+02
 4132   0.27463260E+02
 4133   0.19006030E+02
 4134   0.11885290E+02
 4135   0.79753600E+01
 4136   0.57682300E+01
 4137   0.54793300E+01
 4138   0.41612300E+01
 4139   0.28899200E+01
 4140   0.21105400E+01
 4141   0.16536900E+01
 4142   0.12451800E+01
 4143   0.98117000E+00
 4144   0.72508000E+00
 4145   0.64445000E+00
 4146   0.52648000E+00
 4147   0.44743000E+00
 4148   0.37350000E+00
 4149   0.29572000E+00
 4150   0.20577000E+00
 4151   0.15303000E+00
 4152   0.12012000E+00
 4153   0.13406800E+01
 4154   0.15247400E+01
 4155   0.32642300E+01
 4156   0.90619560E+02
 4157   0.46133414E+03
 4158   0.27463950E+03
 4159   0.16695417E+03
 4160   0.17226692E+03
 4161   0.16916237E+03
 4162   0.13110812E+03
 4163   0.33056939E+03
 4164   0.42621743E+03
 4165   0.17388101E+03
 4166   0.12204740E+03
 4167   0.39297462E+03
 4168   0.54307933E+03
 4169   0.58317435E+03
 4170   0.28148920E+03
 4171   0.11573641E+03
 4172   0.58301080E+02
 4173   0.40141480E+02
 4174   0.25845397E+03
 4175   0.56378574E+03
 4176   0.97600072E+03
 4177   0.38837440E+03
 4178   0.13761717E+03
 4179   0.65935550E+02
 4180   0.46097590E+02
 4181   0.33749620E+02
 4182   0.22401740E+02
 4183   0.16377710E+02
 4184   0.40920250E+02
 4185   0.37489640E+02
 4186   0.18023760E+02
 4187   0.15324780E+02
 4188   0.10397940E+02
 4189   0.60688400E+01
 4190   0.37939200E+01
 4191   0.27304400E+01
 4192   0.20448500E+01
 4193   0.15933800E+01
 4194   0.11949500E+01
 4195   0.95411000E+00
 4196   0.70650000E+00
 4197   0.27257020E+02
 4198   0.45564086E+03
 4199   0.42063427E+03
 4200   0.15534422E+03
 4201   0.66438970E+02
 4202   0.39771270E+02
 4203   0.60082490E+02
 4204   0.52173750E+02
 4205   0.16819796E+03
 4206   0.50207908E+03
 4207   0.79930509E+03
 4208   0.92175067E+03
 4209   0.13062121E+04
 4210   0.10407181E+04
 4211   0.55016235E+03
 4212   0.60757147E+03
 4213   0.16980856E+04
 4214   0.24235332E+04
 4215   0.15946168E+04
 4216   0.10769963E+04
 4217   0.24488846E+04
 4218   0.15869121E+04
 4219   0.64896879E+03
 4220   0.67842012E+03
 4221   0.13511079E+04
 4222   0.29537290E+03
 4223   0.10604015E+03
 4224   0.59959010E+02
 4225   0.35527710E+02
 4226   0.20328210E+02
 4227   0.14172900E+02
 4228   0.10170410E+02
 4229   0.75022700E+01
 4230   0.55235700E+01
 4231   0.43410800E+01
 4232   0.80716580E+02
 4233   0.94848892E+03
 4234   0.38739285E+03
 4235   0.14422442E+03
 4236   0.10255426E+03
 4237   0.87626650E+02
 4238   0.49041220E+02
 4239   0.28274450E+02
 4240   0.18708460E+02
 4241   0.12968140E+02
 4242   0.10690380E+02
 4243   0.70524200E+01
 4244   0.45389200E+01
 4245   0.32638800E+01
 4246   0.24327200E+01
 4247   0.16750200E+01
 4248   0.12686800E+01
 4249   0.11904380E+02
 4250   0.57121140E+02
 4251   0.49580770E+02
 4252   0.19522860E+02
 4253   0.75267900E+01
 4254   0.35493500E+01
 4255   0.22239000E+01
 4256   0.15916200E+01
 4257   0.10533400E+01
 4258   0.38414200E+01
 4259   0.12999190E+02
 4260   0.65224100E+01
 4261   0.28868900E+01
 4262   0.16908800E+01
 4263   0.11626500E+01
 4264   0.76524000E+00
 4265   0.40585000E+00
 4266   0.31739000E+00
 4267   0.21237000E+00
 4268   0.15486000E+00
 4269   0.12250000E+00
 4270   0.10109000E+00
 4271   0.66091510E+02
 4272   0.34560419E+03
 4273   0.17103360E+03
 4274   0.76399620E+02
 4275   0.43045630E+02
 4276   0.25193780E+02
 4277   0.17238740E+02
 4278   0.11368640E+02
 4279   0.16191220E+02
 4280   0.65240560E+02
 4281   0.52411970E+02
 4282   0.37007720E+02
 4283   0.24508400E+02
 4284   0.16280480E+02
 4285   0.10795410E+02
 4286   0.71252100E+01
 4287   0.46154100E+01
 4288   0.27576600E+01
 4289   0.21550100E+01
 4290   0.17016200E+01
 4291   0.13089600E+01
 4292   0.10373900E+01
 4293   0.86600000E+00
 4294   0.73893000E+00
 4295   0.19567900E+01
 4296   0.17522953E+03
 4297   0.30530765E+03
 4298   0.12052199E+03
 4299   0.59248760E+02
 4300   0.33642920E+02
 4301   0.20960220E+02
 4302   0.13733340E+02
 4303   0.91639700E+01
 4304   0.65888000E+01
 4305   0.45159500E+01
 4306   0.33404900E+01
 4307   0.25190100E+01
 4308   0.17112100E+01
 4309   0.13238900E+01
 4310   0.10681300E+01
 4311   0.89755000E+00
 4312   0.77510000E+00
 4313   0.65835000E+00
 4314   0.55550000E+00
 4315   0.46718000E+00
 4316   0.39151000E+00
 4317   0.32262000E+00
 4318   0.22359000E+00
 4319   0.26730000E+00
 4320   0.30444000E+00
 4321   0.10931700E+01
 4322   0.64019200E+01
 4323   0.10143590E+02
 4324   0.16842660E+02
 4325   0.34228890E+02
 4326   0.24275520E+02
 4327   0.16398100E+02
 4328   0.11042300E+02
 4329   0.67209100E+01
 4330   0.45260600E+01
 4331   0.33435300E+01
 4332   0.25470300E+01
 4333   0.20077600E+01
 4334   0.16160600E+01
 4335   0.12265800E+01
 4336   0.99964000E+00
 4337   0.84301000E+00
 4338   0.72412000E+00
 4339   0.53687000E+00
 4340   0.42562000E+00
 4341   0.36712000E+00
 4342   0.31264000E+00
 4343   0.23646000E+00
 4344   0.18030000E+00
 4345   0.14152000E+00
 4346   0.11400000E+00
 4347   0.34016300E+01
 4348   0.29407500E+01
 4349   0.16621500E+01
 4350   0.12870900E+01
 4351   0.93900000E+00
 4352   0.74364000E+00
 4353   0.52517000E+00
 4354   0.43613000E+00
 4355   0.37514000E+00
 4356   0.33037000E+00
 4357   0.28663000E+00
 4358   0.25375000E+00
 4359   0.22873000E+00
 4360   0.19907000E+00
 4361   0.16826000E+00
 4362   0.14095000E+00
 4363   0.11845000E+00
 4364   0.10036000E+00
 4365   0.89090000E-01
 4366   0.31480200E+01
 4367   0.28610400E+01
 4368   0.17836900E+01
 4369   0.11544500E+01
 4370   0.30994530E+02
 4371   0.84040170E+02
 4372   0.58210550E+02
 4373   0.44435790E+02
 4374   0.30474610E+02
 4375   0.21703740E+02
 4376   0.16345570E+02
 4377   0.11544620E+02
 4378   0.79583900E+01
 4379   0.60330900E+01
 4380   0.38359300E+01
 4381   0.40653500E+01
 4382   0.37412500E+01
 4383   0.31583100E+01
 4384   0.26027900E+01
 4385   0.21420600E+01
 4386   0.17781500E+01
 4387   0.14257600E+01
 4388   0.11711600E+01
 4389   0.10076800E+01
 4390   0.76218000E+00
 4391   0.63901000E+00
 4392   0.58153000E+00
 4393   0.52881000E+00
 4394   0.48107000E+00
 4395   0.42789000E+00
 4396   0.37484000E+00
 4397   0.32266000E+00
 4398   0.23366000E+00
 4399   0.17067000E+00
 4400   0.13138000E+00
 4401   0.10474000E+00
 4402   0.85720000E-01
 4403   0.71650000E-01
 4404   0.60930000E-01
 4405   0.52570000E-01
 4406   0.45910000E-01
 4407   0.40500000E-01
 4408   0.36050000E-01
 4409   0.32330000E-01
 4410   0.29190000E-01
 4411   0.26510000E-01
 4412   0.24200000E-01
 4413   0.22200000E-01
 4414   0.20450000E-01
 4415   0.18900000E-01
 4416   0.17530000E-01
 4417   0.16320000E-01
 4418   0.15230000E-01
 4419   0.14250000E-01
 4420   0.13360000E-01
 4421   0.80910000E-01
 4422   0.18056300E+01
 4423   0.26654400E+01
 4424   0.49995600E+01
 4425   0.51849400E+01
 4426   0.55196200E+01
 4427   0.72411600E+01
 4428   0.76930600E+01
 4429   0.65272300E+01
 4430   0.48371700E+01
 4431   0.29711100E+01
 4432   0.24720700E+01
 4433   0.26901200E+01
 4434   0.21905900E+01
 4435   0.19186400E+01
 4436   0.16593900E+01
 4437   0.13152800E+01
 4438   0.11190500E+01
 4439   0.98411000E+00
 4440   0.86923000E+00
 4441   0.77641000E+00
 4442   0.24926500E+01
 4443   0.57478000E+01
 4444   0.87515700E+01
 4445   0.71954200E+01
 4446   0.51556300E+01
 4447   0.41544600E+01
 4448   0.40677500E+01
 4449   0.39276100E+01
 4450   0.23107520E+02
 4451   0.24058850E+02
 4452   0.16556330E+02
 4453   0.12664720E+02
 4454   0.11711310E+02
 4455   0.34656130E+02
 4456   0.52494260E+02
 4457   0.38179780E+02
 4458   0.25520330E+02
 4459   0.26305260E+02
 4460   0.71541900E+02
 4461   0.16169136E+03
 4462   0.12257329E+03
 4463   0.74085120E+02
 4464   0.88484840E+02
 4465   0.24001576E+03
 4466   0.29280865E+03
 4467   0.14649722E+03
 4468   0.13026610E+03
 4469   0.10445903E+03
 4470   0.85036030E+02
 4471   0.65639220E+02
 4472   0.56976290E+02
 4473   0.58118540E+02
 4474   0.23020540E+03
 4475   0.17439387E+03
 4476   0.92627880E+02
 4477   0.49959420E+02
 4478   0.29581660E+02
 4479   0.20620280E+02
 4480   0.23091040E+02
 4481   0.22619130E+02
 4482   0.22983500E+02
 4483   0.28472010E+02
 4484   0.39890230E+02
 4485   0.49331180E+02
 4486   0.51866910E+02
 4487   0.64011260E+02
 4488   0.94848880E+02
 4489   0.22274398E+03
 4490   0.13286942E+03
 4491   0.72056780E+02
 4492   0.40798160E+02
 4493   0.24025150E+02
 4494   0.23619650E+02
 4495   0.49350930E+02
 4496   0.39625240E+02
 4497   0.36755140E+02
 4498   0.14893999E+03
 4499   0.17713504E+03
 4500   0.24794327E+03
 4501   0.60526552E+03
 4502   0.32781746E+03
 4503   0.23680589E+03
 4504   0.17949921E+03
 4505   0.97301500E+02
 4506   0.67234320E+02
 4507   0.22967762E+03
 4508   0.36666458E+03
 4509   0.27395702E+03
 4510   0.13859984E+03
 4511   0.14381840E+03
 4512   0.41432482E+03
 4513   0.24307202E+03
 4514   0.14300127E+03
 4515   0.16216230E+03
 4516   0.57344168E+03
 4517   0.40251833E+03
 4518   0.36443890E+03
 4519   0.10020251E+04
 4520   0.57514008E+03
 4521   0.26340282E+03
 4522   0.26011474E+03
 4523   0.24402912E+03
 4524   0.16147256E+03
 4525   0.19016427E+03
 4526   0.49287643E+03
 4527   0.37502874E+03
 4528   0.42079350E+03
 4529   0.88307786E+03
 4530   0.65287444E+03
 4531   0.26313696E+03
 4532   0.30019895E+03
 4533   0.47218855E+03
 4534   0.38240915E+03
 4535   0.23359397E+03
 4536   0.18077301E+03
 4537   0.90813530E+02
 4538   0.61812060E+02
 4539   0.44745950E+02
 4540   0.31086980E+02
 4541   0.19708770E+02
 4542   0.12798550E+02
 4543   0.13936010E+02
 4544   0.80642400E+01
 4545   0.12175350E+02
 4546   0.25307290E+02
 4547   0.11059723E+03
 4548   0.41572495E+03
 4549   0.16204344E+03
 4550   0.26300284E+03
 4551   0.12690347E+04
 4552   0.60293823E+03
 4553   0.40935369E+03
 4554   0.39761664E+03
 4555   0.48382976E+03
 4556   0.41748121E+03
 4557   0.68979659E+03
 4558   0.66567755E+03
 4559   0.48898989E+03
 4560   0.52372039E+03
 4561   0.43477766E+03
 4562   0.50130408E+03
 4563   0.37631927E+03
 4564   0.17680364E+03
 4565   0.12913032E+03
 4566   0.34695807E+03
 4567   0.65618880E+03
 4568   0.43036007E+03
 4569   0.20885759E+03
 4570   0.13324523E+03
 4571   0.12089230E+03
 4572   0.11786037E+03
 4573   0.25643996E+03
 4574   0.17952775E+03
 4575   0.11681503E+03
 4576   0.80757660E+02
 4577   0.47973460E+02
 4578   0.29760340E+02
 4579   0.19732070E+02
 4580   0.13232780E+02
 4581   0.97134500E+01
 4582   0.86172700E+01
 4583   0.13779390E+02
 4584   0.35534780E+02
 4585   0.66904770E+02
 4586   0.45414150E+02
 4587   0.49620030E+02
 4588   0.81026900E+02
 4589   0.58159710E+02
 4590   0.18494437E+03
 4591   0.11685783E+04
 4592   0.42954392E+03
 4593   0.14088036E+03
 4594   0.64924700E+02
 4595   0.82790240E+02
 4596   0.18128665E+03
 4597   0.77342290E+02
 4598   0.46210950E+02
 4599   0.31661830E+02
 4600   0.20992520E+02
 4601   0.13869430E+02
 4602   0.81922658E+03
 4603   0.11244949E+04
 4604   0.88669867E+03
 4605   0.59591528E+03
 4606   0.53369220E+03
 4607   0.54576778E+03
 4608   0.13763386E+04
 4609   0.18952054E+04
 4610   0.98093163E+03
 4611   0.15840891E+04
 4612   0.71465777E+03
 4613   0.38314653E+03
 4614   0.17897276E+03
 4615   0.87497050E+02
 4616   0.41886800E+02
 4617   0.25284540E+02
 4618   0.16415220E+02
 4619   0.10716400E+02
 4620   0.78828900E+01
 4621   0.17048167E+03
 4622   0.27573846E+03
 4623   0.54235075E+03
 4624   0.59402533E+03
 4625   0.12569710E+04
 4626   0.27286035E+03
 4627   0.10102752E+03
 4628   0.54739980E+02
 4629   0.35430750E+02
 4630   0.25496390E+02
 4631   0.32060770E+02
 4632   0.26479040E+02
 4633   0.18656710E+02
 4634   0.13250750E+02
 4635   0.11409760E+02
 4636   0.62189900E+01
 4637   0.39488800E+01
 4638   0.29430000E+01
 4639   0.22588500E+01
 4640   0.17718400E+01
 4641   0.13777900E+01
 4642   0.10917200E+01
 4643   0.90740000E+00
 4644   0.77755000E+00
 4645   0.64033000E+00
 4646   0.52122000E+00
 4647   0.41150000E+00
 4648   0.31740000E+00
 4649   0.57864900E+01
 4650   0.40105600E+01
 4651   0.22148900E+01
 4652   0.94027300E+01
 4653   0.74413930E+02
 4654   0.15931992E+03
 4655   0.80210960E+02
 4656   0.52057560E+02
 4657   0.35635800E+02
 4658   0.25019320E+02
 4659   0.17181630E+02
 4660   0.11478860E+02
 4661   0.76247100E+01
 4662   0.51816900E+01
 4663   0.36249900E+01
 4664   0.27060700E+01
 4665   0.20766800E+01
 4666   0.16275700E+01
 4667   0.10889600E+01
 4668   0.86328000E+00
 4669   0.72722000E+00
 4670   0.59188000E+00
 4671   0.49678000E+00
 4672   0.41955000E+00
 4673   0.35265000E+00
 4674   0.26652000E+00
 4675   0.18702000E+00
 4676   0.14081000E+00
 4677   0.11096000E+00
 4678   0.90150000E-01
 4679   0.74950000E-01
 4680   0.63460000E-01
 4681   0.54560000E-01
 4682   0.47490000E-01
 4683   0.42937410E+02
 4684   0.61821490E+02
 4685   0.13039591E+03
 4686   0.94670130E+02
 4687   0.55178880E+02
 4688   0.34741390E+02
 4689   0.23324230E+02
 4690   0.15581190E+02
 4691   0.10062110E+02
 4692   0.68338000E+01
 4693   0.45320200E+01
 4694   0.32407300E+01
 4695   0.24318300E+01
 4696   0.18713500E+01
 4697   0.14586500E+01
 4698   0.99068000E+00
 4699   0.80136000E+00
 4700   0.65467000E+00
 4701   0.54940000E+00
 4702   0.47056000E+00
 4703   0.39812000E+00
 4704   0.33390000E+00
 4705   0.23926000E+00
 4706   0.17107000E+00
 4707   0.13067000E+00
 4708   0.10490000E+00
 4709   0.90300000E-01
 4710   0.80250000E-01
 4711   0.70510000E-01
 4712   0.61360000E-01
 4713   0.17751300E+01
 4714   0.19869900E+02
 4715   0.70280570E+02
 4716   0.55883930E+02
 4717   0.39522380E+02
 4718   0.24553470E+02
 4719   0.16479760E+02
 4720   0.11063590E+02
 4721   0.73723500E+01
 4722   0.49519000E+01
 4723   0.36188900E+01
 4724   0.28001400E+01
 4725   0.21973400E+01
 4726   0.17614600E+01
 4727   0.13705100E+01
 4728   0.10953600E+01
 4729   0.80645000E+00
 4730   0.80455000E+00
 4731   0.51051900E+01
 4732   0.92425200E+01
 4733   0.84968700E+01
 4734   0.70804500E+01
 4735   0.77229300E+01
 4736   0.20007650E+02
 4737   0.56834150E+02
 4738   0.42568600E+02
 4739   0.30818430E+02
 4740   0.22847390E+02
 4741   0.16051330E+02
 4742   0.11061570E+02
 4743   0.76362000E+01
 4744   0.54792200E+01
 4745   0.68754600E+01
 4746   0.25969040E+02
 4747   0.44836810E+02
 4748   0.36106870E+02
 4749   0.30961320E+02
 4750   0.25403380E+02
 4751   0.18152780E+02
 4752   0.12334140E+02
 4753   0.82470900E+01
 4754   0.58927300E+01
 4755   0.41281300E+01
 4756   0.33268400E+01
 4757   0.27895000E+01
 4758   0.22867000E+01
 4759   0.16000600E+01
 4760   0.16143900E+01
 4761   0.12551300E+01
 4762   0.10767700E+01
 4763   0.18414350E+02
 4764   0.43748100E+02
 4765   0.48581520E+02
 4766   0.59898070E+02
 4767   0.60798800E+02
 4768   0.40282160E+02
 4769   0.25804980E+02
 4770   0.17075470E+02
 4771   0.12451230E+02
 4772   0.89745600E+01
 4773   0.18009590E+02
 4774   0.30975150E+02
 4775   0.27930350E+02
 4776   0.19690300E+02
 4777   0.14965550E+02
 4778   0.83395050E+02
 4779   0.15371610E+03
 4780   0.93350320E+02
 4781   0.75858540E+02
 4782   0.62836200E+02
 4783   0.39434390E+02
 4784   0.25595000E+02
 4785   0.18648870E+02
 4786   0.13563790E+02
 4787   0.95511000E+01
 4788   0.69592300E+01
 4789   0.48387000E+01
 4790   0.29122500E+01
 4791   0.23734400E+01
 4792   0.19418900E+01
 4793   0.16239100E+01
 4794   0.12849100E+01
 4795   0.10853200E+01
 4796   0.95106000E+00
 4797   0.84439000E+00
 4798   0.75969000E+00
 4799   0.65284000E+00
 4800   0.50758000E+00
 4801   0.39891000E+00
 4802   0.34213000E+00
 4803   0.26439000E+00
 4804   0.19328000E+00
 4805   0.14910000E+00
 4806   0.11938000E+00
 4807   0.98230000E-01
 4808   0.59295000E+00
 4809   0.98126000E+00
 4810   0.13127200E+01
 4811   0.15411000E+01
 4812   0.16056900E+01
 4813   0.15663300E+01
 4814   0.51454300E+01
 4815   0.61980200E+01
 4816   0.59211300E+01
 4817   0.45626300E+01
 4818   0.37319100E+01
 4819   0.29935900E+01
 4820   0.24390100E+01
 4821   0.16789300E+01
 4822   0.12976300E+01
 4823   0.10629700E+01
 4824   0.90870000E+00
 4825   0.79864000E+00
 4826   0.70666000E+00
 4827   0.60754000E+00
 4828   0.51237000E+00
 4829   0.44333000E+00
 4830   0.38326000E+00
 4831   0.31677000E+00
 4832   0.25680000E+00
 4833   0.28993000E+00
 4834   0.92516200E+01
 4835   0.22443900E+02
 4836   0.35382290E+02
 4837   0.53530070E+02
 4838   0.72960950E+02
 4839   0.75460370E+02
 4840   0.53795740E+02
 4841   0.34465370E+02
 4842   0.23750720E+02
 4843   0.16929470E+02
 4844   0.12053120E+02
 4845   0.82097600E+01
 4846   0.58252400E+01
 4847   0.41669000E+01
 4848   0.31762800E+01
 4849   0.24298800E+01
 4850   0.19181300E+01
 4851   0.15634700E+01
 4852   0.10851000E+01
 4853   0.10002400E+01
 4854   0.12065900E+01
 4855   0.15082600E+01
 4856   0.16072200E+01
 4857   0.14845600E+01
 4858   0.13886700E+01
 4859   0.18944400E+01
 4860   0.16970800E+01
 4861   0.13917000E+01
 4862   0.25372600E+01
 4863   0.45672300E+01
 4864   0.12102170E+02
 4865   0.19559040E+02
 4866   0.23920150E+02
 4867   0.23852980E+02
 4868   0.26242830E+02
 4869   0.10835716E+03
 4870   0.86091840E+02
 4871   0.55594200E+02
 4872   0.49814700E+02
 4873   0.45818790E+02
 4874   0.30691570E+02
 4875   0.21533430E+02
 4876   0.15554480E+02
 4877   0.13460550E+02
 4878   0.86233590E+02
 4879   0.51500406E+03
 4880   0.13252048E+04
 4881   0.62641795E+03
 4882   0.20509930E+03
 4883   0.10059481E+03
 4884   0.55546680E+02
 4885   0.83808566E+03
 4886   0.11835527E+04
 4887   0.94097016E+03
 4888   0.49988851E+03
 4889   0.41306804E+03
 4890   0.55110749E+03
 4891   0.50530000E+03
 4892   0.55837712E+03
 4893   0.43836160E+03
 4894   0.44847397E+03
 4895   0.19912621E+04
 4896   0.90111727E+03
 4897   0.11709047E+04
 4898   0.69781150E+03
 4899   0.65263943E+03
 4900   0.49045298E+03
 4901   0.26259431E+03
 4902   0.31622011E+03
 4903   0.34266618E+03
 4904   0.23733722E+03
 4905   0.38034564E+03
 4906   0.82960771E+03
 4907   0.18801250E+04
 4908   0.17926652E+04
 4909   0.19028426E+04
 4910   0.14695863E+04
 4911   0.78477327E+03
 4912   0.53686058E+03
 4913   0.58920128E+03
 4914   0.58414605E+03
 4915   0.14691244E+04
 4916   0.35305609E+03
 4917   0.14730938E+03
 4918   0.97129720E+02
 4919   0.92647130E+02
 4920   0.44246061E+03
 4921   0.17683044E+04
 4922   0.22599016E+04
 4923   0.13634704E+04
 4924   0.17173589E+04
 4925   0.71270278E+03
 4926   0.51867189E+03
 4927   0.48445550E+03
 4928   0.49934262E+03
 4929   0.36718011E+03
 4930   0.27140171E+03
 4931   0.23857433E+03
 4932   0.21566406E+03
 4933   0.21235236E+03
 4934   0.23132841E+03
 4935   0.16348340E+03
 4936   0.14116886E+03
 4937   0.14557670E+03
 4938   0.19738040E+03
 4939   0.20924816E+03
 4940   0.29130405E+03
 4941   0.39579301E+03
 4942   0.76936151E+03
 4943   0.10674887E+04
 4944   0.50455846E+03
 4945   0.54479702E+03
 4946   0.13183703E+04
 4947   0.46032054E+03
 4948   0.15137669E+03
 4949   0.85975530E+02
 4950   0.71737420E+02
 4951   0.10989086E+03
 4952   0.71847820E+02
 4953   0.82083240E+02
 4954   0.12458298E+03
 4955   0.11796989E+03
 4956   0.53163500E+02
 4957   0.30597490E+02
 4958   0.20488160E+02
 4959   0.14719130E+02
 4960   0.21572130E+02
 4961   0.27869624E+03
 4962   0.17878554E+03
 4963   0.18867930E+03
 4964   0.15492535E+03
 4965   0.96152850E+02
 4966   0.47289890E+02
 4967   0.27711660E+02
 4968   0.17771720E+02
 4969   0.19712150E+02
 4970   0.11970440E+02
 4971   0.63404800E+01
 4972   0.38221400E+01
 4973   0.99748500E+02
 4974   0.19336253E+04
 4975   0.17446753E+04
 4976   0.80343445E+03
 4977   0.58111601E+03
 4978   0.34191464E+03
 4979   0.12736054E+03
 4980   0.66386140E+02
 4981   0.39356340E+02
 4982   0.24584140E+02
 4983   0.16034350E+02
 4984   0.10133870E+02
 4985   0.61715500E+01
 4986   0.40783100E+01
 4987   0.29749400E+01
 4988   0.22371900E+01
 4989   0.17504000E+01
 4990   0.13426700E+01
 4991   0.10440200E+01
 4992   0.86069000E+00
 4993   0.72348000E+00
 4994   0.56830000E+00
 4995   0.44462000E+00
 4996   0.34886000E+00
 4997   0.28914000E+00
 4998   0.23166000E+00
 4999   0.46385000E+00
 5000   0.27355000E+00
 5001   0.18124000E+00
 5002   0.13591000E+00
 5003   0.10973000E+00
 5004   0.92250000E-01
 5005   0.79360000E-01
 5006   0.69260000E-01
 5007   0.61070000E-01
 5008   0.54280000E-01
 5009   0.48560000E-01
 5010   0.43700000E-01
 5011   0.39520000E-01
 5012   0.35910000E-01
 5013   0.32770000E-01
 5014   0.45780000E-01
 5015   0.10831000E+00
 5016   0.54897000E+00
 5017   0.94601000E+00
 5018   0.24621540E+02
 5019   0.66456750E+02
 5020   0.54967050E+02
 5021   0.38291910E+02
 5022   0.43389760E+02
 5023   0.30779530E+02
 5024   0.20779270E+02
 5025   0.14492360E+02
 5026   0.92671500E+01
 5027   0.75916300E+01
 5028   0.12689220E+02
 5029   0.14590590E+02
 5030   0.11209690E+02
 5031   0.77185400E+01
 5032   0.54110600E+01
 5033   0.37027500E+01
 5034   0.27506400E+01
 5035   0.20718600E+01
 5036   0.14181500E+01
 5037   0.10613000E+01
 5038   0.86843000E+00
 5039   0.73740000E+00
 5040   0.61092000E+00
 5041   0.50704000E+00
 5042   0.42591000E+00
 5043   0.35515000E+00
 5044   0.26590000E+00
 5045   0.18506000E+00
 5046   0.13894000E+00
 5047   0.10944000E+00
 5048   0.88950000E-01
 5049   0.73990000E-01
 5050   0.62690000E-01
 5051   0.53920000E-01
 5052   0.46960000E-01
 5053   0.41340000E-01
 5054   0.36720000E-01
 5055   0.32870000E-01
 5056   0.29620000E-01
 5057   0.21154000E+00
 5058   0.12009000E+00
 5059   0.28013000E+00
 5060   0.27209000E+00
 5061   0.36642000E+00
 5062   0.16455700E+01
 5063   0.52339300E+01
 5064   0.56297000E+01
 5065   0.43850200E+01
 5066   0.33555300E+01
 5067   0.21336800E+01
 5068   0.17277100E+01
 5069   0.13303500E+01
 5070   0.10648900E+01
 5071   0.89400000E+00
 5072   0.77401000E+00
 5073   0.64626000E+00
 5074   0.53232000E+00
 5075   0.44382000E+00
 5076   0.37014000E+00
 5077   0.28241000E+00
 5078   0.75305500E+01
 5079   0.79036500E+01
 5080   0.55073500E+01
 5081   0.36008000E+01
 5082   0.49009100E+01
 5083   0.26266300E+02
 5084   0.26655690E+02
 5085   0.23439210E+02
 5086   0.20248710E+02
 5087   0.13921290E+02
 5088   0.96121100E+01
 5089   0.69811900E+01
 5090   0.47354400E+01
 5091   0.34795700E+01
 5092   0.26847400E+01
 5093   0.29874100E+01
 5094   0.96224500E+01
 5095   0.23102060E+02
 5096   0.34829940E+02
 5097   0.29732270E+02
 5098   0.25261680E+02
 5099   0.21516160E+02
 5100   0.16286550E+02
 5101   0.11570730E+02
 5102   0.80193800E+01
 5103   0.57882800E+01
 5104   0.39897400E+01
 5105   0.30309000E+01
 5106   0.23656800E+01
 5107   0.18564900E+01
 5108   0.12499900E+01
 5109   0.97831000E+00
 5110   0.82324000E+00
 5111   0.71530000E+00
 5112   0.60463000E+00
 5113   0.50903000E+00
 5114   0.43632000E+00
 5115   0.37271000E+00
 5116   0.30199000E+00
 5117   0.20394000E+00
 5118   0.14808000E+00
 5119   0.11471000E+00
 5120   0.92340000E-01
 5121   0.76320000E-01
 5122   0.64370000E-01
 5123   0.55180000E-01
 5124   0.47950000E-01
 5125   0.42140000E-01
 5126   0.37400000E-01
 5127   0.33490000E-01
 5128   0.30220000E-01
 5129   0.27450000E-01
 5130   0.25100000E-01
 5131   0.23070000E-01
 5132   0.41530000E-01
 5133   0.41020000E-01
 5134   0.42226000E+00
 5135   0.12556100E+01
 5136   0.14639400E+01
 5137   0.22065500E+01
 5138   0.17146520E+02
 5139   0.57079930E+02
 5140   0.61396910E+02
 5141   0.41579370E+02
 5142   0.26379880E+02
 5143   0.17569980E+02
 5144   0.11854060E+02
 5145   0.80015000E+01
 5146   0.57291200E+01
 5147   0.40247400E+01
 5148   0.31200200E+01
 5149   0.20065800E+01
 5150   0.16507900E+01
 5151   0.19957100E+01
 5152   0.19067300E+01
 5153   0.22962900E+01
 5154   0.32038900E+01
 5155   0.12212240E+02
 5156   0.31805550E+02
 5157   0.40510960E+02
 5158   0.33485480E+02
 5159   0.22170150E+02
 5160   0.15310000E+02
 5161   0.10429880E+02
 5162   0.72265400E+01
 5163   0.49229200E+01
 5164   0.35991300E+01
 5165   0.27172800E+01
 5166   0.20843700E+01
 5167   0.16854700E+01
 5168   0.13226900E+01
 5169   0.95795000E+00
 5170   0.80917000E+00
 5171   0.69363000E+00
 5172   0.59707000E+00
 5173   0.51057000E+00
 5174   0.75378000E+00
 5175   0.54358000E+00
 5176   0.50777000E+00
 5177   0.49159000E+00
 5178   0.61620000E+00
 5179   0.51737000E+00
 5180   0.45811000E+00
 5181   0.47840000E+00
 5182   0.52325000E+00
 5183   0.70924000E+00
 5184   0.12754200E+01
 5185   0.34922490E+02
 5186   0.22303622E+03
 5187   0.19454723E+03
 5188   0.95780270E+02
 5189   0.54299660E+02
 5190   0.31911000E+02
 5191   0.21028630E+02
 5192   0.14539850E+02
 5193   0.19829440E+02
 5194   0.12026671E+03
 5195   0.33507730E+03
 5196   0.20841976E+03
 5197   0.17139854E+03
 5198   0.20012196E+03
 5199   0.14691105E+03
 5200   0.11674241E+03
 5201   0.12843883E+03
 5202   0.96153220E+02
 5203   0.63055200E+02
 5204   0.54412820E+02
 5205   0.38455130E+02
 5206   0.25143030E+02
 5207   0.17423850E+02
 5208   0.12413830E+02
 5209   0.88367200E+01
 5210   0.58349900E+01
 5211   0.10592630E+02
 5212   0.10373327E+03
 5213   0.21176764E+03
 5214   0.13394067E+03
 5215   0.68573260E+02
 5216   0.39984130E+02
 5217   0.25144850E+02
 5218   0.16818530E+02
 5219   0.11141920E+02
 5220   0.95678200E+01
 5221   0.58208800E+01
 5222   0.38021700E+01
 5223   0.11534910E+02
 5224   0.91027000E+01
 5225   0.53948200E+01
 5226   0.34220300E+01
 5227   0.76110100E+01
 5228   0.11967620E+02
 5229   0.14508170E+02
 5230   0.15192360E+02
 5231   0.96537000E+01
 5232   0.75750900E+01
 5233   0.10043300E+02
 5234   0.17259740E+02
 5235   0.22945140E+02
 5236   0.21063990E+02
 5237   0.18795660E+02
 5238   0.21900290E+02
 5239   0.16300742E+03
 5240   0.48704558E+03
 5241   0.45762616E+03
 5242   0.38140875E+03
 5243   0.24186759E+03
 5244   0.10749128E+03
 5245   0.55666830E+02
 5246   0.32745550E+02
 5247   0.23365450E+02
 5248   0.14777460E+02
 5249   0.14927950E+02
 5250   0.78298490E+02
 5251   0.64792210E+02
 5252   0.53757400E+02
 5253   0.40212920E+02
 5254   0.57520780E+02
 5255   0.23764025E+03
 5256   0.14652122E+03
 5257   0.74987430E+02
 5258   0.46073340E+02
 5259   0.60363710E+02
 5260   0.19003765E+03
 5261   0.17872619E+03
 5262   0.12915208E+03
 5263   0.68972840E+02
 5264   0.43567560E+02
 5265   0.69909260E+02
 5266   0.21802524E+03
 5267   0.15923388E+03
 5268   0.12279862E+03
 5269   0.21720461E+03
 5270   0.16653944E+04
 5271   0.19007881E+04
 5272   0.14922547E+04
 5273   0.76188611E+03
 5274   0.38466155E+03
 5275   0.31788806E+03
 5276   0.33364394E+03
 5277   0.34224424E+03
 5278   0.45876566E+03
 5279   0.28055079E+03
 5280   0.12765339E+03
 5281   0.17237414E+03
 5282   0.91244660E+02
 5283   0.42433180E+02
 5284   0.22032860E+02
 5285   0.33783920E+02
 5286   0.12082466E+03
 5287   0.86720832E+03
 5288   0.11994308E+04
 5289   0.12960802E+04
 5290   0.15094122E+04
 5291   0.14773816E+04
 5292   0.15230728E+04
 5293   0.90457760E+03
 5294   0.53304551E+03
 5295   0.43274834E+03
 5296   0.17731157E+03
 5297   0.79061440E+02
 5298   0.43558440E+02
 5299   0.26706830E+02
 5300   0.19461080E+02
 5301   0.57337040E+02
 5302   0.70613720E+02
 5303   0.39101230E+02
 5304   0.24619540E+02
 5305   0.16225720E+02
 5306   0.10852750E+02
 5307   0.72718900E+01
 5308   0.47474600E+01
 5309   0.33891200E+01
 5310   0.27580200E+01
 5311   0.39032900E+01
 5312   0.61810100E+01
 5313   0.16539510E+02
 5314   0.87875600E+02
 5315   0.62763110E+02
 5316   0.35496790E+02
 5317   0.19731020E+02
 5318   0.84076700E+01
 5319   0.34956800E+01
 5320   0.50375900E+01
 5321   0.18920591E+03
 5322   0.96893090E+02
 5323   0.28437160E+02
 5324   0.26998700E+02
 5325   0.40124280E+02
 5326   0.27404410E+02
 5327   0.16733700E+02
 5328   0.10550350E+02
 5329   0.70430100E+01
 5330   0.47153000E+01
 5331   0.38811200E+01
 5332   0.35232800E+01
 5333   0.26825400E+01
 5334   0.19333100E+01
 5335   0.14650600E+01
 5336   0.12565300E+01
 5337   0.28675180E+02
 5338   0.76155230E+02
 5339   0.53308990E+02
 5340   0.41314750E+02
 5341   0.27515360E+02
 5342   0.21030580E+02
 5343   0.15526820E+02
 5344   0.98544300E+01
 5345   0.70034600E+01
 5346   0.47562900E+01
 5347   0.34341500E+01
 5348   0.13444810E+02
 5349   0.14687452E+03
 5350   0.14642143E+03
 5351   0.17196373E+03
 5352   0.14283768E+03
 5353   0.76230120E+02
 5354   0.44825320E+02
 5355   0.33245810E+02
 5356   0.20557610E+02
 5357   0.13114520E+02
 5358   0.20815130E+02
 5359   0.31671190E+02
 5360   0.16719520E+02
 5361   0.81960600E+01
 5362   0.46536000E+01
 5363   0.31619100E+01
 5364   0.19748700E+01
 5365   0.16015400E+01
 5366   0.12116100E+01
 5367   0.98227000E+00
 5368   0.85555000E+00
 5369   0.11633000E+01
 5370   0.23819200E+01
 5371   0.27328600E+01
 5372   0.24106500E+01
 5373   0.19498700E+01
 5374   0.13257000E+01
 5375   0.10381500E+01
 5376   0.85902000E+00
 5377   0.73447000E+00
 5378   0.61607000E+00
 5379   0.52822000E+00
 5380   0.46744000E+00
 5381   0.41334000E+00
 5382   0.36504000E+00
 5383   0.31793000E+00
 5384   0.25174000E+00
 5385   0.19488000E+00
 5386   0.15253000E+00
 5387   0.12182000E+00
 5388   0.99430000E-01
 5389   0.82780000E-01
 5390   0.70110000E-01
 5391   0.60250000E-01
 5392   0.52430000E-01
 5393   0.46100000E-01
 5394   0.40900000E-01
 5395   0.36570000E-01
 5396   0.32930000E-01
 5397   0.76993550E+02
 5398   0.63245237E+03
 5399   0.28272975E+03
 5400   0.11466710E+03
 5401   0.58528740E+02
 5402   0.34399170E+02
 5403   0.21990180E+02
 5404   0.14511070E+02
 5405   0.87196000E+01
 5406   0.61924700E+01
 5407   0.43860500E+01
 5408   0.32305200E+01
 5409   0.25231200E+01
 5410   0.20119500E+01
 5411   0.16184800E+01
 5412   0.12032500E+01
 5413   0.96839000E+00
 5414   0.80758000E+00
 5415   0.59973000E+00
 5416   0.46875000E+00
 5417   0.39745000E+00
 5418   0.33738000E+00
 5419   0.25598000E+00
 5420   0.18884000E+00
 5421   0.14547000E+00
 5422   0.11575000E+00
 5423   0.94520000E-01
 5424   0.78850000E-01
 5425   0.66950000E-01
 5426   0.57700000E-01
 5427   0.50340000E-01
 5428   0.44390000E-01
 5429   0.39490000E-01
 5430   0.35410000E-01
 5431   0.31970000E-01
 5432   0.29030000E-01
 5433   0.26500000E-01
 5434   0.24300000E-01
 5435   0.22380000E-01
 5436   0.20680000E-01
 5437   0.19180000E-01
 5438   0.17850000E-01
 5439   0.16650000E-01
 5440   0.15580000E-01
 5441   0.14610000E-01
 5442   0.13730000E-01
 5443   0.12930000E-01
 5444   0.12200000E-01
 5445   0.11530000E-01
 5446   0.10910000E-01
 5447   0.10350000E-01
 5448   0.98300000E-02
 5449   0.93500000E-02
 5450   0.22240000E-01
 5451   0.19158000E+01
 5452   0.60346300E+01
 5453   0.73954800E+01
 5454   0.76013300E+01
 5455   0.93445000E+01
 5456   0.17944500E+02
 5457   0.46621000E+02
 5458   0.54171650E+02
 5459   0.36703600E+02
 5460   0.24671670E+02
 5461   0.17566140E+02
 5462   0.12525760E+02
 5463   0.85147300E+01
 5464   0.60569200E+01
 5465   0.41267300E+01
 5466   0.30833800E+01
 5467   0.19788600E+01
 5468   0.16170000E+01
 5469   0.12390300E+01
 5470   0.10252300E+01
 5471   0.89627000E+00
 5472   0.79570000E+00
 5473   0.71490000E+00
 5474   0.61639000E+00
 5475   0.51594000E+00
 5476   0.43606000E+00
 5477   0.35154000E+00
 5478   0.25067000E+00
 5479   0.18427000E+00
 5480   0.14136000E+00
 5481   0.11191000E+00
 5482   0.90930000E-01
 5483   0.75500000E-01
 5484   0.63840000E-01
 5485   0.54820000E-01
 5486   0.47670000E-01
 5487   0.31254000E+00
 5488   0.10897230E+02
 5489   0.10211490E+02
 5490   0.69063900E+01
 5491   0.44745400E+01
 5492   0.42264700E+01
 5493   0.58022700E+01
 5494   0.12921630E+02
 5495   0.14741910E+02
 5496   0.17425140E+02
 5497   0.16518960E+02
 5498   0.13065080E+02
 5499   0.92871200E+01
 5500   0.67216700E+01
 5501   0.50480300E+01
 5502   0.72794900E+01
 5503   0.10566810E+02
 5504   0.10150760E+02
 5505   0.95692900E+01
 5506   0.10201700E+02
 5507   0.93436100E+01
 5508   0.68404800E+01
 5509   0.55730900E+01
 5510   0.43372900E+01
 5511   0.35282000E+01
 5512   0.29140100E+01
 5513   0.24068300E+01
 5514   0.35798400E+01
 5515   0.25835500E+02
 5516   0.54876810E+02
 5517   0.65644580E+02
 5518   0.41893360E+02
 5519   0.26884650E+02
 5520   0.17988510E+02
 5521   0.12105390E+02
 5522   0.82710900E+01
 5523   0.61566100E+01
 5524   0.85424300E+01
 5525   0.14786830E+02
 5526   0.18018150E+02
 5527   0.15542280E+02
 5528   0.24438650E+02
 5529   0.27815730E+02
 5530   0.23646670E+02
 5531   0.17112130E+02
 5532   0.12297080E+02
 5533   0.92277400E+01
 5534   0.72142800E+01
 5535   0.56774900E+01
 5536   0.10029210E+02
 5537   0.34397150E+02
 5538   0.63819680E+02
 5539   0.81698860E+02
 5540   0.10280912E+03
 5541   0.81449850E+02
 5542   0.62153090E+02
 5543   0.77779460E+02
 5544   0.66022450E+02
 5545   0.56618570E+02
 5546   0.39655220E+02
 5547   0.26768450E+02
 5548   0.18173820E+02
 5549   0.11819670E+02
 5550   0.88752500E+01
 5551   0.71938300E+01
 5552   0.56641700E+01
 5553   0.42199400E+01
 5554   0.33008600E+01
 5555   0.58294500E+01
 5556   0.55576000E+01
 5557   0.46199500E+01
 5558   0.36701800E+01
 5559   0.24714200E+01
 5560   0.21578300E+01
 5561   0.18024500E+01
 5562   0.15332100E+01
 5563   0.12664900E+01
 5564   0.11300900E+01
 5565   0.10720500E+01
 5566   0.10141700E+01
 5567   0.93345000E+00
 5568   0.84266000E+00
 5569   0.67032000E+00
 5570   0.56210000E+00
 5571   0.50594000E+00
 5572   0.45560000E+00
 5573   0.40504000E+00
 5574   0.25048480E+02
 5575   0.23950140E+03
 5576   0.22625549E+03
 5577   0.10962919E+03
 5578   0.68467880E+02
 5579   0.38919700E+02
 5580   0.26567650E+02
 5581   0.21321110E+02
 5582   0.15018220E+02
 5583   0.96068600E+01
 5584   0.63275900E+01
 5585   0.44045600E+01
 5586   0.33569800E+01
 5587   0.26643900E+01
 5588   0.21065600E+01
 5589   0.16744700E+01
 5590   0.11275700E+01
 5591   0.89677000E+00
 5592   0.95820500E+01
 5593   0.98831130E+02
 5594   0.22126845E+03
 5595   0.13587591E+03
 5596   0.16776586E+03
 5597   0.49360673E+03
 5598   0.36623321E+03
 5599   0.48891470E+03
 5600   0.24088657E+03
 5601   0.11615381E+03
 5602   0.10773030E+03
 5603   0.62659330E+02
 5604   0.39470980E+02
 5605   0.67137780E+02
 5606   0.28381568E+03
 5607   0.22100828E+03
 5608   0.10336035E+03
 5609   0.55116020E+02
 5610   0.32099880E+02
 5611   0.25342870E+02
 5612   0.35100570E+02
 5613   0.41697330E+02
 5614   0.15879114E+03
 5615   0.11592123E+03
 5616   0.26866110E+03
 5617   0.24574238E+03
 5618   0.23088742E+03
 5619   0.49341924E+03
 5620   0.38120754E+03
 5621   0.19553291E+03
 5622   0.37691947E+03
 5623   0.61672268E+03
 5624   0.22956327E+03
 5625   0.10425910E+03
 5626   0.12917225E+03
 5627   0.14283555E+03
 5628   0.13678399E+03
 5629   0.99459100E+02
 5630   0.58625770E+02
 5631   0.34329420E+02
 5632   0.23489130E+02
 5633   0.15584340E+02
 5634   0.10002320E+02
 5635   0.68145400E+01
 5636   0.50152700E+01
 5637   0.16928690E+02
 5638   0.39324503E+03
 5639   0.18541482E+03
 5640   0.32313939E+03
 5641   0.28096076E+03
 5642   0.33407324E+03
 5643   0.32426757E+03
 5644   0.30293738E+03
 5645   0.46086981E+03
 5646   0.17586962E+04
 5647   0.16106522E+04
 5648   0.12480596E+04
 5649   0.11929914E+04
 5650   0.19032194E+04
 5651   0.84626988E+03
 5652   0.26712655E+03
 5653   0.14556997E+03
 5654   0.10566854E+03
 5655   0.39121637E+03
 5656   0.25591376E+03
 5657   0.14327684E+03
 5658   0.15764488E+03
 5659   0.21371189E+03
 5660   0.29521938E+03
 5661   0.13718008E+03
 5662   0.63313170E+02
 5663   0.35124960E+02
 5664   0.24747670E+02
 5665   0.44209080E+02
 5666   0.26084744E+03
 5667   0.95245402E+03
 5668   0.16819343E+04
 5669   0.14637434E+04
 5670   0.14582417E+04
 5671   0.31973045E+03
 5672   0.10695956E+03
 5673   0.68088740E+02
 5674   0.38594770E+02
 5675   0.24768500E+02
 5676   0.34495710E+02
 5677   0.58480750E+02
 5678   0.51424090E+02
 5679   0.82766700E+02
 5680   0.61182020E+02
 5681   0.37747650E+02
 5682   0.24289520E+02
 5683   0.25465700E+02
 5684   0.14221793E+03
 5685   0.44211078E+03
 5686   0.78467303E+03
 5687   0.63787592E+03
 5688   0.30010479E+03
 5689   0.11918230E+03
 5690   0.58048640E+02
 5691   0.33858160E+02
 5692   0.21106750E+02
 5693   0.17133148E+03
 5694   0.96988793E+03
 5695   0.66816919E+03
 5696   0.10997389E+04
 5697   0.12945308E+04
 5698   0.34519642E+03
 5699   0.13968728E+03
 5700   0.11866207E+03
 5701   0.83890560E+02
 5702   0.54244300E+02
 5703   0.36535220E+02
 5704   0.23943380E+02
 5705   0.16398210E+02
 5706   0.16121230E+02
 5707   0.12561920E+02
 5708   0.67344400E+01
 5709   0.38390800E+01
 5710   0.26417200E+01
 5711   0.19303500E+01
 5712   0.14824300E+01
 5713   0.10758300E+01
 5714   0.33229000E+01
 5715   0.20905650E+02
 5716   0.38800720E+02
 5717   0.23790900E+02
 5718   0.16569630E+02
 5719   0.14003760E+02
 5720   0.11275070E+02
 5721   0.82318500E+01
 5722   0.60778000E+01
 5723   0.35164500E+01
 5724   0.35448200E+01
 5725   0.11456590E+02
 5726   0.16413330E+02
 5727   0.12872480E+02
 5728   0.19332530E+02
 5729   0.51967590E+02
 5730   0.33946170E+02
 5731   0.21797340E+02
 5732   0.14264850E+02
 5733   0.84662600E+01
 5734   0.59836900E+01
 5735   0.40773400E+01
 5736   0.30372300E+01
 5737   0.23277200E+01
 5738   0.17990300E+01
 5739   0.14179300E+01
 5740   0.11130800E+01
 5741   0.10377000E+01
 5742   0.92570000E+00
 5743   0.19225900E+01
 5744   0.20724980E+02
 5745   0.38280530E+02
 5746   0.24983190E+02
 5747   0.16374100E+02
 5748   0.10813440E+02
 5749   0.71785500E+01
 5750   0.47398800E+01
 5751   0.35376300E+01
 5752   0.29618700E+01
 5753   0.27675400E+01
 5754   0.22147700E+01
 5755   0.20575500E+01
 5756   0.18068100E+01
 5757   0.43195300E+01
 5758   0.10079780E+02
 5759   0.24377820E+02
 5760   0.62879220E+02
 5761   0.40037410E+02
 5762   0.25327840E+02
 5763   0.16822190E+02
 5764   0.10212250E+02
 5765   0.71250400E+01
 5766   0.48863600E+01
 5767   0.35181100E+01
 5768   0.26544400E+01
 5769   0.20417100E+01
 5770   0.16148900E+01
 5771   0.12213800E+01
 5772   0.98870000E+00
 5773   0.83151000E+00
 5774   0.62071000E+00
 5775   0.48808000E+00
 5776   0.41248000E+00
 5777   0.34951000E+00
 5778   0.27109000E+00
 5779   0.19455000E+00
 5780   0.14731000E+00
 5781   0.11595000E+00
 5782   0.93910000E-01
 5783   0.77800000E-01
 5784   0.65670000E-01
 5785   0.56300000E-01
 5786   0.48890000E-01
 5787   0.42930000E-01
 5788   0.38050000E-01
 5789   0.34000000E-01
 5790   0.30590000E-01
 5791   0.27700000E-01
 5792   0.25220000E-01
 5793   0.23070000E-01
 5794   0.21200000E-01
 5795   0.19560000E-01
 5796   0.18110000E-01
 5797   0.16820000E-01
 5798   0.15670000E-01
 5799   0.14640000E-01
 5800   0.13710000E-01
 5801   0.12870000E-01
 5802   0.12110000E-01
 5803   0.11410000E-01
 5804   0.10780000E-01
 5805   0.10200000E-01
 5806   0.96600000E-02
 5807   0.91700000E-02
 5808   0.87200000E-02
 5809   0.83000000E-02
 5810   0.60670000E-01
 5811   0.47125140E+02
 5812   0.16913253E+03
 5813   0.13225815E+03
 5814   0.70760340E+02
 5815   0.39026470E+02
 5816   0.24495410E+02
 5817   0.32123190E+02
 5818   0.36194510E+02
 5819   0.28089740E+02
 5820   0.19108410E+02
 5821   0.14587000E+02
 5822   0.11533500E+02
 5823   0.16442310E+02
 5824   0.86095390E+02
 5825   0.59063360E+02
 5826   0.42281710E+02
 5827   0.28031220E+02
 5828   0.18508050E+02
 5829   0.12218150E+02
 5830   0.79932700E+01
 5831   0.61310200E+01
 5832   0.61636600E+01
 5833   0.47202400E+01
 5834   0.35130100E+01
 5835   0.26702500E+01
 5836   0.19711200E+01
 5837   0.40939500E+01
 5838   0.51348000E+01
 5839   0.44661200E+01
 5840   0.35913200E+01
 5841   0.29811100E+01
 5842   0.26271600E+01
 5843   0.23831200E+01
 5844   0.21100900E+01
 5845   0.20581700E+01
 5846   0.14257300E+01
 5847   0.11496000E+01
 5848   0.97757000E+00
 5849   0.85263000E+00
 5850   0.79056000E+00
 5851   0.19141300E+01
 5852   0.45123500E+01
 5853   0.47530700E+01
 5854   0.41525800E+01
 5855   0.39318700E+01
 5856   0.33164200E+01
 5857   0.33855200E+01
 5858   0.31256200E+01
 5859   0.26888400E+01
 5860   0.22662500E+01
 5861   0.19178600E+01
 5862   0.15883500E+01
 5863   0.12840000E+01
 5864   0.18890100E+01
 5865   0.29008700E+01
 5866   0.22213300E+01
 5867   0.36024100E+01
 5868   0.39612100E+01
 5869   0.42125700E+01
 5870   0.56654900E+01
 5871   0.94766800E+01
 5872   0.11987230E+02
 5873   0.12889010E+02
 5874   0.27867130E+02
 5875   0.33518490E+02
 5876   0.27448680E+02
 5877   0.23084820E+02
 5878   0.38532920E+02
 5879   0.40422120E+02
 5880   0.37959630E+02
 5881   0.47330410E+02
 5882   0.62698530E+02
 5883   0.59679870E+02
 5884   0.41339370E+02
 5885   0.27768270E+02
 5886   0.26461150E+02
 5887   0.25765240E+02
 5888   0.21856980E+02
 5889   0.16633630E+02
 5890   0.14039080E+02
 5891   0.12197440E+02
 5892   0.95064500E+01
 5893   0.73813600E+01
 5894   0.59764700E+01
 5895   0.49511900E+01
 5896   0.42418600E+01
 5897   0.28678700E+01
 5898   0.25318900E+01
 5899   0.25018700E+01
 5900   0.19370710E+02
 5901   0.96092080E+02
 5902   0.98815600E+02
 5903   0.57856830E+02
 5904   0.35882590E+02
 5905   0.24584370E+02
 5906   0.17433380E+02
 5907   0.18303920E+02
 5908   0.27933520E+02
 5909   0.40999210E+02
 5910   0.40015410E+02
 5911   0.27806070E+02
 5912   0.24534360E+02
 5913   0.25915160E+02
 5914   0.24143370E+02
 5915   0.24930880E+02
 5916   0.20351820E+02
 5917   0.14864060E+02
 5918   0.13660250E+02
 5919   0.12430210E+02
 5920   0.95901400E+01
 5921   0.73320700E+01
 5922   0.57892700E+01
 5923   0.48416400E+01
 5924   0.42250800E+01
 5925   0.59904200E+01
 5926   0.81311570E+02
 5927   0.81028119E+03
 5928   0.74318535E+03
 5929   0.44453135E+03
 5930   0.36889371E+03
 5931   0.22686917E+03
 5932   0.10867652E+03
 5933   0.59534640E+02
 5934   0.39466680E+02
 5935   0.31517360E+02
 5936   0.99008050E+02
 5937   0.97355090E+02
 5938   0.65330100E+02
 5939   0.61750690E+02
 5940   0.19045754E+03
 5941   0.14300008E+03
 5942   0.74733570E+02
 5943   0.42260540E+02
 5944   0.52773740E+02
 5945   0.20951205E+03
 5946   0.24288643E+03
 5947   0.14213895E+03
 5948   0.23087535E+03
 5949   0.14311412E+03
 5950   0.76142260E+02
 5951   0.42920970E+02
 5952   0.26325970E+02
 5953   0.17348600E+02
 5954   0.11681790E+02
 5955   0.18511060E+02
 5956   0.29595050E+02
 5957   0.16257430E+02
 5958   0.27179750E+02
 5959   0.71589930E+02
 5960   0.10875405E+03
 5961   0.98904330E+02
 5962   0.12095655E+03
 5963   0.14361008E+03
 5964   0.33839925E+03
 5965   0.50483795E+03
 5966   0.21280390E+03
 5967   0.11280612E+03
 5968   0.62720700E+02
 5969   0.37201650E+02
 5970   0.28563580E+02
 5971   0.88066570E+02
 5972   0.19599496E+03
 5973   0.10822292E+03
 5974   0.57456700E+02
 5975   0.33713000E+02
 5976   0.21573230E+02
 5977   0.15441540E+02
 5978   0.14371200E+02
 5979   0.11705970E+02
 5980   0.82593900E+01
 5981   0.88561300E+01
 5982   0.68863500E+01
 5983   0.23426470E+02
 5984   0.62140840E+02
 5985   0.48614970E+02
 5986   0.47192750E+02
 5987   0.10664324E+03
 5988   0.36908192E+03
 5989   0.53454984E+03
 5990   0.41485382E+03
 5991   0.31401712E+03
 5992   0.25787136E+03
 5993   0.58743139E+03
 5994   0.39570783E+03
 5995   0.25942391E+03
 5996   0.13215696E+04
 5997   0.59642537E+03
 5998   0.37917240E+03
 5999   0.25423523E+03
 6000   0.16004790E+03
 6001   0.21875372E+03
 6002   0.25897555E+03
 6003   0.35608298E+03
 6004   0.82719777E+03
 6005   0.14002942E+04
 6006   0.10603801E+04
 6007   0.12516057E+04
 6008   0.56573835E+03
 6009   0.27619986E+03
 6010   0.20851584E+03
 6011   0.18751020E+03
 6012   0.34171335E+03
 6013   0.40145582E+03
 6014   0.31899849E+03
 6015   0.30051686E+03
 6016   0.16074541E+03
 6017   0.83871460E+02
 6018   0.95054030E+02
 6019   0.25785051E+03
 6020   0.50741504E+03
 6021   0.14534581E+04
 6022   0.15320791E+04
 6023   0.86998355E+03
 6024   0.11328768E+04
 6025   0.43986729E+03
 6026   0.14252435E+03
 6027   0.65744020E+02
 6028   0.36762280E+02
 6029   0.54815940E+02
 6030   0.46186875E+03
 6031   0.41056425E+03
 6032   0.24066345E+03
 6033   0.14441051E+03
 6034   0.80964730E+02
 6035   0.19933851E+03
 6036   0.23451249E+03
 6037   0.22410809E+03
 6038   0.17314720E+03
 6039   0.12799037E+03
 6040   0.11737200E+03
 6041   0.15329199E+03
 6042   0.18625308E+03
 6043   0.14893634E+03
 6044   0.14136303E+03
 6045   0.15536421E+03
 6046   0.11244505E+03
 6047   0.96483130E+02
 6048   0.10604771E+03
 6049   0.89040380E+02
 6050   0.67928800E+02
 6051   0.24266770E+02
 6052   0.12666370E+02
 6053   0.87863700E+01
 6054   0.73311500E+01
 6055   0.60848600E+01
 6056   0.45629700E+01
 6057   0.47120600E+01
 6058   0.15028420E+02
 6059   0.65626660E+02
 6060   0.20327862E+03
 6061   0.26130051E+03
 6062   0.24800412E+03
 6063   0.31693685E+03
 6064   0.15717889E+03
 6065   0.13525618E+03
 6066   0.23043077E+03
 6067   0.13697334E+03
 6068   0.86223200E+02
 6069   0.10679284E+03
 6070   0.35126467E+03
 6071   0.74903087E+03
 6072   0.25947867E+03
 6073   0.11960972E+03
 6074   0.61552770E+02
 6075   0.35069180E+02
 6076   0.22099110E+02
 6077   0.14578650E+02
 6078   0.26463910E+02
 6079   0.78473020E+02
 6080   0.96045130E+02
 6081   0.58566900E+02
 6082   0.34212190E+02
 6083   0.22165070E+02
 6084   0.14758890E+02
 6085   0.94802300E+01
 6086   0.66431900E+01
 6087   0.51185700E+01
 6088   0.44956500E+01
 6089   0.38377900E+01
 6090   0.31011200E+01
 6091   0.24551200E+01
 6092   0.17152300E+01
 6093   0.13871600E+01
 6094   0.11234500E+01
 6095   0.94223000E+00
 6096   0.81311000E+00
 6097   0.70524000E+00
 6098   0.60248000E+00
 6099   0.12346200E+01
 6100   0.21494500E+01
 6101   0.19942800E+01
 6102   0.12386600E+01
 6103   0.82928000E+00
 6104   0.48736000E+00
 6105   0.40437000E+00
 6106   0.35487000E+00
 6107   0.31533000E+00
 6108   0.27105000E+00
 6109   0.22247000E+00
 6110   0.32316000E+00
 6111   0.24381000E+00
 6112   0.16017000E+00
 6113   0.11562000E+00
 6114   0.90010000E-01
 6115   0.75180000E-01
 6116   0.96360000E-01
 6117   0.26913000E+00
 6118   0.32539000E+00
 6119   0.35250000E+00
 6120   0.37967000E+00
 6121   0.40608000E+00
 6122   0.42611000E+00
 6123   0.41234000E+00
 6124   0.37389000E+00
 6125   0.38137000E+00
 6126   0.45375000E+00
 6127   0.48158900E+01
 6128   0.44135100E+01
 6129   0.30711100E+01
 6130   0.21940400E+01
 6131   0.16419700E+01
 6132   0.12491100E+01
 6133   0.87208000E+00
 6134   0.72942000E+00
 6135   0.63072000E+00
 6136   0.58601000E+00
 6137   0.54969000E+00
 6138   0.51376000E+00
 6139   0.12428500E+01
 6140   0.96531000E+00
 6141   0.77999000E+00
 6142   0.12838900E+01
 6143   0.12494670E+02
 6144   0.14948080E+02
 6145   0.10893540E+02
 6146   0.78410500E+01
 6147   0.95533900E+01
 6148   0.55045400E+02
 6149   0.53578870E+02
 6150   0.37994300E+02
 6151   0.27452250E+02
 6152   0.18932200E+02
 6153   0.11951710E+02
 6154   0.80144900E+01
 6155   0.57103200E+01
 6156   0.38739400E+01
 6157   0.28692300E+01
 6158   0.21947100E+01
 6159   0.16971900E+01
 6160   0.12964600E+01
 6161   0.10251300E+01
 6162   0.84649000E+00
 6163   0.71384000E+00
 6164   0.52808000E+00
 6165   0.41545000E+00
 6166   0.35312000E+00
 6167   0.27990000E+00
 6168   0.20195000E+00
 6169   0.15281000E+00
 6170   0.12077000E+00
 6171   0.20022000E+00
 6172   0.27390000E+00
 6173   0.58335000E+00
 6174   0.78086000E+00
 6175   0.10213100E+01
 6176   0.11064000E+01
 6177   0.38503600E+01
 6178   0.58991900E+01
 6179   0.82539000E+01
 6180   0.78609000E+01
 6181   0.63138900E+01
 6182   0.44495800E+01
 6183   0.34174800E+01
 6184   0.21917700E+01
 6185   0.18272800E+01
 6186   0.14868800E+01
 6187   0.12165000E+01
 6188   0.10442700E+01
 6189   0.90504000E+00
 6190   0.79344000E+00
 6191   0.69225000E+00
 6192   0.59766000E+00
 6193   0.50807000E+00
 6194   0.43849000E+00
 6195   0.38553000E+00
 6196   0.39866000E+00
 6197   0.45863000E+00
 6198   0.54294000E+00
 6199   0.59942000E+00
 6200   0.63393000E+00
 6201   0.64562000E+00
 6202   0.62916000E+00
 6203   0.59654000E+00
 6204   0.54764000E+00
 6205   0.47055000E+00
 6206   0.38447000E+00
 6207   0.33311000E+00
 6208   0.25424000E+00
 6209   0.18676000E+00
 6210   0.14300000E+00
 6211   0.11312000E+00
 6212   0.91870000E-01
 6213   0.76260000E-01
 6214   0.64470000E-01
 6215   0.55340000E-01
 6216   0.48120000E-01
 6217   0.42300000E-01
 6218   0.37540000E-01
 6219   0.33620000E-01
 6220   0.30350000E-01
 6221   0.27580000E-01
 6222   0.25200000E-01
 6223   0.23130000E-01
 6224   0.21310000E-01
 6225   0.19700000E-01
 6226   0.18270000E-01
 6227   0.17000000E-01
 6228   0.15860000E-01
 6229   0.14840000E-01
 6230   0.13920000E-01
 6231   0.33933030E+02
 6232   0.86293020E+02
 6233   0.77391390E+02
 6234   0.52995390E+02
 6235   0.31080470E+02
 6236   0.20314140E+02
 6237   0.13473860E+02
 6238   0.88701100E+01
 6239   0.16733680E+02
 6240   0.59994830E+02
 6241   0.10858913E+03
 6242   0.11493976E+03
 6243   0.91762480E+02
 6244   0.10727865E+03
 6245   0.10571945E+03
 6246   0.72252190E+02
 6247   0.44447900E+02
 6248   0.27677740E+02
 6249   0.18207890E+02
 6250   0.12222100E+02
 6251   0.82081100E+01
 6252   0.61111900E+01
 6253   0.51993900E+01
 6254   0.36594800E+01
 6255   0.63538100E+01
 6256   0.32054800E+01
 6257   0.21875400E+01
 6258   0.15935100E+01
 6259   0.11932000E+01
 6260   0.93254000E+00
 6261   0.78700800E+01
 6262   0.15077030E+02
 6263   0.29155780E+02
 6264   0.41397720E+02
 6265   0.45085350E+02
 6266   0.34450380E+02
 6267   0.25015090E+02
 6268   0.17404500E+02
 6269   0.11907590E+02
 6270   0.92259000E+01
 6271   0.77421400E+01
 6272   0.80838500E+01
 6273   0.21522290E+02
 6274   0.41336530E+02
 6275   0.41825760E+02
 6276   0.31007620E+02
 6277   0.33600080E+02
 6278   0.36486760E+02
 6279   0.33855860E+02
 6280   0.31306200E+02
 6281   0.31981270E+02
 6282   0.24170030E+02
 6283   0.17053980E+02
 6284   0.13037450E+02
 6285   0.19474600E+02
 6286   0.35892790E+02
 6287   0.44809310E+02
 6288   0.49079330E+02
 6289   0.33530050E+02
 6290   0.22386660E+02
 6291   0.17795040E+02
 6292   0.13340490E+02
 6293   0.11056210E+02
 6294   0.15113690E+02
 6295   0.14248070E+02
 6296   0.13589140E+02
 6297   0.17783060E+02
 6298   0.26078450E+02
 6299   0.24965630E+02
 6300   0.38961070E+02
 6301   0.15231372E+03
 6302   0.13507769E+03
 6303   0.73481140E+02
 6304   0.42301040E+02
 6305   0.27192350E+02
 6306   0.98013730E+02
 6307   0.20900477E+03
 6308   0.13271369E+03
 6309   0.66957080E+02
 6310   0.46091950E+02
 6311   0.67325530E+02
 6312   0.12885895E+03
 6313   0.78833320E+02
 6314   0.52109990E+02
 6315   0.33131590E+02
 6316   0.22205020E+02
 6317   0.25813110E+02
 6318   0.12206523E+03
 6319   0.89220350E+02
 6320   0.60032160E+02
 6321   0.39639680E+02
 6322   0.46957290E+02
 6323   0.12297201E+03
 6324   0.93357120E+02
 6325   0.63265340E+02
 6326   0.68289330E+02
 6327   0.61172610E+02
 6328   0.21423588E+03
 6329   0.31400834E+03
 6330   0.36117708E+03
 6331   0.72770748E+03
 6332   0.10855112E+04
 6333   0.80013181E+03
 6334   0.52791982E+03
 6335   0.50373769E+03
 6336   0.34029703E+03
 6337   0.21812195E+03
 6338   0.20406180E+03
 6339   0.33628265E+03
 6340   0.27544883E+03
 6341   0.54118122E+03
 6342   0.28842070E+03
 6343   0.11048871E+03
 6344   0.56108790E+02
 6345   0.59582930E+02
 6346   0.66550940E+02
 6347   0.40842600E+02
 6348   0.43898930E+02
 6349   0.56899139E+03
 6350   0.51059024E+03
 6351   0.62147878E+03
 6352   0.31484696E+03
 6353   0.16483489E+03
 6354   0.15189148E+03
 6355   0.11551986E+03
 6356   0.21895718E+03
 6357   0.33166275E+03
 6358   0.35623605E+03
 6359   0.50109478E+03
 6360   0.61411705E+03
 6361   0.51666025E+03
 6362   0.42249490E+03
 6363   0.53925522E+03
 6364   0.61247634E+03
 6365   0.23801036E+03
 6366   0.96585340E+02
 6367   0.50339390E+02
 6368   0.30807160E+02
 6369   0.24728400E+02
 6370   0.48775110E+02
 6371   0.68651270E+02
 6372   0.10034443E+03
 6373   0.17144503E+03
 6374   0.24559609E+03
 6375   0.37671769E+03
 6376   0.29382267E+03
 6377   0.27620312E+03
 6378   0.41653825E+03
 6379   0.45057125E+03
 6380   0.41108636E+03
 6381   0.31351297E+03
 6382   0.16282009E+03
 6383   0.12513630E+03
 6384   0.15303537E+03
 6385   0.13100459E+03
 6386   0.12414157E+03
 6387   0.16365258E+03
 6388   0.16377886E+03
 6389   0.31738957E+03
 6390   0.42015038E+03
 6391   0.41726717E+03
 6392   0.62533832E+03
 6393   0.86481912E+03
 6394   0.12996896E+04
 6395   0.11284424E+04
 6396   0.71577259E+03
 6397   0.30589289E+03
 6398   0.17209344E+03
 6399   0.18638626E+03
 6400   0.76815857E+03
 6401   0.63362539E+03
 6402   0.26474842E+03
 6403   0.10727879E+03
 6404   0.56180530E+02
 6405   0.33853390E+02
 6406   0.27155380E+02
 6407   0.24948090E+02
 6408   0.19492510E+02
 6409   0.13822620E+02
 6410   0.86188300E+01
 6411   0.75798100E+01
 6412   0.12812420E+03
 6413   0.12271082E+04
 6414   0.32441412E+03
 6415   0.11311809E+03
 6416   0.10761455E+03
 6417   0.41433482E+03
 6418   0.22583437E+04
 6419   0.24773949E+04
 6420   0.25599177E+04
 6421   0.27024227E+04
 6422   0.54541876E+03
 6423   0.28190276E+03
 6424   0.17668171E+03
 6425   0.13650499E+03
 6426   0.98794430E+02
 6427   0.52885450E+02
 6428   0.32619330E+02
 6429   0.23474010E+02
 6430   0.14978400E+02
 6431   0.95961400E+01
 6432   0.72476600E+01
 6433   0.37617430E+02
 6434   0.66631700E+02
 6435   0.15119811E+03
 6436   0.66614499E+03
 6437   0.40780132E+03
 6438   0.25239987E+03
 6439   0.11847973E+03
 6440   0.71918790E+02
 6441   0.61919510E+02
 6442   0.85078930E+02
 6443   0.11571977E+03
 6444   0.12639325E+03
 6445   0.72063340E+02
 6446   0.42209440E+02
 6447   0.28807950E+02
 6448   0.20981270E+02
 6449   0.68118400E+02
 6450   0.33543566E+03
 6451   0.16112741E+03
 6452   0.74560000E+02
 6453   0.40525010E+02
 6454   0.24517400E+02
 6455   0.17029570E+02
 6456   0.14400370E+02
 6457   0.12334090E+02
 6458   0.88479100E+01
 6459   0.63580200E+01
 6460   0.49563100E+01
 6461   0.38355500E+01
 6462   0.33535400E+01
 6463   0.27319300E+01
 6464   0.21958500E+01
 6465   0.19760400E+01
 6466   0.26521520E+02
 6467   0.30984140E+02
 6468   0.24579810E+02
 6469   0.32537460E+02
 6470   0.55792210E+02
 6471   0.83446650E+02
 6472   0.59833690E+02
 6473   0.52834050E+02
 6474   0.38831450E+02
 6475   0.25540040E+02
 6476   0.70534150E+02
 6477   0.17248109E+03
 6478   0.10589945E+03
 6479   0.83131910E+02
 6480   0.82647350E+02
 6481   0.58223820E+02
 6482   0.36974520E+02
 6483   0.24985970E+02
 6484   0.17319080E+02
 6485   0.11801150E+02
 6486   0.79707900E+01
 6487   0.56209200E+01
 6488   0.38140600E+01
 6489   0.40150760E+02
 6490   0.47825990E+03
 6491   0.22995319E+03
 6492   0.10761795E+03
 6493   0.58095490E+02
 6494   0.34561360E+02
 6495   0.21912430E+02
 6496   0.14286270E+02
 6497   0.92188200E+01
 6498   0.63612100E+01
 6499   0.41628800E+01
 6500   0.29996100E+01
 6501   0.22072800E+01
 6502   0.15342200E+01
 6503   0.11262200E+01
 6504   0.90263000E+00
 6505   0.75963000E+00
 6506   0.62588000E+00
 6507   0.51907000E+00
 6508   0.98730000E+00
 6509   0.75066000E+00
 6510   0.10010900E+01
 6511   0.13128150E+02
 6512   0.83905540E+02
 6513   0.99403980E+02
 6514   0.25205043E+03
 6515   0.25670567E+03
 6516   0.12648760E+03
 6517   0.64944850E+02
 6518   0.38071420E+02
 6519   0.24058660E+02
 6520   0.15812120E+02
 6521   0.10270720E+02
 6522   0.63770100E+01
 6523   0.44539000E+01
 6524   0.34184900E+01
 6525   0.26937700E+01
 6526   0.21023900E+01
 6527   0.16896300E+01
 6528   0.12906200E+01
 6529   0.10412500E+01
 6530   0.87480000E+00
 6531   0.74786000E+00
 6532   0.60825000E+00
 6533   0.46976000E+00
 6534   0.36980000E+00
 6535   0.30528000E+00
 6536   0.22354000E+00
 6537   0.16831000E+00
 6538   0.13137000E+00
 6539   0.10553000E+00
 6540   0.86810000E-01
 6541   0.72850000E-01
 6542   0.62160000E-01
 6543   0.53780000E-01
 6544   0.47080000E-01
 6545   0.41630000E-01
 6546   0.76202000E+00
 6547   0.15544700E+01
 6548   0.11039300E+01
 6549   0.63103000E+00
 6550   0.21080000E+00
 6551   0.11281000E+00
 6552   0.72640000E-01
 6553   0.52050000E-01
 6554   0.39980000E-01
 6555   0.32230000E-01
 6556   0.26940000E-01
 6557   0.23200000E-01
 6558   0.20610000E-01
 6559   0.19170000E-01
 6560   0.19280000E-01
 6561   0.21350000E-01
 6562   0.25030000E-01
 6563   0.28850000E-01
 6564   0.10783000E+00
 6565   0.12173200E+01
 6566   0.11934230E+02
 6567   0.23579760E+02
 6568   0.21165930E+02
 6569   0.18643890E+02
 6570   0.14885790E+02
 6571   0.10953780E+02
 6572   0.77191800E+01
 6573   0.55781200E+01
 6574   0.32199200E+01
 6575   0.25811300E+01
 6576   0.20849000E+01
 6577   0.17246100E+01
 6578   0.13969800E+01
 6579   0.33642600E+01
 6580   0.13529572E+03
 6581   0.24427181E+03
 6582   0.13699492E+03
 6583   0.78811760E+02
 6584   0.47011620E+02
 6585   0.32937720E+02
 6586   0.22577420E+02
 6587   0.15701920E+02
 6588   0.11113900E+02
 6589   0.79439300E+01
 6590   0.58574100E+01
 6591   0.41489300E+01
 6592   0.31852300E+01
 6593   0.24931100E+01
 6594   0.17096200E+01
 6595   0.13306500E+01
 6596   0.10764100E+01
 6597   0.91942000E+00
 6598   0.81069000E+00
 6599   0.73056000E+00
 6600   0.61956000E+00
 6601   0.51298000E+00
 6602   0.43177000E+00
 6603   0.36097000E+00
 6604   0.26911000E+00
 6605   0.18218000E+00
 6606   0.13501000E+00
 6607   0.10583000E+00
 6608   0.85870000E-01
 6609   0.71410000E-01
 6610   0.60510000E-01
 6611   0.52070000E-01
 6612   0.45600000E-01
 6613   0.85270800E+01
 6614   0.10907090E+02
 6615   0.88563000E+01
 6616   0.70410500E+01
 6617   0.57530500E+01
 6618   0.45295200E+01
 6619   0.39613600E+01
 6620   0.35347000E+01
 6621   0.30792200E+01
 6622   0.26132700E+01
 6623   0.21864800E+01
 6624   0.18241400E+01
 6625   0.12353300E+01
 6626   0.99943000E+00
 6627   0.86064000E+00
 6628   0.76714000E+00
 6629   0.81618000E+00
 6630   0.52377400E+01
 6631   0.23960840E+02
 6632   0.34607590E+02
 6633   0.41631270E+02
 6634   0.29327180E+02
 6635   0.18903150E+02
 6636   0.32929620E+02
 6637   0.66606320E+02
 6638   0.63868360E+02
 6639   0.47297110E+02
 6640   0.30176040E+02
 6641   0.21224930E+02
 6642   0.18942340E+02
 6643   0.30360730E+02
 6644   0.59570150E+02
 6645   0.71364550E+02
 6646   0.64846410E+02
 6647   0.62669780E+02
 6648   0.10781638E+03
 6649   0.38752078E+03
 6650   0.26449021E+03
 6651   0.22779847E+03
 6652   0.27923564E+03
 6653   0.31860695E+03
 6654   0.15453081E+03
 6655   0.80302010E+02
 6656   0.43351050E+02
 6657   0.27861130E+02
 6658   0.18797780E+02
 6659   0.13102260E+02
 6660   0.91319600E+01
 6661   0.65667500E+01
 6662   0.45320100E+01
 6663   0.65587200E+01
 6664   0.66832780E+02
 6665   0.10275121E+03
 6666   0.74092640E+02
 6667   0.49831030E+02
 6668   0.31057870E+02
 6669   0.27916010E+02
 6670   0.48160980E+02
 6671   0.37511980E+02
 6672   0.24483320E+02
 6673   0.17789160E+02
 6674   0.14459730E+02
 6675   0.15513380E+02
 6676   0.27898710E+02
 6677   0.33189190E+02
 6678   0.33429310E+02
 6679   0.24542780E+02
 6680   0.18395070E+02
 6681   0.13906820E+02
 6682   0.10194130E+02
 6683   0.74496800E+01
 6684   0.52686000E+01
 6685   0.37172000E+01
 6686   0.22996400E+01
 6687   0.13655360E+02
 6688   0.81826730E+02
 6689   0.96020580E+02
 6690   0.70622870E+02
 6691   0.46633070E+02
 6692   0.30317310E+02
 6693   0.20282810E+02
 6694   0.13632150E+02
 6695   0.89798000E+01
 6696   0.62768300E+01
 6697   0.35108200E+01
 6698   0.73757900E+01
 6699   0.12204448E+03
 6700   0.60110670E+03
 6701   0.25876827E+03
 6702   0.10399523E+03
 6703   0.53379850E+02
 6704   0.35969780E+02
 6705   0.41938630E+02
 6706   0.46110220E+02
 6707   0.37156090E+02
 6708   0.30349610E+02
 6709   0.23955490E+02
 6710   0.17326710E+02
 6711   0.12026480E+02
 6712   0.81660300E+01
 6713   0.63045500E+01
 6714   0.73213400E+01
 6715   0.15014630E+02
 6716   0.40173447E+03
 6717   0.73012248E+03
 6718   0.40854925E+03
 6719   0.49158359E+03
 6720   0.29128238E+03
 6721   0.12516818E+03
 6722   0.62951000E+02
 6723   0.36393810E+02
 6724   0.22881870E+02
 6725   0.15003220E+02
 6726   0.96498900E+01
 6727   0.59864700E+01
 6728   0.40202100E+01
 6729   0.29878200E+01
 6730   0.10151310E+02
 6731   0.54913820E+02
 6732   0.72935364E+03
 6733   0.52166558E+03
 6734   0.28631288E+03
 6735   0.54253793E+03
 6736   0.10768523E+04
 6737   0.12205356E+04
 6738   0.95764130E+03
 6739   0.10865341E+04
 6740   0.12966221E+04
 6741   0.65284392E+03
 6742   0.96801474E+03
 6743   0.44499163E+03
 6744   0.16374344E+03
 6745   0.17428348E+03
 6746   0.21388526E+04
 6747   0.63321449E+03
 6748   0.16756857E+03
 6749   0.17802360E+03
 6750   0.44863801E+03
 6751   0.45753573E+03
 6752   0.18772132E+03
 6753   0.19067606E+03
 6754   0.20451825E+04
 6755   0.14097455E+04
 6756   0.16081847E+04
 6757   0.92559881E+03
 6758   0.68818124E+03
 6759   0.48836438E+03
 6760   0.23977398E+03
 6761   0.10107433E+03
 6762   0.53908460E+02
 6763   0.13215679E+03
 6764   0.71399160E+02
 6765   0.55485270E+02
 6766   0.30764920E+02
 6767   0.25253410E+02
 6768   0.14219630E+02
 6769   0.88990000E+01
 6770   0.66522600E+01
 6771   0.14194050E+02
 6772   0.93771860E+02
 6773   0.10474232E+03
 6774   0.15212201E+03
 6775   0.33745867E+03
 6776   0.64031408E+03
 6777   0.13127875E+04
 6778   0.70986450E+03
 6779   0.27354754E+03
 6780   0.30604816E+03
 6781   0.64055186E+03
 6782   0.14270856E+04
 6783   0.13767963E+04
 6784   0.59302926E+03
 6785   0.41794896E+03
 6786   0.61335076E+03
 6787   0.16210837E+04
 6788   0.16826221E+04
 6789   0.23425726E+04
 6790   0.20260710E+04
 6791   0.13818512E+04
 6792   0.14705559E+04
 6793   0.45136478E+03
 6794   0.19949813E+03
 6795   0.80738060E+02
 6796   0.76505840E+02
 6797   0.76835900E+02
 6798   0.15641091E+03
 6799   0.19191410E+03
 6800   0.12574838E+03
 6801   0.76246080E+02
 6802   0.61021360E+02
 6803   0.61086740E+02
 6804   0.10887349E+03
 6805   0.18567311E+03
 6806   0.14122930E+03
 6807   0.83526500E+02
 6808   0.51325830E+02
 6809   0.31226960E+02
 6810   0.23119910E+02
 6811   0.22247810E+02
 6812   0.21660580E+02
 6813   0.12308100E+02
 6814   0.59171000E+01
 6815   0.33540500E+01
 6816   0.23380300E+01
 6817   0.33202100E+01
 6818   0.10820500E+02
 6819   0.26923280E+02
 6820   0.16905500E+02
 6821   0.98683300E+01
 6822   0.29637610E+02
 6823   0.18520842E+03
 6824   0.20203470E+03
 6825   0.18548273E+03
 6826   0.93727480E+02
 6827   0.53901980E+02
 6828   0.42612160E+02
 6829   0.27844480E+02
 6830   0.32486590E+02
 6831   0.54137470E+02
 6832   0.60783260E+02
 6833   0.38249600E+02
 6834   0.26593730E+02
 6835   0.20951810E+02
 6836   0.16105900E+02
 6837   0.11733540E+02
 6838   0.83519940E+02
 6839   0.37065542E+03
 6840   0.48330982E+03
 6841   0.18631280E+03
 6842   0.81143670E+02
 6843   0.43702610E+02
 6844   0.26255100E+02
 6845   0.16966490E+02
 6846   0.11128290E+02
 6847   0.73312500E+01
 6848   0.48170600E+01
 6849   0.33612600E+01
 6850   0.20950700E+01
 6851   0.16873700E+01
 6852   0.12935400E+01
 6853   0.10343300E+01
 6854   0.87230000E+00
 6855   0.75971000E+00
 6856   0.63159000E+00
 6857   0.51817000E+00
 6858   0.43195000E+00
 6859   0.35632000E+00
 6860   0.26165000E+00
 6861   0.18394000E+00
 6862   0.13885000E+00
 6863   0.10958000E+00
 6864   0.89130000E-01
 6865   0.74160000E-01
 6866   0.62850000E-01
 6867   0.54070000E-01
 6868   0.47100000E-01
 6869   0.41470000E-01
 6870   0.36850000E-01
 6871   0.33000000E-01
 6872   0.29750000E-01
 6873   0.26990000E-01
 6874   0.24610000E-01
 6875   0.22550000E-01
 6876   0.20750000E-01
 6877   0.27888000E+00
 6878   0.11532400E+02
 6879   0.84499250E+02
 6880   0.62113210E+02
 6881   0.40331820E+02
 6882   0.26477650E+02
 6883   0.17594320E+02
 6884   0.11667810E+02
 6885   0.77985400E+01
 6886   0.56071300E+01
 6887   0.39459600E+01
 6888   0.33241100E+01
 6889   0.31538200E+01
 6890   0.48875400E+01
 6891   0.80240700E+01
 6892   0.15652820E+02
 6893   0.17746410E+02
 6894   0.13762070E+02
 6895   0.96539600E+01
 6896   0.69775900E+01
 6897   0.47870300E+01
 6898   0.35127400E+01
 6899   0.26840600E+01
 6900   0.20701700E+01
 6901   0.16565700E+01
 6902   0.11179100E+01
 6903   0.88789000E+00
 6904   0.11464170E+02
 6905   0.18074500E+02
 6906   0.16842350E+02
 6907   0.11790160E+02
 6908   0.81043400E+01
 6909   0.64898600E+01
 6910   0.55144600E+01
 6911   0.43946200E+01
 6912   0.28845400E+01
 6913   0.24082900E+01
 6914   0.20041000E+01
 6915   0.16648800E+01
 6916   0.13016300E+01
 6917   0.10788800E+01
 6918   0.91436000E+00
 6919   0.79374000E+00
 6920   0.67210000E+00
 6921   0.55370000E+00
 6922   0.52236000E+00
 6923   0.46949000E+00
 6924   0.41041000E+00
 6925   0.38477000E+00
 6926   0.33489000E+00
 6927   0.26098000E+00
 6928   0.20273000E+00
 6929   0.17047000E+00
 6930   0.14923000E+00
 6931   0.15905000E+00
 6932   0.18316000E+00
 6933   0.37235000E+00
 6934   0.55441000E+00
 6935   0.59713000E+00
 6936   0.59189000E+00
 6937   0.47465300E+01
 6938   0.33685210E+02
 6939   0.49695870E+02
 6940   0.37479810E+02
 6941   0.32099330E+02
 6942   0.22967050E+02
 6943   0.18553020E+02
 6944   0.24038390E+02
 6945   0.20128650E+02
 6946   0.15472150E+02
 6947   0.13485090E+02
 6948   0.11088140E+02
 6949   0.82526900E+01
 6950   0.61656800E+01
 6951   0.42876900E+01
 6952   0.32491900E+01
 6953   0.20589100E+01
 6954   0.16924200E+01
 6955   0.13210900E+01
 6956   0.10787400E+01
 6957   0.92896000E+00
 6958   0.51629600E+01
 6959   0.19744070E+02
 6960   0.25786640E+02
 6961   0.24766710E+02
 6962   0.23289960E+02
 6963   0.16454330E+02
 6964   0.11647850E+02
 6965   0.80948200E+01
 6966   0.58532000E+01
 6967   0.41198300E+01
 6968   0.31822600E+01
 6969   0.27622600E+01
 6970   0.21734800E+01
 6971   0.17372000E+01
 6972   0.13456900E+01
 6973   0.11713900E+01
 6974   0.19567800E+01
 6975   0.68504900E+01
 6976   0.26764570E+02
 6977   0.29621250E+02
 6978   0.33204700E+02
 6979   0.49705410E+02
 6980   0.77092360E+02
 6981   0.60411090E+02
 6982   0.58658980E+02
 6983   0.45393190E+02
 6984   0.33090320E+02
 6985   0.25316560E+02
 6986   0.18265920E+02
 6987   0.12596610E+02
 6988   0.86189200E+01
 6989   0.63487500E+01
 6990   0.47931600E+01
 6991   0.37362800E+01
 6992   0.29452100E+01
 6993   0.36813100E+01
 6994   0.22107300E+01
 6995   0.19040900E+01
 6996   0.15788300E+01
 6997   0.12364600E+01
 6998   0.10245900E+01
 6999   0.88042000E+00
 7000   0.77475000E+00
 7001   0.65334000E+00
 7002   0.72377800E+01
 7003   0.29515410E+02
 7004   0.45046940E+02
 7005   0.67936720E+02
 7006   0.83334610E+02
 7007   0.12575762E+03
 7008   0.15596402E+03
 7009   0.11717663E+03
 7010   0.80268450E+02
 7011   0.55469180E+02
 7012   0.14847413E+03
 7013   0.17441736E+03
 7014   0.15220886E+03
 7015   0.11140308E+03
 7016   0.66629880E+02
 7017   0.41192870E+02
 7018   0.26147660E+02
 7019   0.18027930E+02
 7020   0.17161750E+02
 7021   0.27681680E+02
 7022   0.88510120E+02
 7023   0.11522553E+03
 7024   0.92673120E+02
 7025   0.95009730E+02
 7026   0.80721646E+03
 7027   0.48947828E+03
 7028   0.16738593E+03
 7029   0.78396530E+02
 7030   0.45438470E+02
 7031   0.50293770E+02
 7032   0.84468790E+02
 7033   0.91750690E+02
 7034   0.71547380E+02
 7035   0.47630380E+02
 7036   0.31872310E+02
 7037   0.21327480E+02
 7038   0.14356250E+02
 7039   0.95571400E+01
 7040   0.67811500E+01
 7041   0.46171900E+01
 7042   0.34216200E+01
 7043   0.57102800E+01
 7044   0.43472540E+02
 7045   0.16362855E+03
 7046   0.12599143E+03
 7047   0.70662560E+02
 7048   0.40197300E+02
 7049   0.24694730E+02
 7050   0.16184760E+02
 7051   0.11717650E+02
 7052   0.85580450E+02
 7053   0.64776911E+03
 7054   0.45442765E+03
 7055   0.18831169E+03
 7056   0.18759241E+03
 7057   0.12178332E+03
 7058   0.13242108E+03
 7059   0.23983457E+03
 7060   0.40558118E+03
 7061   0.26462980E+03
 7062   0.12293126E+03
 7063   0.64122980E+02
 7064   0.45620570E+02
 7065   0.32056600E+02
 7066   0.21131560E+02
 7067   0.17690140E+02
 7068   0.14410400E+02
 7069   0.53271460E+02
 7070   0.75698684E+03
 7071   0.58452580E+03
 7072   0.34481002E+03
 7073   0.34663061E+03
 7074   0.41931072E+03
 7075   0.65246931E+03
 7076   0.99240233E+03
 7077   0.10302639E+04
 7078   0.36050013E+03
 7079   0.15146223E+03
 7080   0.14804657E+03
 7081   0.10897744E+03
 7082   0.86445770E+02
 7083   0.58833600E+02
 7084   0.55403760E+02
 7085   0.34053593E+03
 7086   0.25136323E+03
 7087   0.26077816E+03
 7088   0.22974705E+03
 7089   0.12449667E+03
 7090   0.11182582E+03
 7091   0.80661340E+02
 7092   0.69897350E+02
 7093   0.71272160E+02
 7094   0.78636420E+02
 7095   0.86441230E+02
 7096   0.62293640E+02
 7097   0.39831730E+02
 7098   0.32137570E+02
 7099   0.78297900E+02
 7100   0.40143348E+03
 7101   0.70993182E+03
 7102   0.59517458E+03
 7103   0.35120748E+03
 7104   0.27306308E+03
 7105   0.50439663E+03
 7106   0.95866650E+03
 7107   0.68355013E+03
 7108   0.34574468E+03
 7109   0.55191736E+03
 7110   0.13119596E+04
 7111   0.64273754E+03
 7112   0.43511041E+03
 7113   0.19202271E+03
 7114   0.27091013E+03
 7115   0.20962545E+03
 7116   0.10119686E+03
 7117   0.53269770E+02
 7118   0.32177230E+02
 7119   0.20550650E+02
 7120   0.13370560E+02
 7121   0.87017700E+01
 7122   0.60381200E+01
 7123   0.40651900E+01
 7124   0.30171200E+01
 7125   0.16251330E+02
 7126   0.50903760E+02
 7127   0.99983350E+02
 7128   0.22429465E+03
 7129   0.34379106E+03
 7130   0.38546207E+03
 7131   0.48124839E+03
 7132   0.98582278E+03
 7133   0.70159125E+03
 7134   0.20162975E+03
 7135   0.90087840E+02
 7136   0.47052080E+02
 7137   0.25838060E+02
 7138   0.17499340E+02
 7139   0.15812660E+02
 7140   0.14121140E+02
 7141   0.92383300E+01
 7142   0.13650351E+04
 7143   0.10258071E+04
 7144   0.40040927E+03
 7145   0.36992172E+03
 7146   0.12520195E+04
 7147   0.21955273E+04
 7148   0.86850519E+03
 7149   0.58133506E+03
 7150   0.27256812E+03
 7151   0.15385414E+03
 7152   0.67063740E+02
 7153   0.35704210E+02
 7154   0.28350140E+02
 7155   0.16284210E+02
 7156   0.92540000E+01
 7157   0.24130620E+02
 7158   0.15016682E+03
 7159   0.16214649E+03
 7160   0.88149650E+02
 7161   0.49179580E+02
 7162   0.30619640E+02
 7163   0.20191070E+02
 7164   0.13384810E+02
 7165   0.87254600E+01
 7166   0.59774100E+01
 7167   0.39553300E+01
 7168   0.24069000E+01
 7169   0.19342000E+01
 7170   0.15686700E+01
 7171   0.12054800E+01
 7172   0.99107000E+00
 7173   0.84578000E+00
 7174   0.73194000E+00
 7175   0.62389000E+00
 7176   0.51218000E+00
 7177   0.43761000E+00
 7178   0.85988410E+02
 7179   0.36288160E+02
 7180   0.21012750E+02
 7181   0.15999550E+02
 7182   0.15978220E+02
 7183   0.13024050E+02
 7184   0.91398000E+01
 7185   0.65137100E+01
 7186   0.43288000E+01
 7187   0.30914900E+01
 7188   0.23331400E+01
 7189   0.15958700E+01
 7190   0.11837800E+01
 7191   0.10276100E+01
 7192   0.85613000E+00
 7193   0.11436200E+01
 7194   0.33870100E+01
 7195   0.25450300E+01
 7196   0.21716700E+01
 7197   0.19856500E+01
 7198   0.17017600E+01
 7199   0.12088900E+01
 7200   0.10276400E+01
 7201   0.92100000E+00
 7202   0.83503000E+00
 7203   0.76511000E+00
 7204   0.70239000E+00
 7205   0.64339000E+00
 7206   0.57926000E+00
 7207   0.51323000E+00
 7208   0.45307000E+00
 7209   0.37635000E+00
 7210   0.30155000E+00
 7211   0.24675000E+00
 7212   0.19358000E+00
 7213   0.15151000E+00
 7214   0.12068000E+00
 7215   0.98230000E-01
 7216   0.81580000E-01
 7217   0.68960000E-01
 7218   0.59170000E-01
 7219   0.51420000E-01
 7220   0.45170000E-01
 7221   0.40050000E-01
 7222   0.35790000E-01
 7223   0.32210000E-01
 7224   0.29170000E-01
 7225   0.26550000E-01
 7226   0.24290000E-01
 7227   0.22320000E-01
 7228   0.20580000E-01
 7229   0.19050000E-01
 7230   0.17690000E-01
 7231   0.16480000E-01
 7232   0.15390000E-01
 7233   0.14410000E-01
 7234   0.13520000E-01
 7235   0.12720000E-01
 7236   0.11990000E-01
 7237   0.11320000E-01
 7238   0.10700000E-01
 7239   0.10140000E-01
 7240   0.96200000E-02
 7241   0.91400000E-02
 7242   0.87000000E-02
 7243   0.82800000E-02
 7244   0.79000000E-02
 7245   0.75500000E-02
 7246   0.72100000E-02
 7247   0.69000000E-02
 7248   0.66100000E-02
 7249   0.63400000E-02
 7250   0.60900000E-02
 7251   0.58500000E-02
 7252   0.56200000E-02
 7253   0.54100000E-02
 7254   0.52100000E-02
 7255   0.50200000E-02
 7256   0.48400000E-02
 7257   0.46700000E-02
 7258   0.45100000E-02
 7259   0.43500000E-02
 7260   0.42100000E-02
 7261   0.40700000E-02
 7262   0.39400000E-02
 7263   0.38200000E-02
 7264   0.37000000E-02
 7265   0.15210000E-01
 7266   0.13287330E+02
 7267   0.60420800E+02
 7268   0.50217280E+02
 7269   0.34977570E+02
 7270   0.23009450E+02
 7271   0.14357190E+02
 7272   0.95447500E+01
 7273   0.12140290E+02
 7274   0.48007540E+02
 7275   0.63464240E+02
 7276   0.45947850E+02
 7277   0.38108130E+02
 7278   0.25884070E+02
 7279   0.17236510E+02
 7280   0.11534200E+02
 7281   0.69069600E+01
 7282   0.46328600E+01
 7283   0.34103500E+01
 7284   0.26034200E+01
 7285   0.20314600E+01
 7286   0.16332900E+01
 7287   0.12485500E+01
 7288   0.10116600E+01
 7289   0.86585000E+00
 7290   0.77873000E+00
 7291   0.65475000E+00
 7292   0.58607000E+00
 7293   0.55093000E+00
 7294   0.50085000E+00
 7295   0.44399000E+00
 7296   0.38519000E+00
 7297   0.33380000E+00
 7298   0.25875000E+00
 7299   0.19450000E+00
 7300   0.15305000E+00
 7301   0.12424000E+00
 7302   0.10328000E+00
 7303   0.87500000E-01
 7304   0.75290000E-01
 7305   0.65590000E-01
 7306   0.57750000E-01
 7307   0.51290000E-01
 7308   0.45890000E-01
 7309   0.41320000E-01
 7310   0.37420000E-01
 7311   0.34050000E-01
 7312   0.31130000E-01
 7313   0.28570000E-01
 7314   0.39358000E+00
 7315   0.56941000E+00
 7316   0.79175000E+00
 7317   0.10068700E+01
 7318   0.10776900E+01
 7319   0.10129300E+01
 7320   0.90516000E+00
 7321   0.81532000E+00
 7322   0.64760000E+00
 7323   0.57466000E+00
 7324   0.56595000E+00
 7325   0.56271000E+00
 7326   0.55615000E+00
 7327   0.54390000E+00
 7328   0.52220000E+00
 7329   0.48795000E+00
 7330   0.44747000E+00
 7331   0.81092200E+01
 7332   0.15207160E+02
 7333   0.29385410E+02
 7334   0.31773060E+02
 7335   0.26599320E+02
 7336   0.22401820E+02
 7337   0.19398800E+02
 7338   0.20473980E+02
 7339   0.17050070E+02
 7340   0.16716740E+02
 7341   0.32228360E+02
 7342   0.38099170E+02
 7343   0.42464280E+02
 7344   0.32461140E+02
 7345   0.22412870E+02
 7346   0.15615260E+02
 7347   0.11388140E+02
 7348   0.10033160E+02
 7349   0.13570360E+02
 7350   0.49953530E+02
 7351   0.11464613E+03
 7352   0.12340674E+03
 7353   0.16995687E+03
 7354   0.18757829E+03
 7355   0.12079157E+03
 7356   0.84784070E+02
 7357   0.65607600E+02
 7358   0.60164070E+02
 7359   0.60579960E+02
 7360   0.10341097E+03
 7361   0.14039658E+03
 7362   0.14544867E+03
 7363   0.86279820E+02
 7364   0.57331160E+02
 7365   0.62566290E+02
 7366   0.86863790E+02
 7367   0.83558500E+02
 7368   0.92406880E+02
 7369   0.10151412E+03
 7370   0.11084918E+03
 7371   0.10878893E+03
 7372   0.11697687E+03
 7373   0.68085820E+02
 7374   0.41654080E+02
 7375   0.27342320E+02
 7376   0.18551720E+02
 7377   0.12535880E+02
 7378   0.11222960E+02
 7379   0.89374400E+01
 7380   0.71918200E+01
 7381   0.26041930E+02
 7382   0.80199200E+02
 7383   0.59955880E+02
 7384   0.13353484E+03
 7385   0.12541169E+03
 7386   0.95221470E+02
 7387   0.67166590E+02
 7388   0.65033470E+02
 7389   0.67515740E+02
 7390   0.53652460E+02
 7391   0.73120590E+02
 7392   0.15380366E+03
 7393   0.10521995E+03
 7394   0.58892360E+02
 7395   0.37178930E+02
 7396   0.26857140E+02
 7397   0.22623860E+02
 7398   0.15185600E+02
 7399   0.11558220E+02
 7400   0.88954300E+01
 7401   0.68287700E+01
 7402   0.89134300E+01
 7403   0.10952150E+02
 7404   0.11598350E+02
 7405   0.13869100E+02
 7406   0.47660440E+02
 7407   0.10286205E+03
 7408   0.13976438E+03
 7409   0.21257822E+03
 7410   0.19111327E+03
 7411   0.10000131E+03
 7412   0.86081340E+02
 7413   0.30692803E+03
 7414   0.19405561E+03
 7415   0.20815489E+03
 7416   0.16848331E+03
 7417   0.15771187E+03
 7418   0.10043097E+03
 7419   0.65773730E+02
 7420   0.38696730E+02
 7421   0.23846850E+02
 7422   0.20761060E+02
 7423   0.13508730E+02
 7424   0.13505250E+02
 7425   0.18557900E+02
 7426   0.17476140E+02
 7427   0.17349140E+02
 7428   0.18657990E+02
 7429   0.16047880E+02
 7430   0.20063650E+02
 7431   0.16869980E+02
 7432   0.11715610E+02
 7433   0.76112000E+01
 7434   0.29890330E+02
 7435   0.30262763E+03
 7436   0.24298414E+03
 7437   0.25719109E+03
 7438   0.47025151E+03
 7439   0.77604297E+03
 7440   0.81439243E+03
 7441   0.36656178E+03
 7442   0.13632597E+03
 7443   0.65883280E+02
 7444   0.45782200E+02
 7445   0.37927500E+02
 7446   0.31644430E+02
 7447   0.50134310E+02
 7448   0.15726755E+03
 7449   0.23851108E+03
 7450   0.14132260E+03
 7451   0.10405824E+03
 7452   0.88301150E+02
 7453   0.56663810E+02
 7454   0.46618840E+02
 7455   0.28069730E+02
 7456   0.16155920E+02
 7457   0.10148670E+02
 7458   0.51663660E+02
 7459   0.31266937E+03
 7460   0.61791237E+03
 7461   0.10655638E+04
 7462   0.12186079E+04
 7463   0.11510706E+04
 7464   0.11061490E+04
 7465   0.71800978E+03
 7466   0.10957792E+04
 7467   0.45398848E+03
 7468   0.38866600E+03
 7469   0.44206700E+03
 7470   0.10941236E+04
 7471   0.14005144E+04
 7472   0.12689062E+04
 7473   0.34300064E+03
 7474   0.12067399E+03
 7475   0.58727910E+02
 7476   0.32500070E+02
 7477   0.20899000E+02
 7478   0.14289200E+02
 7479   0.16076410E+02
 7480   0.19832840E+02
 7481   0.14517200E+02
 7482   0.94914700E+01
 7483   0.65908100E+01
 7484   0.44703800E+01
 7485   0.33616500E+01
 7486   0.21994100E+01
 7487   0.18749100E+01
 7488   0.11616510E+02
 7489   0.14938519E+03
 7490   0.23866799E+03
 7491   0.11976051E+03
 7492   0.98530830E+02
 7493   0.71944910E+02
 7494   0.48395670E+02
 7495   0.36611050E+02
 7496   0.27756050E+02
 7497   0.22166200E+02
 7498   0.16315670E+02
 7499   0.11924620E+02
 7500   0.65258770E+02
 7501   0.11653339E+04
 7502   0.57462498E+03
 7503   0.42400732E+03
 7504   0.26927154E+03
 7505   0.13602132E+03
 7506   0.74706970E+02
 7507   0.66699340E+02
 7508   0.41532360E+02
 7509   0.29722900E+02
 7510   0.20721070E+02
 7511   0.17937390E+02
 7512   0.28213160E+02
 7513   0.10694087E+03
 7514   0.70436730E+02
 7515   0.53689110E+02
 7516   0.27246751E+03
 7517   0.11899277E+04
 7518   0.62256420E+03
 7519   0.10681064E+04
 7520   0.24169972E+03
 7521   0.93938210E+02
 7522   0.49031140E+02
 7523   0.71412630E+02
 7524   0.31739020E+02
 7525   0.15754970E+02
 7526   0.22320990E+02
 7527   0.42131260E+02
 7528   0.21944860E+02
 7529   0.13090820E+02
 7530   0.81703100E+01
 7531   0.56379700E+01
 7532   0.39756800E+01
 7533   0.31228500E+01
 7534   0.10779330E+02
 7535   0.22785320E+02
 7536   0.66374410E+02
 7537   0.19427870E+02
 7538   0.64288600E+01
 7539   0.28177500E+01
 7540   0.17261000E+01
 7541   0.12218100E+01
 7542   0.85342000E+00
 7543   0.52426000E+00
 7544   0.39468000E+00
 7545   0.30395000E+00
 7546   0.20137000E+00
 7547   0.14592000E+00
 7548   0.11341000E+00
 7549   0.91740000E-01
 7550   0.76220000E-01
 7551   0.64610000E-01
 7552   0.55650000E-01
 7553   0.48580000E-01
 7554   0.42890000E-01
 7555   0.38240000E-01
 7556   0.34390000E-01
 7557   0.31160000E-01
 7558   0.28430000E-01
 7559   0.26690000E-01
 7560   0.45440000E-01
 7561   0.16390000E+00
 7562   0.23812000E+00
 7563   0.26158000E+00
 7564   0.27053000E+00
 7565   0.27025000E+00
 7566   0.26130000E+00
 7567   0.24194000E+00
 7568   0.18775400E+01
 7569   0.72039788E+03
 7570   0.27299510E+03
 7571   0.12818993E+03
 7572   0.13191780E+03
 7573   0.75205070E+02
 7574   0.42902950E+02
 7575   0.26322530E+02
 7576   0.17114230E+02
 7577   0.11220190E+02
 7578   0.67030600E+01
 7579   0.44714000E+01
 7580   0.32767500E+01
 7581   0.24629500E+01
 7582   0.16681990E+02
 7583   0.12841280E+02
 7584   0.11057570E+02
 7585   0.94708300E+01
 7586   0.88133000E+01
 7587   0.19075130E+02
 7588   0.18530140E+02
 7589   0.13446530E+02
 7590   0.90243400E+01
 7591   0.63361200E+01
 7592   0.42820600E+01
 7593   0.31478500E+01
 7594   0.23599000E+01
 7595   0.18145100E+01
 7596   0.13872000E+01
 7597   0.10588700E+01
 7598   0.86780000E+00
 7599   0.75380000E+00
 7600   0.12022200E+01
 7601   0.93448000E+00
 7602   0.62030000E+00
 7603   0.41280000E+00
 7604   0.31586000E+00
 7605   0.20096000E+00
 7606   0.14097000E+00
 7607   0.11424000E+00
 7608   0.54929600E+01
 7609   0.17603610E+02
 7610   0.15538200E+02
 7611   0.11001810E+02
 7612   0.74282300E+01
 7613   0.50394000E+01
 7614   0.35943900E+01
 7615   0.26626400E+01
 7616   0.20459100E+01
 7617   0.16039800E+01
 7618   0.12108200E+01
 7619   0.86979000E+00
 7620   0.72487000E+00
 7621   0.58746000E+00
 7622   0.49535000E+00
 7623   0.42043000E+00
 7624   0.35491000E+00
 7625   0.27065000E+00
 7626   0.21318000E+00
 7627   0.15689000E+00
 7628   0.12516000E+00
 7629   0.10493000E+00
 7630   0.88460000E-01
 7631   0.74690000E-01
 7632   0.63750000E-01
 7633   0.55180000E-01
 7634   0.48400000E-01
 7635   0.42920000E-01
 7636   0.38380000E-01
 7637   0.34570000E-01
 7638   0.31310000E-01
 7639   0.28520000E-01
 7640   0.26100000E-01
 7641   0.23990000E-01
 7642   0.22160000E-01
 7643   0.20560000E-01
 7644   0.19170000E-01
 7645   0.17950000E-01
 7646   0.16890000E-01
 7647   0.15960000E-01
 7648   0.15140000E-01
 7649   0.14420000E-01
 7650   0.13780000E-01
 7651   0.13200000E-01
 7652   0.67600000E-01
 7653   0.22007000E+00
 7654   0.42366000E+00
 7655   0.53907000E+00
 7656   0.56006000E+00
 7657   0.52248000E+00
 7658   0.47456000E+00
 7659   0.42593000E+00
 7660   0.36816000E+00
 7661   0.31658000E+00
 7662   0.31149000E+00
 7663   0.32114000E+00
 7664   0.32050000E+00
 7665   0.31389000E+00
 7666   0.30459000E+00
 7667   0.29173000E+00
 7668   0.26208000E+00
 7669   0.21879000E+00
 7670   0.17650000E+00
 7671   0.14271000E+00
 7672   0.11767000E+00
 7673   0.99790000E-01
 7674   0.22756000E+00
 7675   0.92180000E-01
 7676   0.79660000E-01
 7677   0.73160000E-01
 7678   0.67460000E-01
 7679   0.60900000E-01
 7680   0.54530000E-01
 7681   0.48950000E-01
 7682   0.44250000E-01
 7683   0.40400000E-01
 7684   0.57873600E+01
 7685   0.33478400E+01
 7686   0.34801300E+01
 7687   0.30833100E+01
 7688   0.26141900E+01
 7689   0.22101500E+01
 7690   0.18408600E+01
 7691   0.14804900E+01
 7692   0.11937800E+01
 7693   0.10214000E+01
 7694   0.90111000E+00
 7695   0.70070000E+00
 7696   0.61404000E+00
 7697   0.51788600E+01
 7698   0.67182500E+01
 7699   0.62030000E+01
 7700   0.58557000E+01
 7701   0.47959400E+01
 7702   0.70562300E+01
 7703   0.98714500E+01
 7704   0.18888800E+02
 7705   0.11206711E+03
 7706   0.19281597E+03
 7707   0.21304402E+03
 7708   0.21978943E+03
 7709   0.33525690E+03
 7710   0.36694473E+03
 7711   0.20396605E+03
 7712   0.12241611E+03
 7713   0.91908060E+02
 7714   0.79622850E+02
 7715   0.61421110E+02
 7716   0.53072860E+02
 7717   0.55021380E+02
 7718   0.52421800E+02
 7719   0.46461540E+02
 7720   0.32936950E+02
 7721   0.22098740E+02
 7722   0.15022120E+02
 7723   0.11745860E+02
 7724   0.17008650E+02
 7725   0.26558420E+02
 7726   0.25092940E+02
 7727   0.27673660E+02
 7728   0.21021160E+02
 7729   0.16679750E+02
 7730   0.20603920E+02
 7731   0.31748900E+02
 7732   0.27732650E+02
 7733   0.19953990E+02
 7734   0.14252010E+02
 7735   0.10901630E+02
 7736   0.74055600E+01
 7737   0.57325400E+01
 7738   0.45186600E+01
 7739   0.24454100E+02
 7740   0.40799230E+02
 7741   0.65429660E+02
 7742   0.66911500E+02
 7743   0.61036910E+02
 7744   0.46839800E+02
 7745   0.71436790E+02
 7746   0.10820869E+03
 7747   0.10196524E+03
 7748   0.88676490E+02
 7749   0.60917660E+02
 7750   0.44570700E+02
 7751   0.58152080E+02
 7752   0.50807330E+02
 7753   0.47536860E+02
 7754   0.41516160E+02
 7755   0.29752590E+02
 7756   0.20433200E+02
 7757   0.30057100E+02
 7758   0.59290380E+02
 7759   0.52065310E+02
 7760   0.36282160E+02
 7761   0.27553340E+02
 7762   0.19759380E+02
 7763   0.13589860E+02
 7764   0.14740540E+02
 7765   0.39993970E+02
 7766   0.50155860E+02
 7767   0.34154210E+02
 7768   0.29253730E+02
 7769   0.21490800E+02
 7770   0.14601640E+02
 7771   0.96323900E+01
 7772   0.67213700E+01
 7773   0.45242000E+01
 7774   0.33376500E+01
 7775   0.25377000E+01
 7776   0.19968000E+01
 7777   0.30729500E+01
 7778   0.97762100E+01
 7779   0.25871870E+02
 7780   0.32356970E+02
 7781   0.90424690E+02
 7782   0.18040957E+03
 7783   0.11214115E+03
 7784   0.11951670E+03
 7785   0.15249634E+03
 7786   0.26147663E+03
 7787   0.19684591E+03
 7788   0.93653430E+02
 7789   0.74210460E+02
 7790   0.10972423E+03
 7791   0.96491010E+02
 7792   0.80252080E+02
 7793   0.71462010E+02
 7794   0.46802020E+02
 7795   0.29565940E+02
 7796   0.20056650E+02
 7797   0.12802210E+02
 7798   0.86927400E+01
 7799   0.62621500E+01
 7800   0.42121900E+01
 7801   0.31270600E+01
 7802   0.44794000E+01
 7803   0.61516700E+02
 7804   0.35227468E+03
 7805   0.21999266E+03
 7806   0.95991490E+02
 7807   0.68695560E+02
 7808   0.14747001E+03
 7809   0.34568131E+03
 7810   0.57841943E+03
 7811   0.39537121E+03
 7812   0.25740358E+03
 7813   0.50629331E+03
 7814   0.51092468E+03
 7815   0.25501367E+03
 7816   0.21384403E+03
 7817   0.46026371E+03
 7818   0.77476436E+03
 7819   0.64272426E+03
 7820   0.46271964E+03
 7821   0.31052201E+03
 7822   0.27978221E+03
 7823   0.33951655E+03
 7824   0.34599710E+03
 7825   0.18684990E+03
 7826   0.11524341E+03
 7827   0.15043690E+03
 7828   0.25098345E+03
 7829   0.43161918E+03
 7830   0.10157806E+04
 7831   0.10500764E+04
 7832   0.36599451E+03
 7833   0.19319400E+03
 7834   0.53252731E+03
 7835   0.60574016E+03
 7836   0.19306834E+03
 7837   0.82327660E+02
 7838   0.77073800E+02
 7839   0.58453566E+03
 7840   0.23885492E+04
 7841   0.12378030E+04
 7842   0.80574132E+03
 7843   0.68179598E+03
 7844   0.89169868E+03
 7845   0.90193298E+03
 7846   0.59323581E+03
 7847   0.30946012E+03
 7848   0.34524584E+03
 7849   0.25924005E+03
 7850   0.27318472E+03
 7851   0.12570231E+04
 7852   0.12493111E+04
 7853   0.10142891E+04
 7854   0.15145467E+04
 7855   0.12450454E+04
 7856   0.62831963E+03
 7857   0.36491340E+03
 7858   0.17978775E+03
 7859   0.10964997E+03
 7860   0.81622320E+02
 7861   0.52134860E+02
 7862   0.13025559E+03
 7863   0.50123950E+02
 7864   0.24760420E+02
 7865   0.15265830E+02
 7866   0.16722900E+02
 7867   0.17929360E+02
 7868   0.18861380E+02
 7869   0.19732770E+02
 7870   0.27391140E+02
 7871   0.26686570E+02
 7872   0.12549200E+02
 7873   0.51906900E+01
 7874   0.27810300E+01
 7875   0.18538400E+01
 7876   0.13620400E+01
 7877   0.62269600E+01
 7878   0.50836670E+02
 7879   0.21461810E+03
 7880   0.11748179E+03
 7881   0.59663170E+02
 7882   0.34182660E+02
 7883   0.21283690E+02
 7884   0.13795210E+02
 7885   0.14246920E+02
 7886   0.14556330E+03
 7887   0.23849167E+03
 7888   0.14001695E+03
 7889   0.10225627E+03
 7890   0.12885322E+03
 7891   0.14413458E+03
 7892   0.10714986E+03
 7893   0.79816970E+02
 7894   0.76884710E+02
 7895   0.11724126E+03
 7896   0.18885929E+03
 7897   0.12026579E+03
 7898   0.62874010E+02
 7899   0.34271770E+02
 7900   0.20349390E+02
 7901   0.13443010E+02
 7902   0.87975200E+01
 7903   0.60744100E+01
 7904   0.72886300E+01
 7905   0.15024470E+02
 7906   0.25918891E+03
 7907   0.12104916E+03
 7908   0.61638460E+02
 7909   0.35864640E+02
 7910   0.21794390E+02
 7911   0.14851230E+02
 7912   0.11698236E+03
 7913   0.29841167E+04
 7914   0.12035768E+04
 7915   0.50379600E+03
 7916   0.24585070E+03
 7917   0.45144102E+03
 7918   0.31718250E+03
 7919   0.65350065E+03
 7920   0.27274201E+03
 7921   0.10771105E+03
 7922   0.65948690E+02
 7923   0.38736070E+02
 7924   0.24521610E+02
 7925   0.19831570E+02
 7926   0.17580770E+02
 7927   0.13386460E+02
 7928   0.93600800E+01
 7929   0.67840000E+01
 7930   0.54648800E+01
 7931   0.72905900E+01
 7932   0.91267100E+01
 7933   0.79408300E+01
 7934   0.60628300E+01
 7935   0.42039300E+01
 7936   0.31377800E+01
 7937   0.23952400E+01
 7938   0.18750800E+01
 7939   0.14475600E+01
 7940   0.11069000E+01
 7941   0.80783000E+00
 7942   0.64766000E+00
 7943   0.53852000E+00
 7944   0.45947000E+00
 7945   0.39011000E+00
 7946   0.32873000E+00
 7947   0.23596000E+00
 7948   0.17108000E+00
 7949   0.13147000E+00
 7950   0.10486000E+00
 7951   0.85910000E-01
 7952   0.71880000E-01
 7953   0.61180000E-01
 7954   0.52820000E-01
 7955   0.46150000E-01
 7956   0.40730000E-01
 7957   0.36260000E-01
 7958   0.32520000E-01
 7959   0.29360000E-01
 7960   0.26670000E-01
 7961   0.24340000E-01
 7962   0.22320000E-01
 7963   0.20550000E-01
 7964   0.19000000E-01
 7965   0.17620000E-01
 7966   0.16390000E-01
 7967   0.15290000E-01
 7968   0.14300000E-01
 7969   0.13410000E-01
 7970   0.12600000E-01
 7971   0.11870000E-01
 7972   0.11200000E-01
 7973   0.10580000E-01
 7974   0.10020000E-01
 7975   0.95000000E-02
 7976   0.90300000E-02
 7977   0.85800000E-02
 7978   0.81800000E-02
 7979   0.78000000E-02
 7980   0.74400000E-02
 7981   0.71100000E-02
 7982   0.68100000E-02
 7983   0.65200000E-02
 7984   0.62500000E-02
 7985   0.60000000E-02
 7986   0.57600000E-02
 7987   0.55400000E-02
 7988   0.53300000E-02
 7989   0.51300000E-02
 7990   0.49600000E-02
 7991   0.53000000E-02
 7992   0.26200000E-01
 7993   0.11146400E+01
 7994   0.46176100E+01
 7995   0.54503900E+01
 7996   0.44287300E+01
 7997   0.34937000E+01
 7998   0.27547800E+01
 7999   0.21805700E+01
 8000   0.17608800E+01
 8001   0.13451500E+01
 8002   0.95381000E+00
 8003   0.79119000E+00
 8004   0.65404000E+00
 8005   0.54962000E+00
 8006   0.46822000E+00
 8007   0.39519000E+00
 8008   0.26085100E+01
 8009   0.52276400E+01
 8010   0.13744800E+02
 8011   0.13496680E+02
 8012   0.99520600E+01
 8013   0.72908000E+01
 8014   0.64117800E+01
 8015   0.52252100E+01
 8016   0.40226100E+01
 8017   0.31705400E+01
 8018   0.25367500E+01
 8019   0.20742000E+01
 8020   0.17279000E+01
 8021   0.13333400E+01
 8022   0.10879200E+01
 8023   0.82211000E+00
 8024   0.72085000E+00
 8025   0.63791000E+00
 8026   0.56553000E+00
 8027   0.49772000E+00
 8028   0.43269000E+00
 8029   0.37312000E+00
 8030   0.31609000E+00
 8031   0.22730000E+00
 8032   0.18185000E+00
 8033   0.23176000E+00
 8034   0.23335000E+00
 8035   0.40739000E+00
 8036   0.58082000E+00
 8037   0.61056000E+00
 8038   0.61035000E+00
 8039   0.56481000E+00
 8040   0.51014000E+00
 8041   0.46026000E+00
 8042   0.45684000E+00
 8043   0.49616000E+00
 8044   0.41302000E+00
 8045   0.45390000E+00
 8046   0.46681000E+00
 8047   0.44852000E+00
 8048   0.41586000E+00
 8049   0.37550000E+00
 8050   0.33737000E+00
 8051   0.29351000E+00
 8052   0.23275000E+00
 8053   0.18514000E+00
 8054   0.14922000E+00
 8055   0.12245000E+00
 8056   0.10272000E+00
 8057   0.89280000E-01
 8058   0.80530000E-01
 8059   0.72570000E-01
 8060   0.64650000E-01
 8061   0.57440000E-01
 8062   0.51230000E-01
 8063   0.45990000E-01
 8064   0.50128000E+00
 8065   0.21419000E+00
 8066   0.32693000E+00
 8067   0.37691000E+00
 8068   0.37592000E+00
 8069   0.83082000E+00
 8070   0.12973800E+01
 8071   0.11139200E+01
 8072   0.95274000E+00
 8073   0.88355000E+00
 8074   0.71419000E+00
 8075   0.63089000E+00
 8076   0.55942000E+00
 8077   0.12674090E+02
 8078   0.25870820E+02
 8079   0.29034170E+02
 8080   0.82578540E+02
 8081   0.33040335E+03
 8082   0.49514902E+03
 8083   0.56292110E+03
 8084   0.40340085E+03
 8085   0.23953155E+03
 8086   0.21482479E+03
 8087   0.14995135E+03
 8088   0.10530394E+03
 8089   0.76138820E+02
 8090   0.74456500E+02
 8091   0.72526830E+02
 8092   0.66056680E+02
 8093   0.72968320E+02
 8094   0.92956290E+02
 8095   0.87875560E+02
 8096   0.80638360E+02
 8097   0.56024170E+02
 8098   0.38480060E+02
 8099   0.26041940E+02
 8100   0.17720440E+02
 8101   0.32558330E+02
 8102   0.68166210E+02
 8103   0.10026224E+03
 8104   0.13130975E+03
 8105   0.15094768E+03
 8106   0.14493901E+03
 8107   0.10518062E+03
 8108   0.72857520E+02
 8109   0.52409970E+02
 8110   0.63152420E+02
 8111   0.15412332E+03
 8112   0.41060873E+03
 8113   0.40545992E+03
 8114   0.39971093E+03
 8115   0.44254205E+03
 8116   0.32612869E+03
 8117   0.17212493E+03
 8118   0.88027200E+02
 8119   0.50282980E+02
 8120   0.30439990E+02
 8121   0.19618940E+02
 8122   0.12966290E+02
 8123   0.21645650E+02
 8124   0.28109360E+02
 8125   0.23184000E+02
 8126   0.17175510E+02
 8127   0.14100620E+02
 8128   0.12041920E+02
 8129   0.93127200E+01
 8130   0.69972900E+01
 8131   0.67502900E+01
 8132   0.35487160E+02
 8133   0.38814660E+02
 8134   0.31713530E+02
 8135   0.64978150E+02
 8136   0.40780460E+02
 8137   0.28059560E+02
 8138   0.26743200E+02
 8139   0.25500320E+02
 8140   0.33502750E+02
 8141   0.89646700E+02
 8142   0.10893099E+03
 8143   0.87790770E+02
 8144   0.78063890E+02
 8145   0.60420180E+02
 8146   0.39905250E+02
 8147   0.27305640E+02
 8148   0.26246670E+02
 8149   0.34414480E+02
 8150   0.20681965E+03
 8151   0.19937460E+03
 8152   0.96394820E+02
 8153   0.52929650E+02
 8154   0.37108450E+02
 8155   0.35326470E+02
 8156   0.36699940E+02
 8157   0.39551200E+02
 8158   0.33038240E+02
 8159   0.21988190E+02
 8160   0.19842360E+02
 8161   0.17406860E+02
 8162   0.14155650E+02
 8163   0.12922820E+02
 8164   0.34969980E+02
 8165   0.38077747E+03
 8166   0.21917069E+03
 8167   0.92956340E+02
 8168   0.51608820E+02
 8169   0.12293067E+03
 8170   0.13356256E+03
 8171   0.79064040E+02
 8172   0.48840100E+02
 8173   0.51626720E+02
 8174   0.70654550E+02
 8175   0.18115098E+03
 8176   0.23829908E+03
 8177   0.20700081E+03
 8178   0.16737402E+03
 8179   0.28144168E+03
 8180   0.73037477E+03
 8181   0.37844925E+03
 8182   0.21441660E+03
 8183   0.19776042E+03
 8184   0.15368054E+03
 8185   0.18648139E+03
 8186   0.16921397E+04
 8187   0.75776679E+03
 8188   0.31674984E+03
 8189   0.11805237E+03
 8190   0.57692250E+02
 8191   0.33133820E+02
 8192   0.21056830E+02
 8193   0.13650120E+02
 8194   0.87821800E+01
 8195   0.62313500E+01
 8196   0.45267500E+01
 8197   0.40699600E+01
 8198   0.20349837E+03
 8199   0.17446517E+03
 8200   0.82060040E+02
 8201   0.45036550E+02
 8202   0.27180910E+02
 8203   0.17962190E+02
 8204   0.14297640E+02
 8205   0.18440480E+02
 8206   0.25288460E+02
 8207   0.19707700E+02
 8208   0.18691140E+02
 8209   0.13447720E+02
 8210   0.85497500E+01
 8211   0.60187500E+01
 8212   0.50247900E+01
 8213   0.57706600E+01
 8214   0.63964600E+01
 8215   0.11446050E+02
 8216   0.80171760E+02
 8217   0.36162748E+03
 8218   0.71215140E+03
 8219   0.75053824E+03
 8220   0.30397093E+03
 8221   0.18642002E+03
 8222   0.11050807E+03
 8223   0.70484710E+02
 8224   0.40402670E+02
 8225   0.22780830E+02
 8226   0.15115060E+02
 8227   0.16851770E+02
 8228   0.14559719E+03
 8229   0.24551733E+04
 8230   0.25675559E+04
 8231   0.14575641E+04
 8232   0.35160869E+04
 8233   0.78487351E+03
 8234   0.19972019E+03
 8235   0.83284130E+02
 8236   0.60719920E+02
 8237   0.40246120E+03
 8238   0.16831147E+03
 8239   0.98723210E+02
 8240   0.64679560E+02
 8241   0.41558940E+02
 8242   0.34563780E+02
 8243   0.96236960E+02
 8244   0.79453030E+02
 8245   0.13245781E+03
 8246   0.20114844E+03
 8247   0.16925660E+03
 8248   0.77009380E+02
 8249   0.48674650E+02
 8250   0.48914250E+02
 8251   0.67274370E+02
 8252   0.94345020E+02
 8253   0.64150280E+02
 8254   0.40745790E+02
 8255   0.45339840E+02
 8256   0.26872817E+03
 8257   0.13886808E+03
 8258   0.74609620E+02
 8259   0.57640590E+02
 8260   0.27801870E+02
 8261   0.15654760E+02
 8262   0.94033300E+01
 8263   0.63310000E+01
 8264   0.41165600E+01
 8265   0.29588700E+01
 8266   0.21997300E+01
 8267   0.16780600E+01
 8268   0.13963500E+01
 8269   0.96393000E+00
 8270   0.24789600E+01
 8271   0.19121590E+03
 8272   0.16470998E+04
 8273   0.54006593E+03
 8274   0.16982473E+03
 8275   0.87685560E+02
 8276   0.17513858E+03
 8277   0.13492176E+03
 8278   0.68920600E+02
 8279   0.39378400E+02
 8280   0.27817050E+02
 8281   0.29059960E+02
 8282   0.26702730E+02
 8283   0.20684340E+02
 8284   0.16846870E+02
 8285   0.15738000E+02
 8286   0.16426810E+02
 8287   0.23454680E+02
 8288   0.29830970E+02
 8289   0.21263210E+02
 8290   0.14760630E+02
 8291   0.98886900E+01
 8292   0.13738140E+02
 8293   0.21417420E+02
 8294   0.11428870E+02
 8295   0.55168900E+01
 8296   0.33952300E+01
 8297   0.27384800E+01
 8298   0.25250000E+01
 8299   0.23562500E+01
 8300   0.17907500E+01
 8301   0.14743500E+01
 8302   0.12399300E+01
 8303   0.10528900E+01
 8304   0.90546000E+00
 8305   0.79090000E+00
 8306   0.67710000E+00
 8307   0.58814000E+01
 8308   0.46736700E+01
 8309   0.25497000E+01
 8310   0.13810400E+01
 8311   0.89471000E+00
 8312   0.40196000E+00
 8313   0.22781000E+00
 8314   0.14030000E+00
 8315   0.10083000E+00
 8316   0.79150000E-01
 8317   0.65280000E-01
 8318   0.55460000E-01
 8319   0.48060000E-01
 8320   0.42230000E-01
 8321   0.37520000E-01
 8322   0.33620000E-01
 8323   0.30350000E-01
 8324   0.27570000E-01
 8325   0.25170000E-01
 8326   0.23100000E-01
 8327   0.21280000E-01
 8328   0.19680000E-01
 8329   0.18270000E-01
 8330   0.17000000E-01
 8331   0.15870000E-01
 8332   0.14860000E-01
 8333   0.13940000E-01
 8334   0.13110000E-01
 8335   0.12350000E-01
 8336   0.11660000E-01
 8337   0.11020000E-01
 8338   0.10440000E-01
 8339   0.99000000E-02
 8340   0.94100000E-02
 8341   0.89500000E-02
 8342   0.85300000E-02
 8343   0.81300000E-02
 8344   0.77700000E-02
 8345   0.74300000E-02
 8346   0.71100000E-02
 8347   0.68100000E-02
 8348   0.65300000E-02
 8349   0.62600000E-02
 8350   0.60200000E-02
 8351   0.57800000E-02
 8352   0.55600000E-02
 8353   0.53600000E-02
 8354   0.51600000E-02
 8355   0.45247600E+01
 8356   0.94665700E+01
 8357   0.11759740E+02
 8358   0.94231400E+01
 8359   0.76018100E+01
 8360   0.63055600E+01
 8361   0.43024600E+01
 8362   0.36802600E+01
 8363   0.30591900E+01
 8364   0.24715700E+01
 8365   0.20010100E+01
 8366   0.16420200E+01
 8367   0.12675200E+01
 8368   0.10487000E+01
 8369   0.89149000E+00
 8370   0.77118000E+00
 8371   0.58481000E+00
 8372   0.46498000E+00
 8373   0.39681000E+00
 8374   0.33765000E+00
 8375   0.25250000E+00
 8376   0.18284000E+00
 8377   0.13962000E+00
 8378   0.11059000E+00
 8379   0.90020000E-01
 8380   0.74890000E-01
 8381   0.63440000E-01
 8382   0.54550000E-01
 8383   0.47490000E-01
 8384   0.41790000E-01
 8385   0.37110000E-01
 8386   0.33270000E-01
 8387   0.14445000E+00
 8388   0.35316000E+00
 8389   0.38440000E+00
 8390   0.37108000E+00
 8391   0.34675000E+00
 8392   0.32643000E+00
 8393   0.31520000E+00
 8394   0.34130000E+00
 8395   0.38533000E+00
 8396   0.44027000E+00
 8397   0.49364000E+00
 8398   0.53125000E+00
 8399   0.54869000E+00
 8400   0.54725000E+00
 8401   0.52765000E+00
 8402   0.46718000E+00
 8403   0.38967000E+00
 8404   0.34706000E+00
 8405   0.29295000E+00
 8406   0.21755000E+00
 8407   0.16476000E+00
 8408   0.12852000E+00
 8409   0.10297000E+00
 8410   0.84460000E-01
 8411   0.86700000E-01
 8412   0.74290000E-01
 8413   0.62150000E-01
 8414   0.52890000E-01
 8415   0.46110000E-01
 8416   0.40870000E-01
 8417   0.48250000E-01
 8418   0.43620000E-01
 8419   0.38010000E-01
 8420   0.34970000E-01
 8421   0.35630000E-01
 8422   0.37300000E-01
 8423   0.37270000E-01
 8424   0.35580000E-01
 8425   0.33230000E-01
 8426   0.30830000E-01
 8427   0.28630000E-01
 8428   0.26640000E-01
 8429   0.24840000E-01
 8430   0.23190000E-01
 8431   0.21680000E-01
 8432   0.20560000E-01
 8433   0.24985700E+01
 8434   0.71457600E+01
 8435   0.17413030E+02
 8436   0.27036110E+02
 8437   0.28298040E+02
 8438   0.26722090E+02
 8439   0.20142870E+02
 8440   0.14129980E+02
 8441   0.96370900E+01
 8442   0.77538300E+01
 8443   0.54434300E+01
 8444   0.43065200E+01
 8445   0.34473200E+01
 8446   0.27672800E+01
 8447   0.22454700E+01
 8448   0.18512800E+01
 8449   0.15169200E+01
 8450   0.12454000E+01
 8451   0.10877300E+01
 8452   0.11298320E+02
 8453   0.35620460E+02
 8454   0.41249690E+02
 8455   0.42532940E+02
 8456   0.29313370E+02
 8457   0.19337360E+02
 8458   0.12804260E+02
 8459   0.84755800E+01
 8460   0.60081400E+01
 8461   0.41177600E+01
 8462   0.30939800E+01
 8463   0.23710500E+01
 8464   0.16151500E+01
 8465   0.53519500E+01
 8466   0.49085200E+01
 8467   0.37838700E+01
 8468   0.28330100E+01
 8469   0.21967600E+01
 8470   0.17337900E+01
 8471   0.13289000E+01
 8472   0.10801000E+01
 8473   0.16563890E+02
 8474   0.62952520E+02
 8475   0.78815320E+02
 8476   0.57811240E+02
 8477   0.40744570E+02
 8478   0.47243790E+02
 8479   0.10518650E+03
 8480   0.13383397E+03
 8481   0.12515226E+03
 8482   0.87609860E+02
 8483   0.55048960E+02
 8484   0.34784580E+02
 8485   0.23703080E+02
 8486   0.17961750E+02
 8487   0.13881440E+02
 8488   0.97671700E+01
 8489   0.70308700E+01
 8490   0.49885100E+01
 8491   0.38206400E+01
 8492   0.30594200E+01
 8493   0.25258200E+01
 8494   0.17828900E+01
 8495   0.22887100E+01
 8496   0.28496100E+01
 8497   0.54523700E+01
 8498   0.56642300E+01
 8499   0.44766900E+01
 8500   0.35163200E+01
 8501   0.30643300E+01
 8502   0.28137000E+01
 8503   0.25585700E+01
 8504   0.22650900E+01
 8505   0.16612500E+01
 8506   0.13246500E+01
 8507   0.11612100E+01
 8508   0.10948900E+01
 8509   0.11800300E+01
 8510   0.34575900E+01
 8511   0.52233100E+01
 8512   0.37331000E+01
 8513   0.25443800E+01
 8514   0.27338700E+01
 8515   0.17011600E+01
 8516   0.12651300E+01
 8517   0.96168000E+00
 8518   0.79346000E+00
 8519   0.65351000E+00
 8520   0.54407000E+00
 8521   0.46723000E+00
 8522   0.79568700E+01
 8523   0.28732680E+02
 8524   0.14282196E+03
 8525   0.40776501E+03
 8526   0.74636455E+03
 8527   0.37159580E+03
 8528   0.16371311E+03
 8529   0.80702850E+02
 8530   0.49308930E+02
 8531   0.42640450E+02
 8532   0.24084220E+02
 8533   0.14404500E+02
 8534   0.90094100E+01
 8535   0.55776300E+01
 8536   0.40961300E+01
 8537   0.52196600E+01
 8538   0.35126800E+01
 8539   0.24220900E+01
 8540   0.18075800E+01
 8541   0.19462400E+01
 8542   0.14284300E+01
 8543   0.10642900E+01
 8544   0.41946070E+02
 8545   0.96981212E+03
 8546   0.96409322E+03
 8547   0.47029895E+03
 8548   0.22069930E+03
 8549   0.11380516E+03
 8550   0.14979712E+03
 8551   0.47732721E+03
 8552   0.61654195E+03
 8553   0.35096861E+03
 8554   0.49042549E+03
 8555   0.29773922E+03
 8556   0.24530860E+03
 8557   0.35465543E+03
 8558   0.38268473E+03
 8559   0.45163620E+03
 8560   0.13684085E+04
 8561   0.47111036E+03
 8562   0.16884121E+03
 8563   0.81764740E+02
 8564   0.45794510E+02
 8565   0.27867870E+02
 8566   0.19472850E+02
 8567   0.13902410E+02
 8568   0.32661739E+03
 8569   0.83085450E+02
 8570   0.56229210E+02
 8571   0.51576272E+03
 8572   0.87007477E+03
 8573   0.52627733E+03
 8574   0.55687856E+03
 8575   0.40115561E+03
 8576   0.16032394E+03
 8577   0.73043880E+02
 8578   0.41768140E+02
 8579   0.24918980E+02
 8580   0.16390820E+02
 8581   0.10636820E+02
 8582   0.69440600E+01
 8583   0.26486450E+02
 8584   0.17083918E+03
 8585   0.26978030E+03
 8586   0.16207746E+03
 8587   0.91453310E+02
 8588   0.63349120E+02
 8589   0.58924920E+02
 8590   0.31113969E+03
 8591   0.55586099E+03
 8592   0.45053966E+03
 8593   0.22639520E+03
 8594   0.12712183E+03
 8595   0.82786010E+02
 8596   0.72191400E+02
 8597   0.37032190E+02
 8598   0.28854180E+02
 8599   0.58307110E+02
 8600   0.65671000E+02
 8601   0.32096310E+02
 8602   0.16598340E+02
 8603   0.12073950E+02
 8604   0.87657900E+01
 8605   0.73314400E+01
 8606   0.58929300E+01
 8607   0.36054900E+01
 8608   0.28643100E+01
 8609   0.31382200E+01
 8610   0.22310400E+01
 8611   0.16738200E+01
 8612   0.12336000E+01
 8613   0.95628000E+00
 8614   0.78426000E+00
 8615   0.62078000E+00
 8616   0.20430300E+01
 8617   0.16078400E+01
 8618   0.11744900E+01
 8619   0.77857000E+00
 8620   0.56204000E+00
 8621   0.24911500E+01
 8622   0.16989200E+01
 8623   0.11297700E+01
 8624   0.58887000E+00
 8625   0.21102000E+00
 8626   0.11617000E+00
 8627   0.77250000E-01
 8628   0.36611000E+00
 8629   0.18384000E+00
 8630   0.11026000E+00
 8631   0.74360000E-01
 8632   0.54520000E-01
 8633   0.42770000E-01
 8634   0.34015500E+01
 8635   0.54587700E+01
 8636   0.23738770E+02
 8637   0.31195100E+02
 8638   0.21957920E+02
 8639   0.15070940E+02
 8640   0.99898600E+01
 8641   0.72011100E+01
 8642   0.45912400E+01
 8643   0.32049700E+01
 8644   0.23521700E+01
 8645   0.17983000E+01
 8646   0.13691700E+01
 8647   0.10486600E+01
 8648   0.76070000E+00
 8649   0.59523000E+00
 8650   0.50047000E+00
 8651   0.42678000E+00
 8652   0.36253000E+00
 8653   0.29244000E+00
 8654   0.21004000E+00
 8655   0.15879000E+00
 8656   0.12712000E+00
 8657   0.49068380E+02
 8658   0.64937850E+02
 8659   0.11335254E+03
 8660   0.92456340E+02
 8661   0.57392320E+02
 8662   0.35830500E+02
 8663   0.23888070E+02
 8664   0.16451280E+02
 8665   0.11230400E+02
 8666   0.75629500E+01
 8667   0.57103700E+01
 8668   0.43043800E+01
 8669   0.25148000E+01
 8670   0.19527300E+01
 8671   0.15352800E+01
 8672   0.11622400E+01
 8673   0.95062000E+00
 8674   0.81053000E+00
 8675   0.68556000E+00
 8676   0.55785000E+00
 8677   0.45973000E+00
 8678   0.38048000E+00
 8679   0.29378000E+00
 8680   0.20267000E+00
 8681   0.15049000E+00
 8682   0.11752000E+00
 8683   0.94830000E-01
 8684   0.78420000E-01
 8685   0.66120000E-01
 8686   0.56650000E-01
 8687   0.49190000E-01
 8688   0.43190000E-01
 8689   0.38280000E-01
 8690   0.34210000E-01
 8691   0.30800000E-01
 8692   0.27900000E-01
 8693   0.25410000E-01
 8694   0.23260000E-01
 8695   0.21380000E-01
 8696   0.19740000E-01
 8697   0.18280000E-01
 8698   0.16990000E-01
 8699   0.15840000E-01
 8700   0.14800000E-01
 8701   0.13870000E-01
 8702   0.13030000E-01
 8703   0.23220000E-01
 8704   0.23700000E-01
 8705   0.20180000E-01
 8706   0.17580000E-01
 8707   0.15590000E-01
 8708   0.14130000E-01
 8709   0.16577000E+00
 8710   0.37266000E+00
 8711   0.52573000E+00
 8712   0.67236000E+00
 8713   0.72668000E+00
 8714   0.73868000E+00
 8715   0.74236000E+00
 8716   0.99601000E+00
 8717   0.12378900E+01
 8718   0.99236000E+00
 8719   0.79493000E+00
 8720   0.52673000E+00
 8721   0.39134000E+00
 8722   0.30978000E+00
 8723   0.21235000E+00
 8724   0.15679000E+00
 8725   0.12168000E+00
 8726   0.98220000E-01
 8727   0.86040000E-01
 8728   0.17439000E+00
 8729   0.29502000E+00
 8730   0.27228000E+00
 8731   0.25928000E+00
 8732   0.30469000E+00
 8733   0.34680000E+00
 8734   0.53370000E+00
 8735   0.33444100E+01
 8736   0.11268750E+02
 8737   0.31148530E+02
 8738   0.26571300E+02
 8739   0.23133630E+02
 8740   0.20625850E+02
 8741   0.19639170E+02
 8742   0.19512600E+02
 8743   0.16640760E+02
 8744   0.13136830E+02
 8745   0.84812200E+01
 8746   0.61185200E+01
 8747   0.43771700E+01
 8748   0.34694400E+01
 8749   0.27556300E+01
 8750   0.22129800E+01
 8751   0.15839600E+01
 8752   0.11996600E+01
 8753   0.99103000E+00
 8754   0.85562000E+00
 8755   0.75409000E+00
 8756   0.64142000E+00
 8757   0.53871000E+00
 8758   0.45591000E+00
 8759   0.38400000E+00
 8760   0.31447000E+00
 8761   0.21318000E+00
 8762   0.15334000E+00
 8763   0.11818000E+00
 8764   0.94860000E-01
 8765   0.78260000E-01
 8766   0.65910000E-01
 8767   0.56440000E-01
 8768   0.48980000E-01
 8769   0.44880000E-01
 8770   0.42863000E+00
 8771   0.39375000E+00
 8772   0.38607000E+00
 8773   0.37906000E+00
 8774   0.89998000E+00
 8775   0.81646000E+00
 8776   0.63943000E+00
 8777   0.64411000E+00
 8778   0.64342000E+00
 8779   0.61378000E+00
 8780   0.56013000E+00
 8781   0.48952000E+00
 8782   0.41860000E+00
 8783   0.39700000E+00
 8784   0.38319000E+00
 8785   0.36593000E+00
 8786   0.69804500E+01
 8787   0.70198900E+01
 8788   0.55397500E+01
 8789   0.37523300E+01
 8790   0.31820300E+01
 8791   0.24426400E+01
 8792   0.16542300E+01
 8793   0.19659600E+01
 8794   0.69376950E+02
 8795   0.93570260E+02
 8796   0.71162630E+02
 8797   0.44175480E+02
 8798   0.31737840E+02
 8799   0.37738548E+03
 8800   0.30026546E+03
 8801   0.12185507E+03
 8802   0.10032572E+03
 8803   0.96248500E+02
 8804   0.59629790E+02
 8805   0.42688030E+02
 8806   0.28779480E+02
 8807   0.19407820E+02
 8808   0.13075310E+02
 8809   0.88231900E+01
 8810   0.62765600E+01
 8811   0.42928700E+01
 8812   0.25943300E+01
 8813   0.21074700E+01
 8814   0.17370000E+01
 8815   0.13737200E+01
 8816   0.11208900E+01
 8817   0.11111400E+01
 8818   0.33191420E+02
 8819   0.35746321E+03
 8820   0.41507322E+03
 8821   0.19699922E+03
 8822   0.12315361E+03
 8823   0.83931580E+02
 8824   0.10543585E+03
 8825   0.94585470E+02
 8826   0.66460370E+02
 8827   0.43393410E+02
 8828   0.27754430E+02
 8829   0.18543980E+02
 8830   0.12459350E+02
 8831   0.82656800E+01
 8832   0.57825800E+01
 8833   0.32524600E+01
 8834   0.26231000E+01
 8835   0.21890800E+01
 8836   0.12351487E+03
 8837   0.31461153E+03
 8838   0.19910741E+03
 8839   0.10656191E+03
 8840   0.61553180E+02
 8841   0.37921110E+02
 8842   0.24400890E+02
 8843   0.15356870E+02
 8844   0.18601900E+02
 8845   0.63224440E+02
 8846   0.13614991E+03
 8847   0.18013509E+03
 8848   0.16951694E+03
 8849   0.10876041E+03
 8850   0.75742000E+02
 8851   0.58954680E+02
 8852   0.46568380E+02
 8853   0.29801350E+02
 8854   0.19659250E+02
 8855   0.13446670E+02
 8856   0.90191600E+01
 8857   0.12610290E+02
 8858   0.36531474E+03
 8859   0.59258807E+03
 8860   0.49557004E+03
 8861   0.25919620E+03
 8862   0.29948341E+03
 8863   0.21095679E+03
 8864   0.11298710E+03
 8865   0.93716880E+02
 8866   0.88709540E+02
 8867   0.76835590E+02
 8868   0.51483300E+02
 8869   0.33697700E+02
 8870   0.22601530E+02
 8871   0.24234430E+02
 8872   0.35546750E+02
 8873   0.30694410E+02
 8874   0.28331000E+02
 8875   0.21378700E+02
 8876   0.16001290E+02
 8877   0.14747960E+02
 8878   0.28297670E+02
 8879   0.35571140E+02
 8880   0.36449230E+02
 8881   0.83003460E+02
 8882   0.59628453E+03
 8883   0.91578310E+03
 8884   0.46059614E+03
 8885   0.15759071E+03
 8886   0.70848060E+02
 8887   0.38832800E+02
 8888   0.23736640E+02
 8889   0.15364240E+02
 8890   0.10238400E+02
 8891   0.34401030E+02
 8892   0.58161830E+02
 8893   0.55756070E+02
 8894   0.40964990E+02
 8895   0.25407431E+03
 8896   0.73906587E+03
 8897   0.53183085E+03
 8898   0.52821794E+03
 8899   0.62813695E+03
 8900   0.28366510E+03
 8901   0.11692009E+03
 8902   0.60734650E+02
 8903   0.59999430E+02
 8904   0.91433890E+02
 8905   0.13298969E+03
 8906   0.14225753E+03
 8907   0.89893030E+02
 8908   0.54638540E+02
 8909   0.45379450E+02
 8910   0.42620750E+02
 8911   0.27209430E+02
 8912   0.18030550E+02
 8913   0.12363940E+02
 8914   0.35163030E+02
 8915   0.16847416E+03
 8916   0.22164625E+03
 8917   0.18103952E+03
 8918   0.22909453E+03
 8919   0.15444563E+03
 8920   0.44744035E+03
 8921   0.53146324E+03
 8922   0.22953414E+03
 8923   0.92926230E+02
 8924   0.48128010E+02
 8925   0.30278740E+02
 8926   0.42504472E+03
 8927   0.72528403E+03
 8928   0.77709267E+03
 8929   0.44035186E+03
 8930   0.17161870E+03
 8931   0.78491350E+02
 8932   0.48140880E+02
 8933   0.18197017E+03
 8934   0.22249386E+03
 8935   0.26949208E+03
 8936   0.79645088E+03
 8937   0.93632203E+03
 8938   0.10633380E+04
 8939   0.59336630E+03
 8940   0.52208525E+03
 8941   0.86493347E+03
 8942   0.36782159E+03
 8943   0.34965984E+03
 8944   0.39405226E+03
 8945   0.38967191E+03
 8946   0.68767873E+03
 8947   0.34248952E+03
 8948   0.13176993E+03
 8949   0.64235980E+02
 8950   0.36503150E+02
 8951   0.31626360E+02
 8952   0.10403195E+03
 8953   0.21310877E+03
 8954   0.37445247E+03
 8955   0.45756551E+03
 8956   0.59890585E+03
 8957   0.64103768E+03
 8958   0.43657899E+03
 8959   0.26555269E+03
 8960   0.24732489E+03
 8961   0.23123369E+03
 8962   0.17842885E+03
 8963   0.13465738E+03
 8964   0.84606530E+02
 8965   0.62713370E+02
 8966   0.40565130E+02
 8967   0.32597210E+02
 8968   0.45569650E+02
 8969   0.40140700E+02
 8970   0.33698510E+02
 8971   0.47651740E+02
 8972   0.68996730E+02
 8973   0.69576540E+02
 8974   0.61781360E+02
 8975   0.28624890E+02
 8976   0.16184390E+02
 8977   0.11786700E+02
 8978   0.11303230E+02
 8979   0.36517190E+02
 8980   0.10060729E+03
 8981   0.26598928E+03
 8982   0.26288178E+03
 8983   0.21141358E+03
 8984   0.21387486E+03
 8985   0.18508507E+03
 8986   0.10651230E+03
 8987   0.58981900E+02
 8988   0.35348750E+02
 8989   0.22791360E+02
 8990   0.15312130E+02
 8991   0.10182890E+02
 8992   0.67688300E+01
 8993   0.43450700E+01
 8994   0.31016400E+01
 8995   0.22840900E+01
 8996   0.17502300E+01
 8997   0.11773400E+01
 8998   0.91504000E+00
 8999   0.76184000E+00
 9000   0.62300000E+00
 9001   0.52274000E+00
 9002   0.44670000E+00
 9003   0.37749000E+00
 9004   0.30965000E+00
 9005   0.21745000E+00
 9006   0.16106000E+00
 9007   0.12509000E+00
 9008   0.10064000E+00
 9009   0.98650000E-01
 9010   0.89850000E-01
 9011   0.10178000E+00
 9012   0.14247000E+00
 9013   0.18539000E+00
 9014   0.48882000E+00
 9015   0.31791000E+00
 9016   0.13425600E+01
 9017   0.12977200E+01
 9018   0.14382500E+01
 9019   0.62857600E+01
 9020   0.11779880E+02
 9021   0.89823300E+01
 9022   0.58197200E+01
 9023   0.38255700E+01
 9024   0.28164700E+01
 9025   0.21503900E+01
 9026   0.16826900E+01
 9027   0.11421400E+01
 9028   0.90584000E+00
 9029   0.75997000E+00
 9030   0.62502000E+00
 9031   0.52214000E+00
 9032   0.44170000E+00
 9033   0.37024000E+00
 9034   0.29343000E+00
 9035   0.20402000E+00
 9036   0.15144000E+00
 9037   0.11825000E+00
 9038   0.95420000E-01
 9039   0.78910000E-01
 9040   0.66610000E-01
 9041   0.64830950E+02
 9042   0.25658743E+03
 9043   0.11224543E+03
 9044   0.56808730E+02
 9045   0.32993690E+02
 9046   0.20849230E+02
 9047   0.13507970E+02
 9048   0.79817400E+01
 9049   0.55988300E+01
 9050   0.39234100E+01
 9051   0.30037100E+01
 9052   0.26784900E+01
 9053   0.11532600E+02
 9054   0.17326050E+02
 9055   0.13080200E+02
 9056   0.88401500E+01
 9057   0.61508600E+01
 9058   0.34452900E+01
 9059   0.26939700E+01
 9060   0.21035200E+01
 9061   0.16814400E+01
 9062   0.12846500E+01
 9063   0.11431700E+01
 9064   0.16679000E+01
 9065   0.59925890E+02
 9066   0.54065130E+02
 9067   0.32823560E+02
 9068   0.20627210E+02
 9069   0.13679260E+02
 9070   0.93824700E+01
 9071   0.10237070E+02
 9072   0.12435780E+02
 9073   0.10596290E+02
 9074   0.77489300E+01
 9075   0.55563300E+01
 9076   0.38427700E+01
 9077   0.28247700E+01
 9078   0.21402300E+01
 9079   0.14774800E+01
 9080   0.10947300E+01
 9081   0.89632000E+00
 9082   0.76599000E+00
 9083   0.64419000E+00
 9084   0.54383000E+00
 9085   0.46365000E+00
 9086   0.39371000E+00
 9087   0.33294000E+00
 9088   0.23939000E+00
 9089   0.17186000E+00
 9090   0.13189000E+00
 9091   0.31560100E+01
 9092   0.43290700E+01
 9093   0.88548800E+01
 9094   0.16907410E+02
 9095   0.16002900E+02
 9096   0.13570450E+02
 9097   0.12047670E+02
 9098   0.95242700E+01
 9099   0.65130000E+01
 9100   0.46369500E+01
 9101   0.35065300E+01
 9102   0.27262000E+01
 9103   0.21633800E+01
 9104   0.17445700E+01
 9105   0.13680100E+01
 9106   0.11100000E+01
 9107   0.95232000E+00
 9108   0.85590000E+00
 9109   0.72036000E+00
 9110   0.71576000E+00
 9111   0.71589000E+00
 9112   0.71026000E+00
 9113   0.68025000E+00
 9114   0.64167000E+00
 9115   0.59044000E+00
 9116   0.52087000E+00
 9117   0.46037000E+00
 9118   0.39751000E+00
 9119   0.33968000E+00
 9120   0.24891000E+00
 9121   0.17492000E+00
 9122   0.13229000E+00
 9123   0.10468000E+00
 9124   0.85350000E-01
 9125   0.71190000E-01
 9126   0.60450000E-01
 9127   0.52090000E-01
 9128   0.45440000E-01
 9129   0.40060000E-01
 9130   0.35630000E-01
 9131   0.31930000E-01
 9132   0.28810000E-01
 9133   0.26160000E-01
 9134   0.24240000E-01
 9135   0.26440000E-01
 9136   0.35740000E-01
 9137   0.43350000E-01
 9138   0.44750000E-01
 9139   0.43220000E-01
 9140   0.43680000E-01
 9141   0.62020000E-01
 9142   0.11464000E+00
 9143   0.15073000E+00
 9144   0.15224000E+00
 9145   0.13848000E+00
 9146   0.12138000E+00
 9147   0.10526000E+00
 9148   0.47956000E+00
 9149   0.12722600E+01
 9150   0.89538000E+00
 9151   0.90175000E+00
 9152   0.97524000E+00
 9153   0.95396000E+00
 9154   0.88773000E+00
 9155   0.80960000E+00
 9156   0.74395000E+00
 9157   0.65987000E+00
 9158   0.59383000E+00
 9159   0.51199000E+00
 9160   0.46117000E+00
 9161   0.39159000E+00
 9162   0.32724000E+00
 9163   0.85472600E+01
 9164   0.79786000E+01
 9165   0.47640200E+01
 9166   0.29516200E+01
 9167   0.20135800E+01
 9168   0.15057100E+01
 9169   0.11019700E+01
 9170   0.88048000E+00
 9171   0.62675000E+00
 9172   0.50028000E+00
 9173   0.45240000E+00
 9174   0.14189800E+01
 9175   0.15358400E+01
 9176   0.26746500E+01
 9177   0.87164800E+01
 9178   0.15525480E+02
 9179   0.18876490E+02
 9180   0.25356570E+02
 9181   0.23571700E+02
 9182   0.28752820E+02
 9183   0.30854130E+02
 9184   0.43460080E+02
 9185   0.41518440E+02
 9186   0.28790020E+02
 9187   0.21923040E+02
 9188   0.18740400E+02
 9189   0.16194200E+02
 9190   0.26302220E+02
 9191   0.27864040E+02
 9192   0.25816370E+02
 9193   0.25279290E+02
 9194   0.18851960E+02
 9195   0.17741670E+02
 9196   0.15790510E+02
 9197   0.12611247E+03
 9198   0.17381993E+03
 9199   0.12477654E+03
 9200   0.87312360E+02
 9201   0.67870040E+02
 9202   0.44921470E+02
 9203   0.32674730E+02
 9204   0.26059730E+02
 9205   0.18920430E+02
 9206   0.13775720E+02
 9207   0.19963420E+02
 9208   0.24391860E+02
 9209   0.57333830E+02
 9210   0.27119368E+03
 9211   0.35923609E+03
 9212   0.21846058E+03
 9213   0.14412563E+03
 9214   0.79244710E+02
 9215   0.44853970E+02
 9216   0.28672820E+02
 9217   0.77210280E+02
 9218   0.83041062E+03
 9219   0.49731456E+03
 9220   0.20183527E+03
 9221   0.12940561E+03
 9222   0.16185822E+03
 9223   0.24644222E+03
 9224   0.18417360E+03
 9225   0.97643450E+02
 9226   0.55835590E+02
 9227   0.34329430E+02
 9228   0.21985380E+02
 9229   0.40257960E+02
 9230   0.16073648E+03
 9231   0.12519335E+03
 9232   0.13874876E+03
 9233   0.33769587E+03
 9234   0.40533187E+03
 9235   0.43729415E+03
 9236   0.32946887E+03
 9237   0.14681974E+03
 9238   0.70976870E+02
 9239   0.40180490E+02
 9240   0.24857230E+02
 9241   0.16529930E+02
 9242   0.11211320E+02
 9243   0.71458100E+01
 9244   0.47927200E+01
 9245   0.35225200E+01
 9246   0.26612700E+01
 9247   0.20571100E+01
 9248   0.16359400E+01
 9249   0.13915700E+01
 9250   0.18731700E+01
 9251   0.20909500E+01
 9252   0.22989500E+01
 9253   0.66970600E+01
 9254   0.21039410E+02
 9255   0.33676480E+02
 9256   0.27744010E+02
 9257   0.20591550E+02
 9258   0.15528870E+02
 9259   0.11310640E+02
 9260   0.79156400E+01
 9261   0.14867510E+02
 9262   0.12571589E+03
 9263   0.16263415E+03
 9264   0.13345911E+03
 9265   0.13491131E+03
 9266   0.21462042E+03
 9267   0.19136440E+03
 9268   0.11742515E+03
 9269   0.11087199E+03
 9270   0.85521670E+02
 9271   0.54619210E+02
 9272   0.46993680E+02
 9273   0.53887330E+02
 9274   0.14180065E+03
 9275   0.46869304E+03
 9276   0.39419526E+03
 9277   0.18281733E+03
 9278   0.84765530E+02
 9279   0.47280850E+02
 9280   0.28607260E+02
 9281   0.18533060E+02
 9282   0.12088340E+02
 9283   0.78441900E+01
 9284   0.44751600E+01
 9285   0.34431300E+01
 9286   0.26528600E+01
 9287   0.24338400E+01
 9288   0.20209900E+01
 9289   0.18364700E+01
 9290   0.13474700E+01
 9291   0.93374860E+02
 9292   0.13125053E+03
 9293   0.15493952E+03
 9294   0.23497921E+03
 9295   0.14962090E+03
 9296   0.84690790E+02
 9297   0.95590210E+02
 9298   0.21590797E+03
 9299   0.18358365E+03
 9300   0.13637101E+03
 9301   0.10968664E+03
 9302   0.28151088E+03
 9303   0.31113777E+03
 9304   0.34257650E+03
 9305   0.54335663E+03
 9306   0.71894307E+03
 9307   0.44668771E+03
 9308   0.17188835E+03
 9309   0.78505690E+02
 9310   0.44360760E+02
 9311   0.27166930E+02
 9312   0.17659430E+02
 9313   0.11545810E+02
 9314   0.69075400E+01
 9315   0.47535000E+01
 9316   0.34991000E+01
 9317   0.27733700E+01
 9318   0.31445800E+01
 9319   0.43804400E+01
 9320   0.28051200E+01
 9321   0.17867700E+01
 9322   0.13081800E+01
 9323   0.91600000E+00
 9324   0.66460000E+00
 9325   0.43032000E+00
 9326   0.11127500E+01
 9327   0.83524000E+00
 9328   0.11221710E+02
 9329   0.41106850E+02
 9330   0.27185360E+02
 9331   0.18710980E+02
 9332   0.13125720E+02
 9333   0.92300300E+01
 9334   0.65079200E+01
 9335   0.37300500E+01
 9336   0.29007000E+01
 9337   0.22267200E+01
 9338   0.14155640E+02
 9339   0.54367379E+03
 9340   0.10078613E+04
 9341   0.45332774E+03
 9342   0.38330607E+03
 9343   0.43122767E+03
 9344   0.68662188E+03
 9345   0.35481856E+03
 9346   0.11591834E+03
 9347   0.48781280E+02
 9348   0.29485730E+02
 9349   0.17859970E+02
 9350   0.11371410E+02
 9351   0.74654400E+01
 9352   0.51783800E+01
 9353   0.89205220E+02
 9354   0.12309679E+03
 9355   0.12239383E+03
 9356   0.65729544E+03
 9357   0.10363281E+04
 9358   0.36113525E+03
 9359   0.15870026E+03
 9360   0.12279724E+03
 9361   0.96743120E+02
 9362   0.67016340E+02
 9363   0.44889800E+02
 9364   0.28855060E+02
 9365   0.19204810E+02
 9366   0.12061760E+02
 9367   0.80739200E+01
 9368   0.30637660E+02
 9369   0.25627451E+03
 9370   0.35470755E+03
 9371   0.17123056E+03
 9372   0.76326570E+02
 9373   0.42253200E+02
 9374   0.26130790E+02
 9375   0.17384300E+02
 9376   0.10750800E+02
 9377   0.73161400E+01
 9378   0.50793500E+01
 9379   0.36121700E+01
 9380   0.27125100E+01
 9381   0.20638200E+01
 9382   0.16273300E+01
 9383   0.12203900E+01
 9384   0.96932000E+00
 9385   0.80364000E+00
 9386   0.59713000E+00
 9387   0.13869740E+02
 9388   0.45521600E+02
 9389   0.72041740E+02
 9390   0.50471720E+02
 9391   0.30898500E+02
 9392   0.20148130E+02
 9393   0.13856410E+02
 9394   0.14543640E+02
 9395   0.86913700E+01
 9396   0.44645100E+01
 9397   0.33175200E+01
 9398   0.25916600E+01
 9399   0.21266800E+01
 9400   0.18308200E+01
 9401   0.15253900E+01
 9402   0.12793400E+01
 9403   0.11030700E+01
 9404   0.96070000E+00
 9405   0.84243000E+00
 9406   0.74117000E+00
 9407   0.58173000E+00
 9408   0.57998000E+00
 9409   0.43786000E+00
 9410   0.36684000E+00
 9411   0.29788000E+00
 9412   0.22304000E+00
 9413   0.19675000E+00
 9414   0.20155000E+00
 9415   0.21256000E+00
 9416   0.22553000E+00
 9417   0.29368000E+00
 9418   0.29386000E+00
 9419   0.46523000E+00
 9420   0.40976300E+01
 9421   0.80115700E+01
 9422   0.72587900E+01
 9423   0.54234600E+01
 9424   0.37497300E+01
 9425   0.27463500E+01
 9426   0.20521200E+01
 9427   0.14209500E+01
 9428   0.10552200E+01
 9429   0.85172000E+00
 9430   0.73352000E+00
 9431   0.60092000E+00
 9432   0.49655000E+00
 9433   0.41525000E+00
 9434   0.34582000E+00
 9435   0.25174000E+00
 9436   0.17657000E+00
 9437   0.13360000E+00
 9438   0.10583000E+00
 9439   0.86400000E-01
 9440   0.72930000E-01
 9441   0.61730000E-01
 9442   0.53190000E-01
 9443   0.46410000E-01
 9444   0.40900000E-01
 9445   0.36350000E-01
 9446   0.32560000E-01
 9447   0.29410000E-01
 9448   0.28060000E-01
 9449   0.50340000E-01
 9450   0.14402000E+00
 9451   0.20021000E+00
 9452   0.21589000E+00
 9453   0.22108000E+00
 9454   0.22658000E+00
 9455   0.23361000E+00
 9456   0.23838000E+00
 9457   0.23790000E+00
 9458   0.29206000E+00
 9459   0.31389000E+00
 9460   0.30938000E+00
 9461   0.28752000E+00
 9462   0.26163000E+00
 9463   0.23365000E+00
 9464   0.20355000E+00
 9465   0.17473000E+00
 9466   0.14933000E+00
 9467   0.12782000E+00
 9468   0.10993000E+00
 9469   0.95130000E-01
 9470   0.82890000E-01
 9471   0.72720000E-01
 9472   0.64220000E-01
 9473   0.57070000E-01
 9474   0.51020000E-01
 9475   0.45850000E-01
 9476   0.27323000E+00
 9477   0.41403200E+01
 9478   0.37836910E+02
 9479   0.42099950E+02
 9480   0.36896020E+02
 9481   0.26505010E+02
 9482   0.17962240E+02
 9483   0.11999560E+02
 9484   0.80083700E+01
 9485   0.56742000E+01
 9486   0.39404600E+01
 9487   0.29518700E+01
 9488   0.23322400E+01
 9489   0.16560500E+01
 9490   0.12759900E+01
 9491   0.10509500E+01
 9492   0.89707000E+00
 9493   0.79061000E+00
 9494   0.68876000E+00
 9495   0.58616000E+00
 9496   0.49241000E+00
 9497   0.42166000E+00
 9498   0.36389000E+00
 9499   0.29496000E+00
 9500   0.21365000E+00
 9501   0.16233000E+00
 9502   0.12801000E+00
 9503   0.10379000E+00
 9504   0.86080000E-01
 9505   0.10959000E+00
 9506   0.26789000E+00
 9507   0.19924000E+00
 9508   0.17327000E+00
 9509   0.29439000E+00
 9510   0.54845000E+00
 9511   0.70739000E+00
 9512   0.89481000E+00
 9513   0.14561200E+01
 9514   0.91442100E+01
 9515   0.15524410E+02
 9516   0.17022790E+02
 9517   0.16544980E+02
 9518   0.27673410E+02
 9519   0.26378410E+02
 9520   0.56587860E+02
 9521   0.51345780E+02
 9522   0.35679140E+02
 9523   0.25583520E+02
 9524   0.18219380E+02
 9525   0.12627160E+02
 9526   0.86365800E+01
 9527   0.62296900E+01
 9528   0.43159100E+01
 9529   0.32557700E+01
 9530   0.20809400E+01
 9531   0.17403600E+01
 9532   0.13566500E+01
 9533   0.11074700E+01
 9534   0.94232000E+00
 9535   0.83020000E+00
 9536   0.75359000E+00
 9537   0.65666000E+00
 9538   0.59593000E+00
 9539   0.49085000E+00
 9540   0.38697000E+00
 9541   0.28012000E+00
 9542   0.20702000E+00
 9543   0.15988000E+00
 9544   0.12745000E+00
 9545   0.10434000E+00
 9546   0.92550000E-01
 9547   0.14795000E+00
 9548   0.12634590E+02
 9549   0.27632390E+02
 9550   0.26537760E+02
 9551   0.33453920E+02
 9552   0.66187530E+02
 9553   0.68698290E+02
 9554   0.55627670E+02
 9555   0.38395180E+02
 9556   0.25764120E+02
 9557   0.17666710E+02
 9558   0.12135030E+02
 9559   0.82398500E+01
 9560   0.49537900E+01
 9561   0.36972000E+01
 9562   0.29035200E+01
 9563   0.22967500E+01
 9564   0.18942800E+01
 9565   0.15682700E+01
 9566   0.99284600E+01
 9567   0.12497650E+02
 9568   0.16499124E+03
 9569   0.20052533E+03
 9570   0.13423806E+03
 9571   0.95797290E+02
 9572   0.57809310E+02
 9573   0.35587340E+02
 9574   0.23582100E+02
 9575   0.16120290E+02
 9576   0.11168870E+02
 9577   0.79915200E+01
 9578   0.19361780E+02
 9579   0.89059790E+02
 9580   0.75939170E+02
 9581   0.55660740E+02
 9582   0.38058500E+02
 9583   0.38236530E+02
 9584   0.46653520E+02
 9585   0.50128570E+02
 9586   0.45171570E+02
 9587   0.31102940E+02
 9588   0.20644350E+02
 9589   0.14272880E+02
 9590   0.34407820E+02
 9591   0.10863587E+03
 9592   0.12867303E+03
 9593   0.95762080E+02
 9594   0.12574520E+03
 9595   0.90308200E+02
 9596   0.63067250E+02
 9597   0.39971200E+02
 9598   0.34740470E+02
 9599   0.51389580E+02
 9600   0.48872900E+02
 9601   0.30827840E+02
 9602   0.29935270E+02
 9603   0.23127660E+02
 9604   0.17583700E+02
 9605   0.13117970E+02
 9606   0.12291230E+02
 9607   0.12282540E+02
 9608   0.77532500E+01
 9609   0.45698500E+01
 9610   0.68962500E+01
 9611   0.21084370E+02
 9612   0.39551590E+02
 9613   0.51479150E+02
 9614   0.34369160E+02
 9615   0.37155600E+02
 9616   0.88906130E+02
 9617   0.24451005E+03
 9618   0.46899013E+03
 9619   0.22830822E+03
 9620   0.10277818E+03
 9621   0.65312420E+02
 9622   0.31137820E+02
 9623   0.19217250E+02
 9624   0.15172370E+02
 9625   0.17302290E+02
 9626   0.31356180E+02
 9627   0.20198418E+03
 9628   0.22752651E+03
 9629   0.11621145E+03
 9630   0.67384250E+02
 9631   0.72587340E+02
 9632   0.41420670E+02
 9633   0.53330700E+02
 9634   0.28334091E+03
 9635   0.17512123E+03
 9636   0.95532750E+02
 9637   0.52425780E+02
 9638   0.53132510E+02
 9639   0.40423620E+02
 9640   0.25126940E+02
 9641   0.15914150E+02
 9642   0.11098780E+02
 9643   0.82304200E+01
 9644   0.67779700E+01
 9645   0.10907850E+02
 9646   0.42211950E+02
 9647   0.10154857E+03
 9648   0.75845760E+02
 9649   0.47602090E+02
 9650   0.55176500E+02
 9651   0.50565790E+02
 9652   0.35644260E+02
 9653   0.35178720E+02
 9654   0.61095714E+03
 9655   0.11996386E+04
 9656   0.38938241E+03
 9657   0.16663887E+03
 9658   0.97454270E+02
 9659   0.65832400E+02
 9660   0.44220560E+02
 9661   0.40263730E+02
 9662   0.56835100E+02
 9663   0.17892175E+03
 9664   0.18476765E+03
 9665   0.12617071E+03
 9666   0.62783020E+02
 9667   0.36568050E+02
 9668   0.78760950E+02
 9669   0.42726350E+02
 9670   0.16147069E+04
 9671   0.31969075E+04
 9672   0.22452382E+04
 9673   0.92926858E+03
 9674   0.17096153E+04
 9675   0.23279802E+04
 9676   0.80946783E+03
 9677   0.19983108E+03
 9678   0.32376819E+03
 9679   0.11059554E+04
 9680   0.32722629E+04
 9681   0.88266274E+03
 9682   0.25786629E+03
 9683   0.18866454E+03
 9684   0.20852256E+03
 9685   0.15950143E+03
 9686   0.75882620E+02
 9687   0.49765640E+02
 9688   0.88814610E+02
 9689   0.17321044E+03
 9690   0.10970556E+03
 9691   0.59706680E+02
 9692   0.34681570E+02
 9693   0.21789900E+02
 9694   0.14752320E+02
 9695   0.14020510E+02
 9696   0.24994690E+02
 9697   0.11707439E+03
 9698   0.79102840E+02
 9699   0.44267600E+02
 9700   0.30340240E+02
 9701   0.22132220E+02
 9702   0.97782660E+02
 9703   0.14323625E+04
 9704   0.88418509E+03
 9705   0.10923858E+04
 9706   0.51889709E+03
 9707   0.36460229E+03
 9708   0.17967139E+04
 9709   0.68241944E+03
 9710   0.18319929E+03
 9711   0.77536790E+02
 9712   0.42200450E+02
 9713   0.26168540E+02
 9714   0.15540180E+02
 9715   0.10024030E+02
 9716   0.71279300E+01
 9717   0.46209300E+01
 9718   0.32758100E+01
 9719   0.24128600E+01
 9720   0.18427600E+01
 9721   0.14576200E+01
 9722   0.11722300E+01
 9723   0.27821520E+02
 9724   0.16186477E+03
 9725   0.10716530E+03
 9726   0.66678540E+02
 9727   0.48428480E+02
 9728   0.30987960E+02
 9729   0.21796530E+02
 9730   0.18087360E+02
 9731   0.14106330E+02
 9732   0.99671100E+01
 9733   0.71425600E+01
 9734   0.11622050E+02
 9735   0.48264800E+02
 9736   0.40235740E+02
 9737   0.18910526E+03
 9738   0.51013690E+02
 9739   0.21410190E+02
 9740   0.11835530E+02
 9741   0.74308400E+01
 9742   0.56625800E+01
 9743   0.44241300E+01
 9744   0.39029800E+01
 9745   0.97476400E+01
 9746   0.23652015E+03
 9747   0.10514287E+03
 9748   0.89374670E+02
 9749   0.13937079E+03
 9750   0.83722860E+02
 9751   0.53598560E+02
 9752   0.31531310E+02
 9753   0.19845200E+02
 9754   0.12823290E+02
 9755   0.76110100E+01
 9756   0.51817500E+01
 9757   0.57439700E+01
 9758   0.55207020E+02
 9759   0.25409047E+03
 9760   0.16673963E+03
 9761   0.82651960E+02
 9762   0.45867580E+02
 9763   0.27671680E+02
 9764   0.17735640E+02
 9765   0.10646420E+02
 9766   0.71276500E+01
 9767   0.47530100E+01
 9768   0.33639800E+01
 9769   0.24598200E+01
 9770   0.19110000E+01
 9771   0.15042500E+01
 9772   0.11453100E+01
 9773   0.93040000E+00
 9774   0.78376000E+00
 9775   0.71319000E+00
 9776   0.12704000E+01
 9777   0.35761800E+01
 9778   0.39202200E+01
 9779   0.32771800E+01
 9780   0.26078500E+01
 9781   0.20856400E+01
 9782   0.16700200E+01
 9783   0.12631600E+01
 9784   0.10080300E+01
 9785   0.83562000E+00
 9786   0.61770000E+00
 9787   0.48716000E+00
 9788   0.41432000E+00
 9789   0.35213000E+00
 9790   0.27578000E+00
 9791   0.19871000E+00
 9792   0.15038000E+00
 9793   0.11814000E+00
 9794   0.95470000E-01
 9795   0.78940000E-01
 9796   0.66510000E-01
 9797   0.56930000E-01
 9798   0.49370000E-01
 9799   0.43290000E-01
 9800   0.38330000E-01
 9801   0.34220000E-01
 9802   0.30760000E-01
 9803   0.27830000E-01
 9804   0.25320000E-01
 9805   0.23150000E-01
 9806   0.21260000E-01
 9807   0.19600000E-01
 9808   0.18140000E-01
 9809   0.16840000E-01
 9810   0.15680000E-01
 9811   0.14640000E-01
 9812   0.13710000E-01
 9813   0.12860000E-01
 9814   0.13900000E-01
 9815   0.98202000E+00
 9816   0.82728000E+00
 9817   0.72233000E+00
 9818   0.71574000E+00
 9819   0.67960000E+00
 9820   0.61583000E+00
 9821   0.57411000E+00
 9822   0.58094000E+00
 9823   0.60311000E+00
 9824   0.65229000E+00
 9825   0.16220100E+01
 9826   0.23936400E+01
 9827   0.41470000E+01
 9828   0.52546900E+01
 9829   0.65045900E+01
 9830   0.93791300E+01
 9831   0.90615700E+01
 9832   0.72470000E+01
 9833   0.52766000E+01
 9834   0.38131300E+01
 9835   0.30354500E+01
 9836   0.23702500E+01
 9837   0.16245100E+01
 9838   0.12023700E+01
 9839   0.96771000E+00
 9840   0.82149000E+00
 9841   0.72191000E+00
 9842   0.63604000E+00
 9843   0.82158000E+00
 9844   0.11125700E+01
 9845   0.17774200E+01
 9846   0.14560300E+01
 9847   0.93096000E+00
 9848   0.72391000E+00
 9849   0.51844000E+00
 9850   0.11298600E+01
 9851   0.58950200E+01
 9852   0.14374710E+02
 9853   0.65544810E+02
 9854   0.69789340E+02
 9855   0.51238120E+02
 9856   0.32728730E+02
 9857   0.21525250E+02
 9858   0.13415940E+02
 9859   0.89963400E+01
 9860   0.64949500E+01
 9861   0.44744400E+01
 9862   0.33800800E+01
 9863   0.26606600E+01
 9864   0.21072600E+01
 9865   0.53745000E+01
 9866   0.15307110E+02
 9867   0.17956050E+02
 9868   0.13131500E+02
 9869   0.84731300E+01
 9870   0.61313400E+01
 9871   0.43705500E+01
 9872   0.35792500E+01
 9873   0.38309700E+01
 9874   0.88912500E+01
 9875   0.23265360E+02
 9876   0.78761750E+02
 9877   0.99221150E+02
 9878   0.79693430E+02
 9879   0.78566890E+02
 9880   0.72322530E+02
 9881   0.47792740E+02
 9882   0.32780680E+02
 9883   0.23223580E+02
 9884   0.27256640E+02
 9885   0.31548840E+02
 9886   0.47698690E+02
 9887   0.10011355E+03
 9888   0.81738940E+02
 9889   0.56271460E+02
 9890   0.52805890E+02
 9891   0.34634840E+02
 9892   0.82001120E+02
 9893   0.20834359E+03
 9894   0.15395337E+03
 9895   0.19963891E+03
 9896   0.24599455E+03
 9897   0.17485766E+03
 9898   0.88610300E+02
 9899   0.94414730E+02
 9900   0.10275955E+03
 9901   0.88190810E+02
 9902   0.56437080E+02
 9903   0.35212520E+02
 9904   0.23849620E+02
 9905   0.18023050E+02
 9906   0.13864350E+02
 9907   0.14338230E+02
 9908   0.31497320E+02
 9909   0.38798090E+02
 9910   0.49236920E+02
 9911   0.34952770E+02
 9912   0.35963930E+02
 9913   0.33516360E+02
 9914   0.32040250E+02
 9915   0.32916310E+02
 9916   0.26747630E+02
 9917   0.27004030E+02
 9918   0.33632920E+02
 9919   0.30323350E+02
 9920   0.22832430E+02
 9921   0.17942970E+02
 9922   0.13606910E+02
 9923   0.97006200E+01
 9924   0.70466700E+01
 9925   0.48701200E+01
 9926   0.52945100E+01
 9927   0.58166600E+01
 9928   0.66630500E+01
 9929   0.98084200E+01
 9930   0.44025630E+02
 9931   0.82278740E+02
 9932   0.67273840E+02
 9933   0.10436406E+03
 9934   0.94170910E+02
 9935   0.69224310E+02
 9936   0.61120360E+02
 9937   0.33824136E+03
 9938   0.24631130E+03
 9939   0.12987831E+03
 9940   0.63077020E+02
 9941   0.39194420E+02
 9942   0.32550470E+02
 9943   0.23423160E+02
 9944   0.31425410E+02
 9945   0.33162740E+02
 9946   0.22273710E+02
 9947   0.14802370E+02
 9948   0.10676210E+02
 9949   0.74972700E+01
 9950   0.74280500E+01
 9951   0.13137760E+02
 9952   0.85560600E+01
 9953   0.43451600E+01
 9954   0.28432200E+01
 9955   0.49173550E+02
 9956   0.95902990E+02
 9957   0.69241010E+02
 9958   0.56433720E+02
 9959   0.34754580E+02
 9960   0.89184880E+02
 9961   0.17744769E+03
 9962   0.12138232E+03
 9963   0.81324070E+02
 9964   0.11052013E+03
 9965   0.10914349E+03
 9966   0.61317265E+03
 9967   0.36465166E+03
 9968   0.14212433E+03
 9969   0.79361290E+02
 9970   0.93683840E+02
 9971   0.49058496E+03
 9972   0.32469324E+03
 9973   0.18619826E+03
 9974   0.13690592E+03
 9975   0.89123880E+02
 9976   0.92204020E+02
 9977   0.94930930E+02
 9978   0.55484790E+02
 9979   0.41911330E+02
 9980   0.54080990E+02
 9981   0.54907150E+02
 9982   0.36564020E+02
 9983   0.34030640E+02
 9984   0.15111665E+03
 9985   0.61892831E+03
 9986   0.45515299E+03
 9987   0.26983509E+03
 9988   0.26764223E+03
 9989   0.15087805E+03
 9990   0.75110450E+02
 9991   0.41075820E+02
 9992   0.25786220E+02
 9993   0.16881080E+02
 9994   0.12101010E+02
 9995   0.16036627E+03
 9996   0.34740962E+03
 9997   0.33279395E+03
 9998   0.24902172E+03
 9999   0.16828658E+03
10000   0.22395700E+03
10001   0.49080089E+03
10002   0.72155316E+03
10003   0.63233605E+03
10004   0.44807736E+03
10005   0.17358980E+03
10006   0.85088250E+02
10007   0.48441680E+02
10008   0.29061180E+02
10009   0.18763170E+02
10010   0.12339390E+02
10011   0.73818300E+01
10012   0.50568300E+01
10013   0.43403600E+01
10014   0.21788270E+02
10015   0.12684458E+03
10016   0.28304479E+03
10017   0.38803982E+03
10018   0.15796584E+03
10019   0.72220150E+02
10020   0.39926990E+02
10021   0.24408860E+02
10022   0.14812890E+02
10023   0.95500000E+01
10024   0.66671400E+01
10025   0.45031300E+01
10026   0.84612900E+01
10027   0.14092208E+03
10028   0.12159763E+04
10029   0.80282650E+03
10030   0.96281148E+03
10031   0.12284236E+04
10032   0.11155777E+04
10033   0.71584437E+03
10034   0.80731092E+03
10035   0.27475126E+04
10036   0.13724583E+04
10037   0.28868910E+04
10038   0.13158707E+04
10039   0.28156788E+03
10040   0.10328600E+03
10041   0.52275770E+02
10042   0.37752730E+02
10043   0.85398700E+02
10044   0.84176580E+02
10045   0.62200240E+02
10046   0.44645340E+02
10047   0.33041610E+02
10048   0.36865180E+02
10049   0.97957560E+02
10050   0.26876494E+03
10051   0.49760782E+03
10052   0.53184464E+03
10053   0.27150935E+03
10054   0.21727917E+03
10055   0.32994697E+03
10056   0.16964720E+03
10057   0.15931165E+03
10058   0.30491290E+03
10059   0.33860823E+03
10060   0.15778119E+03
10061   0.97889560E+02
10062   0.77806950E+02
10063   0.29646550E+02
10064   0.15915870E+02
10065   0.10076660E+02
10066   0.66295100E+01
10067   0.43385000E+01
10068   0.31719700E+01
10069   0.24144000E+01
10070   0.18550500E+01
10071   0.31936700E+02
10072   0.73315930E+02
10073   0.47972930E+02
10074   0.19199970E+02
10075   0.88841600E+01
10076   0.52213800E+01
10077   0.38978800E+01
10078   0.53787000E+01
10079   0.83372450E+02
10080   0.86716000E+02
10081   0.47624170E+02
10082   0.28180290E+02
10083   0.52301490E+02
10084   0.97857230E+02
10085   0.65387500E+02
10086   0.46472420E+02
10087   0.57693170E+02
10088   0.32248940E+02
10089   0.35216470E+02
10090   0.48164260E+02
10091   0.58895580E+02
10092   0.64908190E+02
10093   0.16832755E+03
10094   0.25314046E+03
10095   0.27340258E+03
10096   0.28630744E+03
10097   0.25086981E+03
10098   0.13605658E+03
10099   0.89914010E+02
10100   0.50010330E+02
10101   0.24685570E+02
10102   0.14651880E+02
10103   0.90037500E+01
10104   0.55297800E+01
10105   0.37125100E+01
10106   0.30781300E+01
10107   0.30073600E+01
10108   0.16859270E+02
10109   0.13431480E+02
10110   0.56181160E+02
10111   0.26651033E+03
10112   0.12697873E+03
10113   0.70248600E+02
10114   0.42828070E+02
10115   0.33922020E+02
10116   0.28654290E+02
10117   0.23680210E+02
10118   0.73975800E+02
10119   0.18557570E+03
10120   0.90587320E+02
10121   0.52707230E+02
10122   0.32872110E+02
10123   0.21611940E+02
10124   0.13677120E+02
10125   0.92120900E+01
10126   0.66420500E+01
10127   0.44417600E+01
10128   0.12611630E+02
10129   0.35094170E+02
10130   0.10333101E+03
10131   0.67055530E+02
10132   0.39030880E+02
10133   0.27736740E+02
10134   0.33231240E+02
10135   0.25869540E+02
10136   0.15235540E+02
10137   0.96121000E+01
10138   0.68301800E+01
10139   0.47038200E+01
10140   0.34992100E+01
10141   0.26621700E+01
10142   0.20590200E+01
10143   0.16058800E+01
10144   0.12130400E+01
10145   0.36833300E+01
10146   0.84644200E+01
10147   0.49397400E+01
10148   0.26851400E+01
10149   0.17709000E+01
10150   0.25299400E+01
10151   0.55691500E+01
10152   0.91356040E+02
10153   0.21650639E+03
10154   0.37650113E+03
10155   0.35297505E+03
10156   0.22422934E+03
10157   0.13152766E+03
10158   0.95571160E+02
10159   0.59972940E+02
10160   0.51870720E+02
10161   0.34557940E+02
10162   0.22394670E+02
10163   0.14714750E+02
10164   0.94494200E+01
10165   0.58448300E+01
10166   0.38847600E+01
10167   0.28775600E+01
10168   0.21686700E+01
10169   0.17412400E+01
10170   0.13737900E+01
10171   0.13636600E+01
10172   0.14502900E+01
10173   0.13403200E+01
10174   0.11524400E+01
10175   0.86682000E+00
10176   0.74311000E+00
10177   0.62697000E+00
10178   0.52958000E+00
10179   0.45613000E+00
10180   0.39354000E+00
10181   0.34349000E+00
10182   0.28215000E+00
10183   0.21442000E+00
10184   0.16743000E+00
10185   0.13387000E+00
10186   0.11026000E+00
10187   0.97620000E-01
10188   0.10416000E+00
10189   0.13386000E+00
10190   0.16255000E+00
10191   0.16986000E+00
10192   0.15963000E+00
10193   0.14206000E+00
10194   0.12358000E+00
10195   0.10684000E+00
10196   0.92500000E-01
10197   0.80470000E-01
10198   0.70450000E-01
10199   0.62070000E-01
10200   0.55050000E-01
10201   0.49120000E-01
10202   0.44080000E-01
10203   0.39760000E-01
10204   0.36050000E-01
10205   0.32820000E-01
10206   0.30010000E-01
10207   0.27540000E-01
10208   0.25410000E-01
10209   0.24270000E-01
10210   0.25530000E-01
10211   0.28540000E-01
10212   0.30620000E-01
10213   0.30740000E-01
10214   0.29580000E-01
10215   0.27910000E-01
10216   0.26180000E-01
10217   0.24740000E-01
10218   0.30066900E+01
10219   0.19261900E+02
10220   0.27134970E+02
10221   0.21808670E+02
10222   0.19530740E+02
10223   0.15046300E+02
10224   0.10735350E+02
10225   0.74696300E+01
10226   0.52351300E+01
10227   0.30842300E+01
10228   0.24596700E+01
10229   0.19615700E+01
10230   0.15989900E+01
10231   0.12490800E+01
10232   0.10366400E+01
10233   0.88548000E+00
10234   0.77796000E+00
10235   0.66028000E+00
10236   0.54389000E+00
10237   0.42801000E+00
10238   0.32982000E+00
10239   0.24323000E+00
10240   0.17852000E+00
10241   0.13692000E+00
10242   0.10852000E+00
10243   0.88290000E-01
10244   0.73410000E-01
10245   0.62140000E-01
10246   0.53400000E-01
10247   0.46470000E-01
10248   0.40880000E-01
10249   0.36290000E-01
10250   0.32480000E-01
10251   0.29270000E-01
10252   0.26540000E-01
10253   0.24200000E-01
10254   0.22170000E-01
10255   0.20400000E-01
10256   0.18840000E-01
10257   0.17460000E-01
10258   0.18200000E-01
10259   0.19615000E+00
10260   0.23577000E+00
10261   0.31171000E+00
10262   0.29382000E+00
10263   0.33875000E+00
10264   0.39456000E+00
10265   0.40465000E+00
10266   0.37588000E+00
10267   0.33989000E+00
10268   0.30132000E+00
10269   0.83701000E+00
10270   0.24669700E+01
10271   0.58002400E+01
10272   0.66466400E+01
10273   0.14819680E+02
10274   0.23688040E+02
10275   0.22004980E+02
10276   0.45657990E+02
10277   0.87106060E+02
10278   0.72683510E+02
10279   0.52433860E+02
10280   0.58360820E+02
10281   0.64606470E+02
10282   0.17069091E+03
10283   0.23358607E+03
10284   0.32229757E+03
10285   0.34664100E+03
10286   0.15130919E+03
10287   0.72017530E+02
10288   0.60119420E+02
10289   0.17370380E+03
10290   0.32954557E+03
10291   0.17692786E+03
10292   0.86382330E+02
10293   0.76588140E+02
10294   0.74253640E+02
10295   0.79070400E+02
10296   0.55382170E+02
10297   0.38675460E+02
10298   0.25518460E+02
10299   0.17834290E+02
10300   0.12194120E+02
10301   0.81028200E+01
10302   0.57616500E+01
10303   0.40895800E+01
10304   0.11026510E+02
10305   0.10770690E+02
10306   0.70458710E+02
10307   0.14495223E+03
10308   0.16528676E+03
10309   0.20066869E+03
10310   0.17219213E+03
10311   0.10789465E+03
10312   0.77789810E+02
10313   0.73032670E+02
10314   0.67191600E+02
10315   0.63362570E+02
10316   0.58267260E+02
10317   0.14981133E+03
10318   0.14740043E+03
10319   0.85830640E+02
10320   0.57535220E+02
10321   0.41408460E+02
10322   0.34588830E+02
10323   0.30911610E+02
10324   0.24011840E+02
10325   0.17665070E+02
10326   0.33060040E+02
10327   0.26516062E+03
10328   0.35442104E+03
10329   0.73472756E+03
10330   0.47035550E+03
10331   0.43671323E+03
10332   0.42663805E+03
10333   0.17367933E+03
10334   0.14981458E+03
10335   0.41211785E+03
10336   0.30883185E+03
10337   0.13546982E+03
10338   0.69791100E+02
10339   0.39242320E+02
10340   0.25326940E+02
10341   0.17466080E+02
10342   0.11634640E+02
10343   0.77229700E+01
10344   0.57430700E+01
10345   0.49483300E+01
10346   0.47799000E+01
10347   0.40473700E+01
10348   0.32232300E+01
10349   0.25237900E+01
10350   0.70058700E+01
10351   0.31662320E+02
10352   0.69356780E+02
10353   0.65937650E+02
10354   0.49358830E+02
10355   0.59415570E+02
10356   0.10445800E+03
10357   0.37185922E+03
10358   0.35362212E+03
10359   0.20123852E+03
10360   0.33340646E+03
10361   0.19220107E+03
10362   0.95215100E+02
10363   0.94848180E+02
10364   0.84014520E+02
10365   0.47447380E+02
10366   0.30478500E+02
10367   0.21154770E+02
10368   0.24233060E+02
10369   0.60588700E+02
10370   0.75863100E+02
10371   0.10835196E+03
10372   0.83594600E+02
10373   0.58433500E+02
10374   0.11081824E+03
10375   0.87996621E+03
10376   0.13810402E+04
10377   0.57580124E+03
10378   0.42435098E+03
10379   0.28370112E+03
10380   0.29040724E+03
10381   0.35612999E+03
10382   0.37929433E+03
10383   0.51214801E+03
10384   0.36818104E+03
10385   0.37064373E+03
10386   0.27068933E+03
10387   0.12432612E+04
10388   0.17253148E+04
10389   0.98068193E+03
10390   0.47685555E+03
10391   0.21934829E+03
10392   0.62546594E+03
10393   0.50811584E+03
10394   0.37848941E+03
10395   0.75140565E+03
10396   0.13561825E+04
10397   0.15936327E+04
10398   0.11883752E+04
10399   0.66894508E+03
10400   0.71352808E+03
10401   0.75243426E+03
10402   0.37061708E+03
10403   0.24730571E+03
10404   0.12231826E+03
10405   0.62473470E+02
10406   0.37197080E+02
10407   0.35577650E+02
10408   0.53729940E+02
10409   0.87428400E+02
10410   0.15103564E+03
10411   0.13567564E+03
10412   0.18293268E+03
10413   0.18981383E+03
10414   0.12177735E+03
10415   0.11027213E+03
10416   0.14617424E+03
10417   0.71260637E+03
10418   0.18253219E+04
10419   0.19971183E+04
10420   0.21250486E+04
10421   0.13034456E+04
10422   0.72960280E+03
10423   0.27758241E+03
10424   0.35881673E+03
10425   0.13108552E+03
10426   0.89792830E+02
10427   0.20574376E+03
10428   0.62655341E+03
10429   0.10685251E+04
10430   0.82022687E+03
10431   0.30441296E+03
10432   0.20612811E+03
10433   0.15377647E+03
10434   0.45743197E+03
10435   0.12347210E+04
10436   0.19792750E+04
10437   0.14825032E+04
10438   0.63172003E+03
10439   0.53637933E+03
10440   0.38052806E+03
10441   0.18374358E+03
10442   0.91139050E+02
10443   0.46899310E+02
10444   0.28342740E+02
10445   0.18366800E+02
10446   0.12156870E+02
10447   0.80075300E+01
10448   0.56260900E+01
10449   0.38044200E+01
10450   0.28952900E+01
10451   0.21412200E+01
10452   0.14883400E+01
10453   0.11018900E+01
10454   0.88948000E+00
10455   0.75448000E+00
10456   0.80924500E+01
10457   0.13705410E+02
10458   0.66747400E+01
10459   0.29234000E+01
10460   0.17077100E+01
10461   0.11428600E+01
10462   0.57714000E+00
10463   0.28555000E+00
10464   0.17843000E+00
10465   0.92827000E+00
10466   0.13910100E+01
10467   0.10274700E+01
10468   0.60474000E+00
10469   0.30809400E+01
10470   0.13471490E+02
10471   0.22722900E+02
10472   0.25656470E+02
10473   0.24730600E+02
10474   0.26932370E+02
10475   0.23494450E+02
10476   0.14422600E+02
10477   0.89499600E+01
10478   0.60908100E+01
10479   0.40163200E+01
10480   0.29230500E+01
10481   0.21713100E+01
10482   0.16689000E+01
10483   0.11185100E+01
10484   0.88042000E+00
10485   0.73581000E+00
10486   0.60079000E+00
10487   0.50657000E+00
10488   0.43223000E+00
10489   0.36738000E+00
10490   0.28929000E+00
10491   0.19937000E+00
10492   0.80011000E+00
10493   0.13341800E+02
10494   0.97968300E+02
10495   0.14468869E+03
10496   0.72171300E+02
10497   0.47253160E+02
10498   0.27982880E+02
10499   0.17631620E+02
10500   0.11904310E+02
10501   0.80833800E+01
10502   0.64293700E+01
10503   0.48233500E+01
10504   0.40439800E+01
10505   0.75984700E+01
10506   0.19104670E+02
10507   0.14872960E+02
10508   0.11406950E+02
10509   0.11862230E+02
10510   0.10510870E+02
10511   0.79132900E+01
10512   0.56924000E+01
10513   0.38117700E+01
10514   0.23373800E+01
10515   0.18711600E+01
10516   0.14661200E+01
10517   0.11390800E+01
10518   0.94745000E+00
10519   0.81410000E+00
10520   0.70171000E+00
10521   0.11313476E+03
10522   0.40769897E+03
10523   0.15943980E+03
10524   0.72566460E+02
10525   0.41397580E+02
10526   0.25466620E+02
10527   0.16554150E+02
10528   0.10940770E+02
10529   0.73093800E+01
10530   0.48992100E+01
10531   0.35230400E+01
10532   0.26193700E+01
10533   0.19944900E+01
10534   0.57924800E+01
10535   0.40319820E+02
10536   0.38701130E+02
10537   0.81241810E+02
10538   0.50424390E+02
10539   0.30607840E+02
10540   0.19782990E+02
10541   0.13021380E+02
10542   0.85399800E+01
10543   0.59686400E+01
10544   0.33744100E+01
10545   0.26404700E+01
10546   0.20709300E+01
10547   0.16575400E+01
10548   0.12807200E+01
10549   0.10463800E+01
10550   0.88450000E+00
10551   0.76937000E+00
10552   0.64046000E+00
10553   0.52211000E+00
10554   0.43121000E+00
10555   0.34200000E+00
10556   0.23611000E+00
10557   0.17174000E+00
10558   0.13188000E+00
10559   0.10490000E+00
10560   0.85680000E-01
10561   0.71490000E-01
10562   0.60700000E-01
10563   0.52300000E-01
10564   0.45620000E-01
10565   0.40200000E-01
10566   0.35750000E-01
10567   0.32040000E-01
10568   0.28910000E-01
10569   0.26240000E-01
10570   0.23940000E-01
10571   0.21950000E-01
10572   0.20200000E-01
10573   0.18670000E-01
10574   0.17310000E-01
10575   0.16100000E-01
10576   0.15020000E-01
10577   0.14050000E-01
10578   0.13180000E-01
10579   0.12520000E-01
10580   0.20120000E-01
10581   0.75370000E-01
10582   0.10820000E+00
10583   0.11727000E+00
10584   0.14811000E+00
10585   0.57958000E+00
10586   0.64041000E+00
10587   0.43656000E+00
10588   0.40966000E+00
10589   0.37490000E+00
10590   0.34786000E+00
10591   0.90581000E+00
10592   0.64228400E+01
10593   0.50674000E+01
10594   0.32059900E+01
10595   0.21688000E+01
10596   0.14012900E+01
10597   0.10007600E+01
10598   0.79652000E+00
10599   0.63133000E+00
10600   0.52492000E+00
10601   0.45735000E+00
10602   0.40077000E+00
10603   0.35785000E+00
10604   0.32273000E+00
10605   0.26663000E+00
10606   0.21056000E+00
10607   0.16684000E+00
10608   0.13399000E+00
10609   0.10961000E+00
10610   0.92620000E-01
10611   0.86150000E-01
10612   0.74280000E-01
10613   0.64530000E-01
10614   0.67310000E-01
10615   0.98750000E-01
10616   0.11157000E+00
10617   0.10608000E+00
10618   0.99620000E-01
10619   0.99300000E-01
10620   0.14662000E+00
10621   0.27725000E+00
10622   0.25422000E+00
10623   0.21872000E+00
10624   0.18960000E+00
10625   0.17069000E+00
10626   0.15836000E+00
10627   0.14614000E+00
10628   0.13196000E+00
10629   0.11709000E+00
10630   0.10300000E+00
10631   0.77397000E+00
10632   0.14429900E+01
10633   0.38839700E+01
10634   0.43670800E+01
10635   0.39428200E+01
10636   0.36308200E+01
10637   0.29293600E+01
10638   0.30716400E+01
10639   0.29263700E+01
10640   0.25820000E+01
10641   0.22342400E+01
10642   0.19198100E+01
10643   0.16067300E+01
10644   0.13911100E+01
10645   0.11624900E+01
10646   0.10081300E+01
10647   0.75008000E+00
10648   0.62508000E+00
10649   0.58276000E+00
10650   0.54826000E+00
10651   0.50003000E+00
10652   0.44020000E+00
10653   0.37951000E+00
10654   0.32741000E+00
10655   0.24372000E+00
10656   0.18179000E+00
10657   0.14488000E+00
10658   0.11976000E+00
10659   0.10108000E+00
10660   0.86620000E-01
10661   0.75150000E-01
10662   0.65870000E-01
10663   0.58250000E-01
10664   0.51900000E-01
10665   0.46540000E-01
10666   0.41970000E-01
10667   0.38040000E-01
10668   0.34640000E-01
10669   0.31680000E-01
10670   0.29070000E-01
10671   0.30462740E+02
10672   0.94360997E+03
10673   0.40065354E+03
10674   0.19482796E+03
10675   0.11873131E+03
10676   0.85949870E+02
10677   0.66586260E+02
10678   0.43530110E+02
10679   0.45518690E+02
10680   0.41225080E+02
10681   0.36919610E+02
10682   0.27460590E+02
10683   0.20087240E+02
10684   0.16445840E+02
10685   0.12906520E+02
10686   0.92944900E+01
10687   0.32892980E+02
10688   0.91905100E+02
10689   0.54613050E+02
10690   0.38711560E+02
10691   0.25843250E+02
10692   0.17207540E+02
10693   0.11398180E+02
10694   0.76254000E+01
10695   0.24447440E+02
10696   0.42073320E+02
10697   0.37121510E+02
10698   0.26327270E+02
10699   0.22717020E+02
10700   0.18431710E+02
10701   0.13717060E+02
10702   0.12791530E+02
10703   0.71818290E+02
10704   0.31022649E+03
10705   0.43014828E+03
10706   0.46891202E+03
10707   0.23132059E+03
10708   0.25958325E+03
10709   0.30641478E+03
10710   0.25059296E+03
10711   0.20155160E+03
10712   0.12074748E+03
10713   0.84353140E+02
10714   0.10489085E+03
10715   0.11038934E+03
10716   0.77026790E+02
10717   0.55701660E+02
10718   0.80107300E+02
10719   0.14833060E+03
10720   0.25511261E+03
10721   0.34519252E+03
10722   0.27021283E+03
10723   0.22610384E+03
10724   0.17508959E+03
10725   0.95209030E+02
10726   0.16275546E+03
10727   0.17125829E+03
10728   0.13275713E+03
10729   0.13468800E+03
10730   0.18203049E+03
10731   0.12052785E+03
10732   0.10322404E+03
10733   0.90402230E+02
10734   0.58271260E+02
10735   0.42633810E+02
10736   0.42448670E+02
10737   0.78635670E+02
10738   0.12069950E+03
10739   0.85624380E+02
10740   0.10086782E+03
10741   0.30325422E+03
10742   0.42847570E+03
10743   0.62056153E+03
10744   0.27796721E+03
10745   0.11343223E+03
10746   0.58229390E+02
10747   0.35267110E+02
10748   0.63386100E+02
10749   0.14995433E+03
10750   0.66116218E+03
10751   0.74847671E+03
10752   0.30312250E+03
10753   0.19788061E+03
10754   0.13735133E+03
10755   0.11192025E+03
10756   0.64489300E+02
10757   0.38804440E+02
10758   0.26889130E+02
10759   0.15713452E+03
10760   0.19354284E+04
10761   0.96589113E+03
10762   0.18270350E+04
10763   0.81581188E+03
10764   0.41747358E+03
10765   0.23569085E+04
10766   0.11952848E+04
10767   0.11285071E+04
10768   0.10598404E+04
10769   0.10343539E+04
10770   0.26388590E+03
10771   0.99161300E+02
10772   0.50607110E+02
10773   0.29529040E+02
10774   0.18753080E+02
10775   0.12184660E+02
10776   0.78993400E+01
10777   0.53949000E+01
10778   0.37703500E+01
10779   0.10952020E+02
10780   0.23095041E+03
10781   0.46721413E+03
10782   0.30219545E+03
10783   0.13544222E+03
10784   0.35442009E+03
10785   0.57394163E+03
10786   0.60478398E+03
10787   0.34025058E+03
10788   0.17868449E+03
10789   0.11922643E+03
10790   0.91955370E+02
10791   0.54706360E+02
10792   0.27861550E+02
10793   0.20372230E+02
10794   0.19714530E+02
10795   0.16643440E+02
10796   0.20333270E+02
10797   0.51482030E+02
10798   0.26459080E+02
10799   0.13278280E+02
10800   0.73811000E+01
10801   0.40924500E+01
10802   0.34264100E+01
10803   0.30333500E+01
10804   0.26710500E+01
10805   0.23083000E+01
10806   0.19301900E+01
10807   0.18140500E+01
10808   0.62883200E+01
10809   0.26440520E+03
10810   0.59240010E+03
10811   0.31405467E+03
10812   0.21526227E+03
10813   0.10411085E+03
10814   0.54704460E+02
10815   0.31013390E+02
10816   0.19575880E+02
10817   0.12883910E+02
10818   0.15232450E+02
10819   0.11732452E+03
10820   0.15811913E+03
10821   0.10036783E+03
10822   0.22021324E+03
10823   0.12609840E+03
10824   0.72825440E+02
10825   0.46346060E+02
10826   0.28350700E+02
10827   0.19384360E+02
10828   0.12638480E+02
10829   0.82256600E+01
10830   0.56254700E+01
10831   0.31450400E+01
10832   0.24580500E+01
10833   0.47155224E+03
10834   0.77517570E+03
10835   0.31615745E+03
10836   0.55783283E+03
10837   0.20004053E+03
10838   0.84865900E+02
10839   0.45826760E+02
10840   0.26899500E+02
10841   0.17428100E+02
10842   0.11089320E+02
10843   0.17174360E+02
10844   0.27360780E+02
10845   0.12252620E+02
10846   0.49335500E+01
10847   0.27801000E+01
10848   0.18857300E+01
10849   0.14384000E+01
10850   0.10511100E+01
10851   0.84296000E+00
10852   0.60647000E+00
10853   0.47305000E+00
10854   0.40122000E+00
10855   0.34084000E+00
10856   0.25785000E+00
10857   0.18697000E+00
10858   0.14272000E+00
10859   0.11295000E+00
10860   0.91880000E-01
10861   0.76400000E-01
10862   0.64690000E-01
10863   0.55620000E-01
10864   0.48430000E-01
10865   0.42630000E-01
10866   0.37870000E-01
10867   0.33920000E-01
10868   0.30590000E-01
10869   0.27760000E-01
10870   0.25330000E-01
10871   0.23220000E-01
10872   0.21380000E-01
10873   0.19770000E-01
10874   0.23964840E+02
10875   0.18093909E+04
10876   0.53942235E+03
10877   0.16504185E+03
10878   0.74406360E+02
10879   0.41418560E+02
10880   0.25404350E+02
10881   0.16565640E+02
10882   0.10942180E+02
10883   0.65753000E+01
10884   0.44175400E+01
10885   0.32841100E+01
10886   0.25059200E+01
10887   0.19439900E+01
10888   0.15442300E+01
10889   0.11754200E+01
10890   0.95891000E+00
10891   0.80677000E+00
10892   0.66467000E+00
10893   0.51188000E+00
10894   0.39918000E+00
10895   0.33755000E+00
10896   0.25351000E+00
10897   0.18403000E+00
10898   0.14065000E+00
10899   0.11143000E+00
10900   0.90700000E-01
10901   0.75460000E-01
10902   0.63920000E-01
10903   0.54950000E-01
10904   0.47840000E-01
10905   0.42090000E-01
10906   0.37370000E-01
10907   0.33440000E-01
10908   0.30130000E-01
10909   0.27320000E-01
10910   0.24900000E-01
10911   0.22800000E-01
10912   0.20970000E-01
10913   0.19360000E-01
10914   0.17930000E-01
10915   0.16670000E-01
10916   0.15530000E-01
10917   0.14520000E-01
10918   0.13600000E-01
10919   0.12780000E-01
10920   0.12020000E-01
10921   0.11340000E-01
10922   0.10710000E-01
10923   0.10140000E-01
10924   0.96100000E-02
10925   0.91200000E-02
10926   0.86700000E-02
10927   0.82600000E-02
10928   0.78700000E-02
10929   0.75100000E-02
10930   0.71800000E-02
10931   0.68600000E-02
10932   0.65700000E-02
10933   0.63000000E-02
10934   0.60400000E-02
10935   0.58000000E-02
10936   0.55800000E-02
10937   0.53600000E-02
10938   0.51600000E-02
10939   0.49700000E-02
10940   0.47900000E-02
10941   0.18191000E+00
10942   0.64323800E+01
10943   0.10104720E+02
10944   0.17027850E+02
10945   0.15419360E+02
10946   0.13048400E+02
10947   0.16101070E+02
10948   0.15470900E+02
10949   0.11686790E+02
10950   0.10308740E+02
10951   0.69023400E+01
10952   0.43570600E+01
10953   0.32374100E+01
10954   0.20995500E+01
10955   0.17847000E+01
10956   0.14753600E+01
10957   0.12284100E+01
