    1   0.00000000E+00
    2   0.00000000E+00
    3   0.00000000E+00
    4   0.00000000E+00
    5  -0.24000000E-03
    6  -0.57900000E-02
    7  -0.29400000E-02
    8  -0.66700000E-02
    9   0.38210000E-01
   10   0.16956100E+01
   11   0.51603400E+01
   12   0.78565800E+01
   13   0.75953300E+01
   14   0.55928400E+01
   15   0.40537800E+01
   16   0.29943600E+01
   17   0.23475200E+01
   18   0.24216400E+01
   19   0.29111800E+01
   20   0.41061100E+01
   21   0.50007300E+01
   22   0.63399900E+01
   23   0.73545900E+01
   24   0.65182500E+01
   25   0.54148900E+01
   26   0.10825300E+02
   27   0.31996410E+02
   28   0.53817760E+02
   29   0.75380300E+02
   30   0.66883580E+02
   31   0.48306600E+02
   32   0.33223700E+02
   33   0.23372060E+02
   34   0.17794080E+02
   35   0.12949970E+02
   36   0.10500100E+02
   37   0.92977700E+01
   38   0.13563850E+02
   39   0.20649940E+02
   40   0.19837960E+02
   41   0.16161940E+02
   42   0.12521420E+02
   43   0.93657000E+01
   44   0.65785800E+01
   45   0.42115200E+01
   46   0.30549100E+01
   47   0.23005200E+01
   48   0.18346300E+01
   49   0.13893100E+01
   50   0.10069200E+01
   51   0.72658000E+00
   52   0.49152000E+00
   53   0.33533000E+00
   54   0.25070000E+00
   55   0.19926000E+00
   56   0.16481000E+00
   57   0.14008000E+00
   58   0.12140000E+00
   59   0.10678000E+00
   60   0.95030000E-01
   61   0.85380000E-01
   62   0.77320000E-01
   63   0.70490000E-01
   64   0.64630000E-01
   65   0.59540000E-01
   66   0.55360000E-01
   67   0.51290000E-01
   68   0.47690000E-01
   69   0.44510000E-01
   70   0.41660000E-01
   71  -0.10080000E-01
   72   0.75260000E-01
   73   0.71050000E-01
   74   0.10682000E+00
   75   0.53434000E+00
   76   0.70997000E+00
   77   0.77159000E+00
   78   0.88710000E+00
   79   0.10833100E+01
   80   0.11550700E+01
   81   0.11457900E+01
   82   0.10902000E+01
   83   0.95022000E+00
   84   0.79045000E+00
   85   0.61079000E+00
   86   0.42842000E+00
   87   0.26028000E+00
   88   0.28081000E+00
   89   0.22077000E+00
   90   0.51250000E+00
   91   0.10789400E+01
   92   0.17117200E+01
   93   0.23018900E+01
   94   0.23828100E+01
   95   0.21818600E+01
   96   0.16958100E+01
   97   0.14560700E+01
   98   0.12818400E+01
   99   0.10652700E+01
  100   0.86356000E+00
  101   0.67152000E+00
  102   0.53113000E+00
  103   0.45270000E+00
  104   0.47156000E+00
  105   0.10571870E+02
  106   0.20036390E+02
  107   0.17223810E+02
  108   0.12818680E+02
  109   0.92038000E+01
  110   0.72104600E+01
  111   0.57016800E+01
  112   0.43558000E+01
  113   0.34497500E+01
  114   0.28290400E+01
  115   0.89715500E+01
  116   0.18712800E+02
  117   0.13713860E+02
  118   0.92424800E+01
  119   0.56501800E+01
  120   0.39597100E+01
  121   0.30778300E+01
  122   0.25233800E+01
  123   0.21310600E+01
  124   0.18104000E+01
  125   0.71299600E+01
  126   0.16624970E+02
  127   0.33715910E+02
  128   0.76981630E+02
  129   0.10529704E+03
  130   0.71604980E+02
  131   0.46550480E+02
  132   0.30018940E+02
  133   0.20834980E+02
  134   0.15576300E+02
  135   0.37622410E+02
  136   0.32516260E+02
  137   0.23144940E+02
  138   0.24014270E+02
  139   0.36299390E+02
  140   0.27701260E+02
  141   0.20588110E+02
  142   0.15655500E+02
  143   0.14594200E+02
  144   0.41786840E+02
  145   0.56520450E+02
  146   0.39025150E+02
  147   0.29900100E+02
  148   0.22793870E+02
  149   0.15077870E+02
  150   0.93085700E+01
  151   0.80403200E+01
  152   0.20612880E+02
  153   0.20157230E+02
  154   0.42134910E+02
  155   0.27441400E+02
  156   0.16747380E+02
  157   0.98332700E+01
  158   0.48777200E+01
  159   0.62541060E+02
  160   0.83248130E+02
  161   0.63890540E+02
  162   0.34631360E+02
  163   0.19346010E+02
  164   0.11165600E+02
  165   0.63722400E+01
  166   0.41081300E+01
  167   0.29591600E+01
  168   0.20170000E+01
  169   0.16063500E+01
  170   0.12119100E+01
  171   0.83177000E+00
  172   0.62761000E+00
  173   0.58863000E+00
  174   0.87684000E+00
  175   0.99751000E+00
  176   0.11654000E+01
  177   0.10927900E+01
  178   0.93987000E+00
  179   0.81680000E+00
  180   0.76151000E+00
  181   0.71602000E+00
  182   0.66111000E+00
  183   0.58859000E+00
  184   0.10447600E+01
  185   0.11193200E+01
  186   0.13095800E+01
  187   0.11456200E+01
  188   0.11566300E+01
  189   0.77848200E+01
  190   0.49349330E+02
  191   0.28677154E+03
  192   0.39993372E+03
  193   0.43842832E+03
  194   0.46386467E+03
  195   0.52033103E+03
  196   0.49678022E+03
  197   0.30419564E+03
  198   0.16343005E+03
  199   0.84891220E+02
  200   0.49516860E+02
  201   0.36900180E+02
  202   0.38675680E+02
  203   0.35457990E+02
  204   0.61865170E+02
  205   0.52889010E+02
  206   0.46320740E+02
  207   0.36335830E+02
  208   0.35840590E+02
  209   0.32573210E+02
  210   0.24762310E+02
  211   0.20538890E+02
  212   0.47984630E+02
  213   0.13539043E+03
  214   0.14162000E+03
  215   0.10349456E+03
  216   0.81040790E+02
  217   0.61612310E+02
  218   0.51664200E+02
  219   0.39759040E+02
  220   0.42858180E+02
  221   0.75234030E+02
  222   0.94907690E+02
  223   0.94303220E+02
  224   0.10193361E+03
  225   0.19944903E+03
  226   0.46168914E+03
  227   0.56991163E+03
  228   0.32946829E+03
  229   0.18205081E+03
  230   0.11135911E+03
  231   0.74208890E+02
  232   0.52608480E+02
  233   0.38083830E+02
  234   0.27670750E+02
  235   0.20031390E+02
  236   0.14687220E+02
  237   0.10619030E+02
  238   0.85504300E+01
  239   0.39957620E+02
  240   0.13074706E+03
  241   0.13226195E+03
  242   0.82508230E+02
  243   0.55455030E+02
  244   0.48692410E+02
  245   0.26608005E+03
  246   0.57439829E+03
  247   0.67368432E+03
  248   0.70688852E+03
  249   0.59950066E+03
  250   0.38095461E+03
  251   0.25068066E+03
  252   0.20756875E+03
  253   0.14886515E+03
  254   0.95989290E+02
  255   0.75844680E+02
  256   0.60850116E+03
  257   0.69346468E+03
  258   0.28503536E+03
  259   0.13169746E+03
  260   0.89690340E+02
  261   0.22975137E+03
  262   0.10591459E+04
  263   0.21230680E+04
  264   0.18535427E+04
  265   0.87016938E+03
  266   0.50282950E+03
  267   0.29712015E+03
  268   0.15968954E+03
  269   0.88738250E+02
  270   0.52785710E+02
  271   0.33044950E+02
  272   0.21699050E+02
  273   0.15153250E+02
  274   0.10428410E+02
  275   0.58344150E+02
  276   0.23525766E+04
  277   0.70950026E+04
  278   0.13708902E+04
  279   0.53879293E+03
  280   0.13946722E+04
  281   0.12605029E+04
  282   0.78185892E+03
  283   0.43441489E+03
  284   0.22114255E+03
  285   0.12089984E+03
  286   0.73154210E+02
  287   0.49247310E+02
  288   0.35979100E+02
  289   0.27453320E+02
  290   0.20803320E+02
  291   0.14854990E+02
  292   0.10639750E+02
  293   0.75771900E+01
  294   0.56731500E+01
  295   0.49047500E+01
  296   0.65696000E+01
  297   0.11988300E+02
  298   0.13778580E+02
  299   0.11807200E+02
  300   0.90930000E+01
  301   0.59368300E+01
  302   0.40281100E+01
  303   0.29464900E+01
  304   0.23079100E+01
  305   0.20985000E+01
  306   0.23781000E+01
  307   0.28061400E+01
  308   0.28581400E+01
  309   0.25632900E+01
  310   0.24056300E+01
  311   0.21888800E+01
  312   0.41328900E+01
  313   0.17684230E+02
  314   0.75376710E+02
  315   0.12746870E+03
  316   0.82169850E+02
  317   0.49211830E+02
  318   0.31359880E+02
  319   0.21429620E+02
  320   0.15472470E+02
  321   0.11941190E+02
  322   0.96448600E+01
  323   0.90192600E+01
  324   0.84114100E+01
  325   0.70467100E+01
  326   0.96137400E+01
  327   0.29648383E+03
  328   0.28279158E+04
  329   0.11647976E+04
  330   0.42204161E+03
  331   0.19039647E+03
  332   0.97387780E+02
  333   0.55564300E+02
  334   0.34490300E+02
  335   0.22836990E+02
  336   0.15757640E+02
  337   0.11042710E+02
  338   0.75014400E+01
  339   0.50924900E+01
  340   0.36524600E+01
  341   0.27452600E+01
  342   0.19253300E+01
  343   0.15330400E+01
  344   0.10826100E+01
  345   0.77360000E+00
  346   0.53672000E+00
  347   0.37376000E+00
  348   0.28383000E+00
  349   0.22820000E+00
  350   0.18987000E+00
  351   0.16241000E+00
  352   0.14093000E+00
  353   0.11668000E+00
  354   0.11162000E+00
  355   0.99080000E-01
  356   0.89050000E-01
  357   0.80810000E-01
  358   0.74860000E-01
  359   0.75340000E-01
  360   0.90060000E-01
  361   0.11505000E+00
  362   0.13290000E+00
  363   0.13701000E+00
  364   0.13022000E+00
  365   0.12307000E+00
  366   0.11286000E+00
  367   0.10182000E+00
  368   0.92060000E-01
  369   0.83440000E-01
  370   0.75830000E-01
  371   0.69150000E-01
  372   0.62620000E-01
  373   0.36280000E-01
  374   0.15755800E+01
  375   0.39222600E+01
  376   0.82000600E+01
  377   0.12634330E+02
  378   0.18598170E+02
  379   0.21299120E+02
  380   0.20247270E+02
  381   0.16674530E+02
  382   0.12875580E+02
  383   0.89730500E+01
  384   0.59782800E+01
  385   0.41387500E+01
  386   0.30261400E+01
  387   0.23716500E+01
  388   0.19165500E+01
  389   0.19969210E+02
  390   0.21916000E+02
  391   0.15800910E+02
  392   0.10591040E+02
  393   0.54024700E+01
  394   0.40742900E+01
  395   0.32293000E+01
  396   0.26449900E+01
  397   0.22181900E+01
  398   0.18956300E+01
  399   0.16076900E+01
  400   0.11585100E+01
  401   0.88374000E+00
  402   0.66117000E+00
  403   0.56322000E+00
  404   0.50080000E+00
  405   0.42211000E+00
  406   0.91395000E+00
  407   0.52077500E+01
  408   0.63731100E+01
  409   0.47284800E+01
  410   0.34489000E+01
  411   0.27718600E+01
  412   0.22874200E+01
  413   0.18476400E+01
  414   0.13502600E+01
  415   0.99909000E+00
  416   0.75288000E+00
  417   0.58225000E+00
  418   0.43435000E+00
  419   0.32982000E+00
  420   0.26084000E+00
  421   0.22312000E+00
  422   0.18896000E+00
  423   0.17137000E+00
  424   0.75139000E+00
  425   0.11973400E+01
  426   0.11749500E+01
  427   0.10849100E+01
  428   0.97610000E+00
  429   0.89139000E+00
  430   0.80043000E+00
  431   0.68444000E+00
  432   0.56153000E+00
  433   0.85649000E+00
  434   0.15744200E+01
  435   0.28660100E+01
  436   0.32756700E+01
  437   0.28680000E+01
  438   0.25324300E+01
  439   0.22419700E+01
  440   0.19763600E+01
  441   0.17229100E+01
  442   0.14902800E+01
  443   0.12187500E+01
  444   0.91439000E+00
  445   0.72358000E+00
  446   0.19171100E+01
  447   0.14360840E+02
  448   0.28622250E+02
  449   0.25114520E+02
  450   0.19828640E+02
  451   0.14262820E+02
  452   0.10211010E+02
  453   0.86635700E+01
  454   0.17471530E+02
  455   0.56632500E+02
  456   0.61376400E+02
  457   0.59333270E+02
  458   0.51298420E+02
  459   0.39686900E+02
  460   0.30703200E+02
  461   0.22958030E+02
  462   0.15395450E+02
  463   0.10042590E+02
  464   0.69867200E+01
  465   0.81911200E+01
  466   0.20419780E+02
  467   0.16728640E+02
  468   0.12977250E+02
  469   0.31058120E+02
  470   0.33368770E+02
  471   0.24966240E+02
  472   0.16991580E+02
  473   0.10664320E+02
  474   0.69517600E+01
  475   0.50163500E+01
  476   0.46766900E+01
  477   0.39912700E+01
  478   0.33202200E+01
  479   0.28222100E+01
  480   0.23312600E+01
  481   0.19467700E+01
  482   0.16128200E+01
  483   0.11833700E+01
  484   0.84809000E+00
  485   0.59428000E+00
  486   0.40715000E+00
  487   0.30370000E+00
  488   0.26988000E+00
  489   0.65765000E+00
  490   0.37229400E+02
  491   0.62914372E+03
  492   0.57031860E+03
  493   0.34635852E+03
  494   0.18309067E+03
  495   0.10261628E+03
  496   0.57168150E+02
  497   0.36000820E+02
  498   0.24290140E+02
  499   0.16780510E+02
  500   0.31065780E+03
  501   0.27922011E+04
  502   0.12202181E+04
  503   0.47844354E+03
  504   0.21579734E+03
  505   0.11166966E+03
  506   0.11399142E+03
  507   0.74791570E+02
  508   0.43777040E+02
  509   0.27527040E+02
  510   0.18437400E+02
  511   0.11791170E+02
  512   0.72605000E+01
  513   0.49430800E+01
  514   0.53851700E+01
  515   0.12569880E+02
  516   0.10875470E+02
  517   0.73625700E+01
  518   0.47045400E+01
  519   0.40721400E+01
  520   0.38933800E+01
  521   0.31518900E+01
  522   0.83018100E+01
  523   0.41938330E+02
  524   0.27068650E+02
  525   0.16516190E+02
  526   0.10166710E+02
  527   0.14189171E+03
  528   0.89088110E+02
  529   0.58957280E+02
  530   0.69189380E+02
  531   0.42545510E+02
  532   0.28620190E+02
  533   0.19061250E+02
  534   0.12188190E+02
  535   0.81801100E+01
  536   0.86729500E+01
  537   0.14115665E+03
  538   0.83424920E+02
  539   0.66129530E+02
  540   0.18930271E+03
  541   0.15788827E+03
  542   0.10916509E+03
  543   0.78580680E+02
  544   0.54592480E+02
  545   0.35063540E+02
  546   0.32292580E+02
  547   0.31384224E+03
  548   0.14794190E+03
  549   0.74763590E+02
  550   0.51523800E+02
  551   0.38136140E+02
  552   0.29427590E+02
  553   0.45298710E+02
  554   0.36195270E+02
  555   0.27054710E+02
  556   0.18567680E+02
  557   0.12286160E+02
  558   0.78217150E+02
  559   0.64780602E+03
  560   0.45797784E+03
  561   0.35647250E+03
  562   0.25020702E+03
  563   0.20153257E+03
  564   0.26110613E+03
  565   0.12589772E+04
  566   0.13838049E+04
  567   0.12605978E+04
  568   0.12898881E+04
  569   0.12418618E+04
  570   0.91930597E+03
  571   0.64118895E+03
  572   0.43477998E+03
  573   0.25080911E+03
  574   0.21016581E+03
  575   0.37430958E+03
  576   0.34462439E+03
  577   0.20438994E+03
  578   0.10574287E+03
  579   0.59767950E+02
  580   0.36691760E+02
  581   0.24033950E+02
  582   0.23609830E+02
  583   0.43602550E+02
  584   0.79420580E+02
  585   0.24316906E+03
  586   0.56118668E+03
  587   0.67625333E+03
  588   0.43611110E+03
  589   0.23087093E+03
  590   0.12618702E+03
  591   0.73331340E+02
  592   0.44563930E+02
  593   0.28885720E+02
  594   0.44851520E+02
  595   0.41310993E+03
  596   0.98826904E+03
  597   0.15129721E+04
  598   0.13492939E+04
  599   0.74888555E+03
  600   0.44137045E+03
  601   0.24674998E+03
  602   0.13202352E+03
  603   0.72198180E+02
  604   0.44484760E+02
  605   0.30356390E+02
  606   0.22383680E+02
  607   0.15899450E+02
  608   0.15736090E+02
  609   0.20740920E+02
  610   0.31026900E+02
  611   0.54112960E+02
  612   0.10526592E+03
  613   0.18861631E+03
  614   0.41638158E+03
  615   0.40760013E+03
  616   0.30197701E+03
  617   0.42599245E+03
  618   0.37887797E+03
  619   0.18223477E+03
  620   0.92892140E+02
  621   0.53950010E+02
  622   0.35354790E+02
  623   0.26504840E+02
  624   0.46960050E+02
  625   0.20002316E+03
  626   0.51955302E+03
  627   0.57215218E+03
  628   0.34357639E+03
  629   0.18490112E+03
  630   0.10996809E+03
  631   0.58193412E+03
  632   0.15978215E+04
  633   0.13998291E+04
  634   0.13979208E+04
  635   0.54072286E+03
  636   0.26265741E+03
  637   0.45449200E+03
  638   0.11532405E+04
  639   0.99168541E+03
  640   0.50369668E+03
  641   0.23626517E+03
  642   0.12210701E+03
  643   0.67225020E+02
  644   0.40111750E+02
  645   0.25801980E+02
  646   0.17525010E+02
  647   0.12233260E+02
  648   0.85808100E+01
  649   0.57453500E+01
  650   0.37172400E+01
  651   0.27992900E+01
  652   0.21813500E+01
  653   0.17655600E+01
  654   0.14219300E+01
  655   0.11272400E+01
  656   0.83754000E+00
  657   0.61848000E+00
  658   0.42831000E+00
  659   0.31608000E+00
  660   0.24906000E+00
  661   0.20457000E+00
  662   0.17268000E+00
  663   0.14859000E+00
  664   0.12972000E+00
  665   0.11452000E+00
  666   0.10203000E+00
  667   0.91600000E-01
  668   0.82770000E-01
  669   0.74180000E-01
  670   0.68730000E-01
  671   0.55466200E+01
  672   0.22027529E+03
  673   0.11730178E+04
  674   0.94600857E+03
  675   0.46824170E+03
  676   0.22237889E+03
  677   0.11719220E+03
  678   0.65790290E+02
  679   0.40189680E+02
  680   0.30461310E+02
  681   0.29400740E+02
  682   0.30543720E+02
  683   0.30005910E+02
  684   0.24519070E+02
  685   0.18734180E+02
  686   0.14200780E+02
  687   0.17691510E+02
  688   0.36162500E+02
  689   0.91453470E+02
  690   0.10229366E+03
  691   0.67643750E+02
  692   0.43219680E+02
  693   0.28207260E+02
  694   0.19211320E+02
  695   0.13611300E+02
  696   0.10293790E+02
  697   0.80374700E+01
  698   0.66072100E+01
  699   0.58095500E+01
  700   0.56462700E+01
  701   0.54904600E+01
  702   0.77966400E+02
  703   0.65346415E+03
  704   0.38844350E+03
  705   0.21599971E+03
  706   0.11931614E+03
  707   0.68810360E+02
  708   0.42606850E+02
  709   0.27812880E+02
  710   0.19163580E+02
  711   0.12799630E+02
  712   0.87355800E+01
  713   0.58199900E+01
  714   0.41056800E+01
  715   0.30817200E+01
  716   0.24124500E+01
  717   0.21492700E+01
  718   0.20768100E+01
  719   0.28367800E+01
  720   0.78858200E+01
  721   0.87482800E+01
  722   0.81693100E+01
  723   0.81861400E+01
  724   0.10871090E+02
  725   0.10528360E+02
  726   0.74849100E+01
  727   0.52432100E+01
  728   0.40310700E+01
  729   0.31626300E+01
  730   0.26460700E+01
  731   0.21781400E+01
  732   0.16518600E+01
  733   0.13844100E+01
  734   0.12418000E+01
  735   0.11235400E+01
  736   0.10228500E+01
  737   0.91137000E+00
  738   0.78423000E+00
  739   0.64512000E+00
  740   0.50101000E+00
  741   0.58681000E+00
  742   0.75984000E+00
  743   0.15659500E+01
  744   0.70396800E+01
  745   0.96344800E+01
  746   0.68473500E+01
  747   0.46297600E+01
  748   0.35069700E+01
  749   0.28030900E+01
  750   0.23507200E+01
  751   0.20333500E+01
  752   0.15550400E+01
  753   0.13197100E+01
  754   0.11330800E+01
  755   0.93049000E+00
  756   0.75518000E+00
  757   0.61910000E+00
  758   0.51191000E+00
  759   0.42806000E+00
  760   0.41503000E+00
  761   0.46591000E+00
  762   0.56249000E+00
  763   0.14898900E+01
  764   0.35561500E+01
  765   0.33295800E+01
  766   0.27073700E+01
  767   0.27460900E+01
  768   0.40968800E+01
  769   0.59472500E+01
  770   0.65739900E+01
  771   0.77576000E+01
  772   0.90997000E+01
  773   0.78840300E+01
  774   0.62526300E+01
  775   0.48665500E+01
  776   0.38277900E+01
  777   0.31757400E+01
  778   0.32446100E+01
  779   0.90420900E+01
  780   0.22630930E+02
  781   0.21025850E+02
  782   0.17676010E+02
  783   0.11445500E+02
  784   0.79115700E+01
  785   0.57425800E+01
  786   0.43128500E+01
  787   0.33891100E+01
  788   0.27807300E+01
  789   0.24274400E+01
  790   0.39611500E+01
  791   0.39781300E+01
  792   0.30690400E+01
  793   0.19505400E+01
  794   0.14452000E+01
  795   0.11677800E+01
  796   0.99288000E+00
  797   0.84013000E+00
  798   0.65288000E+00
  799   0.55645000E+00
  800   0.50100000E+00
  801   0.45281000E+00
  802   0.38642000E+00
  803   0.31499000E+00
  804   0.26391000E+00
  805   0.22837000E+00
  806   0.20276000E+00
  807   0.18255000E+00
  808   0.16535000E+00
  809   0.15071000E+00
  810   0.18394000E+00
  811   0.38614000E+00
  812   0.47726000E+00
  813   0.49372000E+00
  814   0.47399000E+00
  815   0.45475000E+00
  816   0.46263000E+00
  817   0.49686000E+00
  818   0.52467000E+00
  819   0.52233000E+00
  820   0.48575000E+00
  821   0.40696000E+00
  822   0.34913000E+00
  823   0.34706000E+00
  824   0.75972000E+00
  825   0.15548200E+01
  826   0.52282900E+01
  827   0.90008200E+01
  828   0.21615500E+02
  829   0.21293630E+02
  830   0.16695120E+02
  831   0.11430330E+02
  832   0.74386500E+01
  833   0.73517700E+01
  834   0.21783890E+02
  835   0.27099120E+02
  836   0.44723520E+02
  837   0.45995490E+02
  838   0.33802780E+02
  839   0.25939900E+02
  840   0.24564080E+02
  841   0.33368440E+02
  842   0.28817310E+02
  843   0.22280510E+02
  844   0.15898450E+02
  845   0.51395710E+02
  846   0.35518810E+02
  847   0.22365190E+02
  848   0.13495940E+02
  849   0.81246700E+01
  850   0.53226900E+01
  851   0.39437700E+01
  852   0.31200100E+01
  853   0.25758500E+01
  854   0.51237300E+01
  855   0.70909400E+01
  856   0.60827100E+01
  857   0.78162300E+01
  858   0.10485600E+02
  859   0.80651200E+01
  860   0.49321800E+01
  861   0.34477200E+01
  862   0.26217300E+01
  863   0.20742100E+01
  864   0.16904400E+01
  865   0.23159500E+01
  866   0.42168300E+01
  867   0.37648600E+01
  868   0.30954000E+01
  869   0.25127500E+01
  870   0.20095600E+01
  871   0.16080000E+01
  872   0.11786900E+01
  873   0.99099000E+00
  874   0.86964000E+00
  875   0.77249000E+00
  876   0.11922700E+01
  877   0.17031600E+01
  878   0.25174600E+01
  879   0.29121700E+01
  880   0.27659600E+01
  881   0.24586500E+01
  882   0.10228310E+02
  883   0.15371970E+02
  884   0.10992280E+02
  885   0.65986800E+01
  886   0.68666700E+01
  887   0.79406900E+01
  888   0.10730290E+02
  889   0.14292530E+02
  890   0.13789550E+02
  891   0.11666680E+02
  892   0.18550620E+02
  893   0.44782490E+02
  894   0.10219959E+03
  895   0.15516851E+03
  896   0.17198640E+03
  897   0.58688520E+03
  898   0.80072817E+03
  899   0.62722845E+03
  900   0.39046033E+03
  901   0.22378460E+03
  902   0.12491323E+03
  903   0.75560050E+02
  904   0.47490940E+02
  905   0.31780550E+02
  906   0.19930190E+02
  907   0.21158960E+02
  908   0.24913310E+02
  909   0.17619290E+02
  910   0.12810480E+02
  911   0.10741900E+02
  912   0.30422500E+02
  913   0.38851140E+02
  914   0.27478100E+02
  915   0.17543930E+02
  916   0.94058100E+01
  917   0.52791400E+01
  918   0.36328000E+01
  919   0.26979800E+01
  920   0.21029800E+01
  921   0.17108000E+01
  922   0.13037600E+01
  923   0.89914000E+00
  924   0.65218000E+00
  925   0.66080000E+01
  926   0.22603970E+02
  927   0.12165319E+03
  928   0.52608222E+03
  929   0.61294096E+03
  930   0.53395182E+03
  931   0.38016750E+03
  932   0.44454223E+03
  933   0.76727070E+03
  934   0.63716818E+03
  935   0.50675804E+03
  936   0.49584753E+03
  937   0.41868924E+03
  938   0.37411440E+03
  939   0.41920492E+03
  940   0.38212066E+03
  941   0.37328919E+03
  942   0.38276681E+03
  943   0.24398677E+03
  944   0.13485211E+03
  945   0.75943520E+02
  946   0.51740310E+02
  947   0.78408170E+02
  948   0.30166418E+03
  949   0.23527643E+03
  950   0.20279750E+03
  951   0.47322007E+03
  952   0.53283335E+03
  953   0.36528891E+03
  954   0.24142635E+03
  955   0.18074573E+03
  956   0.14244050E+03
  957   0.10411301E+03
  958   0.79281890E+02
  959   0.76704400E+02
  960   0.88957600E+02
  961   0.21757311E+03
  962   0.34881775E+03
  963   0.59473124E+03
  964   0.90474448E+03
  965   0.10759156E+04
  966   0.87753553E+03
  967   0.87482270E+03
  968   0.10209841E+04
  969   0.72286995E+03
  970   0.48805097E+03
  971   0.26305778E+03
  972   0.14451706E+03
  973   0.96276790E+02
  974   0.83651410E+02
  975   0.15173565E+03
  976   0.18613226E+03
  977   0.12185681E+03
  978   0.69157400E+02
  979   0.43277600E+02
  980   0.29191680E+02
  981   0.20270010E+02
  982   0.14554000E+02
  983   0.13991520E+02
  984   0.14878740E+02
  985   0.55057610E+02
  986   0.86937354E+03
  987   0.22600520E+04
  988   0.10612734E+04
  989   0.40490397E+03
  990   0.18521136E+03
  991   0.97515520E+02
  992   0.55686520E+02
  993   0.62992330E+02
  994   0.34445128E+03
  995   0.10694769E+04
  996   0.15315319E+04
  997   0.11839224E+04
  998   0.13721108E+04
  999   0.27083678E+04
 1000   0.14010473E+04
 1001   0.19363428E+04
 1002   0.12623641E+04
 1003   0.48446705E+03
 1004   0.21351012E+03
 1005   0.11161113E+03
 1006   0.62556120E+02
 1007   0.37984360E+02
 1008   0.24172610E+02
 1009   0.16123850E+02
 1010   0.14351470E+02
 1011   0.21479790E+02
 1012   0.10392244E+03
 1013   0.91549480E+02
 1014   0.70004490E+02
 1015   0.64577470E+02
 1016   0.70815030E+02
 1017   0.40815264E+03
 1018   0.79831183E+03
 1019   0.43459055E+03
 1020   0.38808705E+03
 1021   0.66744079E+03
 1022   0.33494497E+03
 1023   0.18673098E+03
 1024   0.11346751E+03
 1025   0.71581530E+02
 1026   0.74573400E+02
 1027   0.12711245E+04
 1028   0.45480765E+04
 1029   0.24104457E+04
 1030   0.80509124E+03
 1031   0.31770502E+03
 1032   0.16204489E+03
 1033   0.17973576E+03
 1034   0.39152233E+03
 1035   0.32890890E+03
 1036   0.17006616E+03
 1037   0.92836620E+02
 1038   0.60684090E+02
 1039   0.15067868E+03
 1040   0.42570879E+03
 1041   0.22583433E+03
 1042   0.11529999E+03
 1043   0.66807040E+02
 1044   0.43633520E+02
 1045   0.30931770E+02
 1046   0.23721110E+02
 1047   0.18703670E+02
 1048   0.14460110E+02
 1049   0.10634490E+02
 1050   0.75277600E+01
 1051   0.49512000E+01
 1052   0.34616800E+01
 1053   0.25694000E+01
 1054   0.20496300E+01
 1055   0.16622900E+01
 1056   0.12759700E+01
 1057   0.10426200E+01
 1058   0.95200000E+00
 1059   0.10362000E+01
 1060   0.15383800E+01
 1061   0.17714600E+01
 1062   0.21541900E+01
 1063   0.23924000E+01
 1064   0.24698700E+01
 1065   0.24003200E+01
 1066   0.22292000E+01
 1067   0.20150800E+01
 1068   0.17655700E+01
 1069   0.16223400E+01
 1070   0.12266900E+01
 1071   0.11596800E+01
 1072   0.15978100E+01
 1073   0.27996600E+01
 1074   0.41404200E+01
 1075   0.62073900E+01
 1076   0.12300720E+02
 1077   0.16526800E+02
 1078   0.15019030E+02
 1079   0.11977730E+02
 1080   0.84708800E+01
 1081   0.58951900E+01
 1082   0.42931300E+01
 1083   0.32723700E+01
 1084   0.26311200E+01
 1085   0.22191500E+01
 1086   0.18993600E+01
 1087   0.16254500E+01
 1088   0.13049000E+01
 1089   0.10157700E+01
 1090   0.77508000E+00
 1091   0.54450000E+00
 1092   0.38207000E+00
 1093   0.28995000E+00
 1094   0.23159000E+00
 1095   0.19136000E+00
 1096   0.16185000E+00
 1097   0.13925000E+00
 1098   0.12140000E+00
 1099   0.10697000E+00
 1100   0.95100000E-01
 1101   0.85640000E-01
 1102   0.76970000E-01
 1103   0.13554000E+00
 1104   0.17017200E+01
 1105   0.69383200E+01
 1106   0.17559730E+02
 1107   0.38885250E+02
 1108   0.31766640E+02
 1109   0.25034200E+02
 1110   0.21060350E+02
 1111   0.15267470E+02
 1112   0.10623810E+02
 1113   0.71554700E+01
 1114   0.51189900E+01
 1115   0.39681700E+01
 1116   0.43995100E+01
 1117   0.47891600E+01
 1118   0.11361090E+02
 1119   0.22479550E+02
 1120   0.32223500E+02
 1121   0.28467470E+02
 1122   0.22697860E+02
 1123   0.17448510E+02
 1124   0.13084450E+02
 1125   0.94883000E+01
 1126   0.65124000E+01
 1127   0.45813400E+01
 1128   0.33858200E+01
 1129   0.25945200E+01
 1130   0.20433400E+01
 1131   0.14417100E+01
 1132   0.10436700E+01
 1133   0.69096000E+00
 1134   0.48134000E+00
 1135   0.37158000E+00
 1136   0.30325000E+00
 1137   0.25016000E+00
 1138   0.19377000E+00
 1139   0.20487000E+00
 1140   0.32432000E+00
 1141   0.13959700E+01
 1142   0.30351100E+01
 1143   0.60526100E+01
 1144   0.70520200E+01
 1145   0.64133600E+01
 1146   0.50638000E+01
 1147   0.38484500E+01
 1148   0.30837400E+01
 1149   0.24347600E+01
 1150   0.20069100E+01
 1151   0.17089100E+01
 1152   0.13531400E+01
 1153   0.15663500E+01
 1154   0.32743900E+01
 1155   0.25292900E+02
 1156   0.27606680E+02
 1157   0.22593470E+02
 1158   0.17827040E+02
 1159   0.14153340E+02
 1160   0.11676380E+02
 1161   0.91224000E+01
 1162   0.59700300E+01
 1163   0.42574400E+01
 1164   0.32258700E+01
 1165   0.25187900E+01
 1166   0.20538500E+01
 1167   0.16464300E+01
 1168   0.11613400E+01
 1169   0.83254000E+00
 1170   0.58166000E+00
 1171   0.39816000E+00
 1172   0.29734000E+00
 1173   0.23628000E+00
 1174   0.19526000E+00
 1175   0.16611000E+00
 1176   0.14322000E+00
 1177   0.13135000E+00
 1178   0.13172000E+00
 1179   0.34907800E+01
 1180   0.12491010E+02
 1181   0.13674220E+02
 1182   0.18252900E+02
 1183   0.23564830E+02
 1184   0.21312910E+02
 1185   0.16789460E+02
 1186   0.12158690E+02
 1187   0.98405100E+01
 1188   0.13173790E+02
 1189   0.24281550E+02
 1190   0.21648810E+02
 1191   0.17249910E+02
 1192   0.12032790E+02
 1193   0.72788600E+01
 1194   0.52867900E+01
 1195   0.40635200E+01
 1196   0.32386700E+01
 1197   0.26766500E+01
 1198   0.22513100E+01
 1199   0.17536100E+01
 1200   0.13236200E+01
 1201   0.93442000E+00
 1202   0.65162000E+00
 1203   0.44959000E+00
 1204   0.33637000E+00
 1205   0.26550000E+00
 1206   0.21747000E+00
 1207   0.18276000E+00
 1208   0.15662000E+00
 1209   0.13859000E+00
 1210   0.11807000E+00
 1211   0.10976000E+00
 1212   0.97410000E-01
 1213   0.88470000E-01
 1214   0.81960000E-01
 1215   0.77680000E-01
 1216   0.75650000E-01
 1217   0.86640000E-01
 1218   0.89800000E-01
 1219   0.12746000E+00
 1220   0.53595000E+00
 1221   0.79306000E+00
 1222   0.97550000E+00
 1223   0.18846900E+01
 1224   0.28444200E+01
 1225   0.58453400E+01
 1226   0.17199040E+02
 1227   0.23789480E+02
 1228   0.43031140E+02
 1229   0.33957580E+02
 1230   0.25516670E+02
 1231   0.19565680E+02
 1232   0.24779360E+02
 1233   0.43198900E+02
 1234   0.46013690E+02
 1235   0.45749860E+02
 1236   0.50321470E+02
 1237   0.13510244E+03
 1238   0.12184989E+03
 1239   0.83141940E+02
 1240   0.59861500E+02
 1241   0.41352040E+02
 1242   0.27843060E+02
 1243   0.18021450E+02
 1244   0.13170160E+02
 1245   0.38083760E+02
 1246   0.46463357E+03
 1247   0.42503310E+03
 1248   0.22928833E+03
 1249   0.12753377E+03
 1250   0.74815620E+02
 1251   0.44831910E+02
 1252   0.28537130E+02
 1253   0.19096090E+02
 1254   0.12850530E+02
 1255   0.93394600E+01
 1256   0.49730280E+02
 1257   0.20447750E+03
 1258   0.19104965E+03
 1259   0.45914115E+03
 1260   0.56579981E+03
 1261   0.39889803E+03
 1262   0.29732873E+03
 1263   0.67723890E+03
 1264   0.82431360E+03
 1265   0.70829927E+03
 1266   0.41874376E+03
 1267   0.22227355E+03
 1268   0.12333390E+03
 1269   0.72787080E+02
 1270   0.45212110E+02
 1271   0.82348640E+02
 1272   0.61416790E+02
 1273   0.46191410E+02
 1274   0.30754210E+02
 1275   0.17590430E+02
 1276   0.10095640E+02
 1277   0.95435000E+01
 1278   0.22253860E+02
 1279   0.15972729E+03
 1280   0.11696120E+03
 1281   0.67025700E+02
 1282   0.10555878E+03
 1283   0.15087317E+03
 1284   0.86237280E+02
 1285   0.57939240E+02
 1286   0.52017650E+02
 1287   0.78275620E+02
 1288   0.29096057E+03
 1289   0.59529991E+03
 1290   0.70895517E+03
 1291   0.64015255E+03
 1292   0.56757006E+03
 1293   0.52540628E+03
 1294   0.52248504E+03
 1295   0.62758668E+03
 1296   0.69053212E+03
 1297   0.51760627E+03
 1298   0.31126292E+03
 1299   0.17448610E+03
 1300   0.96592940E+02
 1301   0.55055190E+02
 1302   0.34340550E+02
 1303   0.23502200E+02
 1304   0.16984550E+02
 1305   0.77292620E+02
 1306   0.65781620E+02
 1307   0.40563500E+02
 1308   0.29892030E+02
 1309   0.28811030E+02
 1310   0.87431340E+02
 1311   0.64762400E+02
 1312   0.65806070E+02
 1313   0.92070565E+03
 1314   0.22297842E+04
 1315   0.24072267E+04
 1316   0.22318902E+04
 1317   0.15183356E+04
 1318   0.14113446E+04
 1319   0.19201227E+04
 1320   0.27081922E+04
 1321   0.59958762E+04
 1322   0.42536754E+04
 1323   0.19939839E+04
 1324   0.20223732E+04
 1325   0.30087097E+04
 1326   0.79726338E+04
 1327   0.60859934E+04
 1328   0.12206905E+04
 1329   0.50716561E+03
 1330   0.31996561E+03
 1331   0.20439382E+03
 1332   0.19758201E+03
 1333   0.26333109E+03
 1334   0.37781580E+03
 1335   0.56538626E+03
 1336   0.12545034E+04
 1337   0.20215092E+04
 1338   0.12265705E+04
 1339   0.89841990E+03
 1340   0.87426739E+03
 1341   0.43568158E+03
 1342   0.24242526E+03
 1343   0.20470673E+03
 1344   0.20897523E+03
 1345   0.17740564E+03
 1346   0.13305776E+03
 1347   0.13507085E+03
 1348   0.81560977E+03
 1349   0.15977573E+04
 1350   0.17640889E+04
 1351   0.83034162E+03
 1352   0.52431267E+03
 1353   0.62753954E+03
 1354   0.50005508E+03
 1355   0.71263674E+03
 1356   0.53126968E+03
 1357   0.27085073E+03
 1358   0.16269827E+03
 1359   0.17994966E+03
 1360   0.43050994E+03
 1361   0.11219800E+04
 1362   0.36660494E+04
 1363   0.21604627E+04
 1364   0.82148696E+03
 1365   0.39866711E+03
 1366   0.25415070E+03
 1367   0.25812896E+03
 1368   0.31113923E+03
 1369   0.23067327E+03
 1370   0.48859216E+04
 1371   0.24309057E+04
 1372   0.21176961E+04
 1373   0.14194093E+04
 1374   0.66823211E+03
 1375   0.28077354E+03
 1376   0.13882490E+03
 1377   0.74169210E+02
 1378   0.43548170E+02
 1379   0.27651450E+02
 1380   0.18951370E+02
 1381   0.14867980E+02
 1382   0.21037170E+02
 1383   0.54567970E+02
 1384   0.20596574E+03
 1385   0.18403041E+03
 1386   0.13009801E+03
 1387   0.34919276E+03
 1388   0.32044827E+04
 1389   0.13834197E+04
 1390   0.56124225E+03
 1391   0.26000187E+03
 1392   0.14507924E+03
 1393   0.91747300E+02
 1394   0.59583020E+02
 1395   0.40045900E+02
 1396   0.27534640E+02
 1397   0.26696820E+02
 1398   0.90242573E+03
 1399   0.28814237E+04
 1400   0.24464370E+04
 1401   0.14462434E+04
 1402   0.67329807E+03
 1403   0.32029085E+03
 1404   0.16306499E+03
 1405   0.92824010E+02
 1406   0.57825410E+02
 1407   0.38702850E+02
 1408   0.26029840E+02
 1409   0.18475390E+02
 1410   0.13615080E+02
 1411   0.98764400E+01
 1412   0.67033400E+01
 1413   0.46249300E+01
 1414   0.33240000E+01
 1415   0.25021800E+01
 1416   0.19688600E+01
 1417   0.15519800E+01
 1418   0.10202500E+01
 1419   0.70093000E+00
 1420   0.45424000E+00
 1421   0.32256000E+00
 1422   0.24883000E+00
 1423   0.20244000E+00
 1424   0.17158000E+00
 1425   0.15279000E+00
 1426   0.13024400E+02
 1427   0.29329626E+03
 1428   0.11941664E+04
 1429   0.68652073E+03
 1430   0.30478195E+03
 1431   0.15202227E+03
 1432   0.83978870E+02
 1433   0.48796080E+02
 1434   0.30589070E+02
 1435   0.20543030E+02
 1436   0.14267730E+02
 1437   0.99636300E+01
 1438   0.66557300E+01
 1439   0.41570100E+01
 1440   0.30178000E+01
 1441   0.22847700E+01
 1442   0.17849400E+01
 1443   0.12941500E+01
 1444   0.91498000E+00
 1445   0.65713000E+00
 1446   0.49776000E+00
 1447   0.52857000E+00
 1448   0.52506000E+00
 1449   0.50570000E+00
 1450   0.46960000E+00
 1451   0.39643000E+00
 1452   0.31538000E+00
 1453   0.28756000E+00
 1454   0.45440200E+01
 1455   0.21119020E+02
 1456   0.21236740E+02
 1457   0.21715310E+02
 1458   0.27493740E+02
 1459   0.26084210E+02
 1460   0.20226680E+02
 1461   0.14780690E+02
 1462   0.10996440E+02
 1463   0.79607600E+01
 1464   0.55347800E+01
 1465   0.39084600E+01
 1466   0.29058100E+01
 1467   0.22334200E+01
 1468   0.17532100E+01
 1469   0.12504400E+01
 1470   0.81022000E+00
 1471   0.51190000E+00
 1472   0.59067000E+00
 1473   0.75221000E+00
 1474   0.12025000E+01
 1475   0.17845200E+01
 1476   0.27796600E+01
 1477   0.33126200E+01
 1478   0.31480500E+01
 1479   0.29166800E+01
 1480   0.23578200E+01
 1481   0.22257400E+01
 1482   0.22652400E+01
 1483   0.31490300E+01
 1484   0.30930000E+01
 1485   0.26167700E+01
 1486   0.30362000E+01
 1487   0.35316700E+01
 1488   0.48106500E+01
 1489   0.50966900E+01
 1490   0.40544800E+01
 1491   0.38456200E+01
 1492   0.36339200E+01
 1493   0.32351100E+01
 1494   0.28428400E+01
 1495   0.24997300E+01
 1496   0.21905000E+01
 1497   0.19158000E+01
 1498   0.15156200E+01
 1499   0.10433000E+01
 1500   0.74009000E+00
 1501   0.50529000E+00
 1502   0.38787000E+00
 1503   0.39035000E+00
 1504   0.47434000E+00
 1505   0.50002000E+00
 1506   0.45503000E+00
 1507   0.53905000E+00
 1508   0.67480000E+00
 1509   0.17104900E+01
 1510   0.30224900E+01
 1511   0.92288200E+01
 1512   0.17167740E+02
 1513   0.19126170E+02
 1514   0.49404700E+02
 1515   0.10142901E+03
 1516   0.84987000E+02
 1517   0.66421590E+02
 1518   0.52800280E+02
 1519   0.43039400E+02
 1520   0.34162200E+02
 1521   0.24687790E+02
 1522   0.22149760E+02
 1523   0.19535830E+02
 1524   0.13893500E+02
 1525   0.90199400E+01
 1526   0.59977500E+01
 1527   0.44080200E+01
 1528   0.34773700E+01
 1529   0.28601100E+01
 1530   0.23913400E+01
 1531   0.17402500E+01
 1532   0.12634000E+01
 1533   0.92903000E+00
 1534   0.65122000E+00
 1535   0.46802000E+00
 1536   0.51840000E+00
 1537   0.16333200E+01
 1538   0.35188900E+01
 1539   0.34004000E+01
 1540   0.27627900E+01
 1541   0.19275100E+01
 1542   0.15833900E+01
 1543   0.13444700E+01
 1544   0.11800400E+01
 1545   0.90940000E+00
 1546   0.75564000E+00
 1547   0.90106000E+00
 1548   0.13588500E+01
 1549   0.63752400E+01
 1550   0.10181740E+02
 1551   0.84816600E+01
 1552   0.48629200E+01
 1553   0.38666400E+01
 1554   0.32494200E+01
 1555   0.27927300E+01
 1556   0.24504400E+01
 1557   0.21716300E+01
 1558   0.18250100E+01
 1559   0.13960200E+01
 1560   0.99501000E+00
 1561   0.83878000E+00
 1562   0.62747000E+00
 1563   0.69024000E+00
 1564   0.79650000E+00
 1565   0.85655000E+00
 1566   0.91240000E+00
 1567   0.11044800E+01
 1568   0.94989000E+00
 1569   0.12634100E+01
 1570   0.61416600E+01
 1571   0.57759270E+02
 1572   0.62067990E+02
 1573   0.52594740E+02
 1574   0.40724230E+02
 1575   0.28119990E+02
 1576   0.19288540E+02
 1577   0.13412260E+02
 1578   0.96244200E+01
 1579   0.24198220E+02
 1580   0.73958650E+02
 1581   0.63312620E+02
 1582   0.71672850E+02
 1583   0.63940680E+02
 1584   0.43854360E+02
 1585   0.33248460E+02
 1586   0.25753380E+02
 1587   0.22660580E+02
 1588   0.23555950E+02
 1589   0.24734500E+02
 1590   0.22053670E+02
 1591   0.17943520E+02
 1592   0.14051210E+02
 1593   0.99891300E+01
 1594   0.67138500E+01
 1595   0.45790600E+01
 1596   0.33312800E+01
 1597   0.14689170E+02
 1598   0.25628360E+02
 1599   0.18662840E+02
 1600   0.12517290E+02
 1601   0.80617900E+01
 1602   0.67124600E+01
 1603   0.59088600E+01
 1604   0.54038100E+01
 1605   0.54131700E+01
 1606   0.52571700E+01
 1607   0.46174000E+01
 1608   0.39180300E+01
 1609   0.33380200E+01
 1610   0.48119300E+01
 1611   0.13862300E+02
 1612   0.25585520E+02
 1613   0.41187800E+02
 1614   0.11511596E+03
 1615   0.15916865E+03
 1616   0.43833493E+03
 1617   0.32800357E+03
 1618   0.25550378E+03
 1619   0.25914902E+03
 1620   0.22669354E+03
 1621   0.17818533E+03
 1622   0.15555799E+03
 1623   0.96446640E+02
 1624   0.60775820E+02
 1625   0.44274290E+02
 1626   0.37780840E+02
 1627   0.29714440E+02
 1628   0.42772970E+02
 1629   0.67232170E+02
 1630   0.46314540E+02
 1631   0.10772747E+03
 1632   0.68575140E+02
 1633   0.40941070E+02
 1634   0.25707450E+02
 1635   0.19742440E+02
 1636   0.20666350E+02
 1637   0.24811630E+02
 1638   0.33056680E+02
 1639   0.15766899E+03
 1640   0.12314929E+03
 1641   0.70546730E+02
 1642   0.44457280E+02
 1643   0.39566590E+02
 1644   0.31968370E+02
 1645   0.22040490E+02
 1646   0.14485390E+02
 1647   0.88044000E+01
 1648   0.52390100E+01
 1649   0.40308300E+01
 1650   0.46372000E+01
 1651   0.18059710E+02
 1652   0.20535777E+03
 1653   0.66260143E+03
 1654   0.61594220E+03
 1655   0.37478952E+03
 1656   0.22525325E+03
 1657   0.19672359E+03
 1658   0.44865350E+03
 1659   0.76669992E+03
 1660   0.79741463E+03
 1661   0.95571309E+03
 1662   0.83937161E+03
 1663   0.56851118E+03
 1664   0.44759889E+03
 1665   0.39563469E+03
 1666   0.31930691E+03
 1667   0.22010104E+03
 1668   0.13489814E+03
 1669   0.79108310E+02
 1670   0.47181860E+02
 1671   0.30164170E+02
 1672   0.20332880E+02
 1673   0.14103010E+02
 1674   0.97412500E+01
 1675   0.59677900E+01
 1676   0.40393100E+01
 1677   0.30353800E+01
 1678   0.35489000E+01
 1679   0.16402430E+02
 1680   0.94334550E+02
 1681   0.25675849E+03
 1682   0.42273284E+03
 1683   0.54772213E+03
 1684   0.61657591E+03
 1685   0.47936237E+03
 1686   0.28092223E+03
 1687   0.15279827E+03
 1688   0.84320900E+02
 1689   0.48463160E+02
 1690   0.32504950E+02
 1691   0.31790750E+02
 1692   0.60544134E+03
 1693   0.23202689E+04
 1694   0.21713920E+04
 1695   0.11561327E+04
 1696   0.64919080E+03
 1697   0.34568410E+03
 1698   0.26325748E+03
 1699   0.31893635E+03
 1700   0.27451068E+03
 1701   0.17378069E+03
 1702   0.96719090E+02
 1703   0.55780020E+02
 1704   0.35225450E+02
 1705   0.24213800E+02
 1706   0.18909700E+02
 1707   0.16777110E+02
 1708   0.15928130E+02
 1709   0.13958260E+02
 1710   0.11274180E+02
 1711   0.89793700E+01
 1712   0.92461500E+01
 1713   0.98788600E+01
 1714   0.16483550E+02
 1715   0.41964060E+02
 1716   0.84889300E+02
 1717   0.23997067E+03
 1718   0.67878165E+03
 1719   0.13295535E+04
 1720   0.11626392E+04
 1721   0.22494113E+04
 1722   0.32992996E+04
 1723   0.56145781E+04
 1724   0.75798341E+04
 1725   0.16207319E+04
 1726   0.15337898E+04
 1727   0.54826968E+04
 1728   0.55909144E+04
 1729   0.18741830E+04
 1730   0.56589892E+03
 1731   0.23475558E+03
 1732   0.14385093E+03
 1733   0.29125718E+03
 1734   0.38540263E+03
 1735   0.30768506E+03
 1736   0.66927754E+03
 1737   0.36344397E+04
 1738   0.26640670E+04
 1739   0.10779232E+04
 1740   0.58631923E+04
 1741   0.43418808E+04
 1742   0.14056009E+04
 1743   0.53987702E+03
 1744   0.22749989E+03
 1745   0.11354671E+03
 1746   0.61912440E+02
 1747   0.36881910E+02
 1748   0.23601270E+02
 1749   0.16240490E+02
 1750   0.11443830E+02
 1751   0.77512400E+01
 1752   0.51120900E+01
 1753   0.36778200E+01
 1754   0.27867200E+01
 1755   0.22426100E+01
 1756   0.18725300E+01
 1757   0.14535300E+01
 1758   0.12131300E+01
 1759   0.10201000E+01
 1760   0.89041000E+00
 1761   0.82634000E+00
 1762   0.76458000E+00
 1763   0.67839000E+00
 1764   0.57183000E+00
 1765   0.44010000E+00
 1766   0.34765000E+00
 1767   0.15257220E+02
 1768   0.38116284E+03
 1769   0.34075061E+04
 1770   0.45798325E+04
 1771   0.11095187E+04
 1772   0.38627768E+03
 1773   0.17588153E+03
 1774   0.94548470E+02
 1775   0.54381000E+02
 1776   0.34105860E+02
 1777   0.21922980E+02
 1778   0.15600800E+02
 1779   0.13364320E+02
 1780   0.29461010E+02
 1781   0.52425470E+02
 1782   0.40958790E+02
 1783   0.28141740E+02
 1784   0.19507580E+02
 1785   0.13837480E+02
 1786   0.99033300E+01
 1787   0.64865100E+01
 1788   0.45163000E+01
 1789   0.31076600E+01
 1790   0.27555900E+01
 1791   0.32014100E+01
 1792   0.30413100E+01
 1793   0.24889200E+01
 1794   0.19810000E+01
 1795   0.15682800E+01
 1796   0.11466100E+01
 1797   0.87298000E+00
 1798   0.62766000E+00
 1799   0.50416000E+00
 1800   0.55028000E+00
 1801   0.62312000E+00
 1802   0.59577000E+00
 1803   0.60547000E+00
 1804   0.54503600E+01
 1805   0.21142360E+02
 1806   0.60489010E+02
 1807   0.70790250E+02
 1808   0.47426730E+02
 1809   0.31284370E+02
 1810   0.21606830E+02
 1811   0.15417540E+02
 1812   0.11051780E+02
 1813   0.81591000E+01
 1814   0.83035100E+01
 1815   0.29901480E+02
 1816   0.36019960E+02
 1817   0.53067750E+02
 1818   0.51357830E+02
 1819   0.36233960E+02
 1820   0.25580170E+02
 1821   0.26888500E+02
 1822   0.13636691E+03
 1823   0.73701846E+03
 1824   0.77819175E+03
 1825   0.45320179E+03
 1826   0.24902636E+03
 1827   0.13923431E+03
 1828   0.81144910E+02
 1829   0.47801780E+02
 1830   0.29808580E+02
 1831   0.20369390E+02
 1832   0.14347480E+02
 1833   0.10208830E+02
 1834   0.70769400E+01
 1835   0.52760900E+01
 1836   0.53096000E+01
 1837   0.38205180E+02
 1838   0.33603650E+02
 1839   0.22889230E+02
 1840   0.16178300E+02
 1841   0.11132740E+02
 1842   0.83556800E+01
 1843   0.64851200E+01
 1844   0.49766200E+01
 1845   0.38979600E+01
 1846   0.31453000E+01
 1847   0.26094100E+01
 1848   0.20866300E+01
 1849   0.14299600E+01
 1850   0.99058000E+00
 1851   0.71184000E+00
 1852   0.48748000E+00
 1853   0.35710000E+00
 1854   0.27893000E+00
 1855   0.22724000E+00
 1856   0.19104000E+00
 1857   0.16307000E+00
 1858   0.14168000E+00
 1859   0.13456000E+00
 1860   0.58336400E+01
 1861   0.15037920E+02
 1862   0.25719860E+02
 1863   0.35731610E+02
 1864   0.29770970E+02
 1865   0.22875730E+02
 1866   0.22111740E+02
 1867   0.34595200E+02
 1868   0.42134090E+02
 1869   0.35128200E+02
 1870   0.28654990E+02
 1871   0.21098580E+02
 1872   0.15875460E+02
 1873   0.11993140E+02
 1874   0.88606800E+01
 1875   0.62806500E+01
 1876   0.46560500E+01
 1877   0.39865700E+01
 1878   0.36073900E+01
 1879   0.79124200E+01
 1880   0.10661680E+02
 1881   0.93714000E+01
 1882   0.63632200E+01
 1883   0.47788500E+01
 1884   0.39244500E+01
 1885   0.33447500E+01
 1886   0.28950500E+01
 1887   0.24993300E+01
 1888   0.21348800E+01
 1889   0.16919300E+01
 1890   0.10956000E+01
 1891   0.75928000E+00
 1892   0.52787000E+00
 1893   0.39063000E+00
 1894   0.30630000E+00
 1895   0.25021000E+00
 1896   0.21061000E+00
 1897   0.18470000E+00
 1898   0.16082000E+00
 1899   0.14275000E+00
 1900   0.12993000E+00
 1901   0.35050000E+00
 1902   0.19609900E+01
 1903   0.38341200E+01
 1904   0.53566000E+01
 1905   0.59636600E+01
 1906   0.63029700E+01
 1907   0.68550800E+01
 1908   0.84112700E+01
 1909   0.92639600E+01
 1910   0.58447700E+01
 1911   0.40936900E+01
 1912   0.31984200E+01
 1913   0.25141900E+01
 1914   0.20363700E+01
 1915   0.16911200E+01
 1916   0.16113500E+01
 1917   0.13752300E+01
 1918   0.12705400E+01
 1919   0.12840400E+01
 1920   0.18711600E+01
 1921   0.80703100E+01
 1922   0.15384820E+02
 1923   0.15313490E+02
 1924   0.11180020E+02
 1925   0.73454400E+01
 1926   0.66263100E+01
 1927   0.13822770E+02
 1928   0.15163050E+02
 1929   0.11393670E+02
 1930   0.71432300E+01
 1931   0.43902900E+01
 1932   0.34635900E+01
 1933   0.28743600E+01
 1934   0.24528400E+01
 1935   0.21237900E+01
 1936   0.17431900E+01
 1937   0.14863800E+01
 1938   0.12930700E+01
 1939   0.11678900E+01
 1940   0.21760000E+01
 1941   0.93356600E+01
 1942   0.53628550E+02
 1943   0.44900810E+02
 1944   0.41916660E+02
 1945   0.41866850E+02
 1946   0.35833070E+02
 1947   0.25728390E+02
 1948   0.17223470E+02
 1949   0.11705980E+02
 1950   0.81117900E+01
 1951   0.51933200E+01
 1952   0.38619600E+01
 1953   0.29550100E+01
 1954   0.23498300E+01
 1955   0.18805100E+01
 1956   0.16588900E+01
 1957   0.15369800E+01
 1958   0.16638500E+01
 1959   0.15909400E+01
 1960   0.13346300E+01
 1961   0.11537200E+01
 1962   0.10465900E+01
 1963   0.10301300E+01
 1964   0.10699700E+01
 1965   0.10144600E+01
 1966   0.92616000E+00
 1967   0.83093000E+00
 1968   0.63301000E+00
 1969   0.51072000E+00
 1970   0.43234000E+00
 1971   0.60008000E+01
 1972   0.14269590E+02
 1973   0.51742260E+02
 1974   0.64039940E+02
 1975   0.50701590E+02
 1976   0.36441280E+02
 1977   0.25643210E+02
 1978   0.18273830E+02
 1979   0.13561640E+02
 1980   0.10230110E+02
 1981   0.17102400E+02
 1982   0.20288140E+02
 1983   0.14794390E+02
 1984   0.25497320E+02
 1985   0.28535400E+02
 1986   0.39371060E+02
 1987   0.37521950E+02
 1988   0.36789550E+02
 1989   0.19107194E+03
 1990   0.14675845E+03
 1991   0.14493441E+03
 1992   0.11394711E+03
 1993   0.71488630E+02
 1994   0.47430870E+02
 1995   0.31483380E+02
 1996   0.21619250E+02
 1997   0.59891820E+02
 1998   0.49209580E+02
 1999   0.36563810E+02
 2000   0.17729980E+03
 2001   0.31671961E+03
 2002   0.28846964E+03
 2003   0.17282896E+03
 2004   0.10118168E+03
 2005   0.59743220E+02
 2006   0.13120833E+03
 2007   0.13284091E+04
 2008   0.79095016E+03
 2009   0.47031624E+03
 2010   0.32768423E+03
 2011   0.19329192E+03
 2012   0.14096507E+03
 2013   0.13484305E+03
 2014   0.11971125E+03
 2015   0.82521040E+02
 2016   0.66971840E+02
 2017   0.87346320E+02
 2018   0.13074720E+03
 2019   0.15808390E+03
 2020   0.15065319E+03
 2021   0.14967291E+03
 2022   0.15559991E+03
 2023   0.16503737E+03
 2024   0.18837231E+03
 2025   0.50486882E+03
 2026   0.58291441E+03
 2027   0.44567380E+03
 2028   0.33073263E+03
 2029   0.39280249E+03
 2030   0.35406336E+03
 2031   0.21443209E+03
 2032   0.12889599E+03
 2033   0.10186937E+03
 2034   0.12380003E+03
 2035   0.15125973E+03
 2036   0.16181582E+03
 2037   0.16038611E+03
 2038   0.12170724E+03
 2039   0.96144580E+02
 2040   0.10152023E+03
 2041   0.17643825E+03
 2042   0.22840248E+03
 2043   0.21272860E+03
 2044   0.19523256E+03
 2045   0.35984265E+03
 2046   0.37104937E+03
 2047   0.29224513E+03
 2048   0.21267406E+03
 2049   0.15266278E+03
 2050   0.12512354E+03
 2051   0.13310305E+03
 2052   0.18518741E+03
 2053   0.22419280E+03
 2054   0.18252332E+03
 2055   0.17446823E+03
 2056   0.26378565E+03
 2057   0.32628081E+03
 2058   0.37672936E+03
 2059   0.17012334E+04
 2060   0.13883835E+04
 2061   0.74544748E+03
 2062   0.62706805E+03
 2063   0.50841440E+03
 2064   0.24382313E+03
 2065   0.12937184E+03
 2066   0.72825410E+02
 2067   0.42922110E+02
 2068   0.35456800E+02
 2069   0.49672460E+02
 2070   0.32148330E+03
 2071   0.74788792E+03
 2072   0.46202916E+03
 2073   0.31478081E+03
 2074   0.32600733E+03
 2075   0.25386817E+03
 2076   0.19719892E+03
 2077   0.17818606E+03
 2078   0.16797100E+03
 2079   0.12810276E+03
 2080   0.85254390E+02
 2081   0.54154200E+02
 2082   0.59478450E+02
 2083   0.17281892E+04
 2084   0.13929694E+04
 2085   0.57350126E+03
 2086   0.31084627E+03
 2087   0.24437755E+03
 2088   0.55321181E+03
 2089   0.57866622E+03
 2090   0.68160661E+03
 2091   0.12036485E+04
 2092   0.73055453E+03
 2093   0.65954219E+03
 2094   0.36158994E+03
 2095   0.16573139E+03
 2096   0.85581590E+02
 2097   0.57190630E+02
 2098   0.89621460E+02
 2099   0.17887816E+04
 2100   0.35643780E+04
 2101   0.32635664E+04
 2102   0.21621591E+04
 2103   0.13860020E+04
 2104   0.13262730E+04
 2105   0.12895094E+04
 2106   0.38033842E+04
 2107   0.90445755E+04
 2108   0.62228164E+04
 2109   0.24100056E+04
 2110   0.70556423E+03
 2111   0.27667976E+03
 2112   0.13589050E+03
 2113   0.74174760E+02
 2114   0.43418650E+02
 2115   0.27016760E+02
 2116   0.17809350E+02
 2117   0.11891630E+02
 2118   0.80298700E+01
 2119   0.52971200E+01
 2120   0.37359900E+01
 2121   0.28056600E+01
 2122   0.22267900E+01
 2123   0.18185100E+01
 2124   0.14894000E+01
 2125   0.11588500E+01
 2126   0.81251000E+00
 2127   0.56525000E+00
 2128   0.40299000E+00
 2129   0.30795000E+00
 2130   0.24738000E+00
 2131   0.17704000E+00
 2132   0.21622200E+01
 2133   0.15278664E+03
 2134   0.36490867E+03
 2135   0.33201646E+03
 2136   0.72107697E+03
 2137   0.74866741E+03
 2138   0.37108403E+03
 2139   0.18344767E+03
 2140   0.11389639E+03
 2141   0.61969931E+03
 2142   0.39772681E+04
 2143   0.19658850E+04
 2144   0.61354688E+03
 2145   0.25229111E+03
 2146   0.12347869E+03
 2147   0.68593690E+02
 2148   0.40820230E+02
 2149   0.26133860E+02
 2150   0.17615130E+02
 2151   0.12245940E+02
 2152   0.88055900E+01
 2153   0.61150200E+01
 2154   0.48598000E+01
 2155   0.46898000E+01
 2156   0.57735800E+01
 2157   0.73355100E+01
 2158   0.67435100E+01
 2159   0.57139200E+01
 2160   0.61367400E+01
 2161   0.79352200E+01
 2162   0.90462790E+02
 2163   0.80719460E+02
 2164   0.62632510E+02
 2165   0.48056970E+02
 2166   0.34964990E+02
 2167   0.26926930E+02
 2168   0.23685760E+02
 2169   0.17691590E+02
 2170   0.11451330E+02
 2171   0.72855800E+01
 2172   0.49830500E+01
 2173   0.37133200E+01
 2174   0.29239000E+01
 2175   0.23939600E+01
 2176   0.19559500E+01
 2177   0.12513600E+01
 2178   0.88502000E+00
 2179   0.67274000E+00
 2180   0.54363000E+00
 2181   0.42990000E+00
 2182   0.33833000E+00
 2183   0.27088000E+00
 2184   0.22235000E+00
 2185   0.18849000E+00
 2186   0.17413000E+00
 2187   0.17886000E+00
 2188   0.18135000E+00
 2189   0.19775000E+00
 2190   0.39683000E+00
 2191   0.28056400E+01
 2192   0.77184500E+01
 2193   0.71313000E+01
 2194   0.50923300E+01
 2195   0.38468200E+01
 2196   0.31949600E+01
 2197   0.23339700E+01
 2198   0.20841100E+01
 2199   0.18657100E+01
 2200   0.16146700E+01
 2201   0.13170100E+01
 2202   0.31472800E+01
 2203   0.14061130E+02
 2204   0.44988430E+02
 2205   0.72620600E+02
 2206   0.56329310E+02
 2207   0.38732990E+02
 2208   0.25087280E+02
 2209   0.17532710E+02
 2210   0.12888830E+02
 2211   0.95343300E+01
 2212   0.67133400E+01
 2213   0.48107000E+01
 2214   0.36226200E+01
 2215   0.28283800E+01
 2216   0.22814700E+01
 2217   0.18534900E+01
 2218   0.12616400E+01
 2219   0.86511000E+00
 2220   0.57942000E+00
 2221   0.41036000E+00
 2222   0.31311000E+00
 2223   0.25074000E+00
 2224   0.83365000E+00
 2225   0.38917800E+01
 2226   0.44650300E+01
 2227   0.62524200E+01
 2228   0.65594300E+01
 2229   0.56909200E+01
 2230   0.41101400E+01
 2231   0.31298700E+01
 2232   0.25285500E+01
 2233   0.26929500E+01
 2234   0.87240700E+01
 2235   0.17645130E+02
 2236   0.26920760E+02
 2237   0.29322910E+02
 2238   0.23199750E+02
 2239   0.16963380E+02
 2240   0.11922470E+02
 2241   0.90035400E+01
 2242   0.66048300E+01
 2243   0.59084400E+01
 2244   0.68268500E+01
 2245   0.82129400E+01
 2246   0.80197100E+01
 2247   0.66151600E+01
 2248   0.51009300E+01
 2249   0.34538800E+01
 2250   0.26321400E+01
 2251   0.20696800E+01
 2252   0.17009300E+01
 2253   0.13980000E+01
 2254   0.12052300E+01
 2255   0.10488600E+01
 2256   0.85387000E+00
 2257   0.69735000E+00
 2258   0.11423000E+01
 2259   0.24082900E+01
 2260   0.28015530E+02
 2261   0.55998460E+02
 2262   0.66257480E+02
 2263   0.58935540E+02
 2264   0.57257490E+02
 2265   0.55331270E+02
 2266   0.46804500E+02
 2267   0.34985900E+02
 2268   0.24967470E+02
 2269   0.16968100E+02
 2270   0.11997620E+02
 2271   0.86427300E+01
 2272   0.59588900E+01
 2273   0.42879700E+01
 2274   0.32055500E+01
 2275   0.24707300E+01
 2276   0.19910200E+01
 2277   0.16412600E+01
 2278   0.12957400E+01
 2279   0.98655000E+00
 2280   0.72984000E+00
 2281   0.50500000E+00
 2282   0.36886000E+00
 2283   0.28498000E+00
 2284   0.23640000E+00
 2285   0.18936000E+00
 2286   0.20715000E+00
 2287   0.20314000E+00
 2288   0.50119000E+00
 2289   0.85024000E+00
 2290   0.11250100E+01
 2291   0.15843300E+01
 2292   0.24171600E+01
 2293   0.44001100E+01
 2294   0.62576600E+01
 2295   0.61814400E+01
 2296   0.50433800E+01
 2297   0.38078000E+01
 2298   0.28647600E+01
 2299   0.22068100E+01
 2300   0.15838400E+01
 2301   0.12193100E+01
 2302   0.11257500E+01
 2303   0.95185000E+00
 2304   0.75913000E+00
 2305   0.62851000E+00
 2306   0.52371000E+00
 2307   0.41727000E+00
 2308   0.32613000E+00
 2309   0.26159000E+00
 2310   0.21542000E+00
 2311   0.18139000E+00
 2312   0.15548000E+00
 2313   0.13525000E+00
 2314   0.12101000E+00
 2315   0.10264000E+00
 2316   0.96700000E-01
 2317   0.86460000E-01
 2318   0.78430000E-01
 2319   0.71730000E-01
 2320   0.66440000E-01
 2321   0.61190000E-01
 2322   0.56620000E-01
 2323   0.52640000E-01
 2324   0.49180000E-01
 2325   0.90180000E-01
 2326   0.30351000E+00
 2327   0.38465000E+00
 2328   0.41607000E+00
 2329   0.74987000E+00
 2330   0.24172350E+02
 2331   0.17752390E+02
 2332   0.11959400E+02
 2333   0.69526200E+01
 2334   0.41040800E+01
 2335   0.29173600E+01
 2336   0.22113300E+01
 2337   0.18269000E+01
 2338   0.10399730E+02
 2339   0.13135240E+02
 2340   0.10285980E+02
 2341   0.92533700E+01
 2342   0.12492080E+02
 2343   0.18907880E+02
 2344   0.14889490E+02
 2345   0.13465674E+03
 2346   0.11324689E+03
 2347   0.92324170E+02
 2348   0.10204869E+03
 2349   0.74176400E+02
 2350   0.47988020E+02
 2351   0.30460710E+02
 2352   0.23665930E+02
 2353   0.25766550E+02
 2354   0.27059570E+02
 2355   0.23044030E+02
 2356   0.19011400E+02
 2357   0.72094050E+02
 2358   0.64549490E+02
 2359   0.69356770E+02
 2360   0.14571500E+03
 2361   0.18230246E+03
 2362   0.13700582E+03
 2363   0.90432640E+02
 2364   0.56454730E+02
 2365   0.36365610E+02
 2366   0.24257840E+02
 2367   0.16652020E+02
 2368   0.11635280E+02
 2369   0.78035100E+01
 2370   0.51072200E+01
 2371   0.35344200E+01
 2372   0.39360000E+01
 2373   0.20126930E+02
 2374   0.10279495E+03
 2375   0.18551680E+03
 2376   0.34981669E+03
 2377   0.11362927E+04
 2378   0.59556894E+03
 2379   0.30911303E+03
 2380   0.18332720E+03
 2381   0.13166332E+03
 2382   0.10358556E+03
 2383   0.87874070E+02
 2384   0.10482624E+03
 2385   0.18565160E+03
 2386   0.17968949E+03
 2387   0.12252121E+03
 2388   0.10759419E+03
 2389   0.37415943E+03
 2390   0.44039552E+03
 2391   0.26440294E+03
 2392   0.14146740E+03
 2393   0.84845060E+02
 2394   0.73740660E+02
 2395   0.64855200E+02
 2396   0.12813412E+03
 2397   0.58816734E+03
 2398   0.10818906E+04
 2399   0.88455663E+03
 2400   0.55905089E+03
 2401   0.38938722E+03
 2402   0.31729281E+03
 2403   0.51731190E+03
 2404   0.10662177E+04
 2405   0.17237614E+04
 2406   0.20777179E+04
 2407   0.66642397E+03
 2408   0.26882597E+03
 2409   0.13576302E+03
 2410   0.82194430E+02
 2411   0.69869440E+02
 2412   0.11447123E+03
 2413   0.18849997E+03
 2414   0.19713850E+03
 2415   0.15366576E+03
 2416   0.10468057E+03
 2417   0.71311970E+02
 2418   0.21018320E+03
 2419   0.72461459E+03
 2420   0.15344308E+04
 2421   0.37301757E+04
 2422   0.20331812E+04
 2423   0.18184949E+04
 2424   0.90606869E+03
 2425   0.43899762E+03
 2426   0.19323537E+03
 2427   0.96736800E+02
 2428   0.61293930E+02
 2429   0.12290000E+03
 2430   0.48114112E+03
 2431   0.13536175E+04
 2432   0.88136086E+03
 2433   0.19769271E+04
 2434   0.25788326E+04
 2435   0.88762896E+03
 2436   0.40889481E+03
 2437   0.66431696E+03
 2438   0.13017568E+04
 2439   0.12218370E+04
 2440   0.98665055E+03
 2441   0.47544941E+03
 2442   0.27921268E+03
 2443   0.72541594E+03
 2444   0.31087125E+04
 2445   0.40679128E+04
 2446   0.81287183E+04
 2447   0.10262964E+05
 2448   0.51123336E+04
 2449   0.39962168E+04
 2450   0.38877258E+04
 2451   0.58455025E+04
 2452   0.32205083E+04
 2453   0.19168087E+04
 2454   0.10705986E+04
 2455   0.47497197E+03
 2456   0.21747123E+03
 2457   0.11365433E+03
 2458   0.63353120E+02
 2459   0.38062040E+02
 2460   0.24634160E+02
 2461   0.16715050E+02
 2462   0.11494930E+02
 2463   0.79873700E+01
 2464   0.49869700E+01
 2465   0.35030800E+01
 2466   0.67668530E+02
 2467   0.41246889E+04
 2468   0.12474255E+04
 2469   0.48652871E+03
 2470   0.28882090E+03
 2471   0.18875953E+03
 2472   0.23706247E+03
 2473   0.26147930E+03
 2474   0.20639965E+03
 2475   0.25721804E+03
 2476   0.71461672E+03
 2477   0.12961723E+04
 2478   0.97732282E+03
 2479   0.20667488E+04
 2480   0.17690179E+04
 2481   0.28901433E+04
 2482   0.20730568E+04
 2483   0.96951756E+03
 2484   0.52910607E+03
 2485   0.41021209E+03
 2486   0.48317572E+03
 2487   0.42108358E+03
 2488   0.23493378E+03
 2489   0.12940805E+03
 2490   0.80369040E+02
 2491   0.52670030E+02
 2492   0.34983240E+02
 2493   0.23876100E+02
 2494   0.16732050E+02
 2495   0.11343550E+02
 2496   0.76025000E+01
 2497   0.14183620E+02
 2498   0.34340320E+02
 2499   0.55740910E+02
 2500   0.74017200E+02
 2501   0.66829610E+02
 2502   0.48901060E+02
 2503   0.53789880E+02
 2504   0.10101707E+03
 2505   0.88136130E+02
 2506   0.73069940E+02
 2507   0.56206320E+02
 2508   0.40400130E+02
 2509   0.28263370E+02
 2510   0.20952390E+02
 2511   0.20616080E+02
 2512   0.38140510E+02
 2513   0.69484980E+02
 2514   0.51288860E+02
 2515   0.32628240E+02
 2516   0.21860730E+02
 2517   0.15408710E+02
 2518   0.11204520E+02
 2519   0.24449863E+03
 2520   0.15039724E+04
 2521   0.81516514E+03
 2522   0.35808819E+03
 2523   0.21494725E+03
 2524   0.13245388E+03
 2525   0.80159540E+02
 2526   0.49942700E+02
 2527   0.32262920E+02
 2528   0.22196040E+02
 2529   0.15787130E+02
 2530   0.11402210E+02
 2531   0.79558800E+01
 2532   0.70475800E+01
 2533   0.28064790E+02
 2534   0.19955571E+03
 2535   0.23489168E+03
 2536   0.13153815E+03
 2537   0.76269510E+02
 2538   0.47458590E+02
 2539   0.30895810E+02
 2540   0.21192610E+02
 2541   0.17635370E+02
 2542   0.20196380E+02
 2543   0.27816570E+02
 2544   0.33792730E+02
 2545   0.33048730E+02
 2546   0.25484270E+02
 2547   0.19175140E+02
 2548   0.14625870E+02
 2549   0.11107570E+02
 2550   0.85231500E+01
 2551   0.72106200E+01
 2552   0.55462000E+01
 2553   0.42427400E+01
 2554   0.33053400E+01
 2555   0.26218400E+01
 2556   0.18857400E+01
 2557   0.14532000E+01
 2558   0.10095600E+01
 2559   0.71082000E+00
 2560   0.57186000E+00
 2561   0.54563000E+00
 2562   0.77621000E+00
 2563   0.89124000E+00
 2564   0.89877000E+00
 2565   0.87866000E+00
 2566   0.80504000E+00
 2567   0.65896000E+00
 2568   0.51537000E+00
 2569   0.41591000E+00
 2570   0.34549000E+00
 2571   0.29301000E+00
 2572   0.25194000E+00
 2573   0.21848000E+00
 2574   0.19060000E+00
 2575   0.16740000E+00
 2576   0.14747000E+00
 2577   0.13082000E+00
 2578   0.13247000E+00
 2579   0.84060900E+01
 2580   0.18805250E+02
 2581   0.26660320E+02
 2582   0.24302530E+02
 2583   0.19620490E+02
 2584   0.14383770E+02
 2585   0.10366110E+02
 2586   0.77717500E+01
 2587   0.52050200E+01
 2588   0.41120500E+01
 2589   0.33883900E+01
 2590   0.28288200E+01
 2591   0.24363500E+01
 2592   0.32187200E+01
 2593   0.10785630E+02
 2594   0.16537211E+03
 2595   0.24189821E+03
 2596   0.18742236E+03
 2597   0.10934291E+03
 2598   0.67543910E+02
 2599   0.52699620E+02
 2600   0.47500270E+02
 2601   0.36389010E+02
 2602   0.27086830E+02
 2603   0.19743350E+02
 2604   0.14184600E+02
 2605   0.10950110E+02
 2606   0.97281600E+01
 2607   0.69982500E+01
 2608   0.73417100E+01
 2609   0.19487890E+02
 2610   0.72173760E+02
 2611   0.81909360E+02
 2612   0.70831300E+02
 2613   0.55258970E+02
 2614   0.39612490E+02
 2615   0.26286060E+02
 2616   0.17813360E+02
 2617   0.12419700E+02
 2618   0.77747500E+01
 2619   0.50662600E+01
 2620   0.37205900E+01
 2621   0.30341900E+01
 2622   0.48412700E+01
 2623   0.47608500E+01
 2624   0.35971500E+01
 2625   0.27424200E+01
 2626   0.20760700E+01
 2627   0.15983000E+01
 2628   0.11271700E+01
 2629   0.88706000E+00
 2630   0.69650000E+00
 2631   0.56081000E+00
 2632   0.43114000E+00
 2633   0.33084000E+00
 2634   0.26353000E+00
 2635   0.21730000E+00
 2636   0.18381000E+00
 2637   0.15838000E+00
 2638   0.13840000E+00
 2639   0.12224000E+00
 2640   0.10892000E+00
 2641   0.97760000E-01
 2642   0.88300000E-01
 2643   0.80400000E-01
 2644   0.10704000E+00
 2645   0.27067000E+00
 2646   0.37132000E+00
 2647   0.49609000E+00
 2648   0.65423000E+00
 2649   0.70046000E+00
 2650   0.68800000E+00
 2651   0.63160000E+00
 2652   0.55512000E+00
 2653   0.47960000E+00
 2654   0.37790000E+00
 2655   0.32603000E+00
 2656   0.34862000E+00
 2657   0.48386000E+00
 2658   0.54935000E+00
 2659   0.50130000E+00
 2660   0.42341000E+00
 2661   0.35176000E+00
 2662   0.31850000E+00
 2663   0.18417700E+01
 2664   0.41149200E+01
 2665   0.36474600E+01
 2666   0.29732800E+01
 2667   0.15345260E+02
 2668   0.24203140E+02
 2669   0.23381210E+02
 2670   0.26086950E+02
 2671   0.23769140E+02
 2672   0.20250140E+02
 2673   0.15683340E+02
 2674   0.12151870E+02
 2675   0.90829200E+01
 2676   0.63343500E+01
 2677   0.47156400E+01
 2678   0.36479900E+01
 2679   0.73997100E+01
 2680   0.16192660E+02
 2681   0.13224040E+02
 2682   0.83416100E+01
 2683   0.52325000E+01
 2684   0.38250700E+01
 2685   0.30766000E+01
 2686   0.26729500E+01
 2687   0.24813100E+01
 2688   0.23740100E+01
 2689   0.20539200E+01
 2690   0.19528800E+01
 2691   0.18955600E+01
 2692   0.19939300E+01
 2693   0.23643300E+01
 2694   0.22066300E+01
 2695   0.18797000E+01
 2696   0.16407200E+01
 2697   0.14441700E+01
 2698   0.15243900E+01
 2699   0.31022200E+01
 2700   0.97101100E+01
 2701   0.15682030E+02
 2702   0.12373120E+02
 2703   0.98834900E+01
 2704   0.12201570E+02
 2705   0.12288230E+02
 2706   0.15711220E+02
 2707   0.33603810E+02
 2708   0.34508370E+02
 2709   0.35187870E+02
 2710   0.64601810E+02
 2711   0.50330000E+02
 2712   0.36093590E+02
 2713   0.24553600E+02
 2714   0.15705100E+02
 2715   0.10508930E+02
 2716   0.69139800E+01
 2717   0.11070590E+02
 2718   0.15699879E+03
 2719   0.21251802E+04
 2720   0.13504575E+04
 2721   0.95812154E+03
 2722   0.46334033E+03
 2723   0.26343948E+03
 2724   0.18113331E+03
 2725   0.12394944E+03
 2726   0.88573920E+02
 2727   0.60889820E+02
 2728   0.41294590E+02
 2729   0.35649270E+02
 2730   0.10373581E+03
 2731   0.21378818E+03
 2732   0.51541752E+03
 2733   0.29796956E+03
 2734   0.22776210E+03
 2735   0.32417874E+03
 2736   0.49054085E+03
 2737   0.58754287E+03
 2738   0.44520457E+03
 2739   0.22552075E+03
 2740   0.13299441E+03
 2741   0.77297740E+02
 2742   0.47077610E+02
 2743   0.29437050E+02
 2744   0.20167080E+02
 2745   0.13785267E+03
 2746   0.21714924E+03
 2747   0.51897582E+03
 2748   0.38311953E+03
 2749   0.29881532E+03
 2750   0.27996733E+03
 2751   0.20462220E+03
 2752   0.17791440E+03
 2753   0.10042552E+03
 2754   0.65128700E+02
 2755   0.45367180E+02
 2756   0.31557420E+02
 2757   0.24041340E+02
 2758   0.22022590E+02
 2759   0.23084970E+02
 2760   0.71164340E+02
 2761   0.86925435E+03
 2762   0.11621515E+04
 2763   0.79294571E+03
 2764   0.42942505E+03
 2765   0.24015742E+03
 2766   0.15427765E+03
 2767   0.10940995E+03
 2768   0.88256970E+02
 2769   0.98982360E+02
 2770   0.19109556E+03
 2771   0.24294175E+03
 2772   0.23340199E+03
 2773   0.92681801E+03
 2774   0.31368547E+04
 2775   0.21857515E+04
 2776   0.99203706E+03
 2777   0.51639938E+03
 2778   0.44645791E+03
 2779   0.99588635E+03
 2780   0.20664214E+04
 2781   0.99563883E+03
 2782   0.49863628E+03
 2783   0.29513865E+03
 2784   0.19221322E+03
 2785   0.27509246E+03
 2786   0.72263817E+03
 2787   0.87096254E+03
 2788   0.67034668E+03
 2789   0.79568803E+03
 2790   0.64298477E+03
 2791   0.47351317E+03
 2792   0.51058916E+03
 2793   0.35256174E+03
 2794   0.18582976E+03
 2795   0.10322185E+03
 2796   0.62951510E+02
 2797   0.44791070E+02
 2798   0.34717010E+02
 2799   0.44501980E+02
 2800   0.10990529E+03
 2801   0.20206960E+03
 2802   0.22363928E+03
 2803   0.35801354E+03
 2804   0.57828813E+03
 2805   0.69196871E+03
 2806   0.71464069E+03
 2807   0.63871033E+03
 2808   0.43421895E+03
 2809   0.49146222E+03
 2810   0.52779798E+03
 2811   0.33567576E+03
 2812   0.30414544E+03
 2813   0.31723710E+03
 2814   0.24016189E+03
 2815   0.14712599E+03
 2816   0.88579200E+02
 2817   0.70414750E+02
 2818   0.68900780E+02
 2819   0.57467740E+02
 2820   0.40925030E+02
 2821   0.29012100E+02
 2822   0.22290460E+02
 2823   0.17326120E+02
 2824   0.13595250E+02
 2825   0.45138880E+02
 2826   0.36352382E+03
 2827   0.63643641E+03
 2828   0.87187831E+04
 2829   0.39160036E+04
 2830   0.15384697E+04
 2831   0.75781974E+03
 2832   0.39099504E+03
 2833   0.87915464E+03
 2834   0.15725084E+04
 2835   0.10369942E+04
 2836   0.79218096E+03
 2837   0.50075692E+03
 2838   0.28560737E+03
 2839   0.16690467E+03
 2840   0.99108560E+02
 2841   0.74816240E+02
 2842   0.38941469E+03
 2843   0.49500233E+04
 2844   0.34430843E+04
 2845   0.62452188E+04
 2846   0.45686107E+04
 2847   0.39620688E+04
 2848   0.27312698E+04
 2849   0.11562528E+04
 2850   0.10208353E+04
 2851   0.57586244E+03
 2852   0.28763478E+03
 2853   0.22395281E+03
 2854   0.24702251E+03
 2855   0.17998080E+03
 2856   0.30083899E+03
 2857   0.42735413E+03
 2858   0.12881481E+04
 2859   0.11567243E+04
 2860   0.67656981E+03
 2861   0.38560281E+03
 2862   0.27180460E+03
 2863   0.20493445E+03
 2864   0.13257682E+03
 2865   0.10657234E+03
 2866   0.87661270E+02
 2867   0.60095720E+02
 2868   0.38806510E+02
 2869   0.25803790E+02
 2870   0.17697380E+02
 2871   0.12501690E+02
 2872   0.14801170E+02
 2873   0.63344210E+02
 2874   0.22326879E+03
 2875   0.16884861E+03
 2876   0.21657696E+03
 2877   0.20196288E+04
 2878   0.18665250E+04
 2879   0.81927426E+03
 2880   0.54246807E+03
 2881   0.68279050E+03
 2882   0.47073001E+03
 2883   0.24043590E+03
 2884   0.12334210E+03
 2885   0.69801540E+02
 2886   0.43305090E+02
 2887   0.28453080E+02
 2888   0.19440380E+02
 2889   0.13673470E+02
 2890   0.96360700E+01
 2891   0.64449400E+01
 2892   0.44535700E+01
 2893   0.32386100E+01
 2894   0.22839200E+01
 2895   0.18055400E+01
 2896   0.12839500E+01
 2897   0.94525000E+00
 2898   0.94567000E+00
 2899   0.14479400E+01
 2900   0.20726000E+01
 2901   0.30228100E+01
 2902   0.38778700E+01
 2903   0.42390800E+01
 2904   0.39867800E+01
 2905   0.30368100E+01
 2906   0.24489700E+01
 2907   0.19905900E+01
 2908   0.16853800E+01
 2909   0.50542000E+01
 2910   0.10301110E+02
 2911   0.25610550E+02
 2912   0.37884960E+02
 2913   0.33173040E+02
 2914   0.28646850E+02
 2915   0.23623110E+02
 2916   0.18699380E+02
 2917   0.14502970E+02
 2918   0.10944250E+02
 2919   0.78681200E+01
 2920   0.54675400E+01
 2921   0.38881600E+01
 2922   0.29243200E+01
 2923   0.23824500E+01
 2924   0.19065400E+01
 2925   0.17331300E+01
 2926   0.30511100E+01
 2927   0.68902700E+01
 2928   0.87793500E+01
 2929   0.10657240E+02
 2930   0.97028200E+01
 2931   0.69312400E+01
 2932   0.51088400E+01
 2933   0.39039800E+01
 2934   0.30836800E+01
 2935   0.29783200E+01
 2936   0.35623300E+01
 2937   0.38503900E+01
 2938   0.40345300E+01
 2939   0.46576300E+01
 2940   0.49047000E+01
 2941   0.43188300E+01
 2942   0.34660300E+01
 2943   0.27421100E+01
 2944   0.22137000E+01
 2945   0.18345400E+01
 2946   0.13005800E+01
 2947   0.95542000E+00
 2948   0.71328000E+00
 2949   0.48928000E+00
 2950   0.34723000E+00
 2951   0.26421000E+00
 2952   0.31216000E+00
 2953   0.56925000E+00
 2954   0.52957950E+02
 2955   0.78715243E+03
 2956   0.60447845E+03
 2957   0.27075779E+03
 2958   0.13805055E+03
 2959   0.78897130E+02
 2960   0.48485170E+02
 2961   0.31321930E+02
 2962   0.21048170E+02
 2963   0.14777880E+02
 2964   0.11042390E+02
 2965   0.85027700E+01
 2966   0.94781300E+01
 2967   0.42904340E+02
 2968   0.33911500E+02
 2969   0.26290160E+02
 2970   0.22170280E+02
 2971   0.19922670E+02
 2972   0.21880650E+02
 2973   0.24161850E+02
 2974   0.19481370E+02
 2975   0.13306870E+02
 2976   0.82394200E+01
 2977   0.62592400E+01
 2978   0.50588600E+01
 2979   0.75170500E+01
 2980   0.23966470E+02
 2981   0.35239720E+02
 2982   0.31515940E+02
 2983   0.32141330E+02
 2984   0.36857170E+02
 2985   0.51404050E+02
 2986   0.51704630E+02
 2987   0.46155120E+02
 2988   0.44367930E+02
 2989   0.69337130E+02
 2990   0.17535182E+03
 2991   0.15979499E+03
 2992   0.18493193E+03
 2993   0.25798311E+03
 2994   0.20093092E+03
 2995   0.14309859E+03
 2996   0.92424210E+02
 2997   0.54847380E+02
 2998   0.34218260E+02
 2999   0.22998500E+02
 3000   0.16571120E+02
 3001   0.33094160E+02
 3002   0.58927340E+02
 3003   0.77250580E+02
 3004   0.99271570E+02
 3005   0.11540111E+03
 3006   0.10448433E+03
 3007   0.89059690E+02
 3008   0.73266420E+02
 3009   0.54976880E+02
 3010   0.38025480E+02
 3011   0.25534790E+02
 3012   0.17660120E+02
 3013   0.12302050E+02
 3014   0.85457000E+01
 3015   0.57900300E+01
 3016   0.41895300E+01
 3017   0.31214700E+01
 3018   0.29360600E+01
 3019   0.40947400E+01
 3020   0.57512200E+01
 3021   0.49328800E+01
 3022   0.39458700E+01
 3023   0.31685800E+01
 3024   0.26677300E+01
 3025   0.23042800E+01
 3026   0.19845200E+01
 3027   0.17065600E+01
 3028   0.12258300E+01
 3029   0.87726000E+00
 3030   0.63669000E+00
 3031   0.10489100E+01
 3032   0.27740400E+01
 3033   0.14028930E+02
 3034   0.14368900E+02
 3035   0.10522010E+02
 3036   0.70890800E+01
 3037   0.56448700E+01
 3038   0.48784600E+01
 3039   0.75706900E+01
 3040   0.17449960E+02
 3041   0.17232970E+02
 3042   0.13877560E+02
 3043   0.11703020E+02
 3044   0.14314370E+02
 3045   0.16814150E+02
 3046   0.14687490E+02
 3047   0.11491300E+02
 3048   0.79340700E+01
 3049   0.53956600E+01
 3050   0.38385500E+01
 3051   0.28664400E+01
 3052   0.22761700E+01
 3053   0.22813400E+01
 3054   0.67379200E+01
 3055   0.79090600E+01
 3056   0.54607900E+01
 3057   0.33343900E+01
 3058   0.19353100E+01
 3059   0.13671200E+01
 3060   0.19309500E+01
 3061   0.43494200E+01
 3062   0.34703440E+02
 3063   0.28893450E+02
 3064   0.22482800E+02
 3065   0.16984380E+02
 3066   0.13120120E+02
 3067   0.11106040E+02
 3068   0.91795800E+01
 3069   0.63781300E+01
 3070   0.46119100E+01
 3071   0.35618000E+01
 3072   0.26935400E+01
 3073   0.22746800E+01
 3074   0.21545500E+01
 3075   0.36162800E+01
 3076   0.66814120E+02
 3077   0.47103140E+02
 3078   0.34379930E+02
 3079   0.25163320E+02
 3080   0.57991810E+02
 3081   0.61220660E+02
 3082   0.41305380E+02
 3083   0.29341040E+02
 3084   0.32777070E+02
 3085   0.32951530E+02
 3086   0.27218470E+02
 3087   0.23176910E+02
 3088   0.21434820E+02
 3089   0.16934350E+02
 3090   0.15151300E+02
 3091   0.15554100E+02
 3092   0.14653710E+02
 3093   0.12363450E+02
 3094   0.97401600E+01
 3095   0.71378300E+01
 3096   0.26130100E+03
 3097   0.82876376E+03
 3098   0.10521255E+04
 3099   0.11961693E+04
 3100   0.98755147E+03
 3101   0.14142012E+04
 3102   0.12586484E+04
 3103   0.72681216E+03
 3104   0.10914548E+04
 3105   0.69986184E+03
 3106   0.29111123E+03
 3107   0.14349561E+03
 3108   0.79850810E+02
 3109   0.48002540E+02
 3110   0.29648480E+02
 3111   0.19772790E+02
 3112   0.13815030E+02
 3113   0.97031400E+01
 3114   0.65205400E+01
 3115   0.44076400E+01
 3116   0.31620400E+01
 3117   0.23662100E+01
 3118   0.18065100E+01
 3119   0.12797100E+01
 3120   0.82626000E+00
 3121   0.95713900E+01
 3122   0.13526095E+03
 3123   0.40860353E+03
 3124   0.25125898E+03
 3125   0.15656685E+03
 3126   0.11514765E+03
 3127   0.17721102E+03
 3128   0.46712283E+03
 3129   0.73578851E+03
 3130   0.64635769E+03
 3131   0.49454518E+03
 3132   0.42441058E+03
 3133   0.37652524E+03
 3134   0.34696409E+03
 3135   0.30317916E+03
 3136   0.25513960E+03
 3137   0.19186141E+03
 3138   0.12320048E+03
 3139   0.73003000E+02
 3140   0.44587730E+02
 3141   0.28431350E+02
 3142   0.18998160E+02
 3143   0.13513600E+02
 3144   0.98558300E+01
 3145   0.69471000E+01
 3146   0.49907500E+01
 3147   0.68106900E+01
 3148   0.39386400E+02
 3149   0.48704570E+02
 3150   0.12227498E+03
 3151   0.87578040E+02
 3152   0.70262090E+02
 3153   0.72504960E+02
 3154   0.85415620E+02
 3155   0.99966450E+02
 3156   0.10645196E+03
 3157   0.11203453E+03
 3158   0.11767937E+03
 3159   0.25048378E+03
 3160   0.49042942E+03
 3161   0.46184539E+03
 3162   0.75043379E+03
 3163   0.11067914E+04
 3164   0.81526114E+03
 3165   0.53862011E+03
 3166   0.84298361E+03
 3167   0.85210729E+03
 3168   0.44379233E+03
 3169   0.21132533E+03
 3170   0.16874240E+03
 3171   0.43762709E+03
 3172   0.32350007E+03
 3173   0.26361773E+03
 3174   0.10598726E+04
 3175   0.11814023E+04
 3176   0.90115902E+03
 3177   0.43226276E+03
 3178   0.20238457E+03
 3179   0.10664548E+03
 3180   0.60305970E+02
 3181   0.36317060E+02
 3182   0.23391860E+02
 3183   0.15683940E+02
 3184   0.11017550E+02
 3185   0.75282600E+01
 3186   0.83903100E+01
 3187   0.67612417E+03
 3188   0.71883389E+04
 3189   0.27304514E+04
 3190   0.23427209E+04
 3191   0.93309148E+03
 3192   0.38083225E+03
 3193   0.18872957E+03
 3194   0.10431341E+03
 3195   0.60156210E+02
 3196   0.37177190E+02
 3197   0.24474830E+02
 3198   0.29036620E+02
 3199   0.36690692E+03
 3200   0.54731502E+03
 3201   0.26311165E+03
 3202   0.62438601E+03
 3203   0.11605474E+04
 3204   0.75333651E+03
 3205   0.44664387E+03
 3206   0.24970500E+03
 3207   0.13741687E+03
 3208   0.77824590E+02
 3209   0.47444960E+02
 3210   0.30601950E+02
 3211   0.20640660E+02
 3212   0.13618060E+02
 3213   0.91876500E+01
 3214   0.60099600E+01
 3215   0.39805000E+01
 3216   0.36949700E+01
 3217   0.26429057E+03
 3218   0.43306669E+03
 3219   0.28805012E+03
 3220   0.20963048E+03
 3221   0.12853560E+03
 3222   0.74231290E+02
 3223   0.43570400E+02
 3224   0.28018330E+02
 3225   0.28520110E+02
 3226   0.41272447E+03
 3227   0.11387132E+04
 3228   0.14242762E+04
 3229   0.12552256E+04
 3230   0.19330084E+04
 3231   0.11342446E+04
 3232   0.48920630E+03
 3233   0.21836975E+03
 3234   0.11414034E+03
 3235   0.65330260E+02
 3236   0.42752760E+02
 3237   0.42190480E+02
 3238   0.11933543E+03
 3239   0.21077404E+03
 3240   0.93079411E+03
 3241   0.41981401E+04
 3242   0.10761337E+04
 3243   0.38257347E+03
 3244   0.17749625E+03
 3245   0.95880430E+02
 3246   0.55104080E+02
 3247   0.34407550E+02
 3248   0.24439830E+02
 3249   0.18688180E+02
 3250   0.15559810E+02
 3251   0.14768060E+02
 3252   0.13406200E+02
 3253   0.10307950E+02
 3254   0.73470500E+01
 3255   0.52563900E+01
 3256   0.37496100E+01
 3257   0.27841200E+01
 3258   0.21811800E+01
 3259   0.17582100E+01
 3260   0.13122500E+01
 3261   0.94628000E+00
 3262   0.67423000E+00
 3263   0.44553000E+00
 3264   0.31075000E+00
 3265   0.23615000E+00
 3266   0.18963000E+00
 3267   0.15780000E+00
 3268   0.13456000E+00
 3269   0.11129000E+00
 3270   0.10427000E+00
 3271   0.91770000E-01
 3272   0.78210000E-01
 3273   0.77910000E-01
 3274   0.68980000E-01
 3275   0.17767000E+00
 3276   0.59036000E+00
 3277   0.73429000E+00
 3278   0.81403000E+00
 3279   0.83310000E+00
 3280   0.14807920E+02
 3281   0.95813730E+02
 3282   0.17872583E+03
 3283   0.11072583E+03
 3284   0.63173840E+02
 3285   0.40500860E+02
 3286   0.27449590E+02
 3287   0.19048190E+02
 3288   0.13457240E+02
 3289   0.94080300E+01
 3290   0.62000800E+01
 3291   0.43717600E+01
 3292   0.40089500E+01
 3293   0.74955600E+01
 3294   0.66588800E+01
 3295   0.54897800E+01
 3296   0.46145900E+01
 3297   0.38334800E+01
 3298   0.31711900E+01
 3299   0.27551000E+01
 3300   0.24023400E+01
 3301   0.23375800E+01
 3302   0.53177800E+01
 3303   0.60206600E+01
 3304   0.38708900E+01
 3305   0.31025600E+01
 3306   0.25907600E+01
 3307   0.21705900E+01
 3308   0.18596900E+01
 3309   0.16129700E+01
 3310   0.13035900E+01
 3311   0.10261600E+01
 3312   0.10821500E+01
 3313   0.11168100E+01
 3314   0.10692500E+01
 3315   0.10026400E+01
 3316   0.15051500E+01
 3317   0.27747300E+01
 3318   0.15645040E+02
 3319   0.28228050E+02
 3320   0.23163480E+02
 3321   0.18282520E+02
 3322   0.14012200E+02
 3323   0.12813070E+02
 3324   0.48656890E+02
 3325   0.57939420E+02
 3326   0.42924630E+02
 3327   0.34021130E+02
 3328   0.28922380E+02
 3329   0.27277610E+02
 3330   0.40926170E+02
 3331   0.39852980E+02
 3332   0.35346160E+02
 3333   0.26889840E+02
 3334   0.18427070E+02
 3335   0.10232830E+02
 3336   0.66172800E+01
 3337   0.58549300E+01
 3338   0.55149900E+01
 3339   0.51086800E+01
 3340   0.49690100E+01
 3341   0.53195200E+01
 3342   0.10745300E+02
 3343   0.27011630E+02
 3344   0.12418526E+03
 3345   0.12831364E+03
 3346   0.11744533E+03
 3347   0.87296060E+02
 3348   0.57207560E+02
 3349   0.35926940E+02
 3350   0.23690750E+02
 3351   0.16246390E+02
 3352   0.11393870E+02
 3353   0.77815700E+01
 3354   0.52817700E+01
 3355   0.38803600E+01
 3356   0.25667900E+01
 3357   0.28166000E+01
 3358   0.75243400E+01
 3359   0.10152900E+02
 3360   0.12036950E+02
 3361   0.15803930E+02
 3362   0.96164730E+02
 3363   0.10530386E+03
 3364   0.10841238E+03
 3365   0.10804457E+03
 3366   0.78751930E+02
 3367   0.58599460E+02
 3368   0.46500760E+02
 3369   0.33586530E+02
 3370   0.22344880E+02
 3371   0.14912840E+02
 3372   0.10364760E+02
 3373   0.71998800E+01
 3374   0.51939400E+01
 3375   0.39271900E+01
 3376   0.28212400E+01
 3377   0.22673700E+01
 3378   0.18034300E+01
 3379   0.13902500E+01
 3380   0.10741200E+01
 3381   0.13375800E+01
 3382   0.39946900E+01
 3383   0.81048000E+01
 3384   0.84812200E+01
 3385   0.11702140E+02
 3386   0.11195410E+02
 3387   0.80295300E+01
 3388   0.52123400E+01
 3389   0.39328200E+01
 3390   0.31535200E+01
 3391   0.26597800E+01
 3392   0.22890400E+01
 3393   0.19997700E+01
 3394   0.16631900E+01
 3395   0.15836700E+01
 3396   0.46024600E+01
 3397   0.31590330E+02
 3398   0.30680240E+02
 3399   0.31707100E+02
 3400   0.29470760E+02
 3401   0.22288240E+02
 3402   0.14777820E+02
 3403   0.97191800E+01
 3404   0.64027600E+01
 3405   0.45336200E+01
 3406   0.33933400E+01
 3407   0.52722300E+01
 3408   0.79725700E+01
 3409   0.58113900E+01
 3410   0.40133600E+01
 3411   0.31627200E+01
 3412   0.93112400E+01
 3413   0.16490760E+02
 3414   0.54646040E+02
 3415   0.59389996E+03
 3416   0.52692369E+03
 3417   0.25429466E+03
 3418   0.12570306E+03
 3419   0.68272750E+02
 3420   0.47598770E+02
 3421   0.16204010E+04
 3422   0.13009419E+04
 3423   0.53903479E+03
 3424   0.24057352E+03
 3425   0.12498373E+03
 3426   0.70177850E+02
 3427   0.41241780E+02
 3428   0.26024230E+02
 3429   0.17083860E+02
 3430   0.11780260E+02
 3431   0.79749100E+01
 3432   0.53069000E+01
 3433   0.37048100E+01
 3434   0.27533600E+01
 3435   0.21167200E+01
 3436   0.16151300E+01
 3437   0.10619500E+01
 3438   0.42014700E+01
 3439   0.13510450E+02
 3440   0.31625450E+02
 3441   0.31819390E+02
 3442   0.27530970E+02
 3443   0.21533240E+02
 3444   0.15541970E+02
 3445   0.10843560E+02
 3446   0.71953100E+01
 3447   0.48796100E+01
 3448   0.32489400E+01
 3449   0.25357400E+01
 3450   0.60384770E+02
 3451   0.47053940E+02
 3452   0.32969410E+02
 3453   0.26003010E+02
 3454   0.24322640E+02
 3455   0.26928010E+02
 3456   0.36965360E+02
 3457   0.71405930E+02
 3458   0.21760836E+03
 3459   0.23037225E+03
 3460   0.13132598E+03
 3461   0.78967950E+02
 3462   0.49866870E+02
 3463   0.31957430E+02
 3464   0.23861010E+02
 3465   0.48101680E+02
 3466   0.64668530E+02
 3467   0.52668670E+02
 3468   0.43167160E+02
 3469   0.33547240E+02
 3470   0.24768690E+02
 3471   0.57923620E+02
 3472   0.52031960E+02
 3473   0.41001040E+02
 3474   0.32258510E+02
 3475   0.23327380E+02
 3476   0.16042880E+02
 3477   0.11165670E+02
 3478   0.75300700E+01
 3479   0.52982600E+01
 3480   0.86232800E+01
 3481   0.44725160E+02
 3482   0.23354611E+03
 3483   0.51438501E+03
 3484   0.86974607E+03
 3485   0.97425044E+03
 3486   0.57156948E+03
 3487   0.28716142E+03
 3488   0.15274006E+03
 3489   0.10177078E+03
 3490   0.15010877E+03
 3491   0.24626812E+03
 3492   0.21772885E+03
 3493   0.17886649E+03
 3494   0.15648246E+03
 3495   0.24165708E+03
 3496   0.23126298E+03
 3497   0.15307849E+03
 3498   0.92786440E+02
 3499   0.76415000E+02
 3500   0.18326735E+03
 3501   0.21410441E+03
 3502   0.31884990E+03
 3503   0.29971213E+03
 3504   0.30822326E+03
 3505   0.33524130E+03
 3506   0.35250797E+03
 3507   0.32529784E+03
 3508   0.23576698E+03
 3509   0.16772333E+03
 3510   0.12719650E+03
 3511   0.11805693E+03
 3512   0.16616816E+03
 3513   0.15776705E+03
 3514   0.11119080E+03
 3515   0.96486720E+02
 3516   0.69138090E+02
 3517   0.51966270E+02
 3518   0.50587050E+02
 3519   0.51670130E+02
 3520   0.38736790E+02
 3521   0.27831870E+02
 3522   0.21656530E+02
 3523   0.18820310E+02
 3524   0.19403510E+02
 3525   0.25502130E+02
 3526   0.25112060E+02
 3527   0.20026190E+02
 3528   0.15027700E+02
 3529   0.10958930E+02
 3530   0.71083200E+01
 3531   0.46825900E+01
 3532   0.33434600E+01
 3533   0.66612670E+02
 3534   0.23532506E+04
 3535   0.17983158E+04
 3536   0.85005968E+03
 3537   0.36258559E+03
 3538   0.17186757E+03
 3539   0.90253790E+02
 3540   0.49443700E+02
 3541   0.30689520E+02
 3542   0.20500380E+02
 3543   0.14107120E+02
 3544   0.97519200E+01
 3545   0.63563100E+01
 3546   0.42599500E+01
 3547   0.30417700E+01
 3548   0.23009960E+02
 3549   0.21491935E+03
 3550   0.25349629E+03
 3551   0.13974809E+03
 3552   0.78863060E+02
 3553   0.47900770E+02
 3554   0.30564420E+02
 3555   0.20483320E+02
 3556   0.14076320E+02
 3557   0.95895100E+01
 3558   0.61403700E+01
 3559   0.40733900E+01
 3560   0.28620200E+01
 3561   0.22366800E+01
 3562   0.69157434E+03
 3563   0.63024253E+04
 3564   0.17456293E+04
 3565   0.56044360E+03
 3566   0.24193796E+03
 3567   0.12713790E+03
 3568   0.76748580E+02
 3569   0.53777680E+02
 3570   0.45933620E+02
 3571   0.10620771E+03
 3572   0.82431552E+03
 3573   0.11726881E+04
 3574   0.66319567E+03
 3575   0.27083938E+03
 3576   0.13070984E+03
 3577   0.72093350E+02
 3578   0.43770220E+02
 3579   0.28358110E+02
 3580   0.20023220E+02
 3581   0.15840840E+02
 3582   0.15877770E+02
 3583   0.22266950E+02
 3584   0.31599800E+02
 3585   0.29206900E+02
 3586   0.22077690E+02
 3587   0.15985330E+02
 3588   0.11552960E+02
 3589   0.81056900E+01
 3590   0.54588900E+01
 3591   0.35568200E+01
 3592   0.26606100E+01
 3593   0.19915300E+01
 3594   0.15412600E+01
 3595   0.11078900E+01
 3596   0.80561000E+00
 3597   0.61081000E+00
 3598   0.46131000E+00
 3599   0.54216000E+00
 3600   0.67790000E+00
 3601   0.93608500E+01
 3602   0.11370897E+04
 3603   0.43466091E+04
 3604   0.20019748E+04
 3605   0.68933082E+03
 3606   0.28136915E+03
 3607   0.13942581E+03
 3608   0.76875710E+02
 3609   0.46146030E+02
 3610   0.29661070E+02
 3611   0.20321410E+02
 3612   0.13495100E+02
 3613   0.94283000E+01
 3614   0.65028900E+01
 3615   0.46628600E+01
 3616   0.13840230E+02
 3617   0.46872250E+02
 3618   0.10932181E+03
 3619   0.10764123E+03
 3620   0.85326130E+02
 3621   0.73746920E+02
 3622   0.53226740E+02
 3623   0.36637360E+02
 3624   0.25532540E+02
 3625   0.19748660E+02
 3626   0.16365990E+02
 3627   0.25549550E+02
 3628   0.67434770E+02
 3629   0.94997200E+02
 3630   0.35657785E+03
 3631   0.28096231E+03
 3632   0.15102420E+03
 3633   0.84985940E+02
 3634   0.54909960E+02
 3635   0.37112010E+02
 3636   0.24722460E+02
 3637   0.16903010E+02
 3638   0.11844980E+02
 3639   0.82392400E+01
 3640   0.56501500E+01
 3641   0.41280900E+01
 3642   0.31730300E+01
 3643   0.23147200E+01
 3644   0.18495600E+01
 3645   0.14010300E+01
 3646   0.94800000E+00
 3647   0.63579000E+00
 3648   0.43119000E+00
 3649   0.31924000E+00
 3650   0.25113000E+00
 3651   0.20557000E+00
 3652   0.17299000E+00
 3653   0.14852000E+00
 3654   0.12946000E+00
 3655   0.11421000E+00
 3656   0.10173000E+00
 3657   0.91340000E-01
 3658   0.82560000E-01
 3659   0.75060000E-01
 3660   0.68580000E-01
 3661   0.62950000E-01
 3662   0.58000000E-01
 3663   0.53630000E-01
 3664   0.49750000E-01
 3665   0.46290000E-01
 3666   0.43180000E-01
 3667   0.40390000E-01
 3668   0.33750000E-01
 3669   0.37060000E-01
 3670   0.34650000E-01
 3671   0.32120000E-01
 3672   0.30080000E-01
 3673   0.28340000E-01
 3674   0.26800000E-01
 3675   0.25420000E-01
 3676   0.24180000E-01
 3677   0.23070000E-01
 3678   0.22420000E-01
 3679   0.84760000E-01
 3680   0.17290000E+00
 3681   0.16669000E+00
 3682   0.14064000E+00
 3683   0.11717000E+00
 3684   0.99060000E-01
 3685   0.85240000E-01
 3686   0.32132000E+00
 3687   0.16580800E+01
 3688   0.25061200E+01
 3689   0.24502700E+01
 3690   0.20917100E+01
 3691   0.17308900E+01
 3692   0.13265300E+01
 3693   0.12212000E+01
 3694   0.15956400E+01
 3695   0.83194300E+01
 3696   0.10237947E+03
 3697   0.10910924E+03
 3698   0.95738730E+02
 3699   0.74420790E+02
 3700   0.50662230E+02
 3701   0.32415290E+02
 3702   0.21515470E+02
 3703   0.14856360E+02
 3704   0.95100000E+01
 3705   0.60537100E+01
 3706   0.42883200E+01
 3707   0.32349700E+01
 3708   0.24625500E+01
 3709   0.19391000E+01
 3710   0.15169400E+01
 3711   0.10420200E+01
 3712   0.75983000E+00
 3713   0.64114000E+00
 3714   0.45967500E+01
 3715   0.88359300E+01
 3716   0.10792150E+02
 3717   0.95761300E+01
 3718   0.68625400E+01
 3719   0.50275300E+01
 3720   0.40587400E+01
 3721   0.33328200E+01
 3722   0.28039200E+01
 3723   0.24071500E+01
 3724   0.20891300E+01
 3725   0.15480800E+01
 3726   0.11691300E+01
 3727   0.10603600E+01
 3728   0.10460100E+01
 3729   0.11778100E+01
 3730   0.11775900E+01
 3731   0.11442500E+01
 3732   0.11084900E+01
 3733   0.10838700E+01
 3734   0.10653100E+01
 3735   0.11605800E+01
 3736   0.19694840E+02
 3737   0.28816660E+02
 3738   0.35786920E+02
 3739   0.30477720E+02
 3740   0.25529000E+02
 3741   0.23666190E+02
 3742   0.23366200E+02
 3743   0.22403230E+02
 3744   0.20441560E+02
 3745   0.15774170E+02
 3746   0.11936620E+02
 3747   0.90743400E+01
 3748   0.64850300E+01
 3749   0.46067100E+01
 3750   0.33324300E+01
 3751   0.25362500E+01
 3752   0.20084100E+01
 3753   0.18465700E+01
 3754   0.16681300E+01
 3755   0.14587100E+01
 3756   0.13181900E+01
 3757   0.11952400E+01
 3758   0.11404300E+01
 3759   0.11027900E+01
 3760   0.10397000E+01
 3761   0.99368000E+00
 3762   0.23395860E+02
 3763   0.26569280E+02
 3764   0.20627040E+02
 3765   0.14783030E+02
 3766   0.81189700E+01
 3767   0.56850400E+01
 3768   0.44238100E+01
 3769   0.35438800E+01
 3770   0.29481000E+01
 3771   0.25076700E+01
 3772   0.20061000E+01
 3773   0.18293700E+01
 3774   0.14443900E+01
 3775   0.11009000E+01
 3776   0.87258000E+00
 3777   0.97146000E+00
 3778   0.90650000E+00
 3779   0.10156100E+01
 3780   0.22922060E+02
 3781   0.75209017E+03
 3782   0.37268359E+03
 3783   0.17291396E+03
 3784   0.95365910E+02
 3785   0.57343460E+02
 3786   0.34439130E+02
 3787   0.23067140E+02
 3788   0.16204350E+02
 3789   0.11439340E+02
 3790   0.80691300E+01
 3791   0.67744000E+01
 3792   0.53242200E+01
 3793   0.40870400E+01
 3794   0.31986000E+01
 3795   0.26220800E+01
 3796   0.20551200E+01
 3797   0.19391500E+01
 3798   0.10122670E+02
 3799   0.31144260E+02
 3800   0.25137580E+02
 3801   0.18727780E+02
 3802   0.12664920E+02
 3803   0.80612000E+01
 3804   0.53268900E+01
 3805   0.43851800E+01
 3806   0.76679900E+01
 3807   0.70582360E+02
 3808   0.49342052E+03
 3809   0.64110633E+03
 3810   0.54849682E+03
 3811   0.33523777E+03
 3812   0.18784252E+03
 3813   0.10793512E+03
 3814   0.63345130E+02
 3815   0.38312910E+02
 3816   0.24625230E+02
 3817   0.16792240E+02
 3818   0.16047120E+02
 3819   0.23712830E+02
 3820   0.39503030E+02
 3821   0.34630330E+02
 3822   0.25415950E+02
 3823   0.18815010E+02
 3824   0.15328800E+02
 3825   0.13671500E+02
 3826   0.49889830E+02
 3827   0.24252957E+03
 3828   0.44562267E+03
 3829   0.30776404E+03
 3830   0.17935686E+03
 3831   0.10392453E+03
 3832   0.74070580E+02
 3833   0.13548429E+03
 3834   0.13769250E+03
 3835   0.16747374E+03
 3836   0.12755755E+03
 3837   0.88635120E+02
 3838   0.63518390E+02
 3839   0.45880960E+02
 3840   0.33264250E+02
 3841   0.23035080E+02
 3842   0.15085720E+02
 3843   0.10536850E+02
 3844   0.10366240E+02
 3845   0.58652910E+02
 3846   0.26080553E+03
 3847   0.23303947E+03
 3848   0.40848750E+03
 3849   0.60945683E+03
 3850   0.59308233E+03
 3851   0.34058159E+03
 3852   0.17254757E+03
 3853   0.97469090E+02
 3854   0.99113480E+02
 3855   0.21154943E+03
 3856   0.42439071E+03
 3857   0.52005479E+03
 3858   0.71502912E+03
 3859   0.67278284E+03
 3860   0.38635447E+03
 3861   0.21318080E+03
 3862   0.48362800E+03
 3863   0.34099907E+03
 3864   0.30424784E+03
 3865   0.82328532E+03
 3866   0.18275623E+04
 3867   0.85084221E+04
 3868   0.49914199E+04
 3869   0.15284067E+04
 3870   0.54206939E+03
 3871   0.30559399E+03
 3872   0.20665524E+03
 3873   0.13113579E+03
 3874   0.88126220E+02
 3875   0.82257700E+02
 3876   0.16233667E+03
 3877   0.27709545E+03
 3878   0.11768382E+04
 3879   0.16379858E+04
 3880   0.87111432E+03
 3881   0.69174591E+03
 3882   0.57141974E+03
 3883   0.57084819E+03
 3884   0.53809204E+03
 3885   0.44444041E+03
 3886   0.34846613E+03
 3887   0.29828333E+03
 3888   0.29244265E+03
 3889   0.33079190E+03
 3890   0.77282776E+03
 3891   0.12550637E+04
 3892   0.92576915E+03
 3893   0.60610094E+03
 3894   0.38537192E+03
 3895   0.44846624E+03
 3896   0.45303579E+04
 3897   0.38965903E+04
 3898   0.12761513E+04
 3899   0.90916674E+03
 3900   0.59394584E+03
 3901   0.61498507E+03
 3902   0.56743036E+03
 3903   0.47591961E+03
 3904   0.53226547E+03
 3905   0.62537988E+03
 3906   0.89709685E+03
 3907   0.71795362E+03
 3908   0.39166194E+03
 3909   0.22470784E+03
 3910   0.14909452E+03
 3911   0.10373181E+03
 3912   0.69412320E+02
 3913   0.17216248E+03
 3914   0.10633459E+04
 3915   0.15219458E+04
 3916   0.17245310E+04
 3917   0.13699854E+04
 3918   0.57236806E+03
 3919   0.24968840E+03
 3920   0.12588483E+03
 3921   0.70397880E+02
 3922   0.43492150E+02
 3923   0.37495952E+03
 3924   0.42956855E+04
 3925   0.15358377E+04
 3926   0.16017589E+04
 3927   0.34984819E+04
 3928   0.50932159E+04
 3929   0.33632313E+04
 3930   0.87740675E+03
 3931   0.38623677E+03
 3932   0.20312814E+03
 3933   0.11280593E+03
 3934   0.64332000E+02
 3935   0.39365310E+02
 3936   0.25643670E+02
 3937   0.17495640E+02
 3938   0.12212520E+02
 3939   0.83805000E+01
 3940   0.50139800E+01
 3941   0.34396800E+01
 3942   0.25040800E+01
 3943   0.19425500E+01
 3944   0.15148800E+01
 3945   0.10722300E+01
 3946   0.76631000E+00
 3947   0.52874000E+00
 3948   0.36612000E+00
 3949   0.27671000E+00
 3950   0.22192000E+00
 3951   0.18471000E+00
 3952   0.15756000E+00
 3953   0.13677000E+00
 3954   0.12028000E+00
 3955   0.10686000E+00
 3956   0.95730000E-01
 3957   0.86350000E-01
 3958   0.78360000E-01
 3959   0.71480000E-01
 3960   0.65500000E-01
 3961   0.60260000E-01
 3962   0.55650000E-01
 3963   0.51560000E-01
 3964   0.47920000E-01
 3965   0.44660000E-01
 3966   0.41730000E-01
 3967   0.39080000E-01
 3968   0.36680000E-01
 3969   0.34500000E-01
 3970   0.32510000E-01
 3971   0.30680000E-01
 3972   0.29010000E-01
 3973   0.27480000E-01
 3974   0.26060000E-01
 3975   0.24750000E-01
 3976   0.23540000E-01
 3977   0.22410000E-01
 3978   0.21370000E-01
 3979   0.20390000E-01
 3980   0.24361500E+01
 3981   0.46827400E+01
 3982   0.12362360E+02
 3983   0.34216680E+02
 3984   0.31318310E+02
 3985   0.23204430E+02
 3986   0.16709910E+02
 3987   0.12045940E+02
 3988   0.86455500E+01
 3989   0.58864600E+01
 3990   0.41256600E+01
 3991   0.27797200E+01
 3992   0.21631200E+01
 3993   0.16957200E+01
 3994   0.12204100E+01
 3995   0.86514000E+00
 3996   0.61039000E+00
 3997   0.40392000E+00
 3998   0.26422000E+00
 3999   0.36502000E+00
 4000   0.74890200E+01
 4001   0.24163460E+02
 4002   0.67157890E+02
 4003   0.59889210E+02
 4004   0.40498070E+02
 4005   0.27446890E+02
 4006   0.19208050E+02
 4007   0.13729740E+02
 4008   0.98350500E+01
 4009   0.65887600E+01
 4010   0.45481200E+01
 4011   0.32897800E+01
 4012   0.22619000E+01
 4013   0.17894800E+01
 4014   0.13250400E+01
 4015   0.95435000E+00
 4016   0.68301000E+00
 4017   0.45573000E+00
 4018   0.31751000E+00
 4019   0.24115000E+00
 4020   0.19373000E+00
 4021   0.16137000E+00
 4022   0.13779000E+00
 4023   0.11978000E+00
 4024   0.10553000E+00
 4025   0.93980000E-01
 4026   0.84410000E-01
 4027   0.76360000E-01
 4028   0.69490000E-01
 4029   0.63570000E-01
 4030   0.56480000E-01
 4031   0.54390000E-01
 4032   0.50620000E-01
 4033   0.46670000E-01
 4034   0.43340000E-01
 4035   0.40900000E-01
 4036   0.38620000E-01
 4037   0.35980000E-01
 4038   0.33880000E-01
 4039   0.32220000E-01
 4040   0.30980000E-01
 4041   0.30170000E-01
 4042   0.29820000E-01
 4043   0.29910000E-01
 4044   0.30370000E-01
 4045   0.30910000E-01
 4046   0.31650000E-01
 4047   0.33560000E-01
 4048   0.33360000E-01
 4049   0.32990000E-01
 4050   0.48450000E-01
 4051   0.35421000E+00
 4052   0.53946000E+00
 4053   0.59645000E+00
 4054   0.66862000E+00
 4055   0.83361000E+00
 4056   0.12449500E+01
 4057   0.13667300E+01
 4058   0.14270400E+01
 4059   0.14498700E+01
 4060   0.14141900E+01
 4061   0.13422500E+01
 4062   0.12324100E+01
 4063   0.95404000E+00
 4064   0.73955000E+00
 4065   0.64580000E+00
 4066   0.60850000E+00
 4067   0.57598000E+00
 4068   0.50672000E+00
 4069   0.41866000E+00
 4070   0.13521100E+01
 4071   0.10208197E+04
 4072   0.91200758E+03
 4073   0.36483588E+03
 4074   0.17312854E+03
 4075   0.94316540E+02
 4076   0.54429520E+02
 4077   0.34017220E+02
 4078   0.23775920E+02
 4079   0.19207420E+02
 4080   0.14734610E+02
 4081   0.10213130E+02
 4082   0.68931000E+01
 4083   0.44232000E+01
 4084   0.34698200E+01
 4085   0.27706300E+01
 4086   0.22709500E+01
 4087   0.18709600E+01
 4088   0.13208600E+01
 4089   0.93206000E+00
 4090   0.60516000E+00
 4091   0.43259000E+00
 4092   0.31946000E+00
 4093   0.26160000E+00
 4094   0.23751000E+00
 4095   0.47117000E+00
 4096   0.68762000E+00
 4097   0.80246000E+00
 4098   0.10244800E+01
 4099   0.13201800E+01
 4100   0.15420300E+01
 4101   0.15944800E+01
 4102   0.15630800E+01
 4103   0.14604700E+01
 4104   0.11894700E+01
 4105   0.10726600E+01
 4106   0.15778000E+01
 4107   0.18332100E+01
 4108   0.20917200E+01
 4109   0.20218800E+01
 4110   0.17746100E+01
 4111   0.15139600E+01
 4112   0.12342800E+01
 4113   0.91175000E+00
 4114   0.67689000E+00
 4115   0.51286000E+00
 4116   0.38009000E+00
 4117   0.29711000E+00
 4118   0.29551000E+00
 4119   0.48642000E+00
 4120   0.56522000E+00
 4121   0.51796000E+00
 4122   0.45696000E+00
 4123   0.45626000E+00
 4124   0.48702000E+00
 4125   0.47127000E+00
 4126   0.41362000E+00
 4127   0.34835000E+00
 4128   0.29088000E+00
 4129   0.24408000E+00
 4130   0.20676000E+00
 4131   0.17894000E+00
 4132   0.16258000E+00
 4133   0.34680000E+00
 4134   0.45326000E+00
 4135   0.46582000E+00
 4136   0.44144000E+00
 4137   0.38137000E+00
 4138   0.29599000E+00
 4139   0.22730000E+00
 4140   0.17998000E+00
 4141   0.14713000E+00
 4142   0.12351000E+00
 4143   0.10570000E+00
 4144   0.91920000E-01
 4145   0.74230000E-01
 4146   0.75080000E-01
 4147   0.65750000E-01
 4148   0.93640000E-01
 4149   0.22682400E+01
 4150   0.26114030E+02
 4151   0.33866374E+03
 4152   0.22170382E+03
 4153   0.11709784E+03
 4154   0.67434820E+02
 4155   0.40379360E+02
 4156   0.26544070E+02
 4157   0.18524820E+02
 4158   0.13203510E+02
 4159   0.94559200E+01
 4160   0.76512900E+01
 4161   0.62236300E+01
 4162   0.69417100E+01
 4163   0.16942110E+02
 4164   0.20937330E+02
 4165   0.32733780E+02
 4166   0.24446630E+02
 4167   0.15843660E+02
 4168   0.12861140E+02
 4169   0.18213430E+02
 4170   0.15907210E+02
 4171   0.13752380E+02
 4172   0.10509160E+02
 4173   0.77292700E+01
 4174   0.55728900E+01
 4175   0.41813100E+01
 4176   0.32430800E+01
 4177   0.14057890E+02
 4178   0.59397400E+02
 4179   0.34822259E+03
 4180   0.26318950E+03
 4181   0.13684209E+03
 4182   0.72621240E+02
 4183   0.42203700E+02
 4184   0.26971460E+02
 4185   0.18334240E+02
 4186   0.12182060E+02
 4187   0.11553120E+02
 4188   0.38845520E+02
 4189   0.98767080E+02
 4190   0.78787910E+02
 4191   0.52314980E+02
 4192   0.43212920E+02
 4193   0.13948546E+03
 4194   0.42802477E+04
 4195   0.44223916E+04
 4196   0.39211527E+04
 4197   0.21708957E+04
 4198   0.82736057E+03
 4199   0.38076793E+03
 4200   0.12607019E+04
 4201   0.19997235E+04
 4202   0.13161989E+04
 4203   0.81082956E+03
 4204   0.61764653E+03
 4205   0.54483345E+03
 4206   0.55948933E+03
 4207   0.51417758E+03
 4208   0.39917180E+03
 4209   0.34212374E+03
 4210   0.37750752E+03
 4211   0.28993415E+03
 4212   0.18503515E+03
 4213   0.11957396E+03
 4214   0.20952009E+03
 4215   0.25775825E+03
 4216   0.18817994E+03
 4217   0.11938231E+03
 4218   0.35454334E+03
 4219   0.19166758E+03
 4220   0.10758952E+03
 4221   0.83603160E+02
 4222   0.24882024E+03
 4223   0.31111784E+03
 4224   0.63836230E+03
 4225   0.51943021E+03
 4226   0.33877470E+03
 4227   0.25191274E+03
 4228   0.23532150E+03
 4229   0.26597613E+03
 4230   0.26364679E+03
 4231   0.21980759E+03
 4232   0.16581764E+03
 4233   0.40500081E+03
 4234   0.30779724E+03
 4235   0.18342071E+03
 4236   0.11629083E+03
 4237   0.11285172E+03
 4238   0.36694938E+03
 4239   0.10215904E+04
 4240   0.96343974E+03
 4241   0.93064442E+03
 4242   0.10866848E+04
 4243   0.74758747E+03
 4244   0.51981077E+03
 4245   0.29216155E+03
 4246   0.16349713E+03
 4247   0.92950350E+02
 4248   0.78057190E+02
 4249   0.99235420E+02
 4250   0.91614590E+02
 4251   0.82321900E+02
 4252   0.70440280E+02
 4253   0.50783860E+02
 4254   0.34664860E+02
 4255   0.23709160E+02
 4256   0.25118820E+02
 4257   0.42800376E+03
 4258   0.87509044E+03
 4259   0.72237522E+03
 4260   0.35762585E+03
 4261   0.17647326E+03
 4262   0.10067176E+03
 4263   0.72740930E+02
 4264   0.58911640E+02
 4265   0.44074470E+02
 4266   0.31469240E+02
 4267   0.22484540E+02
 4268   0.15651770E+02
 4269   0.14127270E+02
 4270   0.26298445E+03
 4271   0.13263348E+04
 4272   0.59674413E+03
 4273   0.27648441E+03
 4274   0.16197405E+03
 4275   0.10908525E+03
 4276   0.74696020E+02
 4277   0.49117950E+02
 4278   0.31229250E+02
 4279   0.21476090E+02
 4280   0.15551650E+02
 4281   0.14197410E+02
 4282   0.13125570E+02
 4283   0.92878300E+01
 4284   0.59127700E+01
 4285   0.42504100E+01
 4286   0.31932800E+01
 4287   0.25226800E+01
 4288   0.32636400E+01
 4289   0.99994000E+01
 4290   0.55871230E+02
 4291   0.11677604E+03
 4292   0.76505610E+02
 4293   0.47578340E+02
 4294   0.30697870E+02
 4295   0.20922520E+02
 4296   0.14688670E+02
 4297   0.10379210E+02
 4298   0.94456570E+02
 4299   0.18046005E+04
 4300   0.95922980E+03
 4301   0.39401137E+03
 4302   0.18315657E+03
 4303   0.97362670E+02
 4304   0.55281600E+02
 4305   0.33939830E+02
 4306   0.22321380E+02
 4307   0.15292270E+02
 4308   0.10606460E+02
 4309   0.65391200E+01
 4310   0.42970500E+01
 4311   0.30490000E+01
 4312   0.23157200E+01
 4313   0.17585300E+01
 4314   0.17167200E+01
 4315   0.13993400E+01
 4316   0.19896200E+01
 4317   0.78510900E+01
 4318   0.47441350E+02
 4319   0.49544700E+02
 4320   0.35719000E+02
 4321   0.26059731E+03
 4322   0.57332600E+04
 4323   0.20976745E+04
 4324   0.66667410E+03
 4325   0.28992635E+03
 4326   0.14952849E+03
 4327   0.98780510E+02
 4328   0.12101301E+03
 4329   0.11169489E+03
 4330   0.82750520E+02
 4331   0.19478160E+03
 4332   0.33177252E+03
 4333   0.34547372E+03
 4334   0.28360184E+03
 4335   0.18621730E+03
 4336   0.14495527E+03
 4337   0.13490832E+03
 4338   0.11688085E+03
 4339   0.75050420E+02
 4340   0.59683380E+02
 4341   0.20176846E+03
 4342   0.32490607E+03
 4343   0.19563398E+03
 4344   0.11088572E+03
 4345   0.66058260E+02
 4346   0.41913560E+02
 4347   0.28014110E+02
 4348   0.19587550E+02
 4349   0.14058440E+02
 4350   0.93836600E+01
 4351   0.60073100E+01
 4352   0.40993300E+01
 4353   0.30325500E+01
 4354   0.23874500E+01
 4355   0.19613300E+01
 4356   0.16208800E+01
 4357   0.13557500E+01
 4358   0.10895900E+01
 4359   0.10538500E+01
 4360   0.13804300E+01
 4361   0.18533300E+01
 4362   0.23111300E+01
 4363   0.23152700E+01
 4364   0.20856600E+01
 4365   0.18685400E+01
 4366   0.16139000E+01
 4367   0.13748300E+01
 4368   0.12239600E+01
 4369   0.11280300E+01
 4370   0.10099500E+01
 4371   0.85784000E+00
 4372   0.70120000E+00
 4373   0.75728000E+00
 4374   0.20527900E+01
 4375   0.27415000E+01
 4376   0.24346500E+01
 4377   0.22408800E+01
 4378   0.25794100E+01
 4379   0.33935800E+01
 4380   0.37653400E+01
 4381   0.31936000E+01
 4382   0.27446000E+01
 4383   0.23584700E+01
 4384   0.21041200E+01
 4385   0.19121000E+01
 4386   0.17092400E+01
 4387   0.14150400E+01
 4388   0.10972900E+01
 4389   0.81268000E+00
 4390   0.56335000E+00
 4391   0.41122000E+00
 4392   0.31988000E+00
 4393   0.26048000E+00
 4394   0.21898000E+00
 4395   0.18819000E+00
 4396   0.16425000E+00
 4397   0.14494000E+00
 4398   0.12916000E+00
 4399   0.11562000E+00
 4400   0.10412000E+00
 4401   0.94230000E-01
 4402   0.85660000E-01
 4403   0.78170000E-01
 4404   0.71590000E-01
 4405   0.65790000E-01
 4406   0.60640000E-01
 4407   0.56060000E-01
 4408   0.51970000E-01
 4409   0.48300000E-01
 4410   0.45010000E-01
 4411   0.42030000E-01
 4412   0.39340000E-01
 4413   0.36900000E-01
 4414   0.34680000E-01
 4415   0.32650000E-01
 4416   0.30790000E-01
 4417   0.29090000E-01
 4418   0.27520000E-01
 4419   0.26080000E-01
 4420   0.24750000E-01
 4421   0.23510000E-01
 4422   0.22370000E-01
 4423   0.21320000E-01
 4424   0.44719400E+01
 4425   0.10737030E+02
 4426   0.10304760E+02
 4427   0.67965400E+01
 4428   0.45375500E+01
 4429   0.34101600E+01
 4430   0.27301200E+01
 4431   0.22668500E+01
 4432   0.16829100E+01
 4433   0.38101200E+01
 4434   0.23054340E+02
 4435   0.91484460E+02
 4436   0.10529117E+03
 4437   0.70889940E+02
 4438   0.46903310E+02
 4439   0.31958130E+02
 4440   0.22309570E+02
 4441   0.15949500E+02
 4442   0.10750540E+02
 4443   0.70811700E+01
 4444   0.48233800E+01
 4445   0.35044200E+01
 4446   0.26587200E+01
 4447   0.21082700E+01
 4448   0.16921700E+01
 4449   0.12567200E+01
 4450   0.89108000E+00
 4451   0.66714000E+00
 4452   0.60737000E+00
 4453   0.61031000E+00
 4454   0.56846000E+00
 4455   0.55237000E+00
 4456   0.46214000E+00
 4457   0.37063000E+00
 4458   0.33970000E+00
 4459   0.27058000E+00
 4460   0.40651000E+00
 4461   0.68727000E+00
 4462   0.89356000E+00
 4463   0.10262800E+01
 4464   0.18360400E+01
 4465   0.38275700E+01
 4466   0.99329900E+01
 4467   0.45901070E+02
 4468   0.45780720E+02
 4469   0.84067970E+02
 4470   0.91009120E+02
 4471   0.86422080E+02
 4472   0.70104590E+02
 4473   0.44633190E+02
 4474   0.29875250E+02
 4475   0.22343760E+02
 4476   0.28315510E+02
 4477   0.24947060E+02
 4478   0.17066630E+02
 4479   0.10676030E+02
 4480   0.70605800E+01
 4481   0.51548900E+01
 4482   0.39414000E+01
 4483   0.28480900E+01
 4484   0.24033800E+01
 4485   0.20140500E+01
 4486   0.16479200E+01
 4487   0.13038100E+01
 4488   0.12350900E+01
 4489   0.13307800E+01
 4490   0.15904200E+01
 4491   0.79441100E+01
 4492   0.10244720E+02
 4493   0.61069000E+01
 4494   0.41241700E+01
 4495   0.31978300E+01
 4496   0.25794700E+01
 4497   0.21710600E+01
 4498   0.18856900E+01
 4499   0.16102900E+01
 4500   0.12934500E+01
 4501   0.13471700E+01
 4502   0.43764100E+01
 4503   0.23496130E+02
 4504   0.14937460E+02
 4505   0.10210380E+02
 4506   0.71386500E+01
 4507   0.59560600E+01
 4508   0.54785800E+01
 4509   0.81111700E+01
 4510   0.98818000E+01
 4511   0.75349000E+01
 4512   0.49234400E+01
 4513   0.36340500E+01
 4514   0.30713000E+01
 4515   0.43087000E+01
 4516   0.37088300E+01
 4517   0.35721600E+01
 4518   0.13019000E+02
 4519   0.18642770E+02
 4520   0.10839656E+03
 4521   0.63710410E+02
 4522   0.37219670E+02
 4523   0.24197730E+02
 4524   0.14652710E+02
 4525   0.98488200E+01
 4526   0.70568600E+01
 4527   0.51118400E+01
 4528   0.38098100E+01
 4529   0.30013000E+01
 4530   0.29746560E+02
 4531   0.27263100E+02
 4532   0.20491260E+02
 4533   0.14182050E+02
 4534   0.76938100E+01
 4535   0.56569400E+01
 4536   0.54269700E+01
 4537   0.50168000E+01
 4538   0.40146300E+01
 4539   0.31838400E+01
 4540   0.25159500E+01
 4541   0.20079200E+01
 4542   0.16040500E+01
 4543   0.12104600E+01
 4544   0.89736000E+00
 4545   0.65574000E+00
 4546   0.49267000E+00
 4547   0.38138000E+00
 4548   0.19819500E+01
 4549   0.44963970E+02
 4550   0.32486170E+02
 4551   0.24363120E+02
 4552   0.91338780E+02
 4553   0.65550720E+02
 4554   0.43910810E+02
 4555   0.30117540E+02
 4556   0.34531700E+02
 4557   0.31440200E+02
 4558   0.63715030E+02
 4559   0.53400490E+02
 4560   0.34484710E+02
 4561   0.22390250E+02
 4562   0.14910670E+02
 4563   0.10572420E+02
 4564   0.80913700E+01
 4565   0.58264200E+01
 4566   0.48483600E+01
 4567   0.47142200E+01
 4568   0.40813180E+02
 4569   0.33086510E+02
 4570   0.23892150E+02
 4571   0.15969660E+02
 4572   0.96173700E+01
 4573   0.58305500E+01
 4574   0.41305400E+01
 4575   0.28113200E+01
 4576   0.24945300E+01
 4577   0.21759400E+01
 4578   0.19579000E+01
 4579   0.27393800E+01
 4580   0.17356100E+02
 4581   0.10620411E+03
 4582   0.24317519E+03
 4583   0.29841480E+03
 4584   0.25784990E+03
 4585   0.16906716E+03
 4586   0.99265720E+02
 4587   0.81407380E+02
 4588   0.83170980E+02
 4589   0.82757810E+02
 4590   0.70036410E+02
 4591   0.69940890E+02
 4592   0.16986490E+03
 4593   0.17148547E+03
 4594   0.13646552E+03
 4595   0.10817855E+03
 4596   0.17728644E+03
 4597   0.30517384E+03
 4598   0.41395307E+03
 4599   0.61697818E+03
 4600   0.13227426E+04
 4601   0.36582779E+04
 4602   0.26261861E+04
 4603   0.10398923E+04
 4604   0.42633432E+03
 4605   0.20471932E+03
 4606   0.11564635E+03
 4607   0.76544810E+02
 4608   0.62192830E+02
 4609   0.19793385E+03
 4610   0.19361442E+03
 4611   0.31826637E+03
 4612   0.87858331E+03
 4613   0.41443287E+03
 4614   0.21390228E+03
 4615   0.14711625E+03
 4616   0.18202005E+03
 4617   0.22721335E+03
 4618   0.23974994E+03
 4619   0.26158545E+03
 4620   0.11528323E+04
 4621   0.12855551E+04
 4622   0.49710419E+03
 4623   0.22369632E+03
 4624   0.11912379E+03
 4625   0.24399187E+03
 4626   0.26360411E+03
 4627   0.22215222E+03
 4628   0.12842167E+04
 4629   0.11707438E+04
 4630   0.60467679E+03
 4631   0.63676905E+03
 4632   0.11025094E+04
 4633   0.84598775E+03
 4634   0.39791631E+03
 4635   0.18978141E+03
 4636   0.99869320E+02
 4637   0.54957880E+02
 4638   0.34256870E+02
 4639   0.22975380E+02
 4640   0.15905870E+02
 4641   0.11636140E+02
 4642   0.10777920E+02
 4643   0.23731650E+02
 4644   0.98136440E+02
 4645   0.15420547E+03
 4646   0.25741114E+03
 4647   0.72675430E+03
 4648   0.62065191E+03
 4649   0.44150427E+03
 4650   0.39618280E+03
 4651   0.96560250E+03
 4652   0.44007155E+04
 4653   0.37921087E+04
 4654   0.42212632E+04
 4655   0.19497574E+04
 4656   0.13612507E+04
 4657   0.10741895E+04
 4658   0.46974939E+03
 4659   0.21810437E+03
 4660   0.11316867E+03
 4661   0.63316690E+02
 4662   0.38581640E+02
 4663   0.25399200E+02
 4664   0.17494050E+02
 4665   0.12542130E+02
 4666   0.93125800E+01
 4667   0.68296200E+01
 4668   0.47975800E+01
 4669   0.35452000E+01
 4670   0.26647200E+01
 4671   0.21108600E+01
 4672   0.18288200E+01
 4673   0.15152200E+01
 4674   0.12662100E+01
 4675   0.11550100E+01
 4676   0.10650500E+01
 4677   0.99726000E+00
 4678   0.87034000E+00
 4679   0.74729000E+00
 4680   0.61758000E+00
 4681   0.62797700E+01
 4682   0.43394432E+03
 4683   0.60392752E+04
 4684   0.15698384E+04
 4685   0.53088202E+03
 4686   0.22727043E+03
 4687   0.11828187E+03
 4688   0.65133890E+02
 4689   0.38724880E+02
 4690   0.24605540E+02
 4691   0.16494950E+02
 4692   0.11349820E+02
 4693   0.76444200E+01
 4694   0.51598300E+01
 4695   0.36842500E+01
 4696   0.27264800E+01
 4697   0.21083200E+01
 4698   0.14625300E+01
 4699   0.10039200E+01
 4700   0.67266000E+00
 4701   0.45471000E+00
 4702   0.33138000E+00
 4703   0.25899000E+00
 4704   0.21181000E+00
 4705   0.17879000E+00
 4706   0.15444000E+00
 4707   0.13576000E+00
 4708   0.11236000E+00
 4709   0.11694000E+00
 4710   0.10157000E+00
 4711   0.92510000E-01
 4712   0.17127000E+00
 4713   0.52732000E+00
 4714   0.68887000E+00
 4715   0.68414000E+00
 4716   0.17490300E+01
 4717   0.61450900E+01
 4718   0.55841700E+01
 4719   0.34539600E+01
 4720   0.41123200E+01
 4721   0.56183300E+01
 4722   0.73805300E+01
 4723   0.82750700E+01
 4724   0.82285600E+01
 4725   0.69700800E+01
 4726   0.53739600E+01
 4727   0.40068700E+01
 4728   0.30201400E+01
 4729   0.21225600E+01
 4730   0.17416600E+01
 4731   0.13243800E+01
 4732   0.10221000E+01
 4733   0.91827000E+00
 4734   0.11776200E+01
 4735   0.24057600E+01
 4736   0.28462900E+01
 4737   0.39676900E+01
 4738   0.37456900E+01
 4739   0.30232300E+01
 4740   0.30774600E+01
 4741   0.28946700E+01
 4742   0.25057700E+01
 4743   0.21185400E+01
 4744   0.17864800E+01
 4745   0.18563500E+01
 4746   0.11505010E+02
 4747   0.10073958E+03
 4748   0.15549302E+03
 4749   0.11115756E+03
 4750   0.70748760E+02
 4751   0.46386220E+02
 4752   0.31264190E+02
 4753   0.21541970E+02
 4754   0.15247570E+02
 4755   0.10888140E+02
 4756   0.75056900E+01
 4757   0.51927300E+01
 4758   0.37410500E+01
 4759   0.28709200E+01
 4760   0.20372600E+01
 4761   0.16190600E+01
 4762   0.11432500E+01
 4763   0.82030000E+00
 4764   0.56043000E+00
 4765   0.58071000E+00
 4766   0.81526100E+01
 4767   0.98838100E+01
 4768   0.71313100E+01
 4769   0.48073800E+01
 4770   0.29329100E+01
 4771   0.24453900E+01
 4772   0.21534600E+01
 4773   0.18764900E+01
 4774   0.16041600E+01
 4775   0.12726700E+01
 4776   0.19359700E+01
 4777   0.32383100E+01
 4778   0.74573800E+01
 4779   0.23683150E+02
 4780   0.28175550E+02
 4781   0.22028920E+02
 4782   0.16117660E+02
 4783   0.12109530E+02
 4784   0.90036500E+01
 4785   0.64498700E+01
 4786   0.47389000E+01
 4787   0.36474000E+01
 4788   0.29147100E+01
 4789   0.23914500E+01
 4790   0.18902700E+01
 4791   0.12443400E+01
 4792   0.86374000E+00
 4793   0.60643000E+00
 4794   0.46095000E+00
 4795   0.38851000E+00
 4796   0.37255000E+00
 4797   0.38781000E+00
 4798   0.39481000E+00
 4799   0.43436000E+00
 4800   0.44168000E+00
 4801   0.39020000E+00
 4802   0.33129000E+00
 4803   0.27891000E+00
 4804   0.23876000E+00
 4805   0.20480000E+00
 4806   0.17732000E+00
 4807   0.15482000E+00
 4808   0.14264000E+00
 4809   0.21706000E+00
 4810   0.49231000E+00
 4811   0.30272700E+01
 4812   0.55246600E+01
 4813   0.46967000E+01
 4814   0.34786100E+01
 4815   0.27760400E+01
 4816   0.23107400E+01
 4817   0.20335400E+01
 4818   0.17522300E+01
 4819   0.15917500E+01
 4820   0.13610100E+01
 4821   0.12425800E+01
 4822   0.10471100E+01
 4823   0.90320000E+00
 4824   0.78468000E+00
 4825   0.63730000E+00
 4826   0.52264000E+00
 4827   0.54282000E+00
 4828   0.58582000E+00
 4829   0.60903000E+00
 4830   0.59428000E+00
 4831   0.53373000E+00
 4832   0.43574000E+00
 4833   0.35288000E+00
 4834   0.28948000E+00
 4835   0.24079000E+00
 4836   0.20325000E+00
 4837   0.29213000E+00
 4838   0.19070200E+01
 4839   0.16234760E+02
 4840   0.20548140E+02
 4841   0.17235950E+02
 4842   0.11037160E+02
 4843   0.74201800E+01
 4844   0.68459300E+01
 4845   0.52681780E+02
 4846   0.28175626E+03
 4847   0.10831943E+04
 4848   0.90647210E+03
 4849   0.39530930E+03
 4850   0.18237599E+03
 4851   0.96312230E+02
 4852   0.51710860E+02
 4853   0.31937770E+02
 4854   0.21356400E+02
 4855   0.14839170E+02
 4856   0.10446620E+02
 4857   0.70994700E+01
 4858   0.48844600E+01
 4859   0.35450500E+01
 4860   0.26812800E+01
 4861   0.20849800E+01
 4862   0.14511300E+01
 4863   0.10218100E+01
 4864   0.69345000E+00
 4865   0.46129000E+00
 4866   0.35075000E+00
 4867   0.40761600E+01
 4868   0.72864900E+01
 4869   0.56092300E+01
 4870   0.39029400E+01
 4871   0.35825800E+01
 4872   0.30884400E+01
 4873   0.25595200E+01
 4874   0.29186500E+01
 4875   0.40073100E+01
 4876   0.48382100E+01
 4877   0.51205200E+01
 4878   0.67841500E+01
 4879   0.14018670E+02
 4880   0.34876550E+02
 4881   0.24541553E+03
 4882   0.22679262E+03
 4883   0.15432530E+03
 4884   0.10081236E+03
 4885   0.67912550E+02
 4886   0.21440965E+03
 4887   0.18007421E+03
 4888   0.14932815E+03
 4889   0.10986610E+03
 4890   0.75752320E+02
 4891   0.53338630E+02
 4892   0.40221890E+02
 4893   0.57315410E+02
 4894   0.41008770E+02
 4895   0.27386160E+02
 4896   0.62610590E+02
 4897   0.69864140E+02
 4898   0.12421481E+03
 4899   0.96423300E+02
 4900   0.69328300E+02
 4901   0.53258570E+02
 4902   0.38368190E+02
 4903   0.24770020E+02
 4904   0.18985590E+02
 4905   0.19474460E+02
 4906   0.16940990E+02
 4907   0.21032107E+03
 4908   0.60797538E+03
 4909   0.49654930E+03
 4910   0.67892129E+03
 4911   0.36257489E+03
 4912   0.20857489E+03
 4913   0.16251923E+03
 4914   0.14200371E+03
 4915   0.20988469E+03
 4916   0.25335072E+03
 4917   0.22691231E+03
 4918   0.14564596E+03
 4919   0.90282020E+02
 4920   0.55983440E+02
 4921   0.38061580E+02
 4922   0.11370943E+03
 4923   0.34919781E+03
 4924   0.25637652E+03
 4925   0.25831413E+03
 4926   0.16941276E+03
 4927   0.11229906E+03
 4928   0.73509170E+02
 4929   0.47885770E+02
 4930   0.31901900E+02
 4931   0.21012040E+02
 4932   0.13272850E+02
 4933   0.83847300E+01
 4934   0.48317000E+01
 4935   0.34928500E+01
 4936   0.27361100E+01
 4937   0.22172500E+01
 4938   0.17483800E+01
 4939   0.12010600E+01
 4940   0.85514000E+00
 4941   0.57443000E+00
 4942   0.44738000E+00
 4943   0.21011000E+01
 4944   0.21107770E+02
 4945   0.28009800E+02
 4946   0.29532620E+02
 4947   0.12149710E+03
 4948   0.64307037E+03
 4949   0.34607894E+04
 4950   0.40081736E+04
 4951   0.19986738E+04
 4952   0.11946825E+04
 4953   0.86422282E+03
 4954   0.55526611E+03
 4955   0.79892500E+03
 4956   0.79288627E+03
 4957   0.35745830E+03
 4958   0.28422719E+03
 4959   0.10777867E+04
 4960   0.10774370E+04
 4961   0.52715584E+03
 4962   0.26777713E+03
 4963   0.14502586E+03
 4964   0.85864850E+02
 4965   0.58306800E+02
 4966   0.52083490E+02
 4967   0.88983200E+02
 4968   0.60586377E+03
 4969   0.11392262E+04
 4970   0.11114129E+04
 4971   0.11076357E+04
 4972   0.24385739E+04
 4973   0.14981131E+04
 4974   0.55661320E+03
 4975   0.48104228E+03
 4976   0.36455719E+03
 4977   0.27067652E+03
 4978   0.50651773E+03
 4979   0.67911618E+03
 4980   0.47509153E+03
 4981   0.37785243E+03
 4982   0.49229771E+03
 4983   0.81099464E+03
 4984   0.70193404E+03
 4985   0.42526055E+03
 4986   0.25610588E+03
 4987   0.17454737E+03
 4988   0.12313618E+03
 4989   0.10658235E+03
 4990   0.18768566E+03
 4991   0.54183734E+03
 4992   0.57802323E+03
 4993   0.30572464E+03
 4994   0.15389835E+03
 4995   0.81838530E+02
 4996   0.44798970E+02
 4997   0.28034010E+02
 4998   0.18896390E+02
 4999   0.13104000E+02
 5000   0.14665210E+02
 5001   0.18026130E+02
 5002   0.29960190E+02
 5003   0.40100290E+02
 5004   0.31799060E+02
 5005   0.22642460E+02
 5006   0.15311330E+02
 5007   0.10442260E+02
 5008   0.69506500E+01
 5009   0.47410800E+01
 5010   0.33717700E+01
 5011   0.25158800E+01
 5012   0.19716800E+01
 5013   0.15509200E+01
 5014   0.70687215E+03
 5015   0.55142389E+04
 5016   0.19936393E+04
 5017   0.72655886E+03
 5018   0.47385507E+03
 5019   0.18641987E+04
 5020   0.37092755E+04
 5021   0.13121487E+04
 5022   0.59113850E+03
 5023   0.34951777E+03
 5024   0.10689642E+04
 5025   0.19006252E+04
 5026   0.96813549E+03
 5027   0.50520377E+03
 5028   0.24579470E+03
 5029   0.12516341E+03
 5030   0.67646810E+02
 5031   0.39983620E+02
 5032   0.25592150E+02
 5033   0.17367470E+02
 5034   0.12122610E+02
 5035   0.83328600E+01
 5036   0.54063100E+01
 5037   0.34509300E+01
 5038   0.25691000E+01
 5039   0.52678800E+01
 5040   0.88086000E+01
 5041   0.35582340E+02
 5042   0.42847710E+02
 5043   0.31957800E+02
 5044   0.22821280E+02
 5045   0.16607430E+02
 5046   0.13739060E+02
 5047   0.13978500E+02
 5048   0.25348390E+02
 5049   0.53282000E+02
 5050   0.86518060E+02
 5051   0.89556970E+02
 5052   0.16318538E+03
 5053   0.36741692E+03
 5054   0.22106891E+03
 5055   0.11475986E+03
 5056   0.79691670E+02
 5057   0.33942075E+04
 5058   0.41950588E+04
 5059   0.99445152E+03
 5060   0.35322496E+03
 5061   0.16293973E+03
 5062   0.87457270E+02
 5063   0.50098940E+02
 5064   0.31209070E+02
 5065   0.20747300E+02
 5066   0.14286980E+02
 5067   0.96222400E+01
 5068   0.62225300E+01
 5069   0.39973600E+01
 5070   0.28532500E+01
 5071   0.21500600E+01
 5072   0.17754000E+01
 5073   0.25485400E+01
 5074   0.65295700E+01
 5075   0.13765520E+02
 5076   0.38044020E+02
 5077   0.40877640E+02
 5078   0.29192480E+02
 5079   0.20392480E+02
 5080   0.14638480E+02
 5081   0.10546560E+02
 5082   0.72450400E+01
 5083   0.49364600E+01
 5084   0.35943900E+01
 5085   0.34557100E+01
 5086   0.47396000E+01
 5087   0.61732300E+01
 5088   0.60845600E+01
 5089   0.12154020E+02
 5090   0.24065360E+02
 5091   0.21701850E+02
 5092   0.16665370E+02
 5093   0.13763540E+02
 5094   0.32973090E+02
 5095   0.14554462E+03
 5096   0.38201598E+03
 5097   0.31884843E+03
 5098   0.18768147E+03
 5099   0.12023894E+03
 5100   0.10056597E+03
 5101   0.12986232E+03
 5102   0.18095695E+03
 5103   0.18554670E+03
 5104   0.11816490E+03
 5105   0.70461530E+02
 5106   0.43885910E+02
 5107   0.28625430E+02
 5108   0.19351890E+02
 5109   0.13284810E+02
 5110   0.88265100E+01
 5111   0.58166200E+01
 5112   0.40525400E+01
 5113   0.30137700E+01
 5114   0.23330300E+01
 5115   0.18754900E+01
 5116   0.14511600E+01
 5117   0.10378200E+01
 5118   0.73193000E+00
 5119   0.49027000E+00
 5120   0.33570000E+00
 5121   0.25714000E+00
 5122   0.21231000E+00
 5123   0.18158000E+00
 5124   0.15810000E+00
 5125   0.13904000E+00
 5126   0.12320000E+00
 5127   0.10990000E+00
 5128   0.98640000E-01
 5129   0.89030000E-01
 5130   0.80770000E-01
 5131   0.73630000E-01
 5132   0.68030000E-01
 5133   0.62240000E-01
 5134   0.57250000E-01
 5135   0.52960000E-01
 5136   0.11855000E+00
 5137   0.82939000E+00
 5138   0.96105900E+01
 5139   0.22398600E+02
 5140   0.27155190E+02
 5141   0.20620350E+02
 5142   0.15215280E+02
 5143   0.10353530E+02
 5144   0.76296000E+01
 5145   0.60408200E+01
 5146   0.47554600E+01
 5147   0.37897300E+01
 5148   0.31172800E+01
 5149   0.24076200E+01
 5150   0.19684900E+01
 5151   0.15957100E+01
 5152   0.12471600E+01
 5153   0.15020600E+01
 5154   0.36553200E+01
 5155   0.11266290E+02
 5156   0.28091560E+02
 5157   0.28011730E+02
 5158   0.22796590E+02
 5159   0.17127430E+02
 5160   0.10878450E+02
 5161   0.79822400E+01
 5162   0.59086600E+01
 5163   0.44478800E+01
 5164   0.34675700E+01
 5165   0.28013300E+01
 5166   0.22637300E+01
 5167   0.18073600E+01
 5168   0.13495300E+01
 5169   0.95540000E+00
 5170   0.67091000E+00
 5171   0.46497000E+00
 5172   0.35459000E+00
 5173   0.28997000E+00
 5174   0.25192000E+00
 5175   0.21977000E+00
 5176   0.19706000E+00
 5177   0.17910000E+00
 5178   0.16434000E+00
 5179   0.18007000E+00
 5180   0.18230000E+00
 5181   0.23776000E+00
 5182   0.11313000E+01
 5183   0.14179000E+01
 5184   0.15755100E+01
 5185   0.25590400E+01
 5186   0.66116800E+01
 5187   0.66437060E+02
 5188   0.62291260E+02
 5189   0.49712960E+02
 5190   0.38592420E+02
 5191   0.28679970E+02
 5192   0.20103190E+02
 5193   0.14753910E+02
 5194   0.11190370E+02
 5195   0.94498300E+01
 5196   0.51256090E+02
 5197   0.39903180E+02
 5198   0.32218300E+02
 5199   0.27433860E+02
 5200   0.23379840E+02
 5201   0.16641670E+02
 5202   0.11961870E+02
 5203   0.86578000E+01
 5204   0.62979500E+01
 5205   0.48754900E+01
 5206   0.38445700E+01
 5207   0.31159300E+01
 5208   0.25550000E+01
 5209   0.21057600E+01
 5210   0.17328200E+01
 5211   0.11553700E+01
 5212   0.78937000E+00
 5213   0.56982000E+00
 5214   0.46492000E+00
 5215   0.71664000E+00
 5216   0.10778800E+01
 5217   0.15628700E+01
 5218   0.15400600E+01
 5219   0.12506100E+01
 5220   0.10271600E+01
 5221   0.84870000E+00
 5222   0.66120000E+00
 5223   0.51340000E+00
 5224   0.39882000E+00
 5225   0.29190000E+00
 5226   0.21594000E+00
 5227   0.16752000E+00
 5228   0.13596000E+00
 5229   0.11534000E+00
 5230   0.11232000E+00
 5231   0.23359000E+00
 5232   0.46932000E+00
 5233   0.51422000E+00
 5234   0.45383000E+00
 5235   0.37715000E+00
 5236   0.32385000E+00
 5237   0.69850000E+00
 5238   0.10534700E+01
 5239   0.12670200E+01
 5240   0.14160700E+01
 5241   0.14285100E+01
 5242   0.14025300E+01
 5243   0.20822700E+01
 5244   0.34726400E+01
 5245   0.30951300E+01
 5246   0.24275700E+01
 5247   0.18809900E+01
 5248   0.14333300E+01
 5249   0.11155100E+01
 5250   0.96623000E+00
 5251   0.99290000E+00
 5252   0.48082400E+01
 5253   0.83335200E+01
 5254   0.64005900E+01
 5255   0.45904700E+01
 5256   0.54305500E+01
 5257   0.13229810E+02
 5258   0.13379670E+02
 5259   0.93129700E+01
 5260   0.58806100E+01
 5261   0.42259400E+01
 5262   0.28481000E+01
 5263   0.23546100E+01
 5264   0.20542200E+01
 5265   0.17769400E+01
 5266   0.13397800E+01
 5267   0.10356600E+01
 5268   0.19564500E+01
 5269   0.48195700E+01
 5270   0.57827920E+02
 5271   0.35685035E+03
 5272   0.59153923E+03
 5273   0.40932219E+03
 5274   0.25393472E+03
 5275   0.16028153E+03
 5276   0.11087992E+03
 5277   0.83302900E+02
 5278   0.62940280E+02
 5279   0.48094220E+02
 5280   0.37386620E+02
 5281   0.26942700E+02
 5282   0.18765390E+02
 5283   0.12741870E+02
 5284   0.97514500E+01
 5285   0.84357600E+01
 5286   0.82262100E+01
 5287   0.10169870E+02
 5288   0.35094662E+03
 5289   0.21184787E+03
 5290   0.14798564E+03
 5291   0.14138828E+03
 5292   0.23855737E+03
 5293   0.26787441E+03
 5294   0.17671503E+03
 5295   0.11530036E+03
 5296   0.10775525E+03
 5297   0.26582542E+03
 5298   0.60187684E+03
 5299   0.23158834E+04
 5300   0.40985134E+04
 5301   0.13281109E+04
 5302   0.12782033E+04
 5303   0.72387389E+03
 5304   0.49359033E+03
 5305   0.40171437E+03
 5306   0.29156257E+03
 5307   0.18428792E+03
 5308   0.13715039E+03
 5309   0.11139591E+03
 5310   0.11068114E+03
 5311   0.13450695E+03
 5312   0.18011153E+03
 5313   0.18096397E+03
 5314   0.13265057E+03
 5315   0.84019140E+02
 5316   0.53218330E+02
 5317   0.37083350E+02
 5318   0.35225660E+02
 5319   0.45283750E+02
 5320   0.48774480E+02
 5321   0.30308809E+03
 5322   0.45893158E+03
 5323   0.29802974E+03
 5324   0.18155589E+03
 5325   0.11341939E+03
 5326   0.11559084E+03
 5327   0.53270695E+03
 5328   0.70607105E+03
 5329   0.74333007E+03
 5330   0.13395341E+04
 5331   0.14695964E+04
 5332   0.98455010E+03
 5333   0.82881976E+03
 5334   0.73516960E+03
 5335   0.64615098E+03
 5336   0.55995863E+03
 5337   0.34465810E+03
 5338   0.19833180E+03
 5339   0.11691366E+03
 5340   0.69119680E+02
 5341   0.54009870E+02
 5342   0.71133270E+02
 5343   0.13309432E+03
 5344   0.20711722E+03
 5345   0.21377177E+03
 5346   0.16711497E+03
 5347   0.16181901E+03
 5348   0.10385223E+04
 5349   0.10697995E+04
 5350   0.67035497E+03
 5351   0.33976182E+03
 5352   0.18371952E+03
 5353   0.10664961E+03
 5354   0.65088230E+02
 5355   0.50379220E+02
 5356   0.64807110E+02
 5357   0.14763756E+03
 5358   0.22749537E+03
 5359   0.20626824E+03
 5360   0.16983344E+03
 5361   0.11598244E+03
 5362   0.70030840E+02
 5363   0.45760000E+02
 5364   0.35081630E+02
 5365   0.28630790E+02
 5366   0.25162330E+02
 5367   0.23569570E+02
 5368   0.22944580E+02
 5369   0.23482050E+02
 5370   0.23610070E+02
 5371   0.22033410E+02
 5372   0.19885900E+02
 5373   0.17014270E+02
 5374   0.13540340E+02
 5375   0.96608000E+01
 5376   0.65550300E+01
 5377   0.45018800E+01
 5378   0.32167700E+01
 5379   0.24257500E+01
 5380   0.19196800E+01
 5381   0.15153300E+01
 5382   0.11581600E+01
 5383   0.89437000E+00
 5384   0.82154000E+00
 5385   0.76481000E+00
 5386   0.74289000E+00
 5387   0.73946000E+00
 5388   0.68361000E+00
 5389   0.58386000E+00
 5390   0.45576000E+00
 5391   0.33716000E+00
 5392   0.27295000E+00
 5393   0.35479400E+01
 5394   0.15660409E+03
 5395   0.40958375E+03
 5396   0.38321773E+03
 5397   0.64668109E+04
 5398   0.63286610E+04
 5399   0.17231449E+04
 5400   0.83200738E+03
 5401   0.47667636E+03
 5402   0.28980183E+03
 5403   0.18958831E+03
 5404   0.12517603E+03
 5405   0.83726680E+02
 5406   0.51926370E+02
 5407   0.38164080E+02
 5408   0.29974440E+02
 5409   0.22986070E+02
 5410   0.17234860E+02
 5411   0.12739160E+02
 5412   0.91536300E+01
 5413   0.61878100E+01
 5414   0.42187200E+01
 5415   0.30006700E+01
 5416   0.20859900E+01
 5417   0.16582600E+01
 5418   0.12038500E+01
 5419   0.85475000E+00
 5420   0.60399000E+00
 5421   0.40161000E+00
 5422   0.28782000E+00
 5423   0.22538000E+00
 5424   0.16623000E+00
 5425   0.15750000E+00
 5426   0.29392000E+00
 5427   0.95342000E+00
 5428   0.20798600E+01
 5429   0.45136400E+01
 5430   0.57701300E+01
 5431   0.52984800E+01
 5432   0.43395400E+01
 5433   0.33899500E+01
 5434   0.27130700E+01
 5435   0.23065700E+01
 5436   0.18385100E+01
 5437   0.16967700E+01
 5438   0.14900300E+01
 5439   0.13280100E+01
 5440   0.11926200E+01
 5441   0.24667100E+01
 5442   0.35291200E+01
 5443   0.62737600E+01
 5444   0.97575300E+01
 5445   0.14933220E+02
 5446   0.15237110E+02
 5447   0.13093700E+02
 5448   0.12094060E+02
 5449   0.13327490E+02
 5450   0.15622070E+02
 5451   0.14469460E+02
 5452   0.12005650E+02
 5453   0.99639600E+01
 5454   0.86920100E+01
 5455   0.78194100E+01
 5456   0.13279150E+02
 5457   0.37461860E+02
 5458   0.30624240E+02
 5459   0.22680720E+02
 5460   0.15991370E+02
 5461   0.11037410E+02
 5462   0.80068100E+01
 5463   0.58695500E+01
 5464   0.43652700E+01
 5465   0.33785400E+01
 5466   0.27067200E+01
 5467   0.19626000E+01
 5468   0.15705000E+01
 5469   0.11506500E+01
 5470   0.26638900E+01
 5471   0.60650000E+01
 5472   0.10294610E+02
 5473   0.10726860E+02
 5474   0.95877900E+01
 5475   0.86317500E+01
 5476   0.72871300E+01
 5477   0.55144400E+01
 5478   0.41274200E+01
 5479   0.29593100E+01
 5480   0.22778100E+01
 5481   0.18616600E+01
 5482   0.15513600E+01
 5483   0.11632000E+01
 5484   0.85019000E+00
 5485   0.61763000E+00
 5486   0.41251000E+00
 5487   0.29663000E+00
 5488   0.22922000E+00
 5489   0.18629000E+00
 5490   0.15642000E+00
 5491   0.13435000E+00
 5492   0.15961000E+00
 5493   0.88487000E+00
 5494   0.60376600E+01
 5495   0.15111500E+02
 5496   0.14377060E+02
 5497   0.10416450E+02
 5498   0.56497100E+01
 5499   0.43798500E+01
 5500   0.35901600E+01
 5501   0.31081100E+01
 5502   0.26903800E+01
 5503   0.24024700E+01
 5504   0.28948400E+01
 5505   0.40423400E+01
 5506   0.36431600E+01
 5507   0.30197800E+01
 5508   0.20630200E+01
 5509   0.17239400E+01
 5510   0.15204300E+01
 5511   0.12390800E+01
 5512   0.10667900E+01
 5513   0.83215000E+00
 5514   0.12119700E+01
 5515   0.42913600E+01
 5516   0.44913860E+02
 5517   0.43261600E+02
 5518   0.32704820E+02
 5519   0.26557860E+02
 5520   0.21441310E+02
 5521   0.18871210E+02
 5522   0.15230860E+02
 5523   0.10856980E+02
 5524   0.74301900E+01
 5525   0.52768600E+01
 5526   0.39764400E+01
 5527   0.31326100E+01
 5528   0.25623800E+01
 5529   0.19013100E+01
 5530   0.15923800E+01
 5531   0.12395600E+01
 5532   0.96850000E+00
 5533   0.75557000E+00
 5534   0.60621000E+00
 5535   0.46490000E+00
 5536   0.36920000E+00
 5537   0.28976000E+00
 5538   0.22638400E+01
 5539   0.96756600E+01
 5540   0.15831010E+02
 5541   0.16193750E+02
 5542   0.19313140E+02
 5543   0.23940780E+02
 5544   0.57072700E+02
 5545   0.53257530E+02
 5546   0.47005000E+02
 5547   0.41134160E+02
 5548   0.34122080E+02
 5549   0.23057520E+02
 5550   0.15727690E+02
 5551   0.11116530E+02
 5552   0.77699400E+01
 5553   0.55090900E+01
 5554   0.41218400E+01
 5555   0.32342100E+01
 5556   0.26272800E+01
 5557   0.20704300E+01
 5558   0.16394600E+01
 5559   0.10805100E+01
 5560   0.74787000E+00
 5561   0.49810000E+00
 5562   0.36375000E+00
 5563   0.28505000E+00
 5564   0.23332000E+00
 5565   0.19647000E+00
 5566   0.16873000E+00
 5567   0.14701000E+00
 5568   0.12952000E+00
 5569   0.11515000E+00
 5570   0.10313000E+00
 5571   0.92950000E-01
 5572   0.84240000E-01
 5573   0.76730000E-01
 5574   0.47270000E-01
 5575   0.10291000E+00
 5576   0.11907040E+02
 5577   0.32507190E+02
 5578   0.28229230E+02
 5579   0.25069270E+02
 5580   0.18903980E+02
 5581   0.14781780E+02
 5582   0.11324200E+02
 5583   0.83028000E+01
 5584   0.58728700E+01
 5585   0.43453500E+01
 5586   0.33922800E+01
 5587   0.26539800E+01
 5588   0.21554800E+01
 5589   0.17584500E+01
 5590   0.12174700E+01
 5591   0.16118100E+01
 5592   0.16393500E+01
 5593   0.19162600E+01
 5594   0.22028600E+01
 5595   0.29202700E+01
 5596   0.38002100E+01
 5597   0.40587800E+01
 5598   0.36654700E+01
 5599   0.13041760E+02
 5600   0.15935390E+02
 5601   0.13099370E+02
 5602   0.97595900E+01
 5603   0.82589040E+02
 5604   0.68443264E+03
 5605   0.38150018E+03
 5606   0.19652365E+03
 5607   0.12141168E+03
 5608   0.87232620E+02
 5609   0.57913410E+02
 5610   0.36829880E+02
 5611   0.21354100E+02
 5612   0.14170980E+02
 5613   0.10409900E+02
 5614   0.76637100E+01
 5615   0.59188300E+01
 5616   0.47257100E+01
 5617   0.61313900E+01
 5618   0.17776420E+02
 5619   0.16246200E+02
 5620   0.11324000E+02
 5621   0.63007000E+01
 5622   0.50171800E+01
 5623   0.40516000E+01
 5624   0.32676300E+01
 5625   0.29593800E+01
 5626   0.30755300E+01
 5627   0.30773800E+01
 5628   0.26906300E+01
 5629   0.23398200E+01
 5630   0.20240200E+01
 5631   0.16271500E+01
 5632   0.14476500E+01
 5633   0.15948400E+01
 5634   0.94872500E+01
 5635   0.13537934E+03
 5636   0.36210471E+03
 5637   0.20228965E+03
 5638   0.99102650E+02
 5639   0.53933270E+02
 5640   0.46770950E+02
 5641   0.45881280E+02
 5642   0.47670980E+02
 5643   0.41309170E+02
 5644   0.31120990E+02
 5645   0.23187950E+02
 5646   0.21157920E+02
 5647   0.13207400E+03
 5648   0.10811884E+03
 5649   0.10136714E+03
 5650   0.28526569E+03
 5651   0.43305885E+03
 5652   0.54040945E+03
 5653   0.28716261E+03
 5654   0.43559633E+03
 5655   0.69462660E+03
 5656   0.37178752E+03
 5657   0.26703214E+03
 5658   0.15799903E+03
 5659   0.89101030E+02
 5660   0.50878410E+02
 5661   0.50572970E+02
 5662   0.12305480E+03
 5663   0.23446187E+03
 5664   0.31622990E+03
 5665   0.30184522E+03
 5666   0.19176761E+03
 5667   0.11249026E+03
 5668   0.69553400E+02
 5669   0.74057040E+02
 5670   0.11369149E+03
 5671   0.18936606E+03
 5672   0.26478126E+03
 5673   0.11304806E+04
 5674   0.21321509E+04
 5675   0.97857332E+03
 5676   0.40075807E+03
 5677   0.19902741E+03
 5678   0.11059826E+03
 5679   0.63369510E+02
 5680   0.37912730E+02
 5681   0.27622510E+02
 5682   0.10566161E+03
 5683   0.38801516E+03
 5684   0.36659959E+03
 5685   0.23233598E+03
 5686   0.16249834E+03
 5687   0.15563979E+03
 5688   0.34244071E+03
 5689   0.94758526E+03
 5690   0.11269482E+04
 5691   0.83777105E+03
 5692   0.17495587E+04
 5693   0.29379470E+04
 5694   0.19465294E+04
 5695   0.77519515E+03
 5696   0.32813666E+03
 5697   0.36340034E+03
 5698   0.14089108E+04
 5699   0.24644536E+04
 5700   0.22657031E+04
 5701   0.14726471E+04
 5702   0.76957497E+03
 5703   0.38716392E+03
 5704   0.19963160E+03
 5705   0.10778160E+03
 5706   0.62007680E+02
 5707   0.64363610E+02
 5708   0.59821106E+03
 5709   0.89838286E+03
 5710   0.11907932E+04
 5711   0.12745731E+04
 5712   0.55794048E+03
 5713   0.23588136E+03
 5714   0.11940419E+03
 5715   0.66528730E+02
 5716   0.42438230E+02
 5717   0.31605260E+02
 5718   0.26697760E+02
 5719   0.10469669E+03
 5720   0.58094899E+03
 5721   0.23982755E+04
 5722   0.34554392E+04
 5723   0.13489123E+04
 5724   0.12790217E+04
 5725   0.49107869E+04
 5726   0.58102920E+04
 5727   0.31788247E+04
 5728   0.95851339E+03
 5729   0.56401466E+03
 5730   0.78819370E+03
 5731   0.92960570E+03
 5732   0.42358413E+03
 5733   0.19547504E+03
 5734   0.98557340E+02
 5735   0.59562620E+02
 5736   0.91205170E+02
 5737   0.75054618E+03
 5738   0.68886519E+03
 5739   0.31657087E+03
 5740   0.16858758E+03
 5741   0.42672641E+03
 5742   0.32376745E+04
 5743   0.10471082E+04
 5744   0.55942660E+03
 5745   0.12820805E+04
 5746   0.25748045E+04
 5747   0.17230606E+04
 5748   0.12097216E+04
 5749   0.93121301E+03
 5750   0.51787900E+03
 5751   0.23454351E+03
 5752   0.12124236E+03
 5753   0.67968800E+02
 5754   0.39813240E+02
 5755   0.25665440E+02
 5756   0.24229290E+02
 5757   0.21714179E+04
 5758   0.46266641E+04
 5759   0.20316488E+04
 5760   0.15581757E+04
 5761   0.71177127E+03
 5762   0.31664275E+03
 5763   0.19435843E+03
 5764   0.12775884E+03
 5765   0.74994460E+02
 5766   0.45136200E+02
 5767   0.29202940E+02
 5768   0.19839650E+02
 5769   0.13954280E+02
 5770   0.97904300E+01
 5771   0.74667200E+01
 5772   0.58560200E+01
 5773   0.59242000E+01
 5774   0.68503800E+01
 5775   0.88826500E+01
 5776   0.95178700E+01
 5777   0.91981000E+01
 5778   0.90528600E+01
 5779   0.85331800E+01
 5780   0.73901500E+01
 5781   0.65915500E+01
 5782   0.64360400E+01
 5783   0.66920000E+01
 5784   0.73628400E+01
 5785   0.15570930E+02
 5786   0.28648730E+02
 5787   0.25196180E+02
 5788   0.18785970E+02
 5789   0.13703450E+02
 5790   0.98104500E+01
 5791   0.65737000E+01
 5792   0.44321300E+01
 5793   0.31354300E+01
 5794   0.25190300E+01
 5795   0.18188700E+01
 5796   0.16586200E+01
 5797   0.14265400E+01
 5798   0.15004000E+01
 5799   0.16942700E+01
 5800   0.28376700E+01
 5801   0.64023800E+01
 5802   0.12280120E+02
 5803   0.16031050E+02
 5804   0.15531960E+02
 5805   0.12561570E+02
 5806   0.94354400E+01
 5807   0.62521100E+01
 5808   0.43243600E+01
 5809   0.31555500E+01
 5810   0.23909000E+01
 5811   0.19583300E+01
 5812   0.16569300E+01
 5813   0.90472100E+01
 5814   0.22436660E+02
 5815   0.28845520E+02
 5816   0.73933740E+02
 5817   0.37495430E+03
 5818   0.24092978E+03
 5819   0.11858076E+03
 5820   0.63533580E+02
 5821   0.37919330E+02
 5822   0.24396560E+02
 5823   0.16990770E+02
 5824   0.12605810E+02
 5825   0.10668480E+02
 5826   0.97468100E+01
 5827   0.89883500E+01
 5828   0.79244300E+01
 5829   0.64073400E+01
 5830   0.48936300E+01
 5831   0.37620700E+01
 5832   0.29899800E+01
 5833   0.23860900E+01
 5834   0.19103500E+01
 5835   0.14667500E+01
 5836   0.91237000E+00
 5837   0.59245000E+00
 5838   0.43022000E+00
 5839   0.58488000E+00
 5840   0.81183000E+00
 5841   0.82316000E+00
 5842   0.81788000E+00
 5843   0.80356000E+00
 5844   0.75533000E+00
 5845   0.60072000E+00
 5846   0.48271000E+00
 5847   0.37609000E+00
 5848   0.37181000E+00
 5849   0.47705000E+00
 5850   0.48253000E+00
 5851   0.41961000E+00
 5852   0.87244000E+00
 5853   0.18021600E+01
 5854   0.32231100E+01
 5855   0.31245400E+01
 5856   0.25614300E+01
 5857   0.17132900E+01
 5858   0.12930100E+01
 5859   0.11097700E+01
 5860   0.96676000E+00
 5861   0.83163000E+00
 5862   0.61470000E+00
 5863   0.48797000E+00
 5864   0.37049000E+00
 5865   0.28182000E+00
 5866   0.22329000E+00
 5867   0.19528000E+00
 5868   0.43465000E+00
 5869   0.82431000E+00
 5870   0.22845400E+01
 5871   0.46900600E+01
 5872   0.83367900E+01
 5873   0.91913200E+01
 5874   0.66322900E+01
 5875   0.42958900E+01
 5876   0.30773400E+01
 5877   0.19854900E+01
 5878   0.15751500E+01
 5879   0.16429400E+01
 5880   0.54038800E+01
 5881   0.72235500E+01
 5882   0.70473100E+01
 5883   0.58330100E+01
 5884   0.43454300E+01
 5885   0.32300200E+01
 5886   0.26177100E+01
 5887   0.17161000E+01
 5888   0.16489400E+01
 5889   0.47572600E+01
 5890   0.55431100E+01
 5891   0.68775500E+01
 5892   0.94651000E+01
 5893   0.97607500E+01
 5894   0.75134900E+01
 5895   0.54072500E+01
 5896   0.41831900E+01
 5897   0.33931600E+01
 5898   0.24955700E+01
 5899   0.24113000E+01
 5900   0.51117800E+01
 5901   0.45311850E+02
 5902   0.54320550E+02
 5903   0.43912890E+02
 5904   0.37331580E+02
 5905   0.30628920E+02
 5906   0.22862610E+02
 5907   0.17372140E+02
 5908   0.12110290E+02
 5909   0.11176820E+02
 5910   0.10614010E+02
 5911   0.80868100E+01
 5912   0.58916600E+01
 5913   0.70743700E+01
 5914   0.13078500E+02
 5915   0.13651660E+02
 5916   0.10138490E+02
 5917   0.72440600E+01
 5918   0.42412000E+01
 5919   0.34837600E+01
 5920   0.33068500E+01
 5921   0.33547900E+01
 5922   0.33049500E+01
 5923   0.30722500E+01
 5924   0.26504400E+01
 5925   0.22708100E+01
 5926   0.19180600E+01
 5927   0.19336100E+01
 5928   0.14392512E+03
 5929   0.10692359E+03
 5930   0.90070020E+02
 5931   0.88980680E+02
 5932   0.70869590E+02
 5933   0.50941460E+02
 5934   0.34023910E+02
 5935   0.22470180E+02
 5936   0.16392640E+02
 5937   0.13173020E+02
 5938   0.15172620E+02
 5939   0.13732810E+02
 5940   0.10277580E+02
 5941   0.12948990E+02
 5942   0.17335350E+02
 5943   0.12731320E+02
 5944   0.81230200E+01
 5945   0.50527800E+01
 5946   0.36127800E+01
 5947   0.27916300E+01
 5948   0.24864900E+01
 5949   0.42823900E+01
 5950   0.15013170E+02
 5951   0.13631890E+02
 5952   0.94706400E+01
 5953   0.59154600E+01
 5954   0.41436000E+01
 5955   0.31978700E+01
 5956   0.25723000E+01
 5957   0.21230000E+01
 5958   0.18038300E+01
 5959   0.12878100E+01
 5960   0.92018000E+00
 5961   0.66774000E+00
 5962   0.23140100E+01
 5963   0.73547600E+01
 5964   0.53365390E+02
 5965   0.89140680E+02
 5966   0.92851830E+02
 5967   0.68891590E+02
 5968   0.50582810E+02
 5969   0.34410620E+02
 5970   0.50252380E+02
 5971   0.22334523E+03
 5972   0.15348108E+03
 5973   0.81877680E+02
 5974   0.49668370E+02
 5975   0.33481150E+02
 5976   0.23955320E+02
 5977   0.17348070E+02
 5978   0.12638330E+02
 5979   0.91009700E+01
 5980   0.57837900E+01
 5981   0.39670600E+01
 5982   0.28780900E+01
 5983   0.22283900E+01
 5984   0.17682500E+01
 5985   0.12839200E+01
 5986   0.90876000E+00
 5987   0.64173000E+00
 5988   0.42761000E+00
 5989   0.30824000E+00
 5990   0.25037000E+00
 5991   0.38814300E+01
 5992   0.84991800E+01
 5993   0.69627600E+01
 5994   0.61639900E+01
 5995   0.30498300E+02
 5996   0.27846690E+02
 5997   0.10621804E+03
 5998   0.62979450E+02
 5999   0.40574150E+02
 6000   0.27982010E+02
 6001   0.20054560E+02
 6002   0.14214700E+02
 6003   0.10173210E+02
 6004   0.69054500E+01
 6005   0.69740000E+01
 6006   0.39897440E+02
 6007   0.61430020E+02
 6008   0.77898010E+02
 6009   0.51682370E+02
 6010   0.30940620E+02
 6011   0.20506120E+02
 6012   0.13489670E+02
 6013   0.11550690E+02
 6014   0.30010900E+02
 6015   0.29919030E+02
 6016   0.25070580E+02
 6017   0.20251100E+02
 6018   0.16195680E+02
 6019   0.14187690E+02
 6020   0.40512300E+02
 6021   0.43792170E+02
 6022   0.27609687E+03
 6023   0.33870621E+03
 6024   0.37029282E+03
 6025   0.38794433E+03
 6026   0.26035235E+03
 6027   0.15664380E+03
 6028   0.93989360E+02
 6029   0.13118989E+04
 6030   0.13209780E+04
 6031   0.50452871E+03
 6032   0.24651821E+03
 6033   0.16464217E+03
 6034   0.13172589E+03
 6035   0.11417644E+03
 6036   0.17692085E+03
 6037   0.26293022E+03
 6038   0.16652991E+03
 6039   0.90752130E+02
 6040   0.52159510E+02
 6041   0.29533080E+02
 6042   0.19146470E+02
 6043   0.13136080E+02
 6044   0.90030200E+01
 6045   0.58882700E+01
 6046   0.41290700E+01
 6047   0.29842100E+01
 6048   0.22861500E+01
 6049   0.17551300E+01
 6050   0.12063500E+01
 6051   0.84276300E+01
 6052   0.14426595E+03
 6053   0.21749993E+03
 6054   0.19066851E+03
 6055   0.18750963E+03
 6056   0.21292254E+03
 6057   0.19082573E+03
 6058   0.16085052E+03
 6059   0.11685314E+03
 6060   0.74213980E+02
 6061   0.48219320E+02
 6062   0.31034000E+02
 6063   0.21032180E+02
 6064   0.14866590E+02
 6065   0.10832290E+02
 6066   0.74843200E+01
 6067   0.63434600E+01
 6068   0.10761960E+02
 6069   0.17674000E+02
 6070   0.45061530E+02
 6071   0.44757610E+02
 6072   0.34281030E+02
 6073   0.32617320E+02
 6074   0.33779270E+02
 6075   0.39136360E+02
 6076   0.36203520E+02
 6077   0.92534160E+02
 6078   0.17990861E+04
 6079   0.17785926E+04
 6080   0.87220235E+03
 6081   0.48533990E+03
 6082   0.51864060E+03
 6083   0.19962064E+04
 6084   0.12435649E+04
 6085   0.53074527E+03
 6086   0.23087216E+03
 6087   0.11786840E+03
 6088   0.65698570E+02
 6089   0.40042430E+02
 6090   0.26178700E+02
 6091   0.27863880E+02
 6092   0.44844328E+03
 6093   0.11814669E+04
 6094   0.98058753E+03
 6095   0.80694701E+03
 6096   0.58269959E+03
 6097   0.33832681E+03
 6098   0.19462227E+03
 6099   0.11417255E+03
 6100   0.10056321E+03
 6101   0.18874974E+03
 6102   0.30539297E+03
 6103   0.49121993E+03
 6104   0.45596457E+03
 6105   0.23590288E+03
 6106   0.12141341E+03
 6107   0.68952360E+02
 6108   0.42340030E+02
 6109   0.28912540E+02
 6110   0.11530967E+04
 6111   0.21843331E+04
 6112   0.77771776E+03
 6113   0.29874420E+03
 6114   0.14541330E+03
 6115   0.78755420E+02
 6116   0.49616480E+02
 6117   0.40664190E+02
 6118   0.20069890E+03
 6119   0.52087640E+04
 6120   0.31308536E+04
 6121   0.96975817E+03
 6122   0.39663965E+03
 6123   0.18162092E+03
 6124   0.10022892E+03
 6125   0.28578967E+03
 6126   0.56048169E+03
 6127   0.36248235E+03
 6128   0.22343051E+03
 6129   0.13566567E+03
 6130   0.31568359E+03
 6131   0.10659869E+04
 6132   0.86543693E+03
 6133   0.42126177E+03
 6134   0.20152070E+03
 6135   0.10818625E+03
 6136   0.70669570E+02
 6137   0.88047480E+02
 6138   0.21848306E+04
 6139   0.62050538E+04
 6140   0.31821641E+04
 6141   0.30435689E+04
 6142   0.24514349E+04
 6143   0.30834901E+04
 6144   0.23204702E+04
 6145   0.10650158E+04
 6146   0.58108289E+03
 6147   0.25898121E+03
 6148   0.12500979E+03
 6149   0.68834740E+02
 6150   0.42986660E+02
 6151   0.28770340E+02
 6152   0.19679650E+02
 6153   0.14983820E+02
 6154   0.12169040E+02
 6155   0.11301420E+02
 6156   0.93062200E+01
 6157   0.69568500E+01
 6158   0.85295700E+01
 6159   0.12571240E+02
 6160   0.28366860E+02
 6161   0.39849730E+02
 6162   0.32190700E+02
 6163   0.47343040E+02
 6164   0.47170428E+03
 6165   0.29598043E+03
 6166   0.13417273E+03
 6167   0.70012940E+02
 6168   0.41074120E+02
 6169   0.26231220E+02
 6170   0.17805990E+02
 6171   0.12364960E+02
 6172   0.85325800E+01
 6173   0.56159600E+01
 6174   0.37084000E+01
 6175   0.34658900E+01
 6176   0.43405000E+01
 6177   0.36870800E+01
 6178   0.28735100E+01
 6179   0.22496300E+01
 6180   0.19404500E+01
 6181   0.10492990E+02
 6182   0.15467309E+03
 6183   0.19539757E+03
 6184   0.12108519E+03
 6185   0.74506370E+02
 6186   0.60511690E+02
 6187   0.56458860E+02
 6188   0.17926409E+03
 6189   0.68391776E+03
 6190   0.39508972E+03
 6191   0.21393952E+03
 6192   0.12266921E+03
 6193   0.72309220E+02
 6194   0.43929110E+02
 6195   0.26762690E+02
 6196   0.17887300E+02
 6197   0.12640200E+02
 6198   0.89452200E+01
 6199   0.60669100E+01
 6200   0.42570700E+01
 6201   0.31349900E+01
 6202   0.24029900E+01
 6203   0.18645200E+01
 6204   0.15361200E+01
 6205   0.10207300E+01
 6206   0.12749500E+01
 6207   0.25188700E+01
 6208   0.56248000E+01
 6209   0.68265200E+01
 6210   0.60321000E+01
 6211   0.47033300E+01
 6212   0.35245900E+01
 6213   0.26854500E+01
 6214   0.21163200E+01
 6215   0.15371200E+01
 6216   0.11599000E+01
 6217   0.81448000E+00
 6218   0.55256000E+00
 6219   0.37088000E+00
 6220   0.32614000E+00
 6221   0.43178000E+00
 6222   0.49956000E+00
 6223   0.46003000E+00
 6224   0.38864000E+00
 6225   0.31846000E+00
 6226   0.26394000E+00
 6227   0.22193000E+00
 6228   0.18935000E+00
 6229   0.16364000E+00
 6230   0.14194000E+00
 6231   0.13442000E+00
 6232   0.12116000E+00
 6233   0.75593300E+01
 6234   0.15414060E+02
 6235   0.12208470E+02
 6236   0.63676200E+01
 6237   0.44583400E+01
 6238   0.34865800E+01
 6239   0.28623700E+01
 6240   0.24530700E+01
 6241   0.21627200E+01
 6242   0.19979400E+01
 6243   0.10539100E+02
 6244   0.63594370E+02
 6245   0.10554133E+03
 6246   0.92014520E+02
 6247   0.84500410E+02
 6248   0.64348320E+02
 6249   0.42118080E+02
 6250   0.27767140E+02
 6251   0.19024820E+02
 6252   0.13291040E+02
 6253   0.92837800E+01
 6254   0.62746100E+01
 6255   0.44962500E+01
 6256   0.31124000E+01
 6257   0.24509100E+01
 6258   0.18910900E+01
 6259   0.14124300E+01
 6260   0.97283000E+00
 6261   0.94235000E+00
 6262   0.93224000E+00
 6263   0.39466600E+01
 6264   0.14179890E+02
 6265   0.19205920E+02
 6266   0.16119740E+02
 6267   0.98459600E+01
 6268   0.61647700E+01
 6269   0.44763000E+01
 6270   0.35220400E+01
 6271   0.28888200E+01
 6272   0.24313400E+01
 6273   0.20705700E+01
 6274   0.17619300E+01
 6275   0.12672400E+01
 6276   0.10518100E+01
 6277   0.95578000E+00
 6278   0.96909000E+00
 6279   0.24370500E+01
 6280   0.66023000E+01
 6281   0.66968100E+01
 6282   0.49902100E+01
 6283   0.36168300E+01
 6284   0.28121500E+01
 6285   0.36294100E+01
 6286   0.71907300E+01
 6287   0.30616200E+02
 6288   0.27381520E+02
 6289   0.21923570E+02
 6290   0.16997010E+02
 6291   0.13347170E+02
 6292   0.12290450E+02
 6293   0.11293530E+02
 6294   0.88023900E+01
 6295   0.60607100E+01
 6296   0.45288700E+01
 6297   0.31254900E+01
 6298   0.25880000E+01
 6299   0.22009500E+01
 6300   0.21254400E+01
 6301   0.73773300E+01
 6302   0.44778810E+02
 6303   0.35146310E+02
 6304   0.26308790E+02
 6305   0.19592600E+02
 6306   0.14152380E+02
 6307   0.11033040E+02
 6308   0.15899090E+02
 6309   0.23453870E+02
 6310   0.18996370E+02
 6311   0.14184740E+02
 6312   0.98531300E+01
 6313   0.71291100E+01
 6314   0.53796700E+01
 6315   0.41444900E+01
 6316   0.33063300E+01
 6317   0.27287600E+01
 6318   0.21072100E+01
 6319   0.17921100E+01
 6320   0.15273700E+01
 6321   0.11445200E+01
 6322   0.90464000E+00
 6323   0.76778000E+00
 6324   0.70740000E+00
 6325   0.89057000E+00
 6326   0.10879500E+01
 6327   0.11473800E+01
 6328   0.11359300E+01
 6329   0.11267800E+01
 6330   0.13679600E+01
 6331   0.18466310E+02
 6332   0.17331050E+03
 6333   0.14681364E+03
 6334   0.10572189E+03
 6335   0.75362940E+02
 6336   0.69189130E+02
 6337   0.63405420E+02
 6338   0.48510680E+02
 6339   0.34539850E+02
 6340   0.23075680E+02
 6341   0.16549140E+02
 6342   0.56444820E+02
 6343   0.39861840E+02
 6344   0.26379680E+02
 6345   0.17244380E+02
 6346   0.18553800E+02
 6347   0.54854930E+02
 6348   0.37107056E+03
 6349   0.21844666E+03
 6350   0.13608370E+03
 6351   0.83667270E+02
 6352   0.54898430E+02
 6353   0.39127670E+02
 6354   0.27746930E+02
 6355   0.19717930E+02
 6356   0.13200110E+02
 6357   0.98060100E+01
 6358   0.10856340E+02
 6359   0.11979390E+02
 6360   0.11434110E+02
 6361   0.11434130E+02
 6362   0.19734180E+02
 6363   0.17963290E+02
 6364   0.13837830E+02
 6365   0.45123220E+02
 6366   0.29543820E+02
 6367   0.18235250E+02
 6368   0.11437640E+02
 6369   0.66457700E+01
 6370   0.61491600E+01
 6371   0.61769900E+01
 6372   0.55250300E+01
 6373   0.44765100E+01
 6374   0.35824400E+01
 6375   0.28241900E+01
 6376   0.61903100E+01
 6377   0.13834940E+02
 6378   0.10960230E+02
 6379   0.55293700E+01
 6380   0.36994900E+01
 6381   0.28318500E+01
 6382   0.22366100E+01
 6383   0.23643200E+01
 6384   0.36957800E+01
 6385   0.32064800E+01
 6386   0.24282500E+01
 6387   0.18202300E+01
 6388   0.13270200E+01
 6389   0.11279500E+01
 6390   0.89609000E+00
 6391   0.87406000E+00
 6392   0.15338800E+01
 6393   0.28177800E+01
 6394   0.19040120E+02
 6395   0.81226090E+02
 6396   0.97639310E+02
 6397   0.74670750E+02
 6398   0.45625510E+02
 6399   0.30062460E+02
 6400   0.18884370E+02
 6401   0.52407410E+02
 6402   0.15407074E+03
 6403   0.12722740E+04
 6404   0.10812762E+04
 6405   0.77082773E+03
 6406   0.47229723E+03
 6407   0.35588476E+03
 6408   0.40134475E+03
 6409   0.71045903E+03
 6410   0.22447701E+04
 6411   0.97563942E+03
 6412   0.37511206E+03
 6413   0.17407072E+03
 6414   0.10114096E+03
 6415   0.13504509E+03
 6416   0.73126526E+03
 6417   0.15871825E+04
 6418   0.74266819E+03
 6419   0.40070516E+03
 6420   0.29284318E+03
 6421   0.58788755E+03
 6422   0.38934749E+03
 6423   0.25601934E+03
 6424   0.15420532E+03
 6425   0.95111620E+02
 6426   0.15482618E+03
 6427   0.98381867E+03
 6428   0.16047207E+04
 6429   0.15106818E+04
 6430   0.11019350E+04
 6431   0.12035939E+04
 6432   0.13804871E+04
 6433   0.14795557E+04
 6434   0.70935728E+03
 6435   0.31640679E+03
 6436   0.15962520E+03
 6437   0.90379590E+02
 6438   0.60794230E+02
 6439   0.46744360E+02
 6440   0.35424340E+02
 6441   0.23331450E+02
 6442   0.16176940E+02
 6443   0.14597230E+02
 6444   0.24812200E+02
 6445   0.94145780E+02
 6446   0.20830383E+03
 6447   0.39723802E+03
 6448   0.75348405E+03
 6449   0.67534369E+03
 6450   0.35541031E+03
 6451   0.22354851E+03
 6452   0.31015048E+03
 6453   0.54184496E+03
 6454   0.90091475E+03
 6455   0.62798170E+03
 6456   0.26660145E+03
 6457   0.12120816E+03
 6458   0.62905360E+02
 6459   0.36894610E+02
 6460   0.24281570E+02
 6461   0.20035270E+02
 6462   0.18363497E+03
 6463   0.42002803E+03
 6464   0.98132344E+03
 6465   0.34372099E+04
 6466   0.23912652E+04
 6467   0.89116091E+03
 6468   0.31082870E+04
 6469   0.19315987E+04
 6470   0.12077988E+04
 6471   0.59456202E+03
 6472   0.27299711E+03
 6473   0.15152633E+03
 6474   0.19836911E+03
 6475   0.67705786E+03
 6476   0.67316029E+03
 6477   0.50051449E+03
 6478   0.28489523E+03
 6479   0.15349109E+03
 6480   0.91083860E+02
 6481   0.22742427E+03
 6482   0.13351158E+04
 6483   0.10538279E+04
 6484   0.46197716E+03
 6485   0.22939735E+03
 6486   0.14342126E+03
 6487   0.19319962E+03
 6488   0.15589709E+04
 6489   0.90755246E+04
 6490   0.20795593E+04
 6491   0.91793346E+03
 6492   0.71063579E+03
 6493   0.39453879E+03
 6494   0.19408207E+03
 6495   0.10340330E+03
 6496   0.58479000E+02
 6497   0.36004010E+02
 6498   0.28774790E+02
 6499   0.37332188E+03
 6500   0.10671817E+04
 6501   0.46858602E+03
 6502   0.20442622E+03
 6503   0.11898404E+03
 6504   0.10753660E+03
 6505   0.11352840E+03
 6506   0.80914450E+02
 6507   0.13086136E+03
 6508   0.31399336E+04
 6509   0.29974137E+04
 6510   0.23420933E+04
 6511   0.22448624E+04
 6512   0.21512066E+04
 6513   0.31783950E+04
 6514   0.51815270E+04
 6515   0.12549964E+04
 6516   0.46046416E+03
 6517   0.26979469E+03
 6518   0.22538126E+03
 6519   0.30064244E+03
 6520   0.65413282E+03
 6521   0.76590157E+03
 6522   0.67087191E+03
 6523   0.34131743E+03
 6524   0.18569506E+03
 6525   0.98702970E+02
 6526   0.55647360E+02
 6527   0.34111150E+02
 6528   0.22525000E+02
 6529   0.15596310E+02
 6530   0.10960920E+02
 6531   0.72860400E+01
 6532   0.48064000E+01
 6533   0.30946200E+01
 6534   0.23206200E+01
 6535   0.17996100E+01
 6536   0.13726700E+01
 6537   0.10095500E+01
 6538   0.84269000E+00
 6539   0.10930400E+01
 6540   0.19006700E+01
 6541   0.34855400E+01
 6542   0.44755200E+01
 6543   0.40007300E+01
 6544   0.33507700E+01
 6545   0.25383800E+01
 6546   0.11182930E+02
 6547   0.31412401E+03
 6548   0.79257662E+03
 6549   0.46696698E+03
 6550   0.22900621E+03
 6551   0.12184836E+03
 6552   0.69367320E+02
 6553   0.42830230E+02
 6554   0.26588350E+02
 6555   0.17798940E+02
 6556   0.12639970E+02
 6557   0.89688600E+01
 6558   0.59872400E+01
 6559   0.41848400E+01
 6560   0.30935900E+01
 6561   0.23678300E+01
 6562   0.18628600E+01
 6563   0.13732500E+01
 6564   0.87768000E+00
 6565   0.19774000E+01
 6566   0.29104300E+01
 6567   0.50672400E+01
 6568   0.62411700E+01
 6569   0.65604700E+01
 6570   0.61119300E+01
 6571   0.51939400E+01
 6572   0.41426300E+01
 6573   0.33102900E+01
 6574   0.24945400E+01
 6575   0.20557200E+01
 6576   0.16772300E+01
 6577   0.12469100E+01
 6578   0.10518000E+01
 6579   0.10714400E+01
 6580   0.82533900E+01
 6581   0.14378927E+03
 6582   0.19411979E+03
 6583   0.16868481E+03
 6584   0.10653910E+03
 6585   0.63884620E+02
 6586   0.39467460E+02
 6587   0.26160020E+02
 6588   0.18057720E+02
 6589   0.12807220E+02
 6590   0.90061200E+01
 6591   0.60888800E+01
 6592   0.43669900E+01
 6593   0.32685200E+01
 6594   0.24903000E+01
 6595   0.17424800E+01
 6596   0.13032800E+01
 6597   0.90984000E+00
 6598   0.68080000E+00
 6599   0.65929000E+00
 6600   0.71890000E+00
 6601   0.72852000E+00
 6602   0.69927000E+00
 6603   0.61903000E+00
 6604   0.50143000E+00
 6605   0.38818000E+00
 6606   0.31401000E+00
 6607   0.26226000E+00
 6608   0.23128000E+00
 6609   0.20406000E+00
 6610   0.20781000E+00
 6611   0.20294000E+00
 6612   0.20095000E+00
 6613   0.25582000E+00
 6614   0.34390000E+00
 6615   0.51165000E+00
 6616   0.59180000E+00
 6617   0.63998000E+00
 6618   0.72710000E+00
 6619   0.84910000E+00
 6620   0.10571500E+01
 6621   0.12303600E+01
 6622   0.14464000E+01
 6623   0.18243200E+01
 6624   0.24998100E+01
 6625   0.25422900E+01
 6626   0.24159100E+01
 6627   0.20372300E+01
 6628   0.17371700E+01
 6629   0.15841100E+01
 6630   0.37033600E+01
 6631   0.15050220E+02
 6632   0.38828460E+02
 6633   0.33370240E+02
 6634   0.27779210E+02
 6635   0.23018420E+02
 6636   0.20722760E+02
 6637   0.39974120E+02
 6638   0.55438390E+02
 6639   0.61120620E+02
 6640   0.55552250E+02
 6641   0.39625680E+02
 6642   0.27378510E+02
 6643   0.19435070E+02
 6644   0.14057660E+02
 6645   0.10333560E+02
 6646   0.74230700E+01
 6647   0.86751100E+01
 6648   0.86093200E+01
 6649   0.67641700E+01
 6650   0.65660600E+01
 6651   0.12172340E+02
 6652   0.12091210E+02
 6653   0.92231500E+01
 6654   0.11936980E+02
 6655   0.22674160E+02
 6656   0.17171080E+02
 6657   0.13225480E+02
 6658   0.10085480E+02
 6659   0.85691100E+01
 6660   0.71989000E+01
 6661   0.56832500E+01
 6662   0.43438800E+01
 6663   0.33931400E+01
 6664   0.39550100E+01
 6665   0.51316600E+01
 6666   0.16566620E+02
 6667   0.23193160E+02
 6668   0.20276060E+02
 6669   0.19442680E+02
 6670   0.21530260E+02
 6671   0.21331270E+02
 6672   0.18108580E+02
 6673   0.14323690E+02
 6674   0.10906570E+02
 6675   0.79611700E+01
 6676   0.55778200E+01
 6677   0.36651800E+01
 6678   0.27480700E+01
 6679   0.21176700E+01
 6680   0.17044800E+01
 6681   0.14048400E+01
 6682   0.11035000E+01
 6683   0.85717000E+00
 6684   0.60924000E+00
 6685   0.40235000E+00
 6686   0.25194280E+02
 6687   0.44789326E+03
 6688   0.30365891E+03
 6689   0.16194597E+03
 6690   0.89537820E+02
 6691   0.53487120E+02
 6692   0.34359010E+02
 6693   0.23173380E+02
 6694   0.16098820E+02
 6695   0.11276720E+02
 6696   0.75888700E+01
 6697   0.47142900E+01
 6698   0.34352600E+01
 6699   0.26043300E+01
 6700   0.23214800E+01
 6701   0.29018710E+02
 6702   0.29760980E+02
 6703   0.21221980E+02
 6704   0.13925540E+02
 6705   0.82959200E+01
 6706   0.54261400E+01
 6707   0.48453600E+01
 6708   0.60478700E+01
 6709   0.55692300E+01
 6710   0.48774900E+01
 6711   0.59624100E+01
 6712   0.71473100E+01
 6713   0.78759300E+01
 6714   0.84301800E+01
 6715   0.91415700E+01
 6716   0.88135000E+01
 6717   0.10180290E+02
 6718   0.41769160E+02
 6719   0.45856250E+02
 6720   0.79097490E+02
 6721   0.62131260E+02
 6722   0.52708810E+02
 6723   0.43812840E+02
 6724   0.31637060E+02
 6725   0.22180250E+02
 6726   0.15624260E+02
 6727   0.10884780E+02
 6728   0.67895700E+01
 6729   0.45288800E+01
 6730   0.32567700E+01
 6731   0.25138400E+01
 6732   0.20381000E+01
 6733   0.18600200E+01
 6734   0.21190540E+02
 6735   0.20820910E+02
 6736   0.33059770E+02
 6737   0.82480410E+02
 6738   0.96901750E+02
 6739   0.83846870E+02
 6740   0.20162166E+03
 6741   0.14982601E+03
 6742   0.14360323E+03
 6743   0.24675708E+03
 6744   0.17212697E+03
 6745   0.11272614E+03
 6746   0.11136792E+03
 6747   0.53635211E+03
 6748   0.31271714E+03
 6749   0.18344533E+03
 6750   0.11091249E+03
 6751   0.13381796E+03
 6752   0.50949369E+03
 6753   0.40910877E+03
 6754   0.23730626E+03
 6755   0.27856366E+03
 6756   0.23922654E+03
 6757   0.23102633E+03
 6758   0.16036023E+03
 6759   0.10677998E+03
 6760   0.13305816E+03
 6761   0.31365569E+03
 6762   0.84492382E+03
 6763   0.12866944E+04
 6764   0.59521632E+03
 6765   0.26754512E+03
 6766   0.14109001E+03
 6767   0.81065690E+02
 6768   0.70721070E+02
 6769   0.11089872E+03
 6770   0.15293569E+03
 6771   0.18526157E+03
 6772   0.14837939E+03
 6773   0.98498050E+02
 6774   0.60225590E+02
 6775   0.38544860E+02
 6776   0.29986290E+02
 6777   0.27716800E+02
 6778   0.55639070E+02
 6779   0.21899172E+03
 6780   0.50239109E+03
 6781   0.51531935E+03
 6782   0.47962200E+03
 6783   0.41264073E+03
 6784   0.31742618E+03
 6785   0.24419417E+03
 6786   0.16174235E+03
 6787   0.10077275E+03
 6788   0.77796260E+02
 6789   0.42338922E+03
 6790   0.35884618E+03
 6791   0.53056105E+03
 6792   0.74769879E+03
 6793   0.43746216E+03
 6794   0.24147533E+03
 6795   0.15207223E+03
 6796   0.10106621E+03
 6797   0.64730030E+02
 6798   0.41019560E+02
 6799   0.27514140E+02
 6800   0.20062670E+02
 6801   0.17476300E+02
 6802   0.34253610E+02
 6803   0.87588640E+02
 6804   0.12084270E+03
 6805   0.99631290E+02
 6806   0.66032500E+02
 6807   0.50614390E+02
 6808   0.44183620E+02
 6809   0.40172090E+02
 6810   0.35172930E+02
 6811   0.51502830E+02
 6812   0.10844229E+03
 6813   0.34958403E+03
 6814   0.72124616E+03
 6815   0.11619923E+04
 6816   0.80463477E+03
 6817   0.36560500E+03
 6818   0.22711037E+03
 6819   0.26871081E+03
 6820   0.72327750E+03
 6821   0.21333723E+04
 6822   0.86845764E+03
 6823   0.32886581E+03
 6824   0.16463408E+03
 6825   0.94720800E+02
 6826   0.58077850E+02
 6827   0.41315990E+02
 6828   0.37566800E+02
 6829   0.28070460E+03
 6830   0.15448673E+04
 6831   0.17356157E+04
 6832   0.14031461E+04
 6833   0.67671651E+03
 6834   0.38704978E+03
 6835   0.32807853E+03
 6836   0.38212628E+03
 6837   0.11357746E+04
 6838   0.62566172E+04
 6839   0.24332385E+04
 6840   0.65133869E+03
 6841   0.25913214E+03
 6842   0.13492474E+03
 6843   0.78473040E+02
 6844   0.46469990E+02
 6845   0.28918780E+02
 6846   0.19477570E+02
 6847   0.13728980E+02
 6848   0.10998200E+02
 6849   0.10701520E+02
 6850   0.10904650E+02
 6851   0.89324200E+01
 6852   0.66204700E+01
 6853   0.48415300E+01
 6854   0.35531200E+01
 6855   0.26995500E+01
 6856   0.21348000E+01
 6857   0.17536700E+01
 6858   0.15517100E+01
 6859   0.15570100E+01
 6860   0.16139200E+01
 6861   0.15103000E+01
 6862   0.13864800E+01
 6863   0.12501700E+01
 6864   0.11126200E+01
 6865   0.94411000E+00
 6866   0.65556000E+00
 6867   0.71912000E+00
 6868   0.12545800E+01
 6869   0.82703200E+01
 6870   0.19922290E+02
 6871   0.18236740E+02
 6872   0.15812270E+02
 6873   0.16093670E+02
 6874   0.17547740E+02
 6875   0.15950100E+02
 6876   0.16358170E+02
 6877   0.23542860E+02
 6878   0.35354860E+02
 6879   0.39861710E+02
 6880   0.35428760E+02
 6881   0.27921060E+02
 6882   0.18619200E+02
 6883   0.13828720E+02
 6884   0.10489320E+02
 6885   0.79516500E+02
 6886   0.17138541E+04
 6887   0.28159935E+04
 6888   0.22935417E+04
 6889   0.15755552E+04
 6890   0.98618211E+03
 6891   0.43617307E+03
 6892   0.23287752E+03
 6893   0.15103667E+03
 6894   0.94695190E+02
 6895   0.59083420E+02
 6896   0.37751130E+02
 6897   0.25312770E+02
 6898   0.17662050E+02
 6899   0.12656730E+02
 6900   0.89742800E+01
 6901   0.59846400E+01
 6902   0.38048200E+01
 6903   0.27703100E+01
 6904   0.20958000E+01
 6905   0.16414000E+01
 6906   0.12970100E+01
 6907   0.19269130E+02
 6908   0.15013593E+03
 6909   0.20620083E+03
 6910   0.14447111E+03
 6911   0.93139010E+02
 6912   0.57167970E+02
 6913   0.36296310E+02
 6914   0.23939300E+02
 6915   0.16891670E+02
 6916   0.12230680E+02
 6917   0.89763400E+01
 6918   0.63536700E+01
 6919   0.46253600E+01
 6920   0.34136900E+01
 6921   0.25986400E+01
 6922   0.20601600E+01
 6923   0.14631600E+01
 6924   0.11293200E+01
 6925   0.86863000E+00
 6926   0.71861000E+00
 6927   0.60029000E+00
 6928   0.48549000E+00
 6929   0.38487000E+00
 6930   0.31351000E+00
 6931   0.28038000E+00
 6932   0.23678000E+00
 6933   0.38415000E+00
 6934   0.61228000E+00
 6935   0.71634000E+00
 6936   0.77652000E+00
 6937   0.89288000E+00
 6938   0.23218900E+01
 6939   0.41935600E+01
 6940   0.79110000E+01
 6941   0.10775100E+02
 6942   0.12650960E+02
 6943   0.11844630E+02
 6944   0.10446260E+02
 6945   0.10479800E+02
 6946   0.96920100E+01
 6947   0.70781800E+01
 6948   0.51535000E+01
 6949   0.39242700E+01
 6950   0.31074600E+01
 6951   0.25132300E+01
 6952   0.20540100E+01
 6953   0.15106000E+01
 6954   0.10314800E+01
 6955   0.70111000E+00
 6956   0.49048000E+00
 6957   0.37016000E+00
 6958   0.48697000E+00
 6959   0.74099000E+00
 6960   0.12244000E+01
 6961   0.39375100E+01
 6962   0.46211100E+01
 6963   0.34472200E+01
 6964   0.21425800E+01
 6965   0.16932700E+01
 6966   0.13901500E+01
 6967   0.11524800E+01
 6968   0.10008000E+01
 6969   0.79913000E+00
 6970   0.59590000E+00
 6971   0.46109000E+00
 6972   0.35294000E+00
 6973   0.26976000E+00
 6974   0.21781000E+00
 6975   0.27851300E+01
 6976   0.75119000E+01
 6977   0.31724500E+02
 6978   0.33089820E+02
 6979   0.34499830E+02
 6980   0.34686060E+02
 6981   0.28058730E+02
 6982   0.22411930E+02
 6983   0.21169270E+02
 6984   0.19974070E+02
 6985   0.16330280E+02
 6986   0.11211730E+02
 6987   0.74686400E+01
 6988   0.55350700E+01
 6989   0.44950800E+01
 6990   0.37042200E+01
 6991   0.33267700E+01
 6992   0.33286100E+01
 6993   0.33886600E+01
 6994   0.29708700E+01
 6995   0.26592000E+01
 6996   0.21752900E+01
 6997   0.18349500E+01
 6998   0.15493400E+01
 6999   0.12539900E+01
 7000   0.10159700E+01
 7001   0.76920000E+00
 7002   0.86101000E+00
 7003   0.12626100E+01
 7004   0.12307320E+02
 7005   0.24313680E+02
 7006   0.27726410E+02
 7007   0.40811470E+02
 7008   0.36346440E+02
 7009   0.43492090E+02
 7010   0.37611700E+02
 7011   0.29534190E+02
 7012   0.22461680E+02
 7013   0.21046320E+02
 7014   0.45028080E+02
 7015   0.51453600E+02
 7016   0.50008360E+02
 7017   0.43585020E+02
 7018   0.34390160E+02
 7019   0.23911960E+02
 7020   0.16685240E+02
 7021   0.11901710E+02
 7022   0.14894090E+02
 7023   0.62358180E+02
 7024   0.63072660E+02
 7025   0.49251180E+02
 7026   0.43075460E+02
 7027   0.79085220E+02
 7028   0.84419450E+02
 7029   0.59562090E+02
 7030   0.45116290E+02
 7031   0.35173800E+02
 7032   0.26827790E+02
 7033   0.26531040E+02
 7034   0.35116970E+02
 7035   0.29006130E+02
 7036   0.22349310E+02
 7037   0.15478550E+02
 7038   0.10881850E+02
 7039   0.79502400E+01
 7040   0.58894100E+01
 7041   0.44128800E+01
 7042   0.34547400E+01
 7043   0.27852400E+01
 7044   0.22328400E+01
 7045   0.17660200E+01
 7046   0.11526300E+01
 7047   0.37469200E+01
 7048   0.74903700E+01
 7049   0.57200000E+01
 7050   0.39142400E+01
 7051   0.29661000E+01
 7052   0.23637100E+01
 7053   0.25775500E+01
 7054   0.32418720E+02
 7055   0.44040580E+02
 7056   0.28875730E+02
 7057   0.19214520E+02
 7058   0.13496760E+02
 7059   0.10364370E+02
 7060   0.12342520E+02
 7061   0.22109890E+02
 7062   0.28741590E+02
 7063   0.24069670E+02
 7064   0.17796610E+02
 7065   0.15592440E+02
 7066   0.14811520E+02
 7067   0.12376660E+02
 7068   0.86215100E+01
 7069   0.68900100E+01
 7070   0.13985800E+02
 7071   0.10936606E+03
 7072   0.67328960E+02
 7073   0.39380790E+02
 7074   0.25582570E+02
 7075   0.16960820E+02
 7076   0.26870240E+02
 7077   0.16015288E+03
 7078   0.11623487E+03
 7079   0.79102680E+02
 7080   0.60559780E+02
 7081   0.43966530E+02
 7082   0.29471620E+02
 7083   0.19563130E+02
 7084   0.13215990E+02
 7085   0.93215700E+01
 7086   0.95826100E+01
 7087   0.15370820E+02
 7088   0.14209510E+02
 7089   0.13144850E+02
 7090   0.10651920E+02
 7091   0.69640700E+01
 7092   0.45609700E+01
 7093   0.34408900E+01
 7094   0.25560200E+01
 7095   0.22660600E+01
 7096   0.35661700E+01
 7097   0.47958600E+01
 7098   0.85331200E+01
 7099   0.19087150E+02
 7100   0.39943780E+02
 7101   0.40430860E+02
 7102   0.47657080E+02
 7103   0.49360060E+02
 7104   0.33696360E+02
 7105   0.22417860E+02
 7106   0.15773660E+02
 7107   0.38242500E+02
 7108   0.46874450E+02
 7109   0.45055990E+02
 7110   0.39299460E+02
 7111   0.87552650E+02
 7112   0.18176947E+03
 7113   0.13548258E+04
 7114   0.79651022E+03
 7115   0.31361565E+03
 7116   0.16645657E+03
 7117   0.10385009E+03
 7118   0.67650350E+02
 7119   0.43150680E+02
 7120   0.29582080E+02
 7121   0.23476390E+02
 7122   0.24295199E+03
 7123   0.78303808E+03
 7124   0.71658639E+03
 7125   0.48368035E+03
 7126   0.25924275E+03
 7127   0.13900226E+03
 7128   0.74351530E+02
 7129   0.44900030E+02
 7130   0.29203740E+02
 7131   0.19946800E+02
 7132   0.17420750E+02
 7133   0.27424420E+02
 7134   0.69871880E+02
 7135   0.77694020E+02
 7136   0.35115968E+03
 7137   0.12912513E+04
 7138   0.18202764E+04
 7139   0.13300266E+04
 7140   0.12582001E+04
 7141   0.30480418E+04
 7142   0.96922842E+03
 7143   0.49018359E+03
 7144   0.28309177E+03
 7145   0.16772811E+03
 7146   0.10298910E+03
 7147   0.73342170E+02
 7148   0.12916038E+03
 7149   0.16739397E+03
 7150   0.14005953E+03
 7151   0.95723330E+02
 7152   0.59940970E+02
 7153   0.36683940E+02
 7154   0.23911440E+02
 7155   0.19793260E+02
 7156   0.18293130E+02
 7157   0.15890620E+02
 7158   0.10790680E+02
 7159   0.83531000E+01
 7160   0.17532330E+02
 7161   0.93316990E+02
 7162   0.36114300E+03
 7163   0.55385111E+03
 7164   0.39726298E+03
 7165   0.29925574E+03
 7166   0.20682404E+03
 7167   0.18917371E+03
 7168   0.70717856E+03
 7169   0.13856872E+04
 7170   0.13445323E+04
 7171   0.18780154E+04
 7172   0.14808514E+04
 7173   0.14439490E+04
 7174   0.15898013E+04
 7175   0.10946213E+04
 7176   0.44428658E+03
 7177   0.19196718E+03
 7178   0.22269056E+03
 7179   0.28514244E+03
 7180   0.34202611E+03
 7181   0.39340384E+03
 7182   0.34938454E+03
 7183   0.26055726E+03
 7184   0.16962446E+03
 7185   0.10176559E+03
 7186   0.60476750E+02
 7187   0.39722220E+02
 7188   0.34287250E+02
 7189   0.12024296E+03
 7190   0.52108308E+03
 7191   0.12292515E+04
 7192   0.18786710E+04
 7193   0.75982275E+03
 7194   0.31007828E+03
 7195   0.15229604E+03
 7196   0.83132820E+02
 7197   0.49051690E+02
 7198   0.31007110E+02
 7199   0.20426220E+02
 7200   0.14133100E+02
 7201   0.10122880E+02
 7202   0.14128470E+02
 7203   0.70497960E+02
 7204   0.56972970E+02
 7205   0.42363730E+02
 7206   0.34963510E+02
 7207   0.28082870E+02
 7208   0.20853760E+02
 7209   0.15172540E+02
 7210   0.10395580E+02
 7211   0.68962800E+01
 7212   0.46687100E+01
 7213   0.33159400E+01
 7214   0.24785700E+01
 7215   0.28752600E+01
 7216   0.33900800E+01
 7217   0.10228360E+02
 7218   0.11165290E+03
 7219   0.32118056E+03
 7220   0.26892257E+03
 7221   0.14703111E+03
 7222   0.78410670E+02
 7223   0.45479620E+02
 7224   0.28722970E+02
 7225   0.19353690E+02
 7226   0.13518760E+02
 7227   0.93303200E+01
 7228   0.60639500E+01
 7229   0.40672700E+01
 7230   0.26883100E+01
 7231   0.90412900E+01
 7232   0.60555180E+02
 7233   0.14091722E+03
 7234   0.12819322E+03
 7235   0.82282020E+02
 7236   0.52108310E+02
 7237   0.34328410E+02
 7238   0.23902500E+02
 7239   0.17461050E+02
 7240   0.12647320E+02
 7241   0.90449300E+01
 7242   0.57452700E+01
 7243   0.39053200E+01
 7244   0.29709200E+01
 7245   0.23973100E+01
 7246   0.27352000E+01
 7247   0.60328100E+01
 7248   0.11177920E+02
 7249   0.11514180E+02
 7250   0.94001900E+01
 7251   0.64273700E+01
 7252   0.44669300E+01
 7253   0.32451700E+01
 7254   0.26104300E+01
 7255   0.22806300E+01
 7256   0.20353600E+01
 7257   0.18029400E+01
 7258   0.15005600E+01
 7259   0.29929200E+01
 7260   0.15427798E+03
 7261   0.54182608E+03
 7262   0.12712472E+04
 7263   0.16028704E+04
 7264   0.59724273E+03
 7265   0.25835323E+03
 7266   0.13275620E+03
 7267   0.78240890E+02
 7268   0.53353230E+02
 7269   0.35636760E+02
 7270   0.22947220E+02
 7271   0.13861620E+02
 7272   0.93168200E+01
 7273   0.62347600E+01
 7274   0.44301100E+01
 7275   0.33439900E+01
 7276   0.26851400E+01
 7277   0.23087800E+01
 7278   0.27367100E+01
 7279   0.26631400E+01
 7280   0.21609200E+01
 7281   0.14291400E+01
 7282   0.11134500E+01
 7283   0.10492900E+01
 7284   0.92286000E+00
 7285   0.79435000E+00
 7286   0.77748000E+00
 7287   0.84574000E+00
 7288   0.94535000E+00
 7289   0.12063800E+01
 7290   0.14771600E+01
 7291   0.16711800E+01
 7292   0.15326900E+01
 7293   0.14812900E+01
 7294   0.13794100E+01
 7295   0.14962500E+01
 7296   0.14161200E+01
 7297   0.15267100E+01
 7298   0.16085500E+01
 7299   0.19837800E+01
 7300   0.22967700E+01
 7301   0.25505800E+01
 7302   0.24993500E+01
 7303   0.24421500E+01
 7304   0.21707900E+01
 7305   0.19776600E+01
 7306   0.17856600E+01
 7307   0.17478100E+01
 7308   0.22676200E+01
 7309   0.33243400E+01
 7310   0.40251300E+01
 7311   0.38691300E+01
 7312   0.29257900E+01
 7313   0.23604700E+01
 7314   0.19247600E+01
 7315   0.16047400E+01
 7316   0.12430000E+01
 7317   0.94586000E+00
 7318   0.10006800E+01
 7319   0.99437000E+00
 7320   0.89816000E+00
 7321   0.81215000E+00
 7322   0.72123000E+00
 7323   0.61228000E+00
 7324   0.50940000E+00
 7325   0.39088000E+00
 7326   0.32790000E+00
 7327   0.31216400E+01
 7328   0.66500700E+01
 7329   0.13722530E+02
 7330   0.21685620E+02
 7331   0.26687740E+02
 7332   0.25436280E+02
 7333   0.19905660E+02
 7334   0.15240410E+02
 7335   0.11791570E+02
 7336   0.10262150E+02
 7337   0.88875100E+01
 7338   0.64392900E+01
 7339   0.50317200E+01
 7340   0.62207900E+01
 7341   0.10329810E+02
 7342   0.32066170E+02
 7343   0.26326610E+02
 7344   0.21482530E+02
 7345   0.17349640E+02
 7346   0.14121850E+02
 7347   0.11446140E+02
 7348   0.86570900E+01
 7349   0.62958000E+01
 7350   0.47933000E+01
 7351   0.39334800E+01
 7352   0.52058500E+01
 7353   0.63978100E+01
 7354   0.62098200E+01
 7355   0.51274500E+01
 7356   0.45370000E+01
 7357   0.40070400E+01
 7358   0.34882500E+01
 7359   0.33690700E+01
 7360   0.77522500E+01
 7361   0.50611620E+02
 7362   0.71669440E+02
 7363   0.69510070E+02
 7364   0.59044740E+02
 7365   0.46346000E+02
 7366   0.34350980E+02
 7367   0.23983210E+02
 7368   0.17096970E+02
 7369   0.12287350E+02
 7370   0.89440300E+01
 7371   0.90367500E+01
 7372   0.15376450E+02
 7373   0.15133060E+02
 7374   0.95680200E+01
 7375   0.61937800E+01
 7376   0.44460200E+01
 7377   0.34351200E+01
 7378   0.28400100E+01
 7379   0.24276100E+01
 7380   0.21253600E+01
 7381   0.18581200E+01
 7382   0.14535000E+01
 7383   0.10736000E+01
 7384   0.12539300E+01
 7385   0.51639800E+01
 7386   0.20432100E+02
 7387   0.22869960E+02
 7388   0.21083960E+02
 7389   0.18073060E+02
 7390   0.14534960E+02
 7391   0.11727940E+02
 7392   0.93158400E+01
 7393   0.69346600E+01
 7394   0.46057300E+01
 7395   0.38834100E+01
 7396   0.32915400E+01
 7397   0.26982300E+01
 7398   0.21982100E+01
 7399   0.18315500E+01
 7400   0.15683000E+01
 7401   0.13825900E+01
 7402   0.11673600E+01
 7403   0.10223900E+01
 7404   0.83890000E+00
 7405   0.63624000E+00
 7406   0.47938000E+00
 7407   0.36960000E+00
 7408   0.30708000E+00
 7409   0.36225000E+00
 7410   0.80517800E+01
 7411   0.25884830E+02
 7412   0.22914870E+02
 7413   0.19064680E+02
 7414   0.16724220E+02
 7415   0.23928530E+02
 7416   0.38607910E+02
 7417   0.38076170E+02
 7418   0.31442150E+02
 7419   0.24889260E+02
 7420   0.17655200E+02
 7421   0.11434960E+02
 7422   0.74748800E+01
 7423   0.52379500E+01
 7424   0.39213100E+01
 7425   0.27650200E+01
 7426   0.22890500E+01
 7427   0.18913500E+01
 7428   0.14218100E+01
 7429   0.99851000E+00
 7430   0.68567000E+00
 7431   0.46950000E+00
 7432   0.37819000E+00
 7433   0.25206590E+02
 7434   0.22360816E+04
 7435   0.87079704E+03
 7436   0.34354513E+03
 7437   0.16440233E+03
 7438   0.91778790E+02
 7439   0.58088290E+02
 7440   0.92248620E+02
 7441   0.89285660E+02
 7442   0.58214170E+02
 7443   0.37091760E+02
 7444   0.24860430E+02
 7445   0.14787900E+02
 7446   0.10158420E+02
 7447   0.75917000E+01
 7448   0.78356200E+01
 7449   0.10195170E+02
 7450   0.10818060E+02
 7451   0.93580400E+01
 7452   0.72979400E+01
 7453   0.55349500E+01
 7454   0.42319500E+01
 7455   0.33192800E+01
 7456   0.24804400E+01
 7457   0.44944200E+01
 7458   0.11230409E+03
 7459   0.26660473E+03
 7460   0.19762954E+03
 7461   0.12648543E+03
 7462   0.87948050E+02
 7463   0.12770633E+03
 7464   0.22380208E+03
 7465   0.19132416E+03
 7466   0.13328711E+03
 7467   0.13207482E+03
 7468   0.19144562E+03
 7469   0.55928131E+03
 7470   0.29997920E+03
 7471   0.16338917E+03
 7472   0.22625868E+03
 7473   0.22987484E+03
 7474   0.16931754E+03
 7475   0.11673704E+03
 7476   0.72473980E+02
 7477   0.45337180E+02
 7478   0.29332090E+02
 7479   0.19750890E+02
 7480   0.13597770E+02
 7481   0.93837900E+01
 7482   0.10746420E+02
 7483   0.17356250E+02
 7484   0.25329910E+02
 7485   0.27268750E+02
 7486   0.24992380E+02
 7487   0.19642250E+02
 7488   0.14419160E+02
 7489   0.10672160E+02
 7490   0.10732500E+02
 7491   0.35955950E+02
 7492   0.46799551E+03
 7493   0.33132647E+03
 7494   0.17090853E+03
 7495   0.10137427E+03
 7496   0.65091430E+02
 7497   0.47852320E+02
 7498   0.53802840E+02
 7499   0.60468450E+02
 7500   0.47231690E+02
 7501   0.56772570E+02
 7502   0.97515960E+02
 7503   0.60918140E+02
 7504   0.38162340E+02
 7505   0.23915780E+02
 7506   0.14509140E+02
 7507   0.73716000E+01
 7508   0.54904400E+01
 7509   0.12171510E+02
 7510   0.88596980E+02
 7511   0.55756865E+04
 7512   0.39577931E+04
 7513   0.13556605E+04
 7514   0.96260665E+03
 7515   0.81395475E+03
 7516   0.96931024E+03
 7517   0.10902260E+04
 7518   0.10357035E+04
 7519   0.40571083E+03
 7520   0.23211732E+03
 7521   0.24133037E+03
 7522   0.24609941E+03
 7523   0.18021518E+03
 7524   0.12568530E+03
 7525   0.95055230E+02
 7526   0.83459830E+02
 7527   0.70538530E+02
 7528   0.50134640E+02
 7529   0.33932810E+02
 7530   0.23643320E+02
 7531   0.24001560E+02
 7532   0.25781790E+02
 7533   0.22708830E+02
 7534   0.17204540E+02
 7535   0.13964310E+02
 7536   0.12284440E+02
 7537   0.15806030E+02
 7538   0.40408210E+02
 7539   0.25135257E+03
 7540   0.37612378E+03
 7541   0.59236599E+03
 7542   0.10438326E+04
 7543   0.53021962E+03
 7544   0.23101903E+03
 7545   0.11681360E+03
 7546   0.64868990E+02
 7547   0.39348270E+02
 7548   0.24340360E+02
 7549   0.16230110E+02
 7550   0.11360490E+02
 7551   0.16850690E+02
 7552   0.14105221E+03
 7553   0.15707090E+04
 7554   0.97832098E+03
 7555   0.46835331E+03
 7556   0.28505396E+03
 7557   0.19299326E+03
 7558   0.13466690E+03
 7559   0.94902620E+02
 7560   0.61998180E+02
 7561   0.49341430E+02
 7562   0.52106110E+02
 7563   0.61192600E+02
 7564   0.48744610E+02
 7565   0.35774880E+02
 7566   0.19664720E+03
 7567   0.10225943E+04
 7568   0.76734668E+04
 7569   0.65929413E+04
 7570   0.30598818E+04
 7571   0.39201508E+04
 7572   0.12212329E+04
 7573   0.42849230E+03
 7574   0.19150960E+03
 7575   0.10158146E+03
 7576   0.57286300E+02
 7577   0.34811430E+02
 7578   0.22633620E+02
 7579   0.14594470E+02
 7580   0.97276000E+01
 7581   0.63483300E+01
 7582   0.61818760E+02
 7583   0.61310366E+03
 7584   0.20450244E+04
 7585   0.24640007E+04
 7586   0.24288627E+04
 7587   0.22267223E+04
 7588   0.85410571E+03
 7589   0.31481316E+03
 7590   0.14805264E+03
 7591   0.78513410E+02
 7592   0.45829220E+02
 7593   0.28968470E+02
 7594   0.19425970E+02
 7595   0.13466680E+02
 7596   0.93225800E+01
 7597   0.60354200E+01
 7598   0.65817200E+01
 7599   0.19978502E+03
 7600   0.86811000E+03
 7601   0.62764358E+03
 7602   0.56224024E+03
 7603   0.41255041E+03
 7604   0.14336878E+04
 7605   0.25885004E+04
 7606   0.18151156E+04
 7607   0.72379260E+03
 7608   0.30094271E+03
 7609   0.14725245E+03
 7610   0.79775310E+02
 7611   0.46363790E+02
 7612   0.29436470E+02
 7613   0.19687870E+02
 7614   0.13628630E+02
 7615   0.94073100E+01
 7616   0.61811700E+01
 7617   0.41841500E+01
 7618   0.30411100E+01
 7619   0.23007200E+01
 7620   0.16035500E+01
 7621   0.11582300E+01
 7622   0.85474000E+00
 7623   0.82600000E+00
 7624   0.35215900E+01
 7625   0.76480600E+01
 7626   0.33787690E+02
 7627   0.39492520E+02
 7628   0.29185720E+02
 7629   0.20496900E+02
 7630   0.13811680E+02
 7631   0.94826100E+01
 7632   0.63378200E+01
 7633   0.43762400E+01
 7634   0.31653400E+01
 7635   0.23858800E+01
 7636   0.18343100E+01
 7637   0.13985300E+01
 7638   0.10147500E+01
 7639   0.16947000E+01
 7640   0.88059400E+01
 7641   0.41232380E+02
 7642   0.65227750E+02
 7643   0.48742390E+02
 7644   0.32894130E+02
 7645   0.22543860E+02
 7646   0.15834600E+02
 7647   0.11244260E+02
 7648   0.75852600E+01
 7649   0.50521200E+01
 7650   0.33188000E+01
 7651   0.25156100E+01
 7652   0.19163900E+01
 7653   0.14623900E+01
 7654   0.10462100E+01
 7655   0.74043000E+00
 7656   0.60305000E+00
 7657   0.64606000E+00
 7658   0.64623000E+00
 7659   0.62760000E+00
 7660   0.57675000E+00
 7661   0.50697000E+00
 7662   0.41778000E+00
 7663   0.31634000E+00
 7664   0.24034000E+00
 7665   0.18971000E+00
 7666   0.15536000E+00
 7667   0.13124000E+00
 7668   0.11382000E+00
 7669   0.10094000E+00
 7670   0.91090000E-01
 7671   0.83170000E-01
 7672   0.76420000E-01
 7673   0.70410000E-01
 7674   0.64970000E-01
 7675   0.60020000E-01
 7676   0.55530000E-01
 7677   0.51700000E-01
 7678   0.47960000E-01
 7679   0.44580000E-01
 7680   0.41560000E-01
 7681   0.38850000E-01
 7682   0.36390000E-01
 7683   0.34160000E-01
 7684   0.32130000E-01
 7685   0.30280000E-01
 7686   0.28600000E-01
 7687   0.27270000E-01
 7688   0.27550000E-01
 7689   0.33300000E-01
 7690   0.43500000E-01
 7691   0.50540000E-01
 7692   0.52190000E-01
 7693   0.50420000E-01
 7694   0.47220000E-01
 7695   0.43660000E-01
 7696   0.40200000E-01
 7697   0.37020000E-01
 7698   0.34190000E-01
 7699   0.31660000E-01
 7700   0.31240000E-01
 7701   0.43880000E-01
 7702   0.49920000E-01
 7703   0.35694900E+01
 7704   0.68631600E+01
 7705   0.58201000E+01
 7706   0.34110600E+01
 7707   0.30443300E+01
 7708   0.56338500E+01
 7709   0.96988410E+02
 7710   0.34053120E+03
 7711   0.40154940E+03
 7712   0.32717585E+03
 7713   0.22645184E+03
 7714   0.15531020E+03
 7715   0.10747057E+03
 7716   0.81440970E+02
 7717   0.89508020E+02
 7718   0.89191230E+02
 7719   0.68650190E+02
 7720   0.49299940E+02
 7721   0.33968770E+02
 7722   0.22984760E+02
 7723   0.16948780E+02
 7724   0.13942730E+02
 7725   0.21637560E+02
 7726   0.26382030E+02
 7727   0.23691500E+02
 7728   0.21696750E+02
 7729   0.19210300E+02
 7730   0.14640280E+02
 7731   0.10500040E+02
 7732   0.74602000E+01
 7733   0.54262000E+01
 7734   0.41586000E+01
 7735   0.32791200E+01
 7736   0.24519500E+01
 7737   0.20439800E+01
 7738   0.16715100E+01
 7739   0.11877000E+01
 7740   0.87842000E+00
 7741   0.62058000E+00
 7742   0.57792000E+00
 7743   0.10544560E+02
 7744   0.21847690E+02
 7745   0.23285890E+02
 7746   0.20102470E+02
 7747   0.14551990E+02
 7748   0.13577660E+02
 7749   0.14159060E+02
 7750   0.11767040E+02
 7751   0.87687900E+01
 7752   0.79001600E+01
 7753   0.12086710E+02
 7754   0.14243250E+02
 7755   0.12867080E+02
 7756   0.99962300E+01
 7757   0.55993900E+01
 7758   0.45497000E+01
 7759   0.42640700E+01
 7760   0.58019100E+01
 7761   0.75332700E+01
 7762   0.64988300E+01
 7763   0.50685300E+01
 7764   0.39720500E+01
 7765   0.32770600E+01
 7766   0.27686000E+01
 7767   0.23348800E+01
 7768   0.44033400E+01
 7769   0.42936600E+01
 7770   0.33209800E+01
 7771   0.25650600E+01
 7772   0.20411500E+01
 7773   0.17009700E+01
 7774   0.14334800E+01
 7775   0.12006300E+01
 7776   0.87442000E+00
 7777   0.67796000E+00
 7778   0.50413000E+00
 7779   0.43096000E+00
 7780   0.56258000E+00
 7781   0.63815000E+00
 7782   0.65550000E+00
 7783   0.63089000E+00
 7784   0.94040000E+00
 7785   0.16534100E+01
 7786   0.22792800E+01
 7787   0.21390100E+01
 7788   0.16635500E+01
 7789   0.15523700E+01
 7790   0.15650700E+01
 7791   0.23796500E+01
 7792   0.73788300E+01
 7793   0.94278100E+01
 7794   0.80693500E+01
 7795   0.56482700E+01
 7796   0.42694100E+01
 7797   0.34002000E+01
 7798   0.25530400E+01
 7799   0.22129900E+01
 7800   0.20139700E+01
 7801   0.21180000E+01
 7802   0.27322600E+01
 7803   0.33081100E+01
 7804   0.37587300E+01
 7805   0.41162300E+01
 7806   0.15692150E+02
 7807   0.18164300E+02
 7808   0.11984590E+02
 7809   0.73009200E+01
 7810   0.50466400E+01
 7811   0.39548200E+01
 7812   0.51754300E+01
 7813   0.63601600E+01
 7814   0.50647200E+01
 7815   0.36717900E+01
 7816   0.27951100E+01
 7817   0.21452700E+01
 7818   0.15811600E+01
 7819   0.23803500E+02
 7820   0.41024110E+02
 7821   0.29995110E+02
 7822   0.19742070E+02
 7823   0.12307220E+02
 7824   0.69879200E+01
 7825   0.45559200E+01
 7826   0.34229600E+01
 7827   0.27987100E+01
 7828   0.24693900E+01
 7829   0.78485100E+01
 7830   0.27854700E+02
 7831   0.70558920E+02
 7832   0.50615340E+02
 7833   0.31242890E+02
 7834   0.21957560E+02
 7835   0.98919420E+02
 7836   0.84914960E+02
 7837   0.63063980E+02
 7838   0.62788730E+02
 7839   0.52062190E+02
 7840   0.22997632E+03
 7841   0.34242088E+03
 7842   0.27809608E+03
 7843   0.18239881E+03
 7844   0.11437958E+03
 7845   0.76298440E+02
 7846   0.56350680E+02
 7847   0.44877920E+02
 7848   0.42974620E+02
 7849   0.60715940E+02
 7850   0.12103888E+03
 7851   0.10327746E+03
 7852   0.36158428E+03
 7853   0.21676958E+03
 7854   0.17968533E+03
 7855   0.14765719E+03
 7856   0.87764040E+02
 7857   0.53879350E+02
 7858   0.33648750E+02
 7859   0.19480990E+02
 7860   0.12039110E+02
 7861   0.74354300E+01
 7862   0.14563240E+02
 7863   0.36909680E+02
 7864   0.64263910E+02
 7865   0.71111370E+02
 7866   0.52937620E+02
 7867   0.35363970E+02
 7868   0.23789890E+02
 7869   0.16387090E+02
 7870   0.10871900E+02
 7871   0.69443000E+01
 7872   0.45258100E+01
 7873   0.32001600E+01
 7874   0.23914000E+01
 7875   0.18736700E+01
 7876   0.15662200E+01
 7877   0.11204300E+01
 7878   0.87131000E+00
 7879   0.70510000E+00
 7880   0.34298000E+01
 7881   0.48399000E+02
 7882   0.19130815E+03
 7883   0.53238271E+03
 7884   0.57698152E+03
 7885   0.43452979E+03
 7886   0.24889886E+03
 7887   0.13920402E+03
 7888   0.80190460E+02
 7889   0.52273370E+02
 7890   0.37454280E+02
 7891   0.48567290E+02
 7892   0.82469540E+02
 7893   0.10421116E+03
 7894   0.12304244E+03
 7895   0.10386842E+03
 7896   0.74823940E+02
 7897   0.52064980E+02
 7898   0.43937840E+02
 7899   0.36095936E+03
 7900   0.11876418E+04
 7901   0.15947016E+04
 7902   0.14045606E+04
 7903   0.20121857E+04
 7904   0.35954931E+04
 7905   0.48954786E+04
 7906   0.21947233E+04
 7907   0.10853067E+04
 7908   0.78728851E+03
 7909   0.50606360E+03
 7910   0.28173355E+03
 7911   0.14877184E+03
 7912   0.25788283E+03
 7913   0.18078254E+04
 7914   0.25732855E+04
 7915   0.84044747E+03
 7916   0.35464224E+03
 7917   0.18526208E+03
 7918   0.20623916E+03
 7919   0.35301309E+03
 7920   0.25769411E+03
 7921   0.40040256E+03
 7922   0.16800380E+04
 7923   0.14501696E+04
 7924   0.11215963E+04
 7925   0.77634874E+03
 7926   0.84726579E+03
 7927   0.33464801E+04
 7928   0.22158831E+04
 7929   0.13163377E+04
 7930   0.58112878E+03
 7931   0.25077676E+03
 7932   0.12803153E+03
 7933   0.70519530E+02
 7934   0.41995300E+02
 7935   0.26908890E+02
 7936   0.18199230E+02
 7937   0.12673530E+02
 7938   0.90459800E+01
 7939   0.58610800E+01
 7940   0.46480700E+01
 7941   0.36457500E+01
 7942   0.35754900E+01
 7943   0.49933300E+01
 7944   0.77786600E+01
 7945   0.11152790E+02
 7946   0.13233620E+02
 7947   0.15861950E+02
 7948   0.14993350E+02
 7949   0.12042610E+02
 7950   0.90463900E+01
 7951   0.62953200E+01
 7952   0.40225500E+01
 7953   0.28933100E+01
 7954   0.21724400E+01
 7955   0.17146200E+01
 7956   0.12549100E+01
 7957   0.89854000E+00
 7958   0.64084000E+00
 7959   0.42236000E+00
 7960   0.29320000E+00
 7961   0.10834550E+02
 7962   0.17724031E+03
 7963   0.25970588E+03
 7964   0.13684323E+03
 7965   0.77279370E+02
 7966   0.47365120E+02
 7967   0.30494720E+02
 7968   0.20586200E+02
 7969   0.14213740E+02
 7970   0.98237500E+01
 7971   0.64223500E+01
 7972   0.39313000E+01
 7973   0.53023400E+01
 7974   0.89099200E+01
 7975   0.13667530E+02
 7976   0.20119950E+02
 7977   0.27703350E+02
 7978   0.32334010E+02
 7979   0.39545370E+02
 7980   0.37538820E+02
 7981   0.28449330E+02
 7982   0.20055650E+02
 7983   0.13953370E+02
 7984   0.94555600E+01
 7985   0.61337400E+01
 7986   0.49875900E+02
 7987   0.15219334E+04
 7988   0.26658029E+04
 7989   0.18852380E+04
 7990   0.75160973E+03
 7991   0.31449007E+03
 7992   0.15499136E+03
 7993   0.80220740E+02
 7994   0.46624300E+02
 7995   0.30110680E+02
 7996   0.20803520E+02
 7997   0.15030920E+02
 7998   0.11273870E+02
 7999   0.85415200E+01
 8000   0.76429900E+01
 8001   0.71313700E+01
 8002   0.74828100E+01
 8003   0.73918200E+01
 8004   0.85301500E+01
 8005   0.87472600E+01
 8006   0.96340200E+01
 8007   0.18910650E+02
 8008   0.32304900E+02
 8009   0.52166710E+02
 8010   0.55279110E+02
 8011   0.39423930E+02
 8012   0.27075740E+02
 8013   0.18084370E+02
 8014   0.12791320E+02
 8015   0.92502900E+01
 8016   0.63073500E+01
 8017   0.43761700E+01
 8018   0.32110400E+01
 8019   0.24652100E+01
 8020   0.19635700E+01
 8021   0.15558400E+01
 8022   0.10957500E+01
 8023   0.76827000E+00
 8024   0.51491000E+00
 8025   0.34971000E+00
 8026   0.30142000E+00
 8027   0.31859000E+00
 8028   0.28621000E+00
 8029   0.24219000E+00
 8030   0.20447000E+00
 8031   0.17454000E+00
 8032   0.15109000E+00
 8033   0.13267000E+00
 8034   0.97170000E-01
 8035   0.38862100E+01
 8036   0.84588000E+01
 8037   0.24757180E+02
 8038   0.39719060E+02
 8039   0.31930670E+02
 8040   0.22983680E+02
 8041   0.17836350E+02
 8042   0.15327880E+02
 8043   0.14486260E+02
 8044   0.11579840E+02
 8045   0.10473940E+02
 8046   0.97880200E+01
 8047   0.83629900E+01
 8048   0.63453000E+01
 8049   0.48817400E+01
 8050   0.37879000E+01
 8051   0.30038900E+01
 8052   0.24192300E+01
 8053   0.19947400E+01
 8054   0.14582800E+01
 8055   0.11596500E+01
 8056   0.90551000E+00
 8057   0.73427000E+00
 8058   0.58634000E+00
 8059   0.44923000E+00
 8060   0.35030000E+00
 8061   0.28342000E+00
 8062   0.23493000E+00
 8063   0.19817000E+00
 8064   0.16950000E+00
 8065   0.14667000E+00
 8066   0.12820000E+00
 8067   0.10905000E+00
 8068   0.10262000E+00
 8069   0.90710000E-01
 8070   0.81190000E-01
 8071   0.74780000E-01
 8072   0.67310000E-01
 8073   0.61180000E-01
 8074   0.56900000E-01
 8075   0.15907000E+00
 8076   0.24779000E+00
 8077   0.22234000E+00
 8078   0.18450000E+00
 8079   0.15390000E+00
 8080   0.23935000E+00
 8081   0.19071600E+01
 8082   0.19518850E+02
 8083   0.22800784E+03
 8084   0.26922679E+03
 8085   0.20896186E+03
 8086   0.14978637E+03
 8087   0.10180997E+03
 8088   0.78271770E+02
 8089   0.64492810E+02
 8090   0.54661150E+02
 8091   0.47104700E+02
 8092   0.48261440E+02
 8093   0.51907910E+02
 8094   0.45871100E+02
 8095   0.55107220E+02
 8096   0.74154800E+02
 8097   0.68035710E+02
 8098   0.54943540E+02
 8099   0.41624920E+02
 8100   0.28798090E+02
 8101   0.19799430E+02
 8102   0.13976010E+02
 8103   0.99149500E+01
 8104   0.11082870E+02
 8105   0.46492390E+02
 8106   0.79664980E+02
 8107   0.90102460E+02
 8108   0.95241490E+02
 8109   0.81330800E+02
 8110   0.63642200E+02
 8111   0.56069200E+02
 8112   0.86942420E+02
 8113   0.12129787E+03
 8114   0.95409760E+02
 8115   0.80849410E+02
 8116   0.65162750E+02
 8117   0.55726130E+02
 8118   0.51587780E+02
 8119   0.38513690E+02
 8120   0.27021990E+02
 8121   0.19796230E+02
 8122   0.15916160E+02
 8123   0.13043450E+02
 8124   0.10198620E+02
 8125   0.82363000E+01
 8126   0.65920600E+01
 8127   0.65256500E+01
 8128   0.52403500E+01
 8129   0.41117200E+01
 8130   0.32971500E+01
 8131   0.27216300E+01
 8132   0.23040300E+01
 8133   0.19501600E+01
 8134   0.15882600E+01
 8135   0.10775000E+01
 8136   0.75595000E+00
 8137   0.52182000E+00
 8138   0.38294000E+00
 8139   0.29701000E+00
 8140   0.24001000E+00
 8141   0.27315700E+01
 8142   0.87519900E+01
 8143   0.33504340E+02
 8144   0.29458900E+02
 8145   0.24655610E+02
 8146   0.18702580E+02
 8147   0.15273230E+02
 8148   0.11475190E+02
 8149   0.83395100E+01
 8150   0.60467400E+01
 8151   0.11741540E+02
 8152   0.26260970E+02
 8153   0.20259420E+02
 8154   0.14306200E+02
 8155   0.87032800E+01
 8156   0.55264700E+01
 8157   0.37295200E+01
 8158   0.33282700E+01
 8159   0.49270900E+01
 8160   0.11158190E+02
 8161   0.42205880E+02
 8162   0.36674670E+02
 8163   0.26037030E+02
 8164   0.18148640E+02
 8165   0.13062780E+02
 8166   0.43643360E+02
 8167   0.34539610E+02
 8168   0.22822340E+02
 8169   0.14368910E+02
 8170   0.85176400E+01
 8171   0.55104600E+01
 8172   0.40965200E+01
 8173   0.32094700E+01
 8174   0.26594500E+01
 8175   0.22386900E+01
 8176   0.18397000E+01
 8177   0.13119500E+01
 8178   0.11966900E+01
 8179   0.11778800E+01
 8180   0.15177000E+01
 8181   0.49323300E+01
 8182   0.15069890E+02
 8183   0.12398220E+02
 8184   0.90244400E+01
 8185   0.66414900E+01
 8186   0.58199400E+01
 8187   0.12338092E+03
 8188   0.77208500E+02
 8189   0.41520510E+02
 8190   0.25381270E+02
 8191   0.16250030E+02
 8192   0.10729210E+02
 8193   0.75361100E+01
 8194   0.55572000E+01
 8195   0.42913000E+01
 8196   0.34547700E+01
 8197   0.28748600E+01
 8198   0.21745900E+01
 8199   0.19963000E+01
 8200   0.29259400E+01
 8201   0.50874400E+01
 8202   0.53620400E+01
 8203   0.42266800E+01
 8204   0.33050800E+01
 8205   0.25964700E+01
 8206   0.22582500E+01
 8207   0.61083600E+01
 8208   0.25393705E+04
 8209   0.20846010E+04
 8210   0.67438288E+03
 8211   0.26918689E+03
 8212   0.13535038E+03
 8213   0.11748598E+03
 8214   0.14035330E+04
 8215   0.72240681E+03
 8216   0.28779949E+03
 8217   0.13933493E+03
 8218   0.78247530E+02
 8219   0.60237380E+02
 8220   0.49668010E+02
 8221   0.38824230E+02
 8222   0.28995950E+02
 8223   0.20896790E+02
 8224   0.23333030E+02
 8225   0.32531740E+02
 8226   0.40475300E+02
 8227   0.46082810E+02
 8228   0.51297880E+02
 8229   0.47093840E+02
 8230   0.14740894E+03
 8231   0.22716914E+03
 8232   0.37799315E+03
 8233   0.53382463E+03
 8234   0.53986905E+03
 8235   0.14779698E+04
 8236   0.69577798E+03
 8237   0.40458244E+03
 8238   0.11330664E+04
 8239   0.51683757E+03
 8240   0.24806867E+03
 8241   0.16210527E+03
 8242   0.11735916E+03
 8243   0.73875320E+02
 8244   0.47580730E+02
 8245   0.34339920E+02
 8246   0.39733540E+02
 8247   0.10269822E+03
 8248   0.18606093E+04
 8249   0.27226918E+04
 8250   0.27336797E+04
 8251   0.28771597E+04
 8252   0.20420125E+04
 8253   0.19724436E+04
 8254   0.10946428E+04
 8255   0.47378587E+03
 8256   0.23404812E+03
 8257   0.13272577E+03
 8258   0.89056150E+02
 8259   0.64191030E+02
 8260   0.49188300E+02
 8261   0.36070480E+02
 8262   0.29117760E+02
 8263   0.14566381E+03
 8264   0.58931402E+03
 8265   0.31999592E+03
 8266   0.15772060E+03
 8267   0.86908680E+02
 8268   0.62740950E+02
 8269   0.61322830E+02
 8270   0.73394750E+02
 8271   0.99318840E+02
 8272   0.18044863E+03
 8273   0.36363949E+03
 8274   0.12529185E+04
 8275   0.70289137E+04
 8276   0.39754900E+04
 8277   0.15801807E+04
 8278   0.20942822E+04
 8279   0.24527857E+04
 8280   0.23332758E+04
 8281   0.13273005E+04
 8282   0.87755635E+03
 8283   0.10094157E+04
 8284   0.11538993E+04
 8285   0.20200345E+04
 8286   0.15353603E+04
 8287   0.93575154E+03
 8288   0.18943766E+04
 8289   0.22991220E+04
 8290   0.86433579E+03
 8291   0.47802287E+03
 8292   0.88867554E+03
 8293   0.92079682E+03
 8294   0.68490773E+03
 8295   0.60456979E+03
 8296   0.33888896E+03
 8297   0.83597512E+03
 8298   0.12036988E+04
 8299   0.20626831E+04
 8300   0.17649807E+04
 8301   0.77967340E+03
 8302   0.36293203E+03
 8303   0.17225440E+03
 8304   0.11616721E+03
 8305   0.89872520E+02
 8306   0.65396740E+02
 8307   0.45882900E+02
 8308   0.32615050E+02
 8309   0.23790180E+02
 8310   0.17239900E+02
 8311   0.20387760E+02
 8312   0.25715350E+02
 8313   0.46211270E+02
 8314   0.49572260E+02
 8315   0.37361310E+02
 8316   0.26222520E+02
 8317   0.18472390E+02
 8318   0.13092450E+02
 8319   0.92587400E+01
 8320   0.61744200E+01
 8321   0.38648800E+01
 8322   0.27805100E+01
 8323   0.20968800E+01
 8324   0.16341400E+01
 8325   0.10957500E+01
 8326   0.13419370E+02
 8327   0.47284279E+03
 8328   0.30091263E+03
 8329   0.14200195E+03
 8330   0.76962590E+02
 8331   0.44697120E+02
 8332   0.28574420E+02
 8333   0.19572460E+02
 8334   0.13635630E+02
 8335   0.94284300E+01
 8336   0.61584000E+01
 8337   0.41609600E+01
 8338   0.29896200E+01
 8339   0.22491800E+01
 8340   0.17559400E+01
 8341   0.11503800E+01
 8342   0.78937000E+00
 8343   0.54851000E+00
 8344   0.36790000E+00
 8345   0.26973000E+00
 8346   0.21176000E+00
 8347   0.53234200E+01
 8348   0.54476360E+02
 8349   0.26125287E+03
 8350   0.18133096E+03
 8351   0.12174082E+03
 8352   0.30371313E+03
 8353   0.45236397E+03
 8354   0.31716622E+03
 8355   0.17909998E+03
 8356   0.10149429E+03
 8357   0.58995320E+02
 8358   0.40426940E+02
 8359   0.34647030E+02
 8360   0.54904060E+02
 8361   0.59636490E+02
 8362   0.40912440E+02
 8363   0.27980520E+02
 8364   0.20123710E+02
 8365   0.15224520E+02
 8366   0.12045120E+02
 8367   0.95131900E+01
 8368   0.78354400E+01
 8369   0.71703500E+01
 8370   0.72792000E+01
 8371   0.68727900E+01
 8372   0.58698800E+01
 8373   0.54670600E+01
 8374   0.52137500E+01
 8375   0.46680700E+01
 8376   0.61749300E+01
 8377   0.10967040E+02
 8378   0.24790480E+02
 8379   0.38417680E+02
 8380   0.32224280E+02
 8381   0.23625250E+02
 8382   0.16267020E+02
 8383   0.11430940E+02
 8384   0.80650800E+01
 8385   0.56645600E+01
 8386   0.44379100E+01
 8387   0.43200800E+01
 8388   0.66213000E+01
 8389   0.84767200E+01
 8390   0.71377600E+01
 8391   0.56426200E+01
 8392   0.42677900E+01
 8393   0.37539000E+01
 8394   0.31585900E+01
 8395   0.26960100E+01
 8396   0.23531300E+01
 8397   0.19766800E+01
 8398   0.16332300E+01
 8399   0.11724600E+01
 8400   0.85149000E+00
 8401   0.59594000E+00
 8402   0.41410000E+00
 8403   0.31345000E+00
 8404   0.25635000E+00
 8405   0.22798000E+00
 8406   0.22108000E+00
 8407   0.21395000E+00
 8408   0.23659000E+00
 8409   0.49859000E+00
 8410   0.15109800E+01
 8411   0.27571400E+01
 8412   0.63599600E+01
 8413   0.10606590E+02
 8414   0.12103020E+02
 8415   0.11038810E+02
 8416   0.89699500E+01
 8417   0.66319900E+01
 8418   0.49273000E+01
 8419   0.36635900E+01
 8420   0.27987900E+01
 8421   0.22124900E+01
 8422   0.18054200E+01
 8423   0.12479500E+01
 8424   0.89404000E+00
 8425   0.66043000E+00
 8426   0.44646000E+00
 8427   0.29522000E+00
 8428   0.24070000E+00
 8429   0.20118000E+00
 8430   0.35388000E+00
 8431   0.63760000E+00
 8432   0.76369000E+00
 8433   0.84887000E+00
 8434   0.82037000E+00
 8435   0.81827000E+00
 8436   0.70563900E+01
 8437   0.15099050E+02
 8438   0.14309450E+02
 8439   0.10338310E+02
 8440   0.65904800E+01
 8441   0.46864000E+01
 8442   0.35691300E+01
 8443   0.28742300E+01
 8444   0.21674500E+01
 8445   0.19172000E+01
 8446   0.17929300E+01
 8447   0.16752000E+01
 8448   0.14708100E+01
 8449   0.12433800E+01
 8450   0.10517500E+01
 8451   0.10085700E+01
 8452   0.82139700E+01
 8453   0.44579830E+02
 8454   0.62043690E+02
 8455   0.70252840E+02
 8456   0.61713880E+02
 8457   0.42669620E+02
 8458   0.28735070E+02
 8459   0.19914470E+02
 8460   0.14103910E+02
 8461   0.99815100E+01
 8462   0.67634900E+01
 8463   0.46978200E+01
 8464   0.31130800E+01
 8465   0.24028900E+01
 8466   0.18733900E+01
 8467   0.13714800E+01
 8468   0.95026000E+00
 8469   0.67902000E+00
 8470   0.45514000E+00
 8471   0.32476000E+00
 8472   0.25064000E+00
 8473   0.20330000E+00
 8474   0.17032000E+00
 8475   0.14610000E+00
 8476   0.12843000E+00
 8477   0.23819200E+01
 8478   0.43339000E+01
 8479   0.35337200E+01
 8480   0.43539600E+01
 8481   0.23662450E+02
 8482   0.35253550E+02
 8483   0.32452760E+02
 8484   0.27862040E+02
 8485   0.21379400E+02
 8486   0.15935220E+02
 8487   0.12328810E+02
 8488   0.96828600E+01
 8489   0.73287600E+01
 8490   0.54136300E+01
 8491   0.40939600E+01
 8492   0.31952900E+01
 8493   0.25698500E+01
 8494   0.20815900E+01
 8495   0.14756400E+01
 8496   0.10225500E+01
 8497   0.80107000E+00
 8498   0.86893000E+00
 8499   0.12085800E+01
 8500   0.13017200E+01
 8501   0.13317300E+01
 8502   0.12596900E+01
 8503   0.11223900E+01
 8504   0.97205000E+00
 8505   0.74002000E+00
 8506   0.58794000E+00
 8507   0.45103000E+00
 8508   0.33912000E+00
 8509   0.26418000E+00
 8510   0.21416000E+00
 8511   0.14784000E+00
 8512   0.15913000E+00
 8513   0.11598000E+00
 8514   0.11235000E+00
 8515   0.68379000E+00
 8516   0.11721600E+01
 8517   0.19311300E+01
 8518   0.34999800E+01
 8519   0.49024500E+01
 8520   0.49034100E+01
 8521   0.41741200E+01
 8522   0.32935900E+01
 8523   0.25715900E+01
 8524   0.20449800E+01
 8525   0.16612800E+01
 8526   0.11465400E+01
 8527   0.56585800E+01
 8528   0.17129350E+02
 8529   0.12071560E+02
 8530   0.71765800E+01
 8531   0.42114000E+01
 8532   0.82157500E+01
 8533   0.11056758E+03
 8534   0.31832325E+03
 8535   0.24089643E+03
 8536   0.19395238E+03
 8537   0.15222722E+03
 8538   0.96684360E+02
 8539   0.56971250E+02
 8540   0.36133060E+02
 8541   0.26067680E+02
 8542   0.39365150E+02
 8543   0.28648251E+03
 8544   0.25481313E+03
 8545   0.13471941E+03
 8546   0.73711730E+02
 8547   0.73169700E+02
 8548   0.46868340E+02
 8549   0.29800420E+02
 8550   0.18620740E+02
 8551   0.12012360E+02
 8552   0.10177270E+02
 8553   0.45102750E+02
 8554   0.30623040E+02
 8555   0.20142390E+02
 8556   0.11879920E+02
 8557   0.81202400E+01
 8558   0.61111800E+01
 8559   0.70386800E+01
 8560   0.14357193E+03
 8561   0.11907830E+03
 8562   0.66118950E+02
 8563   0.42298260E+02
 8564   0.31960830E+02
 8565   0.35409340E+02
 8566   0.88117835E+03
 8567   0.41712639E+04
 8568   0.13733225E+04
 8569   0.47652934E+03
 8570   0.23399030E+03
 8571   0.17053640E+03
 8572   0.11856075E+03
 8573   0.98063380E+02
 8574   0.61367520E+02
 8575   0.38754730E+02
 8576   0.27381350E+02
 8577   0.37062620E+02
 8578   0.22660874E+03
 8579   0.64005181E+03
 8580   0.73667798E+03
 8581   0.53953858E+03
 8582   0.46490135E+03
 8583   0.43057515E+03
 8584   0.23537940E+03
 8585   0.11485667E+03
 8586   0.60855400E+02
 8587   0.34327270E+02
 8588   0.22076970E+02
 8589   0.16946520E+02
 8590   0.13077340E+02
 8591   0.10193920E+02
 8592   0.82887400E+01
 8593   0.97493000E+01
 8594   0.89105800E+01
 8595   0.61804500E+01
 8596   0.45468500E+01
 8597   0.32207100E+01
 8598   0.26599500E+01
 8599   0.22442100E+01
 8600   0.19050300E+01
 8601   0.27134200E+01
 8602   0.12301120E+02
 8603   0.82903640E+02
 8604   0.23110682E+03
 8605   0.36663345E+03
 8606   0.38166155E+03
 8607   0.38915405E+03
 8608   0.31808118E+03
 8609   0.26609170E+03
 8610   0.23773436E+03
 8611   0.19957779E+03
 8612   0.18698289E+03
 8613   0.19968438E+03
 8614   0.15071200E+03
 8615   0.94217230E+02
 8616   0.62447770E+02
 8617   0.44387290E+02
 8618   0.30279380E+02
 8619   0.22235390E+02
 8620   0.23644010E+02
 8621   0.49357570E+02
 8622   0.11725522E+03
 8623   0.13232617E+03
 8624   0.97775610E+02
 8625   0.10629542E+03
 8626   0.15190631E+03
 8627   0.15316180E+03
 8628   0.11160633E+03
 8629   0.86919100E+02
 8630   0.13050211E+03
 8631   0.13061698E+04
 8632   0.26328392E+04
 8633   0.18753090E+04
 8634   0.34173383E+04
 8635   0.13128938E+04
 8636   0.47093640E+03
 8637   0.20790487E+03
 8638   0.10715372E+03
 8639   0.59009960E+02
 8640   0.43087030E+02
 8641   0.40413620E+02
 8642   0.37046290E+02
 8643   0.57548050E+02
 8644   0.29999709E+03
 8645   0.94976310E+03
 8646   0.13658314E+04
 8647   0.10287411E+04
 8648   0.53503602E+03
 8649   0.79515264E+03
 8650   0.15615423E+04
 8651   0.16400535E+04
 8652   0.11091339E+04
 8653   0.50681715E+03
 8654   0.23425149E+03
 8655   0.12130002E+03
 8656   0.67870430E+02
 8657   0.26915315E+03
 8658   0.17159163E+04
 8659   0.15047386E+04
 8660   0.12625023E+04
 8661   0.13628779E+04
 8662   0.66627358E+03
 8663   0.46392224E+03
 8664   0.48226995E+03
 8665   0.30274556E+03
 8666   0.15925708E+03
 8667   0.89977060E+02
 8668   0.56337680E+02
 8669   0.35596790E+02
 8670   0.23848070E+02
 8671   0.16695770E+02
 8672   0.11724860E+02
 8673   0.80321900E+01
 8674   0.53322500E+01
 8675   0.37490000E+01
 8676   0.27458300E+01
 8677   0.21409100E+01
 8678   0.18258200E+01
 8679   0.15453700E+01
 8680   0.15118000E+01
 8681   0.13571800E+01
 8682   0.13790800E+01
 8683   0.13432900E+01
 8684   0.17269500E+01
 8685   0.31914400E+01
 8686   0.54814800E+01
 8687   0.60630300E+01
 8688   0.52044000E+01
 8689   0.39923900E+01
 8690   0.27810600E+01
 8691   0.21986700E+01
 8692   0.17659400E+01
 8693   0.14048700E+01
 8694   0.28822400E+01
 8695   0.11048420E+02
 8696   0.40051850E+02
 8697   0.87816220E+02
 8698   0.13892946E+03
 8699   0.10161451E+03
 8700   0.61542940E+02
 8701   0.39928570E+02
 8702   0.22573431E+03
 8703   0.22754978E+04
 8704   0.10738065E+04
 8705   0.48163132E+03
 8706   0.22166387E+03
 8707   0.11531195E+03
 8708   0.63939770E+02
 8709   0.38443850E+02
 8710   0.24289130E+02
 8711   0.39190430E+02
 8712   0.29720253E+03
 8713   0.23357143E+03
 8714   0.12136488E+03
 8715   0.66402340E+02
 8716   0.39662670E+02
 8717   0.25680910E+02
 8718   0.17483110E+02
 8719   0.12132110E+02
 8720   0.80613000E+01
 8721   0.53383600E+01
 8722   0.35277800E+01
 8723   0.26154900E+01
 8724   0.20714100E+01
 8725   0.17622600E+01
 8726   0.88635700E+01
 8727   0.73871873E+03
 8728   0.64412355E+03
 8729   0.30828202E+03
 8730   0.17069822E+03
 8731   0.12376012E+03
 8732   0.14265719E+03
 8733   0.13982049E+03
 8734   0.88027320E+02
 8735   0.53053130E+02
 8736   0.33671460E+02
 8737   0.22760060E+02
 8738   0.16234890E+02
 8739   0.14355010E+02
 8740   0.17128620E+02
 8741   0.23080630E+02
 8742   0.38523450E+02
 8743   0.36780830E+02
 8744   0.29681490E+02
 8745   0.24091060E+02
 8746   0.19389270E+02
 8747   0.15142170E+02
 8748   0.11618280E+02
 8749   0.87443600E+01
 8750   0.62903300E+01
 8751   0.43172800E+01
 8752   0.33613600E+01
 8753   0.27619300E+01
 8754   0.23876300E+01
 8755   0.20678900E+01
 8756   0.17922900E+01
 8757   0.15486000E+01
 8758   0.12725500E+01
 8759   0.10237500E+01
 8760   0.76890000E+00
 8761   0.55427000E+00
 8762   0.38330000E+00
 8763   0.29118000E+00
 8764   0.23981000E+00
 8765   0.20788000E+00
 8766   0.18743000E+00
 8767   0.16785000E+00
 8768   0.15186000E+00
 8769   0.13912000E+00
 8770   0.12563000E+00
 8771   0.92790000E-01
 8772   0.13458000E+00
 8773   0.10353400E+01
 8774   0.14477900E+01
 8775   0.16516200E+01
 8776   0.19714800E+01
 8777   0.21161500E+01
 8778   0.20882400E+01
 8779   0.19753200E+01
 8780   0.18039100E+01
 8781   0.14492700E+01
 8782   0.99087000E+00
 8783   0.66592000E+00
 8784   0.73790000E+00
 8785   0.84112000E+00
 8786   0.12433000E+01
 8787   0.20656000E+01
 8788   0.38989300E+01
 8789   0.48624400E+01
 8790   0.45232900E+01
 8791   0.36521100E+01
 8792   0.25990500E+01
 8793   0.43570900E+01
 8794   0.82357600E+01
 8795   0.14602660E+02
 8796   0.17701600E+02
 8797   0.15568430E+02
 8798   0.11390950E+02
 8799   0.81745600E+01
 8800   0.72698300E+01
 8801   0.25355690E+02
 8802   0.21102270E+02
 8803   0.16948910E+02
 8804   0.15013630E+02
 8805   0.16770080E+02
 8806   0.14834180E+02
 8807   0.11215920E+02
 8808   0.81705500E+01
 8809   0.58729000E+01
 8810   0.44633200E+01
 8811   0.35118500E+01
 8812   0.29157300E+01
 8813   0.22473800E+01
 8814   0.19222900E+01
 8815   0.17986300E+01
 8816   0.19448200E+01
 8817   0.20796800E+01
 8818   0.20239400E+01
 8819   0.18964700E+01
 8820   0.19993400E+01
 8821   0.35094190E+02
 8822   0.27395790E+02
 8823   0.20230390E+02
 8824   0.19142180E+02
 8825   0.32231200E+02
 8826   0.39318860E+02
 8827   0.33688650E+02
 8828   0.27277970E+02
 8829   0.19906910E+02
 8830   0.14443920E+02
 8831   0.10449720E+02
 8832   0.71197300E+01
 8833   0.44810200E+01
 8834   0.33765300E+01
 8835   0.26680800E+01
 8836   0.21075000E+01
 8837   0.17176200E+01
 8838   0.86392700E+01
 8839   0.30158790E+02
 8840   0.26994450E+02
 8841   0.21805080E+02
 8842   0.16625140E+02
 8843   0.14684160E+02
 8844   0.21593880E+02
 8845   0.33292980E+02
 8846   0.39574410E+02
 8847   0.51913750E+02
 8848   0.48350720E+02
 8849   0.35906930E+02
 8850   0.24624960E+02
 8851   0.16269750E+02
 8852   0.10804590E+02
 8853   0.75981600E+01
 8854   0.49490100E+01
 8855   0.37360500E+01
 8856   0.29757300E+01
 8857   0.27695700E+01
 8858   0.87478000E+01
 8859   0.85871170E+02
 8860   0.85065080E+02
 8861   0.83935620E+02
 8862   0.69528420E+02
 8863   0.47174370E+02
 8864   0.34741400E+02
 8865   0.37888640E+02
 8866   0.61110000E+02
 8867   0.74990120E+02
 8868   0.81303430E+02
 8869   0.71259680E+02
 8870   0.51821710E+02
 8871   0.36412560E+02
 8872   0.30754130E+02
 8873   0.32616270E+02
 8874   0.22905280E+02
 8875   0.14721500E+02
 8876   0.93311800E+01
 8877   0.62977600E+01
 8878   0.45914900E+01
 8879   0.35386300E+01
 8880   0.28458200E+01
 8881   0.23725500E+01
 8882   0.18950200E+01
 8883   0.14744900E+01
 8884   0.74556800E+01
 8885   0.29965850E+02
 8886   0.22322430E+02
 8887   0.14993260E+02
 8888   0.90375000E+01
 8889   0.53230400E+01
 8890   0.37525700E+01
 8891   0.29060800E+01
 8892   0.23716300E+01
 8893   0.19787800E+01
 8894   0.16516200E+01
 8895   0.10974900E+01
 8896   0.18173700E+01
 8897   0.95251310E+02
 8898   0.74027390E+02
 8899   0.64010220E+02
 8900   0.10074709E+03
 8901   0.82013430E+02
 8902   0.60078450E+02
 8903   0.42851000E+02
 8904   0.28509220E+02
 8905   0.17881610E+02
 8906   0.12188150E+02
 8907   0.82783500E+01
 8908   0.55293600E+01
 8909   0.40136400E+01
 8910   0.30661100E+01
 8911   0.23553100E+01
 8912   0.18298400E+01
 8913   0.13259400E+01
 8914   0.91383000E+00
 8915   0.76301000E+00
 8916   0.79204000E+00
 8917   0.93290000E+00
 8918   0.10877400E+01
 8919   0.12574500E+01
 8920   0.12859600E+01
 8921   0.12565500E+01
 8922   0.17523150E+02
 8923   0.21666300E+02
 8924   0.14698580E+02
 8925   0.79524900E+01
 8926   0.55642200E+01
 8927   0.37145820E+02
 8928   0.65927130E+02
 8929   0.12916831E+03
 8930   0.80256840E+02
 8931   0.53936140E+02
 8932   0.45448390E+02
 8933   0.43880190E+02
 8934   0.40212350E+02
 8935   0.32972400E+02
 8936   0.25098340E+02
 8937   0.17984014E+03
 8938   0.25043241E+03
 8939   0.22118974E+03
 8940   0.13998997E+03
 8941   0.94107140E+02
 8942   0.11447329E+03
 8943   0.69226740E+02
 8944   0.42788180E+02
 8945   0.26906420E+02
 8946   0.15349130E+02
 8947   0.36634970E+02
 8948   0.19803453E+03
 8949   0.33207588E+03
 8950   0.29791075E+03
 8951   0.21161243E+03
 8952   0.11312205E+03
 8953   0.62565380E+02
 8954   0.37526450E+02
 8955   0.24204090E+02
 8956   0.16452660E+02
 8957   0.13279660E+02
 8958   0.12880330E+02
 8959   0.15399140E+02
 8960   0.12213910E+02
 8961   0.76392400E+01
 8962   0.45027500E+01
 8963   0.31289200E+01
 8964   0.22913600E+01
 8965   0.17148000E+01
 8966   0.11819300E+01
 8967   0.83011000E+00
 8968   0.61759000E+00
 8969   0.47151000E+00
 8970   0.33945000E+00
 8971   0.11465300E+01
 8972   0.55248700E+01
 8973   0.22166700E+02
 8974   0.86312270E+02
 8975   0.18747395E+03
 8976   0.18027233E+03
 8977   0.17218402E+03
 8978   0.71872825E+03
 8979   0.15195210E+04
 8980   0.91636413E+03
 8981   0.40728620E+03
 8982   0.19605521E+03
 8983   0.10645162E+03
 8984   0.61576970E+02
 8985   0.36695930E+02
 8986   0.40542000E+02
 8987   0.10677265E+03
 8988   0.25475593E+03
 8989   0.35217758E+03
 8990   0.41438114E+03
 8991   0.50924099E+03
 8992   0.49426237E+03
 8993   0.32497959E+03
 8994   0.20972117E+03
 8995   0.15722794E+03
 8996   0.12268031E+03
 8997   0.10179563E+03
 8998   0.11994844E+03
 8999   0.12254873E+03
 9000   0.99334930E+02
 9001   0.66135590E+02
 9002   0.10881515E+03
 9003   0.54925977E+03
 9004   0.79862556E+03
 9005   0.66419697E+03
 9006   0.94657531E+03
 9007   0.11989311E+04
 9008   0.64806369E+03
 9009   0.36703887E+03
 9010   0.28517779E+03
 9011   0.29213735E+03
 9012   0.22079002E+03
 9013   0.46646649E+03
 9014   0.17216164E+04
 9015   0.12166717E+04
 9016   0.99262739E+03
 9017   0.11439413E+04
 9018   0.63230179E+03
 9019   0.34909154E+03
 9020   0.18534644E+03
 9021   0.98694740E+02
 9022   0.54973370E+02
 9023   0.33363310E+02
 9024   0.21870760E+02
 9025   0.15010230E+02
 9026   0.10421450E+02
 9027   0.68631600E+01
 9028   0.41918900E+01
 9029   0.30042400E+01
 9030   0.23106500E+01
 9031   0.78284000E+01
 9032   0.13619980E+02
 9033   0.23144750E+02
 9034   0.33388250E+02
 9035   0.30048160E+02
 9036   0.23147720E+02
 9037   0.16892790E+02
 9038   0.11586030E+02
 9039   0.29466940E+02
 9040   0.17229930E+04
 9041   0.50705108E+04
 9042   0.24944592E+04
 9043   0.70557387E+03
 9044   0.28717707E+03
 9045   0.14554235E+03
 9046   0.80165610E+02
 9047   0.46843450E+02
 9048   0.66614560E+02
 9049   0.15040884E+04
 9050   0.21315572E+04
 9051   0.75042167E+03
 9052   0.50108857E+03
 9053   0.33326105E+03
 9054   0.20834890E+03
 9055   0.13100306E+03
 9056   0.95587680E+02
 9057   0.75792630E+02
 9058   0.53975070E+02
 9059   0.34888900E+02
 9060   0.28995199E+03
 9061   0.24881804E+04
 9062   0.22537090E+04
 9063   0.55794298E+04
 9064   0.28134156E+04
 9065   0.96401863E+03
 9066   0.50559073E+03
 9067   0.38256240E+04
 9068   0.51573088E+04
 9069   0.13389947E+04
 9070   0.45167211E+03
 9071   0.19775846E+03
 9072   0.10315013E+03
 9073   0.57475630E+02
 9074   0.34738640E+02
 9075   0.22651850E+02
 9076   0.10228479E+03
 9077   0.11679794E+04
 9078   0.67611129E+03
 9079   0.27442795E+03
 9080   0.13658284E+03
 9081   0.74846380E+02
 9082   0.44515950E+02
 9083   0.28570270E+02
 9084   0.19428790E+02
 9085   0.13970400E+02
 9086   0.10381260E+02
 9087   0.74560500E+01
 9088   0.12940830E+02
 9089   0.80970510E+02
 9090   0.34552162E+03
 9091   0.43884766E+03
 9092   0.48373313E+03
 9093   0.33513884E+03
 9094   0.18240312E+03
 9095   0.10507807E+03
 9096   0.63881030E+02
 9097   0.40415770E+02
 9098   0.26767520E+02
 9099   0.18494300E+02
 9100   0.38434520E+02
 9101   0.38295123E+03
 9102   0.40587404E+03
 9103   0.21184295E+03
 9104   0.11440452E+03
 9105   0.66436820E+02
 9106   0.42687980E+02
 9107   0.30905910E+02
 9108   0.23947320E+02
 9109   0.18350330E+02
 9110   0.13182060E+02
 9111   0.94693600E+01
 9112   0.66121400E+01
 9113   0.47996400E+01
 9114   0.35310200E+01
 9115   0.26854200E+01
 9116   0.21180200E+01
 9117   0.17122000E+01
 9118   0.12564500E+01
 9119   0.90013000E+00
 9120   0.60598000E+00
 9121   0.39541000E+00
 9122   0.28622000E+00
 9123   0.22311000E+00
 9124   0.18211000E+00
 9125   0.15322000E+00
 9126   0.13169000E+00
 9127   0.11498000E+00
 9128   0.10182000E+00
 9129   0.90860000E-01
 9130   0.81630000E-01
 9131   0.73910000E-01
 9132   0.67320000E-01
 9133   0.61590000E-01
 9134   0.56750000E-01
 9135   0.52370000E-01
 9136   0.75090000E-01
 9137   0.40337000E+00
 9138   0.54314000E+00
 9139   0.57552000E+00
 9140   0.55237000E+00
 9141   0.49764000E+00
 9142   0.41573000E+00
 9143   0.32036000E+00
 9144   0.25236000E+00
 9145   0.21113000E+00
 9146   0.18560000E+00
 9147   0.16020000E+00
 9148   0.15426000E+00
 9149   0.13962000E+00
 9150   0.12723000E+00
 9151   0.11679000E+00
 9152   0.10907000E+00
 9153   0.10494000E+00
 9154   0.10472000E+00
 9155   0.10705000E+00
 9156   0.10921000E+00
 9157   0.10910000E+00
 9158   0.10623000E+00
 9159   0.10124000E+00
 9160   0.95050000E-01
 9161   0.85300000E-01
 9162   0.82410000E-01
 9163   0.75690000E-01
 9164   0.70910000E-01
 9165   0.66190000E-01
 9166   0.60310000E-01
 9167   0.55440000E-01
 9168   0.51210000E-01
 9169   0.47520000E-01
 9170   0.44260000E-01
 9171   0.41360000E-01
 9172   0.38760000E-01
 9173   0.36440000E-01
 9174   0.34370000E-01
 9175   0.32510000E-01
 9176   0.34840000E-01
 9177   0.53920000E-01
 9178   0.30472300E+01
 9179   0.12103670E+02
 9180   0.13674050E+02
 9181   0.15206420E+02
 9182   0.35035020E+02
 9183   0.70546180E+02
 9184   0.72787890E+02
 9185   0.65004120E+02
 9186   0.51976100E+02
 9187   0.37027610E+02
 9188   0.24571240E+02
 9189   0.17384970E+02
 9190   0.14001360E+02
 9191   0.21307070E+02
 9192   0.24017560E+02
 9193   0.19231320E+02
 9194   0.14237370E+02
 9195   0.10233480E+02
 9196   0.78472800E+01
 9197   0.12427190E+02
 9198   0.70617040E+02
 9199   0.74517350E+02
 9200   0.77427430E+02
 9201   0.73373180E+02
 9202   0.49398910E+02
 9203   0.35153710E+02
 9204   0.25071820E+02
 9205   0.17233000E+02
 9206   0.11932830E+02
 9207   0.82099000E+01
 9208   0.62964400E+01
 9209   0.84092600E+01
 9210   0.52666560E+02
 9211   0.79715610E+02
 9212   0.77291020E+02
 9213   0.63096710E+02
 9214   0.53883740E+02
 9215   0.41217620E+02
 9216   0.28063760E+02
 9217   0.19229850E+02
 9218   0.13824010E+02
 9219   0.77941630E+02
 9220   0.80632400E+02
 9221   0.61798890E+02
 9222   0.64205160E+02
 9223   0.12253216E+03
 9224   0.13828005E+03
 9225   0.11102510E+03
 9226   0.79733940E+02
 9227   0.55707780E+02
 9228   0.36281760E+02
 9229   0.23811290E+02
 9230   0.16181490E+02
 9231   0.11170720E+02
 9232   0.75574200E+01
 9233   0.48996200E+01
 9234   0.53143500E+01
 9235   0.61066730E+02
 9236   0.12348772E+03
 9237   0.12361005E+03
 9238   0.96000080E+02
 9239   0.71346670E+02
 9240   0.49080760E+02
 9241   0.31830280E+02
 9242   0.21414570E+02
 9243   0.13789800E+02
 9244   0.92021700E+01
 9245   0.60988200E+01
 9246   0.43288000E+01
 9247   0.31959000E+01
 9248   0.24477900E+01
 9249   0.19329000E+01
 9250   0.14695600E+01
 9251   0.10135500E+01
 9252   0.73202000E+00
 9253   0.50781000E+00
 9254   0.37400000E+00
 9255   0.28642000E+00
 9256   0.23397000E+00
 9257   0.19742000E+00
 9258   0.17004000E+00
 9259   0.14859000E+00
 9260   0.13127000E+00
 9261   0.11700000E+00
 9262   0.10507000E+00
 9263   0.95280000E-01
 9264   0.86530000E-01
 9265   0.87480000E-01
 9266   0.29138000E+00
 9267   0.52102000E+00
 9268   0.13964400E+01
 9269   0.28574400E+01
 9270   0.25941400E+01
 9271   0.19590700E+01
 9272   0.14324900E+01
 9273   0.10682300E+01
 9274   0.86545000E+00
 9275   0.72302000E+00
 9276   0.73996000E+00
 9277   0.17419200E+02
 9278   0.24684070E+02
 9279   0.17959600E+02
 9280   0.11872130E+02
 9281   0.70172300E+01
 9282   0.45323800E+01
 9283   0.33263800E+01
 9284   0.23962200E+01
 9285   0.20265600E+01
 9286   0.17263700E+01
 9287   0.12693300E+01
 9288   0.18011400E+02
 9289   0.14116437E+03
 9290   0.24990709E+03
 9291   0.26354202E+03
 9292   0.20911998E+03
 9293   0.13050573E+03
 9294   0.73475610E+02
 9295   0.55977390E+02
 9296   0.90716820E+02
 9297   0.26107101E+03
 9298   0.18261232E+03
 9299   0.94947920E+02
 9300   0.55572380E+02
 9301   0.35313710E+02
 9302   0.22864980E+02
 9303   0.15378790E+02
 9304   0.11164760E+02
 9305   0.10134430E+02
 9306   0.90658700E+01
 9307   0.25176830E+02
 9308   0.27280920E+02
 9309   0.19141050E+02
 9310   0.12114550E+02
 9311   0.70741800E+01
 9312   0.11533960E+02
 9313   0.46634500E+02
 9314   0.10286954E+03
 9315   0.81421650E+02
 9316   0.54808640E+02
 9317   0.34028020E+02
 9318   0.22293280E+02
 9319   0.26188100E+02
 9320   0.97146310E+02
 9321   0.15280113E+03
 9322   0.24259660E+03
 9323   0.41915671E+03
 9324   0.59704771E+03
 9325   0.13606090E+04
 9326   0.28348638E+04
 9327   0.16149619E+04
 9328   0.11891412E+04
 9329   0.62177446E+03
 9330   0.40715162E+03
 9331   0.26182491E+03
 9332   0.20595927E+03
 9333   0.20064862E+03
 9334   0.21144090E+03
 9335   0.18608171E+03
 9336   0.16249577E+03
 9337   0.14005672E+03
 9338   0.10012372E+03
 9339   0.68228590E+02
 9340   0.90571340E+02
 9341   0.16218956E+03
 9342   0.17517742E+03
 9343   0.13974613E+03
 9344   0.10333747E+03
 9345   0.84361930E+02
 9346   0.13188742E+03
 9347   0.50856695E+03
 9348   0.14940509E+04
 9349   0.10637495E+04
 9350   0.82796890E+03
 9351   0.18440277E+04
 9352   0.88237473E+03
 9353   0.38104337E+03
 9354   0.18273380E+03
 9355   0.97139780E+02
 9356   0.53995120E+02
 9357   0.35168530E+02
 9358   0.72637740E+02
 9359   0.60683250E+02
 9360   0.48022050E+02
 9361   0.39503870E+02
 9362   0.29929170E+02
 9363   0.21216140E+02
 9364   0.14931380E+02
 9365   0.10400100E+02
 9366   0.64671400E+01
 9367   0.44964800E+01
 9368   0.35238700E+01
 9369   0.37365900E+01
 9370   0.14530030E+02
 9371   0.50592000E+02
 9372   0.60249210E+02
 9373   0.10186246E+03
 9374   0.28158786E+03
 9375   0.50772359E+03
 9376   0.74845618E+03
 9377   0.68489355E+03
 9378   0.36432340E+04
 9379   0.20007960E+04
 9380   0.13204065E+04
 9381   0.55901856E+03
 9382   0.23109804E+03
 9383   0.11357269E+03
 9384   0.63536260E+02
 9385   0.43290260E+02
 9386   0.12432341E+03
 9387   0.27477278E+04
 9388   0.20612342E+04
 9389   0.18398059E+04
 9390   0.40518164E+04
 9391   0.43242286E+04
 9392   0.49820768E+04
 9393   0.47051748E+04
 9394   0.16493630E+04
 9395   0.56831191E+03
 9396   0.24369083E+03
 9397   0.12121782E+03
 9398   0.68143590E+02
 9399   0.11142218E+03
 9400   0.33963483E+03
 9401   0.27927180E+03
 9402   0.14531446E+03
 9403   0.79322230E+02
 9404   0.47327160E+02
 9405   0.30179840E+02
 9406   0.77209970E+02
 9407   0.15120388E+04
 9408   0.20866602E+04
 9409   0.13710436E+04
 9410   0.84696546E+03
 9411   0.59626405E+03
 9412   0.51430061E+03
 9413   0.46898527E+03
 9414   0.32207452E+03
 9415   0.33861764E+04
 9416   0.38260855E+04
 9417   0.12562397E+04
 9418   0.46244770E+03
 9419   0.20186506E+03
 9420   0.10394674E+03
 9421   0.57650650E+02
 9422   0.34804230E+02
 9423   0.22636570E+02
 9424   0.15460000E+02
 9425   0.10666150E+02
 9426   0.70307500E+01
 9427   0.46139800E+01
 9428   0.30259300E+01
 9429   0.22840800E+01
 9430   0.17454900E+01
 9431   0.11711100E+01
 9432   0.91643000E+00
 9433   0.86416000E+00
 9434   0.12769600E+01
 9435   0.21485000E+01
 9436   0.34471600E+01
 9437   0.38539700E+01
 9438   0.31217200E+01
 9439   0.24105600E+01
 9440   0.42731890E+02
 9441   0.18149416E+04
 9442   0.11882475E+04
 9443   0.43938473E+03
 9444   0.42372245E+03
 9445   0.86282612E+03
 9446   0.22112993E+04
 9447   0.15723445E+04
 9448   0.66078301E+03
 9449   0.29113969E+03
 9450   0.14873248E+03
 9451   0.82051820E+02
 9452   0.48185760E+02
 9453   0.30948000E+02
 9454   0.20926820E+02
 9455   0.14730930E+02
 9456   0.10548400E+02
 9457   0.72193400E+01
 9458   0.46708200E+01
 9459   0.34140400E+01
 9460   0.24890300E+01
 9461   0.19424200E+01
 9462   0.15498200E+01
 9463   0.11820300E+01
 9464   0.92229000E+00
 9465   0.75241000E+00
 9466   0.59905000E+00
 9467   0.46503000E+00
 9468   0.38009000E+00
 9469   0.32495000E+00
 9470   0.28267000E+00
 9471   0.24700000E+00
 9472   0.21603000E+00
 9473   0.18919000E+00
 9474   0.16615000E+00
 9475   0.14650000E+00
 9476   0.12981000E+00
 9477   0.21686000E+00
 9478   0.30860000E+00
 9479   0.32436100E+01
 9480   0.75686300E+01
 9481   0.64349100E+01
 9482   0.44316400E+01
 9483   0.36722400E+01
 9484   0.37719500E+01
 9485   0.40930100E+01
 9486   0.40495700E+01
 9487   0.35679200E+01
 9488   0.29081500E+01
 9489   0.21832800E+01
 9490   0.18871300E+01
 9491   0.16332600E+01
 9492   0.13500700E+01
 9493   0.10773400E+01
 9494   0.83371000E+00
 9495   0.59814000E+00
 9496   0.44141000E+00
 9497   0.34042000E+00
 9498   0.27229000E+00
 9499   0.22401000E+00
 9500   0.18837000E+00
 9501   0.16121000E+00
 9502   0.14213000E+00
 9503   0.12389000E+00
 9504   0.10942000E+00
 9505   0.97960000E-01
 9506   0.88660000E-01
 9507   0.80900000E-01
 9508   0.74520000E-01
 9509   0.82820000E-01
 9510   0.30918000E+00
 9511   0.47131000E+00
 9512   0.53559000E+00
 9513   0.58551000E+00
 9514   0.69625000E+00
 9515   0.78889000E+00
 9516   0.86347000E+00
 9517   0.14464400E+01
 9518   0.27864600E+01
 9519   0.10970410E+02
 9520   0.12413220E+02
 9521   0.11910530E+02
 9522   0.12593640E+02
 9523   0.10457600E+02
 9524   0.69904900E+01
 9525   0.48347700E+01
 9526   0.37257400E+01
 9527   0.30095900E+01
 9528   0.24758500E+01
 9529   0.20436300E+01
 9530   0.15069200E+01
 9531   0.10654900E+01
 9532   0.78337000E+00
 9533   0.55755000E+00
 9534   0.41596000E+00
 9535   0.49426000E+00
 9536   0.69550000E+00
 9537   0.78330000E+00
 9538   0.86943000E+00
 9539   0.89710000E+00
 9540   0.81795000E+00
 9541   0.64796000E+00
 9542   0.48115000E+00
 9543   0.36614000E+00
 9544   0.29170000E+00
 9545   0.24918000E+00
 9546   0.20700000E+00
 9547   0.17705000E+00
 9548   0.15499000E+00
 9549   0.13914000E+00
 9550   0.12957000E+00
 9551   0.12977000E+01
 9552   0.57200200E+01
 9553   0.17106270E+02
 9554   0.21072160E+02
 9555   0.17263900E+02
 9556   0.12371800E+02
 9557   0.82889300E+01
 9558   0.57173900E+01
 9559   0.42990400E+01
 9560   0.33631800E+01
 9561   0.24531200E+01
 9562   0.20835400E+01
 9563   0.17589600E+01
 9564   0.12629000E+01
 9565   0.93391000E+00
 9566   0.63768000E+00
 9567   0.44639000E+00
 9568   0.33532000E+00
 9569   0.26573000E+00
 9570   0.48827800E+01
 9571   0.12407310E+02
 9572   0.11935420E+02
 9573   0.87413300E+01
 9574   0.56401000E+01
 9575   0.41234900E+01
 9576   0.33532900E+01
 9577   0.28499700E+01
 9578   0.30395600E+01
 9579   0.74277400E+01
 9580   0.34800950E+02
 9581   0.41595680E+02
 9582   0.65219310E+02
 9583   0.62441310E+02
 9584   0.44623640E+02
 9585   0.33170360E+02
 9586   0.24851550E+02
 9587   0.17385180E+02
 9588   0.12063820E+02
 9589   0.84008100E+01
 9590   0.57599900E+01
 9591   0.42992500E+01
 9592   0.30540100E+01
 9593   0.31207900E+01
 9594   0.84593300E+01
 9595   0.21546560E+02
 9596   0.26137080E+02
 9597   0.20910320E+02
 9598   0.15609010E+02
 9599   0.10739310E+02
 9600   0.75834300E+01
 9601   0.54704900E+01
 9602   0.37219600E+01
 9603   0.29437200E+01
 9604   0.24096300E+01
 9605   0.18965300E+01
 9606   0.14699000E+01
 9607   0.10073400E+01
 9608   0.74445000E+00
 9609   0.50165000E+00
 9610   0.37946000E+00
 9611   0.49671000E+00
 9612   0.63201000E+00
 9613   0.69876000E+00
 9614   0.71001000E+00
 9615   0.70585000E+00
 9616   0.69790000E+00
 9617   0.70315000E+00
 9618   0.67985000E+00
 9619   0.61468000E+00
 9620   0.79109000E+00
 9621   0.18388700E+01
 9622   0.24144400E+01
 9623   0.22143900E+01
 9624   0.18064100E+01
 9625   0.13099900E+01
 9626   0.10334800E+01
 9627   0.89245000E+00
 9628   0.68995000E+00
 9629   0.66440000E+00
 9630   0.88228000E+00
 9631   0.15636800E+01
 9632   0.15711700E+01
 9633   0.11390500E+01
 9634   0.93981000E+00
 9635   0.85177000E+00
 9636   0.14781200E+01
 9637   0.44788500E+01
 9638   0.42185400E+01
 9639   0.29861900E+01
 9640   0.22031900E+01
 9641   0.16556400E+01
 9642   0.11820000E+01
 9643   0.95282000E+00
 9644   0.81521000E+00
 9645   0.59452000E+00
 9646   0.65160000E+00
 9647   0.77226000E+00
 9648   0.79537000E+00
 9649   0.76230000E+00
 9650   0.68258000E+00
 9651   0.57045000E+00
 9652   0.44113000E+00
 9653   0.34738000E+00
 9654   0.70524000E+00
 9655   0.31827975E+03
 9656   0.21247225E+03
 9657   0.21320184E+03
 9658   0.50339922E+03
 9659   0.60436691E+03
 9660   0.36777409E+03
 9661   0.24612827E+03
 9662   0.16718696E+03
 9663   0.99801490E+02
 9664   0.59358200E+02
 9665   0.41070280E+02
 9666   0.54994650E+02
 9667   0.11727524E+03
 9668   0.11340234E+03
 9669   0.20243932E+03
 9670   0.35790502E+03
 9671   0.40116200E+03
 9672   0.54781849E+03
 9673   0.45376236E+03
 9674   0.36717775E+03
 9675   0.31478557E+03
 9676   0.33892562E+03
 9677   0.24626896E+03
 9678   0.14819887E+03
 9679   0.17031854E+03
 9680   0.24607902E+03
 9681   0.51392458E+03
 9682   0.36859101E+03
 9683   0.21772939E+03
 9684   0.11994448E+03
 9685   0.72358060E+02
 9686   0.44031640E+02
 9687   0.28002680E+02
 9688   0.18789680E+02
 9689   0.13284010E+02
 9690   0.10554710E+02
 9691   0.98910000E+01
 9692   0.97936800E+01
 9693   0.11739150E+02
 9694   0.19759760E+02
 9695   0.53933090E+02
 9696   0.10353065E+03
 9697   0.10156089E+03
 9698   0.16130455E+03
 9699   0.78377321E+03
 9700   0.10712803E+04
 9701   0.16278786E+04
 9702   0.78684780E+03
 9703   0.32074533E+03
 9704   0.17173664E+03
 9705   0.12224309E+03
 9706   0.90426080E+02
 9707   0.71506480E+02
 9708   0.50727820E+02
 9709   0.86254350E+02
 9710   0.87170940E+02
 9711   0.64425600E+02
 9712   0.68572050E+02
 9713   0.86760210E+02
 9714   0.12973467E+03
 9715   0.19521310E+03
 9716   0.30958008E+03
 9717   0.36242299E+03
 9718   0.31132465E+03
 9719   0.26524753E+03
 9720   0.18743318E+03
 9721   0.11895759E+03
 9722   0.77191950E+02
 9723   0.52620630E+02
 9724   0.36567680E+02
 9725   0.32105680E+02
 9726   0.16955533E+03
 9727   0.55809709E+03
 9728   0.59260228E+03
 9729   0.36414821E+03
 9730   0.25985858E+03
 9731   0.25210406E+03
 9732   0.31910470E+03
 9733   0.25805250E+03
 9734   0.17642558E+03
 9735   0.12959309E+03
 9736   0.99863500E+02
 9737   0.84460010E+02
 9738   0.10653724E+03
 9739   0.30177036E+03
 9740   0.58452480E+03
 9741   0.45771279E+03
 9742   0.61568968E+03
 9743   0.18264301E+04
 9744   0.42720126E+04
 9745   0.59520245E+04
 9746   0.20118598E+04
 9747   0.72062476E+03
 9748   0.28398659E+03
 9749   0.13909213E+03
 9750   0.91474810E+02
 9751   0.20757267E+03
 9752   0.34034830E+03
 9753   0.22710843E+03
 9754   0.13816378E+03
 9755   0.80195800E+02
 9756   0.46878340E+02
 9757   0.30158240E+02
 9758   0.21191720E+02
 9759   0.18757330E+02
 9760   0.41489810E+02
 9761   0.35959790E+02
 9762   0.26962100E+02
 9763   0.19181690E+02
 9764   0.12728860E+02
 9765   0.87642000E+01
 9766   0.53804000E+01
 9767   0.38459200E+01
 9768   0.84993400E+01
 9769   0.38990020E+02
 9770   0.62630630E+03
 9771   0.18145526E+04
 9772   0.11987872E+04
 9773   0.68405757E+03
 9774   0.28939546E+03
 9775   0.14070963E+03
 9776   0.73091270E+02
 9777   0.43401600E+02
 9778   0.27936460E+02
 9779   0.18792100E+02
 9780   0.13051080E+02
 9781   0.90804100E+01
 9782   0.27577500E+02
 9783   0.17460816E+03
 9784   0.17176613E+03
 9785   0.10359959E+03
 9786   0.65725840E+02
 9787   0.41810530E+02
 9788   0.27281450E+02
 9789   0.18826420E+02
 9790   0.13143470E+02
 9791   0.91204600E+01
 9792   0.59486100E+01
 9793   0.40304000E+01
 9794   0.28778900E+01
 9795   0.21678300E+01
 9796   0.16639700E+01
 9797   0.10762300E+01
 9798   0.73212000E+00
 9799   0.49684000E+00
 9800   0.34166000E+00
 9801   0.25653000E+00
 9802   0.20418000E+00
 9803   0.16894000E+00
 9804   0.14350000E+00
 9805   0.12427000E+00
 9806   0.10929000E+00
 9807   0.97340000E-01
 9808   0.87610000E-01
 9809   0.79530000E-01
 9810   0.20302000E+00
 9811   0.33066000E+00
 9812   0.14351500E+01
 9813   0.40298600E+01
 9814   0.12849900E+03
 9815   0.12638827E+04
 9816   0.53814114E+03
 9817   0.25583503E+03
 9818   0.13592163E+03
 9819   0.75460850E+02
 9820   0.44411360E+02
 9821   0.29145710E+02
 9822   0.24409450E+02
 9823   0.67817690E+02
 9824   0.77659562E+03
 9825   0.11878424E+04
 9826   0.70622814E+03
 9827   0.34168020E+03
 9828   0.17326485E+03
 9829   0.96954880E+02
 9830   0.56900470E+02
 9831   0.36580640E+02
 9832   0.28008850E+02
 9833   0.25537210E+02
 9834   0.47658340E+02
 9835   0.12249773E+03
 9836   0.14853207E+03
 9837   0.11847910E+03
 9838   0.77188700E+02
 9839   0.52079700E+02
 9840   0.35905020E+02
 9841   0.24930650E+02
 9842   0.17536400E+02
 9843   0.12702880E+02
 9844   0.94445200E+01
 9845   0.79519400E+01
 9846   0.85636700E+01
 9847   0.12834820E+02
 9848   0.18630500E+02
 9849   0.17534960E+02
 9850   0.14425690E+02
 9851   0.11108460E+02
 9852   0.88669300E+01
 9853   0.78854800E+01
 9854   0.19459170E+02
 9855   0.20666650E+02
 9856   0.15166530E+02
 9857   0.98875600E+01
 9858   0.54089600E+01
 9859   0.41465100E+01
 9860   0.33639400E+01
 9861   0.28191600E+01
 9862   0.23746000E+01
 9863   0.20853600E+01
 9864   0.16823600E+01
 9865   0.11769200E+01
 9866   0.86219000E+00
 9867   0.64562000E+00
 9868   0.52541000E+00
 9869   0.45671000E+00
 9870   0.39535000E+00
 9871   0.33781000E+00
 9872   0.28722000E+00
 9873   0.25120000E+00
 9874   0.22748000E+00
 9875   0.15563400E+01
 9876   0.89884100E+01
 9877   0.15064440E+02
 9878   0.16088400E+02
 9879   0.12978830E+02
 9880   0.10467050E+02
 9881   0.78679300E+01
 9882   0.57781000E+01
 9883   0.43661500E+01
 9884   0.34499800E+01
 9885   0.28355300E+01
 9886   0.23650700E+01
 9887   0.19779000E+01
 9888   0.16474200E+01
 9889   0.11193800E+01
 9890   0.81767000E+00
 9891   0.62614000E+00
 9892   0.47034000E+00
 9893   0.36165000E+00
 9894   0.30508000E+00
 9895   0.60901500E+01
 9896   0.10041900E+02
 9897   0.25267250E+02
 9898   0.22289030E+02
 9899   0.17252990E+02
 9900   0.39256080E+02
 9901   0.62084560E+02
 9902   0.60180320E+02
 9903   0.61275010E+02
 9904   0.58751280E+02
 9905   0.52000460E+02
 9906   0.41172000E+02
 9907   0.33905240E+02
 9908   0.42839380E+02
 9909   0.68961320E+02
 9910   0.54081410E+02
 9911   0.46134110E+02
 9912   0.48475170E+02
 9913   0.71111420E+02
 9914   0.61375670E+02
 9915   0.53321530E+02
 9916   0.50390580E+02
 9917   0.49510960E+02
 9918   0.42981440E+02
 9919   0.36483710E+02
 9920   0.26785740E+02
 9921   0.19828170E+02
 9922   0.14705780E+02
 9923   0.10815560E+02
 9924   0.76081700E+01
 9925   0.53521200E+01
 9926   0.39885800E+01
 9927   0.31225300E+01
 9928   0.26661500E+01
 9929   0.23502800E+01
 9930   0.55468500E+01
 9931   0.13479840E+02
 9932   0.13042310E+02
 9933   0.98495600E+01
 9934   0.82613500E+01
 9935   0.15753430E+02
 9936   0.16940460E+02
 9937   0.12577500E+02
 9938   0.83279100E+01
 9939   0.90758800E+01
 9940   0.99785000E+01
 9941   0.77020900E+01
 9942   0.49572100E+01
 9943   0.36427100E+01
 9944   0.29015000E+01
 9945   0.23626200E+01
 9946   0.19209200E+01
 9947   0.15643900E+01
 9948   0.11285300E+01
 9949   0.77335000E+00
 9950   0.56544000E+00
 9951   0.41498000E+00
 9952   0.31687000E+00
 9953   0.25861000E+00
 9954   0.20885000E+00
 9955   0.19858000E+00
 9956   0.49442000E+00
 9957   0.72754000E+00
 9958   0.82240000E+00
 9959   0.94427000E+00
 9960   0.11398700E+01
 9961   0.10620100E+01
 9962   0.93707000E+00
 9963   0.79338000E+00
 9964   0.66162000E+00
 9965   0.52621000E+00
 9966   0.12602960E+02
 9967   0.27423712E+03
 9968   0.31087850E+03
 9969   0.19786585E+03
 9970   0.11197132E+03
 9971   0.62133750E+02
 9972   0.40758720E+02
 9973   0.40768930E+02
 9974   0.30656720E+02
 9975   0.20272560E+02
 9976   0.13781910E+02
 9977   0.10178160E+02
 9978   0.97502200E+01
 9979   0.10501650E+02
 9980   0.10159830E+02
 9981   0.77396700E+01
 9982   0.93385700E+01
 9983   0.11239110E+02
 9984   0.98521800E+01
 9985   0.82617300E+01
 9986   0.76414800E+01
 9987   0.25189520E+02
 9988   0.35101820E+02
 9989   0.37746970E+02
 9990   0.33368220E+02
 9991   0.30038730E+02
 9992   0.25182510E+02
 9993   0.19980020E+02
 9994   0.15936680E+02
 9995   0.12269570E+02
 9996   0.91533600E+01
 9997   0.84118000E+01
 9998   0.93372700E+01
 9999   0.70023500E+01
10000   0.46398700E+01
10001   0.34028200E+01
10002   0.23336700E+01
10003   0.18823700E+01
10004   0.17922100E+01
10005   0.63415700E+01
10006   0.13788330E+02
10007   0.11816960E+02
10008   0.70700500E+01
10009   0.68557900E+01
10010   0.67168300E+01
10011   0.21037390E+02
10012   0.37135370E+02
10013   0.29841760E+02
10014   0.21728840E+02
10015   0.15640230E+02
10016   0.11215670E+02
10017   0.77369300E+01
10018   0.52384200E+01
10019   0.67573100E+01
10020   0.82527000E+01
10021   0.60287500E+01
10022   0.34853700E+01
10023   0.26910600E+01
10024   0.21681100E+01
10025   0.17479100E+01
10026   0.13440600E+01
10027   0.13973100E+01
10028   0.32675700E+01
10029   0.11867361E+03
10030   0.15122742E+03
10031   0.32286390E+03
10032   0.25420959E+03
10033   0.19552252E+03
10034   0.13028977E+03
10035   0.51387732E+03
10036   0.67358423E+03
10037   0.27900507E+03
10038   0.64609797E+03
10039   0.36597653E+03
10040   0.21631448E+03
10041   0.12521325E+03
10042   0.74360170E+02
10043   0.41837820E+02
10044   0.26395450E+02
10045   0.17770010E+02
10046   0.12188910E+02
10047   0.81930400E+01
10048   0.53829800E+01
10049   0.38245200E+01
10050   0.28137000E+01
10051   0.21860700E+01
10052   0.16721300E+01
10053   0.52967800E+01
10054   0.21862910E+02
10055   0.32263230E+02
10056   0.17938937E+03
10057   0.33595483E+03
10058   0.40305791E+03
10059   0.42509486E+03
10060   0.36956903E+03
10061   0.34094779E+03
10062   0.32304904E+03
10063   0.31256659E+03
10064   0.43859332E+03
10065   0.52377219E+03
10066   0.53240109E+03
10067   0.55166513E+03
10068   0.73545354E+03
10069   0.17717824E+04
10070   0.96924924E+03
10071   0.39099597E+03
10072   0.18885610E+03
10073   0.17193380E+03
10074   0.87505595E+03
10075   0.33708766E+04
10076   0.45092457E+04
10077   0.24200067E+04
10078   0.76061355E+03
10079   0.30318988E+03
10080   0.15554845E+03
10081   0.12693492E+03
10082   0.26184274E+03
10083   0.25796719E+03
10084   0.18127856E+03
10085   0.11684996E+03
10086   0.88583150E+02
10087   0.77161080E+02
10088   0.58842900E+02
10089   0.42098330E+02
10090   0.37646500E+02
10091   0.40764540E+02
10092   0.40208940E+02
10093   0.38924690E+02
10094   0.44309000E+02
10095   0.65344440E+02
10096   0.92377960E+02
10097   0.12804798E+03
10098   0.14672137E+03
10099   0.10411416E+03
10100   0.69630320E+02
10101   0.62811540E+02
10102   0.13902844E+03
10103   0.45946153E+03
10104   0.86397941E+03
10105   0.11077760E+04
10106   0.90972533E+03
10107   0.56878284E+03
10108   0.38288700E+03
10109   0.72721699E+03
10110   0.94913178E+04
10111   0.29718838E+04
10112   0.12855621E+04
10113   0.24656552E+04
10114   0.35070369E+04
10115   0.17574099E+04
10116   0.14037986E+04
10117   0.23611426E+04
10118   0.77770947E+04
10119   0.72053220E+04
10120   0.40354185E+04
10121   0.14128880E+04
10122   0.50754378E+03
10123   0.23639741E+03
10124   0.13158286E+03
10125   0.73538060E+02
10126   0.46189410E+02
10127   0.27710876E+03
10128   0.54560929E+04
10129   0.18954637E+04
10130   0.12922169E+04
10131   0.29312564E+04
10132   0.18114612E+04
10133   0.13733951E+04
10134   0.10627159E+04
10135   0.84100814E+03
10136   0.45063224E+03
10137   0.23045712E+03
10138   0.13286706E+03
10139   0.35680941E+03
10140   0.56232281E+03
10141   0.54503239E+03
10142   0.41611464E+03
10143   0.23369040E+03
10144   0.25133004E+03
10145   0.77626095E+03
10146   0.27500941E+04
10147   0.14003288E+04
10148   0.70341234E+03
10149   0.50786587E+03
10150   0.33038084E+03
10151   0.22620782E+03
10152   0.49103744E+04
10153   0.27544479E+04
10154   0.75998416E+03
10155   0.29986338E+03
10156   0.14726336E+03
10157   0.57593636E+03
10158   0.30770950E+04
10159   0.95550964E+03
10160   0.45627467E+03
10161   0.11460729E+04
10162   0.61686504E+03
10163   0.29166113E+03
10164   0.14970496E+03
10165   0.83109180E+02
10166   0.48842210E+02
10167   0.31401660E+02
10168   0.31333120E+02
10169   0.85808210E+02
10170   0.95840957E+03
10171   0.14569941E+04
10172   0.90361955E+03
10173   0.36830976E+03
10174   0.18156515E+03
10175   0.10704568E+03
10176   0.63424470E+02
10177   0.39732600E+02
10178   0.26457070E+02
10179   0.19231040E+02
10180   0.37948530E+02
10181   0.13902035E+04
10182   0.11797665E+04
10183   0.45039883E+03
10184   0.24997754E+03
10185   0.14977259E+03
10186   0.81873190E+02
10187   0.49041670E+02
10188   0.31217690E+02
10189   0.21050570E+02
10190   0.14838520E+02
10191   0.10630190E+02
10192   0.72424900E+01
10193   0.49650200E+01
10194   0.35315500E+01
10195   0.26158000E+01
10196   0.18806300E+01
10197   0.14459100E+01
10198   0.96559000E+00
10199   0.72901000E+00
10200   0.87438000E+00
10201   0.15091200E+01
10202   0.37543200E+01
10203   0.12811900E+02
10204   0.14791380E+02
10205   0.12399550E+02
10206   0.95189800E+01
10207   0.62754700E+01
10208   0.42634200E+01
10209   0.30408200E+01
10210   0.23176200E+01
10211   0.18547600E+01
10212   0.14257700E+01
10213   0.10413400E+01
10214   0.73675000E+00
10215   0.63160000E+00
10216   0.54066000E+00
10217   0.65100000E+00
10218   0.80279000E+00
10219   0.85031000E+00
10220   0.94293000E+00
10221   0.15667900E+01
10222   0.22805200E+01
10223   0.27289600E+01
10224   0.24872300E+01
10225   0.20937700E+01
10226   0.17273700E+01
10227   0.12642700E+01
10228   0.95437000E+00
10229   0.72442000E+00
10230   0.56061000E+00
10231   0.45577000E+00
10232   0.34557000E+00
10233   0.49666000E+00
10234   0.98982000E+00
10235   0.15906300E+01
10236   0.20928900E+01
10237   0.21040500E+01
10238   0.20411200E+01
10239   0.17643500E+01
10240   0.15013200E+01
10241   0.12299100E+01
10242   0.98039000E+00
10243   0.74375000E+00
10244   0.52798000E+00
10245   0.36322000E+00
10246   0.26494000E+00
10247   0.20734000E+00
10248   0.17002000E+00
10249   0.14483000E+00
10250   0.12765000E+00
10251   0.11602000E+00
10252   0.10827000E+00
10253   0.10518000E+00
10254   0.98480000E-01
10255   0.93380000E-01
10256   0.95100000E-01
10257   0.18240000E+00
10258   0.36468000E+00
10259   0.40757000E+00
10260   0.36651000E+00
10261   0.31140000E+00
10262   0.26185000E+00
10263   0.22100000E+00
10264   0.18803000E+00
10265   0.16141000E+00
10266   0.15574000E+00
10267   0.95332000E+00
10268   0.13861200E+01
10269   0.29569300E+01
10270   0.13086930E+02
10271   0.32545380E+02
10272   0.31916320E+02
10273   0.23842030E+02
10274   0.17062840E+02
10275   0.12919750E+02
10276   0.11146080E+02
10277   0.98624900E+01
10278   0.85947200E+01
10279   0.10399760E+02
10280   0.10587150E+02
10281   0.79731600E+01
10282   0.54137900E+01
10283   0.50472000E+01
10284   0.16985340E+02
10285   0.59134950E+02
10286   0.68076920E+02
10287   0.47040530E+02
10288   0.36782920E+02
10289   0.36565430E+02
10290   0.60748870E+02
10291   0.10725762E+03
10292   0.79161270E+02
10293   0.65811420E+02
10294   0.71540050E+02
10295   0.70495580E+02
10296   0.60573250E+02
10297   0.47023460E+02
10298   0.33928020E+02
10299   0.20521540E+02
10300   0.13570260E+02
10301   0.95579100E+01
10302   0.12758120E+02
10303   0.18782370E+02
10304   0.21499310E+02
10305   0.18663520E+02
10306   0.16136360E+02
10307   0.13232360E+02
10308   0.17883390E+02
10309   0.22717520E+02
10310   0.25482220E+02
10311   0.38829360E+02
10312   0.34421540E+02
10313   0.28538960E+02
10314   0.22792130E+02
10315   0.16780570E+02
10316   0.13979570E+02
10317   0.20414560E+02
10318   0.78127600E+02
10319   0.67221350E+02
10320   0.58247250E+02
10321   0.53683770E+02
10322   0.43445840E+02
10323   0.29672680E+02
10324   0.19596710E+02
10325   0.13655010E+02
10326   0.14745080E+02
10327   0.39902790E+02
10328   0.11480388E+03
10329   0.12632368E+03
10330   0.13587079E+03
10331   0.13518621E+03
10332   0.10705859E+03
10333   0.10640172E+03
10334   0.86861520E+02
10335   0.98891720E+02
10336   0.99620780E+02
10337   0.80421480E+02
10338   0.61145040E+02
10339   0.44452460E+02
10340   0.28097910E+02
10341   0.18285020E+02
10342   0.12809820E+02
10343   0.90317300E+01
10344   0.61308400E+01
10345   0.44319700E+01
10346   0.34424900E+01
10347   0.27800500E+01
10348   0.23413900E+01
10349   0.19282500E+01
10350   0.13778600E+01
10351   0.10050600E+01
10352   0.71394000E+00
10353   0.50007000E+00
10354   0.37512000E+00
10355   0.29663000E+00
10356   0.24301000E+00
10357   0.20655000E+00
10358   0.17529000E+00
10359   0.15163000E+00
10360   0.13492000E+00
10361   0.96007000E+00
10362   0.11638090E+02
10363   0.11739770E+02
10364   0.75013600E+01
10365   0.44272700E+01
10366   0.31314500E+01
10367   0.24758700E+01
10368   0.20450300E+01
10369   0.17129500E+01
10370   0.14101000E+01
10371   0.12443400E+01
10372   0.32015300E+01
10373   0.47867100E+01
10374   0.35905800E+01
10375   0.32567400E+01
10376   0.27917689E+03
10377   0.16947205E+03
10378   0.98782320E+02
10379   0.67520010E+02
10380   0.47158220E+02
10381   0.29927970E+02
10382   0.20842920E+02
10383   0.15797770E+02
10384   0.14302800E+02
10385   0.16603530E+02
10386   0.13663000E+02
10387   0.17137050E+02
10388   0.68118663E+03
10389   0.83643903E+03
10390   0.52418262E+03
10391   0.30953919E+03
10392   0.18175329E+03
10393   0.14243496E+03
10394   0.97513170E+02
10395   0.77212250E+02
10396   0.64815080E+02
10397   0.17061636E+03
10398   0.15519645E+03
10399   0.95715550E+02
10400   0.56129310E+02
10401   0.56318410E+02
10402   0.69792610E+02
10403   0.43269210E+02
10404   0.28188710E+02
10405   0.18784210E+02
10406   0.12388380E+02
10407   0.87456300E+01
10408   0.62717300E+01
10409   0.46053100E+01
10410   0.34943200E+01
10411   0.27541100E+01
10412   0.20145100E+01
10413   0.16317700E+01
10414   0.15785800E+01
10415   0.22314600E+01
10416   0.34362400E+01
10417   0.32153700E+01
10418   0.31384300E+01
10419   0.10741402E+03
10420   0.16861532E+03
10421   0.22896320E+03
10422   0.17437535E+03
10423   0.13454096E+03
10424   0.10987035E+03
10425   0.87532070E+02
10426   0.60751000E+02
10427   0.39557300E+02
10428   0.26668190E+02
10429   0.19193420E+02
10430   0.17280830E+02
10431   0.38191100E+02
10432   0.53625200E+02
10433   0.79523280E+02
10434   0.69218940E+02
10435   0.47866830E+02
10436   0.34873680E+02
10437   0.71223620E+02
10438   0.81670960E+02
10439   0.55369080E+02
10440   0.49190160E+02
10441   0.60474900E+02
10442   0.79697410E+02
10443   0.74598720E+02
10444   0.69051330E+02
10445   0.15445461E+03
10446   0.47240966E+03
10447   0.52651737E+03
10448   0.51337454E+03
10449   0.54243240E+03
10450   0.49270295E+03
10451   0.34897643E+03
10452   0.34174855E+03
10453   0.38374129E+03
10454   0.44011137E+03
10455   0.41913589E+03
10456   0.32729799E+03
10457   0.29635030E+03
10458   0.27587275E+03
10459   0.33822224E+03
10460   0.61082021E+03
10461   0.96669884E+03
10462   0.15986021E+04
10463   0.11287068E+04
10464   0.17293024E+04
10465   0.31474476E+04
10466   0.19445208E+04
10467   0.16964106E+04
10468   0.24139632E+04
10469   0.25766491E+04
10470   0.21901956E+04
10471   0.24866878E+04
10472   0.95506786E+03
10473   0.35591648E+03
10474   0.16832782E+03
10475   0.92062660E+02
10476   0.53978880E+02
10477   0.34114930E+02
10478   0.22855830E+02
10479   0.15872940E+02
10480   0.11214910E+02
10481   0.76421900E+01
10482   0.50364600E+01
10483   0.33439700E+01
10484   0.25211700E+01
10485   0.19200500E+01
10486   0.52019900E+01
10487   0.19732540E+02
10488   0.60093749E+03
10489   0.67024632E+03
10490   0.46627217E+03
10491   0.35546798E+03
10492   0.60538967E+03
10493   0.19350098E+04
10494   0.35296123E+04
10495   0.18578016E+04
10496   0.13101705E+04
10497   0.13271084E+04
10498   0.81650216E+03
10499   0.32937992E+03
10500   0.15862368E+03
10501   0.16725720E+03
10502   0.21786882E+04
10503   0.20516316E+04
10504   0.14186402E+04
10505   0.29804550E+04
10506   0.26396258E+04
10507   0.79538643E+03
10508   0.30829116E+03
10509   0.14889785E+03
10510   0.80886640E+02
10511   0.46864150E+02
10512   0.29255440E+02
10513   0.19281720E+02
10514   0.12517080E+02
10515   0.14326700E+02
10516   0.31316530E+02
10517   0.16836797E+03
10518   0.12623792E+03
10519   0.72291480E+02
10520   0.45007150E+02
10521   0.35298135E+04
10522   0.50583929E+04
10523   0.15857945E+04
10524   0.54236356E+03
10525   0.23249128E+03
10526   0.12045672E+03
10527   0.67371340E+02
10528   0.40728890E+02
10529   0.31238000E+02
10530   0.13200429E+03
10531   0.96542194E+03
10532   0.13870813E+04
10533   0.14868744E+04
10534   0.14976925E+04
10535   0.51846220E+04
10536   0.21557542E+04
10537   0.69522035E+03
10538   0.31358362E+03
10539   0.16876511E+03
10540   0.97340950E+02
10541   0.58522200E+02
10542   0.37548030E+02
10543   0.26273420E+02
10544   0.20004830E+02
10545   0.15639570E+02
10546   0.21248110E+02
10547   0.29809510E+02
10548   0.41857880E+02
10549   0.54898100E+02
10550   0.74258110E+02
10551   0.60489360E+02
10552   0.40555540E+02
10553   0.34948590E+02
10554   0.15851941E+03
10555   0.21391534E+03
10556   0.11677964E+03
10557   0.66500340E+02
10558   0.40818130E+02
10559   0.26809870E+02
10560   0.18398910E+02
10561   0.13052370E+02
10562   0.92851900E+01
10563   0.62610400E+01
10564   0.42989700E+01
10565   0.28983900E+01
10566   0.22452300E+01
10567   0.17366300E+01
10568   0.12961600E+01
10569   0.98109000E+00
10570   0.73230000E+00
10571   0.52387000E+00
10572   0.36170000E+00
10573   0.27101000E+00
10574   0.21617000E+00
10575   0.17933000E+00
10576   0.15265000E+00
10577   0.23953000E+00
10578   0.72891300E+01
10579   0.32281290E+02
10580   0.87434250E+02
10581   0.88384930E+02
10582   0.58325240E+02
10583   0.37904290E+02
10584   0.25602280E+02
10585   0.17814210E+02
10586   0.11914530E+02
10587   0.80509200E+01
10588   0.54345600E+01
10589   0.38468200E+01
10590   0.28705500E+01
10591   0.22338500E+01
10592   0.17797000E+01
10593   0.13031300E+01
10594   0.92153000E+00
10595   0.65333000E+00
10596   0.43334000E+00
10597   0.30878000E+00
10598   0.23837000E+00
10599   0.19354000E+00
10600   0.16237000E+00
10601   0.13933000E+00
10602   0.12155000E+00
10603   0.10737000E+00
10604   0.95790000E-01
10605   0.86150000E-01
10606   0.78000000E-01
10607   0.71040000E-01
10608   0.65020000E-01
10609   0.59770000E-01
10610   0.55140000E-01
10611   0.51100000E-01
10612   0.47730000E-01
10613   0.45320000E-01
10614   0.41970000E-01
10615   0.72400000E-01
10616   0.58384000E+00
10617   0.78611000E+00
10618   0.88780000E+00
10619   0.96869000E+00
10620   0.92830000E+00
10621   0.85858000E+00
10622   0.75037000E+00
10623   0.63118000E+00
10624   0.50732000E+00
10625   0.41742000E+00
10626   0.34644000E+00
10627   0.28909000E+00
10628   0.24355000E+00
10629   0.20751000E+00
10630   0.17523000E+00
10631   0.27936100E+01
10632   0.58368400E+01
10633   0.91369700E+01
10634   0.94573500E+01
10635   0.88683600E+01
10636   0.77315500E+01
10637   0.54397300E+01
10638   0.42101400E+01
10639   0.33993500E+01
10640   0.28026900E+01
10641   0.23979100E+01
10642   0.20097700E+01
10643   0.16916900E+01
10644   0.13540800E+01
10645   0.10578300E+01
10646   0.83947000E+00
10647   0.63889000E+00
10648   0.45545000E+00
10649   0.34126000E+00
10650   0.27105000E+00
10651   0.22352000E+00
10652   0.18901000E+00
10653   0.16274000E+00
10654   0.14205000E+00
10655   0.12533000E+00
10656   0.11157000E+00
10657   0.10006000E+00
10658   0.90310000E-01
10659   0.81960000E-01
10660   0.74740000E-01
10661   0.68460000E-01
10662   0.62950000E-01
10663   0.58080000E-01
10664   0.53770000E-01
10665   0.49920000E-01
10666   0.46470000E-01
10667   0.43370000E-01
10668   0.40570000E-01
10669   0.38040000E-01
10670   0.35740000E-01
10671   0.33640000E-01
10672   0.31720000E-01
10673   0.34560270E+02
10674   0.34821320E+02
10675   0.25569200E+02
10676   0.17545060E+02
10677   0.11029390E+02
10678   0.56597700E+01
10679   0.42029100E+01
10680   0.34544700E+01
10681   0.28555600E+01
10682   0.24947800E+01
10683   0.29375100E+01
10684   0.38475400E+01
10685   0.36072000E+01
10686   0.10958410E+02
10687   0.10344082E+03
10688   0.17652006E+03
10689   0.94562760E+02
10690   0.53195930E+02
10691   0.32891280E+02
10692   0.21739840E+02
10693   0.15098410E+02
10694   0.10650510E+02
10695   0.73490700E+01
10696   0.50901400E+01
10697   0.38709800E+01
10698   0.32617300E+01
10699   0.25398700E+01
10700   0.22434300E+01
10701   0.19321200E+01
10702   0.17209000E+01
10703   0.16018900E+01
10704   0.16029300E+01
10705   0.14012690E+02
10706   0.17410530E+02
10707   0.15296940E+02
10708   0.14864750E+02
10709   0.10059560E+02
10710   0.67997800E+01
10711   0.65700000E+01
10712   0.77893800E+01
10713   0.74830500E+01
10714   0.53153600E+01
10715   0.35090200E+01
10716   0.25287800E+01
10717   0.18765100E+01
10718   0.13415200E+01
10719   0.10237600E+01
10720   0.81717000E+00
10721   0.63973000E+00
10722   0.51192000E+00
10723   0.38939000E+00
10724   0.28863000E+00
10725   0.22300000E+00
10726   0.17764000E+00
10727   0.14716000E+00
10728   0.12518000E+00
10729   0.10857000E+00
10730   0.92810000E-01
10731   0.95770000E-01
10732   0.81950000E-01
10733   0.98250000E-01
10734   0.43903000E+00
10735   0.85934000E+00
10736   0.94531000E+00
10737   0.88244000E+00
10738   0.75367000E+00
10739   0.59971000E+00
10740   0.64568000E+00
10741   0.85787000E+00
10742   0.82087000E+00
10743   0.17982900E+01
10744   0.63885100E+01
10745   0.17079670E+02
10746   0.16868380E+02
10747   0.12398180E+02
10748   0.78806900E+01
10749   0.50481500E+01
10750   0.50363800E+01
10751   0.14176570E+02
10752   0.24560790E+02
10753   0.37250630E+02
10754   0.46152950E+02
10755   0.59889350E+02
10756   0.75992630E+02
10757   0.73929880E+02
10758   0.53217200E+02
10759   0.35765250E+02
10760   0.30751470E+02
10761   0.18526466E+03
10762   0.15165324E+03
10763   0.41750963E+03
10764   0.26860724E+03
10765   0.20322160E+03
10766   0.23899068E+03
10767   0.19660037E+03
10768   0.15643053E+03
10769   0.12917540E+03
10770   0.15178251E+03
10771   0.11730663E+03
10772   0.87328300E+02
10773   0.62457400E+02
10774   0.42554390E+02
10775   0.38267400E+02
10776   0.94114320E+02
10777   0.12880395E+03
10778   0.77403841E+03
10779   0.14136039E+04
10780   0.63653472E+03
10781   0.33215778E+03
10782   0.12342579E+04
10783   0.31927802E+04
10784   0.16073705E+04
10785   0.70365319E+03
10786   0.45485430E+03
10787   0.26930104E+03
10788   0.15069973E+03
10789   0.88508020E+02
10790   0.52276440E+02
10791   0.30565120E+02
10792   0.20023620E+02
10793   0.18084530E+02
10794   0.27666730E+02
10795   0.70266770E+02
10796   0.18096150E+03
10797   0.30060917E+03
10798   0.47996738E+03
10799   0.47634749E+03
10800   0.49838184E+03
10801   0.56497380E+03
10802   0.66176600E+03
10803   0.72817120E+03
10804   0.86994456E+03
10805   0.80537740E+03
10806   0.62650177E+03
10807   0.48769487E+03
10808   0.38099612E+03
10809   0.26837429E+03
10810   0.18054770E+03
10811   0.12941721E+03
10812   0.10010180E+03
10813   0.79055270E+02
10814   0.75369290E+02
10815   0.30376038E+03
10816   0.55487119E+04
10817   0.69827996E+04
10818   0.59736445E+04
10819   0.77699718E+04
10820   0.52439816E+04
10821   0.25717583E+04
10822   0.12353181E+04
10823   0.71255028E+03
10824   0.86045211E+03
10825   0.77594681E+03
10826   0.68907944E+03
10827   0.53274932E+03
10828   0.43397104E+03
10829   0.37655027E+03
10830   0.29835919E+03
10831   0.30422297E+03
10832   0.10152397E+04
10833   0.31770328E+04
10834   0.16102649E+04
10835   0.54047933E+03
10836   0.24001529E+03
10837   0.22756272E+03
10838   0.31481601E+03
10839   0.42946617E+03
10840   0.46592649E+03
10841   0.42497091E+03
10842   0.38140027E+03
10843   0.34314411E+03
10844   0.34133830E+03
10845   0.24889761E+03
10846   0.22575999E+03
10847   0.23897815E+03
10848   0.29058628E+03
10849   0.37073117E+03
10850   0.39140812E+03
10851   0.28397281E+03
10852   0.21321769E+03
10853   0.18494232E+03
10854   0.19489135E+03
10855   0.22790181E+03
10856   0.23542136E+03
10857   0.17096459E+03
10858   0.10610260E+03
10859   0.65651760E+02
10860   0.46230680E+02
10861   0.43506130E+02
10862   0.40845220E+02
10863   0.35630550E+02
10864   0.56665220E+02
10865   0.20933471E+03
10866   0.20033755E+03
10867   0.46999558E+03
10868   0.13357676E+04
10869   0.93592410E+03
10870   0.67514597E+03
10871   0.36657754E+03
10872   0.18371001E+03
10873   0.10203343E+03
10874   0.82578170E+02
10875   0.45781074E+03
10876   0.10227651E+04
10877   0.45356715E+03
10878   0.21241946E+03
10879   0.13882430E+03
10880   0.14233516E+03
10881   0.55584776E+03
10882   0.44574393E+03
10883   0.19053332E+03
10884   0.92314280E+02
10885   0.51242010E+02
10886   0.31544080E+02
10887   0.20909590E+02
10888   0.14889840E+02
10889   0.30562940E+02
10890   0.16378254E+03
10891   0.13522444E+03
10892   0.75568280E+02
10893   0.44042300E+02
10894   0.27601060E+02
10895   0.18304440E+02
10896   0.12902110E+02
10897   0.90260000E+01
10898   0.59929700E+01
10899   0.40845100E+01
10900   0.29536600E+01
10901   0.22266900E+01
10902   0.17358500E+01
10903   0.12420800E+01
10904   0.81535000E+00
10905   0.53382000E+00
10906   0.37109000E+00
10907   0.50725000E+00
10908   0.73628000E+00
10909   0.94083000E+00
10910   0.10374700E+01
10911   0.11124600E+01
10912   0.10502400E+01
10913   0.10258500E+01
10914   0.10441500E+01
10915   0.13148100E+01
10916   0.15352900E+01
10917   0.15381200E+01
10918   0.14943000E+01
10919   0.13632100E+01
10920   0.12013600E+01
10921   0.98802000E+00
10922   0.74988000E+00
10923   0.53844000E+00
10924   0.36425000E+00
10925   0.26577000E+00
10926   0.20705000E+00
10927   0.16833000E+00
10928   0.14086000E+00
10929   0.12034000E+00
10930   0.10442000E+00
10931   0.91730000E-01
10932   0.82360000E-01
10933   0.73190000E-01
10934   0.65740000E-01
10935   0.58910000E-01
10936   0.56540000E-01
10937   0.58570000E-01
10938   0.11391000E+00
10939   0.51337000E+00
10940   0.73956000E+00
10941   0.13677400E+01
10942   0.18949900E+01
10943   0.27309000E+01
10944   0.29221600E+01
10945   0.25262300E+01
10946   0.25155300E+01
10947   0.99581900E+01
10948   0.13251966E+03
10949   0.47160704E+03
10950   0.51856924E+03
10951   0.37540242E+03
10952   0.21525038E+03
10953   0.12427383E+03
10954   0.72343780E+02
10955   0.42607780E+02
10956   0.26359730E+02
10957   0.17106480E+02
