    1   0.00000000E+00
    2   0.00000000E+00
    3   0.00000000E+00
    4   0.00000000E+00
    5   0.00000000E+00
    6   0.00000000E+00
    7   0.00000000E+00
    8   0.00000000E+00
    9   0.00000000E+00
   10   0.00000000E+00
   11   0.00000000E+00
   12   0.00000000E+00
   13   0.00000000E+00
   14   0.00000000E+00
   15   0.00000000E+00
   16   0.00000000E+00
   17   0.00000000E+00
   18   0.00000000E+00
   19   0.00000000E+00
   20   0.00000000E+00
   21   0.00000000E+00
   22   0.00000000E+00
   23   0.78480000E-01
   24   0.14470000E-01
   25   0.91370000E-01
   26   0.13908000E+00
   27   0.53145900E+01
   28   0.11020080E+02
   29   0.37079060E+02
   30   0.38483380E+02
   31   0.26707940E+02
   32   0.17659040E+02
   33   0.11623760E+02
   34   0.73550400E+01
   35   0.50088100E+01
   36   0.34947800E+01
   37   0.22370500E+01
   38   0.16423100E+01
   39   0.12522800E+01
   40   0.97082000E+00
   41   0.77148000E+00
   42   0.62256000E+00
   43   0.48525000E+00
   44   0.38118000E+00
   45   0.26486000E+00
   46   0.18493000E+00
   47   0.12851000E+00
   48   0.94380000E-01
   49   0.72380000E-01
   50   0.57350000E-01
   51   0.46610000E-01
   52   0.38650000E-01
   53   0.32600000E-01
   54   0.27870000E-01
   55   0.24110000E-01
   56   0.21070000E-01
   57   0.18570000E-01
   58   0.16500000E-01
   59   0.14750000E-01
   60   0.13270000E-01
   61   0.12000000E-01
   62   0.10910000E-01
   63   0.99500000E-02
   64   0.91200000E-02
   65   0.83900000E-02
   66   0.12913800E+01
   67   0.17951700E+01
   68   0.35434200E+01
   69   0.51307900E+01
   70   0.49943100E+01
   71   0.40349200E+01
   72   0.29591500E+01
   73   0.21545800E+01
   74   0.20673700E+01
   75   0.10891600E+01
   76   0.10510100E+01
   77   0.89920000E+00
   78   0.77395000E+00
   79   0.67157000E+00
   80   0.57710000E+00
   81   0.49241000E+00
   82   0.40456000E+00
   83   0.36451000E+00
   84   0.15125500E+01
   85   0.14460600E+01
   86   0.20427900E+01
   87   0.27723800E+01
   88   0.37740400E+01
   89   0.28707600E+01
   90   0.27417700E+01
   91   0.27093900E+01
   92   0.43217700E+01
   93   0.43506000E+01
   94   0.54998700E+01
   95   0.62041800E+01
   96   0.46116800E+01
   97   0.39558100E+01
   98   0.34542700E+01
   99   0.31706700E+01
  100   0.29038000E+01
  101   0.24421100E+01
  102   0.19816900E+01
  103   0.79071700E+01
  104   0.14548530E+02
  105   0.44057670E+02
  106   0.39431260E+02
  107   0.25949440E+02
  108   0.16640560E+02
  109   0.10748860E+02
  110   0.72492700E+01
  111   0.53806400E+01
  112   0.44774600E+01
  113   0.15975970E+02
  114   0.55679050E+02
  115   0.72720220E+02
  116   0.48069860E+02
  117   0.30519240E+02
  118   0.20122570E+02
  119   0.13866740E+02
  120   0.98704900E+01
  121   0.71873200E+01
  122   0.12660880E+02
  123   0.72126050E+02
  124   0.18116794E+03
  125   0.11314892E+03
  126   0.59289870E+02
  127   0.32532470E+02
  128   0.45038120E+02
  129   0.82958450E+02
  130   0.90089090E+02
  131   0.82245510E+02
  132   0.68493000E+02
  133   0.49041970E+02
  134   0.37848950E+02
  135   0.36392840E+02
  136   0.34513720E+02
  137   0.24545610E+02
  138   0.16809410E+02
  139   0.11462090E+02
  140   0.82972800E+01
  141   0.78113100E+01
  142   0.14343010E+02
  143   0.70079670E+02
  144   0.12645635E+03
  145   0.99963490E+02
  146   0.80113480E+02
  147   0.65777780E+02
  148   0.50664350E+02
  149   0.58722780E+02
  150   0.12996235E+03
  151   0.13716843E+03
  152   0.11407780E+03
  153   0.11303439E+03
  154   0.81360300E+02
  155   0.49287030E+02
  156   0.31182100E+02
  157   0.31843800E+02
  158   0.94137960E+02
  159   0.18905877E+03
  160   0.18290649E+03
  161   0.14252622E+03
  162   0.89608640E+02
  163   0.53065080E+02
  164   0.31930100E+02
  165   0.19917000E+02
  166   0.12516300E+02
  167   0.85653900E+01
  168   0.52692100E+01
  169   0.39209200E+01
  170   0.53723500E+01
  171   0.12383750E+02
  172   0.31868980E+02
  173   0.37318150E+02
  174   0.30421500E+02
  175   0.24215700E+02
  176   0.20278160E+02
  177   0.18585590E+02
  178   0.18261560E+02
  179   0.19785290E+02
  180   0.23247980E+02
  181   0.29325740E+02
  182   0.46352890E+02
  183   0.75697660E+02
  184   0.91226190E+02
  185   0.88860870E+02
  186   0.84194870E+02
  187   0.90005590E+02
  188   0.87181640E+02
  189   0.71420660E+02
  190   0.49608040E+02
  191   0.32671640E+02
  192   0.21883330E+02
  193   0.15539150E+02
  194   0.11421230E+02
  195   0.12409680E+02
  196   0.67675370E+02
  197   0.20569661E+03
  198   0.15221109E+03
  199   0.10796454E+03
  200   0.92104210E+02
  201   0.10027617E+03
  202   0.16276882E+03
  203   0.18354564E+03
  204   0.12678202E+03
  205   0.11827654E+03
  206   0.33859015E+03
  207   0.43616325E+03
  208   0.29582660E+03
  209   0.29179946E+03
  210   0.57534787E+03
  211   0.49483712E+03
  212   0.30857130E+03
  213   0.30958501E+03
  214   0.26701759E+03
  215   0.22652441E+03
  216   0.20165009E+03
  217   0.20179703E+03
  218   0.23385223E+03
  219   0.39627182E+03
  220   0.32816848E+03
  221   0.21086769E+03
  222   0.28857419E+03
  223   0.63015111E+03
  224   0.33662336E+03
  225   0.14914413E+03
  226   0.73335310E+02
  227   0.39570360E+02
  228   0.23371540E+02
  229   0.13702670E+02
  230   0.89555400E+01
  231   0.63557500E+01
  232   0.55651400E+01
  233   0.52325000E+01
  234   0.85621100E+01
  235   0.28388120E+02
  236   0.67567960E+02
  237   0.68057130E+02
  238   0.46786200E+02
  239   0.29886340E+02
  240   0.20166210E+02
  241   0.13393480E+02
  242   0.89561800E+01
  243   0.59770500E+01
  244   0.50118600E+01
  245   0.45890400E+01
  246   0.46873600E+01
  247   0.55238800E+01
  248   0.73268700E+01
  249   0.84665600E+01
  250   0.88599100E+01
  251   0.87587900E+01
  252   0.69524100E+01
  253   0.52476200E+01
  254   0.44715100E+01
  255   0.37995500E+01
  256   0.32073800E+01
  257   0.26424200E+01
  258   0.35295200E+01
  259   0.38199400E+01
  260   0.67317100E+01
  261   0.12490960E+02
  262   0.17483690E+02
  263   0.17239250E+02
  264   0.13940380E+02
  265   0.10052110E+02
  266   0.70954400E+01
  267   0.48290800E+01
  268   0.32783000E+01
  269   0.21782200E+01
  270   0.12685900E+01
  271   0.10229900E+01
  272   0.76628000E+00
  273   0.58220000E+00
  274   0.44233000E+00
  275   0.33609000E+00
  276   0.15485030E+02
  277   0.10559609E+03
  278   0.14366075E+03
  279   0.86413870E+02
  280   0.46617670E+02
  281   0.27310300E+02
  282   0.16656010E+02
  283   0.10517930E+02
  284   0.69986000E+01
  285   0.45509300E+01
  286   0.28053000E+01
  287   0.19224100E+01
  288   0.13864400E+01
  289   0.10222200E+01
  290   0.77675000E+00
  291   0.40911000E+00
  292   0.33934000E+00
  293   0.28174000E+00
  294   0.23321000E+00
  295   0.16042000E+00
  296   0.11094000E+00
  297   0.81730000E-01
  298   0.63040000E-01
  299   0.50300000E-01
  300   0.41160000E-01
  301   0.34370000E-01
  302   0.29170000E-01
  303   0.25090000E-01
  304   0.21830000E-01
  305   0.19170000E-01
  306   0.16980000E-01
  307   0.15150000E-01
  308   0.13600000E-01
  309   0.12280000E-01
  310   0.11140000E-01
  311   0.10160000E-01
  312   0.93000000E-02
  313   0.85400000E-02
  314   0.78700000E-02
  315   0.72800000E-02
  316   0.67600000E-02
  317   0.62800000E-02
  318   0.58600000E-02
  319   0.54700000E-02
  320   0.51300000E-02
  321   0.48100000E-02
  322   0.45300000E-02
  323   0.42600000E-02
  324   0.40200000E-02
  325   0.38000000E-02
  326   0.36000000E-02
  327   0.40473000E+00
  328   0.48232000E+00
  329   0.45256000E+00
  330   0.56026000E+00
  331   0.57419000E+00
  332   0.47083000E+00
  333   0.43313000E+00
  334   0.38372000E+00
  335   0.34618000E+00
  336   0.31124000E+00
  337   0.27677000E+00
  338   0.22689000E+00
  339   0.14758000E+00
  340   0.10048000E+00
  341   0.73480000E-01
  342   0.56500000E-01
  343   0.45040000E-01
  344   0.36900000E-01
  345   0.30870000E-01
  346   0.26260000E-01
  347   0.22650000E-01
  348   0.19760000E-01
  349   0.17410000E-01
  350   0.15460000E-01
  351   0.13830000E-01
  352   0.12450000E-01
  353   0.11270000E-01
  354   0.10260000E-01
  355   0.93700000E-02
  356   0.86000000E-02
  357   0.79200000E-02
  358   0.73100000E-02
  359   0.67800000E-02
  360   0.63000000E-02
  361   0.58700000E-02
  362   0.54800000E-02
  363   0.51300000E-02
  364   0.48100000E-02
  365   0.45200000E-02
  366   0.42600000E-02
  367   0.40200000E-02
  368   0.38000000E-02
  369   0.35900000E-02
  370   0.34000000E-02
  371   0.32300000E-02
  372   0.30700000E-02
  373   0.29200000E-02
  374   0.27800000E-02
  375   0.26500000E-02
  376   0.25300000E-02
  377   0.24200000E-02
  378   0.99500000E-02
  379   0.55900000E-02
  380   0.56800000E-02
  381   0.90800000E-02
  382   0.13520000E-01
  383   0.16000000E-01
  384   0.16640000E-01
  385   0.16320000E-01
  386   0.15750000E-01
  387   0.21197400E+01
  388   0.22927500E+01
  389   0.48247300E+01
  390   0.89164500E+01
  391   0.10577210E+02
  392   0.91375800E+01
  393   0.63630400E+01
  394   0.46796400E+01
  395   0.33123000E+01
  396   0.22507700E+01
  397   0.16522700E+01
  398   0.12533100E+01
  399   0.97312000E+00
  400   0.79474000E+00
  401   0.64110000E+00
  402   0.52035000E+00
  403   0.31044000E+00
  404   0.76585000E+00
  405   0.33763000E+00
  406   0.32793000E+00
  407   0.33918000E+00
  408   0.33234000E+00
  409   0.31385000E+00
  410   0.29298000E+00
  411   0.27467000E+00
  412   0.25319000E+00
  413   0.22839000E+00
  414   0.19061000E+00
  415   0.15175000E+00
  416   0.12082000E+00
  417   0.95650000E-01
  418   0.76290000E-01
  419   0.61740000E-01
  420   0.50770000E-01
  421   0.44740000E-01
  422   0.36590000E-01
  423   0.31420000E-01
  424   0.27470000E-01
  425   0.24270000E-01
  426   0.21620000E-01
  427   0.19440000E-01
  428   0.17650000E-01
  429   0.16160000E-01
  430   0.14900000E-01
  431   0.13810000E-01
  432   0.12850000E-01
  433   0.12010000E-01
  434   0.11300000E-01
  435   0.10940000E-01
  436   0.12990000E-01
  437   0.21480000E-01
  438   0.31670000E-01
  439   0.36730000E-01
  440   0.37430000E-01
  441   0.35770000E-01
  442   0.33070000E-01
  443   0.30050000E-01
  444   0.27090000E-01
  445   0.67749000E+00
  446   0.64109100E+01
  447   0.11073600E+02
  448   0.28222260E+02
  449   0.27757430E+02
  450   0.20109620E+02
  451   0.14166640E+02
  452   0.10329660E+02
  453   0.81195200E+01
  454   0.74392800E+01
  455   0.66668000E+01
  456   0.69426100E+01
  457   0.72404000E+01
  458   0.78973600E+01
  459   0.77683000E+01
  460   0.71952300E+01
  461   0.60708500E+01
  462   0.48425800E+01
  463   0.39065800E+01
  464   0.50561300E+01
  465   0.62096000E+01
  466   0.13702100E+02
  467   0.26851080E+02
  468   0.35494380E+02
  469   0.39028090E+02
  470   0.40136250E+02
  471   0.32488500E+02
  472   0.23312510E+02
  473   0.16285720E+02
  474   0.11349030E+02
  475   0.74415500E+01
  476   0.51670500E+01
  477   0.37053200E+01
  478   0.23493400E+01
  479   0.17376800E+01
  480   0.12903600E+01
  481   0.97775000E+00
  482   0.77209000E+00
  483   0.60582000E+00
  484   0.44284000E+00
  485   0.30327000E+00
  486   0.24480000E+00
  487   0.43295400E+01
  488   0.58702100E+01
  489   0.23417360E+02
  490   0.33900040E+02
  491   0.25037050E+02
  492   0.16821510E+02
  493   0.13756180E+02
  494   0.14461060E+02
  495   0.16273190E+02
  496   0.16603440E+02
  497   0.15078930E+02
  498   0.11699000E+02
  499   0.83959500E+01
  500   0.64116500E+01
  501   0.56044200E+01
  502   0.61408500E+01
  503   0.71644700E+01
  504   0.95551300E+01
  505   0.32498310E+02
  506   0.98133700E+02
  507   0.12168655E+03
  508   0.10334027E+03
  509   0.73017780E+02
  510   0.46622610E+02
  511   0.29618280E+02
  512   0.22464110E+02
  513   0.22276940E+02
  514   0.30651650E+02
  515   0.32451040E+02
  516   0.28878330E+02
  517   0.28915270E+02
  518   0.30875150E+02
  519   0.31069330E+02
  520   0.32397830E+02
  521   0.69085370E+02
  522   0.12001371E+03
  523   0.94796590E+02
  524   0.66154980E+02
  525   0.58498500E+02
  526   0.81384680E+02
  527   0.15166320E+03
  528   0.19674632E+03
  529   0.16043261E+03
  530   0.11298740E+03
  531   0.62460390E+02
  532   0.35131290E+02
  533   0.22148480E+02
  534   0.19458280E+02
  535   0.42383630E+02
  536   0.15330490E+03
  537   0.18176609E+03
  538   0.11812998E+03
  539   0.10243612E+03
  540   0.12776304E+03
  541   0.93455750E+02
  542   0.54159610E+02
  543   0.32070110E+02
  544   0.22854930E+02
  545   0.33137730E+02
  546   0.20660332E+03
  547   0.30167356E+03
  548   0.19492354E+03
  549   0.97876580E+02
  550   0.54941870E+02
  551   0.76648440E+02
  552   0.18277883E+03
  553   0.10468203E+03
  554   0.56929990E+02
  555   0.34832450E+02
  556   0.25590720E+02
  557   0.21065660E+02
  558   0.18856010E+02
  559   0.16147830E+02
  560   0.13708980E+02
  561   0.11810270E+02
  562   0.99045900E+01
  563   0.79719700E+01
  564   0.58043500E+01
  565   0.41179900E+01
  566   0.25959000E+01
  567   0.14870900E+01
  568   0.11686000E+01
  569   0.93022000E+00
  570   0.12056700E+01
  571   0.14051200E+01
  572   0.27244300E+01
  573   0.11351800E+02
  574   0.25299840E+02
  575   0.26299120E+02
  576   0.20011390E+02
  577   0.13962400E+02
  578   0.90991900E+01
  579   0.63633300E+01
  580   0.46714800E+01
  581   0.35769600E+01
  582   0.24791600E+01
  583   0.18871000E+01
  584   0.14286500E+01
  585   0.24748700E+01
  586   0.45869100E+01
  587   0.19653500E+02
  588   0.59854620E+02
  589   0.58711900E+02
  590   0.55141590E+02
  591   0.75195230E+02
  592   0.10893637E+03
  593   0.11821555E+03
  594   0.10312639E+03
  595   0.93703900E+02
  596   0.63971310E+02
  597   0.37996950E+02
  598   0.22628470E+02
  599   0.14535090E+02
  600   0.10141350E+02
  601   0.27095010E+02
  602   0.45961190E+02
  603   0.36604540E+02
  604   0.23869110E+02
  605   0.16105050E+02
  606   0.11212430E+02
  607   0.80866400E+01
  608   0.56057100E+01
  609   0.96160900E+01
  610   0.13470190E+02
  611   0.16522230E+02
  612   0.13971970E+02
  613   0.10094570E+02
  614   0.10671090E+02
  615   0.11776710E+02
  616   0.15605360E+02
  617   0.16027640E+02
  618   0.13770610E+02
  619   0.97920500E+01
  620   0.69373300E+01
  621   0.46238200E+01
  622   0.28840500E+01
  623   0.19568800E+01
  624   0.14093700E+01
  625   0.10311700E+01
  626   0.77209000E+00
  627   0.60437000E+00
  628   0.44954000E+00
  629   0.29139000E+00
  630   0.22150000E+00
  631   0.50045800E+01
  632   0.72033200E+01
  633   0.23886900E+02
  634   0.31549230E+02
  635   0.28221410E+02
  636   0.21664820E+02
  637   0.16134310E+02
  638   0.11570180E+02
  639   0.77049600E+01
  640   0.53716200E+01
  641   0.37769600E+01
  642   0.24317000E+01
  643   0.17608200E+01
  644   0.13233800E+01
  645   0.10015300E+01
  646   0.77252000E+00
  647   0.60819000E+00
  648   0.45005000E+00
  649   0.29650000E+00
  650   0.23348000E+00
  651   0.16448000E+00
  652   0.11469000E+00
  653   0.84780000E-01
  654   0.65490000E-01
  655   0.52260000E-01
  656   0.42760000E-01
  657   0.35680000E-01
  658   0.30260000E-01
  659   0.26000000E-01
  660   0.22600000E-01
  661   0.19830000E-01
  662   0.17540000E-01
  663   0.15630000E-01
  664   0.14020000E-01
  665   0.12650000E-01
  666   0.11470000E-01
  667   0.10450000E-01
  668   0.95600000E-02
  669   0.87800000E-02
  670   0.80900000E-02
  671   0.74800000E-02
  672   0.69300000E-02
  673   0.64500000E-02
  674   0.60100000E-02
  675   0.56200000E-02
  676   0.52600000E-02
  677   0.49400000E-02
  678   0.46400000E-02
  679   0.43700000E-02
  680   0.41300000E-02
  681   0.39000000E-02
  682   0.36900000E-02
  683   0.35000000E-02
  684   0.33200000E-02
  685   0.31500000E-02
  686   0.30000000E-02
  687   0.28600000E-02
  688   0.20467300E+01
  689   0.14509400E+01
  690   0.32232700E+01
  691   0.71220200E+01
  692   0.96300200E+01
  693   0.82965000E+01
  694   0.62045600E+01
  695   0.44415200E+01
  696   0.29320100E+01
  697   0.20723000E+01
  698   0.15171400E+01
  699   0.11325300E+01
  700   0.86437000E+00
  701   0.45357000E+00
  702   0.38855000E+00
  703   0.31330000E+00
  704   0.34597000E+00
  705   0.25034000E+00
  706   0.20869000E+00
  707   0.16230000E+00
  708   0.12802000E+00
  709   0.10281000E+00
  710   0.83430000E-01
  711   0.68450000E-01
  712   0.56820000E-01
  713   0.47730000E-01
  714   0.40530000E-01
  715   0.34780000E-01
  716   0.30120000E-01
  717   0.29000000E-01
  718   0.34880000E-01
  719   0.30180000E-01
  720   0.39560000E-01
  721   0.54764700E+01
  722   0.87874000E+01
  723   0.27287590E+02
  724   0.28462390E+02
  725   0.20926090E+02
  726   0.14209570E+02
  727   0.95806600E+01
  728   0.66275400E+01
  729   0.45106700E+01
  730   0.29232700E+01
  731   0.16493500E+01
  732   0.13211100E+01
  733   0.10093700E+01
  734   0.76985000E+00
  735   0.62087000E+00
  736   0.49820000E+00
  737   0.38613000E+00
  738   0.35182000E+00
  739   0.28493000E+00
  740   0.22873000E+00
  741   0.14982000E+00
  742   0.10253000E+00
  743   0.75210000E-01
  744   0.57940000E-01
  745   0.46230000E-01
  746   0.37870000E-01
  747   0.31680000E-01
  748   0.28037000E+00
  749   0.27946000E+00
  750   0.31363000E+00
  751   0.31870000E+00
  752   0.26924000E+00
  753   0.23352000E+00
  754   0.20482000E+00
  755   0.16824000E+00
  756   0.13375000E+00
  757   0.10559000E+00
  758   0.83810000E-01
  759   0.67450000E-01
  760   0.55350000E-01
  761   0.45880000E-01
  762   0.38670000E-01
  763   0.33000000E-01
  764   0.28480000E-01
  765   0.25760000E-01
  766   0.14841000E+00
  767   0.19163000E+00
  768   0.23409000E+00
  769   0.24635000E+00
  770   0.25299000E+00
  771   0.25364000E+00
  772   0.23010000E+00
  773   0.20860000E+00
  774   0.19668000E+00
  775   0.18552000E+00
  776   0.17205000E+00
  777   0.15401000E+00
  778   0.13588000E+00
  779   0.12313000E+00
  780   0.98690000E-01
  781   0.81750000E-01
  782   0.69570000E-01
  783   0.65540000E-01
  784   0.68610000E-01
  785   0.69520000E-01
  786   0.18139000E+00
  787   0.32926000E+00
  788   0.31485000E+00
  789   0.37697000E+00
  790   0.42302000E+00
  791   0.44198000E+00
  792   0.45578000E+00
  793   0.40186000E+00
  794   0.36907000E+00
  795   0.34536000E+00
  796   0.96329000E+00
  797   0.24291400E+01
  798   0.43315500E+01
  799   0.80217500E+01
  800   0.92051100E+01
  801   0.77793800E+01
  802   0.58991900E+01
  803   0.38418900E+01
  804   0.26470700E+01
  805   0.21892800E+01
  806   0.17113400E+01
  807   0.14226300E+01
  808   0.11973900E+01
  809   0.10142400E+01
  810   0.85047000E+00
  811   0.71187000E+00
  812   0.52089000E+01
  813   0.56134600E+01
  814   0.13449120E+02
  815   0.16784880E+02
  816   0.14093400E+02
  817   0.10214560E+02
  818   0.72215500E+01
  819   0.56814200E+01
  820   0.42868600E+01
  821   0.35969400E+01
  822   0.32093600E+01
  823   0.37497800E+01
  824   0.38153200E+01
  825   0.51529800E+01
  826   0.15346590E+02
  827   0.37300100E+02
  828   0.64088640E+02
  829   0.54095360E+02
  830   0.36271400E+02
  831   0.37826610E+02
  832   0.12383454E+03
  833   0.22289268E+03
  834   0.19962795E+03
  835   0.18534519E+03
  836   0.12105192E+03
  837   0.67666300E+02
  838   0.38266550E+02
  839   0.25743300E+02
  840   0.18560080E+02
  841   0.15133890E+02
  842   0.14804330E+02
  843   0.48883810E+02
  844   0.25770701E+03
  845   0.21039352E+03
  846   0.11378223E+03
  847   0.60597450E+02
  848   0.35499590E+02
  849   0.22441110E+02
  850   0.14757930E+02
  851   0.10580990E+02
  852   0.14062260E+02
  853   0.19568920E+02
  854   0.26227980E+02
  855   0.31629090E+02
  856   0.32768970E+02
  857   0.32696190E+02
  858   0.25576840E+02
  859   0.17623400E+02
  860   0.12637770E+02
  861   0.15810280E+02
  862   0.36151020E+02
  863   0.11139153E+03
  864   0.10416647E+03
  865   0.77600470E+02
  866   0.10203362E+03
  867   0.15468432E+03
  868   0.10525559E+03
  869   0.57360550E+02
  870   0.33058980E+02
  871   0.21362870E+02
  872   0.17514480E+02
  873   0.15000900E+02
  874   0.14001070E+02
  875   0.11375030E+02
  876   0.16034770E+02
  877   0.26624410E+02
  878   0.57150560E+02
  879   0.92131630E+02
  880   0.19400773E+03
  881   0.23468639E+03
  882   0.12307909E+03
  883   0.60535790E+02
  884   0.32597650E+02
  885   0.44941440E+02
  886   0.17485918E+03
  887   0.16793202E+03
  888   0.10578395E+03
  889   0.67167960E+02
  890   0.45255540E+02
  891   0.32858510E+02
  892   0.24913140E+02
  893   0.19823410E+02
  894   0.15323840E+02
  895   0.11134280E+02
  896   0.80788700E+01
  897   0.25086160E+02
  898   0.45013639E+03
  899   0.33234945E+03
  900   0.19571745E+03
  901   0.12213433E+03
  902   0.13007674E+03
  903   0.18256118E+03
  904   0.16459847E+03
  905   0.14930351E+03
  906   0.15061031E+03
  907   0.17205950E+03
  908   0.16294766E+03
  909   0.13652005E+03
  910   0.18906790E+03
  911   0.27977287E+03
  912   0.27058588E+03
  913   0.19298605E+03
  914   0.11119201E+03
  915   0.62332940E+02
  916   0.36049030E+02
  917   0.22962130E+02
  918   0.15532930E+02
  919   0.11666090E+02
  920   0.10426130E+02
  921   0.10965900E+02
  922   0.11721280E+02
  923   0.11567980E+02
  924   0.10044270E+02
  925   0.99439300E+01
  926   0.94233000E+01
  927   0.11323110E+02
  928   0.13262530E+02
  929   0.18976180E+02
  930   0.67217180E+02
  931   0.12544641E+03
  932   0.10283149E+03
  933   0.78338730E+02
  934   0.12026028E+03
  935   0.15678862E+03
  936   0.10538545E+03
  937   0.65093150E+02
  938   0.52570860E+02
  939   0.50797160E+02
  940   0.39554290E+02
  941   0.41583460E+02
  942   0.14529020E+03
  943   0.13207381E+03
  944   0.78969980E+02
  945   0.48283680E+02
  946   0.31998510E+02
  947   0.21021590E+02
  948   0.24598920E+02
  949   0.31910750E+02
  950   0.67642150E+02
  951   0.28064917E+03
  952   0.33239601E+03
  953   0.21030174E+03
  954   0.12364112E+03
  955   0.68661100E+02
  956   0.39074930E+02
  957   0.32188060E+02
  958   0.76020790E+02
  959   0.24096219E+03
  960   0.77682675E+03
  961   0.39837587E+03
  962   0.17083793E+03
  963   0.79568340E+02
  964   0.58528390E+02
  965   0.13382384E+03
  966   0.21847192E+03
  967   0.14657539E+03
  968   0.81955670E+02
  969   0.49332120E+02
  970   0.34859970E+02
  971   0.27788940E+02
  972   0.22578450E+02
  973   0.27698070E+02
  974   0.42964670E+02
  975   0.66258440E+02
  976   0.10131240E+03
  977   0.84853420E+02
  978   0.56066660E+02
  979   0.34944250E+02
  980   0.22494690E+02
  981   0.15610460E+02
  982   0.11407570E+02
  983   0.89506900E+01
  984   0.16030170E+02
  985   0.28351790E+02
  986   0.28480880E+02
  987   0.21196930E+02
  988   0.26194940E+02
  989   0.40431130E+02
  990   0.59252760E+02
  991   0.50755440E+02
  992   0.32907260E+02
  993   0.20875220E+02
  994   0.13232140E+02
  995   0.87176800E+01
  996   0.69710900E+01
  997   0.14672260E+02
  998   0.26168700E+02
  999   0.35419960E+02
 1000   0.29467150E+02
 1001   0.20796590E+02
 1002   0.14017350E+02
 1003   0.94568600E+01
 1004   0.65352900E+01
 1005   0.45174200E+01
 1006   0.29421500E+01
 1007   0.20573800E+01
 1008   0.11750800E+01
 1009   0.95622000E+00
 1010   0.71985000E+00
 1011   0.54112000E+00
 1012   0.39980000E+00
 1013   0.31853000E+00
 1014   0.53106000E+00
 1015   0.30610000E+00
 1016   0.30012000E+00
 1017   0.33799000E+00
 1018   0.37765000E+00
 1019   0.43487000E+00
 1020   0.48667000E+00
 1021   0.50517000E+00
 1022   0.48524000E+00
 1023   0.44835000E+00
 1024   0.38585000E+00
 1025   0.34104000E+00
 1026   0.30435000E+00
 1027   0.26990000E+00
 1028   0.23239000E+00
 1029   0.18220000E+00
 1030   0.18835000E+00
 1031   0.25366000E+00
 1032   0.30466000E+00
 1033   0.42768000E+00
 1034   0.49017000E+00
 1035   0.49883000E+00
 1036   0.45818000E+00
 1037   0.37188000E+00
 1038   0.31258000E+00
 1039   0.22373000E+00
 1040   0.13271000E+00
 1041   0.87020000E-01
 1042   0.61760000E-01
 1043   0.46310000E-01
 1044   0.36140000E-01
 1045   0.29080000E-01
 1046   0.23970000E-01
 1047   0.20140000E-01
 1048   0.17190000E-01
 1049   0.14870000E-01
 1050   0.13000000E-01
 1051   0.11480000E-01
 1052   0.10230000E-01
 1053   0.91700000E-02
 1054   0.82800000E-02
 1055   0.75200000E-02
 1056   0.22840000E-01
 1057   0.12720000E-01
 1058   0.99500000E-02
 1059   0.12380000E-01
 1060   0.17290000E-01
 1061   0.21170000E-01
 1062   0.23550000E-01
 1063   0.24720000E-01
 1064   0.24790000E-01
 1065   0.24010000E-01
 1066   0.22720000E-01
 1067   0.21190000E-01
 1068   0.19590000E-01
 1069   0.18030000E-01
 1070   0.16560000E-01
 1071   0.15200000E-01
 1072   0.13960000E-01
 1073   0.12830000E-01
 1074   0.11820000E-01
 1075   0.10900000E-01
 1076   0.10070000E-01
 1077   0.93300000E-02
 1078   0.86500000E-02
 1079   0.80400000E-02
 1080   0.74900000E-02
 1081   0.69900000E-02
 1082   0.65400000E-02
 1083   0.61200000E-02
 1084   0.57400000E-02
 1085   0.54000000E-02
 1086   0.50800000E-02
 1087   0.47900000E-02
 1088   0.45200000E-02
 1089   0.42700000E-02
 1090   0.40500000E-02
 1091   0.38400000E-02
 1092   0.36500000E-02
 1093   0.34700000E-02
 1094   0.33100000E-02
 1095   0.31600000E-02
 1096   0.30200000E-02
 1097   0.28900000E-02
 1098   0.27700000E-02
 1099   0.26600000E-02
 1100   0.25500000E-02
 1101   0.24600000E-02
 1102   0.23600000E-02
 1103   0.22800000E-02
 1104   0.22000000E-02
 1105   0.17438000E+00
 1106   0.26882000E+00
 1107   0.30588000E+00
 1108   0.59658000E+00
 1109   0.79298000E+00
 1110   0.13185900E+01
 1111   0.13542200E+01
 1112   0.16484800E+01
 1113   0.15560900E+01
 1114   0.13431000E+01
 1115   0.11443300E+01
 1116   0.94120000E+00
 1117   0.78040000E+00
 1118   0.65449000E+00
 1119   0.53234000E+00
 1120   0.40198000E+00
 1121   0.28679000E+00
 1122   0.23202000E+00
 1123   0.21689600E+01
 1124   0.14052800E+01
 1125   0.29469000E+01
 1126   0.41561200E+01
 1127   0.42873700E+01
 1128   0.36177400E+01
 1129   0.25896600E+01
 1130   0.19163100E+01
 1131   0.10988200E+01
 1132   0.95581000E+00
 1133   0.76052000E+00
 1134   0.61526000E+00
 1135   0.52329000E+00
 1136   0.40656000E+00
 1137   0.33024000E+00
 1138   0.27895000E+00
 1139   0.23704000E+00
 1140   0.16494000E+00
 1141   0.11228000E+00
 1142   0.82130000E-01
 1143   0.63313000E+00
 1144   0.48376000E+00
 1145   0.66878000E+00
 1146   0.75980000E+00
 1147   0.74684000E+00
 1148   0.69509000E+00
 1149   0.61464000E+00
 1150   0.56140000E+00
 1151   0.47487000E+00
 1152   0.33164000E+00
 1153   0.10171900E+01
 1154   0.14928100E+01
 1155   0.22543100E+01
 1156   0.39840200E+01
 1157   0.49366900E+01
 1158   0.45000700E+01
 1159   0.36069100E+01
 1160   0.24832800E+01
 1161   0.18215400E+01
 1162   0.10428900E+01
 1163   0.89840000E+00
 1164   0.68604000E+00
 1165   0.55346000E+00
 1166   0.44965000E+00
 1167   0.36621000E+00
 1168   0.30947000E+00
 1169   0.27222000E+00
 1170   0.21626000E+00
 1171   0.14343000E+00
 1172   0.10024000E+00
 1173   0.74570000E-01
 1174   0.57980000E-01
 1175   0.12070000E+01
 1176   0.97540000E+00
 1177   0.22155300E+01
 1178   0.37386900E+01
 1179   0.43789200E+01
 1180   0.48269100E+01
 1181   0.60405900E+01
 1182   0.64272400E+01
 1183   0.77495400E+01
 1184   0.91363800E+01
 1185   0.10532650E+02
 1186   0.11909720E+02
 1187   0.13790130E+02
 1188   0.14878840E+02
 1189   0.14508600E+02
 1190   0.12427330E+02
 1191   0.95085600E+01
 1192   0.69214400E+01
 1193   0.43410300E+01
 1194   0.29156100E+01
 1195   0.27178900E+01
 1196   0.22410900E+01
 1197   0.21504700E+01
 1198   0.22481400E+01
 1199   0.22458900E+01
 1200   0.20786700E+01
 1201   0.18016000E+01
 1202   0.26949900E+01
 1203   0.13069600E+01
 1204   0.15171700E+01
 1205   0.16057500E+01
 1206   0.15401800E+01
 1207   0.14077200E+01
 1208   0.12191800E+01
 1209   0.10198200E+01
 1210   0.82357000E+00
 1211   0.67342000E+00
 1212   0.54907000E+00
 1213   0.34794000E+00
 1214   0.29446000E+00
 1215   0.25667000E+00
 1216   0.21180000E+00
 1217   0.15419000E+00
 1218   0.11289000E+00
 1219   0.38815000E+01
 1220   0.59067200E+01
 1221   0.15016910E+02
 1222   0.21543760E+02
 1223   0.18313050E+02
 1224   0.14110930E+02
 1225   0.20204780E+02
 1226   0.85731690E+02
 1227   0.13839004E+03
 1228   0.88279080E+02
 1229   0.51368260E+02
 1230   0.31212520E+02
 1231   0.19781360E+02
 1232   0.12619760E+02
 1233   0.83570600E+01
 1234   0.10337080E+02
 1235   0.16525820E+02
 1236   0.35921890E+02
 1237   0.52681030E+02
 1238   0.93825380E+02
 1239   0.10621781E+03
 1240   0.75904590E+02
 1241   0.48252730E+02
 1242   0.41334590E+02
 1243   0.75647790E+02
 1244   0.18131447E+03
 1245   0.65374412E+03
 1246   0.25241300E+03
 1247   0.11501433E+03
 1248   0.92054960E+02
 1249   0.10535922E+03
 1250   0.10977215E+03
 1251   0.75403460E+02
 1252   0.45297380E+02
 1253   0.30411120E+02
 1254   0.25065830E+02
 1255   0.32955390E+02
 1256   0.56157680E+02
 1257   0.12667794E+03
 1258   0.17141728E+03
 1259   0.20935472E+03
 1260   0.25423762E+03
 1261   0.19702342E+03
 1262   0.26600617E+03
 1263   0.25794178E+03
 1264   0.18399602E+03
 1265   0.18391246E+03
 1266   0.12770719E+03
 1267   0.68816130E+02
 1268   0.40954570E+02
 1269   0.46833190E+02
 1270   0.15134707E+03
 1271   0.26900304E+03
 1272   0.18602936E+03
 1273   0.11541715E+03
 1274   0.82032110E+02
 1275   0.75213410E+02
 1276   0.69807270E+02
 1277   0.64282980E+02
 1278   0.55005190E+02
 1279   0.58715920E+02
 1280   0.99846790E+02
 1281   0.14046872E+03
 1282   0.22897692E+03
 1283   0.24769944E+03
 1284   0.14303005E+03
 1285   0.74099110E+02
 1286   0.41421550E+02
 1287   0.25075600E+02
 1288   0.16264540E+02
 1289   0.11246050E+02
 1290   0.86328800E+01
 1291   0.71058700E+01
 1292   0.65948400E+01
 1293   0.68439800E+01
 1294   0.10549480E+02
 1295   0.19582690E+02
 1296   0.39862610E+02
 1297   0.76145870E+02
 1298   0.96359400E+02
 1299   0.64480130E+02
 1300   0.42686690E+02
 1301   0.50544560E+02
 1302   0.16473042E+03
 1303   0.20615360E+03
 1304   0.19311853E+03
 1305   0.18330813E+03
 1306   0.11520108E+03
 1307   0.61829960E+02
 1308   0.36859350E+02
 1309   0.27026850E+02
 1310   0.25678340E+02
 1311   0.31459030E+02
 1312   0.53038150E+02
 1313   0.14438620E+03
 1314   0.12689409E+03
 1315   0.89121510E+02
 1316   0.94272280E+02
 1317   0.16716329E+03
 1318   0.14467518E+03
 1319   0.78173340E+02
 1320   0.98058940E+02
 1321   0.25769337E+03
 1322   0.13153747E+03
 1323   0.12862324E+03
 1324   0.41503766E+03
 1325   0.27658537E+03
 1326   0.12522566E+03
 1327   0.74739290E+02
 1328   0.10979748E+03
 1329   0.19124957E+03
 1330   0.14586019E+03
 1331   0.10917778E+03
 1332   0.85235490E+02
 1333   0.58024280E+02
 1334   0.37062670E+02
 1335   0.43578770E+02
 1336   0.50999746E+03
 1337   0.44698076E+03
 1338   0.22315586E+03
 1339   0.10356907E+03
 1340   0.52666910E+02
 1341   0.29320190E+02
 1342   0.17882800E+02
 1343   0.15868090E+02
 1344   0.41646890E+02
 1345   0.61036660E+02
 1346   0.45182610E+02
 1347   0.31004230E+02
 1348   0.20633770E+02
 1349   0.13696040E+02
 1350   0.93465800E+01
 1351   0.80183500E+01
 1352   0.33664110E+02
 1353   0.11015465E+03
 1354   0.82634280E+02
 1355   0.47347480E+02
 1356   0.27626800E+02
 1357   0.16156490E+02
 1358   0.10206680E+02
 1359   0.66946100E+01
 1360   0.43354200E+01
 1361   0.26760000E+01
 1362   0.46795000E+01
 1363   0.56029000E+01
 1364   0.74862100E+01
 1365   0.75414400E+01
 1366   0.60709800E+01
 1367   0.40874100E+01
 1368   0.28259600E+01
 1369   0.19461600E+01
 1370   0.17513100E+01
 1371   0.13548800E+01
 1372   0.13880100E+01
 1373   0.33742200E+01
 1374   0.58911500E+01
 1375   0.65226800E+01
 1376   0.52228900E+01
 1377   0.34824700E+01
 1378   0.23441000E+01
 1379   0.16479900E+01
 1380   0.11995900E+01
 1381   0.89808000E+00
 1382   0.68945000E+00
 1383   0.53913000E+00
 1384   0.38074000E+00
 1385   0.30181000E+00
 1386   0.25333000E+00
 1387   0.17499000E+00
 1388   0.11703000E+00
 1389   0.84320000E-01
 1390   0.94820000E-01
 1391   0.22612000E+00
 1392   0.27263000E+00
 1393   0.32016000E+00
 1394   0.34093000E+00
 1395   0.32317000E+00
 1396   0.28513000E+00
 1397   0.23647000E+00
 1398   0.14944000E+00
 1399   0.96600000E-01
 1400   0.67660000E-01
 1401   0.50210000E-01
 1402   0.56650000E-01
 1403   0.18573000E+00
 1404   0.22106000E+00
 1405   0.22501000E+00
 1406   0.21773000E+00
 1407   0.18688000E+00
 1408   0.13149000E+00
 1409   0.92010000E-01
 1410   0.66530000E-01
 1411   0.49870000E-01
 1412   0.38620000E-01
 1413   0.30730000E-01
 1414   0.25010000E-01
 1415   0.20750000E-01
 1416   0.17490000E-01
 1417   0.14950000E-01
 1418   0.12930000E-01
 1419   0.11290000E-01
 1420   0.13462000E+00
 1421   0.19461000E+00
 1422   0.23815000E+00
 1423   0.23302000E+00
 1424   0.21269000E+00
 1425   0.17978000E+00
 1426   0.14131000E+00
 1427   0.44124000E+00
 1428   0.24395000E+00
 1429   0.27032000E+00
 1430   0.29745000E+00
 1431   0.30181000E+00
 1432   0.29377000E+00
 1433   0.28888000E+00
 1434   0.28458000E+00
 1435   0.27520000E+00
 1436   0.25923000E+00
 1437   0.23254000E+00
 1438   0.17688000E+00
 1439   0.12214000E+00
 1440   0.89150000E-01
 1441   0.68260000E-01
 1442   0.54140000E-01
 1443   0.44110000E-01
 1444   0.36700000E-01
 1445   0.31050000E-01
 1446   0.26640000E-01
 1447   0.23130000E-01
 1448   0.20270000E-01
 1449   0.17920000E-01
 1450   0.15960000E-01
 1451   0.14310000E-01
 1452   0.28188000E+00
 1453   0.99689000E+00
 1454   0.10048400E+01
 1455   0.22375500E+01
 1456   0.38431500E+01
 1457   0.48487800E+01
 1458   0.45933600E+01
 1459   0.31445000E+01
 1460   0.24980500E+01
 1461   0.18776600E+01
 1462   0.14274800E+01
 1463   0.10906900E+01
 1464   0.85281000E+00
 1465   0.68152000E+00
 1466   0.55947000E+00
 1467   0.42651000E+00
 1468   0.34522000E+00
 1469   0.25795000E+00
 1470   0.18346000E+00
 1471   0.13050000E+00
 1472   0.97060000E-01
 1473   0.74900000E-01
 1474   0.59520000E-01
 1475   0.48430000E-01
 1476   0.40180000E-01
 1477   0.33880000E-01
 1478   0.29010000E-01
 1479   0.25250000E-01
 1480   0.22370000E-01
 1481   0.20150000E-01
 1482   0.18370000E-01
 1483   0.16870000E-01
 1484   0.15580000E-01
 1485   0.14420000E-01
 1486   0.13360000E-01
 1487   0.13349800E+01
 1488   0.83566000E+00
 1489   0.14246900E+01
 1490   0.18171200E+01
 1491   0.23337300E+01
 1492   0.21530800E+01
 1493   0.18385000E+01
 1494   0.15207700E+01
 1495   0.12299800E+01
 1496   0.99986000E+00
 1497   0.82021000E+00
 1498   0.66568000E+00
 1499   0.54866000E+00
 1500   0.32859000E+00
 1501   0.27726000E+00
 1502   0.24282000E+00
 1503   0.20314000E+00
 1504   0.14646000E+00
 1505   0.10714000E+00
 1506   0.11845600E+01
 1507   0.65747000E+00
 1508   0.81166000E+00
 1509   0.13779800E+01
 1510   0.13975200E+01
 1511   0.16110900E+01
 1512   0.14992700E+01
 1513   0.14997100E+01
 1514   0.20121200E+01
 1515   0.18728700E+01
 1516   0.22331400E+01
 1517   0.23317600E+01
 1518   0.20980700E+01
 1519   0.26120500E+01
 1520   0.25079400E+01
 1521   0.22171600E+01
 1522   0.24551900E+01
 1523   0.23673100E+01
 1524   0.21384400E+01
 1525   0.18159700E+01
 1526   0.14788800E+01
 1527   0.11977700E+01
 1528   0.98873000E+00
 1529   0.81313000E+00
 1530   0.66174000E+00
 1531   0.37467000E+00
 1532   0.10967100E+01
 1533   0.12449000E+01
 1534   0.34292500E+01
 1535   0.50033100E+01
 1536   0.73539700E+01
 1537   0.87292600E+01
 1538   0.81616800E+01
 1539   0.65424000E+01
 1540   0.48272300E+01
 1541   0.27895500E+01
 1542   0.21519800E+01
 1543   0.29914000E+01
 1544   0.26974000E+01
 1545   0.33863400E+01
 1546   0.40219300E+01
 1547   0.44227000E+01
 1548   0.43217200E+01
 1549   0.41625500E+01
 1550   0.37211500E+01
 1551   0.24360000E+01
 1552   0.20794700E+01
 1553   0.16273900E+01
 1554   0.12804500E+01
 1555   0.10131800E+01
 1556   0.81758000E+00
 1557   0.66123000E+00
 1558   0.54236000E+00
 1559   0.40935000E+00
 1560   0.36760000E+00
 1561   0.31112000E+00
 1562   0.26014000E+00
 1563   0.48601000E+00
 1564   0.44282000E+00
 1565   0.54265000E+00
 1566   0.18114300E+01
 1567   0.18503900E+01
 1568   0.55313600E+01
 1569   0.93748200E+01
 1570   0.19519010E+02
 1571   0.23224340E+02
 1572   0.21977270E+02
 1573   0.18317180E+02
 1574   0.13493900E+02
 1575   0.10076430E+02
 1576   0.11718030E+02
 1577   0.43924370E+02
 1578   0.18281078E+03
 1579   0.32988053E+03
 1580   0.31615836E+03
 1581   0.28822474E+03
 1582   0.19479706E+03
 1583   0.10287019E+03
 1584   0.54168350E+02
 1585   0.30760760E+02
 1586   0.21717340E+02
 1587   0.19893970E+02
 1588   0.23637470E+02
 1589   0.28362200E+02
 1590   0.22858930E+02
 1591   0.16251740E+02
 1592   0.15518050E+02
 1593   0.25393170E+02
 1594   0.49163520E+02
 1595   0.10471652E+03
 1596   0.16512118E+03
 1597   0.14647456E+03
 1598   0.10322958E+03
 1599   0.71380810E+02
 1600   0.61160720E+02
 1601   0.61976580E+02
 1602   0.50518660E+02
 1603   0.33322270E+02
 1604   0.25345870E+02
 1605   0.34042400E+02
 1606   0.75427350E+02
 1607   0.11548163E+03
 1608   0.13158017E+03
 1609   0.14605292E+03
 1610   0.15246983E+03
 1611   0.10576550E+03
 1612   0.60620620E+02
 1613   0.38727490E+02
 1614   0.62877030E+02
 1615   0.22114300E+03
 1616   0.27381521E+03
 1617   0.21695159E+03
 1618   0.17691049E+03
 1619   0.29464014E+03
 1620   0.29548501E+03
 1621   0.27470216E+03
 1622   0.25443030E+03
 1623   0.24040602E+03
 1624   0.25865101E+03
 1625   0.24539905E+03
 1626   0.23397624E+03
 1627   0.28531344E+03
 1628   0.29635804E+03
 1629   0.21071032E+03
 1630   0.18779280E+03
 1631   0.17574005E+03
 1632   0.10425234E+03
 1633   0.57073550E+02
 1634   0.47393550E+02
 1635   0.57306420E+02
 1636   0.52974470E+02
 1637   0.42049140E+02
 1638   0.81576070E+02
 1639   0.33422724E+03
 1640   0.37220195E+03
 1641   0.34711868E+03
 1642   0.29075658E+03
 1643   0.24665663E+03
 1644   0.19955044E+03
 1645   0.15006130E+03
 1646   0.14128291E+03
 1647   0.14875503E+03
 1648   0.14730716E+03
 1649   0.11803912E+03
 1650   0.72352290E+02
 1651   0.45382660E+02
 1652   0.30732660E+02
 1653   0.22259220E+02
 1654   0.16284910E+02
 1655   0.11910470E+02
 1656   0.87814800E+01
 1657   0.70544100E+01
 1658   0.66991300E+01
 1659   0.77031600E+01
 1660   0.18832240E+02
 1661   0.33388520E+02
 1662   0.44478390E+02
 1663   0.43979650E+02
 1664   0.34081460E+02
 1665   0.26267530E+02
 1666   0.20237180E+02
 1667   0.17375230E+02
 1668   0.22964200E+02
 1669   0.50558120E+02
 1670   0.13055286E+03
 1671   0.19589196E+03
 1672   0.21450627E+03
 1673   0.19589362E+03
 1674   0.16558859E+03
 1675   0.12697207E+03
 1676   0.10319477E+03
 1677   0.94617240E+02
 1678   0.72939630E+02
 1679   0.48751630E+02
 1680   0.32440390E+02
 1681   0.22799280E+02
 1682   0.20012280E+02
 1683   0.23118790E+02
 1684   0.23884790E+02
 1685   0.19050800E+02
 1686   0.14732070E+02
 1687   0.11113220E+02
 1688   0.90859900E+01
 1689   0.79926200E+01
 1690   0.72272500E+01
 1691   0.60470300E+01
 1692   0.46227600E+01
 1693   0.34921600E+01
 1694   0.28419800E+01
 1695   0.18930900E+01
 1696   0.75724400E+01
 1697   0.22724160E+02
 1698   0.53112730E+02
 1699   0.48383770E+02
 1700   0.32987310E+02
 1701   0.21357190E+02
 1702   0.13922800E+02
 1703   0.94005100E+01
 1704   0.66630600E+01
 1705   0.42804300E+01
 1706   0.29916600E+01
 1707   0.30593700E+01
 1708   0.28034200E+01
 1709   0.30443100E+01
 1710   0.43062600E+01
 1711   0.90142400E+01
 1712   0.12367810E+02
 1713   0.11000940E+02
 1714   0.11286540E+02
 1715   0.42852120E+02
 1716   0.20446694E+03
 1717   0.12979046E+03
 1718   0.70833330E+02
 1719   0.40584940E+02
 1720   0.24484630E+02
 1721   0.15385590E+02
 1722   0.10230420E+02
 1723   0.11621590E+02
 1724   0.16751720E+02
 1725   0.30381500E+02
 1726   0.34738750E+02
 1727   0.31186990E+02
 1728   0.61008060E+02
 1729   0.84289400E+02
 1730   0.59280660E+02
 1731   0.35629180E+02
 1732   0.21806680E+02
 1733   0.13649890E+02
 1734   0.90926100E+01
 1735   0.60011100E+01
 1736   0.49669500E+01
 1737   0.57083900E+01
 1738   0.23508570E+02
 1739   0.74472990E+02
 1740   0.98140430E+02
 1741   0.74901830E+02
 1742   0.46901630E+02
 1743   0.30373940E+02
 1744   0.20237870E+02
 1745   0.13405100E+02
 1746   0.85818400E+01
 1747   0.57487600E+01
 1748   0.38569500E+01
 1749   0.23501100E+01
 1750   0.16353700E+01
 1751   0.11771700E+01
 1752   0.87650000E+00
 1753   0.66360000E+00
 1754   0.49687000E+00
 1755   0.34206000E+00
 1756   0.25579000E+00
 1757   0.17126000E+00
 1758   0.11755000E+00
 1759   0.86160000E-01
 1760   0.66210000E-01
 1761   0.52650000E-01
 1762   0.42970000E-01
 1763   0.35800000E-01
 1764   0.30320000E-01
 1765   0.26030000E-01
 1766   0.22610000E-01
 1767   0.19830000E-01
 1768   0.18090000E-01
 1769   0.33189600E+01
 1770   0.37217200E+01
 1771   0.85057300E+01
 1772   0.12766330E+02
 1773   0.11671850E+02
 1774   0.90323000E+01
 1775   0.66232200E+01
 1776   0.46372000E+01
 1777   0.25653900E+01
 1778   0.18617600E+01
 1779   0.13394600E+01
 1780   0.98930000E+00
 1781   0.75290000E+00
 1782   0.57696000E+00
 1783   0.42172000E+00
 1784   0.32763000E+00
 1785   0.27210000E+00
 1786   0.20000000E+00
 1787   0.26576000E+00
 1788   0.25735000E+00
 1789   0.27867000E+00
 1790   0.31819000E+00
 1791   0.35677000E+00
 1792   0.38060000E+00
 1793   0.38366000E+00
 1794   0.36980000E+00
 1795   0.34763000E+00
 1796   0.31896000E+00
 1797   0.25944000E+00
 1798   0.21775000E+00
 1799   0.18780000E+00
 1800   0.15413000E+00
 1801   0.12539000E+00
 1802   0.10022000E+00
 1803   0.80360000E-01
 1804   0.22010000E+00
 1805   0.24195000E+00
 1806   0.27692000E+00
 1807   0.43037000E+00
 1808   0.54138000E+00
 1809   0.79092000E+00
 1810   0.98852000E+00
 1811   0.10833900E+01
 1812   0.10309000E+01
 1813   0.41313600E+01
 1814   0.54980700E+01
 1815   0.11213570E+02
 1816   0.17611000E+02
 1817   0.16510200E+02
 1818   0.11804840E+02
 1819   0.87606200E+01
 1820   0.65697000E+01
 1821   0.64517000E+01
 1822   0.67238100E+01
 1823   0.11528210E+02
 1824   0.39727810E+02
 1825   0.88433090E+02
 1826   0.77989430E+02
 1827   0.48286220E+02
 1828   0.28302870E+02
 1829   0.17742300E+02
 1830   0.11358970E+02
 1831   0.76735600E+01
 1832   0.51274900E+01
 1833   0.54839100E+01
 1834   0.10628260E+02
 1835   0.25066310E+02
 1836   0.46920470E+02
 1837   0.47106510E+02
 1838   0.35761400E+02
 1839   0.25021210E+02
 1840   0.16783670E+02
 1841   0.11075250E+02
 1842   0.75920700E+01
 1843   0.51640700E+01
 1844   0.36328800E+01
 1845   0.23526400E+01
 1846   0.17236600E+01
 1847   0.13047400E+01
 1848   0.10287100E+01
 1849   0.52064000E+00
 1850   0.50940000E+00
 1851   0.38378000E+00
 1852   0.31681000E+00
 1853   0.27446000E+00
 1854   0.23169000E+00
 1855   0.16010000E+00
 1856   0.11020000E+00
 1857   0.81090000E-01
 1858   0.62300000E-01
 1859   0.49640000E-01
 1860   0.79039000E+00
 1861   0.38047000E+00
 1862   0.49321000E+00
 1863   0.58379000E+00
 1864   0.62989000E+00
 1865   0.62203000E+00
 1866   0.59334000E+00
 1867   0.55500000E+00
 1868   0.58929000E+00
 1869   0.39765000E+00
 1870   0.37200000E+00
 1871   0.35343000E+00
 1872   0.32624000E+00
 1873   0.31647000E+00
 1874   0.28851000E+00
 1875   0.27072000E+00
 1876   0.25021000E+00
 1877   0.22758000E+00
 1878   0.18880000E+00
 1879   0.13921000E+00
 1880   0.10441000E+00
 1881   0.80850000E-01
 1882   0.64340000E-01
 1883   0.52380000E-01
 1884   0.43450000E-01
 1885   0.36610000E-01
 1886   0.31260000E-01
 1887   0.27010000E-01
 1888   0.23560000E-01
 1889   0.20730000E-01
 1890   0.18380000E-01
 1891   0.16400000E-01
 1892   0.14730000E-01
 1893   0.13300000E-01
 1894   0.12060000E-01
 1895   0.10990000E-01
 1896   0.10050000E-01
 1897   0.92300000E-02
 1898   0.27776000E+00
 1899   0.27006100E+01
 1900   0.41259900E+01
 1901   0.87540100E+01
 1902   0.10879830E+02
 1903   0.94604400E+01
 1904   0.71627600E+01
 1905   0.51278100E+01
 1906   0.40149100E+01
 1907   0.28083900E+01
 1908   0.21558400E+01
 1909   0.16454900E+01
 1910   0.99652000E+00
 1911   0.89732000E+00
 1912   0.16834900E+01
 1913   0.10201800E+01
 1914   0.11512500E+01
 1915   0.12329000E+01
 1916   0.11615800E+01
 1917   0.10125900E+01
 1918   0.86056000E+00
 1919   0.71504000E+00
 1920   0.46456000E+00
 1921   0.37647000E+00
 1922   0.34184000E+00
 1923   0.31851000E+00
 1924   0.15882200E+01
 1925   0.25282800E+01
 1926   0.47250600E+01
 1927   0.72290200E+01
 1928   0.84211900E+01
 1929   0.99771500E+01
 1930   0.10273200E+02
 1931   0.97756800E+01
 1932   0.14117530E+02
 1933   0.16815000E+02
 1934   0.19594360E+02
 1935   0.17976160E+02
 1936   0.14595430E+02
 1937   0.12555590E+02
 1938   0.11001550E+02
 1939   0.11415450E+02
 1940   0.21441610E+02
 1941   0.41832140E+02
 1942   0.58466160E+02
 1943   0.50234620E+02
 1944   0.43440770E+02
 1945   0.34945160E+02
 1946   0.25931120E+02
 1947   0.18549700E+02
 1948   0.12749880E+02
 1949   0.87386100E+01
 1950   0.12078150E+02
 1951   0.18045490E+02
 1952   0.51675020E+02
 1953   0.89203240E+02
 1954   0.78371700E+02
 1955   0.54812930E+02
 1956   0.42326890E+02
 1957   0.38724050E+02
 1958   0.33860930E+02
 1959   0.31628860E+02
 1960   0.28450540E+02
 1961   0.29634420E+02
 1962   0.32038050E+02
 1963   0.32922940E+02
 1964   0.35344160E+02
 1965   0.32116530E+02
 1966   0.31967770E+02
 1967   0.51436490E+02
 1968   0.10058338E+03
 1969   0.10585978E+03
 1970   0.99136980E+02
 1971   0.72466640E+02
 1972   0.43041170E+02
 1973   0.26525500E+02
 1974   0.17047070E+02
 1975   0.11893640E+02
 1976   0.10291380E+02
 1977   0.93741900E+01
 1978   0.93978700E+01
 1979   0.13181050E+02
 1980   0.15610000E+02
 1981   0.17505240E+02
 1982   0.16064890E+02
 1983   0.15467730E+02
 1984   0.14114850E+02
 1985   0.15520130E+02
 1986   0.20767790E+02
 1987   0.36180580E+02
 1988   0.88479750E+02
 1989   0.18649400E+03
 1990   0.30542351E+03
 1991   0.28264410E+03
 1992   0.14015205E+03
 1993   0.67882370E+02
 1994   0.36265140E+02
 1995   0.26947010E+02
 1996   0.47610310E+02
 1997   0.14777996E+03
 1998   0.14310626E+03
 1999   0.12981064E+03
 2000   0.15502994E+03
 2001   0.24398064E+03
 2002   0.14567439E+03
 2003   0.86912990E+02
 2004   0.76937240E+02
 2005   0.99061660E+02
 2006   0.94444340E+02
 2007   0.78746160E+02
 2008   0.67103090E+02
 2009   0.47872160E+02
 2010   0.30129430E+02
 2011   0.18480280E+02
 2012   0.11869940E+02
 2013   0.73853700E+01
 2014   0.48861900E+01
 2015   0.30386400E+01
 2016   0.20100100E+01
 2017   0.18734800E+01
 2018   0.25076300E+01
 2019   0.29368800E+01
 2020   0.37658900E+01
 2021   0.62570700E+01
 2022   0.12691440E+02
 2023   0.20226890E+02
 2024   0.21145900E+02
 2025   0.16608970E+02
 2026   0.11787980E+02
 2027   0.14106760E+02
 2028   0.49788666E+03
 2029   0.69968192E+03
 2030   0.35235427E+03
 2031   0.15717392E+03
 2032   0.73596380E+02
 2033   0.37393980E+02
 2034   0.21666350E+02
 2035   0.13322140E+02
 2036   0.89441600E+01
 2037   0.95799000E+01
 2038   0.22583090E+02
 2039   0.42257820E+02
 2040   0.38851420E+02
 2041   0.29928130E+02
 2042   0.21258600E+02
 2043   0.13776670E+02
 2044   0.91226800E+01
 2045   0.59673500E+01
 2046   0.42247500E+01
 2047   0.53323700E+01
 2048   0.73893500E+01
 2049   0.11556470E+02
 2050   0.16521800E+02
 2051   0.25171930E+02
 2052   0.34741730E+02
 2053   0.77078450E+02
 2054   0.19716169E+03
 2055   0.26128926E+03
 2056   0.22161432E+03
 2057   0.11150934E+03
 2058   0.55419800E+02
 2059   0.30812410E+02
 2060   0.20613520E+02
 2061   0.17731920E+02
 2062   0.35490780E+02
 2063   0.52373580E+02
 2064   0.64257020E+02
 2065   0.61323350E+02
 2066   0.45812320E+02
 2067   0.31551590E+02
 2068   0.21478040E+02
 2069   0.14435080E+02
 2070   0.10351150E+02
 2071   0.79687000E+01
 2072   0.94825400E+01
 2073   0.12536330E+02
 2074   0.18804260E+02
 2075   0.23005670E+02
 2076   0.20125900E+02
 2077   0.15079410E+02
 2078   0.10383220E+02
 2079   0.70461700E+01
 2080   0.46040200E+01
 2081   0.28141400E+01
 2082   0.18891300E+01
 2083   0.33200100E+01
 2084   0.65461300E+01
 2085   0.29273120E+02
 2086   0.40042440E+02
 2087   0.30201580E+02
 2088   0.19984350E+02
 2089   0.12841570E+02
 2090   0.84140400E+01
 2091   0.54781900E+01
 2092   0.36698800E+01
 2093   0.24452600E+01
 2094   0.17977900E+01
 2095   0.10891000E+01
 2096   0.91852000E+00
 2097   0.73346000E+00
 2098   0.11571800E+01
 2099   0.81588000E+00
 2100   0.82464000E+00
 2101   0.83856000E+00
 2102   0.73964000E+00
 2103   0.62491000E+00
 2104   0.54751000E+00
 2105   0.44929000E+00
 2106   0.44740000E+00
 2107   0.13602720E+02
 2108   0.72198270E+02
 2109   0.92914040E+02
 2110   0.56631690E+02
 2111   0.32868120E+02
 2112   0.19919790E+02
 2113   0.12481070E+02
 2114   0.81627900E+01
 2115   0.48579500E+01
 2116   0.31526800E+01
 2117   0.20332900E+01
 2118   0.14271300E+01
 2119   0.10335900E+01
 2120   0.78104000E+00
 2121   0.59254000E+00
 2122   0.42252000E+00
 2123   0.31861000E+00
 2124   0.26891000E+00
 2125   0.18679000E+00
 2126   0.12275000E+00
 2127   0.87380000E-01
 2128   0.65920000E-01
 2129   0.51800000E-01
 2130   0.41950000E-01
 2131   0.34770000E-01
 2132   0.29350000E-01
 2133   0.25140000E-01
 2134   0.21810000E-01
 2135   0.19110000E-01
 2136   0.16900000E-01
 2137   0.15050000E-01
 2138   0.13500000E-01
 2139   0.12180000E-01
 2140   0.11050000E-01
 2141   0.10070000E-01
 2142   0.32030000E-01
 2143   0.26800000E-01
 2144   0.61360000E-01
 2145   0.19734000E+00
 2146   0.26069000E+00
 2147   0.27367000E+00
 2148   0.28495000E+00
 2149   0.27349000E+00
 2150   0.24677000E+00
 2151   0.18713000E+00
 2152   0.11928000E+00
 2153   0.81690000E-01
 2154   0.59650000E-01
 2155   0.45650000E-01
 2156   0.36200000E-01
 2157   0.29510000E-01
 2158   0.24580000E-01
 2159   0.20840000E-01
 2160   0.17930000E-01
 2161   0.15610000E-01
 2162   0.13740000E-01
 2163   0.12190000E-01
 2164   0.10940000E-01
 2165   0.53503000E+00
 2166   0.27147000E+00
 2167   0.37686000E+00
 2168   0.56645000E+00
 2169   0.96333000E+00
 2170   0.15489100E+01
 2171   0.18578000E+01
 2172   0.17443000E+01
 2173   0.14951700E+01
 2174   0.12375400E+01
 2175   0.10107400E+01
 2176   0.82585000E+00
 2177   0.45316000E+00
 2178   0.38697000E+00
 2179   0.31692000E+00
 2180   0.28061000E+00
 2181   0.24516000E+00
 2182   0.19819000E+00
 2183   0.13727000E+00
 2184   0.99490000E-01
 2185   0.39102000E+00
 2186   0.88592000E+00
 2187   0.43006000E+00
 2188   0.61596000E+00
 2189   0.38547600E+01
 2190   0.55140700E+01
 2191   0.11186030E+02
 2192   0.13620170E+02
 2193   0.11839210E+02
 2194   0.88672600E+01
 2195   0.63641300E+01
 2196   0.44305900E+01
 2197   0.24160700E+01
 2198   0.18714700E+01
 2199   0.13878300E+01
 2200   0.36963200E+01
 2201   0.40496800E+01
 2202   0.67079500E+01
 2203   0.89539900E+01
 2204   0.91331700E+01
 2205   0.82694800E+01
 2206   0.84394700E+01
 2207   0.74835300E+01
 2208   0.76740400E+01
 2209   0.71633000E+01
 2210   0.57299700E+01
 2211   0.43899200E+01
 2212   0.30095100E+01
 2213   0.21655700E+01
 2214   0.16036800E+01
 2215   0.12272900E+01
 2216   0.94977000E+00
 2217   0.74551000E+00
 2218   0.43379000E+00
 2219   0.58814000E+00
 2220   0.42774000E+00
 2221   0.42060000E+00
 2222   0.40463000E+00
 2223   0.36735000E+00
 2224   0.34240000E+00
 2225   0.32046000E+00
 2226   0.29802000E+00
 2227   0.27666000E+00
 2228   0.23414000E+00
 2229   0.21065000E+00
 2230   0.32352000E+00
 2231   0.23301000E+00
 2232   0.23880000E+00
 2233   0.23436000E+00
 2234   0.22234000E+00
 2235   0.20356000E+00
 2236   0.54064000E+00
 2237   0.30771000E+00
 2238   0.31505000E+00
 2239   0.31703000E+00
 2240   0.30706000E+00
 2241   0.28538000E+00
 2242   0.25887000E+00
 2243   0.22362000E+00
 2244   0.16388000E+00
 2245   0.11645000E+00
 2246   0.87030000E-01
 2247   0.67710000E-01
 2248   0.54290000E-01
 2249   0.44560000E-01
 2250   0.37270000E-01
 2251   0.31660000E-01
 2252   0.27230000E-01
 2253   0.23680000E-01
 2254   0.20790000E-01
 2255   0.18390000E-01
 2256   0.16390000E-01
 2257   0.44490000E-01
 2258   0.21665500E+01
 2259   0.13338500E+01
 2260   0.51084400E+01
 2261   0.89625300E+01
 2262   0.12039490E+02
 2263   0.12009450E+02
 2264   0.10233130E+02
 2265   0.79244400E+01
 2266   0.58314300E+01
 2267   0.42744300E+01
 2268   0.28631800E+01
 2269   0.16651700E+01
 2270   0.13029100E+01
 2271   0.97293000E+00
 2272   0.78109000E+00
 2273   0.64274000E+00
 2274   0.51258000E+00
 2275   0.38112000E+00
 2276   0.30590000E+00
 2277   0.26215000E+00
 2278   0.19522000E+00
 2279   0.12956000E+00
 2280   0.92160000E-01
 2281   0.69410000E-01
 2282   0.54440000E-01
 2283   0.44010000E-01
 2284   0.36400000E-01
 2285   0.30660000E-01
 2286   0.26220000E-01
 2287   0.37367000E+00
 2288   0.68797000E+00
 2289   0.49059000E+00
 2290   0.63151000E+00
 2291   0.19604100E+01
 2292   0.18473300E+01
 2293   0.26469700E+01
 2294   0.28495800E+01
 2295   0.23721700E+01
 2296   0.27050500E+01
 2297   0.34993700E+01
 2298   0.39393300E+01
 2299   0.54992000E+01
 2300   0.60999300E+01
 2301   0.61429200E+01
 2302   0.52775100E+01
 2303   0.73733200E+01
 2304   0.81907900E+01
 2305   0.10542800E+02
 2306   0.11180320E+02
 2307   0.96514100E+01
 2308   0.74606300E+01
 2309   0.55089700E+01
 2310   0.36143000E+01
 2311   0.25869500E+01
 2312   0.19505800E+01
 2313   0.14882000E+01
 2314   0.13541900E+01
 2315   0.13953100E+01
 2316   0.34982600E+01
 2317   0.46954200E+01
 2318   0.10501770E+02
 2319   0.18847780E+02
 2320   0.18018790E+02
 2321   0.15107960E+02
 2322   0.11895140E+02
 2323   0.93986200E+01
 2324   0.73370000E+01
 2325   0.57711900E+01
 2326   0.65714800E+01
 2327   0.16374070E+02
 2328   0.91303210E+02
 2329   0.12313767E+03
 2330   0.82564550E+02
 2331   0.46745670E+02
 2332   0.29178930E+02
 2333   0.19381840E+02
 2334   0.14992630E+02
 2335   0.19657040E+02
 2336   0.89335830E+02
 2337   0.17913989E+03
 2338   0.12141677E+03
 2339   0.10786212E+03
 2340   0.18876628E+03
 2341   0.26609681E+03
 2342   0.20242490E+03
 2343   0.13914770E+03
 2344   0.20670609E+03
 2345   0.31678304E+03
 2346   0.22288811E+03
 2347   0.10956603E+03
 2348   0.57224160E+02
 2349   0.32595060E+02
 2350   0.19987080E+02
 2351   0.11955060E+02
 2352   0.79215400E+01
 2353   0.53424100E+01
 2354   0.73142900E+01
 2355   0.17689520E+02
 2356   0.69296430E+02
 2357   0.10773815E+03
 2358   0.77991950E+02
 2359   0.55023320E+02
 2360   0.47633650E+02
 2361   0.38423520E+02
 2362   0.31883110E+02
 2363   0.30197380E+02
 2364   0.34541210E+02
 2365   0.37380310E+02
 2366   0.34620060E+02
 2367   0.28433520E+02
 2368   0.24420410E+02
 2369   0.22984940E+02
 2370   0.25208350E+02
 2371   0.23901230E+02
 2372   0.20571850E+02
 2373   0.15108490E+02
 2374   0.12291540E+02
 2375   0.10018290E+02
 2376   0.91182200E+01
 2377   0.40930291E+03
 2378   0.45537607E+03
 2379   0.30383983E+03
 2380   0.63505485E+03
 2381   0.54510667E+03
 2382   0.34580171E+03
 2383   0.14326322E+03
 2384   0.66659370E+02
 2385   0.37021120E+02
 2386   0.22758430E+02
 2387   0.14563890E+02
 2388   0.94516400E+01
 2389   0.61963200E+01
 2390   0.46074200E+01
 2391   0.32302200E+01
 2392   0.36295300E+01
 2393   0.79872900E+01
 2394   0.24865030E+02
 2395   0.40547740E+02
 2396   0.34713730E+02
 2397   0.14980437E+03
 2398   0.18676292E+03
 2399   0.10569656E+03
 2400   0.63851100E+02
 2401   0.40626140E+02
 2402   0.25755800E+02
 2403   0.16647050E+02
 2404   0.10878410E+02
 2405   0.72818100E+01
 2406   0.10230910E+02
 2407   0.29478120E+02
 2408   0.11760042E+03
 2409   0.17829095E+03
 2410   0.22822530E+03
 2411   0.34704165E+03
 2412   0.48514682E+03
 2413   0.39421845E+03
 2414   0.23408467E+03
 2415   0.13774263E+03
 2416   0.98596560E+02
 2417   0.94893520E+02
 2418   0.97911680E+02
 2419   0.69037880E+02
 2420   0.47445370E+02
 2421   0.41122270E+02
 2422   0.45946860E+02
 2423   0.40561560E+02
 2424   0.28482600E+02
 2425   0.18534290E+02
 2426   0.11861230E+02
 2427   0.78547600E+01
 2428   0.51434400E+01
 2429   0.33942500E+01
 2430   0.50929900E+01
 2431   0.44277800E+01
 2432   0.66108100E+01
 2433   0.14965540E+02
 2434   0.21437230E+02
 2435   0.25906500E+02
 2436   0.25324720E+02
 2437   0.21132680E+02
 2438   0.16573460E+02
 2439   0.23352700E+02
 2440   0.22254047E+03
 2441   0.22782747E+03
 2442   0.14345575E+03
 2443   0.77983440E+02
 2444   0.47673640E+02
 2445   0.33509370E+02
 2446   0.29772530E+02
 2447   0.37855410E+02
 2448   0.67924030E+02
 2449   0.90004490E+02
 2450   0.69075180E+02
 2451   0.44549330E+02
 2452   0.29074830E+02
 2453   0.19030020E+02
 2454   0.12934600E+02
 2455   0.90430000E+01
 2456   0.63443100E+01
 2457   0.44743700E+01
 2458   0.29669800E+01
 2459   0.20675300E+01
 2460   0.14899800E+01
 2461   0.11077500E+01
 2462   0.78649000E+00
 2463   0.58356000E+00
 2464   0.33725000E+00
 2465   0.27628000E+00
 2466   0.41601100E+01
 2467   0.14187940E+02
 2468   0.48485040E+02
 2469   0.43697550E+02
 2470   0.28961180E+02
 2471   0.18661900E+02
 2472   0.11931270E+02
 2473   0.78926300E+01
 2474   0.47231800E+01
 2475   0.29687800E+01
 2476   0.20486800E+01
 2477   0.14006600E+01
 2478   0.10244600E+01
 2479   0.78632000E+00
 2480   0.10020200E+01
 2481   0.10730200E+01
 2482   0.19852900E+01
 2483   0.27980800E+01
 2484   0.29604500E+01
 2485   0.30462200E+01
 2486   0.25717100E+01
 2487   0.19951900E+01
 2488   0.15374900E+01
 2489   0.11744300E+01
 2490   0.89587000E+00
 2491   0.68919000E+00
 2492   0.52198000E+00
 2493   0.35925000E+00
 2494   0.26487000E+00
 2495   0.17081000E+00
 2496   0.11357000E+00
 2497   0.37252000E+00
 2498   0.25907000E+00
 2499   0.26755000E+00
 2500   0.27894000E+00
 2501   0.27512000E+00
 2502   0.26426000E+00
 2503   0.24698000E+00
 2504   0.22707000E+00
 2505   0.25183000E+00
 2506   0.82444000E+00
 2507   0.76343000E+00
 2508   0.15025700E+01
 2509   0.23278400E+01
 2510   0.25771900E+01
 2511   0.23762500E+01
 2512   0.19802300E+01
 2513   0.15595300E+01
 2514   0.12166300E+01
 2515   0.67274000E+00
 2516   0.60474000E+00
 2517   0.45127000E+00
 2518   0.34244000E+00
 2519   0.31227000E+00
 2520   0.27766000E+00
 2521   0.23607000E+00
 2522   0.16971000E+00
 2523   0.11700000E+00
 2524   0.85830000E-01
 2525   0.66000000E-01
 2526   0.52520000E-01
 2527   0.42910000E-01
 2528   0.35770000E-01
 2529   0.30320000E-01
 2530   0.26050000E-01
 2531   0.22640000E-01
 2532   0.19870000E-01
 2533   0.17580000E-01
 2534   0.15670000E-01
 2535   0.14060000E-01
 2536   0.12690000E-01
 2537   0.11510000E-01
 2538   0.10480000E-01
 2539   0.95900000E-02
 2540   0.88100000E-02
 2541   0.81200000E-02
 2542   0.75100000E-02
 2543   0.69600000E-02
 2544   0.64700000E-02
 2545   0.60300000E-02
 2546   0.56300000E-02
 2547   0.52700000E-02
 2548   0.49500000E-02
 2549   0.46500000E-02
 2550   0.43800000E-02
 2551   0.41300000E-02
 2552   0.39000000E-02
 2553   0.37000000E-02
 2554   0.35200000E-02
 2555   0.33900000E-02
 2556   0.33200000E-02
 2557   0.33400000E-02
 2558   0.34400000E-02
 2559   0.36100000E-02
 2560   0.38300000E-02
 2561   0.40500000E-02
 2562   0.42600000E-02
 2563   0.44200000E-02
 2564   0.45300000E-02
 2565   0.45900000E-02
 2566   0.45900000E-02
 2567   0.45600000E-02
 2568   0.44900000E-02
 2569   0.44100000E-02
 2570   0.43300000E-02
 2571   0.42500000E-02
 2572   0.41900000E-02
 2573   0.41200000E-02
 2574   0.40600000E-02
 2575   0.39900000E-02
 2576   0.39300000E-02
 2577   0.38600000E-02
 2578   0.37900000E-02
 2579   0.20359000E+00
 2580   0.10754000E+00
 2581   0.21858000E+00
 2582   0.22527000E+00
 2583   0.21498000E+00
 2584   0.43447000E+00
 2585   0.27943000E+00
 2586   0.58424000E+00
 2587   0.32011000E+00
 2588   0.52361000E+00
 2589   0.40834000E+00
 2590   0.42941000E+00
 2591   0.43305000E+00
 2592   0.12993800E+01
 2593   0.18025010E+02
 2594   0.97048140E+02
 2595   0.80997250E+02
 2596   0.47151650E+02
 2597   0.37756750E+02
 2598   0.41600250E+02
 2599   0.46232270E+02
 2600   0.36591220E+02
 2601   0.24883650E+02
 2602   0.16466340E+02
 2603   0.10826970E+02
 2604   0.74073200E+01
 2605   0.49681300E+01
 2606   0.33392200E+01
 2607   0.22724700E+01
 2608   0.17460000E+01
 2609   0.16194600E+01
 2610   0.18709400E+01
 2611   0.16230100E+01
 2612   0.16545400E+01
 2613   0.16725100E+01
 2614   0.15978400E+01
 2615   0.18373500E+01
 2616   0.14583700E+01
 2617   0.97785000E+00
 2618   0.95215000E+00
 2619   0.91725000E+00
 2620   0.77383000E+00
 2621   0.68346000E+00
 2622   0.60245000E+00
 2623   0.53854000E+00
 2624   0.12041300E+01
 2625   0.73166000E+00
 2626   0.79092000E+00
 2627   0.86769000E+00
 2628   0.61336000E+00
 2629   0.59689000E+00
 2630   0.51494000E+00
 2631   0.46963000E+00
 2632   0.40904000E+00
 2633   0.35443000E+00
 2634   0.31437000E+00
 2635   0.28618000E+00
 2636   0.25525000E+00
 2637   0.21592000E+00
 2638   0.15614000E+00
 2639   0.16888600E+01
 2640   0.18949800E+01
 2641   0.38063900E+01
 2642   0.56625800E+01
 2643   0.68471300E+01
 2644   0.63716600E+01
 2645   0.62387500E+01
 2646   0.62062400E+01
 2647   0.57210900E+01
 2648   0.42771800E+01
 2649   0.49976700E+01
 2650   0.46143400E+01
 2651   0.48441100E+01
 2652   0.44600800E+01
 2653   0.36051800E+01
 2654   0.25256700E+01
 2655   0.18824700E+01
 2656   0.14497300E+01
 2657   0.11110300E+01
 2658   0.63210000E+00
 2659   0.60606000E+00
 2660   0.37800000E+01
 2661   0.40952800E+01
 2662   0.11198480E+02
 2663   0.22190190E+02
 2664   0.24121040E+02
 2665   0.34005890E+02
 2666   0.70372020E+02
 2667   0.92633520E+02
 2668   0.72165430E+02
 2669   0.52964570E+02
 2670   0.38976480E+02
 2671   0.26608660E+02
 2672   0.18215440E+02
 2673   0.12278500E+02
 2674   0.84050600E+01
 2675   0.57654600E+01
 2676   0.58018100E+01
 2677   0.60496800E+01
 2678   0.69173300E+01
 2679   0.74925100E+01
 2680   0.88808000E+01
 2681   0.87769700E+01
 2682   0.82270800E+01
 2683   0.71418100E+01
 2684   0.69721100E+01
 2685   0.62878600E+01
 2686   0.60677700E+01
 2687   0.52707300E+01
 2688   0.45061000E+01
 2689   0.27565400E+01
 2690   0.22207800E+01
 2691   0.17141400E+01
 2692   0.15881500E+01
 2693   0.13802500E+01
 2694   0.18466500E+01
 2695   0.43594800E+01
 2696   0.13408290E+02
 2697   0.29322960E+02
 2698   0.34722390E+02
 2699   0.29898800E+02
 2700   0.30903660E+02
 2701   0.37104250E+02
 2702   0.55266960E+02
 2703   0.75472390E+02
 2704   0.76650470E+02
 2705   0.57969550E+02
 2706   0.41204800E+02
 2707   0.33320810E+02
 2708   0.27890790E+02
 2709   0.25967660E+02
 2710   0.28206460E+02
 2711   0.39160660E+02
 2712   0.32806230E+02
 2713   0.22415620E+02
 2714   0.14605610E+02
 2715   0.95990900E+01
 2716   0.64295800E+01
 2717   0.43015000E+01
 2718   0.26512200E+01
 2719   0.20920700E+01
 2720   0.45808100E+01
 2721   0.35549694E+03
 2722   0.55069273E+03
 2723   0.52865416E+03
 2724   0.38318817E+03
 2725   0.16877473E+03
 2726   0.81883840E+02
 2727   0.44534480E+02
 2728   0.27078740E+02
 2729   0.17988820E+02
 2730   0.13870523E+03
 2731   0.57559250E+03
 2732   0.42210113E+03
 2733   0.31803629E+03
 2734   0.22502276E+03
 2735   0.84034138E+03
 2736   0.58463254E+03
 2737   0.19569950E+03
 2738   0.99594830E+02
 2739   0.75811260E+02
 2740   0.65521040E+02
 2741   0.61182020E+02
 2742   0.10317893E+03
 2743   0.19289237E+03
 2744   0.20693932E+03
 2745   0.35803604E+03
 2746   0.31164505E+03
 2747   0.25503932E+03
 2748   0.31798516E+03
 2749   0.38446945E+03
 2750   0.21987416E+03
 2751   0.26811741E+03
 2752   0.28745678E+03
 2753   0.26860323E+03
 2754   0.23965306E+03
 2755   0.16905925E+03
 2756   0.93312600E+02
 2757   0.53640620E+02
 2758   0.36343540E+02
 2759   0.46817690E+02
 2760   0.15836423E+03
 2761   0.21025170E+03
 2762   0.12541758E+03
 2763   0.65974900E+02
 2764   0.38414750E+02
 2765   0.24523240E+02
 2766   0.17214080E+02
 2767   0.12923940E+02
 2768   0.10232360E+02
 2769   0.81782500E+01
 2770   0.65071100E+01
 2771   0.48467400E+01
 2772   0.39154000E+01
 2773   0.39413800E+01
 2774   0.17370910E+02
 2775   0.36550660E+02
 2776   0.31842420E+02
 2777   0.22321890E+02
 2778   0.15285560E+02
 2779   0.11134230E+02
 2780   0.21043250E+02
 2781   0.16531953E+03
 2782   0.26622958E+03
 2783   0.19740812E+03
 2784   0.15956515E+03
 2785   0.33515663E+03
 2786   0.41322793E+03
 2787   0.19483524E+03
 2788   0.88276840E+02
 2789   0.45491420E+02
 2790   0.26009670E+02
 2791   0.22656270E+02
 2792   0.59651570E+02
 2793   0.17094001E+03
 2794   0.10931607E+03
 2795   0.58519240E+02
 2796   0.33456270E+02
 2797   0.27256830E+02
 2798   0.24207850E+02
 2799   0.22039750E+02
 2800   0.20528170E+02
 2801   0.17941700E+02
 2802   0.15251650E+02
 2803   0.17651940E+02
 2804   0.55444600E+02
 2805   0.96992660E+02
 2806   0.70447800E+02
 2807   0.43629260E+02
 2808   0.33647640E+02
 2809   0.14122062E+03
 2810   0.38618813E+03
 2811   0.26007494E+03
 2812   0.11809550E+03
 2813   0.56889370E+02
 2814   0.31070560E+02
 2815   0.18476560E+02
 2816   0.12357010E+02
 2817   0.87032600E+01
 2818   0.62203400E+01
 2819   0.44786200E+01
 2820   0.30272500E+01
 2821   0.21114000E+01
 2822   0.12805600E+01
 2823   0.10495400E+01
 2824   0.80154000E+00
 2825   0.61514000E+00
 2826   0.33799200E+01
 2827   0.92186200E+01
 2828   0.58112760E+02
 2829   0.11259659E+03
 2830   0.86269240E+02
 2831   0.51023750E+02
 2832   0.30002380E+02
 2833   0.17790040E+02
 2834   0.11358300E+02
 2835   0.76085900E+01
 2836   0.50590600E+01
 2837   0.35911300E+01
 2838   0.24128500E+01
 2839   0.17985700E+01
 2840   0.13534300E+01
 2841   0.10181700E+01
 2842   0.76529000E+00
 2843   0.43460000E+00
 2844   0.34439000E+00
 2845   0.72176000E+00
 2846   0.71064000E+00
 2847   0.12446800E+01
 2848   0.24684500E+01
 2849   0.35245400E+01
 2850   0.38142400E+01
 2851   0.36247400E+01
 2852   0.30754600E+01
 2853   0.21173400E+01
 2854   0.17225100E+01
 2855   0.12680700E+01
 2856   0.93639000E+00
 2857   0.71661000E+00
 2858   0.56465000E+00
 2859   0.39845000E+00
 2860   0.30362000E+00
 2861   0.24026000E+00
 2862   0.14771000E+00
 2863   0.97770000E-01
 2864   0.70190000E-01
 2865   0.53270000E-01
 2866   0.42080000E-01
 2867   0.34240000E-01
 2868   0.28510000E-01
 2869   0.24170000E-01
 2870   0.20800000E-01
 2871   0.18120000E-01
 2872   0.15950000E-01
 2873   0.14160000E-01
 2874   0.12670000E-01
 2875   0.11410000E-01
 2876   0.17945100E+01
 2877   0.18338900E+01
 2878   0.32843400E+01
 2879   0.58534300E+01
 2880   0.75102400E+01
 2881   0.68625800E+01
 2882   0.53185200E+01
 2883   0.40177000E+01
 2884   0.22699000E+01
 2885   0.17078400E+01
 2886   0.12455000E+01
 2887   0.92401000E+00
 2888   0.70514000E+00
 2889   0.56038000E+00
 2890   0.41976000E+00
 2891   0.34248000E+00
 2892   0.28003000E+00
 2893   0.22473000E+00
 2894   0.14526000E+00
 2895   0.99670000E-01
 2896   0.73290000E-01
 2897   0.56570000E-01
 2898   0.45210000E-01
 2899   0.37100000E-01
 2900   0.31070000E-01
 2901   0.26450000E-01
 2902   0.22820000E-01
 2903   0.19920000E-01
 2904   0.17550000E-01
 2905   0.15580000E-01
 2906   0.13940000E-01
 2907   0.12550000E-01
 2908   0.11360000E-01
 2909   0.10330000E-01
 2910   0.94400000E-02
 2911   0.86600000E-02
 2912   0.79700000E-02
 2913   0.73700000E-02
 2914   0.68200000E-02
 2915   0.63400000E-02
 2916   0.59100000E-02
 2917   0.55200000E-02
 2918   0.51600000E-02
 2919   0.48400000E-02
 2920   0.45500000E-02
 2921   0.42800000E-02
 2922   0.40400000E-02
 2923   0.17850000E-01
 2924   0.16872700E+01
 2925   0.32727600E+01
 2926   0.78329100E+01
 2927   0.17910170E+02
 2928   0.20510760E+02
 2929   0.16817990E+02
 2930   0.12135690E+02
 2931   0.84787400E+01
 2932   0.58813600E+01
 2933   0.41161400E+01
 2934   0.26768600E+01
 2935   0.15519000E+01
 2936   0.12336400E+01
 2937   0.15365300E+01
 2938   0.43040600E+01
 2939   0.90168800E+01
 2940   0.17477730E+02
 2941   0.19897550E+02
 2942   0.16591040E+02
 2943   0.12081420E+02
 2944   0.83669000E+01
 2945   0.51456400E+01
 2946   0.36679800E+01
 2947   0.23508300E+01
 2948   0.16763500E+01
 2949   0.12790300E+01
 2950   0.99689000E+00
 2951   0.78588000E+00
 2952   0.63116000E+00
 2953   0.50086000E+00
 2954   0.49932500E+01
 2955   0.64743600E+01
 2956   0.14498180E+02
 2957   0.19171310E+02
 2958   0.17632300E+02
 2959   0.16151610E+02
 2960   0.15741560E+02
 2961   0.14350330E+02
 2962   0.11377480E+02
 2963   0.84631500E+01
 2964   0.76669300E+01
 2965   0.17703420E+02
 2966   0.61034940E+02
 2967   0.79241750E+02
 2968   0.51697610E+02
 2969   0.31777060E+02
 2970   0.24754350E+02
 2971   0.20439410E+02
 2972   0.18678190E+02
 2973   0.16723450E+02
 2974   0.13507040E+02
 2975   0.99788400E+01
 2976   0.66008100E+01
 2977   0.49269000E+01
 2978   0.39879000E+01
 2979   0.38336300E+01
 2980   0.37066700E+01
 2981   0.45384100E+01
 2982   0.49307800E+01
 2983   0.56461100E+01
 2984   0.56312400E+01
 2985   0.51060700E+01
 2986   0.38067000E+01
 2987   0.30346600E+01
 2988   0.50662200E+01
 2989   0.15410240E+02
 2990   0.42088660E+02
 2991   0.47327330E+02
 2992   0.45685310E+02
 2993   0.45641050E+02
 2994   0.42641480E+02
 2995   0.31971750E+02
 2996   0.21929980E+02
 2997   0.13901440E+02
 2998   0.92805200E+01
 2999   0.75425200E+01
 3000   0.15909440E+02
 3001   0.44440400E+02
 3002   0.75781730E+02
 3003   0.82303430E+02
 3004   0.87451050E+02
 3005   0.70346270E+02
 3006   0.45249460E+02
 3007   0.27464710E+02
 3008   0.17575030E+02
 3009   0.11381690E+02
 3010   0.76879200E+01
 3011   0.59888300E+01
 3012   0.45847300E+01
 3013   0.36939000E+01
 3014   0.26588000E+01
 3015   0.32399200E+01
 3016   0.26100500E+01
 3017   0.24559700E+01
 3018   0.30317800E+01
 3019   0.38580900E+01
 3020   0.39664000E+01
 3021   0.39711100E+01
 3022   0.37311200E+01
 3023   0.29942000E+01
 3024   0.24116000E+01
 3025   0.19165500E+01
 3026   0.14898900E+01
 3027   0.97516000E+00
 3028   0.10939200E+01
 3029   0.30642800E+01
 3030   0.43503100E+01
 3031   0.79364600E+01
 3032   0.11152340E+02
 3033   0.12519100E+02
 3034   0.11861640E+02
 3035   0.10143380E+02
 3036   0.93853800E+01
 3037   0.23482560E+02
 3038   0.56083010E+02
 3039   0.66070370E+02
 3040   0.44535240E+02
 3041   0.27651250E+02
 3042   0.18076920E+02
 3043   0.11952610E+02
 3044   0.81826500E+01
 3045   0.55987900E+01
 3046   0.39278700E+01
 3047   0.25217800E+01
 3048   0.14528500E+01
 3049   0.12936400E+01
 3050   0.46537400E+01
 3051   0.14943290E+02
 3052   0.98538790E+02
 3053   0.10086690E+03
 3054   0.64816770E+02
 3055   0.40764870E+02
 3056   0.28828520E+02
 3057   0.25195500E+02
 3058   0.23249440E+02
 3059   0.31415950E+02
 3060   0.56505110E+02
 3061   0.76306140E+02
 3062   0.62865420E+02
 3063   0.42765310E+02
 3064   0.28861930E+02
 3065   0.19901040E+02
 3066   0.13552040E+02
 3067   0.91636500E+01
 3068   0.57606600E+01
 3069   0.46298300E+01
 3070   0.35302100E+01
 3071   0.25219800E+01
 3072   0.22390600E+01
 3073   0.17252000E+01
 3074   0.49899700E+01
 3075   0.16297500E+02
 3076   0.80478050E+02
 3077   0.11511229E+03
 3078   0.84680570E+02
 3079   0.48873450E+02
 3080   0.29690330E+02
 3081   0.21612950E+02
 3082   0.22485890E+02
 3083   0.24664860E+02
 3084   0.30636920E+02
 3085   0.52515000E+02
 3086   0.25311226E+03
 3087   0.28007975E+03
 3088   0.18791795E+03
 3089   0.25702854E+03
 3090   0.15182333E+03
 3091   0.79721000E+02
 3092   0.46345200E+02
 3093   0.29724720E+02
 3094   0.20279460E+02
 3095   0.13883700E+02
 3096   0.93931100E+01
 3097   0.63730900E+01
 3098   0.43263700E+01
 3099   0.39223900E+01
 3100   0.10681860E+02
 3101   0.11810420E+03
 3102   0.14011267E+03
 3103   0.87939000E+02
 3104   0.51480080E+02
 3105   0.31504080E+02
 3106   0.20940460E+02
 3107   0.16364610E+02
 3108   0.14617930E+02
 3109   0.12716950E+02
 3110   0.12488870E+02
 3111   0.14435460E+02
 3112   0.19074190E+02
 3113   0.25452330E+02
 3114   0.27753190E+02
 3115   0.27902530E+02
 3116   0.25021440E+02
 3117   0.20062130E+02
 3118   0.14471190E+02
 3119   0.97764500E+01
 3120   0.60257300E+01
 3121   0.40601200E+01
 3122   0.26345700E+01
 3123   0.17730100E+01
 3124   0.13533100E+01
 3125   0.10676300E+01
 3126   0.20406100E+01
 3127   0.62116600E+01
 3128   0.12587010E+02
 3129   0.24450270E+02
 3130   0.27727690E+02
 3131   0.25032260E+02
 3132   0.19216370E+02
 3133   0.14644800E+02
 3134   0.14213400E+02
 3135   0.18406680E+02
 3136   0.25023770E+02
 3137   0.36250880E+02
 3138   0.62781180E+02
 3139   0.79545650E+02
 3140   0.76679270E+02
 3141   0.71398580E+02
 3142   0.81808270E+02
 3143   0.13537346E+03
 3144   0.15271685E+03
 3145   0.14170955E+03
 3146   0.17114629E+03
 3147   0.24047124E+03
 3148   0.33354992E+03
 3149   0.44019519E+03
 3150   0.31399231E+03
 3151   0.14978260E+03
 3152   0.76162310E+02
 3153   0.42143270E+02
 3154   0.25145190E+02
 3155   0.15917350E+02
 3156   0.13583910E+02
 3157   0.12050720E+02
 3158   0.12398830E+02
 3159   0.14269500E+02
 3160   0.18916000E+02
 3161   0.17062360E+02
 3162   0.13666750E+02
 3163   0.10427330E+02
 3164   0.82752200E+01
 3165   0.66967300E+01
 3166   0.53981900E+01
 3167   0.10101500E+02
 3168   0.13809240E+02
 3169   0.18939580E+02
 3170   0.19271580E+02
 3171   0.16164580E+02
 3172   0.13201460E+02
 3173   0.10560780E+02
 3174   0.83735600E+01
 3175   0.63798800E+01
 3176   0.50301800E+01
 3177   0.38261600E+01
 3178   0.27376200E+01
 3179   0.21227500E+01
 3180   0.16960100E+01
 3181   0.10626600E+01
 3182   0.87389900E+01
 3183   0.52370690E+02
 3184   0.95294670E+02
 3185   0.66141860E+02
 3186   0.39672510E+02
 3187   0.24286370E+02
 3188   0.23735010E+02
 3189   0.23969350E+02
 3190   0.26280530E+02
 3191   0.35271310E+02
 3192   0.39330170E+02
 3193   0.30135650E+02
 3194   0.19615520E+02
 3195   0.12367780E+02
 3196   0.80400900E+01
 3197   0.51774800E+01
 3198   0.33842900E+01
 3199   0.20912300E+01
 3200   0.14358200E+01
 3201   0.10229700E+01
 3202   0.53234000E+00
 3203   0.48250000E+00
 3204   0.35138000E+00
 3205   0.28478000E+00
 3206   0.23190000E+00
 3207   0.15023000E+00
 3208   0.10200000E+00
 3209   0.74450000E-01
 3210   0.57160000E-01
 3211   0.45510000E-01
 3212   0.37230000E-01
 3213   0.31110000E-01
 3214   0.26430000E-01
 3215   0.22770000E-01
 3216   0.19850000E-01
 3217   0.17470000E-01
 3218   0.15500000E-01
 3219   0.13860000E-01
 3220   0.12470000E-01
 3221   0.11280000E-01
 3222   0.10250000E-01
 3223   0.93600000E-02
 3224   0.85900000E-02
 3225   0.79000000E-02
 3226   0.73000000E-02
 3227   0.67600000E-02
 3228   0.62800000E-02
 3229   0.58500000E-02
 3230   0.54600000E-02
 3231   0.51100000E-02
 3232   0.47900000E-02
 3233   0.45000000E-02
 3234   0.42400000E-02
 3235   0.40000000E-02
 3236   0.37800000E-02
 3237   0.35700000E-02
 3238   0.33800000E-02
 3239   0.32100000E-02
 3240   0.12592000E+00
 3241   0.31301000E+00
 3242   0.35128000E+00
 3243   0.42490000E+00
 3244   0.47106000E+00
 3245   0.57446000E+00
 3246   0.66681000E+00
 3247   0.68880000E+00
 3248   0.68839000E+00
 3249   0.62795000E+00
 3250   0.56196000E+00
 3251   0.46315000E+00
 3252   0.36892000E+00
 3253   0.28690000E+00
 3254   0.22985000E+00
 3255   0.17906000E+00
 3256   0.13266000E+00
 3257   0.10048000E+00
 3258   0.78160000E-01
 3259   0.62310000E-01
 3260   0.50750000E-01
 3261   0.42090000E-01
 3262   0.35460000E-01
 3263   0.30270000E-01
 3264   0.26140000E-01
 3265   0.22790000E-01
 3266   0.20050000E-01
 3267   0.17770000E-01
 3268   0.15860000E-01
 3269   0.14240000E-01
 3270   0.12860000E-01
 3271   0.11660000E-01
 3272   0.10630000E-01
 3273   0.97200000E-02
 3274   0.89300000E-02
 3275   0.82300000E-02
 3276   0.76000000E-02
 3277   0.70500000E-02
 3278   0.65500000E-02
 3279   0.61000000E-02
 3280   0.21644000E+00
 3281   0.18380000E+00
 3282   0.25730000E+00
 3283   0.25945000E+00
 3284   0.23133000E+00
 3285   0.17877000E+00
 3286   0.13316000E+00
 3287   0.10147000E+00
 3288   0.79380000E-01
 3289   0.63580000E-01
 3290   0.51970000E-01
 3291   0.43220000E-01
 3292   0.36500000E-01
 3293   0.31840000E-01
 3294   0.31940000E-01
 3295   0.36920000E-01
 3296   0.40800000E-01
 3297   0.40910000E-01
 3298   0.38520000E-01
 3299   0.35150000E-01
 3300   0.31600000E-01
 3301   0.28260000E-01
 3302   0.25760000E-01
 3303   0.27660000E-01
 3304   0.35840000E-01
 3305   0.42510000E-01
 3306   0.43580000E-01
 3307   0.41180000E-01
 3308   0.37450000E-01
 3309   0.62360000E-01
 3310   0.58220000E-01
 3311   0.93500000E-01
 3312   0.13994000E+00
 3313   0.17626000E+00
 3314   0.18248000E+00
 3315   0.17633000E+00
 3316   0.16618000E+00
 3317   0.21029000E+00
 3318   0.12609600E+01
 3319   0.37908400E+01
 3320   0.72517400E+01
 3321   0.16526520E+02
 3322   0.37099390E+02
 3323   0.69800380E+02
 3324   0.77095770E+02
 3325   0.53194330E+02
 3326   0.33970880E+02
 3327   0.24553010E+02
 3328   0.20369040E+02
 3329   0.19213580E+02
 3330   0.20337970E+02
 3331   0.19236870E+02
 3332   0.15775220E+02
 3333   0.11682120E+02
 3334   0.82786800E+01
 3335   0.52074600E+01
 3336   0.37318900E+01
 3337   0.23614500E+01
 3338   0.16994300E+01
 3339   0.12718500E+01
 3340   0.97801000E+00
 3341   0.75497000E+00
 3342   0.17686100E+01
 3343   0.64095600E+01
 3344   0.19196690E+02
 3345   0.37565940E+02
 3346   0.33635660E+02
 3347   0.23599020E+02
 3348   0.15831710E+02
 3349   0.10612190E+02
 3350   0.73324900E+01
 3351   0.49473300E+01
 3352   0.35359900E+01
 3353   0.22404600E+01
 3354   0.18151500E+01
 3355   0.38339400E+01
 3356   0.43054400E+01
 3357   0.22946590E+02
 3358   0.72400040E+02
 3359   0.89206320E+02
 3360   0.68836660E+02
 3361   0.59090230E+02
 3362   0.60259320E+02
 3363   0.57570590E+02
 3364   0.52488590E+02
 3365   0.46457160E+02
 3366   0.38616790E+02
 3367   0.28591120E+02
 3368   0.20066800E+02
 3369   0.13991440E+02
 3370   0.97459900E+01
 3371   0.69972400E+01
 3372   0.48997600E+01
 3373   0.35582800E+01
 3374   0.23684000E+01
 3375   0.17176700E+01
 3376   0.96413000E+00
 3377   0.10740400E+01
 3378   0.86557000E+00
 3379   0.78848000E+00
 3380   0.68815000E+00
 3381   0.58615000E+00
 3382   0.51156000E+00
 3383   0.68455000E+00
 3384   0.62715000E+00
 3385   0.68030000E+00
 3386   0.58528000E+00
 3387   0.60836000E+00
 3388   0.60309000E+00
 3389   0.59118000E+00
 3390   0.54980000E+00
 3391   0.50191000E+00
 3392   0.43695000E+00
 3393   0.57829000E+00
 3394   0.58124000E+00
 3395   0.10909400E+01
 3396   0.85771000E+00
 3397   0.35560100E+01
 3398   0.13800080E+02
 3399   0.37793470E+02
 3400   0.52722380E+02
 3401   0.44286380E+02
 3402   0.32446890E+02
 3403   0.22454840E+02
 3404   0.15383890E+02
 3405   0.17002660E+02
 3406   0.19169760E+02
 3407   0.21393210E+02
 3408   0.18869830E+02
 3409   0.13928370E+02
 3410   0.96017800E+01
 3411   0.66389500E+01
 3412   0.44969600E+01
 3413   0.29075700E+01
 3414   0.20231700E+01
 3415   0.55866700E+01
 3416   0.68164800E+01
 3417   0.12285280E+02
 3418   0.15266140E+02
 3419   0.12374520E+02
 3420   0.87469700E+01
 3421   0.59307800E+01
 3422   0.40521700E+01
 3423   0.48246300E+01
 3424   0.59962500E+01
 3425   0.81469100E+01
 3426   0.98032900E+01
 3427   0.86170600E+01
 3428   0.74463000E+01
 3429   0.65522500E+01
 3430   0.55856100E+01
 3431   0.50163000E+01
 3432   0.44589300E+01
 3433   0.38523100E+01
 3434   0.30527600E+01
 3435   0.23366900E+01
 3436   0.19259500E+01
 3437   0.34614100E+01
 3438   0.48272300E+01
 3439   0.10859900E+02
 3440   0.20433520E+02
 3441   0.19774120E+02
 3442   0.14947230E+02
 3443   0.10493330E+02
 3444   0.82240900E+01
 3445   0.62241900E+01
 3446   0.54213800E+01
 3447   0.45417300E+01
 3448   0.36452400E+01
 3449   0.15172190E+02
 3450   0.52853080E+02
 3451   0.72137830E+02
 3452   0.49654680E+02
 3453   0.32511770E+02
 3454   0.22896830E+02
 3455   0.21412350E+02
 3456   0.47872490E+02
 3457   0.55601250E+02
 3458   0.47958840E+02
 3459   0.54296430E+02
 3460   0.62818380E+02
 3461   0.59283190E+02
 3462   0.55659440E+02
 3463   0.46215080E+02
 3464   0.61060040E+02
 3465   0.14894892E+03
 3466   0.10462481E+03
 3467   0.55213970E+02
 3468   0.30080430E+02
 3469   0.14196997E+03
 3470   0.37624117E+03
 3471   0.25826503E+03
 3472   0.22792844E+03
 3473   0.18788601E+03
 3474   0.13605820E+03
 3475   0.10746175E+03
 3476   0.10132603E+03
 3477   0.11585700E+03
 3478   0.14250975E+03
 3479   0.12513194E+03
 3480   0.11220315E+03
 3481   0.10839372E+03
 3482   0.87806940E+02
 3483   0.58291960E+02
 3484   0.36853470E+02
 3485   0.38904120E+02
 3486   0.18185371E+03
 3487   0.29779514E+03
 3488   0.21051087E+03
 3489   0.12146660E+03
 3490   0.91815110E+02
 3491   0.67727730E+02
 3492   0.66658210E+02
 3493   0.10267908E+03
 3494   0.30537999E+03
 3495   0.32885409E+03
 3496   0.23357996E+03
 3497   0.15995274E+03
 3498   0.11823204E+03
 3499   0.84732730E+02
 3500   0.55094150E+02
 3501   0.36163830E+02
 3502   0.24193790E+02
 3503   0.17200560E+02
 3504   0.12735930E+02
 3505   0.11845080E+02
 3506   0.13105740E+02
 3507   0.24178630E+02
 3508   0.34222480E+02
 3509   0.42891470E+02
 3510   0.86620780E+02
 3511   0.84622340E+02
 3512   0.10351011E+03
 3513   0.28190832E+03
 3514   0.22923242E+03
 3515   0.13209300E+03
 3516   0.72355920E+02
 3517   0.40843970E+02
 3518   0.24472630E+02
 3519   0.14596400E+02
 3520   0.16409810E+02
 3521   0.31336820E+02
 3522   0.90655330E+02
 3523   0.10636589E+03
 3524   0.11082926E+03
 3525   0.83040900E+02
 3526   0.50573220E+02
 3527   0.30553150E+02
 3528   0.18992550E+02
 3529   0.12030170E+02
 3530   0.75494600E+01
 3531   0.49993600E+01
 3532   0.32888800E+01
 3533   0.87957300E+01
 3534   0.13713270E+02
 3535   0.35237290E+02
 3536   0.34297310E+02
 3537   0.24105070E+02
 3538   0.16068110E+02
 3539   0.10615930E+02
 3540   0.67191000E+01
 3541   0.44668100E+01
 3542   0.26943900E+01
 3543   0.18073000E+01
 3544   0.12924700E+01
 3545   0.94517000E+00
 3546   0.70374000E+00
 3547   0.52681000E+00
 3548   0.35829000E+00
 3549   0.28995000E+00
 3550   0.21012000E+00
 3551   0.13693000E+00
 3552   0.96380000E-01
 3553   0.72100000E-01
 3554   0.56290000E-01
 3555   0.45350000E-01
 3556   0.37410000E-01
 3557   0.31460000E-01
 3558   0.26860000E-01
 3559   0.23220000E-01
 3560   0.20290000E-01
 3561   0.17900000E-01
 3562   0.17280000E-01
 3563   0.17790000E+00
 3564   0.28137000E+00
 3565   0.28630000E+00
 3566   0.36167000E+00
 3567   0.30400400E+01
 3568   0.94040500E+01
 3569   0.10695540E+02
 3570   0.81454900E+01
 3571   0.52665400E+01
 3572   0.37532200E+01
 3573   0.23499000E+01
 3574   0.16456800E+01
 3575   0.12152100E+01
 3576   0.91047000E+00
 3577   0.68811000E+00
 3578   0.53039000E+00
 3579   0.38739000E+00
 3580   0.31529000E+00
 3581   0.23547000E+00
 3582   0.16020000E+00
 3583   0.12189000E+00
 3584   0.98620000E-01
 3585   0.80910000E-01
 3586   0.66830000E-01
 3587   0.55660000E-01
 3588   0.46820000E-01
 3589   0.39780000E-01
 3590   0.34130000E-01
 3591   0.29540000E-01
 3592   0.25790000E-01
 3593   0.22690000E-01
 3594   0.20100000E-01
 3595   0.17920000E-01
 3596   0.16060000E-01
 3597   0.14470000E-01
 3598   0.13110000E-01
 3599   0.11920000E-01
 3600   0.10880000E-01
 3601   0.99700000E-02
 3602   0.91700000E-02
 3603   0.84600000E-02
 3604   0.78300000E-02
 3605   0.72600000E-02
 3606   0.80100000E-02
 3607   0.15795000E+00
 3608   0.24045000E+00
 3609   0.25428000E+00
 3610   0.24083000E+00
 3611   0.20431000E+00
 3612   0.13661000E+00
 3613   0.91850000E-01
 3614   0.65210000E-01
 3615   0.48460000E-01
 3616   0.39186100E+01
 3617   0.14051770E+02
 3618   0.90004870E+02
 3619   0.99128840E+02
 3620   0.69741050E+02
 3621   0.47524130E+02
 3622   0.30466170E+02
 3623   0.20011200E+02
 3624   0.13034540E+02
 3625   0.87089700E+01
 3626   0.58414600E+01
 3627   0.40120300E+01
 3628   0.25340800E+01
 3629   0.43663600E+01
 3630   0.67902900E+01
 3631   0.15196320E+02
 3632   0.28881530E+02
 3633   0.44746140E+02
 3634   0.40543640E+02
 3635   0.27548560E+02
 3636   0.17960230E+02
 3637   0.11677470E+02
 3638   0.78890400E+01
 3639   0.53056000E+01
 3640   0.37008600E+01
 3641   0.23194400E+01
 3642   0.13177800E+01
 3643   0.10704800E+01
 3644   0.81983000E+00
 3645   0.63581000E+00
 3646   0.50205000E+00
 3647   0.36288000E+00
 3648   0.29788000E+00
 3649   0.25931000E+00
 3650   0.19512000E+00
 3651   0.12940000E+00
 3652   0.91930000E-01
 3653   0.69180000E-01
 3654   0.54240000E-01
 3655   0.43840000E-01
 3656   0.36260000E-01
 3657   0.30550000E-01
 3658   0.26120000E-01
 3659   0.22620000E-01
 3660   0.19790000E-01
 3661   0.17470000E-01
 3662   0.15540000E-01
 3663   0.13920000E-01
 3664   0.12540000E-01
 3665   0.11360000E-01
 3666   0.10340000E-01
 3667   0.94600000E-02
 3668   0.86800000E-02
 3669   0.79900000E-02
 3670   0.73900000E-02
 3671   0.68400000E-02
 3672   0.63600000E-02
 3673   0.59300000E-02
 3674   0.55400000E-02
 3675   0.51800000E-02
 3676   0.48600000E-02
 3677   0.45700000E-02
 3678   0.43100000E-02
 3679   0.40600000E-02
 3680   0.38400000E-02
 3681   0.36400000E-02
 3682   0.34500000E-02
 3683   0.32800000E-02
 3684   0.31200000E-02
 3685   0.29700000E-02
 3686   0.28300000E-02
 3687   0.27000000E-02
 3688   0.25800000E-02
 3689   0.34761000E+00
 3690   0.35286200E+01
 3691   0.63905600E+01
 3692   0.16591820E+02
 3693   0.22473790E+02
 3694   0.20053940E+02
 3695   0.17443850E+02
 3696   0.15366930E+02
 3697   0.14829050E+02
 3698   0.13962170E+02
 3699   0.11570640E+02
 3700   0.86983400E+01
 3701   0.63700600E+01
 3702   0.45771100E+01
 3703   0.31489400E+01
 3704   0.17703900E+01
 3705   0.13838400E+01
 3706   0.10461000E+01
 3707   0.80959000E+00
 3708   0.61802000E+00
 3709   0.46309000E+00
 3710   0.38288000E+00
 3711   0.33304000E+00
 3712   0.44227000E+00
 3713   0.27416000E+00
 3714   0.23150000E+00
 3715   0.20673000E+00
 3716   0.18761000E+00
 3717   0.65094000E+00
 3718   0.45819000E+00
 3719   0.53107000E+00
 3720   0.60045000E+00
 3721   0.60588000E+00
 3722   0.54910000E+00
 3723   0.47471000E+00
 3724   0.35292000E+00
 3725   0.30068000E+00
 3726   0.26775000E+00
 3727   0.23012000E+00
 3728   0.18250000E+00
 3729   0.89722000E+00
 3730   0.47010000E+00
 3731   0.62010000E+00
 3732   0.72659000E+00
 3733   0.93849000E+00
 3734   0.56404000E+01
 3735   0.71662100E+01
 3736   0.24402120E+02
 3737   0.31641690E+02
 3738   0.27343070E+02
 3739   0.20679810E+02
 3740   0.14703950E+02
 3741   0.10082220E+02
 3742   0.70766900E+01
 3743   0.48330000E+01
 3744   0.32983400E+01
 3745   0.17831800E+01
 3746   0.13793400E+01
 3747   0.10307400E+01
 3748   0.12087100E+01
 3749   0.37626800E+01
 3750   0.36795800E+01
 3751   0.64112500E+01
 3752   0.90179600E+01
 3753   0.94795000E+01
 3754   0.90058100E+01
 3755   0.81264500E+01
 3756   0.92520500E+01
 3757   0.10644660E+02
 3758   0.13627880E+02
 3759   0.14472110E+02
 3760   0.18501980E+02
 3761   0.29568430E+02
 3762   0.49414940E+02
 3763   0.43578530E+02
 3764   0.30695370E+02
 3765   0.20163360E+02
 3766   0.13858450E+02
 3767   0.94748100E+01
 3768   0.65313800E+01
 3769   0.44059800E+01
 3770   0.28002700E+01
 3771   0.19614800E+01
 3772   0.14507800E+01
 3773   0.11253100E+01
 3774   0.85964000E+00
 3775   0.70369000E+00
 3776   0.43183000E+00
 3777   0.36568000E+00
 3778   0.32915000E+00
 3779   0.29886000E+00
 3780   0.27168000E+00
 3781   0.72216800E+01
 3782   0.19979750E+02
 3783   0.49660600E+02
 3784   0.46592490E+02
 3785   0.36719370E+02
 3786   0.27695940E+02
 3787   0.26138760E+02
 3788   0.28710710E+02
 3789   0.34137270E+02
 3790   0.32385530E+02
 3791   0.24432040E+02
 3792   0.17074260E+02
 3793   0.11479490E+02
 3794   0.78387600E+01
 3795   0.52811000E+01
 3796   0.36891300E+01
 3797   0.12650900E+02
 3798   0.57849240E+02
 3799   0.12115054E+03
 3800   0.99779860E+02
 3801   0.68235860E+02
 3802   0.46467210E+02
 3803   0.32163360E+02
 3804   0.24766890E+02
 3805   0.20902400E+02
 3806   0.75521360E+02
 3807   0.20156623E+03
 3808   0.11204017E+03
 3809   0.70133240E+02
 3810   0.65208240E+02
 3811   0.64696410E+02
 3812   0.57662700E+02
 3813   0.40856890E+02
 3814   0.26543430E+02
 3815   0.17591540E+02
 3816   0.11710760E+02
 3817   0.75613200E+01
 3818   0.54126800E+01
 3819   0.55375400E+01
 3820   0.86313500E+01
 3821   0.94456600E+01
 3822   0.76415300E+01
 3823   0.61493300E+01
 3824   0.78972200E+01
 3825   0.21994900E+02
 3826   0.16351186E+03
 3827   0.22334673E+03
 3828   0.13092987E+03
 3829   0.76729220E+02
 3830   0.13961980E+03
 3831   0.54395978E+03
 3832   0.66142047E+03
 3833   0.55765192E+03
 3834   0.66704160E+03
 3835   0.67987755E+03
 3836   0.34709529E+03
 3837   0.24660578E+03
 3838   0.26070636E+03
 3839   0.22587143E+03
 3840   0.21195879E+03
 3841   0.20011209E+03
 3842   0.16288046E+03
 3843   0.11081477E+03
 3844   0.75002340E+02
 3845   0.75757780E+02
 3846   0.10127863E+03
 3847   0.13819762E+03
 3848   0.15990369E+03
 3849   0.92679660E+02
 3850   0.52558450E+02
 3851   0.58875010E+02
 3852   0.14472329E+03
 3853   0.36755468E+03
 3854   0.35357184E+03
 3855   0.23432870E+03
 3856   0.12001442E+03
 3857   0.60871790E+02
 3858   0.34341590E+02
 3859   0.21313530E+02
 3860   0.15144140E+02
 3861   0.38192460E+02
 3862   0.38120962E+03
 3863   0.31831810E+03
 3864   0.13332884E+03
 3865   0.62181600E+02
 3866   0.34397720E+02
 3867   0.21473160E+02
 3868   0.14227190E+02
 3869   0.12925610E+02
 3870   0.17939480E+02
 3871   0.24033290E+02
 3872   0.23706280E+02
 3873   0.19687520E+02
 3874   0.14896940E+02
 3875   0.10654030E+02
 3876   0.76445600E+01
 3877   0.60970200E+01
 3878   0.56653300E+01
 3879   0.42334890E+02
 3880   0.30138717E+03
 3881   0.17022953E+03
 3882   0.10009848E+03
 3883   0.59638040E+02
 3884   0.37400290E+02
 3885   0.25430910E+02
 3886   0.21916770E+02
 3887   0.35585590E+02
 3888   0.41106340E+02
 3889   0.31885680E+02
 3890   0.22207410E+02
 3891   0.15607360E+02
 3892   0.13762600E+02
 3893   0.12012740E+02
 3894   0.10698500E+02
 3895   0.85456600E+01
 3896   0.70895200E+01
 3897   0.66879200E+01
 3898   0.66272400E+01
 3899   0.11796580E+02
 3900   0.19454470E+02
 3901   0.18150647E+03
 3902   0.40722466E+03
 3903   0.29585686E+03
 3904   0.14131255E+03
 3905   0.68962160E+02
 3906   0.37860720E+02
 3907   0.23130100E+02
 3908   0.14553770E+02
 3909   0.89461300E+01
 3910   0.62110300E+01
 3911   0.10766200E+02
 3912   0.16471330E+02
 3913   0.18806860E+02
 3914   0.14630660E+02
 3915   0.10149680E+02
 3916   0.71128600E+01
 3917   0.48516900E+01
 3918   0.33440600E+01
 3919   0.19797200E+01
 3920   0.16235100E+01
 3921   0.13105400E+01
 3922   0.98724000E+00
 3923   0.69674600E+01
 3924   0.10649510E+02
 3925   0.28714600E+02
 3926   0.31433750E+02
 3927   0.23405400E+02
 3928   0.24057730E+02
 3929   0.35291270E+02
 3930   0.44528690E+02
 3931   0.35491150E+02
 3932   0.23920740E+02
 3933   0.15556950E+02
 3934   0.10166900E+02
 3935   0.68457100E+01
 3936   0.44959800E+01
 3937   0.27705400E+01
 3938   0.18642900E+01
 3939   0.13215500E+01
 3940   0.70663000E+00
 3941   0.60490000E+00
 3942   0.43256000E+00
 3943   0.32668000E+00
 3944   0.27772000E+00
 3945   0.22178000E+00
 3946   0.14537000E+00
 3947   0.10064000E+00
 3948   0.74420000E-01
 3949   0.57640000E-01
 3950   0.46170000E-01
 3951   0.37940000E-01
 3952   0.31800000E-01
 3953   0.27090000E-01
 3954   0.23380000E-01
 3955   0.20400000E-01
 3956   0.17970000E-01
 3957   0.15960000E-01
 3958   0.14270000E-01
 3959   0.12840000E-01
 3960   0.11620000E-01
 3961   0.10570000E-01
 3962   0.96500000E-02
 3963   0.88500000E-02
 3964   0.81500000E-02
 3965   0.75200000E-02
 3966   0.69700000E-02
 3967   0.64700000E-02
 3968   0.60300000E-02
 3969   0.56300000E-02
 3970   0.52600000E-02
 3971   0.49400000E-02
 3972   0.46400000E-02
 3973   0.43600000E-02
 3974   0.41100000E-02
 3975   0.38800000E-02
 3976   0.36700000E-02
 3977   0.34800000E-02
 3978   0.33000000E-02
 3979   0.31300000E-02
 3980   0.29800000E-02
 3981   0.28400000E-02
 3982   0.27000000E-02
 3983   0.25800000E-02
 3984   0.24600000E-02
 3985   0.23600000E-02
 3986   0.22600000E-02
 3987   0.21600000E-02
 3988   0.20700000E-02
 3989   0.19900000E-02
 3990   0.19100000E-02
 3991   0.18300000E-02
 3992   0.17600000E-02
 3993   0.17000000E-02
 3994   0.16300000E-02
 3995   0.15700000E-02
 3996   0.15200000E-02
 3997   0.14600000E-02
 3998   0.14100000E-02
 3999   0.13700000E-02
 4000   0.13200000E-02
 4001   0.12800000E-02
 4002   0.12400000E-02
 4003   0.12000000E-02
 4004   0.11600000E-02
 4005   0.11200000E-02
 4006   0.10900000E-02
 4007   0.10600000E-02
 4008   0.10200000E-02
 4009   0.99000000E-03
 4010   0.97000000E-03
 4011   0.94000000E-03
 4012   0.91000000E-03
 4013   0.89000000E-03
 4014   0.86000000E-03
 4015   0.84000000E-03
 4016   0.82000000E-03
 4017   0.80000000E-03
 4018   0.77000000E-03
 4019   0.76000000E-03
 4020   0.74000000E-03
 4021   0.72000000E-03
 4022   0.70000000E-03
 4023   0.68000000E-03
 4024   0.67000000E-03
 4025   0.65000000E-03
 4026   0.63000000E-03
 4027   0.62000000E-03
 4028   0.61000000E-03
 4029   0.59000000E-03
 4030   0.58000000E-03
 4031   0.57000000E-03
 4032   0.55000000E-03
 4033   0.54000000E-03
 4034   0.53000000E-03
 4035   0.52000000E-03
 4036   0.51000000E-03
 4037   0.50000000E-03
 4038   0.49000000E-03
 4039   0.48000000E-03
 4040   0.47000000E-03
 4041   0.46000000E-03
 4042   0.45000000E-03
 4043   0.44000000E-03
 4044   0.43000000E-03
 4045   0.42000000E-03
 4046   0.97000000E-03
 4047   0.81000000E-03
 4048   0.67000000E-03
 4049   0.57000000E-03
 4050   0.52000000E-03
 4051   0.35165200E+01
 4052   0.11408700E+01
 4053   0.37727400E+01
 4054   0.74306500E+01
 4055   0.89519800E+01
 4056   0.78229100E+01
 4057   0.59374900E+01
 4058   0.59310800E+01
 4059   0.53711800E+01
 4060   0.58657100E+01
 4061   0.58681300E+01
 4062   0.51645700E+01
 4063   0.36932500E+01
 4064   0.27441500E+01
 4065   0.21994900E+01
 4066   0.17293400E+01
 4067   0.13947900E+01
 4068   0.11196700E+01
 4069   0.89540000E+00
 4070   0.74324000E+00
 4071   0.77279400E+01
 4072   0.17747050E+02
 4073   0.23382310E+02
 4074   0.18606820E+02
 4075   0.12815560E+02
 4076   0.15762120E+02
 4077   0.19076260E+02
 4078   0.25520750E+02
 4079   0.23707480E+02
 4080   0.17816570E+02
 4081   0.12352290E+02
 4082   0.84680800E+01
 4083   0.52078300E+01
 4084   0.37214300E+01
 4085   0.23790600E+01
 4086   0.17166500E+01
 4087   0.12949800E+01
 4088   0.10006200E+01
 4089   0.78544000E+00
 4090   0.63206000E+00
 4091   0.51082000E+00
 4092   0.38728000E+00
 4093   0.26952000E+00
 4094   0.19006000E+00
 4095   0.13216000E+00
 4096   0.96920000E-01
 4097   0.74200000E-01
 4098   0.17696000E+00
 4099   0.18463000E+00
 4100   0.23379000E+00
 4101   0.24092000E+00
 4102   0.34735000E+00
 4103   0.32342000E+00
 4104   0.26522000E+00
 4105   0.26498000E+00
 4106   0.27631000E+00
 4107   0.28618000E+00
 4108   0.29371000E+00
 4109   0.29632000E+00
 4110   0.29109000E+00
 4111   0.28087000E+00
 4112   0.26583000E+00
 4113   0.24439000E+00
 4114   0.20837000E+00
 4115   0.18931000E+00
 4116   0.15953000E+00
 4117   0.14697000E+00
 4118   0.12965000E+00
 4119   0.11292000E+00
 4120   0.96280000E-01
 4121   0.80790000E-01
 4122   0.67540000E-01
 4123   0.56680000E-01
 4124   0.47910000E-01
 4125   0.40850000E-01
 4126   0.35140000E-01
 4127   0.30480000E-01
 4128   0.57071000E+00
 4129   0.52627000E+00
 4130   0.49673000E+00
 4131   0.71490000E+00
 4132   0.89173000E+00
 4133   0.95729000E+00
 4134   0.67155000E+00
 4135   0.69161000E+00
 4136   0.62652000E+00
 4137   0.52500000E+00
 4138   0.43817000E+00
 4139   0.35814000E+00
 4140   0.31535000E+00
 4141   0.28244000E+00
 4142   0.24729000E+00
 4143   0.19981000E+00
 4144   0.14094000E+00
 4145   0.10282000E+00
 4146   0.78330000E-01
 4147   0.61720000E-01
 4148   0.49940000E-01
 4149   0.41300000E-01
 4150   0.34800000E-01
 4151   0.29780000E-01
 4152   0.25820000E-01
 4153   0.23630000E-01
 4154   0.20310000E-01
 4155   0.51470000E-01
 4156   0.66147300E+01
 4157   0.73114100E+02
 4158   0.18576264E+03
 4159   0.11255295E+03
 4160   0.72221940E+02
 4161   0.50583240E+02
 4162   0.35873550E+02
 4163   0.29217760E+02
 4164   0.30923280E+02
 4165   0.40488560E+02
 4166   0.44547960E+02
 4167   0.61446180E+02
 4168   0.14656249E+03
 4169   0.22982455E+03
 4170   0.16146676E+03
 4171   0.86061870E+02
 4172   0.46490850E+02
 4173   0.28008890E+02
 4174   0.24296640E+02
 4175   0.38233320E+02
 4176   0.13011065E+03
 4177   0.32062129E+03
 4178   0.16219741E+03
 4179   0.74496400E+02
 4180   0.38653830E+02
 4181   0.22367740E+02
 4182   0.14456740E+02
 4183   0.10387230E+02
 4184   0.96903300E+01
 4185   0.96898700E+01
 4186   0.11437840E+02
 4187   0.17473420E+02
 4188   0.17636760E+02
 4189   0.15302690E+02
 4190   0.11648220E+02
 4191   0.82038800E+01
 4192   0.55261500E+01
 4193   0.42220000E+01
 4194   0.37220800E+01
 4195   0.30760800E+01
 4196   0.23123300E+01
 4197   0.11766360E+02
 4198   0.36874110E+02
 4199   0.29328137E+03
 4200   0.36159041E+03
 4201   0.15418718E+03
 4202   0.72997250E+02
 4203   0.54924610E+02
 4204   0.47774540E+02
 4205   0.78727780E+02
 4206   0.28661730E+03
 4207   0.36096509E+03
 4208   0.42279421E+03
 4209   0.43991854E+03
 4210   0.46942004E+03
 4211   0.37297870E+03
 4212   0.25973622E+03
 4213   0.24627870E+03
 4214   0.39393402E+03
 4215   0.40497691E+03
 4216   0.27581527E+03
 4217   0.27092904E+03
 4218   0.38395931E+03
 4219   0.23871279E+03
 4220   0.20439317E+03
 4221   0.69000785E+03
 4222   0.31878338E+03
 4223   0.12268101E+03
 4224   0.58982970E+02
 4225   0.38294660E+02
 4226   0.33479430E+02
 4227   0.31011710E+02
 4228   0.25582180E+02
 4229   0.18826250E+02
 4230   0.13062540E+02
 4231   0.94370500E+01
 4232   0.26514190E+02
 4233   0.16128097E+03
 4234   0.18756136E+03
 4235   0.13780454E+03
 4236   0.10254703E+03
 4237   0.12300731E+03
 4238   0.10689825E+03
 4239   0.61126750E+02
 4240   0.36144590E+02
 4241   0.39373890E+02
 4242   0.97205580E+02
 4243   0.90207540E+02
 4244   0.53130710E+02
 4245   0.30553530E+02
 4246   0.18105460E+02
 4247   0.10763260E+02
 4248   0.72960400E+01
 4249   0.64875400E+01
 4250   0.74549700E+01
 4251   0.12080400E+02
 4252   0.16510430E+02
 4253   0.15880970E+02
 4254   0.12629750E+02
 4255   0.90574900E+01
 4256   0.62425300E+01
 4257   0.38507400E+01
 4258   0.39820100E+01
 4259   0.10932590E+02
 4260   0.23069400E+02
 4261   0.24431300E+02
 4262   0.17966600E+02
 4263   0.11911840E+02
 4264   0.79004800E+01
 4265   0.51410600E+01
 4266   0.33412300E+01
 4267   0.20779400E+01
 4268   0.11773200E+01
 4269   0.92658000E+00
 4270   0.68189000E+00
 4271   0.43051500E+01
 4272   0.11223970E+02
 4273   0.34297500E+02
 4274   0.40649160E+02
 4275   0.30977310E+02
 4276   0.21683390E+02
 4277   0.14901870E+02
 4278   0.95931300E+01
 4279   0.67341800E+01
 4280   0.45602900E+01
 4281   0.28974600E+01
 4282   0.19930400E+01
 4283   0.14367400E+01
 4284   0.10667200E+01
 4285   0.81191000E+00
 4286   0.61439000E+00
 4287   0.44476000E+00
 4288   0.30251000E+00
 4289   0.24634000E+00
 4290   0.19428000E+00
 4291   0.13851000E+00
 4292   0.10220000E+00
 4293   0.78380000E-01
 4294   0.62010000E-01
 4295   0.40699000E+00
 4296   0.10454500E+01
 4297   0.69882000E+00
 4298   0.13619800E+01
 4299   0.66350900E+01
 4300   0.11689090E+02
 4301   0.10065310E+02
 4302   0.74040200E+01
 4303   0.51719400E+01
 4304   0.36671100E+01
 4305   0.23276200E+01
 4306   0.16537300E+01
 4307   0.12068600E+01
 4308   0.91215000E+00
 4309   0.46589000E+00
 4310   0.41129000E+00
 4311   0.31489000E+00
 4312   0.27222000E+00
 4313   0.22037000E+00
 4314   0.14904000E+00
 4315   0.10446000E+00
 4316   0.77730000E-01
 4317   0.60390000E-01
 4318   0.48440000E-01
 4319   0.39810000E-01
 4320   0.33360000E-01
 4321   0.11147000E+00
 4322   0.77833000E+00
 4323   0.77892000E+00
 4324   0.13589300E+01
 4325   0.18341100E+01
 4326   0.22250900E+01
 4327   0.23557000E+01
 4328   0.21412700E+01
 4329   0.13696800E+01
 4330   0.11445700E+01
 4331   0.86586000E+00
 4332   0.66784000E+00
 4333   0.53117000E+00
 4334   0.39243000E+00
 4335   0.30641000E+00
 4336   0.26051000E+00
 4337   0.17980000E+00
 4338   0.11767000E+00
 4339   0.83590000E-01
 4340   0.63000000E-01
 4341   0.49490000E-01
 4342   0.40090000E-01
 4343   0.33250000E-01
 4344   0.28090000E-01
 4345   0.24080000E-01
 4346   0.20910000E-01
 4347   0.25996000E+00
 4348   0.24180000E+00
 4349   0.26614000E+00
 4350   0.25483000E+00
 4351   0.22328000E+00
 4352   0.19033000E+00
 4353   0.14348000E+00
 4354   0.10861000E+00
 4355   0.84430000E-01
 4356   0.67280000E-01
 4357   0.54780000E-01
 4358   0.45410000E-01
 4359   0.38230000E-01
 4360   0.32610000E-01
 4361   0.28130000E-01
 4362   0.24510000E-01
 4363   0.21550000E-01
 4364   0.19080000E-01
 4365   0.17010000E-01
 4366   0.30108000E+00
 4367   0.21790000E+00
 4368   0.26163000E+00
 4369   0.26076000E+00
 4370   0.59491400E+01
 4371   0.94484700E+01
 4372   0.26830510E+02
 4373   0.27562740E+02
 4374   0.20241740E+02
 4375   0.14201230E+02
 4376   0.97689500E+01
 4377   0.69942700E+01
 4378   0.48925300E+01
 4379   0.35319700E+01
 4380   0.18941000E+01
 4381   0.15153100E+01
 4382   0.11583900E+01
 4383   0.89514000E+00
 4384   0.71025000E+00
 4385   0.58356000E+00
 4386   0.45506000E+00
 4387   0.36415000E+00
 4388   0.30759000E+00
 4389   0.26310000E+00
 4390   0.20281000E+00
 4391   0.13385000E+00
 4392   0.94340000E-01
 4393   0.70600000E-01
 4394   0.55130000E-01
 4395   0.44420000E-01
 4396   0.36660000E-01
 4397   0.30830000E-01
 4398   0.26320000E-01
 4399   0.22760000E-01
 4400   0.19900000E-01
 4401   0.17550000E-01
 4402   0.15600000E-01
 4403   0.13970000E-01
 4404   0.12580000E-01
 4405   0.11390000E-01
 4406   0.10360000E-01
 4407   0.94700000E-02
 4408   0.86900000E-02
 4409   0.80000000E-02
 4410   0.73900000E-02
 4411   0.68500000E-02
 4412   0.63600000E-02
 4413   0.59300000E-02
 4414   0.55300000E-02
 4415   0.51800000E-02
 4416   0.48600000E-02
 4417   0.45600000E-02
 4418   0.43000000E-02
 4419   0.40500000E-02
 4420   0.38300000E-02
 4421   0.36300000E-02
 4422   0.28440000E-01
 4423   0.44090000E-01
 4424   0.13047000E+00
 4425   0.14758000E+00
 4426   0.14258000E+00
 4427   0.13340000E+00
 4428   0.12271000E+00
 4429   0.10816000E+00
 4430   0.90990000E-01
 4431   0.75200000E-01
 4432   0.62190000E-01
 4433   0.34373000E+00
 4434   0.24865000E+00
 4435   0.26828000E+00
 4436   0.27742000E+00
 4437   0.26871000E+00
 4438   0.25113000E+00
 4439   0.23039000E+00
 4440   0.19038000E+00
 4441   0.13520000E+00
 4442   0.99370000E-01
 4443   0.77010000E-01
 4444   0.63560000E-01
 4445   0.62150000E-01
 4446   0.71480000E-01
 4447   0.79170000E-01
 4448   0.77530000E-01
 4449   0.80110000E-01
 4450   0.40697600E+01
 4451   0.58607500E+01
 4452   0.12501740E+02
 4453   0.14252740E+02
 4454   0.11747700E+02
 4455   0.11362810E+02
 4456   0.10264960E+02
 4457   0.10557410E+02
 4458   0.10425730E+02
 4459   0.97106700E+01
 4460   0.16187740E+02
 4461   0.39110830E+02
 4462   0.55852630E+02
 4463   0.45104570E+02
 4464   0.33838300E+02
 4465   0.43796450E+02
 4466   0.70184300E+02
 4467   0.71026710E+02
 4468   0.49738760E+02
 4469   0.33985340E+02
 4470   0.24431020E+02
 4471   0.18258120E+02
 4472   0.13513940E+02
 4473   0.91241700E+01
 4474   0.13146450E+02
 4475   0.17533380E+02
 4476   0.27657690E+02
 4477   0.24991580E+02
 4478   0.17779550E+02
 4479   0.13711920E+02
 4480   0.11543090E+02
 4481   0.10403090E+02
 4482   0.93598600E+01
 4483   0.69582200E+01
 4484   0.52845900E+01
 4485   0.40981700E+01
 4486   0.28404700E+01
 4487   0.21812400E+01
 4488   0.32226300E+01
 4489   0.72476700E+01
 4490   0.16141890E+02
 4491   0.28302830E+02
 4492   0.23629260E+02
 4493   0.15653100E+02
 4494   0.10443940E+02
 4495   0.73253300E+01
 4496   0.61979400E+01
 4497   0.51707300E+01
 4498   0.76463000E+01
 4499   0.10129660E+02
 4500   0.18495480E+02
 4501   0.66399240E+02
 4502   0.12644403E+03
 4503   0.97890980E+02
 4504   0.86210660E+02
 4505   0.69048990E+02
 4506   0.46968240E+02
 4507   0.53154980E+02
 4508   0.10000054E+03
 4509   0.10705847E+03
 4510   0.72743510E+02
 4511   0.46693430E+02
 4512   0.58029090E+02
 4513   0.76508010E+02
 4514   0.63438700E+02
 4515   0.45800500E+02
 4516   0.10375161E+03
 4517   0.18441814E+03
 4518   0.14357508E+03
 4519   0.15418146E+03
 4520   0.11667156E+03
 4521   0.67570780E+02
 4522   0.41643050E+02
 4523   0.32778800E+02
 4524   0.26774190E+02
 4525   0.25545740E+02
 4526   0.41134840E+02
 4527   0.99153000E+02
 4528   0.12418030E+03
 4529   0.18174168E+03
 4530   0.22781041E+03
 4531   0.15834136E+03
 4532   0.95289140E+02
 4533   0.11302458E+03
 4534   0.18749049E+03
 4535   0.15996243E+03
 4536   0.98712520E+02
 4537   0.55875220E+02
 4538   0.34025280E+02
 4539   0.21994390E+02
 4540   0.14632430E+02
 4541   0.97769800E+01
 4542   0.68545400E+01
 4543   0.48112900E+01
 4544   0.28194000E+01
 4545   0.26492000E+01
 4546   0.23283400E+01
 4547   0.76785000E+01
 4548   0.14228940E+02
 4549   0.38960510E+02
 4550   0.43167110E+02
 4551   0.73065940E+02
 4552   0.18235921E+03
 4553   0.14961192E+03
 4554   0.11834959E+03
 4555   0.12385300E+03
 4556   0.12937966E+03
 4557   0.17498495E+03
 4558   0.24040666E+03
 4559   0.20367679E+03
 4560   0.17245744E+03
 4561   0.18020549E+03
 4562   0.24317108E+03
 4563   0.20636514E+03
 4564   0.10785878E+03
 4565   0.56201460E+02
 4566   0.52243470E+02
 4567   0.12920448E+03
 4568   0.16421142E+03
 4569   0.10169487E+03
 4570   0.62585160E+02
 4571   0.44135760E+02
 4572   0.42928870E+02
 4573   0.52238480E+02
 4574   0.53204620E+02
 4575   0.40031220E+02
 4576   0.28089900E+02
 4577   0.19731160E+02
 4578   0.14289370E+02
 4579   0.10319740E+02
 4580   0.77812100E+01
 4581   0.61993000E+01
 4582   0.62744900E+01
 4583   0.11610790E+02
 4584   0.36739570E+02
 4585   0.88925400E+02
 4586   0.11056595E+03
 4587   0.12343958E+03
 4588   0.12834374E+03
 4589   0.96890470E+02
 4590   0.80521310E+02
 4591   0.22259794E+03
 4592   0.28101976E+03
 4593   0.15451768E+03
 4594   0.10098421E+03
 4595   0.13798843E+03
 4596   0.24994680E+03
 4597   0.16615107E+03
 4598   0.82987550E+02
 4599   0.46111920E+02
 4600   0.28453870E+02
 4601   0.18458570E+02
 4602   0.14421282E+03
 4603   0.47777440E+03
 4604   0.32052121E+03
 4605   0.23496217E+03
 4606   0.18395659E+03
 4607   0.19270840E+03
 4608   0.24868129E+03
 4609   0.27401136E+03
 4610   0.35001093E+03
 4611   0.67943984E+03
 4612   0.36309383E+03
 4613   0.15903474E+03
 4614   0.96833240E+02
 4615   0.82651070E+02
 4616   0.64363620E+02
 4617   0.44091380E+02
 4618   0.28075070E+02
 4619   0.17877310E+02
 4620   0.12762100E+02
 4621   0.20089426E+03
 4622   0.26424482E+03
 4623   0.38465290E+03
 4624   0.37190771E+03
 4625   0.25886332E+03
 4626   0.16077693E+03
 4627   0.80568800E+02
 4628   0.42926810E+02
 4629   0.25089740E+02
 4630   0.15546280E+02
 4631   0.10110150E+02
 4632   0.68783600E+01
 4633   0.48984500E+01
 4634   0.97748800E+01
 4635   0.20045500E+02
 4636   0.35141290E+02
 4637   0.31025940E+02
 4638   0.21769170E+02
 4639   0.14402120E+02
 4640   0.94904700E+01
 4641   0.63838500E+01
 4642   0.42860600E+01
 4643   0.26619500E+01
 4644   0.18378700E+01
 4645   0.13271000E+01
 4646   0.50366500E+01
 4647   0.73281400E+01
 4648   0.34054390E+02
 4649   0.80441970E+02
 4650   0.73455150E+02
 4651   0.46896600E+02
 4652   0.30386800E+02
 4653   0.22682590E+02
 4654   0.20166090E+02
 4655   0.19166450E+02
 4656   0.17417170E+02
 4657   0.13568750E+02
 4658   0.10042740E+02
 4659   0.72204700E+01
 4660   0.49743200E+01
 4661   0.34863100E+01
 4662   0.21962800E+01
 4663   0.15539300E+01
 4664   0.11370400E+01
 4665   0.86016000E+00
 4666   0.63907000E+00
 4667   0.35461000E+00
 4668   0.28845000E+00
 4669   0.24021000E+00
 4670   0.16624000E+00
 4671   0.11377000E+00
 4672   0.83230000E-01
 4673   0.63910000E-01
 4674   0.50830000E-01
 4675   0.41510000E-01
 4676   0.34610000E-01
 4677   0.29340000E-01
 4678   0.25220000E-01
 4679   0.21920000E-01
 4680   0.19250000E-01
 4681   0.17040000E-01
 4682   0.15190000E-01
 4683   0.14232150E+02
 4684   0.53986320E+02
 4685   0.55290400E+02
 4686   0.36196690E+02
 4687   0.22938470E+02
 4688   0.14014770E+02
 4689   0.91826000E+01
 4690   0.60371400E+01
 4691   0.40147000E+01
 4692   0.24579100E+01
 4693   0.17246600E+01
 4694   0.12330200E+01
 4695   0.90845000E+00
 4696   0.68829000E+00
 4697   0.53011000E+00
 4698   0.31492000E+00
 4699   0.25230000E+00
 4700   0.18545000E+00
 4701   0.12596000E+00
 4702   0.91170000E-01
 4703   0.69420000E-01
 4704   0.54840000E-01
 4705   0.44530000E-01
 4706   0.36950000E-01
 4707   0.31200000E-01
 4708   0.26710000E-01
 4709   0.23150000E-01
 4710   0.20260000E-01
 4711   0.17890000E-01
 4712   0.15920000E-01
 4713   0.63617000E+00
 4714   0.93994000E+00
 4715   0.98702000E+00
 4716   0.29413800E+01
 4717   0.67101700E+01
 4718   0.89957500E+01
 4719   0.71762600E+01
 4720   0.53480400E+01
 4721   0.38578200E+01
 4722   0.24926000E+01
 4723   0.18133100E+01
 4724   0.13625400E+01
 4725   0.10390500E+01
 4726   0.80982000E+00
 4727   0.64003000E+00
 4728   0.51276000E+00
 4729   0.31077000E+00
 4730   0.25990000E+00
 4731   0.21109000E+00
 4732   0.16204000E+00
 4733   0.16795000E+00
 4734   0.20354000E+00
 4735   0.22785000E+00
 4736   0.11151800E+01
 4737   0.71845000E+00
 4738   0.12152800E+01
 4739   0.17342800E+01
 4740   0.26089300E+01
 4741   0.27736100E+01
 4742   0.25045200E+01
 4743   0.20536700E+01
 4744   0.16270100E+01
 4745   0.22213800E+01
 4746   0.59693100E+01
 4747   0.96187700E+01
 4748   0.19809520E+02
 4749   0.20566600E+02
 4750   0.16316960E+02
 4751   0.11422890E+02
 4752   0.78326900E+01
 4753   0.52726100E+01
 4754   0.36926700E+01
 4755   0.23861500E+01
 4756   0.17047900E+01
 4757   0.12784400E+01
 4758   0.98758000E+00
 4759   0.79962000E+00
 4760   0.41903000E+00
 4761   0.36052000E+00
 4762   0.29698000E+00
 4763   0.53134800E+01
 4764   0.70614200E+01
 4765   0.16730740E+02
 4766   0.20738240E+02
 4767   0.19443790E+02
 4768   0.16755830E+02
 4769   0.13639620E+02
 4770   0.98265600E+01
 4771   0.72439300E+01
 4772   0.51054200E+01
 4773   0.40903100E+01
 4774   0.27951700E+01
 4775   0.21667100E+01
 4776   0.17114000E+01
 4777   0.13711400E+01
 4778   0.52705100E+01
 4779   0.90831500E+01
 4780   0.23236910E+02
 4781   0.28085890E+02
 4782   0.21631400E+02
 4783   0.15283270E+02
 4784   0.10584130E+02
 4785   0.75080300E+01
 4786   0.52336100E+01
 4787   0.37471700E+01
 4788   0.24701800E+01
 4789   0.17884400E+01
 4790   0.10027200E+01
 4791   0.87156000E+00
 4792   0.68484000E+00
 4793   0.55478000E+00
 4794   0.42975000E+00
 4795   0.36383000E+00
 4796   0.30389000E+00
 4797   0.26158000E+00
 4798   0.20547000E+00
 4799   0.13747000E+00
 4800   0.97300000E-01
 4801   0.72950000E-01
 4802   0.57000000E-01
 4803   0.45920000E-01
 4804   0.37870000E-01
 4805   0.31830000E-01
 4806   0.27150000E-01
 4807   0.23460000E-01
 4808   0.60290000E-01
 4809   0.38160000E-01
 4810   0.73890000E-01
 4811   0.10354000E+00
 4812   0.11091000E+00
 4813   0.10817000E+00
 4814   0.15775000E+00
 4815   0.17825000E+00
 4816   0.19165000E+00
 4817   0.17331000E+00
 4818   0.15012000E+00
 4819   0.12793000E+00
 4820   0.10579000E+00
 4821   0.86380000E-01
 4822   0.70740000E-01
 4823   0.58480000E-01
 4824   0.48910000E-01
 4825   0.41370000E-01
 4826   0.35380000E-01
 4827   0.30560000E-01
 4828   0.26630000E-01
 4829   0.23390000E-01
 4830   0.20700000E-01
 4831   0.18430000E-01
 4832   0.16510000E-01
 4833   0.14870000E-01
 4834   0.43840000E-01
 4835   0.35740000E-01
 4836   0.84430000E-01
 4837   0.20472000E+00
 4838   0.28707000E+00
 4839   0.26256000E+00
 4840   0.27708000E+00
 4841   0.30549000E+00
 4842   0.29076000E+00
 4843   0.28389000E+00
 4844   0.28192000E+00
 4845   0.27113000E+00
 4846   0.25808000E+00
 4847   0.24173000E+00
 4848   0.22565000E+00
 4849   0.20300000E+00
 4850   0.17059000E+00
 4851   0.13963000E+00
 4852   0.11252000E+00
 4853   0.89780000E-01
 4854   0.72110000E-01
 4855   0.58700000E-01
 4856   0.48500000E-01
 4857   0.40650000E-01
 4858   0.34510000E-01
 4859   0.29640000E-01
 4860   0.25710000E-01
 4861   0.22510000E-01
 4862   0.78390000E-01
 4863   0.19746000E+00
 4864   0.36739000E+00
 4865   0.27180000E+00
 4866   0.28092000E+00
 4867   0.28121000E+00
 4868   0.27377000E+00
 4869   0.42028000E+01
 4870   0.75114500E+01
 4871   0.17921710E+02
 4872   0.18947730E+02
 4873   0.15335080E+02
 4874   0.11112920E+02
 4875   0.78275700E+01
 4876   0.54030700E+01
 4877   0.38712500E+01
 4878   0.44261100E+01
 4879   0.80655200E+01
 4880   0.26296860E+02
 4881   0.10418734E+03
 4882   0.11384660E+03
 4883   0.64843870E+02
 4884   0.37480910E+02
 4885   0.45209590E+02
 4886   0.19980672E+03
 4887   0.18804470E+03
 4888   0.15461554E+03
 4889   0.13332491E+03
 4890   0.14846423E+03
 4891   0.18410859E+03
 4892   0.21539325E+03
 4893   0.15232018E+03
 4894   0.13712758E+03
 4895   0.16430546E+03
 4896   0.17303055E+03
 4897   0.21197092E+03
 4898   0.20133170E+03
 4899   0.17636094E+03
 4900   0.14336192E+03
 4901   0.99976210E+02
 4902   0.74842420E+02
 4903   0.69004890E+02
 4904   0.65635770E+02
 4905   0.79386710E+02
 4906   0.17190184E+03
 4907   0.21817417E+03
 4908   0.26792817E+03
 4909   0.24651732E+03
 4910   0.17452576E+03
 4911   0.15055152E+03
 4912   0.13213194E+03
 4913   0.11638571E+03
 4914   0.13899745E+03
 4915   0.35329251E+03
 4916   0.40143137E+03
 4917   0.14819181E+03
 4918   0.66578500E+02
 4919   0.35466730E+02
 4920   0.27702890E+02
 4921   0.10806091E+03
 4922   0.34670344E+03
 4923   0.30172068E+03
 4924   0.25090336E+03
 4925   0.24869016E+03
 4926   0.18396727E+03
 4927   0.14909837E+03
 4928   0.12781016E+03
 4929   0.10715186E+03
 4930   0.85943660E+02
 4931   0.79521090E+02
 4932   0.80893380E+02
 4933   0.83248450E+02
 4934   0.77696830E+02
 4935   0.68147910E+02
 4936   0.61492740E+02
 4937   0.72721810E+02
 4938   0.97674110E+02
 4939   0.10956897E+03
 4940   0.11037112E+03
 4941   0.12094626E+03
 4942   0.14750956E+03
 4943   0.17011327E+03
 4944   0.13544226E+03
 4945   0.83591010E+02
 4946   0.87740400E+02
 4947   0.38920926E+03
 4948   0.27361107E+03
 4949   0.12184371E+03
 4950   0.77454400E+02
 4951   0.54826780E+02
 4952   0.38015760E+02
 4953   0.34506080E+02
 4954   0.43090200E+02
 4955   0.12102695E+03
 4956   0.10147779E+03
 4957   0.57217750E+02
 4958   0.31953660E+02
 4959   0.18821780E+02
 4960   0.14098530E+02
 4961   0.49369210E+02
 4962   0.14929695E+03
 4963   0.13222030E+03
 4964   0.97404740E+02
 4965   0.68824770E+02
 4966   0.47538820E+02
 4967   0.31931220E+02
 4968   0.21104060E+02
 4969   0.44656560E+02
 4970   0.78206840E+02
 4971   0.57113350E+02
 4972   0.34483170E+02
 4973   0.89089940E+02
 4974   0.32716887E+03
 4975   0.30202131E+03
 4976   0.19197118E+03
 4977   0.25915883E+03
 4978   0.43540748E+03
 4979   0.21123240E+03
 4980   0.94059430E+02
 4981   0.48678400E+02
 4982   0.28807170E+02
 4983   0.18954860E+02
 4984   0.13157500E+02
 4985   0.87969000E+01
 4986   0.64139400E+01
 4987   0.57172000E+01
 4988   0.50033800E+01
 4989   0.54542000E+01
 4990   0.87455900E+01
 4991   0.12515540E+02
 4992   0.14908880E+02
 4993   0.12311930E+02
 4994   0.86470600E+01
 4995   0.52797600E+01
 4996   0.36492600E+01
 4997   0.22098900E+01
 4998   0.15317100E+01
 4999   0.11237600E+01
 5000   0.85586000E+00
 5001   0.65441000E+00
 5002   0.51157000E+00
 5003   0.35738000E+00
 5004   0.29543000E+00
 5005   0.24097000E+00
 5006   0.15901000E+00
 5007   0.10838000E+00
 5008   0.79300000E-01
 5009   0.60990000E-01
 5010   0.48640000E-01
 5011   0.39860000E-01
 5012   0.33370000E-01
 5013   0.28410000E-01
 5014   0.24833000E+00
 5015   0.83031000E+00
 5016   0.44175000E+00
 5017   0.80663000E+00
 5018   0.12826600E+01
 5019   0.21326770E+02
 5020   0.18932685E+03
 5021   0.14670368E+03
 5022   0.72626900E+02
 5023   0.38339670E+02
 5024   0.22203010E+02
 5025   0.13520910E+02
 5026   0.88806200E+01
 5027   0.59499900E+01
 5028   0.43056500E+01
 5029   0.30088700E+01
 5030   0.22328200E+01
 5031   0.16450200E+01
 5032   0.12339100E+01
 5033   0.93552000E+00
 5034   0.71969000E+00
 5035   0.53368000E+00
 5036   0.32205000E+00
 5037   0.26223000E+00
 5038   0.19409000E+00
 5039   0.12937000E+00
 5040   0.92380000E-01
 5041   0.69760000E-01
 5042   0.54820000E-01
 5043   0.44370000E-01
 5044   0.36730000E-01
 5045   0.30970000E-01
 5046   0.26500000E-01
 5047   0.22950000E-01
 5048   0.20080000E-01
 5049   0.17730000E-01
 5050   0.15770000E-01
 5051   0.14130000E-01
 5052   0.12730000E-01
 5053   0.11530000E-01
 5054   0.10490000E-01
 5055   0.95900000E-02
 5056   0.88000000E-02
 5057   0.82300000E-02
 5058   0.75900000E-02
 5059   0.95200000E-02
 5060   0.40420000E-01
 5061   0.21487000E+00
 5062   0.26787000E+00
 5063   0.29594000E+00
 5064   0.30176000E+00
 5065   0.28415000E+00
 5066   0.25155000E+00
 5067   0.17827000E+00
 5068   0.11387000E+00
 5069   0.78760000E-01
 5070   0.58000000E-01
 5071   0.44710000E-01
 5072   0.35660000E-01
 5073   0.29210000E-01
 5074   0.24430000E-01
 5075   0.20790000E-01
 5076   0.17940000E-01
 5077   0.15670000E-01
 5078   0.99045000E+00
 5079   0.49386000E+00
 5080   0.60201000E+00
 5081   0.71166000E+00
 5082   0.75871000E+00
 5083   0.73797000E+00
 5084   0.71074000E+00
 5085   0.67326000E+00
 5086   0.62271000E+00
 5087   0.56969000E+00
 5088   0.41951000E+00
 5089   0.36551000E+00
 5090   0.32993000E+00
 5091   0.29753000E+00
 5092   0.27104000E+00
 5093   0.38551000E+00
 5094   0.17185600E+01
 5095   0.61399700E+01
 5096   0.17481520E+02
 5097   0.30201450E+02
 5098   0.25484360E+02
 5099   0.18015890E+02
 5100   0.12013140E+02
 5101   0.81535400E+01
 5102   0.54707800E+01
 5103   0.38132800E+01
 5104   0.23944500E+01
 5105   0.16996700E+01
 5106   0.12716100E+01
 5107   0.92982000E+00
 5108   0.47668000E+00
 5109   0.43113000E+00
 5110   0.33667000E+00
 5111   0.28395000E+00
 5112   0.24219000E+00
 5113   0.17537000E+00
 5114   0.11940000E+00
 5115   0.86780000E-01
 5116   0.66300000E-01
 5117   0.52520000E-01
 5118   0.42750000E-01
 5119   0.35550000E-01
 5120   0.30070000E-01
 5121   0.25790000E-01
 5122   0.22390000E-01
 5123   0.19620000E-01
 5124   0.17350000E-01
 5125   0.15450000E-01
 5126   0.13850000E-01
 5127   0.12490000E-01
 5128   0.11330000E-01
 5129   0.10310000E-01
 5130   0.94300000E-02
 5131   0.86600000E-02
 5132   0.79800000E-02
 5133   0.73800000E-02
 5134   0.12950000E-01
 5135   0.22860000E-01
 5136   0.31030000E-01
 5137   0.71330000E-01
 5138   0.15912400E+01
 5139   0.95443000E+00
 5140   0.26533300E+01
 5141   0.42519600E+01
 5142   0.51127400E+01
 5143   0.47422300E+01
 5144   0.38904200E+01
 5145   0.27917400E+01
 5146   0.20909400E+01
 5147   0.15741600E+01
 5148   0.12269000E+01
 5149   0.65692000E+00
 5150   0.59733000E+00
 5151   0.50863000E+00
 5152   0.39295000E+00
 5153   0.36888000E+00
 5154   0.41065000E+00
 5155   0.10249200E+01
 5156   0.10724700E+01
 5157   0.18340600E+01
 5158   0.25310600E+01
 5159   0.21302600E+01
 5160   0.20774400E+01
 5161   0.17475000E+01
 5162   0.13966600E+01
 5163   0.11151900E+01
 5164   0.88459000E+00
 5165   0.70488000E+00
 5166   0.55184000E+00
 5167   0.41810000E+00
 5168   0.33701000E+00
 5169   0.29544000E+00
 5170   0.22463000E+00
 5171   0.15185000E+00
 5172   0.10803000E+00
 5173   0.81050000E-01
 5174   0.13074000E+00
 5175   0.11598000E+00
 5176   0.15422000E+00
 5177   0.13597000E+00
 5178   0.11339000E+00
 5179   0.93230000E-01
 5180   0.76720000E-01
 5181   0.64470000E-01
 5182   0.55450000E-01
 5183   0.49470000E-01
 5184   0.45260000E-01
 5185   0.41077400E+01
 5186   0.48192800E+01
 5187   0.15796540E+02
 5188   0.29697780E+02
 5189   0.26534280E+02
 5190   0.18424990E+02
 5191   0.12498290E+02
 5192   0.85371800E+01
 5193   0.60431300E+01
 5194   0.13686980E+02
 5195   0.42732170E+02
 5196   0.86459440E+02
 5197   0.59864750E+02
 5198   0.38274970E+02
 5199   0.26150570E+02
 5200   0.18855840E+02
 5201   0.16773520E+02
 5202   0.14783490E+02
 5203   0.12528020E+02
 5204   0.10695040E+02
 5205   0.88019400E+01
 5206   0.69740100E+01
 5207   0.52419600E+01
 5208   0.39501300E+01
 5209   0.27198400E+01
 5210   0.19388900E+01
 5211   0.13641600E+01
 5212   0.28068300E+01
 5213   0.46098800E+01
 5214   0.80644300E+01
 5215   0.11683280E+02
 5216   0.11639750E+02
 5217   0.93317100E+01
 5218   0.69302200E+01
 5219   0.48288000E+01
 5220   0.33756000E+01
 5221   0.18717600E+01
 5222   0.14319200E+01
 5223   0.11796800E+01
 5224   0.97297000E+00
 5225   0.82783000E+00
 5226   0.70412000E+00
 5227   0.10020500E+01
 5228   0.75425000E+00
 5229   0.94222000E+00
 5230   0.77682000E+00
 5231   0.58580000E+00
 5232   0.59825000E+00
 5233   0.18419800E+01
 5234   0.28364000E+01
 5235   0.44985800E+01
 5236   0.55509300E+01
 5237   0.49079000E+01
 5238   0.49008900E+01
 5239   0.61264800E+01
 5240   0.23921880E+02
 5241   0.10751182E+03
 5242   0.17731541E+03
 5243   0.13783050E+03
 5244   0.76957970E+02
 5245   0.42486680E+02
 5246   0.24987660E+02
 5247   0.15395670E+02
 5248   0.99552700E+01
 5249   0.74580200E+01
 5250   0.95533400E+01
 5251   0.12797790E+02
 5252   0.17332950E+02
 5253   0.16716140E+02
 5254   0.13594180E+02
 5255   0.12214430E+02
 5256   0.11276530E+02
 5257   0.11349750E+02
 5258   0.10769760E+02
 5259   0.94305400E+01
 5260   0.12051180E+02
 5261   0.15902310E+02
 5262   0.21840870E+02
 5263   0.22562790E+02
 5264   0.18600590E+02
 5265   0.17016510E+02
 5266   0.31680820E+02
 5267   0.62294000E+02
 5268   0.59124480E+02
 5269   0.54421490E+02
 5270   0.97564400E+02
 5271   0.22283191E+03
 5272   0.26283605E+03
 5273   0.19229217E+03
 5274   0.15954708E+03
 5275   0.10870051E+03
 5276   0.81863590E+02
 5277   0.73780480E+02
 5278   0.60124910E+02
 5279   0.72332270E+02
 5280   0.23135866E+03
 5281   0.32918967E+03
 5282   0.32737870E+03
 5283   0.19984817E+03
 5284   0.99700260E+02
 5285   0.54399500E+02
 5286   0.38458860E+02
 5287   0.52770140E+02
 5288   0.15137124E+03
 5289   0.25000631E+03
 5290   0.42330183E+03
 5291   0.42999131E+03
 5292   0.34022452E+03
 5293   0.23543971E+03
 5294   0.17807075E+03
 5295   0.15648823E+03
 5296   0.10195901E+03
 5297   0.57798550E+02
 5298   0.33404510E+02
 5299   0.20343000E+02
 5300   0.13265020E+02
 5301   0.11079510E+02
 5302   0.11343890E+02
 5303   0.12320350E+02
 5304   0.12245000E+02
 5305   0.95650700E+01
 5306   0.68291600E+01
 5307   0.48418900E+01
 5308   0.32840100E+01
 5309   0.23271600E+01
 5310   0.34380400E+01
 5311   0.49047800E+01
 5312   0.83006000E+01
 5313   0.17189390E+02
 5314   0.43855940E+02
 5315   0.73526590E+02
 5316   0.65187140E+02
 5317   0.45777800E+02
 5318   0.29775940E+02
 5319   0.23737800E+02
 5320   0.37044920E+02
 5321   0.63422181E+03
 5322   0.52027835E+03
 5323   0.17233906E+03
 5324   0.74548870E+02
 5325   0.38646610E+02
 5326   0.24464190E+02
 5327   0.17558260E+02
 5328   0.14432530E+02
 5329   0.11840190E+02
 5330   0.92338800E+01
 5331   0.74742500E+01
 5332   0.78129000E+01
 5333   0.15460080E+02
 5334   0.28658570E+02
 5335   0.41943170E+02
 5336   0.48140680E+02
 5337   0.74135690E+02
 5338   0.12506242E+03
 5339   0.10421205E+03
 5340   0.67697000E+02
 5341   0.43128190E+02
 5342   0.28031730E+02
 5343   0.18708940E+02
 5344   0.11925710E+02
 5345   0.80564300E+01
 5346   0.53317800E+01
 5347   0.36467400E+01
 5348   0.32620000E+01
 5349   0.23195290E+02
 5350   0.23395349E+03
 5351   0.29490537E+03
 5352   0.16374112E+03
 5353   0.86106260E+02
 5354   0.46671330E+02
 5355   0.27420380E+02
 5356   0.17292430E+02
 5357   0.11856060E+02
 5358   0.10797150E+02
 5359   0.11317500E+02
 5360   0.12306050E+02
 5361   0.11801820E+02
 5362   0.93193800E+01
 5363   0.66728200E+01
 5364   0.41089700E+01
 5365   0.26996400E+01
 5366   0.18451100E+01
 5367   0.13254900E+01
 5368   0.98361000E+00
 5369   0.74650000E+00
 5370   0.56358000E+00
 5371   0.41122000E+00
 5372   0.31635000E+00
 5373   0.26788000E+00
 5374   0.19584000E+00
 5375   0.12892000E+00
 5376   0.91410000E-01
 5377   0.68750000E-01
 5378   0.53890000E-01
 5379   0.43560000E-01
 5380   0.36040000E-01
 5381   0.30380000E-01
 5382   0.25990000E-01
 5383   0.22520000E-01
 5384   0.19710000E-01
 5385   0.17410000E-01
 5386   0.15490000E-01
 5387   0.13890000E-01
 5388   0.12520000E-01
 5389   0.11340000E-01
 5390   0.10330000E-01
 5391   0.94500000E-02
 5392   0.86700000E-02
 5393   0.79900000E-02
 5394   0.73800000E-02
 5395   0.68400000E-02
 5396   0.67100000E-02
 5397   0.46921680E+02
 5398   0.13961234E+03
 5399   0.89660760E+02
 5400   0.51098280E+02
 5401   0.30383380E+02
 5402   0.18843080E+02
 5403   0.12009510E+02
 5404   0.79594900E+01
 5405   0.47879400E+01
 5406   0.31006400E+01
 5407   0.20235900E+01
 5408   0.14252600E+01
 5409   0.10474300E+01
 5410   0.78579000E+00
 5411   0.59759000E+00
 5412   0.40321000E+00
 5413   0.31416000E+00
 5414   0.26466000E+00
 5415   0.18789000E+00
 5416   0.12355000E+00
 5417   0.87830000E-01
 5418   0.66190000E-01
 5419   0.51980000E-01
 5420   0.42080000E-01
 5421   0.34870000E-01
 5422   0.29430000E-01
 5423   0.25210000E-01
 5424   0.21860000E-01
 5425   0.19150000E-01
 5426   0.16930000E-01
 5427   0.15080000E-01
 5428   0.13530000E-01
 5429   0.12210000E-01
 5430   0.11070000E-01
 5431   0.10090000E-01
 5432   0.92300000E-02
 5433   0.84800000E-02
 5434   0.78200000E-02
 5435   0.72300000E-02
 5436   0.67000000E-02
 5437   0.62300000E-02
 5438   0.58100000E-02
 5439   0.54300000E-02
 5440   0.50900000E-02
 5441   0.47700000E-02
 5442   0.44900000E-02
 5443   0.42300000E-02
 5444   0.39900000E-02
 5445   0.37700000E-02
 5446   0.35700000E-02
 5447   0.33800000E-02
 5448   0.32100000E-02
 5449   0.30500000E-02
 5450   0.29000000E-02
 5451   0.27700000E-02
 5452   0.26400000E-02
 5453   0.25200000E-02
 5454   0.24100000E-02
 5455   0.23000000E-02
 5456   0.71400000E-02
 5457   0.42100000E-02
 5458   0.31700000E-02
 5459   0.28800000E-02
 5460   0.39940000E-01
 5461   0.41680000E-01
 5462   0.12696000E+00
 5463   0.13779000E+00
 5464   0.12192000E+00
 5465   0.10192000E+00
 5466   0.83860000E-01
 5467   0.69100000E-01
 5468   0.57400000E-01
 5469   0.48190000E-01
 5470   0.40890000E-01
 5471   0.35050000E-01
 5472   0.30320000E-01
 5473   0.26460000E-01
 5474   0.23270000E-01
 5475   0.20610000E-01
 5476   0.18370000E-01
 5477   0.16470000E-01
 5478   0.14840000E-01
 5479   0.13440000E-01
 5480   0.12220000E-01
 5481   0.11160000E-01
 5482   0.10220000E-01
 5483   0.94000000E-02
 5484   0.86700000E-02
 5485   0.80200000E-02
 5486   0.74400000E-02
 5487   0.69200000E-02
 5488   0.13656900E+01
 5489   0.13199500E+01
 5490   0.26712300E+01
 5491   0.36830400E+01
 5492   0.40348700E+01
 5493   0.34995300E+01
 5494   0.27723400E+01
 5495   0.21673900E+01
 5496   0.16738100E+01
 5497   0.13231000E+01
 5498   0.72313000E+00
 5499   0.67250000E+00
 5500   0.54179000E+00
 5501   0.52766000E+00
 5502   0.39105000E+00
 5503   0.34510000E+00
 5504   0.30392000E+00
 5505   0.27918000E+00
 5506   0.24730000E+00
 5507   0.21311000E+00
 5508   0.16328000E+00
 5509   0.12154000E+00
 5510   0.93060000E-01
 5511   0.73240000E-01
 5512   0.59020000E-01
 5513   0.48520000E-01
 5514   0.94510000E-01
 5515   0.21032700E+01
 5516   0.33668300E+01
 5517   0.64749700E+01
 5518   0.82166500E+01
 5519   0.76648800E+01
 5520   0.59097900E+01
 5521   0.43940100E+01
 5522   0.30209000E+01
 5523   0.21554500E+01
 5524   0.18738900E+01
 5525   0.16476900E+01
 5526   0.13140800E+01
 5527   0.11955100E+01
 5528   0.13230300E+01
 5529   0.10329700E+01
 5530   0.12020400E+01
 5531   0.13509200E+01
 5532   0.13834900E+01
 5533   0.13294200E+01
 5534   0.12051700E+01
 5535   0.10549000E+01
 5536   0.13567500E+01
 5537   0.18119800E+01
 5538   0.29297700E+01
 5539   0.39958600E+01
 5540   0.85554500E+01
 5541   0.13772810E+02
 5542   0.16625550E+02
 5543   0.15595790E+02
 5544   0.13006630E+02
 5545   0.10297050E+02
 5546   0.80802100E+01
 5547   0.62183400E+01
 5548   0.47139400E+01
 5549   0.28178000E+01
 5550   0.21728100E+01
 5551   0.15970800E+01
 5552   0.12149500E+01
 5553   0.95413000E+00
 5554   0.75319000E+00
 5555   0.72161000E+00
 5556   0.57783000E+00
 5557   0.50089000E+00
 5558   0.43413000E+00
 5559   0.31261000E+00
 5560   0.26239000E+00
 5561   0.22518000E+00
 5562   0.17192000E+00
 5563   0.12444000E+00
 5564   0.93580000E-01
 5565   0.72880000E-01
 5566   0.58350000E-01
 5567   0.47780000E-01
 5568   0.39850000E-01
 5569   0.33750000E-01
 5570   0.28950000E-01
 5571   0.25110000E-01
 5572   0.21980000E-01
 5573   0.19400000E-01
 5574   0.10503890E+02
 5575   0.51036340E+02
 5576   0.10182764E+03
 5577   0.72471690E+02
 5578   0.43703400E+02
 5579   0.26985880E+02
 5580   0.16652000E+02
 5581   0.11608590E+02
 5582   0.83007200E+01
 5583   0.60197800E+01
 5584   0.43612400E+01
 5585   0.29159400E+01
 5586   0.20825300E+01
 5587   0.15410400E+01
 5588   0.11596500E+01
 5589   0.87647000E+00
 5590   0.45778000E+00
 5591   0.38765000E+00
 5592   0.52996200E+01
 5593   0.19444070E+02
 5594   0.56113750E+02
 5595   0.51895950E+02
 5596   0.39452470E+02
 5597   0.60355330E+02
 5598   0.11403111E+03
 5599   0.14319870E+03
 5600   0.14708758E+03
 5601   0.87776570E+02
 5602   0.58568300E+02
 5603   0.43284640E+02
 5604   0.33006510E+02
 5605   0.25934360E+02
 5606   0.26351930E+02
 5607   0.35510290E+02
 5608   0.42757730E+02
 5609   0.31433560E+02
 5610   0.20182690E+02
 5611   0.13357250E+02
 5612   0.91732900E+01
 5613   0.78050600E+01
 5614   0.73881700E+01
 5615   0.93927200E+01
 5616   0.17757030E+02
 5617   0.26062390E+02
 5618   0.34354480E+02
 5619   0.59618450E+02
 5620   0.10619570E+03
 5621   0.89750690E+02
 5622   0.96103250E+02
 5623   0.23906167E+03
 5624   0.19969803E+03
 5625   0.99372340E+02
 5626   0.52899070E+02
 5627   0.32443720E+02
 5628   0.23573330E+02
 5629   0.19368000E+02
 5630   0.15645170E+02
 5631   0.11073280E+02
 5632   0.83274500E+01
 5633   0.60055400E+01
 5634   0.43365800E+01
 5635   0.30286000E+01
 5636   0.21010100E+01
 5637   0.21176200E+01
 5638   0.27277400E+01
 5639   0.32552500E+01
 5640   0.29389730E+02
 5641   0.92356450E+02
 5642   0.84452350E+02
 5643   0.72105910E+02
 5644   0.72149230E+02
 5645   0.81314310E+02
 5646   0.12512849E+03
 5647   0.19674829E+03
 5648   0.19778850E+03
 5649   0.16575227E+03
 5650   0.15172558E+03
 5651   0.27011455E+03
 5652   0.16382935E+03
 5653   0.83877840E+02
 5654   0.47456210E+02
 5655   0.11112362E+03
 5656   0.27591023E+03
 5657   0.14328092E+03
 5658   0.10258888E+03
 5659   0.11335328E+03
 5660   0.10741156E+03
 5661   0.80568670E+02
 5662   0.57372340E+02
 5663   0.40531410E+02
 5664   0.31162650E+02
 5665   0.29537850E+02
 5666   0.56149090E+02
 5667   0.17732822E+03
 5668   0.59126270E+03
 5669   0.62169141E+03
 5670   0.60463028E+03
 5671   0.53826297E+03
 5672   0.19928136E+03
 5673   0.85863260E+02
 5674   0.43518180E+02
 5675   0.24837830E+02
 5676   0.15258050E+02
 5677   0.12989750E+02
 5678   0.12005300E+02
 5679   0.12534830E+02
 5680   0.13196400E+02
 5681   0.12488940E+02
 5682   0.10643440E+02
 5683   0.17242620E+02
 5684   0.16776019E+03
 5685   0.32512733E+03
 5686   0.31496377E+03
 5687   0.32334512E+03
 5688   0.29268949E+03
 5689   0.16299054E+03
 5690   0.91584870E+02
 5691   0.52546710E+02
 5692   0.33124750E+02
 5693   0.10312443E+03
 5694   0.44591261E+03
 5695   0.30892791E+03
 5696   0.31088264E+03
 5697   0.72819219E+03
 5698   0.43561874E+03
 5699   0.15495102E+03
 5700   0.70456050E+02
 5701   0.43775220E+02
 5702   0.41854830E+02
 5703   0.37650300E+02
 5704   0.28621010E+02
 5705   0.25219080E+02
 5706   0.31433950E+02
 5707   0.44170360E+02
 5708   0.42308210E+02
 5709   0.30373780E+02
 5710   0.19662000E+02
 5711   0.12350420E+02
 5712   0.83687600E+01
 5713   0.51703100E+01
 5714   0.38207400E+01
 5715   0.42759300E+01
 5716   0.69794000E+01
 5717   0.43769810E+02
 5718   0.47103150E+02
 5719   0.31762770E+02
 5720   0.20334780E+02
 5721   0.13531260E+02
 5722   0.13426070E+02
 5723   0.12526950E+02
 5724   0.12735550E+02
 5725   0.11262610E+02
 5726   0.94598900E+01
 5727   0.77332300E+01
 5728   0.68123500E+01
 5729   0.72753900E+01
 5730   0.80308100E+01
 5731   0.80346700E+01
 5732   0.75103100E+01
 5733   0.55677300E+01
 5734   0.42140100E+01
 5735   0.27279000E+01
 5736   0.18869400E+01
 5737   0.13629800E+01
 5738   0.10057500E+01
 5739   0.77299000E+00
 5740   0.61082000E+00
 5741   0.44527600E+01
 5742   0.39755500E+01
 5743   0.81628600E+01
 5744   0.10274870E+02
 5745   0.91189700E+01
 5746   0.69875200E+01
 5747   0.50759300E+01
 5748   0.37522300E+01
 5749   0.25938100E+01
 5750   0.20313400E+01
 5751   0.17016500E+01
 5752   0.14193000E+01
 5753   0.11352600E+01
 5754   0.64449000E+00
 5755   0.57845000E+00
 5756   0.42261000E+00
 5757   0.38501000E+00
 5758   0.28836000E+00
 5759   0.23381000E+00
 5760   0.29465000E+00
 5761   0.34971000E+00
 5762   0.48979000E+00
 5763   0.68870000E+00
 5764   0.67970000E+00
 5765   0.62003000E+00
 5766   0.53269000E+00
 5767   0.45135000E+00
 5768   0.34766000E+00
 5769   0.29256000E+00
 5770   0.22610000E+00
 5771   0.13841000E+00
 5772   0.92790000E-01
 5773   0.67220000E-01
 5774   0.51360000E-01
 5775   0.40780000E-01
 5776   0.33320000E-01
 5777   0.27840000E-01
 5778   0.23670000E-01
 5779   0.20430000E-01
 5780   0.17830000E-01
 5781   0.15730000E-01
 5782   0.13990000E-01
 5783   0.12540000E-01
 5784   0.11310000E-01
 5785   0.10260000E-01
 5786   0.93500000E-02
 5787   0.85600000E-02
 5788   0.78700000E-02
 5789   0.72600000E-02
 5790   0.67200000E-02
 5791   0.62400000E-02
 5792   0.58100000E-02
 5793   0.54300000E-02
 5794   0.50800000E-02
 5795   0.47600000E-02
 5796   0.44700000E-02
 5797   0.42100000E-02
 5798   0.39700000E-02
 5799   0.37500000E-02
 5800   0.35500000E-02
 5801   0.33600000E-02
 5802   0.31900000E-02
 5803   0.30300000E-02
 5804   0.28900000E-02
 5805   0.27500000E-02
 5806   0.26200000E-02
 5807   0.25000000E-02
 5808   0.23900000E-02
 5809   0.22900000E-02
 5810   0.11290000E-01
 5811   0.96403600E+01
 5812   0.41832740E+02
 5813   0.78055680E+02
 5814   0.50591160E+02
 5815   0.29124770E+02
 5816   0.18444500E+02
 5817   0.23800130E+02
 5818   0.31885490E+02
 5819   0.32389600E+02
 5820   0.24052610E+02
 5821   0.16208820E+02
 5822   0.10648630E+02
 5823   0.89980400E+01
 5824   0.76653300E+01
 5825   0.78545300E+01
 5826   0.97965500E+01
 5827   0.10843790E+02
 5828   0.89733000E+01
 5829   0.66997300E+01
 5830   0.46681500E+01
 5831   0.35253500E+01
 5832   0.25064000E+01
 5833   0.19347000E+01
 5834   0.15084000E+01
 5835   0.11632700E+01
 5836   0.64117000E+00
 5837   0.60351000E+00
 5838   0.47838000E+00
 5839   0.37140000E+00
 5840   0.31089000E+00
 5841   0.27451000E+00
 5842   0.23289000E+00
 5843   0.16479000E+00
 5844   0.11386000E+00
 5845   0.83740000E-01
 5846   0.64520000E-01
 5847   0.51440000E-01
 5848   0.42070000E-01
 5849   0.35120000E-01
 5850   0.29790000E-01
 5851   0.25620000E-01
 5852   0.22280000E-01
 5853   0.19570000E-01
 5854   0.17340000E-01
 5855   0.15500000E-01
 5856   0.14000000E-01
 5857   0.12790000E-01
 5858   0.11800000E-01
 5859   0.10980000E-01
 5860   0.10280000E-01
 5861   0.96600000E-02
 5862   0.91100000E-02
 5863   0.86100000E-02
 5864   0.88250000E-01
 5865   0.26474000E+00
 5866   0.29100000E+00
 5867   0.31125000E+00
 5868   0.30710000E+00
 5869   0.30561000E+00
 5870   0.35251000E+00
 5871   0.29583000E+00
 5872   0.28404000E+00
 5873   0.27003000E+00
 5874   0.93142000E+00
 5875   0.56532000E+00
 5876   0.71987000E+00
 5877   0.70434000E+00
 5878   0.10081100E+01
 5879   0.78825000E+00
 5880   0.75579000E+00
 5881   0.10125000E+01
 5882   0.10635900E+01
 5883   0.94304000E+00
 5884   0.11215300E+01
 5885   0.13951100E+01
 5886   0.21159300E+01
 5887   0.18386100E+01
 5888   0.21702000E+01
 5889   0.21147200E+01
 5890   0.19584300E+01
 5891   0.17623600E+01
 5892   0.14958700E+01
 5893   0.12198500E+01
 5894   0.10066300E+01
 5895   0.82824000E+00
 5896   0.67137000E+00
 5897   0.38701000E+00
 5898   0.32574000E+00
 5899   0.36089000E+00
 5900   0.24710500E+01
 5901   0.21794400E+01
 5902   0.44249500E+01
 5903   0.75032600E+01
 5904   0.89152100E+01
 5905   0.77990800E+01
 5906   0.59639700E+01
 5907   0.55759700E+01
 5908   0.41211200E+01
 5909   0.54873100E+01
 5910   0.59640000E+01
 5911   0.70593000E+01
 5912   0.75692000E+01
 5913   0.68792300E+01
 5914   0.58753800E+01
 5915   0.47232700E+01
 5916   0.37947100E+01
 5917   0.27768400E+01
 5918   0.18007800E+01
 5919   0.14603600E+01
 5920   0.11574900E+01
 5921   0.95136000E+00
 5922   0.79769000E+00
 5923   0.66733000E+00
 5924   0.56466000E+00
 5925   0.46418000E+00
 5926   0.38414000E+00
 5927   0.27145290E+02
 5928   0.23091904E+03
 5929   0.20938397E+03
 5930   0.15629869E+03
 5931   0.11114236E+03
 5932   0.71100520E+02
 5933   0.42305470E+02
 5934   0.25955810E+02
 5935   0.16746570E+02
 5936   0.14108000E+02
 5937   0.12690070E+02
 5938   0.12757020E+02
 5939   0.14747280E+02
 5940   0.19283790E+02
 5941   0.21175260E+02
 5942   0.21211710E+02
 5943   0.17682200E+02
 5944   0.13266910E+02
 5945   0.15510560E+02
 5946   0.24865340E+02
 5947   0.37602180E+02
 5948   0.41728100E+02
 5949   0.33819610E+02
 5950   0.26509970E+02
 5951   0.19780480E+02
 5952   0.14040660E+02
 5953   0.98311100E+01
 5954   0.69786800E+01
 5955   0.48947700E+01
 5956   0.41382000E+01
 5957   0.32132000E+01
 5958   0.42077000E+01
 5959   0.40202400E+01
 5960   0.51579100E+01
 5961   0.62754300E+01
 5962   0.81571300E+01
 5963   0.97778200E+01
 5964   0.23063970E+02
 5965   0.71048080E+02
 5966   0.92070900E+02
 5967   0.58638090E+02
 5968   0.35095630E+02
 5969   0.21232040E+02
 5970   0.13803190E+02
 5971   0.18741430E+02
 5972   0.35795280E+02
 5973   0.58622060E+02
 5974   0.43956610E+02
 5975   0.27800760E+02
 5976   0.17812110E+02
 5977   0.11511470E+02
 5978   0.79253800E+01
 5979   0.48145300E+01
 5980   0.36395300E+01
 5981   0.25220600E+01
 5982   0.19409600E+01
 5983   0.23262600E+01
 5984   0.66934700E+01
 5985   0.11531540E+02
 5986   0.17979680E+02
 5987   0.18997900E+02
 5988   0.27347530E+02
 5989   0.90990700E+02
 5990   0.12414548E+03
 5991   0.87845310E+02
 5992   0.65328590E+02
 5993   0.94446690E+02
 5994   0.15372229E+03
 5995   0.11566015E+03
 5996   0.15271282E+03
 5997   0.17964333E+03
 5998   0.10112015E+03
 5999   0.61461320E+02
 6000   0.44704940E+02
 6001   0.52351810E+02
 6002   0.73101490E+02
 6003   0.10299390E+03
 6004   0.16431688E+03
 6005   0.21506265E+03
 6006   0.19315571E+03
 6007   0.17347006E+03
 6008   0.14311928E+03
 6009   0.94599390E+02
 6010   0.65403790E+02
 6011   0.53014810E+02
 6012   0.46706030E+02
 6013   0.38348640E+02
 6014   0.28965790E+02
 6015   0.22214460E+02
 6016   0.17801910E+02
 6017   0.14893670E+02
 6018   0.11909020E+02
 6019   0.95018200E+01
 6020   0.83081000E+01
 6021   0.22049640E+02
 6022   0.12679970E+03
 6023   0.24303158E+03
 6024   0.23544869E+03
 6025   0.21575732E+03
 6026   0.12081518E+03
 6027   0.61167950E+02
 6028   0.33597790E+02
 6029   0.42276070E+02
 6030   0.11091298E+03
 6031   0.12873097E+03
 6032   0.95545310E+02
 6033   0.68730890E+02
 6034   0.53909770E+02
 6035   0.92669650E+02
 6036   0.18879873E+03
 6037   0.14351136E+03
 6038   0.87461190E+02
 6039   0.67275920E+02
 6040   0.66646690E+02
 6041   0.88247430E+02
 6042   0.12493803E+03
 6043   0.98265610E+02
 6044   0.75394910E+02
 6045   0.84570910E+02
 6046   0.95484050E+02
 6047   0.97422520E+02
 6048   0.93766210E+02
 6049   0.74704040E+02
 6050   0.62808190E+02
 6051   0.49230090E+02
 6052   0.34517630E+02
 6053   0.22356270E+02
 6054   0.14357970E+02
 6055   0.92677600E+01
 6056   0.71318000E+01
 6057   0.12981320E+02
 6058   0.66283890E+02
 6059   0.97794470E+02
 6060   0.98769570E+02
 6061   0.10755444E+03
 6062   0.12690487E+03
 6063   0.12077875E+03
 6064   0.97663530E+02
 6065   0.75984370E+02
 6066   0.66385320E+02
 6067   0.72020060E+02
 6068   0.63233480E+02
 6069   0.55712330E+02
 6070   0.57288200E+02
 6071   0.16573356E+03
 6072   0.27038890E+03
 6073   0.14010023E+03
 6074   0.76207060E+02
 6075   0.43470590E+02
 6076   0.26073170E+02
 6077   0.16131170E+02
 6078   0.10386230E+02
 6079   0.69391800E+01
 6080   0.44840500E+01
 6081   0.26998600E+01
 6082   0.18916100E+01
 6083   0.22167500E+01
 6084   0.90453900E+01
 6085   0.25886120E+02
 6086   0.53406810E+02
 6087   0.41354910E+02
 6088   0.29510990E+02
 6089   0.28111590E+02
 6090   0.27266940E+02
 6091   0.22424180E+02
 6092   0.15116400E+02
 6093   0.10142410E+02
 6094   0.71910500E+01
 6095   0.57402000E+01
 6096   0.46319900E+01
 6097   0.46847700E+01
 6098   0.43529500E+01
 6099   0.41441700E+01
 6100   0.93921100E+01
 6101   0.30033470E+02
 6102   0.47934760E+02
 6103   0.33389270E+02
 6104   0.20222000E+02
 6105   0.12267930E+02
 6106   0.78062400E+01
 6107   0.49100000E+01
 6108   0.29582100E+01
 6109   0.19711700E+01
 6110   0.14095300E+01
 6111   0.98399000E+00
 6112   0.71516000E+00
 6113   0.38693000E+00
 6114   0.32661000E+00
 6115   0.27033000E+00
 6116   0.19924000E+00
 6117   0.12922000E+00
 6118   0.90630000E-01
 6119   0.67660000E-01
 6120   0.52770000E-01
 6121   0.42500000E-01
 6122   0.58530000E-01
 6123   0.20593000E+00
 6124   0.22955000E+00
 6125   0.23629000E+00
 6126   0.22662000E+00
 6127   0.77215000E+00
 6128   0.52092000E+00
 6129   0.71442000E+00
 6130   0.80527000E+00
 6131   0.73479000E+00
 6132   0.61018000E+00
 6133   0.41119000E+00
 6134   0.33112000E+00
 6135   0.28743000E+00
 6136   0.24109000E+00
 6137   0.16883000E+00
 6138   0.73739000E+00
 6139   0.35225300E+01
 6140   0.46386500E+01
 6141   0.10609120E+02
 6142   0.14061130E+02
 6143   0.11894600E+02
 6144   0.90711800E+01
 6145   0.70636700E+01
 6146   0.52138900E+01
 6147   0.39604700E+01
 6148   0.28002300E+01
 6149   0.20960000E+01
 6150   0.16657100E+01
 6151   0.14671400E+01
 6152   0.13664400E+01
 6153   0.13048700E+01
 6154   0.83447000E+00
 6155   0.79700000E+00
 6156   0.66087000E+00
 6157   0.54417000E+00
 6158   0.44140000E+00
 6159   0.34398000E+00
 6160   0.30168000E+00
 6161   0.26548000E+00
 6162   0.21773000E+00
 6163   0.15422000E+00
 6164   0.11076000E+00
 6165   0.83410000E-01
 6166   0.65160000E-01
 6167   0.52370000E-01
 6168   0.43050000E-01
 6169   0.36030000E-01
 6170   0.30620000E-01
 6171   0.26350000E-01
 6172   0.22920000E-01
 6173   0.20130000E-01
 6174   0.17810000E-01
 6175   0.15880000E-01
 6176   0.14250000E-01
 6177   0.12850000E-01
 6178   0.11650000E-01
 6179   0.10620000E-01
 6180   0.97300000E-02
 6181   0.92800000E-02
 6182   0.12020000E-01
 6183   0.22610000E-01
 6184   0.33490000E-01
 6185   0.37410000E-01
 6186   0.36720000E-01
 6187   0.34120000E-01
 6188   0.30950000E-01
 6189   0.27790000E-01
 6190   0.24870000E-01
 6191   0.22250000E-01
 6192   0.19950000E-01
 6193   0.17940000E-01
 6194   0.16180000E-01
 6195   0.14650000E-01
 6196   0.13310000E-01
 6197   0.12130000E-01
 6198   0.11090000E-01
 6199   0.10170000E-01
 6200   0.93600000E-02
 6201   0.86400000E-02
 6202   0.79900000E-02
 6203   0.74100000E-02
 6204   0.68900000E-02
 6205   0.64200000E-02
 6206   0.60000000E-02
 6207   0.56100000E-02
 6208   0.52600000E-02
 6209   0.49400000E-02
 6210   0.46500000E-02
 6211   0.43800000E-02
 6212   0.41300000E-02
 6213   0.39100000E-02
 6214   0.37000000E-02
 6215   0.35000000E-02
 6216   0.33300000E-02
 6217   0.31600000E-02
 6218   0.30100000E-02
 6219   0.28600000E-02
 6220   0.27300000E-02
 6221   0.26000000E-02
 6222   0.24900000E-02
 6223   0.23800000E-02
 6224   0.22800000E-02
 6225   0.21800000E-02
 6226   0.20900000E-02
 6227   0.20100000E-02
 6228   0.19300000E-02
 6229   0.18500000E-02
 6230   0.17800000E-02
 6231   0.54661100E+01
 6232   0.66351600E+01
 6233   0.20559600E+02
 6234   0.24620280E+02
 6235   0.19054590E+02
 6236   0.12462710E+02
 6237   0.84848200E+01
 6238   0.57039300E+01
 6239   0.53454500E+01
 6240   0.59298600E+01
 6241   0.93043400E+01
 6242   0.14955040E+02
 6243   0.21062080E+02
 6244   0.21369140E+02
 6245   0.17761070E+02
 6246   0.13048540E+02
 6247   0.97126000E+01
 6248   0.72556600E+01
 6249   0.53365700E+01
 6250   0.40123200E+01
 6251   0.27305000E+01
 6252   0.19918900E+01
 6253   0.15393600E+01
 6254   0.11991300E+01
 6255   0.99972000E+00
 6256   0.52122000E+00
 6257   0.52246000E+00
 6258   0.40697000E+00
 6259   0.34826000E+00
 6260   0.30233000E+00
 6261   0.19622200E+01
 6262   0.12853700E+01
 6263   0.32870000E+01
 6264   0.51263600E+01
 6265   0.67760400E+01
 6266   0.62057900E+01
 6267   0.51544700E+01
 6268   0.40221300E+01
 6269   0.28167800E+01
 6270   0.20741600E+01
 6271   0.15402000E+01
 6272   0.12715800E+01
 6273   0.22546900E+01
 6274   0.30541400E+01
 6275   0.44963500E+01
 6276   0.66086200E+01
 6277   0.72231800E+01
 6278   0.66222700E+01
 6279   0.51115100E+01
 6280   0.38788000E+01
 6281   0.26178000E+01
 6282   0.18984400E+01
 6283   0.14083100E+01
 6284   0.11752400E+01
 6285   0.17477800E+01
 6286   0.14066000E+01
 6287   0.12318400E+01
 6288   0.14084900E+01
 6289   0.13247400E+01
 6290   0.11908100E+01
 6291   0.10390500E+01
 6292   0.88889000E+00
 6293   0.10740100E+01
 6294   0.93118000E+00
 6295   0.86352000E+00
 6296   0.85918000E+00
 6297   0.57319000E+00
 6298   0.55889000E+00
 6299   0.47399000E+00
 6300   0.82180000E+00
 6301   0.12290700E+01
 6302   0.17128300E+01
 6303   0.30502900E+01
 6304   0.40228000E+01
 6305   0.43233800E+01
 6306   0.87230300E+01
 6307   0.10729780E+02
 6308   0.25867960E+02
 6309   0.30866780E+02
 6310   0.23066090E+02
 6311   0.16958670E+02
 6312   0.14074930E+02
 6313   0.12468170E+02
 6314   0.11332200E+02
 6315   0.94922100E+01
 6316   0.72881600E+01
 6317   0.53254100E+01
 6318   0.63174500E+01
 6319   0.63527700E+01
 6320   0.94995800E+01
 6321   0.11915290E+02
 6322   0.12592300E+02
 6323   0.12732000E+02
 6324   0.12652560E+02
 6325   0.12313870E+02
 6326   0.10920000E+02
 6327   0.87062700E+01
 6328   0.15587740E+02
 6329   0.43123330E+02
 6330   0.99930570E+02
 6331   0.17626799E+03
 6332   0.35432462E+03
 6333   0.35235303E+03
 6334   0.24932585E+03
 6335   0.22751305E+03
 6336   0.17394594E+03
 6337   0.11205451E+03
 6338   0.88496030E+02
 6339   0.10197292E+03
 6340   0.10095344E+03
 6341   0.11726636E+03
 6342   0.11103283E+03
 6343   0.71223630E+02
 6344   0.41210400E+02
 6345   0.29489780E+02
 6346   0.22256990E+02
 6347   0.18222380E+02
 6348   0.18299170E+02
 6349   0.28869520E+02
 6350   0.68036490E+02
 6351   0.90016720E+02
 6352   0.66226800E+02
 6353   0.43271850E+02
 6354   0.29428100E+02
 6355   0.21077300E+02
 6356   0.17712100E+02
 6357   0.19128190E+02
 6358   0.37430900E+02
 6359   0.11395246E+03
 6360   0.24783044E+03
 6361   0.23380686E+03
 6362   0.15292084E+03
 6363   0.17505869E+03
 6364   0.22840921E+03
 6365   0.13933406E+03
 6366   0.74129720E+02
 6367   0.40928020E+02
 6368   0.24552450E+02
 6369   0.15305490E+02
 6370   0.10950680E+02
 6371   0.91353900E+01
 6372   0.14081100E+02
 6373   0.31973760E+02
 6374   0.61948290E+02
 6375   0.10815849E+03
 6376   0.11374277E+03
 6377   0.87875800E+02
 6378   0.97525950E+02
 6379   0.16727880E+03
 6380   0.20262542E+03
 6381   0.14948315E+03
 6382   0.85927400E+02
 6383   0.51873220E+02
 6384   0.35616980E+02
 6385   0.26569280E+02
 6386   0.21763250E+02
 6387   0.22216410E+02
 6388   0.52836030E+02
 6389   0.10191045E+03
 6390   0.83101390E+02
 6391   0.69204120E+02
 6392   0.73692230E+02
 6393   0.63864330E+02
 6394   0.10125700E+03
 6395   0.10153995E+03
 6396   0.12226194E+03
 6397   0.10917627E+03
 6398   0.77631560E+02
 6399   0.77549540E+02
 6400   0.22992107E+03
 6401   0.34980136E+03
 6402   0.22253026E+03
 6403   0.11577634E+03
 6404   0.60038240E+02
 6405   0.35503820E+02
 6406   0.22963880E+02
 6407   0.15421640E+02
 6408   0.10215540E+02
 6409   0.72337200E+01
 6410   0.53295200E+01
 6411   0.72113100E+01
 6412   0.15940670E+02
 6413   0.17299484E+03
 6414   0.26981996E+03
 6415   0.21194312E+03
 6416   0.36199498E+03
 6417   0.38159818E+03
 6418   0.39399939E+03
 6419   0.35818367E+03
 6420   0.58178252E+03
 6421   0.89921216E+03
 6422   0.44542184E+03
 6423   0.18656624E+03
 6424   0.11719873E+03
 6425   0.84819880E+02
 6426   0.60840680E+02
 6427   0.41156720E+02
 6428   0.27948420E+02
 6429   0.23348700E+02
 6430   0.19830350E+02
 6431   0.17558980E+02
 6432   0.14144960E+02
 6433   0.31075550E+02
 6434   0.31296972E+03
 6435   0.23266315E+03
 6436   0.17546780E+03
 6437   0.13146513E+03
 6438   0.11159408E+03
 6439   0.11791488E+03
 6440   0.10298025E+03
 6441   0.79606080E+02
 6442   0.69738390E+02
 6443   0.61216530E+02
 6444   0.87298430E+02
 6445   0.77441210E+02
 6446   0.48404270E+02
 6447   0.31409240E+02
 6448   0.21215530E+02
 6449   0.22790120E+02
 6450   0.28127670E+02
 6451   0.58017580E+02
 6452   0.47822060E+02
 6453   0.30010070E+02
 6454   0.18952580E+02
 6455   0.12098910E+02
 6456   0.79993400E+01
 6457   0.52460700E+01
 6458   0.35498000E+01
 6459   0.21394900E+01
 6460   0.14748100E+01
 6461   0.81663000E+00
 6462   0.69472000E+00
 6463   0.54798000E+00
 6464   0.46241000E+00
 6465   0.42515000E+00
 6466   0.28292300E+01
 6467   0.49555800E+01
 6468   0.11153000E+02
 6469   0.16666840E+02
 6470   0.24227070E+02
 6471   0.67566690E+02
 6472   0.88407340E+02
 6473   0.61364890E+02
 6474   0.39401590E+02
 6475   0.27965940E+02
 6476   0.22916990E+02
 6477   0.25569170E+02
 6478   0.29026530E+02
 6479   0.39982710E+02
 6480   0.35808820E+02
 6481   0.28076240E+02
 6482   0.22935590E+02
 6483   0.18277810E+02
 6484   0.13239510E+02
 6485   0.91391000E+01
 6486   0.62974900E+01
 6487   0.42871800E+01
 6488   0.26747100E+01
 6489   0.13478580E+02
 6490   0.47551810E+02
 6491   0.97409940E+02
 6492   0.64667170E+02
 6493   0.38279440E+02
 6494   0.23470250E+02
 6495   0.14717950E+02
 6496   0.95455800E+01
 6497   0.63516300E+01
 6498   0.42357600E+01
 6499   0.25847000E+01
 6500   0.17696800E+01
 6501   0.12560700E+01
 6502   0.67996000E+00
 6503   0.58840000E+00
 6504   0.40995000E+00
 6505   0.31785000E+00
 6506   0.27168000E+00
 6507   0.20939000E+00
 6508   0.95966000E+00
 6509   0.63190000E+00
 6510   0.93391000E+00
 6511   0.14129100E+01
 6512   0.11055100E+01
 6513   0.17643500E+01
 6514   0.20859200E+01
 6515   0.22536600E+01
 6516   0.25134900E+01
 6517   0.30594400E+01
 6518   0.38947600E+01
 6519   0.45926000E+01
 6520   0.43781900E+01
 6521   0.36140200E+01
 6522   0.25401800E+01
 6523   0.14916100E+01
 6524   0.12008100E+01
 6525   0.90747000E+00
 6526   0.69589000E+00
 6527   0.54902000E+00
 6528   0.41205000E+00
 6529   0.32506000E+00
 6530   0.27887000E+00
 6531   0.23016000E+00
 6532   0.15564000E+00
 6533   0.10763000E+00
 6534   0.79380000E-01
 6535   0.61320000E-01
 6536   0.48980000E-01
 6537   0.40140000E-01
 6538   0.33560000E-01
 6539   0.28520000E-01
 6540   0.24560000E-01
 6541   0.21390000E-01
 6542   0.18800000E-01
 6543   0.16670000E-01
 6544   0.14880000E-01
 6545   0.13370000E-01
 6546   0.18909000E+00
 6547   0.20204000E+00
 6548   0.26460000E+00
 6549   0.27622000E+00
 6550   0.27110000E+00
 6551   0.25376000E+00
 6552   0.22503000E+00
 6553   0.16407000E+00
 6554   0.11537000E+00
 6555   0.85760000E-01
 6556   0.66570000E-01
 6557   0.53330000E-01
 6558   0.43780000E-01
 6559   0.36640000E-01
 6560   0.31140000E-01
 6561   0.26810000E-01
 6562   0.23330000E-01
 6563   0.20490000E-01
 6564   0.18150000E-01
 6565   0.76510000E-01
 6566   0.46504000E+00
 6567   0.31892000E+00
 6568   0.40000000E+00
 6569   0.42420000E+00
 6570   0.42452000E+00
 6571   0.40566000E+00
 6572   0.37964000E+00
 6573   0.35152000E+00
 6574   0.28859000E+00
 6575   0.24852000E+00
 6576   0.22442000E+00
 6577   0.19679000E+00
 6578   0.16085000E+00
 6579   0.75313000E+00
 6580   0.76033800E+01
 6581   0.21254400E+02
 6582   0.49946950E+02
 6583   0.41151290E+02
 6584   0.27130680E+02
 6585   0.18192690E+02
 6586   0.12093980E+02
 6587   0.82848300E+01
 6588   0.56558900E+01
 6589   0.39779800E+01
 6590   0.25530200E+01
 6591   0.18110600E+01
 6592   0.13392900E+01
 6593   0.10239800E+01
 6594   0.52366000E+00
 6595   0.50660000E+00
 6596   0.37575000E+00
 6597   0.31193000E+00
 6598   0.26975000E+00
 6599   0.22098000E+00
 6600   0.14838000E+00
 6601   0.10322000E+00
 6602   0.76470000E-01
 6603   0.59250000E-01
 6604   0.47450000E-01
 6605   0.38970000E-01
 6606   0.32630000E-01
 6607   0.27770000E-01
 6608   0.23940000E-01
 6609   0.20870000E-01
 6610   0.18360000E-01
 6611   0.16290000E-01
 6612   0.14560000E-01
 6613   0.16873000E+01
 6614   0.10302400E+01
 6615   0.13516800E+01
 6616   0.24841700E+01
 6617   0.26474900E+01
 6618   0.23224200E+01
 6619   0.18768600E+01
 6620   0.14858700E+01
 6621   0.11802300E+01
 6622   0.94050000E+00
 6623   0.75587000E+00
 6624   0.60052000E+00
 6625   0.34925000E+00
 6626   0.29256000E+00
 6627   0.25815000E+00
 6628   0.21497000E+00
 6629   0.22278000E+00
 6630   0.94027000E+00
 6631   0.80780000E+00
 6632   0.13911100E+01
 6633   0.21153200E+01
 6634   0.24225500E+01
 6635   0.19299200E+01
 6636   0.51751700E+01
 6637   0.59525000E+01
 6638   0.90094500E+01
 6639   0.11694560E+02
 6640   0.11207200E+02
 6641   0.88485900E+01
 6642   0.66030200E+01
 6643   0.50475700E+01
 6644   0.44432100E+01
 6645   0.44847800E+01
 6646   0.44893700E+01
 6647   0.58909500E+01
 6648   0.82996500E+01
 6649   0.23924630E+02
 6650   0.56987310E+02
 6651   0.69132420E+02
 6652   0.75364340E+02
 6653   0.13663308E+03
 6654   0.11236879E+03
 6655   0.62312210E+02
 6656   0.33968030E+02
 6657   0.20451810E+02
 6658   0.12831170E+02
 6659   0.85053900E+01
 6660   0.57090400E+01
 6661   0.39296700E+01
 6662   0.24939900E+01
 6663   0.17695900E+01
 6664   0.68474900E+01
 6665   0.10351430E+02
 6666   0.22941040E+02
 6667   0.24213860E+02
 6668   0.18207190E+02
 6669   0.15502940E+02
 6670   0.20633060E+02
 6671   0.28466890E+02
 6672   0.27727320E+02
 6673   0.20895800E+02
 6674   0.14297950E+02
 6675   0.99989500E+01
 6676   0.72289300E+01
 6677   0.59592500E+01
 6678   0.54070000E+01
 6679   0.48706600E+01
 6680   0.42357800E+01
 6681   0.36464600E+01
 6682   0.27882800E+01
 6683   0.21320100E+01
 6684   0.15979000E+01
 6685   0.12177700E+01
 6686   0.94168000E+00
 6687   0.29049000E+01
 6688   0.54570600E+01
 6689   0.14640530E+02
 6690   0.22715050E+02
 6691   0.20438240E+02
 6692   0.15103000E+02
 6693   0.10396370E+02
 6694   0.72038700E+01
 6695   0.48134900E+01
 6696   0.30617800E+01
 6697   0.17219700E+01
 6698   0.22893000E+01
 6699   0.40131900E+01
 6700   0.17362630E+02
 6701   0.72127730E+02
 6702   0.63410380E+02
 6703   0.38482290E+02
 6704   0.23868930E+02
 6705   0.15963280E+02
 6706   0.11035940E+02
 6707   0.79185700E+01
 6708   0.61626000E+01
 6709   0.49864500E+01
 6710   0.41160800E+01
 6711   0.31730600E+01
 6712   0.24163300E+01
 6713   0.20331600E+01
 6714   0.20154900E+01
 6715   0.36374400E+01
 6716   0.31184130E+02
 6717   0.17769753E+03
 6718   0.14251201E+03
 6719   0.83059120E+02
 6720   0.55746160E+02
 6721   0.45308170E+02
 6722   0.34389150E+02
 6723   0.23853380E+02
 6724   0.15965420E+02
 6725   0.10579830E+02
 6726   0.71868800E+01
 6727   0.47234800E+01
 6728   0.25134100E+01
 6729   0.18310000E+01
 6730   0.44934900E+01
 6731   0.66811500E+01
 6732   0.25055980E+02
 6733   0.85164570E+02
 6734   0.96234270E+02
 6735   0.10469732E+03
 6736   0.13241529E+03
 6737   0.13934186E+03
 6738   0.13699200E+03
 6739   0.17710691E+03
 6740   0.22205515E+03
 6741   0.21657220E+03
 6742   0.15403749E+03
 6743   0.12094349E+03
 6744   0.96117070E+02
 6745   0.70160430E+02
 6746   0.92499470E+02
 6747   0.17227302E+03
 6748   0.11227205E+03
 6749   0.59242510E+02
 6750   0.33301920E+02
 6751   0.21244080E+02
 6752   0.21662070E+02
 6753   0.15677817E+03
 6754   0.82234182E+03
 6755   0.48175241E+03
 6756   0.31256934E+03
 6757   0.28954987E+03
 6758   0.24603258E+03
 6759   0.20640931E+03
 6760   0.17646122E+03
 6761   0.10499732E+03
 6762   0.61449070E+02
 6763   0.15053551E+03
 6764   0.13919712E+03
 6765   0.89006420E+02
 6766   0.62454550E+02
 6767   0.49506910E+02
 6768   0.39506620E+02
 6769   0.30450820E+02
 6770   0.32781820E+02
 6771   0.45429070E+02
 6772   0.94872440E+02
 6773   0.11905391E+03
 6774   0.14166312E+03
 6775   0.16171409E+03
 6776   0.27927898E+03
 6777   0.80599245E+03
 6778   0.49206564E+03
 6779   0.31954281E+03
 6780   0.28942711E+03
 6781   0.39855191E+03
 6782   0.43492009E+03
 6783   0.37210570E+03
 6784   0.33617330E+03
 6785   0.25286651E+03
 6786   0.24242783E+03
 6787   0.32796122E+03
 6788   0.33436134E+03
 6789   0.35567910E+03
 6790   0.32051312E+03
 6791   0.33709994E+03
 6792   0.41469065E+03
 6793   0.28634567E+03
 6794   0.14761314E+03
 6795   0.78876170E+02
 6796   0.46035270E+02
 6797   0.28968770E+02
 6798   0.19631130E+02
 6799   0.13669250E+02
 6800   0.13647220E+02
 6801   0.15968000E+02
 6802   0.25968850E+02
 6803   0.46328670E+02
 6804   0.62994710E+02
 6805   0.74851460E+02
 6806   0.77350460E+02
 6807   0.60854020E+02
 6808   0.43548760E+02
 6809   0.30450830E+02
 6810   0.23841060E+02
 6811   0.25659380E+02
 6812   0.55544710E+02
 6813   0.67760010E+02
 6814   0.47883420E+02
 6815   0.30533550E+02
 6816   0.19674300E+02
 6817   0.14435720E+02
 6818   0.15876400E+02
 6819   0.24767280E+02
 6820   0.33502420E+02
 6821   0.34409310E+02
 6822   0.26764260E+02
 6823   0.21453170E+02
 6824   0.22635850E+02
 6825   0.51034330E+02
 6826   0.63130730E+02
 6827   0.42213740E+02
 6828   0.26636780E+02
 6829   0.17687430E+02
 6830   0.11744820E+02
 6831   0.90448600E+01
 6832   0.82500900E+01
 6833   0.78176000E+01
 6834   0.77293100E+01
 6835   0.76982400E+01
 6836   0.65243900E+01
 6837   0.50912600E+01
 6838   0.32260490E+02
 6839   0.19163523E+03
 6840   0.15197242E+03
 6841   0.95849780E+02
 6842   0.57201540E+02
 6843   0.33914200E+02
 6844   0.21072000E+02
 6845   0.13326630E+02
 6846   0.87670200E+01
 6847   0.57942300E+01
 6848   0.39028500E+01
 6849   0.23527500E+01
 6850   0.16372900E+01
 6851   0.90560000E+00
 6852   0.75448000E+00
 6853   0.57637000E+00
 6854   0.42586000E+00
 6855   0.34273000E+00
 6856   0.28168000E+00
 6857   0.23042000E+00
 6858   0.15218000E+00
 6859   0.10443000E+00
 6860   0.76740000E-01
 6861   0.59170000E-01
 6862   0.47230000E-01
 6863   0.38710000E-01
 6864   0.32380000E-01
 6865   0.27530000E-01
 6866   0.23730000E-01
 6867   0.20680000E-01
 6868   0.18200000E-01
 6869   0.16150000E-01
 6870   0.14430000E-01
 6871   0.12980000E-01
 6872   0.11740000E-01
 6873   0.10670000E-01
 6874   0.97400000E-02
 6875   0.89200000E-02
 6876   0.82100000E-02
 6877   0.24140000E-01
 6878   0.12140000E-01
 6879   0.12310000E-01
 6880   0.18947000E+00
 6881   0.37656000E+00
 6882   0.65394000E+00
 6883   0.10160000E+01
 6884   0.12777100E+01
 6885   0.13693900E+01
 6886   0.11694300E+01
 6887   0.10200600E+01
 6888   0.83309000E+00
 6889   0.67515000E+00
 6890   0.54048000E+00
 6891   0.41781000E+00
 6892   0.30200000E+00
 6893   0.26448000E+00
 6894   0.25557000E+00
 6895   0.24444000E+00
 6896   0.22757000E+00
 6897   0.19043000E+00
 6898   0.13463000E+00
 6899   0.97020000E-01
 6900   0.73040000E-01
 6901   0.57060000E-01
 6902   0.45900000E-01
 6903   0.37800000E-01
 6904   0.30363900E+01
 6905   0.18548500E+01
 6906   0.40813500E+01
 6907   0.64375600E+01
 6908   0.67449400E+01
 6909   0.54165800E+01
 6910   0.40480600E+01
 6911   0.26931800E+01
 6912   0.15592200E+01
 6913   0.12434700E+01
 6914   0.94096000E+00
 6915   0.72505000E+00
 6916   0.58303000E+00
 6917   0.44621000E+00
 6918   0.34847000E+00
 6919   0.28974000E+00
 6920   0.24804000E+00
 6921   0.17630000E+00
 6922   0.11833000E+00
 6923   0.86360000E-01
 6924   0.72860000E-01
 6925   0.66340000E-01
 6926   0.60590000E-01
 6927   0.55180000E-01
 6928   0.49730000E-01
 6929   0.44300000E-01
 6930   0.39200000E-01
 6931   0.34600000E-01
 6932   0.30550000E-01
 6933   0.27050000E-01
 6934   0.24040000E-01
 6935   0.21480000E-01
 6936   0.19370000E-01
 6937   0.25181100E+01
 6938   0.71180800E+01
 6939   0.22780430E+02
 6940   0.30571430E+02
 6941   0.23606360E+02
 6942   0.16211600E+02
 6943   0.10618310E+02
 6944   0.75188900E+01
 6945   0.54034100E+01
 6946   0.40739100E+01
 6947   0.29826800E+01
 6948   0.22987400E+01
 6949   0.17807200E+01
 6950   0.13936900E+01
 6951   0.10850800E+01
 6952   0.85269000E+00
 6953   0.45777000E+00
 6954   0.39538000E+00
 6955   0.31948000E+00
 6956   0.28202000E+00
 6957   0.32220000E+00
 6958   0.12316700E+01
 6959   0.11996600E+01
 6960   0.23740000E+01
 6961   0.33336800E+01
 6962   0.34438900E+01
 6963   0.24794400E+01
 6964   0.21280700E+01
 6965   0.16556600E+01
 6966   0.12983800E+01
 6967   0.10358800E+01
 6968   0.84333000E+00
 6969   0.68514000E+00
 6970   0.56553000E+00
 6971   0.43753000E+00
 6972   0.35353000E+00
 6973   0.31584000E+00
 6974   0.24857000E+00
 6975   0.49263000E+00
 6976   0.34634000E+00
 6977   0.42337000E+00
 6978   0.44564000E+00
 6979   0.37530300E+01
 6980   0.27313000E+01
 6981   0.60125200E+01
 6982   0.11118220E+02
 6983   0.13041190E+02
 6984   0.10821730E+02
 6985   0.82500200E+01
 6986   0.59536000E+01
 6987   0.42951200E+01
 6988   0.28984900E+01
 6989   0.21035500E+01
 6990   0.15665400E+01
 6991   0.12005800E+01
 6992   0.94129000E+00
 6993   0.75942000E+00
 6994   0.41067000E+00
 6995   0.36246000E+00
 6996   0.29616000E+00
 6997   0.26220000E+00
 6998   0.21424000E+00
 6999   0.14979000E+00
 7000   0.10744000E+00
 7001   0.81040000E-01
 7002   0.10868200E+01
 7003   0.10455100E+01
 7004   0.90097000E+00
 7005   0.27773000E+01
 7006   0.44700100E+01
 7007   0.78150400E+01
 7008   0.10356400E+02
 7009   0.13405630E+02
 7010   0.15858720E+02
 7011   0.14801360E+02
 7012   0.18276680E+02
 7013   0.24697220E+02
 7014   0.39800090E+02
 7015   0.40791660E+02
 7016   0.31471990E+02
 7017   0.21996080E+02
 7018   0.14953070E+02
 7019   0.10218670E+02
 7020   0.72740000E+01
 7021   0.52117700E+01
 7022   0.63351200E+01
 7023   0.61750300E+01
 7024   0.80492200E+01
 7025   0.94989500E+01
 7026   0.82128130E+02
 7027   0.27245435E+03
 7028   0.13840284E+03
 7029   0.66982360E+02
 7030   0.36208740E+02
 7031   0.23527270E+02
 7032   0.17497490E+02
 7033   0.14610750E+02
 7034   0.13784810E+02
 7035   0.12228930E+02
 7036   0.10320230E+02
 7037   0.78845700E+01
 7038   0.57504200E+01
 7039   0.41855900E+01
 7040   0.28004200E+01
 7041   0.19930800E+01
 7042   0.14660200E+01
 7043   0.11140100E+01
 7044   0.20362600E+01
 7045   0.24396000E+01
 7046   0.48415300E+01
 7047   0.10583590E+02
 7048   0.12955310E+02
 7049   0.10916430E+02
 7050   0.81011400E+01
 7051   0.58335200E+01
 7052   0.75000600E+01
 7053   0.33697020E+02
 7054   0.13524132E+03
 7055   0.10682083E+03
 7056   0.70164470E+02
 7057   0.49068840E+02
 7058   0.40068300E+02
 7059   0.35582780E+02
 7060   0.46513790E+02
 7061   0.68588430E+02
 7062   0.61449350E+02
 7063   0.39701810E+02
 7064   0.24837650E+02
 7065   0.15738840E+02
 7066   0.96754500E+01
 7067   0.64870800E+01
 7068   0.42916600E+01
 7069   0.29477000E+01
 7070   0.12279130E+02
 7071   0.40410440E+02
 7072   0.66222440E+02
 7073   0.61625940E+02
 7074   0.93205930E+02
 7075   0.21469388E+03
 7076   0.30978362E+03
 7077   0.27263651E+03
 7078   0.16689197E+03
 7079   0.99772150E+02
 7080   0.67373540E+02
 7081   0.48187570E+02
 7082   0.36924660E+02
 7083   0.28513230E+02
 7084   0.22928820E+02
 7085   0.19673080E+02
 7086   0.17353070E+02
 7087   0.19600510E+02
 7088   0.21972600E+02
 7089   0.22454780E+02
 7090   0.21957050E+02
 7091   0.20134230E+02
 7092   0.24508790E+02
 7093   0.31062110E+02
 7094   0.36048820E+02
 7095   0.39615810E+02
 7096   0.37716740E+02
 7097   0.30109300E+02
 7098   0.27881290E+02
 7099   0.36438160E+02
 7100   0.77669700E+02
 7101   0.16995826E+03
 7102   0.21945522E+03
 7103   0.18206370E+03
 7104   0.12523529E+03
 7105   0.91522900E+02
 7106   0.69605180E+02
 7107   0.82649940E+02
 7108   0.11086923E+03
 7109   0.14083647E+03
 7110   0.62006590E+03
 7111   0.54677232E+03
 7112   0.37560046E+03
 7113   0.29104588E+03
 7114   0.20135545E+03
 7115   0.26177324E+03
 7116   0.13750474E+03
 7117   0.65270370E+02
 7118   0.35175040E+02
 7119   0.20861780E+02
 7120   0.12935410E+02
 7121   0.85590400E+01
 7122   0.56425800E+01
 7123   0.43323200E+01
 7124   0.62585000E+01
 7125   0.24443700E+02
 7126   0.67090050E+02
 7127   0.75883840E+02
 7128   0.87926370E+02
 7129   0.12384078E+03
 7130   0.17007220E+03
 7131   0.17269142E+03
 7132   0.14444571E+03
 7133   0.13837485E+03
 7134   0.14133373E+03
 7135   0.80756820E+02
 7136   0.46243510E+02
 7137   0.28242210E+02
 7138   0.17633370E+02
 7139   0.11935970E+02
 7140   0.82371000E+01
 7141   0.91213100E+01
 7142   0.38399700E+02
 7143   0.21857538E+03
 7144   0.25935689E+03
 7145   0.21624131E+03
 7146   0.32601825E+03
 7147   0.95167227E+03
 7148   0.46884884E+03
 7149   0.33865086E+03
 7150   0.23804715E+03
 7151   0.16393034E+03
 7152   0.10693430E+03
 7153   0.68876210E+02
 7154   0.48972740E+02
 7155   0.34653960E+02
 7156   0.32321310E+02
 7157   0.95035100E+02
 7158   0.15479273E+03
 7159   0.15171097E+03
 7160   0.10527661E+03
 7161   0.60834450E+02
 7162   0.35252750E+02
 7163   0.31876190E+02
 7164   0.34071520E+02
 7165   0.56938410E+02
 7166   0.55822400E+02
 7167   0.36478760E+02
 7168   0.21254760E+02
 7169   0.12905440E+02
 7170   0.83893400E+01
 7171   0.54207300E+01
 7172   0.36188100E+01
 7173   0.22379300E+01
 7174   0.16171500E+01
 7175   0.12383400E+01
 7176   0.96486000E+00
 7177   0.74832000E+00
 7178   0.87579220E+02
 7179   0.14684244E+03
 7180   0.76604190E+02
 7181   0.42945020E+02
 7182   0.27063930E+02
 7183   0.18000420E+02
 7184   0.11951800E+02
 7185   0.80118600E+01
 7186   0.52665200E+01
 7187   0.35334000E+01
 7188   0.21443500E+01
 7189   0.12162200E+01
 7190   0.98852000E+00
 7191   0.76999000E+00
 7192   0.59575000E+00
 7193   0.12410800E+01
 7194   0.14446300E+01
 7195   0.19266200E+01
 7196   0.31713300E+01
 7197   0.39091400E+01
 7198   0.40127600E+01
 7199   0.29085500E+01
 7200   0.24321100E+01
 7201   0.18313100E+01
 7202   0.13705600E+01
 7203   0.10460100E+01
 7204   0.81835000E+00
 7205   0.64159000E+00
 7206   0.49558000E+00
 7207   0.35771000E+00
 7208   0.29578000E+00
 7209   0.22613000E+00
 7210   0.15339000E+00
 7211   0.10919000E+00
 7212   0.81930000E-01
 7213   0.63900000E-01
 7214   0.51320000E-01
 7215   0.42180000E-01
 7216   0.35310000E-01
 7217   0.30020000E-01
 7218   0.25840000E-01
 7219   0.22500000E-01
 7220   0.19760000E-01
 7221   0.17500000E-01
 7222   0.15610000E-01
 7223   0.14010000E-01
 7224   0.12640000E-01
 7225   0.11470000E-01
 7226   0.10450000E-01
 7227   0.95600000E-02
 7228   0.87800000E-02
 7229   0.80900000E-02
 7230   0.74800000E-02
 7231   0.69300000E-02
 7232   0.64500000E-02
 7233   0.60100000E-02
 7234   0.56100000E-02
 7235   0.52500000E-02
 7236   0.49300000E-02
 7237   0.46300000E-02
 7238   0.43600000E-02
 7239   0.41100000E-02
 7240   0.38900000E-02
 7241   0.36800000E-02
 7242   0.34800000E-02
 7243   0.33000000E-02
 7244   0.31400000E-02
 7245   0.29900000E-02
 7246   0.28400000E-02
 7247   0.27100000E-02
 7248   0.25900000E-02
 7249   0.24700000E-02
 7250   0.23600000E-02
 7251   0.22600000E-02
 7252   0.21700000E-02
 7253   0.20800000E-02
 7254   0.19900000E-02
 7255   0.19100000E-02
 7256   0.18400000E-02
 7257   0.17700000E-02
 7258   0.17000000E-02
 7259   0.16400000E-02
 7260   0.15900000E-02
 7261   0.15300000E-02
 7262   0.14800000E-02
 7263   0.14200000E-02
 7264   0.13800000E-02
 7265   0.12200000E-01
 7266   0.12590000E-01
 7267   0.15310000E-01
 7268   0.11809000E+00
 7269   0.20828000E+00
 7270   0.22915000E+00
 7271   0.22938000E+00
 7272   0.22292000E+00
 7273   0.16254700E+01
 7274   0.42651700E+01
 7275   0.87667800E+01
 7276   0.15992670E+02
 7277   0.15925030E+02
 7278   0.12382080E+02
 7279   0.87478300E+01
 7280   0.59701600E+01
 7281   0.36646700E+01
 7282   0.23623300E+01
 7283   0.16650900E+01
 7284   0.12281900E+01
 7285   0.93032000E+00
 7286   0.71718000E+00
 7287   0.57045000E+00
 7288   0.41367000E+00
 7289   0.32578000E+00
 7290   0.27574000E+00
 7291   0.20339000E+00
 7292   0.13342000E+00
 7293   0.94530000E-01
 7294   0.71040000E-01
 7295   0.55660000E-01
 7296   0.44990000E-01
 7297   0.37260000E-01
 7298   0.31450000E-01
 7299   0.26960000E-01
 7300   0.23410000E-01
 7301   0.20540000E-01
 7302   0.18180000E-01
 7303   0.16210000E-01
 7304   0.14560000E-01
 7305   0.13150000E-01
 7306   0.11930000E-01
 7307   0.10880000E-01
 7308   0.99600000E-02
 7309   0.91500000E-02
 7310   0.84400000E-02
 7311   0.78100000E-02
 7312   0.72400000E-02
 7313   0.67400000E-02
 7314   0.19230000E-01
 7315   0.10310000E-01
 7316   0.99600000E-02
 7317   0.13780000E-01
 7318   0.19940000E-01
 7319   0.26420000E-01
 7320   0.30830000E-01
 7321   0.32210000E-01
 7322   0.31410000E-01
 7323   0.29490000E-01
 7324   0.27150000E-01
 7325   0.24740000E-01
 7326   0.22440000E-01
 7327   0.20330000E-01
 7328   0.18430000E-01
 7329   0.16730000E-01
 7330   0.15230000E-01
 7331   0.13289600E+01
 7332   0.45913000E+00
 7333   0.10574000E+01
 7334   0.26436700E+01
 7335   0.39729300E+01
 7336   0.44244300E+01
 7337   0.39996400E+01
 7338   0.30769000E+01
 7339   0.23314600E+01
 7340   0.17641600E+01
 7341   0.13476300E+01
 7342   0.10482500E+01
 7343   0.56240000E+00
 7344   0.58494000E+00
 7345   0.54565000E+00
 7346   0.55140000E+00
 7347   0.53879000E+00
 7348   0.50503000E+00
 7349   0.21468000E+01
 7350   0.27631600E+01
 7351   0.44007400E+01
 7352   0.84020900E+01
 7353   0.13264970E+02
 7354   0.17928250E+02
 7355   0.19683960E+02
 7356   0.19131330E+02
 7357   0.16609890E+02
 7358   0.14266940E+02
 7359   0.13337170E+02
 7360   0.16115420E+02
 7361   0.20173850E+02
 7362   0.23692440E+02
 7363   0.21540360E+02
 7364   0.17637470E+02
 7365   0.14149220E+02
 7366   0.10814250E+02
 7367   0.89524900E+01
 7368   0.75569500E+01
 7369   0.79754000E+01
 7370   0.88971200E+01
 7371   0.10619980E+02
 7372   0.13004910E+02
 7373   0.12796560E+02
 7374   0.11614140E+02
 7375   0.93770600E+01
 7376   0.70596600E+01
 7377   0.50333700E+01
 7378   0.37164600E+01
 7379   0.24362600E+01
 7380   0.17642900E+01
 7381   0.23819600E+01
 7382   0.23388400E+01
 7383   0.29923300E+01
 7384   0.61777100E+01
 7385   0.10405570E+02
 7386   0.15133570E+02
 7387   0.15733650E+02
 7388   0.13680840E+02
 7389   0.10490760E+02
 7390   0.81450300E+01
 7391   0.66762800E+01
 7392   0.59788800E+01
 7393   0.54241600E+01
 7394   0.48580700E+01
 7395   0.54777200E+01
 7396   0.55247100E+01
 7397   0.49925300E+01
 7398   0.41555500E+01
 7399   0.30525700E+01
 7400   0.22743200E+01
 7401   0.16960500E+01
 7402   0.13032900E+01
 7403   0.10116000E+01
 7404   0.52206000E+00
 7405   0.51580000E+00
 7406   0.77244000E+00
 7407   0.17104100E+01
 7408   0.35210600E+01
 7409   0.95329400E+01
 7410   0.19663740E+02
 7411   0.26204830E+02
 7412   0.26481680E+02
 7413   0.39937450E+02
 7414   0.55180580E+02
 7415   0.51432030E+02
 7416   0.34195800E+02
 7417   0.23206380E+02
 7418   0.16656150E+02
 7419   0.13990830E+02
 7420   0.11926920E+02
 7421   0.11419390E+02
 7422   0.10710910E+02
 7423   0.91336700E+01
 7424   0.75158600E+01
 7425   0.50214400E+01
 7426   0.38450900E+01
 7427   0.47995100E+01
 7428   0.45590700E+01
 7429   0.56913200E+01
 7430   0.64883900E+01
 7431   0.58755300E+01
 7432   0.48138500E+01
 7433   0.37612200E+01
 7434   0.71190700E+01
 7435   0.11986100E+02
 7436   0.27978580E+02
 7437   0.34479710E+02
 7438   0.54572650E+02
 7439   0.11169830E+03
 7440   0.25365367E+03
 7441   0.19780564E+03
 7442   0.10146954E+03
 7443   0.52476510E+02
 7444   0.29610510E+02
 7445   0.17369170E+02
 7446   0.11376050E+02
 7447   0.10451950E+02
 7448   0.15906760E+02
 7449   0.28295170E+02
 7450   0.37026830E+02
 7451   0.34595640E+02
 7452   0.28014440E+02
 7453   0.21233590E+02
 7454   0.15882170E+02
 7455   0.11810490E+02
 7456   0.92068500E+01
 7457   0.71674900E+01
 7458   0.26375630E+02
 7459   0.14203869E+03
 7460   0.19708664E+03
 7461   0.22831793E+03
 7462   0.21841667E+03
 7463   0.23055948E+03
 7464   0.30276275E+03
 7465   0.25780576E+03
 7466   0.20700556E+03
 7467   0.13114402E+03
 7468   0.10619267E+03
 7469   0.10367615E+03
 7470   0.81906910E+02
 7471   0.11462445E+03
 7472   0.17751629E+03
 7473   0.17620485E+03
 7474   0.99650740E+02
 7475   0.53565560E+02
 7476   0.29734940E+02
 7477   0.18124990E+02
 7478   0.11493960E+02
 7479   0.77721200E+01
 7480   0.51596600E+01
 7481   0.36594900E+01
 7482   0.25302100E+01
 7483   0.21127000E+01
 7484   0.18248300E+01
 7485   0.14701900E+01
 7486   0.91588000E+00
 7487   0.84574000E+00
 7488   0.67154000E+00
 7489   0.54103000E+00
 7490   0.41407000E+00
 7491   0.49063000E+00
 7492   0.61598000E+01
 7493   0.24632940E+02
 7494   0.34315650E+02
 7495   0.29217090E+02
 7496   0.20928060E+02
 7497   0.17491980E+02
 7498   0.14778990E+02
 7499   0.13741060E+02
 7500   0.27283560E+02
 7501   0.11406614E+03
 7502   0.20014299E+03
 7503   0.14311015E+03
 7504   0.95878660E+02
 7505   0.65230480E+02
 7506   0.42136610E+02
 7507   0.27206150E+02
 7508   0.18769510E+02
 7509   0.14291580E+02
 7510   0.10834280E+02
 7511   0.86682200E+01
 7512   0.67622400E+01
 7513   0.51758300E+01
 7514   0.12856280E+02
 7515   0.21548942E+03
 7516   0.81547828E+03
 7517   0.67902114E+03
 7518   0.29780143E+03
 7519   0.21570148E+03
 7520   0.15132539E+03
 7521   0.77103930E+02
 7522   0.46287770E+02
 7523   0.60314550E+02
 7524   0.84153040E+02
 7525   0.61323310E+02
 7526   0.53421680E+02
 7527   0.61308520E+02
 7528   0.56652110E+02
 7529   0.41363670E+02
 7530   0.27247330E+02
 7531   0.17598060E+02
 7532   0.11485740E+02
 7533   0.77037500E+01
 7534   0.73415300E+01
 7535   0.10945320E+02
 7536   0.68272390E+02
 7537   0.96775150E+02
 7538   0.59555030E+02
 7539   0.33248920E+02
 7540   0.19665930E+02
 7541   0.12083830E+02
 7542   0.78791700E+01
 7543   0.50769900E+01
 7544   0.32703100E+01
 7545   0.20835000E+01
 7546   0.14502100E+01
 7547   0.10414800E+01
 7548   0.54805000E+00
 7549   0.49850000E+00
 7550   0.36658000E+00
 7551   0.30037000E+00
 7552   0.26006000E+00
 7553   0.19046000E+00
 7554   0.12581000E+00
 7555   0.92010000E-01
 7556   0.79380000E-01
 7557   0.89170000E-01
 7558   0.15454000E+00
 7559   0.14478000E+00
 7560   0.10868000E+00
 7561   0.85140000E-01
 7562   0.68210000E-01
 7563   0.54760000E-01
 7564   0.44470000E-01
 7565   0.36700000E-01
 7566   0.30780000E-01
 7567   0.26200000E-01
 7568   0.12185000E+00
 7569   0.35175200E+01
 7570   0.40489430E+02
 7571   0.82447230E+02
 7572   0.52943990E+02
 7573   0.31810230E+02
 7574   0.20101310E+02
 7575   0.13049740E+02
 7576   0.87759600E+01
 7577   0.58651100E+01
 7578   0.35716200E+01
 7579   0.22484100E+01
 7580   0.15607200E+01
 7581   0.11239200E+01
 7582   0.13760260E+02
 7583   0.38090300E+02
 7584   0.45429670E+02
 7585   0.31192300E+02
 7586   0.19858490E+02
 7587   0.12547080E+02
 7588   0.82348000E+01
 7589   0.50428500E+01
 7590   0.36048400E+01
 7591   0.23186900E+01
 7592   0.16857500E+01
 7593   0.12647700E+01
 7594   0.95700000E+00
 7595   0.71241000E+00
 7596   0.54107000E+00
 7597   0.37813000E+00
 7598   0.30255000E+00
 7599   0.22716000E+00
 7600   0.14632000E+00
 7601   0.10140000E+00
 7602   0.75080000E-01
 7603   0.58210000E-01
 7604   0.46660000E-01
 7605   0.38360000E-01
 7606   0.32160000E-01
 7607   0.31230000E-01
 7608   0.17838000E+00
 7609   0.25737000E+00
 7610   0.26330000E+00
 7611   0.26190000E+00
 7612   0.25465000E+00
 7613   0.22260000E+00
 7614   0.14865000E+00
 7615   0.97690000E-01
 7616   0.68540000E-01
 7617   0.50670000E-01
 7618   0.38990000E-01
 7619   0.30950000E-01
 7620   0.25180000E-01
 7621   0.20910000E-01
 7622   0.17650000E-01
 7623   0.15110000E-01
 7624   0.13100000E-01
 7625   0.11460000E-01
 7626   0.11630000E-01
 7627   0.95400000E-02
 7628   0.83900000E-02
 7629   0.75600000E-02
 7630   0.69000000E-02
 7631   0.63600000E-02
 7632   0.59000000E-02
 7633   0.55000000E-02
 7634   0.51600000E-02
 7635   0.48500000E-02
 7636   0.45600000E-02
 7637   0.43100000E-02
 7638   0.40700000E-02
 7639   0.38500000E-02
 7640   0.36400000E-02
 7641   0.34500000E-02
 7642   0.32700000E-02
 7643   0.31000000E-02
 7644   0.29500000E-02
 7645   0.28100000E-02
 7646   0.26700000E-02
 7647   0.25500000E-02
 7648   0.24300000E-02
 7649   0.23200000E-02
 7650   0.22200000E-02
 7651   0.21300000E-02
 7652   0.20400000E-02
 7653   0.19600000E-02
 7654   0.18800000E-02
 7655   0.18000000E-02
 7656   0.17400000E-02
 7657   0.16700000E-02
 7658   0.16100000E-02
 7659   0.15500000E-02
 7660   0.15000000E-02
 7661   0.14400000E-02
 7662   0.14000000E-02
 7663   0.13500000E-02
 7664   0.13100000E-02
 7665   0.12600000E-02
 7666   0.12200000E-02
 7667   0.11900000E-02
 7668   0.11500000E-02
 7669   0.11200000E-02
 7670   0.11000000E-02
 7671   0.10700000E-02
 7672   0.10500000E-02
 7673   0.10300000E-02
 7674   0.10200000E-02
 7675   0.10000000E-02
 7676   0.99000000E-03
 7677   0.99000000E-03
 7678   0.98000000E-03
 7679   0.98000000E-03
 7680   0.97000000E-03
 7681   0.97000000E-03
 7682   0.97000000E-03
 7683   0.97000000E-03
 7684   0.14305300E+01
 7685   0.37719000E+00
 7686   0.58663000E+00
 7687   0.80535000E+00
 7688   0.90522000E+00
 7689   0.90648000E+00
 7690   0.83183000E+00
 7691   0.73738000E+00
 7692   0.63714000E+00
 7693   0.54312000E+00
 7694   0.45795000E+00
 7695   0.30906000E+00
 7696   0.26056000E+00
 7697   0.14367700E+01
 7698   0.63554000E+00
 7699   0.69964000E+00
 7700   0.10013100E+01
 7701   0.10787600E+01
 7702   0.10328000E+01
 7703   0.89917000E+00
 7704   0.10376000E+01
 7705   0.20597900E+01
 7706   0.56541400E+01
 7707   0.24399890E+02
 7708   0.60048880E+02
 7709   0.74435100E+02
 7710   0.75830730E+02
 7711   0.61700680E+02
 7712   0.45500800E+02
 7713   0.34142980E+02
 7714   0.26869820E+02
 7715   0.21825590E+02
 7716   0.17166190E+02
 7717   0.13564620E+02
 7718   0.10814590E+02
 7719   0.85210000E+01
 7720   0.64536300E+01
 7721   0.47524900E+01
 7722   0.35767600E+01
 7723   0.29250400E+01
 7724   0.20516600E+01
 7725   0.16807400E+01
 7726   0.10189300E+01
 7727   0.97260000E+00
 7728   0.82252000E+00
 7729   0.70699000E+00
 7730   0.75766000E+00
 7731   0.62799000E+00
 7732   0.57775000E+00
 7733   0.53655000E+00
 7734   0.47723000E+00
 7735   0.41234000E+00
 7736   0.32433000E+00
 7737   0.28372000E+00
 7738   0.26066000E+00
 7739   0.24735000E+00
 7740   0.42268000E+00
 7741   0.29199800E+01
 7742   0.52856000E+01
 7743   0.11566910E+02
 7744   0.13763770E+02
 7745   0.12159750E+02
 7746   0.91150600E+01
 7747   0.72646700E+01
 7748   0.64985100E+01
 7749   0.61476400E+01
 7750   0.62301200E+01
 7751   0.59164900E+01
 7752   0.52915000E+01
 7753   0.47365300E+01
 7754   0.40502900E+01
 7755   0.33127900E+01
 7756   0.26214400E+01
 7757   0.18877600E+01
 7758   0.18571500E+01
 7759   0.16859000E+01
 7760   0.18165500E+01
 7761   0.20235300E+01
 7762   0.21715600E+01
 7763   0.21218600E+01
 7764   0.25885400E+01
 7765   0.35921700E+01
 7766   0.41703500E+01
 7767   0.46435900E+01
 7768   0.52097600E+01
 7769   0.48245000E+01
 7770   0.40141400E+01
 7771   0.29195300E+01
 7772   0.21469100E+01
 7773   0.16017000E+01
 7774   0.12113200E+01
 7775   0.93304000E+00
 7776   0.76536000E+00
 7777   0.70691000E+00
 7778   0.86666000E+00
 7779   0.22653300E+01
 7780   0.31009400E+01
 7781   0.81277900E+01
 7782   0.13262770E+02
 7783   0.22873580E+02
 7784   0.36774490E+02
 7785   0.75400330E+02
 7786   0.12372300E+03
 7787   0.94599040E+02
 7788   0.57243660E+02
 7789   0.33657050E+02
 7790   0.20836030E+02
 7791   0.13347420E+02
 7792   0.91585400E+01
 7793   0.67161100E+01
 7794   0.50356300E+01
 7795   0.40278600E+01
 7796   0.31074200E+01
 7797   0.24371300E+01
 7798   0.15369600E+01
 7799   0.12787400E+01
 7800   0.98553000E+00
 7801   0.76971000E+00
 7802   0.83975000E+00
 7803   0.66990100E+01
 7804   0.36910530E+02
 7805   0.10541780E+03
 7806   0.71300190E+02
 7807   0.41313260E+02
 7808   0.38667070E+02
 7809   0.86253590E+02
 7810   0.22248354E+03
 7811   0.21938319E+03
 7812   0.13127110E+03
 7813   0.11395071E+03
 7814   0.15142261E+03
 7815   0.14025901E+03
 7816   0.10717689E+03
 7817   0.15425174E+03
 7818   0.23649655E+03
 7819   0.18957003E+03
 7820   0.12725268E+03
 7821   0.99874300E+02
 7822   0.99577340E+02
 7823   0.14721185E+03
 7824   0.15423676E+03
 7825   0.97915140E+02
 7826   0.58702360E+02
 7827   0.38430050E+02
 7828   0.32170520E+02
 7829   0.52191130E+02
 7830   0.11351123E+03
 7831   0.16970727E+03
 7832   0.18523427E+03
 7833   0.16305592E+03
 7834   0.13734856E+03
 7835   0.16674787E+03
 7836   0.12272863E+03
 7837   0.69310360E+02
 7838   0.69798980E+02
 7839   0.16260442E+03
 7840   0.28702362E+03
 7841   0.30723069E+03
 7842   0.22942897E+03
 7843   0.15374795E+03
 7844   0.15333296E+03
 7845   0.32641302E+03
 7846   0.21473725E+03
 7847   0.12130724E+03
 7848   0.18516691E+03
 7849   0.20303865E+03
 7850   0.14161025E+03
 7851   0.15198842E+03
 7852   0.33020674E+03
 7853   0.27211909E+03
 7854   0.26054683E+03
 7855   0.24004799E+03
 7856   0.22756946E+03
 7857   0.19639458E+03
 7858   0.12335033E+03
 7859   0.64407910E+02
 7860   0.36472180E+02
 7861   0.24195490E+02
 7862   0.58097770E+02
 7863   0.11965463E+03
 7864   0.85553800E+02
 7865   0.51145410E+02
 7866   0.35689690E+02
 7867   0.29554540E+02
 7868   0.25443800E+02
 7869   0.19822640E+02
 7870   0.15869270E+02
 7871   0.12464990E+02
 7872   0.94418300E+01
 7873   0.70257300E+01
 7874   0.48892100E+01
 7875   0.33551500E+01
 7876   0.23119600E+01
 7877   0.47016900E+01
 7878   0.94402400E+01
 7879   0.22770190E+02
 7880   0.38813670E+02
 7881   0.34840380E+02
 7882   0.24931020E+02
 7883   0.17376890E+02
 7884   0.16201120E+02
 7885   0.26150240E+02
 7886   0.81092530E+02
 7887   0.10383149E+03
 7888   0.75206880E+02
 7889   0.45844000E+02
 7890   0.30438100E+02
 7891   0.30151570E+02
 7892   0.46631210E+02
 7893   0.91975830E+02
 7894   0.89536620E+02
 7895   0.57681910E+02
 7896   0.49005650E+02
 7897   0.59313340E+02
 7898   0.70507450E+02
 7899   0.55549000E+02
 7900   0.34685260E+02
 7901   0.21656940E+02
 7902   0.13560060E+02
 7903   0.87866700E+01
 7904   0.70823600E+01
 7905   0.58333000E+01
 7906   0.11243050E+02
 7907   0.19385390E+02
 7908   0.30482120E+02
 7909   0.29641080E+02
 7910   0.22273670E+02
 7911   0.19354140E+02
 7912   0.19354885E+03
 7913   0.11972395E+04
 7914   0.57946134E+03
 7915   0.21180440E+03
 7916   0.96759290E+02
 7917   0.18608414E+03
 7918   0.35380638E+03
 7919   0.40795477E+03
 7920   0.32368514E+03
 7921   0.14115206E+03
 7922   0.65398260E+02
 7923   0.34185440E+02
 7924   0.19812840E+02
 7925   0.12114020E+02
 7926   0.79875600E+01
 7927   0.54608700E+01
 7928   0.38142900E+01
 7929   0.25888100E+01
 7930   0.22661100E+01
 7931   0.13950800E+01
 7932   0.13058400E+01
 7933   0.11304100E+01
 7934   0.10136600E+01
 7935   0.95346000E+00
 7936   0.88382000E+00
 7937   0.78950000E+00
 7938   0.67731000E+00
 7939   0.55568000E+00
 7940   0.45237000E+00
 7941   0.32690000E+00
 7942   0.27534000E+00
 7943   0.23728000E+00
 7944   0.19378000E+00
 7945   0.14498000E+00
 7946   0.10953000E+00
 7947   0.84760000E-01
 7948   0.67190000E-01
 7949   0.54440000E-01
 7950   0.44940000E-01
 7951   0.37700000E-01
 7952   0.32060000E-01
 7953   0.27590000E-01
 7954   0.24000000E-01
 7955   0.21060000E-01
 7956   0.18620000E-01
 7957   0.16590000E-01
 7958   0.14870000E-01
 7959   0.13400000E-01
 7960   0.12140000E-01
 7961   0.11040000E-01
 7962   0.10090000E-01
 7963   0.92500000E-02
 7964   0.85200000E-02
 7965   0.78600000E-02
 7966   0.72800000E-02
 7967   0.67600000E-02
 7968   0.63000000E-02
 7969   0.58700000E-02
 7970   0.54900000E-02
 7971   0.51500000E-02
 7972   0.48300000E-02
 7973   0.45500000E-02
 7974   0.42900000E-02
 7975   0.40500000E-02
 7976   0.38200000E-02
 7977   0.36200000E-02
 7978   0.34300000E-02
 7979   0.32600000E-02
 7980   0.31000000E-02
 7981   0.29500000E-02
 7982   0.28100000E-02
 7983   0.26800000E-02
 7984   0.25600000E-02
 7985   0.24400000E-02
 7986   0.23400000E-02
 7987   0.22400000E-02
 7988   0.21400000E-02
 7989   0.20500000E-02
 7990   0.19700000E-02
 7991   0.18900000E-02
 7992   0.18200000E-02
 7993   0.17500000E-02
 7994   0.16900000E-02
 7995   0.16200000E-02
 7996   0.15700000E-02
 7997   0.15100000E-02
 7998   0.14600000E-02
 7999   0.14100000E-02
 8000   0.13600000E-02
 8001   0.13100000E-02
 8002   0.12700000E-02
 8003   0.12300000E-02
 8004   0.11900000E-02
 8005   0.11500000E-02
 8006   0.11200000E-02
 8007   0.10800000E-02
 8008   0.70516000E+00
 8009   0.49250000E+00
 8010   0.54602000E+00
 8011   0.74273000E+00
 8012   0.83122000E+00
 8013   0.62434000E+00
 8014   0.61404000E+00
 8015   0.54062000E+00
 8016   0.47460000E+00
 8017   0.40471000E+00
 8018   0.34964000E+00
 8019   0.31679000E+00
 8020   0.28893000E+00
 8021   0.25940000E+00
 8022   0.21849000E+00
 8023   0.15990000E+00
 8024   0.11566000E+00
 8025   0.87190000E-01
 8026   0.68040000E-01
 8027   0.54580000E-01
 8028   0.44760000E-01
 8029   0.37380000E-01
 8030   0.31690000E-01
 8031   0.27220000E-01
 8032   0.23630000E-01
 8033   0.20710000E-01
 8034   0.18300000E-01
 8035   0.16290000E-01
 8036   0.14600000E-01
 8037   0.13190000E-01
 8038   0.12010000E-01
 8039   0.11030000E-01
 8040   0.10230000E-01
 8041   0.95600000E-02
 8042   0.10380000E-01
 8043   0.21200000E-01
 8044   0.19480000E-01
 8045   0.36750000E-01
 8046   0.48330000E-01
 8047   0.51410000E-01
 8048   0.50090000E-01
 8049   0.46390000E-01
 8050   0.41820000E-01
 8051   0.37220000E-01
 8052   0.32970000E-01
 8053   0.29190000E-01
 8054   0.25910000E-01
 8055   0.23070000E-01
 8056   0.20620000E-01
 8057   0.18510000E-01
 8058   0.16680000E-01
 8059   0.15090000E-01
 8060   0.13710000E-01
 8061   0.12500000E-01
 8062   0.11430000E-01
 8063   0.10490000E-01
 8064   0.35500000E-01
 8065   0.25590000E-01
 8066   0.16513000E+00
 8067   0.21087000E+00
 8068   0.20600000E+00
 8069   0.18776000E+00
 8070   0.15687000E+00
 8071   0.12776000E+00
 8072   0.10244000E+00
 8073   0.82680000E-01
 8074   0.67780000E-01
 8075   0.56410000E-01
 8076   0.47550000E-01
 8077   0.40537600E+01
 8078   0.29847900E+01
 8079   0.64723700E+01
 8080   0.16467680E+02
 8081   0.52984070E+02
 8082   0.12662548E+03
 8083   0.13898872E+03
 8084   0.11612433E+03
 8085   0.81010970E+02
 8086   0.55251570E+02
 8087   0.37354000E+02
 8088   0.25992390E+02
 8089   0.18268460E+02
 8090   0.12736290E+02
 8091   0.88544300E+01
 8092   0.62139200E+01
 8093   0.50351300E+01
 8094   0.45512300E+01
 8095   0.35149900E+01
 8096   0.36800900E+01
 8097   0.35662300E+01
 8098   0.31385900E+01
 8099   0.26085500E+01
 8100   0.20875400E+01
 8101   0.27301800E+01
 8102   0.35639600E+01
 8103   0.48157800E+01
 8104   0.83739300E+01
 8105   0.13110300E+02
 8106   0.18276250E+02
 8107   0.19429820E+02
 8108   0.17082100E+02
 8109   0.13554300E+02
 8110   0.12637720E+02
 8111   0.14443520E+02
 8112   0.42084300E+02
 8113   0.12883874E+03
 8114   0.16662267E+03
 8115   0.14063456E+03
 8116   0.11226891E+03
 8117   0.82304000E+02
 8118   0.52354270E+02
 8119   0.32113850E+02
 8120   0.20161710E+02
 8121   0.12773070E+02
 8122   0.84965800E+01
 8123   0.69201200E+01
 8124   0.55082600E+01
 8125   0.50208100E+01
 8126   0.41588100E+01
 8127   0.37474900E+01
 8128   0.29514600E+01
 8129   0.23485100E+01
 8130   0.18045400E+01
 8131   0.17840700E+01
 8132   0.44867800E+01
 8133   0.60323700E+01
 8134   0.10424530E+02
 8135   0.14500880E+02
 8136   0.13173670E+02
 8137   0.11324900E+02
 8138   0.88196500E+01
 8139   0.64635300E+01
 8140   0.53622300E+01
 8141   0.86345600E+01
 8142   0.11608610E+02
 8143   0.18641170E+02
 8144   0.18928810E+02
 8145   0.14680950E+02
 8146   0.97353100E+01
 8147   0.68285100E+01
 8148   0.48363800E+01
 8149   0.41246100E+01
 8150   0.81345600E+01
 8151   0.14804160E+02
 8152   0.25986140E+02
 8153   0.24104770E+02
 8154   0.17692510E+02
 8155   0.19190620E+02
 8156   0.30490110E+02
 8157   0.45483450E+02
 8158   0.37246530E+02
 8159   0.25295180E+02
 8160   0.19470620E+02
 8161   0.15213360E+02
 8162   0.13661400E+02
 8163   0.11544980E+02
 8164   0.13396930E+02
 8165   0.24564480E+02
 8166   0.55082320E+02
 8167   0.49289890E+02
 8168   0.31776460E+02
 8169   0.30927470E+02
 8170   0.34636180E+02
 8171   0.41467640E+02
 8172   0.32798450E+02
 8173   0.22323790E+02
 8174   0.14902340E+02
 8175   0.11461560E+02
 8176   0.10936880E+02
 8177   0.12836730E+02
 8178   0.22158970E+02
 8179   0.39287540E+02
 8180   0.84345980E+02
 8181   0.11890541E+03
 8182   0.11110837E+03
 8183   0.86780920E+02
 8184   0.64693970E+02
 8185   0.69117790E+02
 8186   0.14089205E+03
 8187   0.15893024E+03
 8188   0.89633250E+02
 8189   0.50804800E+02
 8190   0.31729140E+02
 8191   0.20802380E+02
 8192   0.13607810E+02
 8193   0.90490800E+01
 8194   0.60489200E+01
 8195   0.40800100E+01
 8196   0.24517200E+01
 8197   0.14202500E+01
 8198   0.14493400E+01
 8199   0.10422300E+01
 8200   0.84630000E+00
 8201   0.72281000E+00
 8202   0.64459000E+00
 8203   0.59894000E+00
 8204   0.52877000E+00
 8205   0.45107000E+00
 8206   0.37861000E+00
 8207   0.32061000E+01
 8208   0.54461500E+01
 8209   0.15332230E+02
 8210   0.20970120E+02
 8211   0.17096970E+02
 8212   0.12428110E+02
 8213   0.86984400E+01
 8214   0.60848800E+01
 8215   0.44881900E+01
 8216   0.29270800E+01
 8217   0.53715900E+01
 8218   0.24839212E+03
 8219   0.73024502E+03
 8220   0.24170772E+03
 8221   0.96711190E+02
 8222   0.49303900E+02
 8223   0.32233780E+02
 8224   0.24436150E+02
 8225   0.19682370E+02
 8226   0.20589700E+02
 8227   0.35955910E+02
 8228   0.17055917E+03
 8229   0.42601029E+03
 8230   0.37809137E+03
 8231   0.32364545E+03
 8232   0.30025878E+03
 8233   0.32108741E+03
 8234   0.17243448E+03
 8235   0.79435980E+02
 8236   0.46523230E+02
 8237   0.36898667E+03
 8238   0.22946918E+03
 8239   0.11907469E+03
 8240   0.77161950E+02
 8241   0.57683930E+02
 8242   0.43118240E+02
 8243   0.37831830E+02
 8244   0.46852260E+02
 8245   0.76309390E+02
 8246   0.13093674E+03
 8247   0.23370405E+03
 8248   0.15625262E+03
 8249   0.82287680E+02
 8250   0.47906340E+02
 8251   0.31043910E+02
 8252   0.21453770E+02
 8253   0.22529970E+02
 8254   0.37502480E+02
 8255   0.19213973E+03
 8256   0.67845612E+03
 8257   0.34685137E+03
 8258   0.15637360E+03
 8259   0.13220740E+03
 8260   0.87855310E+02
 8261   0.49250990E+02
 8262   0.28390440E+02
 8263   0.17328370E+02
 8264   0.10899900E+02
 8265   0.72128000E+01
 8266   0.46520600E+01
 8267   0.28152700E+01
 8268   0.29254100E+01
 8269   0.20872100E+01
 8270   0.14346140E+02
 8271   0.51210372E+03
 8272   0.11181296E+04
 8273   0.57797952E+03
 8274   0.22308272E+03
 8275   0.10741606E+03
 8276   0.61726300E+02
 8277   0.42957520E+02
 8278   0.33252930E+02
 8279   0.24306420E+02
 8280   0.18318640E+02
 8281   0.28019370E+02
 8282   0.41516700E+02
 8283   0.39398950E+02
 8284   0.26198100E+02
 8285   0.16320460E+02
 8286   0.10556470E+02
 8287   0.73323100E+01
 8288   0.50643500E+01
 8289   0.36356900E+01
 8290   0.20246500E+01
 8291   0.15643800E+01
 8292   0.19402000E+01
 8293   0.23632800E+01
 8294   0.26459300E+01
 8295   0.31737800E+01
 8296   0.29816100E+01
 8297   0.23465000E+01
 8298   0.17536700E+01
 8299   0.13518300E+01
 8300   0.72517000E+00
 8301   0.65191000E+00
 8302   0.49088000E+00
 8303   0.35565000E+00
 8304   0.31557000E+00
 8305   0.29051000E+00
 8306   0.26431000E+00
 8307   0.15992600E+01
 8308   0.18767600E+01
 8309   0.36759000E+01
 8310   0.40694600E+01
 8311   0.37671200E+01
 8312   0.26831800E+01
 8313   0.19229000E+01
 8314   0.14214500E+01
 8315   0.10737300E+01
 8316   0.81363000E+00
 8317   0.62919000E+00
 8318   0.49325000E+00
 8319   0.35238000E+00
 8320   0.25924000E+00
 8321   0.17535000E+00
 8322   0.12032000E+00
 8323   0.88060000E-01
 8324   0.67550000E-01
 8325   0.53630000E-01
 8326   0.43700000E-01
 8327   0.36350000E-01
 8328   0.30740000E-01
 8329   0.26360000E-01
 8330   0.22860000E-01
 8331   0.20030000E-01
 8332   0.17700000E-01
 8333   0.15750000E-01
 8334   0.14110000E-01
 8335   0.12720000E-01
 8336   0.11520000E-01
 8337   0.10490000E-01
 8338   0.95800000E-02
 8339   0.87900000E-02
 8340   0.81000000E-02
 8341   0.74800000E-02
 8342   0.69300000E-02
 8343   0.64400000E-02
 8344   0.60000000E-02
 8345   0.56000000E-02
 8346   0.52400000E-02
 8347   0.49100000E-02
 8348   0.46100000E-02
 8349   0.43400000E-02
 8350   0.40900000E-02
 8351   0.38600000E-02
 8352   0.36600000E-02
 8353   0.34600000E-02
 8354   0.32800000E-02
 8355   0.37476500E+01
 8356   0.37588700E+01
 8357   0.90268700E+01
 8358   0.12964380E+02
 8359   0.11840300E+02
 8360   0.89312800E+01
 8361   0.57902100E+01
 8362   0.41139300E+01
 8363   0.26313300E+01
 8364   0.18324000E+01
 8365   0.13443000E+01
 8366   0.10123400E+01
 8367   0.78169000E+00
 8368   0.61691000E+00
 8369   0.48150000E+00
 8370   0.35588000E+00
 8371   0.29043000E+00
 8372   0.21521000E+00
 8373   0.14168000E+00
 8374   0.10000000E+00
 8375   0.74860000E-01
 8376   0.58420000E-01
 8377   0.47020000E-01
 8378   0.38740000E-01
 8379   0.32530000E-01
 8380   0.27730000E-01
 8381   0.23950000E-01
 8382   0.20900000E-01
 8383   0.18410000E-01
 8384   0.16340000E-01
 8385   0.14610000E-01
 8386   0.13140000E-01
 8387   0.11880000E-01
 8388   0.10800000E-01
 8389   0.98600000E-02
 8390   0.90300000E-02
 8391   0.83100000E-02
 8392   0.76700000E-02
 8393   0.71000000E-02
 8394   0.65900000E-02
 8395   0.61300000E-02
 8396   0.57200000E-02
 8397   0.53500000E-02
 8398   0.50200000E-02
 8399   0.47100000E-02
 8400   0.44300000E-02
 8401   0.41800000E-02
 8402   0.39400000E-02
 8403   0.37300000E-02
 8404   0.35300000E-02
 8405   0.33500000E-02
 8406   0.31800000E-02
 8407   0.30200000E-02
 8408   0.28700000E-02
 8409   0.27400000E-02
 8410   0.26100000E-02
 8411   0.53700000E-02
 8412   0.60600000E-02
 8413   0.40500000E-02
 8414   0.35800000E-02
 8415   0.38500000E-02
 8416   0.47200000E-02
 8417   0.58800000E-02
 8418   0.68700000E-02
 8419   0.74800000E-02
 8420   0.77600000E-02
 8421   0.78200000E-02
 8422   0.77500000E-02
 8423   0.75900000E-02
 8424   0.73900000E-02
 8425   0.71600000E-02
 8426   0.69100000E-02
 8427   0.66400000E-02
 8428   0.63700000E-02
 8429   0.61100000E-02
 8430   0.58400000E-02
 8431   0.55800000E-02
 8432   0.53200000E-02
 8433   0.50900000E-02
 8434   0.62600000E-02
 8435   0.80800000E-02
 8436   0.50310000E-01
 8437   0.16039000E+00
 8438   0.19190000E+00
 8439   0.20014000E+00
 8440   0.19893000E+00
 8441   0.19409000E+00
 8442   0.19457000E+00
 8443   0.18633000E+00
 8444   0.17635000E+00
 8445   0.15880000E+00
 8446   0.14042000E+00
 8447   0.12094000E+00
 8448   0.10012000E+00
 8449   0.81540000E-01
 8450   0.66600000E-01
 8451   0.54970000E-01
 8452   0.23177900E+01
 8453   0.16416900E+01
 8454   0.29111800E+01
 8455   0.49311800E+01
 8456   0.57555800E+01
 8457   0.50771700E+01
 8458   0.40360700E+01
 8459   0.28332300E+01
 8460   0.20725400E+01
 8461   0.15406700E+01
 8462   0.11692900E+01
 8463   0.88112000E+00
 8464   0.46274000E+00
 8465   0.44095000E+00
 8466   0.34217000E+00
 8467   0.28993000E+00
 8468   0.24977000E+00
 8469   0.19681000E+00
 8470   0.13731000E+00
 8471   0.10013000E+00
 8472   0.76540000E-01
 8473   0.34301500E+01
 8474   0.29663400E+01
 8475   0.61562500E+01
 8476   0.13819510E+02
 8477   0.15449500E+02
 8478   0.15156880E+02
 8479   0.14635510E+02
 8480   0.17530640E+02
 8481   0.21567050E+02
 8482   0.20652600E+02
 8483   0.16404290E+02
 8484   0.11211160E+02
 8485   0.79551600E+01
 8486   0.55139100E+01
 8487   0.38579300E+01
 8488   0.24674400E+01
 8489   0.17663400E+01
 8490   0.13049600E+01
 8491   0.99453000E+00
 8492   0.76501000E+00
 8493   0.61439000E+00
 8494   0.45838000E+00
 8495   0.29649000E+00
 8496   0.24482000E+00
 8497   0.18960000E+00
 8498   0.14321000E+00
 8499   0.11570000E+00
 8500   0.95080000E-01
 8501   0.78450000E-01
 8502   0.65110000E-01
 8503   0.54510000E-01
 8504   0.46070000E-01
 8505   0.39320000E-01
 8506   0.33870000E-01
 8507   0.29420000E-01
 8508   0.25760000E-01
 8509   0.22770000E-01
 8510   0.29890000E-01
 8511   0.21810000E-01
 8512   0.19330000E-01
 8513   0.19420000E-01
 8514   0.20000000E-01
 8515   0.20000000E-01
 8516   0.19450000E-01
 8517   0.18680000E-01
 8518   0.17850000E-01
 8519   0.17020000E-01
 8520   0.16230000E-01
 8521   0.15490000E-01
 8522   0.44150000E-01
 8523   0.27558000E+00
 8524   0.89279200E+01
 8525   0.54410460E+02
 8526   0.21116012E+03
 8527   0.21600830E+03
 8528   0.12519012E+03
 8529   0.67192210E+02
 8530   0.38193360E+02
 8531   0.24451340E+02
 8532   0.16189090E+02
 8533   0.10876250E+02
 8534   0.80440600E+01
 8535   0.57917100E+01
 8536   0.39881600E+01
 8537   0.27837600E+01
 8538   0.19907100E+01
 8539   0.14697600E+01
 8540   0.12985100E+01
 8541   0.29031400E+01
 8542   0.38716800E+01
 8543   0.57421700E+01
 8544   0.19197420E+02
 8545   0.10323589E+03
 8546   0.15308842E+03
 8547   0.10144280E+03
 8548   0.64534010E+02
 8549   0.55987890E+02
 8550   0.46991400E+02
 8551   0.66322090E+02
 8552   0.15417070E+03
 8553   0.17063663E+03
 8554   0.11895039E+03
 8555   0.87696050E+02
 8556   0.73323600E+02
 8557   0.85498850E+02
 8558   0.11772517E+03
 8559   0.14118771E+03
 8560   0.17509778E+03
 8561   0.16558088E+03
 8562   0.10677904E+03
 8563   0.60346660E+02
 8564   0.34874120E+02
 8565   0.21460660E+02
 8566   0.13409580E+02
 8567   0.15746370E+02
 8568   0.83867571E+03
 8569   0.34061346E+03
 8570   0.14063811E+03
 8571   0.19359117E+03
 8572   0.24277259E+03
 8573   0.22675872E+03
 8574   0.21432414E+03
 8575   0.21153883E+03
 8576   0.14828499E+03
 8577   0.80907310E+02
 8578   0.48975970E+02
 8579   0.34864520E+02
 8580   0.25225310E+02
 8581   0.17556610E+02
 8582   0.11662740E+02
 8583   0.11998350E+02
 8584   0.16981530E+02
 8585   0.29159350E+02
 8586   0.44716060E+02
 8587   0.44701960E+02
 8588   0.41384300E+02
 8589   0.53763810E+02
 8590   0.11130217E+03
 8591   0.17989428E+03
 8592   0.19903523E+03
 8593   0.18233278E+03
 8594   0.12323155E+03
 8595   0.79807070E+02
 8596   0.55683890E+02
 8597   0.37952070E+02
 8598   0.26344590E+02
 8599   0.21055530E+02
 8600   0.31504970E+02
 8601   0.50800290E+02
 8602   0.46357740E+02
 8603   0.39394640E+02
 8604   0.31257920E+02
 8605   0.23074120E+02
 8606   0.15699350E+02
 8607   0.98331100E+01
 8608   0.65504400E+01
 8609   0.46115800E+01
 8610   0.31122800E+01
 8611   0.22679700E+01
 8612   0.20202700E+01
 8613   0.20836700E+01
 8614   0.17310000E+01
 8615   0.16650200E+01
 8616   0.20146000E+01
 8617   0.20750000E+01
 8618   0.16659000E+01
 8619   0.16652600E+01
 8620   0.14118300E+01
 8621   0.13344500E+01
 8622   0.11234300E+01
 8623   0.96161000E+00
 8624   0.12073400E+01
 8625   0.39190000E+01
 8626   0.55685700E+01
 8627   0.10354780E+02
 8628   0.13677370E+02
 8629   0.12591320E+02
 8630   0.96714900E+01
 8631   0.68450000E+01
 8632   0.45817000E+01
 8633   0.52973900E+01
 8634   0.33447510E+02
 8635   0.71810140E+02
 8636   0.49307710E+02
 8637   0.29675600E+02
 8638   0.17611770E+02
 8639   0.11075620E+02
 8640   0.72673500E+01
 8641   0.47003600E+01
 8642   0.28338500E+01
 8643   0.19061800E+01
 8644   0.13549900E+01
 8645   0.98591000E+00
 8646   0.72440000E+00
 8647   0.54290000E+00
 8648   0.32121000E+00
 8649   0.25794000E+00
 8650   0.18865000E+00
 8651   0.12683000E+00
 8652   0.28289000E+00
 8653   0.26513000E+00
 8654   0.30081000E+00
 8655   0.33206000E+00
 8656   0.33258000E+00
 8657   0.19675690E+02
 8658   0.12135690E+03
 8659   0.78989450E+02
 8660   0.43601260E+02
 8661   0.26194910E+02
 8662   0.16586410E+02
 8663   0.10808030E+02
 8664   0.73268900E+01
 8665   0.48708100E+01
 8666   0.31377200E+01
 8667   0.23168700E+01
 8668   0.15311000E+01
 8669   0.87690000E+00
 8670   0.89454000E+00
 8671   0.16128100E+01
 8672   0.31330600E+01
 8673   0.36065600E+01
 8674   0.31684100E+01
 8675   0.24442100E+01
 8676   0.18000400E+01
 8677   0.13344400E+01
 8678   0.10154300E+01
 8679   0.52667000E+00
 8680   0.47467000E+00
 8681   0.35073000E+00
 8682   0.29506000E+00
 8683   0.25333000E+00
 8684   0.19578000E+00
 8685   0.13421000E+00
 8686   0.96960000E-01
 8687   0.73620000E-01
 8688   0.57980000E-01
 8689   0.46950000E-01
 8690   0.38860000E-01
 8691   0.32720000E-01
 8692   0.27960000E-01
 8693   0.24180000E-01
 8694   0.21120000E-01
 8695   0.18620000E-01
 8696   0.16540000E-01
 8697   0.14790000E-01
 8698   0.13310000E-01
 8699   0.12040000E-01
 8700   0.10940000E-01
 8701   0.99900000E-02
 8702   0.91600000E-02
 8703   0.13170000E-01
 8704   0.99100000E-02
 8705   0.93200000E-02
 8706   0.97200000E-02
 8707   0.10500000E-01
 8708   0.14380000E-01
 8709   0.61600000E-01
 8710   0.93640000E-01
 8711   0.83690000E-01
 8712   0.65940000E-01
 8713   0.51150000E-01
 8714   0.40280000E-01
 8715   0.32390000E-01
 8716   0.17284000E+00
 8717   0.10621600E+01
 8718   0.52823000E+00
 8719   0.62800000E+00
 8720   0.66079000E+00
 8721   0.62298000E+00
 8722   0.54979000E+00
 8723   0.47517000E+00
 8724   0.39156000E+00
 8725   0.33312000E+00
 8726   0.29347000E+00
 8727   0.25588000E+00
 8728   0.18727000E+00
 8729   0.12441000E+00
 8730   0.88900000E-01
 8731   0.67220000E-01
 8732   0.52900000E-01
 8733   0.42890000E-01
 8734   0.35570000E-01
 8735   0.15626000E+00
 8736   0.11127000E+00
 8737   0.19318000E+00
 8738   0.21272000E+00
 8739   0.23419000E+00
 8740   0.23881000E+00
 8741   0.22616000E+00
 8742   0.22142000E+00
 8743   0.45941000E+00
 8744   0.28040000E+00
 8745   0.31501000E+00
 8746   0.33344000E+00
 8747   0.33073000E+00
 8748   0.32022000E+00
 8749   0.30173000E+00
 8750   0.27837000E+00
 8751   0.23130000E+00
 8752   0.18446000E+00
 8753   0.15146000E+00
 8754   0.12411000E+00
 8755   0.99580000E-01
 8756   0.79690000E-01
 8757   0.64420000E-01
 8758   0.52840000E-01
 8759   0.43970000E-01
 8760   0.37090000E-01
 8761   0.31670000E-01
 8762   0.27330000E-01
 8763   0.23820000E-01
 8764   0.20930000E-01
 8765   0.18540000E-01
 8766   0.16520000E-01
 8767   0.14820000E-01
 8768   0.13360000E-01
 8769   0.12110000E-01
 8770   0.12940000E-01
 8771   0.10850000E-01
 8772   0.98900000E-02
 8773   0.92600000E-02
 8774   0.10220000E-01
 8775   0.89600000E-02
 8776   0.84300000E-02
 8777   0.81100000E-02
 8778   0.78500000E-02
 8779   0.76600000E-02
 8780   0.76300000E-02
 8781   0.79200000E-02
 8782   0.85600000E-02
 8783   0.94000000E-02
 8784   0.10180000E-01
 8785   0.10730000E-01
 8786   0.90039000E+00
 8787   0.59059000E+00
 8788   0.94068000E+00
 8789   0.13335700E+01
 8790   0.14155700E+01
 8791   0.12977200E+01
 8792   0.81549000E+00
 8793   0.12291300E+01
 8794   0.74505000E+01
 8795   0.18771890E+02
 8796   0.27627370E+02
 8797   0.23051950E+02
 8798   0.16395170E+02
 8799   0.51068680E+02
 8800   0.14413339E+03
 8801   0.94958180E+02
 8802   0.56480500E+02
 8803   0.38129340E+02
 8804   0.28179820E+02
 8805   0.21160130E+02
 8806   0.15348660E+02
 8807   0.10683030E+02
 8808   0.74948400E+01
 8809   0.51366600E+01
 8810   0.36468900E+01
 8811   0.23443000E+01
 8812   0.13257700E+01
 8813   0.10842100E+01
 8814   0.84305000E+00
 8815   0.65754000E+00
 8816   0.52905000E+00
 8817   0.38604000E+00
 8818   0.26112500E+01
 8819   0.24224360E+02
 8820   0.14581407E+03
 8821   0.11725757E+03
 8822   0.67147090E+02
 8823   0.38405010E+02
 8824   0.24711640E+02
 8825   0.16692660E+02
 8826   0.11836830E+02
 8827   0.86941100E+01
 8828   0.65920300E+01
 8829   0.48909500E+01
 8830   0.36584100E+01
 8831   0.24275000E+01
 8832   0.17232900E+01
 8833   0.99011000E+00
 8834   0.86318000E+00
 8835   0.65808000E+00
 8836   0.76928700E+01
 8837   0.21246110E+02
 8838   0.63355980E+02
 8839   0.53276200E+02
 8840   0.34899490E+02
 8841   0.22620530E+02
 8842   0.14752410E+02
 8843   0.91884700E+01
 8844   0.79971400E+01
 8845   0.70817700E+01
 8846   0.82552000E+01
 8847   0.11529740E+02
 8848   0.16650220E+02
 8849   0.18708170E+02
 8850   0.17456020E+02
 8851   0.16879480E+02
 8852   0.15651160E+02
 8853   0.13247030E+02
 8854   0.10785530E+02
 8855   0.79505900E+01
 8856   0.55014100E+01
 8857   0.48969200E+01
 8858   0.27873400E+02
 8859   0.13893863E+03
 8860   0.15556890E+03
 8861   0.10294050E+03
 8862   0.68136480E+02
 8863   0.48773550E+02
 8864   0.37303000E+02
 8865   0.30237000E+02
 8866   0.26312980E+02
 8867   0.22370360E+02
 8868   0.18972330E+02
 8869   0.15160060E+02
 8870   0.11241010E+02
 8871   0.83265900E+01
 8872   0.60032400E+01
 8873   0.43701800E+01
 8874   0.25927200E+01
 8875   0.20480800E+01
 8876   0.16091300E+01
 8877   0.18035500E+01
 8878   0.37541000E+01
 8879   0.44510400E+01
 8880   0.71243600E+01
 8881   0.11109660E+02
 8882   0.55097260E+02
 8883   0.26729600E+03
 8884   0.27901067E+03
 8885   0.13735954E+03
 8886   0.65404930E+02
 8887   0.34772340E+02
 8888   0.20363040E+02
 8889   0.12523110E+02
 8890   0.84674300E+01
 8891   0.80929900E+01
 8892   0.80697400E+01
 8893   0.89112200E+01
 8894   0.82393000E+01
 8895   0.20347540E+02
 8896   0.12042542E+03
 8897   0.17599644E+03
 8898   0.13837919E+03
 8899   0.18815640E+03
 8900   0.15368564E+03
 8901   0.82116420E+02
 8902   0.44503530E+02
 8903   0.31149020E+02
 8904   0.25749150E+02
 8905   0.25374930E+02
 8906   0.29858590E+02
 8907   0.28669740E+02
 8908   0.22612890E+02
 8909   0.16486330E+02
 8910   0.13014550E+02
 8911   0.10283040E+02
 8912   0.85278300E+01
 8913   0.69105900E+01
 8914   0.99556500E+01
 8915   0.21675590E+02
 8916   0.56912630E+02
 8917   0.67034110E+02
 8918   0.51130510E+02
 8919   0.36259460E+02
 8920   0.39352880E+02
 8921   0.82726280E+02
 8922   0.85955790E+02
 8923   0.55610930E+02
 8924   0.33078220E+02
 8925   0.19752570E+02
 8926   0.12887860E+02
 8927   0.15145710E+02
 8928   0.93205070E+02
 8929   0.18677495E+03
 8930   0.10727671E+03
 8931   0.56947200E+02
 8932   0.33251940E+02
 8933   0.21845430E+02
 8934   0.19200980E+02
 8935   0.26327530E+02
 8936   0.85957680E+02
 8937   0.14333314E+03
 8938   0.18886602E+03
 8939   0.18896797E+03
 8940   0.18079659E+03
 8941   0.20657667E+03
 8942   0.17309526E+03
 8943   0.14667610E+03
 8944   0.12640150E+03
 8945   0.13043442E+03
 8946   0.15071701E+03
 8947   0.12107653E+03
 8948   0.81269350E+02
 8949   0.50568990E+02
 8950   0.32985220E+02
 8951   0.23818150E+02
 8952   0.41902290E+02
 8953   0.10953644E+03
 8954   0.16610245E+03
 8955   0.15443842E+03
 8956   0.14864352E+03
 8957   0.20991581E+03
 8958   0.20311038E+03
 8959   0.15463569E+03
 8960   0.16685495E+03
 8961   0.21543419E+03
 8962   0.21949701E+03
 8963   0.17950177E+03
 8964   0.12811523E+03
 8965   0.84574730E+02
 8966   0.55922750E+02
 8967   0.42064140E+02
 8968   0.36433690E+02
 8969   0.33228300E+02
 8970   0.32242570E+02
 8971   0.45390120E+02
 8972   0.84820350E+02
 8973   0.11654291E+03
 8974   0.14025889E+03
 8975   0.91039910E+02
 8976   0.48146710E+02
 8977   0.27372650E+02
 8978   0.19431200E+02
 8979   0.60478040E+02
 8980   0.10730270E+03
 8981   0.84294300E+02
 8982   0.73612890E+02
 8983   0.72102950E+02
 8984   0.94836320E+02
 8985   0.11007304E+03
 8986   0.97175190E+02
 8987   0.71014640E+02
 8988   0.45508400E+02
 8989   0.28067060E+02
 8990   0.17770330E+02
 8991   0.11648490E+02
 8992   0.78615200E+01
 8993   0.52804500E+01
 8994   0.36909800E+01
 8995   0.24680200E+01
 8996   0.17310400E+01
 8997   0.10879900E+01
 8998   0.10674200E+01
 8999   0.91528000E+00
 9000   0.63234000E+00
 9001   0.53028000E+00
 9002   0.82309000E+00
 9003   0.42591000E+00
 9004   0.38362000E+00
 9005   0.35410000E+00
 9006   0.31487000E+00
 9007   0.24961000E+00
 9008   0.28071000E+00
 9009   0.26221000E+00
 9010   0.26138000E+00
 9011   0.26582000E+00
 9012   0.30514000E+00
 9013   0.30107000E+00
 9014   0.30689000E+00
 9015   0.79597000E+00
 9016   0.86713000E+00
 9017   0.21931000E+01
 9018   0.49228900E+01
 9019   0.91355500E+01
 9020   0.11737460E+02
 9021   0.12765170E+02
 9022   0.13668300E+02
 9023   0.16576600E+02
 9024   0.14949310E+02
 9025   0.11037850E+02
 9026   0.77026100E+01
 9027   0.51588800E+01
 9028   0.28231200E+01
 9029   0.20290600E+01
 9030   0.14376700E+01
 9031   0.10448300E+01
 9032   0.77859000E+00
 9033   0.60089000E+00
 9034   0.43886000E+00
 9035   0.33348000E+00
 9036   0.27967000E+00
 9037   0.22427000E+00
 9038   0.14721000E+00
 9039   0.10171000E+00
 9040   0.75100000E-01
 9041   0.53495200E+01
 9042   0.61229600E+01
 9043   0.15897230E+02
 9044   0.19879370E+02
 9045   0.16639110E+02
 9046   0.11834090E+02
 9047   0.81112700E+01
 9048   0.49733800E+01
 9049   0.33979200E+01
 9050   0.21331700E+01
 9051   0.15615800E+01
 9052   0.11818800E+01
 9053   0.97785000E+00
 9054   0.86145000E+00
 9055   0.74211000E+00
 9056   0.62836000E+00
 9057   0.49293000E+00
 9058   0.33567000E+00
 9059   0.27646000E+00
 9060   0.21062000E+00
 9061   0.13385000E+00
 9062   0.92070000E-01
 9063   0.76570000E-01
 9064   0.17535000E+00
 9065   0.26420000E+00
 9066   0.42905000E+00
 9067   0.85331000E+00
 9068   0.16110200E+01
 9069   0.15771500E+01
 9070   0.16957800E+01
 9071   0.17529700E+01
 9072   0.19887500E+01
 9073   0.20320000E+01
 9074   0.17624000E+01
 9075   0.13556800E+01
 9076   0.10636300E+01
 9077   0.76380000E+00
 9078   0.56773000E+00
 9079   0.31447000E+00
 9080   0.22664000E+00
 9081   0.13719000E+00
 9082   0.92900000E-01
 9083   0.73170000E-01
 9084   0.60620000E-01
 9085   0.49630000E-01
 9086   0.40560000E-01
 9087   0.33470000E-01
 9088   0.28000000E-01
 9089   0.23760000E-01
 9090   0.20420000E-01
 9091   0.47489000E+00
 9092   0.33780000E+00
 9093   0.39645000E+00
 9094   0.45012000E+00
 9095   0.48415000E+00
 9096   0.50780000E+00
 9097   0.52518000E+00
 9098   0.52197000E+00
 9099   0.43162000E+00
 9100   0.38486000E+00
 9101   0.35123000E+00
 9102   0.31943000E+00
 9103   0.29057000E+00
 9104   0.26296000E+00
 9105   0.23113000E+00
 9106   0.19271000E+00
 9107   0.14522000E+00
 9108   0.10990000E+00
 9109   0.85080000E-01
 9110   0.67420000E-01
 9111   0.54590000E-01
 9112   0.45030000E-01
 9113   0.37750000E-01
 9114   0.32090000E-01
 9115   0.27610000E-01
 9116   0.23990000E-01
 9117   0.21050000E-01
 9118   0.18610000E-01
 9119   0.16570000E-01
 9120   0.14840000E-01
 9121   0.13370000E-01
 9122   0.12110000E-01
 9123   0.11020000E-01
 9124   0.10060000E-01
 9125   0.92300000E-02
 9126   0.84900000E-02
 9127   0.78400000E-02
 9128   0.72600000E-02
 9129   0.67400000E-02
 9130   0.62800000E-02
 9131   0.58600000E-02
 9132   0.54800000E-02
 9133   0.51300000E-02
 9134   0.48200000E-02
 9135   0.45300000E-02
 9136   0.42700000E-02
 9137   0.40300000E-02
 9138   0.38100000E-02
 9139   0.36100000E-02
 9140   0.34200000E-02
 9141   0.32400000E-02
 9142   0.30800000E-02
 9143   0.29300000E-02
 9144   0.28000000E-02
 9145   0.26700000E-02
 9146   0.25500000E-02
 9147   0.24300000E-02
 9148   0.23300000E-02
 9149   0.22300000E-02
 9150   0.21300000E-02
 9151   0.20500000E-02
 9152   0.19700000E-02
 9153   0.18900000E-02
 9154   0.18200000E-02
 9155   0.17500000E-02
 9156   0.16800000E-02
 9157   0.16200000E-02
 9158   0.15600000E-02
 9159   0.15100000E-02
 9160   0.14600000E-02
 9161   0.14100000E-02
 9162   0.13600000E-02
 9163   0.54909000E+00
 9164   0.33574000E+00
 9165   0.42610000E+00
 9166   0.46702000E+00
 9167   0.47000000E+00
 9168   0.44356000E+00
 9169   0.37852000E+00
 9170   0.33761000E+00
 9171   0.26904000E+00
 9172   0.21480000E+00
 9173   0.16230000E+00
 9174   0.12068000E+00
 9175   0.92210000E-01
 9176   0.72390000E-01
 9177   0.58190000E-01
 9178   0.47730000E-01
 9179   0.39850000E-01
 9180   0.33880000E-01
 9181   0.32730000E-01
 9182   0.67280000E-01
 9183   0.21136000E+00
 9184   0.74613000E+00
 9185   0.48938000E+00
 9186   0.65159000E+00
 9187   0.76756000E+00
 9188   0.85948000E+00
 9189   0.76267000E+00
 9190   0.67346000E+00
 9191   0.59297000E+00
 9192   0.40314000E+00
 9193   0.34033000E+00
 9194   0.30602000E+00
 9195   0.27728000E+00
 9196   0.38815000E+00
 9197   0.85184200E+01
 9198   0.30494090E+02
 9199   0.41928570E+02
 9200   0.31533970E+02
 9201   0.21499950E+02
 9202   0.13791950E+02
 9203   0.94413800E+01
 9204   0.67077700E+01
 9205   0.46909900E+01
 9206   0.32716700E+01
 9207   0.38567700E+01
 9208   0.49856800E+01
 9209   0.78450900E+01
 9210   0.22648070E+02
 9211   0.57275000E+02
 9212   0.69155600E+02
 9213   0.50414720E+02
 9214   0.32905250E+02
 9215   0.21933540E+02
 9216   0.14721470E+02
 9217   0.12139470E+02
 9218   0.10341537E+03
 9219   0.26214963E+03
 9220   0.13396035E+03
 9221   0.68026090E+02
 9222   0.42312110E+02
 9223   0.33751560E+02
 9224   0.29834140E+02
 9225   0.25141850E+02
 9226   0.19606240E+02
 9227   0.14452130E+02
 9228   0.10162940E+02
 9229   0.10256760E+02
 9230   0.14363190E+02
 9231   0.24081200E+02
 9232   0.28293410E+02
 9233   0.29822870E+02
 9234   0.43027310E+02
 9235   0.88690200E+02
 9236   0.11117465E+03
 9237   0.83676680E+02
 9238   0.49601590E+02
 9239   0.29560410E+02
 9240   0.18343130E+02
 9241   0.11640390E+02
 9242   0.77808800E+01
 9243   0.46421300E+01
 9244   0.30013800E+01
 9245   0.20228500E+01
 9246   0.14445000E+01
 9247   0.10647600E+01
 9248   0.78754000E+00
 9249   0.60344000E+00
 9250   0.43841000E+00
 9251   0.33574000E+00
 9252   0.28322000E+00
 9253   0.24441000E+00
 9254   0.24243000E+00
 9255   0.26115000E+00
 9256   0.26411000E+00
 9257   0.28581000E+00
 9258   0.32849000E+00
 9259   0.36540000E+00
 9260   0.37581000E+00
 9261   0.34992600E+01
 9262   0.60173200E+01
 9263   0.17349550E+02
 9264   0.30146460E+02
 9265   0.27974050E+02
 9266   0.22402420E+02
 9267   0.17784490E+02
 9268   0.14697200E+02
 9269   0.14684810E+02
 9270   0.14100200E+02
 9271   0.12785860E+02
 9272   0.10960550E+02
 9273   0.11488380E+02
 9274   0.12143850E+02
 9275   0.40000440E+02
 9276   0.97593950E+02
 9277   0.76920250E+02
 9278   0.45378290E+02
 9279   0.27056440E+02
 9280   0.16872290E+02
 9281   0.10817130E+02
 9282   0.72316200E+01
 9283   0.47170300E+01
 9284   0.24915200E+01
 9285   0.18295100E+01
 9286   0.12804600E+01
 9287   0.18158900E+01
 9288   0.59366300E+01
 9289   0.24319250E+02
 9290   0.60110290E+02
 9291   0.92449150E+02
 9292   0.14724620E+03
 9293   0.14186018E+03
 9294   0.94080110E+02
 9295   0.63652640E+02
 9296   0.55560310E+02
 9297   0.55312680E+02
 9298   0.47241760E+02
 9299   0.36012320E+02
 9300   0.26629030E+02
 9301   0.19866650E+02
 9302   0.25826070E+02
 9303   0.42124780E+02
 9304   0.64850250E+02
 9305   0.12252943E+03
 9306   0.20514952E+03
 9307   0.21108944E+03
 9308   0.16246141E+03
 9309   0.92609830E+02
 9310   0.50503040E+02
 9311   0.28973860E+02
 9312   0.17381270E+02
 9313   0.10801720E+02
 9314   0.71291000E+01
 9315   0.41825700E+01
 9316   0.26181900E+01
 9317   0.19386100E+01
 9318   0.14767500E+01
 9319   0.19018400E+01
 9320   0.18750500E+01
 9321   0.21718600E+01
 9322   0.23369800E+01
 9323   0.25861200E+01
 9324   0.24569200E+01
 9325   0.18356500E+01
 9326   0.22623600E+01
 9327   0.20296400E+01
 9328   0.34490700E+01
 9329   0.42688000E+01
 9330   0.55591000E+01
 9331   0.65347300E+01
 9332   0.63078100E+01
 9333   0.79555200E+01
 9334   0.10988950E+02
 9335   0.14487070E+02
 9336   0.14837040E+02
 9337   0.13091130E+02
 9338   0.15383570E+02
 9339   0.22692599E+03
 9340   0.48906977E+03
 9341   0.28538764E+03
 9342   0.23223018E+03
 9343   0.26083107E+03
 9344   0.38025123E+03
 9345   0.37871725E+03
 9346   0.25639891E+03
 9347   0.12931420E+03
 9348   0.92043760E+02
 9349   0.67350900E+02
 9350   0.43856170E+02
 9351   0.27463790E+02
 9352   0.17797830E+02
 9353   0.11859430E+03
 9354   0.34087238E+03
 9355   0.20150956E+03
 9356   0.19225198E+03
 9357   0.43891560E+03
 9358   0.38465666E+03
 9359   0.16344730E+03
 9360   0.75909500E+02
 9361   0.40749150E+02
 9362   0.25535170E+02
 9363   0.18801590E+02
 9364   0.14738200E+02
 9365   0.10965330E+02
 9366   0.74596500E+01
 9367   0.52148100E+01
 9368   0.98154800E+01
 9369   0.29511210E+02
 9370   0.87530040E+02
 9371   0.95308440E+02
 9372   0.76951610E+02
 9373   0.50446970E+02
 9374   0.31434870E+02
 9375   0.19670560E+02
 9376   0.11737330E+02
 9377   0.76991100E+01
 9378   0.51619800E+01
 9379   0.35840800E+01
 9380   0.23318800E+01
 9381   0.17869700E+01
 9382   0.15152700E+01
 9383   0.13380800E+01
 9384   0.11454400E+01
 9385   0.89370000E+00
 9386   0.50268000E+00
 9387   0.36205600E+01
 9388   0.31320400E+01
 9389   0.57417200E+01
 9390   0.10265130E+02
 9391   0.11239810E+02
 9392   0.91910200E+01
 9393   0.72103800E+01
 9394   0.64752700E+01
 9395   0.57574400E+01
 9396   0.55460300E+01
 9397   0.46337800E+01
 9398   0.40456400E+01
 9399   0.29285200E+01
 9400   0.20917400E+01
 9401   0.14990600E+01
 9402   0.11079900E+01
 9403   0.83135000E+00
 9404   0.64808000E+00
 9405   0.50099000E+00
 9406   0.36433000E+00
 9407   0.41351000E+00
 9408   0.88747000E+00
 9409   0.77849000E+00
 9410   0.11614000E+01
 9411   0.12540900E+01
 9412   0.11249500E+01
 9413   0.96467000E+00
 9414   0.80339000E+00
 9415   0.65803000E+00
 9416   0.51437000E+00
 9417   0.33633000E+00
 9418   0.31289000E+00
 9419   0.37209000E+00
 9420   0.46626000E+00
 9421   0.57086000E+00
 9422   0.58899000E+00
 9423   0.53225000E+00
 9424   0.45898000E+00
 9425   0.35438000E+00
 9426   0.29204000E+00
 9427   0.19827000E+00
 9428   0.12020000E+00
 9429   0.80810000E-01
 9430   0.58450000E-01
 9431   0.44490000E-01
 9432   0.35160000E-01
 9433   0.28590000E-01
 9434   0.23780000E-01
 9435   0.20140000E-01
 9436   0.17320000E-01
 9437   0.15070000E-01
 9438   0.13260000E-01
 9439   0.11770000E-01
 9440   0.10770000E-01
 9441   0.97700000E-02
 9442   0.87400000E-02
 9443   0.79600000E-02
 9444   0.73000000E-02
 9445   0.67400000E-02
 9446   0.62400000E-02
 9447   0.58100000E-02
 9448   0.54300000E-02
 9449   0.50800000E-02
 9450   0.47800000E-02
 9451   0.67700000E-02
 9452   0.50320000E-01
 9453   0.85580000E-01
 9454   0.81480000E-01
 9455   0.66710000E-01
 9456   0.52400000E-01
 9457   0.41200000E-01
 9458   0.32850000E-01
 9459   0.26660000E-01
 9460   0.22000000E-01
 9461   0.18430000E-01
 9462   0.15640000E-01
 9463   0.13430000E-01
 9464   0.11650000E-01
 9465   0.10190000E-01
 9466   0.89900000E-02
 9467   0.79900000E-02
 9468   0.71400000E-02
 9469   0.64200000E-02
 9470   0.58100000E-02
 9471   0.52800000E-02
 9472   0.48100000E-02
 9473   0.44100000E-02
 9474   0.40500000E-02
 9475   0.37400000E-02
 9476   0.69100000E-02
 9477   0.25370000E-01
 9478   0.74020000E-01
 9479   0.16611000E+00
 9480   0.20075000E+00
 9481   0.22106000E+00
 9482   0.22929000E+00
 9483   0.23428000E+00
 9484   0.23277000E+00
 9485   0.22525000E+00
 9486   0.21507000E+00
 9487   0.20085000E+00
 9488   0.18126000E+00
 9489   0.15683000E+00
 9490   0.13430000E+00
 9491   0.11143000E+00
 9492   0.90150000E-01
 9493   0.72830000E-01
 9494   0.59420000E-01
 9495   0.49130000E-01
 9496   0.41170000E-01
 9497   0.34930000E-01
 9498   0.29980000E-01
 9499   0.25990000E-01
 9500   0.22730000E-01
 9501   0.20050000E-01
 9502   0.17800000E-01
 9503   0.15910000E-01
 9504   0.14300000E-01
 9505   0.19580000E-01
 9506   0.17960000E-01
 9507   0.15110000E-01
 9508   0.17270000E-01
 9509   0.20600000E-01
 9510   0.22320000E-01
 9511   0.22650000E-01
 9512   0.22330000E-01
 9513   0.21640000E-01
 9514   0.91866000E+00
 9515   0.54344000E+00
 9516   0.76397000E+00
 9517   0.12012800E+01
 9518   0.13911700E+01
 9519   0.14318900E+01
 9520   0.93117000E+00
 9521   0.93919000E+00
 9522   0.81861000E+00
 9523   0.71324000E+00
 9524   0.62822000E+00
 9525   0.54440000E+00
 9526   0.47687000E+00
 9527   0.39078000E+00
 9528   0.33556000E+00
 9529   0.30062000E+00
 9530   0.24414000E+00
 9531   0.18648000E+00
 9532   0.14551000E+00
 9533   0.11407000E+00
 9534   0.89700000E-01
 9535   0.71470000E-01
 9536   0.57920000E-01
 9537   0.47720000E-01
 9538   0.39920000E-01
 9539   0.33850000E-01
 9540   0.29050000E-01
 9541   0.25190000E-01
 9542   0.22040000E-01
 9543   0.19450000E-01
 9544   0.17280000E-01
 9545   0.15450000E-01
 9546   0.62360000E-01
 9547   0.54300000E-01
 9548   0.14329100E+01
 9549   0.13599400E+01
 9550   0.22589100E+01
 9551   0.54979300E+01
 9552   0.77827900E+01
 9553   0.87548000E+01
 9554   0.84149400E+01
 9555   0.73638800E+01
 9556   0.59307600E+01
 9557   0.46303900E+01
 9558   0.35434500E+01
 9559   0.24239600E+01
 9560   0.17556300E+01
 9561   0.10080300E+01
 9562   0.89153000E+00
 9563   0.70416000E+00
 9564   0.58966000E+00
 9565   0.48450000E+00
 9566   0.63400000E+00
 9567   0.62912000E+00
 9568   0.65388700E+01
 9569   0.15121390E+02
 9570   0.36679010E+02
 9571   0.31947040E+02
 9572   0.22159430E+02
 9573   0.14813470E+02
 9574   0.98902800E+01
 9575   0.68438200E+01
 9576   0.46839900E+01
 9577   0.31830000E+01
 9578   0.38344700E+01
 9579   0.32313100E+01
 9580   0.37446100E+01
 9581   0.52735300E+01
 9582   0.83160300E+01
 9583   0.85148100E+01
 9584   0.70657500E+01
 9585   0.60442100E+01
 9586   0.48901000E+01
 9587   0.41055100E+01
 9588   0.31243500E+01
 9589   0.23534000E+01
 9590   0.24068800E+01
 9591   0.33673900E+01
 9592   0.43849400E+01
 9593   0.95385500E+01
 9594   0.15973320E+02
 9595   0.16005680E+02
 9596   0.13126580E+02
 9597   0.99638500E+01
 9598   0.73365900E+01
 9599   0.83400600E+01
 9600   0.82241100E+01
 9601   0.10373280E+02
 9602   0.10687790E+02
 9603   0.96272500E+01
 9604   0.76014600E+01
 9605   0.54777300E+01
 9606   0.39882300E+01
 9607   0.26358500E+01
 9608   0.19236100E+01
 9609   0.14175500E+01
 9610   0.10511900E+01
 9611   0.10849800E+01
 9612   0.51807000E+00
 9613   0.16136100E+01
 9614   0.19861900E+01
 9615   0.36038700E+01
 9616   0.76690000E+01
 9617   0.17330260E+02
 9618   0.66596040E+02
 9619   0.96753260E+02
 9620   0.69829150E+02
 9621   0.41124030E+02
 9622   0.23815700E+02
 9623   0.14692730E+02
 9624   0.94525200E+01
 9625   0.62072900E+01
 9626   0.60401200E+01
 9627   0.15993680E+02
 9628   0.50260540E+02
 9629   0.63341260E+02
 9630   0.45093910E+02
 9631   0.28636480E+02
 9632   0.17567380E+02
 9633   0.12152500E+02
 9634   0.26405640E+02
 9635   0.54299980E+02
 9636   0.51098760E+02
 9637   0.33307680E+02
 9638   0.23269760E+02
 9639   0.17081690E+02
 9640   0.12803990E+02
 9641   0.94273100E+01
 9642   0.67646600E+01
 9643   0.42171500E+01
 9644   0.27645300E+01
 9645   0.31774300E+01
 9646   0.59856900E+01
 9647   0.10822120E+02
 9648   0.23992820E+02
 9649   0.27103960E+02
 9650   0.24341760E+02
 9651   0.23870970E+02
 9652   0.23452010E+02
 9653   0.20991330E+02
 9654   0.41219310E+02
 9655   0.13682301E+03
 9656   0.18643863E+03
 9657   0.15373379E+03
 9658   0.11251036E+03
 9659   0.73159760E+02
 9660   0.44870680E+02
 9661   0.27784980E+02
 9662   0.23581280E+02
 9663   0.31915670E+02
 9664   0.89837910E+02
 9665   0.10604326E+03
 9666   0.74149140E+02
 9667   0.49823740E+02
 9668   0.17718597E+03
 9669   0.27987170E+03
 9670   0.42889144E+03
 9671   0.64304438E+03
 9672   0.49745301E+03
 9673   0.30725623E+03
 9674   0.28095809E+03
 9675   0.26383686E+03
 9676   0.26342037E+03
 9677   0.17213429E+03
 9678   0.96285870E+02
 9679   0.96966760E+02
 9680   0.17631186E+03
 9681   0.27000823E+03
 9682   0.16494235E+03
 9683   0.78503520E+02
 9684   0.41231070E+02
 9685   0.29792460E+02
 9686   0.29038300E+02
 9687   0.49137260E+02
 9688   0.63365070E+02
 9689   0.74364620E+02
 9690   0.58089450E+02
 9691   0.39269110E+02
 9692   0.26512470E+02
 9693   0.18110810E+02
 9694   0.13427500E+02
 9695   0.12100570E+02
 9696   0.55409100E+02
 9697   0.24112556E+03
 9698   0.18674496E+03
 9699   0.10815282E+03
 9700   0.58300590E+02
 9701   0.34714380E+02
 9702   0.51275530E+02
 9703   0.19764250E+03
 9704   0.17180491E+03
 9705   0.13853437E+03
 9706   0.13454597E+03
 9707   0.12246597E+03
 9708   0.13434647E+03
 9709   0.21575882E+03
 9710   0.20006719E+03
 9711   0.10087623E+03
 9712   0.73982270E+02
 9713   0.13028398E+03
 9714   0.88506680E+02
 9715   0.47083320E+02
 9716   0.27349560E+02
 9717   0.18353930E+02
 9718   0.13312150E+02
 9719   0.10644730E+02
 9720   0.84782300E+01
 9721   0.68622500E+01
 9722   0.68865100E+01
 9723   0.23276830E+02
 9724   0.13880892E+03
 9725   0.18549023E+03
 9726   0.10457130E+03
 9727   0.55430290E+02
 9728   0.31430590E+02
 9729   0.20537360E+02
 9730   0.13914200E+02
 9731   0.97493700E+01
 9732   0.98266900E+01
 9733   0.16620350E+02
 9734   0.33467110E+02
 9735   0.48981310E+02
 9736   0.56581440E+02
 9737   0.13480562E+03
 9738   0.17731451E+03
 9739   0.10117317E+03
 9740   0.56041750E+02
 9741   0.33201640E+02
 9742   0.21313910E+02
 9743   0.13798510E+02
 9744   0.12149300E+02
 9745   0.10247170E+02
 9746   0.10724360E+02
 9747   0.11674940E+02
 9748   0.14551040E+02
 9749   0.17076250E+02
 9750   0.23127150E+02
 9751   0.31600300E+02
 9752   0.26459460E+02
 9753   0.18900410E+02
 9754   0.12569470E+02
 9755   0.79281700E+01
 9756   0.52324900E+01
 9757   0.36904700E+01
 9758   0.22433700E+01
 9759   0.19630800E+01
 9760   0.16559400E+01
 9761   0.22675400E+01
 9762   0.42863500E+01
 9763   0.58594800E+01
 9764   0.54000100E+01
 9765   0.42491200E+01
 9766   0.24951700E+01
 9767   0.18660400E+01
 9768   0.13442200E+01
 9769   0.97714000E+00
 9770   0.76537000E+00
 9771   0.59152000E+00
 9772   0.44291000E+00
 9773   0.32866000E+00
 9774   0.27999000E+00
 9775   0.22575000E+00
 9776   0.15178000E+00
 9777   0.11236000E+00
 9778   0.86410000E-01
 9779   0.67570000E-01
 9780   0.54200000E-01
 9781   0.44330000E-01
 9782   0.36840000E-01
 9783   0.31060000E-01
 9784   0.26520000E-01
 9785   0.22910000E-01
 9786   0.19990000E-01
 9787   0.17600000E-01
 9788   0.15630000E-01
 9789   0.13970000E-01
 9790   0.12560000E-01
 9791   0.11360000E-01
 9792   0.10330000E-01
 9793   0.94300000E-02
 9794   0.86500000E-02
 9795   0.79500000E-02
 9796   0.73400000E-02
 9797   0.68000000E-02
 9798   0.63200000E-02
 9799   0.58800000E-02
 9800   0.54900000E-02
 9801   0.51400000E-02
 9802   0.48200000E-02
 9803   0.45300000E-02
 9804   0.42600000E-02
 9805   0.40200000E-02
 9806   0.38000000E-02
 9807   0.35900000E-02
 9808   0.34000000E-02
 9809   0.32300000E-02
 9810   0.30600000E-02
 9811   0.29100000E-02
 9812   0.27800000E-02
 9813   0.26500000E-02
 9814   0.25300000E-02
 9815   0.24100000E-02
 9816   0.23100000E-02
 9817   0.22100000E-02
 9818   0.21200000E-02
 9819   0.20300000E-02
 9820   0.19500000E-02
 9821   0.18700000E-02
 9822   0.18000000E-02
 9823   0.17300000E-02
 9824   0.16600000E-02
 9825   0.19810000E-01
 9826   0.21590000E-01
 9827   0.67720000E-01
 9828   0.12048000E+00
 9829   0.12361000E+00
 9830   0.11481000E+00
 9831   0.99790000E-01
 9832   0.91060000E-01
 9833   0.88040000E-01
 9834   0.78800000E-01
 9835   0.65960000E-01
 9836   0.54160000E-01
 9837   0.44700000E-01
 9838   0.37370000E-01
 9839   0.31670000E-01
 9840   0.27180000E-01
 9841   0.24830000E-01
 9842   0.21260000E-01
 9843   0.18910000E-01
 9844   0.17060000E-01
 9845   0.21270000E-01
 9846   0.16690000E-01
 9847   0.16860000E-01
 9848   0.19250000E-01
 9849   0.22090000E-01
 9850   0.33090000E-01
 9851   0.56647000E+00
 9852   0.15552200E+01
 9853   0.15405100E+01
 9854   0.32266000E+01
 9855   0.54133600E+01
 9856   0.71769400E+01
 9857   0.67698300E+01
 9858   0.47712900E+01
 9859   0.36757900E+01
 9860   0.24464100E+01
 9861   0.17937900E+01
 9862   0.13562400E+01
 9863   0.10629200E+01
 9864   0.83317000E+00
 9865   0.16341400E+01
 9866   0.14216200E+01
 9867   0.19479700E+01
 9868   0.21473700E+01
 9869   0.25860100E+01
 9870   0.23320600E+01
 9871   0.19182100E+01
 9872   0.15208600E+01
 9873   0.12358500E+01
 9874   0.98694000E+00
 9875   0.34232700E+01
 9876   0.33817000E+01
 9877   0.54435200E+01
 9878   0.88736800E+01
 9879   0.13021530E+02
 9880   0.14127210E+02
 9881   0.12636950E+02
 9882   0.10309720E+02
 9883   0.78054300E+01
 9884   0.76000200E+01
 9885   0.67041600E+01
 9886   0.73661000E+01
 9887   0.88754300E+01
 9888   0.93458100E+01
 9889   0.86110200E+01
 9890   0.79569200E+01
 9891   0.66725400E+01
 9892   0.10714540E+02
 9893   0.20378920E+02
 9894   0.44446390E+02
 9895   0.56496310E+02
 9896   0.61843820E+02
 9897   0.59620050E+02
 9898   0.43072070E+02
 9899   0.29965130E+02
 9900   0.22043250E+02
 9901   0.17130630E+02
 9902   0.14078370E+02
 9903   0.11230530E+02
 9904   0.83991400E+01
 9905   0.61704000E+01
 9906   0.45666700E+01
 9907   0.38935700E+01
 9908   0.29114800E+01
 9909   0.19731300E+01
 9910   0.17704600E+01
 9911   0.16705500E+01
 9912   0.13369200E+01
 9913   0.11740200E+01
 9914   0.10556900E+01
 9915   0.98144000E+00
 9916   0.89208000E+00
 9917   0.29952700E+01
 9918   0.24477200E+01
 9919   0.32675700E+01
 9920   0.47259900E+01
 9921   0.49587200E+01
 9922   0.42100200E+01
 9923   0.30587300E+01
 9924   0.22121600E+01
 9925   0.16311500E+01
 9926   0.13380100E+01
 9927   0.99728000E+00
 9928   0.81308000E+00
 9929   0.65777000E+00
 9930   0.46774000E+00
 9931   0.49552000E+00
 9932   0.88899000E+00
 9933   0.53202000E+01
 9934   0.10441290E+02
 9935   0.19281750E+02
 9936   0.19247950E+02
 9937   0.36859390E+02
 9938   0.71811940E+02
 9939   0.72867800E+02
 9940   0.46272970E+02
 9941   0.28567850E+02
 9942   0.18121340E+02
 9943   0.13169160E+02
 9944   0.10460340E+02
 9945   0.91266300E+01
 9946   0.77483100E+01
 9947   0.60246200E+01
 9948   0.44186300E+01
 9949   0.28863800E+01
 9950   0.17619100E+01
 9951   0.14264300E+01
 9952   0.11060700E+01
 9953   0.89002000E+00
 9954   0.75110000E+00
 9955   0.44990000E+01
 9956   0.41897200E+01
 9957   0.87069600E+01
 9958   0.14276610E+02
 9959   0.14178760E+02
 9960   0.10509310E+02
 9961   0.83456500E+01
 9962   0.63565500E+01
 9963   0.49370400E+01
 9964   0.42028100E+01
 9965   0.37331500E+01
 9966   0.52100250E+02
 9967   0.16299273E+03
 9968   0.10265416E+03
 9969   0.57619790E+02
 9970   0.47881390E+02
 9971   0.81322910E+02
 9972   0.12759221E+03
 9973   0.91497290E+02
 9974   0.57469190E+02
 9975   0.36487130E+02
 9976   0.32182650E+02
 9977   0.31794480E+02
 9978   0.35585430E+02
 9979   0.29991960E+02
 9980   0.24077080E+02
 9981   0.17870530E+02
 9982   0.14845590E+02
 9983   0.12980120E+02
 9984   0.11703560E+02
 9985   0.29073050E+02
 9986   0.13843143E+03
 9987   0.13737779E+03
 9988   0.97843780E+02
 9989   0.75799150E+02
 9990   0.51718110E+02
 9991   0.32107120E+02
 9992   0.20593660E+02
 9993   0.13167510E+02
 9994   0.89054000E+01
 9995   0.75884400E+01
 9996   0.11698450E+02
 9997   0.37243560E+02
 9998   0.91561010E+02
 9999   0.87021430E+02
10000   0.62692880E+02
10001   0.76400480E+02
10002   0.17549931E+03
10003   0.24088708E+03
10004   0.23100325E+03
10005   0.13232780E+03
10006   0.69563910E+02
10007   0.39400810E+02
10008   0.24513390E+02
10009   0.15846060E+02
10010   0.10373410E+02
10011   0.70445100E+01
10012   0.42078200E+01
10013   0.28842800E+01
10014   0.29486200E+01
10015   0.84044800E+01
10016   0.30326590E+02
10017   0.88809120E+02
10018   0.74154550E+02
10019   0.45819080E+02
10020   0.27830850E+02
10021   0.17434420E+02
10022   0.10571010E+02
10023   0.71009700E+01
10024   0.46356500E+01
10025   0.29151900E+01
10026   0.42305100E+01
10027   0.85898800E+01
10028   0.68828300E+02
10029   0.26198766E+03
10030   0.29841938E+03
10031   0.36267944E+03
10032   0.37381460E+03
10033   0.35094088E+03
10034   0.33461828E+03
10035   0.30691016E+03
10036   0.28335202E+03
10037   0.28645700E+03
10038   0.43103441E+03
10039   0.32056955E+03
10040   0.13849080E+03
10041   0.66098810E+02
10042   0.35645410E+02
10043   0.24614200E+02
10044   0.21237120E+02
10045   0.23391640E+02
10046   0.23568080E+02
10047   0.19474960E+02
10048   0.14982470E+02
10049   0.14714560E+02
10050   0.23475610E+02
10051   0.54916240E+02
10052   0.81304300E+02
10053   0.83338190E+02
10054   0.10563574E+03
10055   0.13224932E+03
10056   0.13326535E+03
10057   0.12227694E+03
10058   0.16959491E+03
10059   0.29478621E+03
10060   0.28538855E+03
10061   0.24738479E+03
10062   0.26282839E+03
10063   0.17723075E+03
10064   0.93174120E+02
10065   0.54059150E+02
10066   0.34784150E+02
10067   0.23972310E+02
10068   0.17475530E+02
10069   0.13738590E+02
10070   0.10705760E+02
10071   0.92630700E+01
10072   0.22216610E+02
10073   0.12217355E+03
10074   0.11932544E+03
10075   0.77679610E+02
10076   0.48359800E+02
10077   0.30435800E+02
10078   0.21091280E+02
10079   0.21034140E+02
10080   0.42949180E+02
10081   0.11818536E+03
10082   0.86707000E+02
10083   0.84238180E+02
10084   0.93152540E+02
10085   0.64554210E+02
10086   0.42190780E+02
10087   0.31244920E+02
10088   0.29345560E+02
10089   0.40397800E+02
10090   0.74506310E+02
10091   0.88616950E+02
10092   0.64698010E+02
10093   0.62811490E+02
10094   0.14583208E+03
10095   0.23873670E+03
10096   0.23587176E+03
10097   0.31313692E+03
10098   0.22826937E+03
10099   0.16633835E+03
10100   0.12857289E+03
10101   0.87200770E+02
10102   0.52037470E+02
10103   0.31436290E+02
10104   0.21012550E+02
10105   0.16056300E+02
10106   0.14036520E+02
10107   0.14068600E+02
10108   0.18950570E+02
10109   0.23288910E+02
10110   0.44336470E+02
10111   0.77571990E+02
10112   0.72248820E+02
10113   0.48683460E+02
10114   0.30817070E+02
10115   0.26602150E+02
10116   0.23574170E+02
10117   0.25165070E+02
10118   0.34439420E+02
10119   0.37256110E+02
10120   0.35683740E+02
10121   0.34325970E+02
10122   0.24900180E+02
10123   0.16270920E+02
10124   0.10297860E+02
10125   0.71321700E+01
10126   0.47896800E+01
10127   0.30248000E+01
10128   0.56870900E+01
10129   0.64483400E+01
10130   0.10203530E+02
10131   0.18232520E+02
10132   0.21567900E+02
10133   0.20440730E+02
10134   0.16579780E+02
10135   0.11449770E+02
10136   0.82684200E+01
10137   0.59365300E+01
10138   0.43744800E+01
10139   0.30365800E+01
10140   0.22089900E+01
10141   0.16180500E+01
10142   0.12100100E+01
10143   0.89611000E+00
10144   0.68202000E+00
10145   0.52366000E+00
10146   0.49050000E+00
10147   0.43949000E+00
10148   0.44925000E+00
10149   0.43088000E+00
10150   0.40322000E+00
10151   0.39202000E+00
10152   0.10331690E+02
10153   0.45805920E+02
10154   0.83713560E+02
10155   0.89683050E+02
10156   0.70913960E+02
10157   0.49158660E+02
10158   0.33380750E+02
10159   0.22572630E+02
10160   0.15069860E+02
10161   0.10015330E+02
10162   0.68705500E+01
10163   0.45909900E+01
10164   0.28800600E+01
10165   0.16528400E+01
10166   0.12544100E+01
10167   0.91958000E+00
10168   0.68444000E+00
10169   0.53463000E+00
10170   0.38763000E+00
10171   0.30860000E+00
10172   0.26469000E+00
10173   0.20269000E+00
10174   0.13894000E+00
10175   0.10104000E+00
10176   0.77310000E-01
10177   0.61300000E-01
10178   0.49910000E-01
10179   0.41470000E-01
10180   0.35030000E-01
10181   0.30000000E-01
10182   0.25980000E-01
10183   0.22720000E-01
10184   0.20040000E-01
10185   0.17810000E-01
10186   0.15930000E-01
10187   0.14330000E-01
10188   0.12960000E-01
10189   0.11770000E-01
10190   0.10740000E-01
10191   0.98400000E-02
10192   0.90400000E-02
10193   0.83400000E-02
10194   0.77200000E-02
10195   0.71600000E-02
10196   0.66600000E-02
10197   0.62100000E-02
10198   0.58000000E-02
10199   0.54300000E-02
10200   0.50900000E-02
10201   0.47900000E-02
10202   0.45100000E-02
10203   0.42500000E-02
10204   0.40200000E-02
10205   0.38000000E-02
10206   0.36000000E-02
10207   0.34100000E-02
10208   0.32400000E-02
10209   0.30800000E-02
10210   0.29400000E-02
10211   0.28000000E-02
10212   0.26700000E-02
10213   0.25500000E-02
10214   0.24400000E-02
10215   0.23300000E-02
10216   0.22300000E-02
10217   0.21400000E-02
10218   0.17692000E+00
10219   0.15599000E+00
10220   0.24606000E+00
10221   0.27308000E+00
10222   0.33033000E+00
10223   0.40603000E+00
10224   0.44000000E+00
10225   0.45169000E+00
10226   0.44258000E+00
10227   0.36064000E+00
10228   0.31738000E+00
10229   0.28823000E+00
10230   0.26033000E+00
10231   0.23298000E+00
10232   0.20152000E+00
10233   0.15683000E+00
10234   0.12023000E+00
10235   0.93250000E-01
10236   0.73660000E-01
10237   0.59330000E-01
10238   0.48690000E-01
10239   0.40600000E-01
10240   0.34350000E-01
10241   0.29420000E-01
10242   0.25480000E-01
10243   0.22270000E-01
10244   0.19620000E-01
10245   0.17420000E-01
10246   0.15570000E-01
10247   0.14000000E-01
10248   0.12650000E-01
10249   0.11480000E-01
10250   0.10470000E-01
10251   0.95900000E-02
10252   0.88100000E-02
10253   0.81200000E-02
10254   0.75100000E-02
10255   0.69700000E-02
10256   0.64800000E-02
10257   0.60400000E-02
10258   0.56400000E-02
10259   0.52800000E-02
10260   0.49500000E-02
10261   0.46600000E-02
10262   0.43800000E-02
10263   0.41300000E-02
10264   0.39100000E-02
10265   0.37000000E-02
10266   0.35000000E-02
10267   0.33400000E-02
10268   0.31900000E-02
10269   0.31700000E-02
10270   0.30400000E-02
10271   0.29700000E-02
10272   0.29600000E-02
10273   0.12473800E+01
10274   0.78959000E+00
10275   0.13440900E+01
10276   0.44287400E+01
10277   0.50917700E+01
10278   0.60915000E+01
10279   0.75096300E+01
10280   0.10965190E+02
10281   0.13066280E+02
10282   0.22062770E+02
10283   0.36950070E+02
10284   0.61128150E+02
10285   0.72431470E+02
10286   0.66638020E+02
10287   0.43803720E+02
10288   0.27554500E+02
10289   0.31770410E+02
10290   0.51305080E+02
10291   0.67478630E+02
10292   0.47287290E+02
10293   0.29578460E+02
10294   0.18907470E+02
10295   0.12245850E+02
10296   0.82743700E+01
10297   0.55736700E+01
10298   0.38872500E+01
10299   0.20850500E+01
10300   0.15707400E+01
10301   0.11493200E+01
10302   0.90084000E+00
10303   0.73598000E+00
10304   0.75705000E+00
10305   0.61372000E+00
10306   0.16949300E+01
10307   0.16944600E+01
10308   0.40484600E+01
10309   0.87670500E+01
10310   0.17861690E+02
10311   0.24792770E+02
10312   0.24480770E+02
10313   0.20038790E+02
10314   0.16348150E+02
10315   0.13248480E+02
10316   0.11125630E+02
10317   0.10604460E+02
10318   0.97059600E+01
10319   0.88130600E+01
10320   0.84146200E+01
10321   0.72666300E+01
10322   0.58992100E+01
10323   0.44611200E+01
10324   0.32283900E+01
10325   0.22966300E+01
10326   0.69079400E+01
10327   0.40820640E+02
10328   0.10659929E+03
10329   0.17745961E+03
10330   0.24353622E+03
10331   0.17625982E+03
10332   0.19330799E+03
10333   0.12798030E+03
10334   0.73206800E+02
10335   0.63592400E+02
10336   0.81225770E+02
10337   0.72153210E+02
10338   0.45481290E+02
10339   0.27950240E+02
10340   0.16826530E+02
10341   0.10745410E+02
10342   0.71644100E+01
10343   0.46911600E+01
10344   0.30141000E+01
10345   0.20363100E+01
10346   0.14950200E+01
10347   0.11091000E+01
10348   0.82917000E+00
10349   0.62476000E+00
10350   0.37108000E+00
10351   0.33718000E+00
10352   0.43487000E+00
10353   0.45679000E+00
10354   0.47896000E+00
10355   0.52315000E+00
10356   0.90438000E+00
10357   0.15135740E+02
10358   0.10568220E+03
10359   0.11579554E+03
10360   0.96714560E+02
10361   0.77964940E+02
10362   0.53511030E+02
10363   0.38408780E+02
10364   0.30560510E+02
10365   0.24647940E+02
10366   0.19107970E+02
10367   0.13981490E+02
10368   0.12042210E+02
10369   0.10149400E+02
10370   0.90467100E+01
10371   0.91297600E+01
10372   0.84800500E+01
10373   0.75389900E+01
10374   0.10725820E+02
10375   0.48022300E+02
10376   0.19737108E+03
10377   0.17691917E+03
10378   0.13505158E+03
10379   0.10208474E+03
10380   0.73284750E+02
10381   0.59180090E+02
10382   0.83544070E+02
10383   0.13429841E+03
10384   0.11099256E+03
10385   0.90481500E+02
10386   0.81930140E+02
10387   0.10159082E+03
10388   0.21181789E+03
10389   0.28366688E+03
10390   0.21671464E+03
10391   0.13134353E+03
10392   0.10780544E+03
10393   0.14353439E+03
10394   0.16809944E+03
10395   0.16631093E+03
10396   0.18401748E+03
10397   0.20004607E+03
10398   0.22240556E+03
10399   0.25855534E+03
10400   0.30573728E+03
10401   0.30945814E+03
10402   0.23612084E+03
10403   0.13718951E+03
10404   0.75446080E+02
10405   0.43552550E+02
10406   0.27441110E+02
10407   0.18891080E+02
10408   0.13861730E+02
10409   0.10822250E+02
10410   0.95519800E+01
10411   0.13210750E+02
10412   0.26672310E+02
10413   0.44773760E+02
10414   0.50274460E+02
10415   0.45748170E+02
10416   0.42476260E+02
10417   0.75650250E+02
10418   0.17042300E+03
10419   0.23180647E+03
10420   0.31441551E+03
10421   0.29165647E+03
10422   0.18427960E+03
10423   0.14445871E+03
10424   0.32698674E+03
10425   0.49567834E+03
10426   0.25453308E+03
10427   0.14967772E+03
10428   0.18148438E+03
10429   0.43051648E+03
10430   0.36904964E+03
10431   0.31183636E+03
10432   0.21288526E+03
10433   0.13435332E+03
10434   0.13474612E+03
10435   0.25587007E+03
10436   0.40219613E+03
10437   0.35615103E+03
10438   0.27149374E+03
10439   0.30078389E+03
10440   0.39784557E+03
10441   0.22938633E+03
10442   0.13357765E+03
10443   0.73610980E+02
10444   0.40018120E+02
10445   0.23027540E+02
10446   0.13896700E+02
10447   0.91967600E+01
10448   0.66807900E+01
10449   0.48808200E+01
10450   0.37523700E+01
10451   0.25087200E+01
10452   0.28014700E+01
10453   0.63018200E+01
10454   0.14331130E+02
10455   0.30252270E+02
10456   0.60203240E+02
10457   0.68631050E+02
10458   0.47514340E+02
10459   0.29056000E+02
10460   0.17782900E+02
10461   0.12421430E+02
10462   0.10235170E+02
10463   0.79966100E+01
10464   0.68611900E+01
10465   0.64622600E+01
10466   0.10386830E+02
10467   0.14839200E+02
10468   0.18572300E+02
10469   0.23420870E+02
10470   0.25001750E+02
10471   0.22617260E+02
10472   0.17006970E+02
10473   0.11630860E+02
10474   0.83603000E+01
10475   0.71679000E+01
10476   0.58099400E+01
10477   0.48391600E+01
10478   0.38525500E+01
10479   0.27074400E+01
10480   0.19540700E+01
10481   0.14315100E+01
10482   0.10361800E+01
10483   0.55372000E+00
10484   0.51058000E+00
10485   0.36825000E+00
10486   0.30544000E+00
10487   0.26805000E+00
10488   0.21793000E+00
10489   0.50508000E+00
10490   0.33746000E+00
10491   0.40229000E+00
10492   0.39738000E+00
10493   0.42444100E+01
10494   0.31511400E+01
10495   0.81512000E+01
10496   0.16283040E+02
10497   0.17682980E+02
10498   0.14061450E+02
10499   0.10351460E+02
10500   0.74552600E+01
10501   0.51702200E+01
10502   0.44175400E+01
10503   0.35135200E+01
10504   0.25770100E+01
10505   0.40161300E+01
10506   0.72881100E+01
10507   0.12651660E+02
10508   0.16576610E+02
10509   0.14404590E+02
10510   0.10581700E+02
10511   0.73934300E+01
10512   0.49423500E+01
10513   0.31123200E+01
10514   0.17152100E+01
10515   0.13000400E+01
10516   0.92760000E+00
10517   0.70179000E+00
10518   0.55379000E+00
10519   0.40299000E+00
10520   0.31962000E+00
10521   0.10683970E+02
10522   0.48617930E+02
10523   0.68275820E+02
10524   0.43641770E+02
10525   0.27042260E+02
10526   0.17109930E+02
10527   0.11004770E+02
10528   0.73830800E+01
10529   0.48860100E+01
10530   0.31330600E+01
10531   0.20667800E+01
10532   0.14727100E+01
10533   0.10666500E+01
10534   0.38632300E+01
10535   0.48093000E+01
10536   0.12240250E+02
10537   0.24022050E+02
10538   0.22376890E+02
10539   0.16360130E+02
10540   0.11110950E+02
10541   0.75901200E+01
10542   0.50851000E+01
10543   0.34721600E+01
10544   0.21957000E+01
10545   0.12262900E+01
10546   0.98417000E+00
10547   0.73850000E+00
10548   0.58369000E+00
10549   0.44788000E+00
10550   0.34888000E+00
10551   0.28636000E+00
10552   0.24137000E+00
10553   0.16324000E+00
10554   0.10996000E+00
10555   0.79720000E-01
10556   0.60900000E-01
10557   0.48300000E-01
10558   0.39390000E-01
10559   0.32830000E-01
10560   0.27830000E-01
10561   0.23930000E-01
10562   0.20820000E-01
10563   0.18290000E-01
10564   0.16210000E-01
10565   0.14470000E-01
10566   0.13000000E-01
10567   0.11750000E-01
10568   0.10670000E-01
10569   0.97400000E-02
10570   0.89200000E-02
10571   0.82000000E-02
10572   0.75700000E-02
10573   0.70100000E-02
10574   0.65000000E-02
10575   0.60500000E-02
10576   0.56500000E-02
10577   0.52800000E-02
10578   0.49500000E-02
10579   0.46500000E-02
10580   0.43700000E-02
10581   0.41200000E-02
10582   0.38900000E-02
10583   0.36800000E-02
10584   0.34900000E-02
10585   0.54540000E-01
10586   0.16890000E-01
10587   0.61760000E-01
10588   0.11570000E+00
10589   0.11385000E+00
10590   0.98500000E-01
10591   0.27606000E+00
10592   0.96388000E+00
10593   0.86361000E+00
10594   0.15172800E+01
10595   0.19664400E+01
10596   0.15254100E+01
10597   0.14061500E+01
10598   0.11483500E+01
10599   0.91826000E+00
10600   0.73849000E+00
10601   0.61065000E+00
10602   0.50687000E+00
10603   0.40645000E+00
10604   0.33404000E+00
10605   0.28501000E+00
10606   0.21740000E+00
10607   0.14686000E+00
10608   0.10494000E+00
10609   0.79000000E-01
10610   0.61790000E-01
10611   0.49850000E-01
10612   0.41040000E-01
10613   0.34450000E-01
10614   0.29340000E-01
10615   0.25310000E-01
10616   0.22060000E-01
10617   0.19400000E-01
10618   0.17200000E-01
10619   0.15350000E-01
10620   0.13790000E-01
10621   0.12460000E-01
10622   0.11310000E-01
10623   0.10310000E-01
10624   0.94400000E-02
10625   0.86800000E-02
10626   0.80000000E-02
10627   0.74000000E-02
10628   0.68700000E-02
10629   0.63900000E-02
10630   0.59500000E-02
10631   0.54800000E-01
10632   0.20750000E-01
10633   0.51350000E-01
10634   0.11050000E+00
10635   0.13546000E+00
10636   0.13861000E+00
10637   0.13394000E+00
10638   0.12565000E+00
10639   0.11333000E+00
10640   0.96890000E-01
10641   0.80450000E-01
10642   0.66480000E-01
10643   0.55270000E-01
10644   0.46400000E-01
10645   0.39370000E-01
10646   0.33750000E-01
10647   0.29200000E-01
10648   0.25490000E-01
10649   0.22430000E-01
10650   0.19870000E-01
10651   0.17720000E-01
10652   0.15890000E-01
10653   0.14330000E-01
10654   0.12980000E-01
10655   0.11810000E-01
10656   0.10790000E-01
10657   0.98900000E-02
10658   0.91000000E-02
10659   0.84000000E-02
10660   0.77700000E-02
10661   0.72200000E-02
10662   0.67100000E-02
10663   0.62600000E-02
10664   0.58500000E-02
10665   0.54800000E-02
10666   0.51400000E-02
10667   0.48300000E-02
10668   0.45500000E-02
10669   0.42900000E-02
10670   0.40600000E-02
10671   0.38700000E-02
10672   0.11172810E+02
10673   0.87086010E+02
10674   0.10809207E+03
10675   0.69472070E+02
10676   0.42750060E+02
10677   0.27201690E+02
10678   0.17128390E+02
10679   0.12370710E+02
10680   0.99434300E+01
10681   0.82019400E+01
10682   0.71522900E+01
10683   0.59519100E+01
10684   0.47042900E+01
10685   0.36364300E+01
10686   0.25587900E+01
10687   0.80755500E+01
10688   0.11044650E+02
10689   0.20907060E+02
10690   0.21008900E+02
10691   0.15872800E+02
10692   0.10893290E+02
10693   0.74685500E+01
10694   0.50004200E+01
10695   0.46941700E+01
10696   0.41775000E+01
10697   0.44428000E+01
10698   0.44748400E+01
10699   0.47025700E+01
10700   0.41978200E+01
10701   0.33326300E+01
10702   0.25642300E+01
10703   0.50116300E+01
10704   0.80312600E+01
10705   0.19847410E+02
10706   0.58591830E+02
10707   0.94284180E+02
10708   0.78615380E+02
10709   0.63859980E+02
10710   0.57608020E+02
10711   0.44890050E+02
10712   0.31595130E+02
10713   0.23664150E+02
10714   0.18151950E+02
10715   0.14001570E+02
10716   0.11157520E+02
10717   0.91980200E+01
10718   0.89301000E+01
10719   0.20366750E+02
10720   0.46137640E+02
10721   0.60723590E+02
10722   0.58111790E+02
10723   0.49462940E+02
10724   0.36797390E+02
10725   0.25958610E+02
10726   0.22912650E+02
10727   0.29074080E+02
10728   0.60888470E+02
10729   0.97245280E+02
10730   0.10537781E+03
10731   0.89015840E+02
10732   0.65897950E+02
10733   0.47789140E+02
10734   0.34219190E+02
10735   0.25273480E+02
10736   0.19259250E+02
10737   0.19998500E+02
10738   0.22085740E+02
10739   0.22930270E+02
10740   0.23139810E+02
10741   0.27069640E+02
10742   0.46958530E+02
10743   0.15112400E+03
10744   0.15643426E+03
10745   0.85714940E+02
10746   0.45748280E+02
10747   0.26644750E+02
10748   0.17426010E+02
10749   0.12648530E+02
10750   0.11483400E+02
10751   0.33689020E+02
10752   0.15137709E+03
10753   0.10360117E+03
10754   0.66331460E+02
10755   0.43276870E+02
10756   0.29732370E+02
10757   0.21803470E+02
10758   0.15927820E+02
10759   0.13723410E+02
10760   0.43801580E+02
10761   0.23216421E+03
10762   0.23545677E+03
10763   0.31467048E+03
10764   0.22748775E+03
10765   0.22761712E+03
10766   0.32856049E+03
10767   0.38775927E+03
10768   0.41685660E+03
10769   0.28622799E+03
10770   0.16618803E+03
10771   0.82150420E+02
10772   0.43232280E+02
10773   0.25107240E+02
10774   0.15344770E+02
10775   0.98244600E+01
10776   0.65042000E+01
10777   0.43007600E+01
10778   0.26042800E+01
10779   0.26056300E+01
10780   0.48427300E+01
10781   0.61142690E+02
10782   0.51764711E+03
10783   0.22600834E+03
10784   0.23327340E+03
10785   0.37312663E+03
10786   0.37629484E+03
10787   0.21772001E+03
10788   0.11483595E+03
10789   0.63828540E+02
10790   0.48872140E+02
10791   0.43050370E+02
10792   0.34941840E+02
10793   0.24593650E+02
10794   0.16431400E+02
10795   0.11315390E+02
10796   0.82575000E+01
10797   0.86104300E+01
10798   0.92548600E+01
10799   0.10463420E+02
10800   0.94098100E+01
10801   0.69304200E+01
10802   0.75050800E+01
10803   0.89541800E+01
10804   0.14699240E+02
10805   0.20364460E+02
10806   0.42277560E+02
10807   0.10668187E+03
10808   0.17097568E+03
10809   0.41966685E+03
10810   0.48944135E+03
10811   0.24606590E+03
10812   0.12671027E+03
10813   0.86713650E+02
10814   0.57440760E+02
10815   0.35418080E+02
10816   0.22564590E+02
10817   0.16317760E+02
10818   0.30386960E+02
10819   0.44355879E+03
10820   0.26525399E+03
10821   0.11411031E+03
10822   0.93730880E+02
10823   0.92310770E+02
10824   0.66801940E+02
10825   0.43824790E+02
10826   0.32369260E+02
10827   0.26258720E+02
10828   0.21266190E+02
10829   0.17473630E+02
10830   0.13271220E+02
10831   0.96154200E+01
10832   0.62570300E+01
10833   0.74877210E+02
10834   0.24752772E+03
10835   0.19515066E+03
10836   0.34824231E+03
10837   0.31639227E+03
10838   0.14053838E+03
10839   0.67495170E+02
10840   0.36159450E+02
10841   0.22867410E+02
10842   0.18060270E+02
10843   0.32397690E+02
10844   0.62539540E+02
10845   0.52817730E+02
10846   0.33620670E+02
10847   0.23257110E+02
10848   0.18188900E+02
10849   0.21579470E+02
10850   0.23548630E+02
10851   0.20940000E+02
10852   0.14806860E+02
10853   0.10045230E+02
10854   0.67417500E+01
10855   0.44189100E+01
10856   0.28797700E+01
10857   0.20175200E+01
10858   0.15225600E+01
10859   0.11051800E+01
10860   0.81975000E+00
10861   0.63098000E+00
10862   0.35438000E+00
10863   0.28923000E+00
10864   0.24020000E+00
10865   0.16351000E+00
10866   0.11166000E+00
10867   0.81660000E-01
10868   0.62730000E-01
10869   0.49920000E-01
10870   0.40800000E-01
10871   0.34040000E-01
10872   0.29240000E-01
10873   0.38880000E-01
10874   0.20741020E+02
10875   0.43195695E+03
10876   0.29800375E+03
10877   0.12420573E+03
10878   0.59070950E+02
10879   0.32118320E+02
10880   0.19116260E+02
10881   0.11895350E+02
10882   0.77822000E+01
10883   0.46017400E+01
10884   0.28938500E+01
10885   0.19604900E+01
10886   0.14061600E+01
10887   0.10323100E+01
10888   0.77878000E+00
10889   0.59875000E+00
10890   0.44587000E+00
10891   0.33284000E+00
10892   0.27690000E+00
10893   0.19969000E+00
10894   0.13041000E+00
10895   0.92210000E-01
10896   0.69210000E-01
10897   0.54180000E-01
10898   0.43740000E-01
10899   0.36150000E-01
10900   0.30440000E-01
10901   0.26030000E-01
10902   0.22530000E-01
10903   0.19710000E-01
10904   0.17400000E-01
10905   0.15480000E-01
10906   0.13870000E-01
10907   0.12500000E-01
10908   0.11320000E-01
10909   0.10310000E-01
10910   0.94200000E-02
10911   0.86500000E-02
10912   0.79700000E-02
10913   0.73600000E-02
10914   0.68200000E-02
10915   0.63400000E-02
10916   0.59100000E-02
10917   0.55200000E-02
10918   0.51700000E-02
10919   0.48500000E-02
10920   0.45600000E-02
10921   0.42900000E-02
10922   0.40500000E-02
10923   0.38200000E-02
10924   0.36200000E-02
10925   0.34300000E-02
10926   0.32500000E-02
10927   0.30900000E-02
10928   0.29400000E-02
10929   0.28000000E-02
10930   0.26700000E-02
10931   0.25500000E-02
10932   0.24300000E-02
10933   0.23300000E-02
10934   0.22300000E-02
10935   0.21300000E-02
10936   0.20400000E-02
10937   0.19600000E-02
10938   0.18800000E-02
10939   0.18100000E-02
10940   0.17400000E-02
10941   0.60890000E-01
10942   0.96003000E+00
10943   0.49251000E+00
10944   0.53270000E+00
10945   0.62817000E+00
10946   0.62807000E+00
10947   0.15596600E+01
10948   0.13611900E+01
10949   0.32801400E+01
10950   0.60238200E+01
10951   0.86852800E+01
10952   0.10777430E+02
10953   0.94001800E+01
10954   0.69979800E+01
10955   0.43449100E+01
10956   0.28635300E+01
10957   0.19857600E+01
