    1   0.00000000E+00
    2   0.00000000E+00
    3   0.00000000E+00
    4   0.00000000E+00
    5   0.00000000E+00
    6   0.00000000E+00
    7   0.00000000E+00
    8   0.00000000E+00
    9   0.00000000E+00
   10   0.00000000E+00
   11   0.10473900E+01
   12   0.31229800E+01
   13   0.33441300E+01
   14   0.12471200E+01
   15   0.57039000E+00
   16   0.34852000E+00
   17   0.23144000E+00
   18   0.16435000E+00
   19   0.11363000E+00
   20   0.73460000E-01
   21   0.48100000E-01
   22   0.35270000E-01
   23   0.57610000E-01
   24   0.74190000E-01
   25   0.45660000E-01
   26   0.25990000E-01
   27   0.16320000E-01
   28   0.11290000E-01
   29   0.84100000E-02
   30   0.66000000E-02
   31   0.53900000E-02
   32   0.45200000E-02
   33   0.38700000E-02
   34   0.33600000E-02
   35   0.29500000E-02
   36   0.26200000E-02
   37   0.23400000E-02
   38   0.21100000E-02
   39   0.19100000E-02
   40   0.17300000E-02
   41   0.45500000E-02
   42   0.68690000E-01
   43   0.23388000E+00
   44   0.13789000E+00
   45   0.79910000E-01
   46   0.50230000E-01
   47   0.52740000E-01
   48   0.11561000E+00
   49   0.18010000E+00
   50   0.10875000E+00
   51   0.65130000E-01
   52   0.41930000E-01
   53   0.28850000E-01
   54   0.20950000E-01
   55   0.15850000E-01
   56   0.12390000E-01
   57   0.99500000E-02
   58   0.81500000E-02
   59   0.68000000E-02
   60   0.57500000E-02
   61   0.49300000E-02
   62   0.42700000E-02
   63   0.37300000E-02
   64   0.32900000E-02
   65   0.29100000E-02
   66   0.26000000E-02
   67   0.23400000E-02
   68   0.21100000E-02
   69   0.19100000E-02
   70   0.17400000E-02
   71   0.15900000E-02
   72   0.19060800E+01
   73   0.35068900E+01
   74   0.22814600E+01
   75   0.59520000E+00
   76   0.18867000E+00
   77   0.11745000E+00
   78   0.57508000E+00
   79   0.15387800E+01
   80   0.26086900E+01
   81   0.28719400E+01
   82   0.23818100E+01
   83   0.25675100E+01
   84   0.34966900E+01
   85   0.59725700E+01
   86   0.95073100E+01
   87   0.12380080E+02
   88   0.12949830E+02
   89   0.12130230E+02
   90   0.10482200E+02
   91   0.96783100E+01
   92   0.10987240E+02
   93   0.15451180E+02
   94   0.17658350E+02
   95   0.14361930E+02
   96   0.10115380E+02
   97   0.75517300E+01
   98   0.63538700E+01
   99   0.53847700E+01
  100   0.47491200E+01
  101   0.47511000E+01
  102   0.49649300E+01
  103   0.53970100E+01
  104   0.61717200E+01
  105   0.75082600E+01
  106   0.83548000E+01
  107   0.90823000E+01
  108   0.12665330E+02
  109   0.19997450E+02
  110   0.20897070E+02
  111   0.34026180E+02
  112   0.11363297E+03
  113   0.11114169E+03
  114   0.66889870E+02
  115   0.39562920E+02
  116   0.21793880E+02
  117   0.14181210E+02
  118   0.14034300E+02
  119   0.16560280E+02
  120   0.14250220E+02
  121   0.10183440E+02
  122   0.80668900E+01
  123   0.68898500E+01
  124   0.59607900E+01
  125   0.55702800E+01
  126   0.82956900E+01
  127   0.59140970E+02
  128   0.20478255E+03
  129   0.13006343E+03
  130   0.71979140E+02
  131   0.42487470E+02
  132   0.28159190E+02
  133   0.21098390E+02
  134   0.23235530E+02
  135   0.25353630E+02
  136   0.19560400E+02
  137   0.12604490E+02
  138   0.89139500E+01
  139   0.69448800E+01
  140   0.66121300E+01
  141   0.72063500E+01
  142   0.72812000E+01
  143   0.72416800E+01
  144   0.59026300E+01
  145   0.42926500E+01
  146   0.28832200E+01
  147   0.14332900E+01
  148   0.25824800E+01
  149   0.38839400E+01
  150   0.10532670E+02
  151   0.35912510E+02
  152   0.56293780E+02
  153   0.44532300E+02
  154   0.28903210E+02
  155   0.19223280E+02
  156   0.19724900E+02
  157   0.46443950E+02
  158   0.55325790E+02
  159   0.47152000E+02
  160   0.74572460E+02
  161   0.54032244E+03
  162   0.40787439E+03
  163   0.22173939E+03
  164   0.11468708E+03
  165   0.63360990E+02
  166   0.37037120E+02
  167   0.21753060E+02
  168   0.14232460E+02
  169   0.27895510E+02
  170   0.56630420E+02
  171   0.45627770E+02
  172   0.32344350E+02
  173   0.25651990E+02
  174   0.24417520E+02
  175   0.33996840E+02
  176   0.62804060E+02
  177   0.20535681E+03
  178   0.17405322E+03
  179   0.16709054E+03
  180   0.23201430E+03
  181   0.25428208E+03
  182   0.29472735E+03
  183   0.21228377E+03
  184   0.14217225E+03
  185   0.12277492E+03
  186   0.14380320E+03
  187   0.17057620E+03
  188   0.16771460E+03
  189   0.13070087E+03
  190   0.10562695E+03
  191   0.11673951E+03
  192   0.12517998E+03
  193   0.12309361E+03
  194   0.14666457E+03
  195   0.23119519E+03
  196   0.29959896E+03
  197   0.16814353E+03
  198   0.89361920E+02
  199   0.52755660E+02
  200   0.32472270E+02
  201   0.20286280E+02
  202   0.14748950E+02
  203   0.14249100E+02
  204   0.25573060E+02
  205   0.65750860E+02
  206   0.59523480E+02
  207   0.44193000E+02
  208   0.51332190E+02
  209   0.87892200E+02
  210   0.14152233E+03
  211   0.20884957E+03
  212   0.18622578E+03
  213   0.28290254E+03
  214   0.65496306E+03
  215   0.10238544E+04
  216   0.11273389E+04
  217   0.53981261E+03
  218   0.37438755E+03
  219   0.19532995E+03
  220   0.97195780E+02
  221   0.52137780E+02
  222   0.31445600E+02
  223   0.27564580E+02
  224   0.31331200E+02
  225   0.77015210E+02
  226   0.18628818E+03
  227   0.94395820E+02
  228   0.53990630E+02
  229   0.32161680E+02
  230   0.20441410E+02
  231   0.13450710E+02
  232   0.87641800E+01
  233   0.55698500E+01
  234   0.43058100E+01
  235   0.43347600E+01
  236   0.38109000E+01
  237   0.79609500E+01
  238   0.20949610E+02
  239   0.21363060E+02
  240   0.15707270E+02
  241   0.25653080E+02
  242   0.40625290E+02
  243   0.39148940E+02
  244   0.28189780E+02
  245   0.18375140E+02
  246   0.11138730E+02
  247   0.66859600E+01
  248   0.51507200E+01
  249   0.29151600E+01
  250   0.93376000E+00
  251   0.23165000E+00
  252   0.21183000E+00
  253   0.59123000E+01
  254   0.15744910E+02
  255   0.16347730E+02
  256   0.13663650E+02
  257   0.14675740E+02
  258   0.11456170E+02
  259   0.77118500E+01
  260   0.48853500E+01
  261   0.33391500E+01
  262   0.16174939E+03
  263   0.11165014E+03
  264   0.51386190E+02
  265   0.31780870E+02
  266   0.26792880E+02
  267   0.23968460E+02
  268   0.17449040E+02
  269   0.11461670E+02
  270   0.75224400E+01
  271   0.64113900E+01
  272   0.71978900E+01
  273   0.72239400E+01
  274   0.61525200E+01
  275   0.49908300E+01
  276   0.40683700E+01
  277   0.30378700E+01
  278   0.16239400E+01
  279   0.28939700E+01
  280   0.60519360E+02
  281   0.15484724E+03
  282   0.12041296E+03
  283   0.63954670E+02
  284   0.35587040E+02
  285   0.20422000E+02
  286   0.12798810E+02
  287   0.87641300E+01
  288   0.62906700E+01
  289   0.46446800E+01
  290   0.21229700E+01
  291   0.49789000E+00
  292   0.13187000E+00
  293   0.79790000E-01
  294   0.53740000E-01
  295   0.35720000E-01
  296   0.24350000E-01
  297   0.17410000E-01
  298   0.13020000E-01
  299   0.10110000E-01
  300   0.81000000E-02
  301   0.66400000E-02
  302   0.55500000E-02
  303   0.47100000E-02
  304   0.40500000E-02
  305   0.35200000E-02
  306   0.30900000E-02
  307   0.27400000E-02
  308   0.24400000E-02
  309   0.21900000E-02
  310   0.19800000E-02
  311   0.17900000E-02
  312   0.16300000E-02
  313   0.14900000E-02
  314   0.13700000E-02
  315   0.12600000E-02
  316   0.11700000E-02
  317   0.10800000E-02
  318   0.10000000E-02
  319   0.94000000E-03
  320   0.87000000E-03
  321   0.82000000E-03
  322   0.77000000E-03
  323   0.72000000E-03
  324   0.68000000E-03
  325   0.27886000E+00
  326   0.39145000E+01
  327   0.87438600E+01
  328   0.20285220E+02
  329   0.30264660E+02
  330   0.21915770E+02
  331   0.13133120E+02
  332   0.88141200E+01
  333   0.66016800E+01
  334   0.50642400E+01
  335   0.37225000E+01
  336   0.18299300E+01
  337   0.94357000E+00
  338   0.26711000E+00
  339   0.12043000E+00
  340   0.66520000E-01
  341   0.41310000E-01
  342   0.27640000E-01
  343   0.19720000E-01
  344   0.14800000E-01
  345   0.11550000E-01
  346   0.92800000E-02
  347   0.76200000E-02
  348   0.63800000E-02
  349   0.54200000E-02
  350   0.46600000E-02
  351   0.40500000E-02
  352   0.35500000E-02
  353   0.65460000E-01
  354   0.25811900E+01
  355   0.33052300E+01
  356   0.15255700E+01
  357   0.10091800E+01
  358   0.46804000E+00
  359   0.33326000E+00
  360   0.24131000E+00
  361   0.17209000E+00
  362   0.11636000E+00
  363   0.73560000E-01
  364   0.48130000E-01
  365   0.33310000E-01
  366   0.24200000E-01
  367   0.18270000E-01
  368   0.14230000E-01
  369   0.11370000E-01
  370   0.92700000E-02
  371   0.25999100E+01
  372   0.46205700E+01
  373   0.45981700E+01
  374   0.27376100E+01
  375   0.21153600E+01
  376   0.34778400E+01
  377   0.36684100E+01
  378   0.28437200E+01
  379   0.18402800E+01
  380   0.11521400E+01
  381   0.48439000E+00
  382   0.29505000E+00
  383   0.21509000E+00
  384   0.15841000E+00
  385   0.11037000E+00
  386   0.82600000E-01
  387   0.10284000E+00
  388   0.23614200E+01
  389   0.23093000E+01
  390   0.10372900E+01
  391   0.49613000E+00
  392   0.18085500E+01
  393   0.24809400E+01
  394   0.12550400E+01
  395   0.45524000E+00
  396   0.54225000E+00
  397   0.10896400E+01
  398   0.13820700E+01
  399   0.15278600E+01
  400   0.14383800E+01
  401   0.11061800E+01
  402   0.60866000E+00
  403   0.20450000E+00
  404   0.68950000E-01
  405   0.31930000E-01
  406   0.18390000E-01
  407   0.12200000E-01
  408   0.88900000E-02
  409   0.68900000E-02
  410   0.55800000E-02
  411   0.46600000E-02
  412   0.39800000E-02
  413   0.34500000E-02
  414   0.30200000E-02
  415   0.26800000E-02
  416   0.23900000E-02
  417   0.52295000E+00
  418   0.49112900E+01
  419   0.11105060E+02
  420   0.13230180E+02
  421   0.12041080E+02
  422   0.95376400E+01
  423   0.85624500E+01
  424   0.86468900E+01
  425   0.78471800E+01
  426   0.70044200E+01
  427   0.59911600E+01
  428   0.50980400E+01
  429   0.49328800E+01
  430   0.48038200E+01
  431   0.44053200E+01
  432   0.39295600E+01
  433   0.28457900E+01
  434   0.12347800E+01
  435   0.12537800E+01
  436   0.84800000E+00
  437   0.67717000E+00
  438   0.61594000E+00
  439   0.88435000E+00
  440   0.10236200E+01
  441   0.10587400E+01
  442   0.93602000E+00
  443   0.61281000E+00
  444   0.25224000E+00
  445   0.80510000E-01
  446   0.37140000E-01
  447   0.21740000E-01
  448   0.10118100E+01
  449   0.96842000E+00
  450   0.11300000E+01
  451   0.16681900E+01
  452   0.14623300E+01
  453   0.17931800E+01
  454   0.16611100E+01
  455   0.13581500E+01
  456   0.10817000E+01
  457   0.57971000E+00
  458   0.29361000E+00
  459   0.15732000E+00
  460   0.76390000E-01
  461   0.39820000E-01
  462   0.23900000E-01
  463   0.16160000E-01
  464   0.11870000E-01
  465   0.92200000E-02
  466   0.16512000E+00
  467   0.52053000E+00
  468   0.78904000E+00
  469   0.92004000E+00
  470   0.81210000E+00
  471   0.38794000E+00
  472   0.26241300E+01
  473   0.47763400E+01
  474   0.43299000E+01
  475   0.49052500E+01
  476   0.25618820E+02
  477   0.46855030E+02
  478   0.39551970E+02
  479   0.33214920E+02
  480   0.25314680E+02
  481   0.18111630E+02
  482   0.13384300E+02
  483   0.11077130E+02
  484   0.94158500E+01
  485   0.81342300E+01
  486   0.32387090E+02
  487   0.62284440E+02
  488   0.60137130E+02
  489   0.53156390E+02
  490   0.51309130E+02
  491   0.36890020E+02
  492   0.25170750E+02
  493   0.33124450E+02
  494   0.50745760E+02
  495   0.92896810E+02
  496   0.93949640E+02
  497   0.13307899E+03
  498   0.14437509E+03
  499   0.97815350E+02
  500   0.73976430E+02
  501   0.69909150E+02
  502   0.93498820E+02
  503   0.84761110E+02
  504   0.65454730E+02
  505   0.46507570E+02
  506   0.31164460E+02
  507   0.22738280E+02
  508   0.17295110E+02
  509   0.12802480E+02
  510   0.87659500E+01
  511   0.61180000E+01
  512   0.45808600E+01
  513   0.51338200E+01
  514   0.10603430E+02
  515   0.20102740E+02
  516   0.44600290E+02
  517   0.16533517E+03
  518   0.26130668E+03
  519   0.14163061E+03
  520   0.73487010E+02
  521   0.41179010E+02
  522   0.23791760E+02
  523   0.14284330E+02
  524   0.10093210E+02
  525   0.16335310E+02
  526   0.22054321E+03
  527   0.27477927E+03
  528   0.16178808E+03
  529   0.86565960E+02
  530   0.48564260E+02
  531   0.31234580E+02
  532   0.24789160E+02
  533   0.51644320E+02
  534   0.81569350E+02
  535   0.61101690E+02
  536   0.48920480E+02
  537   0.52196530E+02
  538   0.45361930E+02
  539   0.46013350E+02
  540   0.64612790E+02
  541   0.81613770E+02
  542   0.22397231E+03
  543   0.30092250E+03
  544   0.17813622E+03
  545   0.10685767E+03
  546   0.60739450E+02
  547   0.62217750E+02
  548   0.41276166E+03
  549   0.43489887E+03
  550   0.22603993E+03
  551   0.11739303E+03
  552   0.65481920E+02
  553   0.38560600E+02
  554   0.23141170E+02
  555   0.14505750E+02
  556   0.12022340E+02
  557   0.42442130E+02
  558   0.12770986E+03
  559   0.15923161E+03
  560   0.16865117E+03
  561   0.17440983E+03
  562   0.13970676E+03
  563   0.10080953E+03
  564   0.64888460E+02
  565   0.40823210E+02
  566   0.25970500E+02
  567   0.17132590E+02
  568   0.18879900E+02
  569   0.49795590E+02
  570   0.91776140E+02
  571   0.70621830E+02
  572   0.44334060E+02
  573   0.25864270E+02
  574   0.17399480E+02
  575   0.13129720E+02
  576   0.10426810E+02
  577   0.83886800E+01
  578   0.10154770E+02
  579   0.46580760E+02
  580   0.12972174E+03
  581   0.10741238E+03
  582   0.71332110E+02
  583   0.45185250E+02
  584   0.31103780E+02
  585   0.21247380E+02
  586   0.15632480E+02
  587   0.13614600E+02
  588   0.14526400E+02
  589   0.27765210E+02
  590   0.65124170E+02
  591   0.74434310E+02
  592   0.10209793E+03
  593   0.10053533E+03
  594   0.90154130E+02
  595   0.66294170E+02
  596   0.46029700E+02
  597   0.31744740E+02
  598   0.19381270E+02
  599   0.11963630E+02
  600   0.81786200E+01
  601   0.64788200E+01
  602   0.54951700E+01
  603   0.87250900E+01
  604   0.16154640E+02
  605   0.22446410E+02
  606   0.35333210E+02
  607   0.36650650E+02
  608   0.23703500E+02
  609   0.13938360E+02
  610   0.77753100E+01
  611   0.34035300E+01
  612   0.11490500E+01
  613   0.25580000E+00
  614   0.19095000E+00
  615   0.69663000E+00
  616   0.27042800E+01
  617   0.42461300E+01
  618   0.52662800E+01
  619   0.80519200E+01
  620   0.90425100E+01
  621   0.73056100E+01
  622   0.55168400E+01
  623   0.41881400E+01
  624   0.43655200E+01
  625   0.53872800E+01
  626   0.72108000E+01
  627   0.22158370E+02
  628   0.15404281E+03
  629   0.17586395E+03
  630   0.11087981E+03
  631   0.61843860E+02
  632   0.36497780E+02
  633   0.23262620E+02
  634   0.17462860E+02
  635   0.13168820E+02
  636   0.89592200E+01
  637   0.21543590E+02
  638   0.64076440E+02
  639   0.63195760E+02
  640   0.46340020E+02
  641   0.31926620E+02
  642   0.21248450E+02
  643   0.13457540E+02
  644   0.80933300E+01
  645   0.51386400E+01
  646   0.28130900E+01
  647   0.13677100E+01
  648   0.28727800E+01
  649   0.27110800E+01
  650   0.10202500E+01
  651   0.31116000E+00
  652   0.21370000E+00
  653   0.15819000E+00
  654   0.11131000E+00
  655   0.74080000E-01
  656   0.48710000E-01
  657   0.33450000E-01
  658   0.24140000E-01
  659   0.18170000E-01
  660   0.14130000E-01
  661   0.11290000E-01
  662   0.92100000E-02
  663   0.76400000E-02
  664   0.64400000E-02
  665   0.54900000E-02
  666   0.47400000E-02
  667   0.41200000E-02
  668   0.36200000E-02
  669   0.32000000E-02
  670   0.28500000E-02
  671   0.25500000E-02
  672   0.22900000E-02
  673   0.20700000E-02
  674   0.18800000E-02
  675   0.17200000E-02
  676   0.15700000E-02
  677   0.14400000E-02
  678   0.13300000E-02
  679   0.12300000E-02
  680   0.11400000E-02
  681   0.10600000E-02
  682   0.14184000E+00
  683   0.10666900E+01
  684   0.39371000E+00
  685   0.16499000E+00
  686   0.89300000E-01
  687   0.55030000E-01
  688   0.36940000E-01
  689   0.26340000E-01
  690   0.19640000E-01
  691   0.15160000E-01
  692   0.12020000E-01
  693   0.58440000E-01
  694   0.22251000E+00
  695   0.13968000E+00
  696   0.68344000E+00
  697   0.24589100E+01
  698   0.22530900E+01
  699   0.21730500E+01
  700   0.13915500E+01
  701   0.89943000E+00
  702   0.34067000E+00
  703   0.21472000E+00
  704   0.14676000E+00
  705   0.10325000E+00
  706   0.71350000E-01
  707   0.47500000E-01
  708   0.32570000E-01
  709   0.31706300E+01
  710   0.10043540E+02
  711   0.13789330E+02
  712   0.13656690E+02
  713   0.10915570E+02
  714   0.68907600E+01
  715   0.41097700E+01
  716   0.27444500E+01
  717   0.22993900E+01
  718   0.19050300E+01
  719   0.65108700E+01
  720   0.16391670E+02
  721   0.21646380E+02
  722   0.20285120E+02
  723   0.19690170E+02
  724   0.17930190E+02
  725   0.16033910E+02
  726   0.14485320E+02
  727   0.14892880E+02
  728   0.13485590E+02
  729   0.10397360E+02
  730   0.78717400E+01
  731   0.56930500E+01
  732   0.44259800E+01
  733   0.36750000E+01
  734   0.28820300E+01
  735   0.17213400E+01
  736   0.10458300E+01
  737   0.28143900E+01
  738   0.79043100E+01
  739   0.11530280E+02
  740   0.10567850E+02
  741   0.68977000E+01
  742   0.35236100E+01
  743   0.17032100E+01
  744   0.12259100E+01
  745   0.96409000E+00
  746   0.48974000E+00
  747   0.12814700E+01
  748   0.46189800E+01
  749   0.10625890E+02
  750   0.25020750E+02
  751   0.38253190E+02
  752   0.34697820E+02
  753   0.28011170E+02
  754   0.19777690E+02
  755   0.12978800E+02
  756   0.92149100E+01
  757   0.68933900E+01
  758   0.56287000E+01
  759   0.49247700E+01
  760   0.38774500E+01
  761   0.21726600E+01
  762   0.95647000E+00
  763   0.25677000E+00
  764   0.17653000E+00
  765   0.13059000E+00
  766   0.87410000E-01
  767   0.56380000E-01
  768   0.37850000E-01
  769   0.26790000E-01
  770   0.19830000E-01
  771   0.15220000E-01
  772   0.12020000E-01
  773   0.97100000E-02
  774   0.80100000E-02
  775   0.67300000E-02
  776   0.57600000E-02
  777   0.50200000E-02
  778   0.44300000E-02
  779   0.39500000E-02
  780   0.35400000E-02
  781   0.31800000E-02
  782   0.28700000E-02
  783   0.31400000E-02
  784   0.88723000E+00
  785   0.15559500E+01
  786   0.65716700E+01
  787   0.14869280E+02
  788   0.18792280E+02
  789   0.16678260E+02
  790   0.12874240E+02
  791   0.15368020E+02
  792   0.31992090E+02
  793   0.52417170E+02
  794   0.85398180E+02
  795   0.11627732E+03
  796   0.11214151E+03
  797   0.73998300E+02
  798   0.47391560E+02
  799   0.30174060E+02
  800   0.19349050E+02
  801   0.12683520E+02
  802   0.92433500E+01
  803   0.71715700E+01
  804   0.69747600E+01
  805   0.67040400E+01
  806   0.59488600E+01
  807   0.56588800E+01
  808   0.57807600E+01
  809   0.64415100E+01
  810   0.76375500E+01
  811   0.81989000E+01
  812   0.75494500E+01
  813   0.59184400E+01
  814   0.47454900E+01
  815   0.40066100E+01
  816   0.35594300E+01
  817   0.32361600E+01
  818   0.42164500E+01
  819   0.99847500E+01
  820   0.18539140E+02
  821   0.20044480E+02
  822   0.15995330E+02
  823   0.10214470E+02
  824   0.68853500E+01
  825   0.62474000E+01
  826   0.63869100E+01
  827   0.57037300E+01
  828   0.63102400E+01
  829   0.66770500E+01
  830   0.63035600E+01
  831   0.78910900E+01
  832   0.15223740E+02
  833   0.20980100E+02
  834   0.17387000E+02
  835   0.13386610E+02
  836   0.11221200E+02
  837   0.10104410E+02
  838   0.12649610E+02
  839   0.15592450E+02
  840   0.15628280E+02
  841   0.13774540E+02
  842   0.10719660E+02
  843   0.79240300E+01
  844   0.55092200E+01
  845   0.40912900E+01
  846   0.29486300E+01
  847   0.16597900E+01
  848   0.95667000E+00
  849   0.37010000E+00
  850   0.13668900E+02
  851   0.10174033E+03
  852   0.20096573E+03
  853   0.18175372E+03
  854   0.11004437E+03
  855   0.69281140E+02
  856   0.44206530E+02
  857   0.36880230E+02
  858   0.59442820E+02
  859   0.91804870E+02
  860   0.82650560E+02
  861   0.52632950E+02
  862   0.34361820E+02
  863   0.23813250E+02
  864   0.16739210E+02
  865   0.15733690E+02
  866   0.18505650E+02
  867   0.22291760E+02
  868   0.36217850E+02
  869   0.66201230E+02
  870   0.69514520E+02
  871   0.61125840E+02
  872   0.61135820E+02
  873   0.70108170E+02
  874   0.63777630E+02
  875   0.43556160E+02
  876   0.28158910E+02
  877   0.17452690E+02
  878   0.11398160E+02
  879   0.80562900E+01
  880   0.65329600E+01
  881   0.14425426E+03
  882   0.16948971E+03
  883   0.18474140E+03
  884   0.15910047E+03
  885   0.18957708E+03
  886   0.35557772E+03
  887   0.29724142E+03
  888   0.15499155E+03
  889   0.81861930E+02
  890   0.55974020E+02
  891   0.53115520E+02
  892   0.12005146E+03
  893   0.50411973E+03
  894   0.10128690E+04
  895   0.39374253E+03
  896   0.19629127E+03
  897   0.11046229E+03
  898   0.63273880E+02
  899   0.36578990E+02
  900   0.21877910E+02
  901   0.14508250E+02
  902   0.11101050E+02
  903   0.89163500E+01
  904   0.79403000E+01
  905   0.37498330E+02
  906   0.13195452E+03
  907   0.29387229E+03
  908   0.48843262E+03
  909   0.26231553E+03
  910   0.15542125E+03
  911   0.10022305E+03
  912   0.70589840E+02
  913   0.76116910E+02
  914   0.22445013E+03
  915   0.70350906E+03
  916   0.41608375E+03
  917   0.21976816E+03
  918   0.12857029E+03
  919   0.10393179E+03
  920   0.11344300E+03
  921   0.11700376E+03
  922   0.10327824E+03
  923   0.69719500E+02
  924   0.46237790E+02
  925   0.31570980E+02
  926   0.19554690E+02
  927   0.14490390E+02
  928   0.18897000E+02
  929   0.40999560E+02
  930   0.43998395E+03
  931   0.57739139E+03
  932   0.39776440E+03
  933   0.33036889E+03
  934   0.50895768E+03
  935   0.31853357E+03
  936   0.21225640E+03
  937   0.16177804E+03
  938   0.13515755E+03
  939   0.91976900E+02
  940   0.64501540E+02
  941   0.56631700E+02
  942   0.67190360E+02
  943   0.55918530E+02
  944   0.40833160E+02
  945   0.38745900E+02
  946   0.30330580E+02
  947   0.21134080E+02
  948   0.19582080E+02
  949   0.32352480E+02
  950   0.42351540E+02
  951   0.36460850E+02
  952   0.26372870E+02
  953   0.19462700E+02
  954   0.14091080E+02
  955   0.11130370E+02
  956   0.12030260E+02
  957   0.29786495E+03
  958   0.41540458E+03
  959   0.29699253E+03
  960   0.33407502E+03
  961   0.36052479E+03
  962   0.27730723E+03
  963   0.26021505E+03
  964   0.43456052E+03
  965   0.68873024E+03
  966   0.28956786E+03
  967   0.15069969E+03
  968   0.13341168E+03
  969   0.36582732E+03
  970   0.37205665E+03
  971   0.30753428E+03
  972   0.26088308E+03
  973   0.17753669E+03
  974   0.10911094E+03
  975   0.68434950E+02
  976   0.42949750E+02
  977   0.25725070E+02
  978   0.16241460E+02
  979   0.12391110E+02
  980   0.10588020E+02
  981   0.86520200E+01
  982   0.58439600E+01
  983   0.32711700E+01
  984   0.12546200E+01
  985   0.38139000E+00
  986   0.17515000E+00
  987   0.11319000E+00
  988   0.82670000E-01
  989   0.61580000E-01
  990   0.42430000E-01
  991   0.29180000E-01
  992   0.20900000E-01
  993   0.15630000E-01
  994   0.12120000E-01
  995   0.96700000E-02
  996   0.79000000E-02
  997   0.10186400E+01
  998   0.32711800E+01
  999   0.10471620E+02
 1000   0.20677506E+03
 1001   0.59346210E+03
 1002   0.38852630E+03
 1003   0.25791171E+03
 1004   0.14733500E+03
 1005   0.83281080E+02
 1006   0.49226340E+02
 1007   0.29721440E+02
 1008   0.16244710E+02
 1009   0.98933900E+01
 1010   0.94436800E+01
 1011   0.95141400E+01
 1012   0.67261600E+01
 1013   0.37665800E+01
 1014   0.13964400E+01
 1015   0.43297000E+00
 1016   0.16889000E+00
 1017   0.11965000E+00
 1018   0.87140000E-01
 1019   0.68710000E-01
 1020   0.53260000E-01
 1021   0.37260000E-01
 1022   0.90264500E+01
 1023   0.26300227E+03
 1024   0.16868062E+03
 1025   0.10567819E+03
 1026   0.60386560E+02
 1027   0.34702920E+02
 1028   0.18903970E+02
 1029   0.11891380E+02
 1030   0.84560200E+01
 1031   0.63792500E+01
 1032   0.50289100E+01
 1033   0.42232500E+01
 1034   0.37308300E+01
 1035   0.31192200E+01
 1036   0.24708500E+01
 1037   0.14199000E+01
 1038   0.76323000E+00
 1039   0.19140000E+00
 1040   0.68020000E-01
 1041   0.32950000E-01
 1042   0.19710000E-01
 1043   0.13460000E-01
 1044   0.10000000E-01
 1045   0.78500000E-02
 1046   0.63900000E-02
 1047   0.53400000E-02
 1048   0.45500000E-02
 1049   0.39200000E-02
 1050   0.34300000E-02
 1051   0.30200000E-02
 1052   0.26800000E-02
 1053   0.24000000E-02
 1054   0.21600000E-02
 1055   0.19500000E-02
 1056   0.17700000E-02
 1057   0.16200000E-02
 1058   0.14800000E-02
 1059   0.13600000E-02
 1060   0.12600000E-02
 1061   0.11600000E-02
 1062   0.10800000E-02
 1063   0.10000000E-02
 1064   0.93000000E-03
 1065   0.87000000E-03
 1066   0.82000000E-03
 1067   0.77000000E-03
 1068   0.72000000E-03
 1069   0.68000000E-03
 1070   0.64000000E-03
 1071   0.60000000E-03
 1072   0.57000000E-03
 1073   0.54000000E-03
 1074   0.51000000E-03
 1075   0.49000000E-03
 1076   0.46000000E-03
 1077   0.44000000E-03
 1078   0.42000000E-03
 1079   0.40000000E-03
 1080   0.38000000E-03
 1081   0.37000000E-03
 1082   0.35000000E-03
 1083   0.34000000E-03
 1084   0.32000000E-03
 1085   0.31000000E-03
 1086   0.30000000E-03
 1087   0.29000000E-03
 1088   0.27000000E-03
 1089   0.26000000E-03
 1090   0.25000000E-03
 1091   0.24000000E-03
 1092   0.24000000E-03
 1093   0.23000000E-03
 1094   0.22000000E-03
 1095   0.21000000E-03
 1096   0.21000000E-03
 1097   0.20000000E-03
 1098   0.19000000E-03
 1099   0.19000000E-03
 1100   0.18000000E-03
 1101   0.17000000E-03
 1102   0.17000000E-03
 1103   0.15980000E-01
 1104   0.35553000E+00
 1105   0.26706000E+00
 1106   0.13762000E+00
 1107   0.85610000E-01
 1108   0.69040000E-01
 1109   0.57510000E-01
 1110   0.44360000E-01
 1111   0.33170000E-01
 1112   0.24940000E-01
 1113   0.19190000E-01
 1114   0.15200000E-01
 1115   0.12350000E-01
 1116   0.10220000E-01
 1117   0.85600000E-02
 1118   0.72300000E-02
 1119   0.61600000E-02
 1120   0.52900000E-02
 1121   0.45800000E-02
 1122   0.40000000E-02
 1123   0.35100000E-02
 1124   0.31000000E-02
 1125   0.32200000E-02
 1126   0.28400000E-02
 1127   0.27100000E-02
 1128   0.26800000E-02
 1129   0.27400000E-02
 1130   0.29100000E-02
 1131   0.32600000E-02
 1132   0.37100000E-02
 1133   0.79300000E-02
 1134   0.23716000E+00
 1135   0.77412000E+00
 1136   0.31760000E+00
 1137   0.15071000E+00
 1138   0.85740000E-01
 1139   0.64130000E-01
 1140   0.90040000E-01
 1141   0.92660000E-01
 1142   0.52600000E-01
 1143   0.29590000E-01
 1144   0.18800000E-01
 1145   0.13230000E-01
 1146   0.99900000E-02
 1147   0.79200000E-02
 1148   0.64900000E-02
 1149   0.54500000E-02
 1150   0.46500000E-02
 1151   0.40200000E-02
 1152   0.35200000E-02
 1153   0.31000000E-02
 1154   0.27600000E-02
 1155   0.24700000E-02
 1156   0.22200000E-02
 1157   0.20100000E-02
 1158   0.18200000E-02
 1159   0.16600000E-02
 1160   0.15200000E-02
 1161   0.14000000E-02
 1162   0.12900000E-02
 1163   0.11900000E-02
 1164   0.11100000E-02
 1165   0.10300000E-02
 1166   0.96000000E-03
 1167   0.89000000E-03
 1168   0.84000000E-03
 1169   0.13500000E-02
 1170   0.13500000E-02
 1171   0.19500000E-02
 1172   0.73649000E+00
 1173   0.91355000E+00
 1174   0.10958900E+01
 1175   0.72516000E+00
 1176   0.11596900E+01
 1177   0.21620900E+01
 1178   0.37010000E+01
 1179   0.56476200E+01
 1180   0.57871800E+01
 1181   0.51100100E+01
 1182   0.37524800E+01
 1183   0.18396500E+01
 1184   0.10384300E+01
 1185   0.30671000E+00
 1186   0.12056000E+00
 1187   0.55710000E-01
 1188   0.30998500E+01
 1189   0.98768700E+01
 1190   0.13968160E+02
 1191   0.15037090E+02
 1192   0.11829930E+02
 1193   0.86866000E+01
 1194   0.63285700E+01
 1195   0.48024700E+01
 1196   0.35014600E+01
 1197   0.16762900E+01
 1198   0.92844000E+00
 1199   0.19058900E+01
 1200   0.50280200E+01
 1201   0.11632560E+02
 1202   0.26377530E+02
 1203   0.25531750E+02
 1204   0.17855750E+02
 1205   0.12293250E+02
 1206   0.87032800E+01
 1207   0.63958600E+01
 1208   0.47763500E+01
 1209   0.32318300E+01
 1210   0.13972300E+01
 1211   0.50103000E+00
 1212   0.37791500E+01
 1213   0.78516900E+01
 1214   0.10003100E+02
 1215   0.11273720E+02
 1216   0.12803910E+02
 1217   0.15510200E+02
 1218   0.22863570E+02
 1219   0.69342270E+02
 1220   0.55921100E+02
 1221   0.35662600E+02
 1222   0.21801990E+02
 1223   0.12905290E+02
 1224   0.86964100E+01
 1225   0.72415600E+01
 1226   0.60899800E+01
 1227   0.59303100E+01
 1228   0.12019550E+02
 1229   0.33068030E+02
 1230   0.34003960E+02
 1231   0.26298960E+02
 1232   0.22903310E+02
 1233   0.36765640E+02
 1234   0.12689020E+03
 1235   0.14419638E+03
 1236   0.94868770E+02
 1237   0.61340970E+02
 1238   0.41121130E+02
 1239   0.29232450E+02
 1240   0.23761600E+02
 1241   0.20264200E+02
 1242   0.18694080E+02
 1243   0.28588310E+02
 1244   0.64219950E+02
 1245   0.99300200E+02
 1246   0.82760100E+02
 1247   0.71323290E+02
 1248   0.69468800E+02
 1249   0.56030400E+02
 1250   0.42512620E+02
 1251   0.34041150E+02
 1252   0.41040630E+02
 1253   0.63428690E+02
 1254   0.86380490E+02
 1255   0.82158010E+02
 1256   0.62651020E+02
 1257   0.47103870E+02
 1258   0.35602810E+02
 1259   0.26179920E+02
 1260   0.23591200E+02
 1261   0.39888283E+03
 1262   0.26103558E+03
 1263   0.11973097E+03
 1264   0.59893290E+02
 1265   0.33379740E+02
 1266   0.19207720E+02
 1267   0.12200590E+02
 1268   0.83782000E+01
 1269   0.60854900E+01
 1270   0.45696400E+01
 1271   0.53978700E+01
 1272   0.18647360E+02
 1273   0.10687589E+03
 1274   0.21116638E+03
 1275   0.21405216E+03
 1276   0.34224504E+03
 1277   0.25622707E+03
 1278   0.41999868E+03
 1279   0.38406051E+03
 1280   0.61422365E+03
 1281   0.37599017E+03
 1282   0.27681898E+03
 1283   0.30977054E+03
 1284   0.42685685E+03
 1285   0.23064821E+03
 1286   0.13022083E+03
 1287   0.93638000E+02
 1288   0.89417380E+02
 1289   0.11122528E+03
 1290   0.30431358E+03
 1291   0.84947443E+03
 1292   0.61303100E+03
 1293   0.27163415E+03
 1294   0.15373793E+03
 1295   0.11642853E+03
 1296   0.83201800E+02
 1297   0.59864670E+02
 1298   0.40912780E+02
 1299   0.37449590E+02
 1300   0.40855750E+02
 1301   0.40895630E+02
 1302   0.35533230E+02
 1303   0.44965970E+02
 1304   0.60830170E+02
 1305   0.62900900E+02
 1306   0.64593910E+02
 1307   0.75106110E+02
 1308   0.75078730E+02
 1309   0.56745700E+02
 1310   0.36998550E+02
 1311   0.27314410E+02
 1312   0.31372630E+02
 1313   0.12075375E+03
 1314   0.40797670E+03
 1315   0.35188998E+03
 1316   0.16333386E+03
 1317   0.90656540E+02
 1318   0.60324840E+02
 1319   0.55378620E+02
 1320   0.52282360E+02
 1321   0.37235800E+02
 1322   0.23671500E+02
 1323   0.15430930E+02
 1324   0.99278400E+01
 1325   0.13821848E+03
 1326   0.24950008E+03
 1327   0.11688314E+03
 1328   0.57815090E+02
 1329   0.31152290E+02
 1330   0.18243750E+02
 1331   0.90915230E+02
 1332   0.26961831E+03
 1333   0.29755668E+03
 1334   0.42659086E+03
 1335   0.23373578E+03
 1336   0.11526153E+03
 1337   0.90707150E+02
 1338   0.69061210E+02
 1339   0.42538210E+02
 1340   0.27472000E+02
 1341   0.18344920E+02
 1342   0.11372540E+02
 1343   0.63435200E+01
 1344   0.29041800E+01
 1345   0.96792000E+00
 1346   0.20376000E+00
 1347   0.13866000E+00
 1348   0.10833000E+00
 1349   0.81570000E-01
 1350   0.65320000E-01
 1351   0.49610000E-01
 1352   0.57680000E-01
 1353   0.15282920E+02
 1354   0.28418967E+03
 1355   0.10955454E+04
 1356   0.60120934E+03
 1357   0.24213812E+03
 1358   0.11203652E+03
 1359   0.65153070E+02
 1360   0.58902240E+02
 1361   0.50426810E+02
 1362   0.39204340E+02
 1363   0.33294440E+02
 1364   0.30844270E+02
 1365   0.20996500E+02
 1366   0.51911670E+02
 1367   0.17585727E+03
 1368   0.14756006E+03
 1369   0.84211650E+02
 1370   0.49084070E+02
 1371   0.30039600E+02
 1372   0.17982480E+02
 1373   0.10921140E+02
 1374   0.73493200E+01
 1375   0.52010700E+01
 1376   0.35263000E+01
 1377   0.11673700E+01
 1378   0.20469000E+00
 1379   0.92770000E-01
 1380   0.67660000E-01
 1381   0.50870000E-01
 1382   0.35210000E-01
 1383   0.24370000E-01
 1384   0.17560000E-01
 1385   0.13190000E-01
 1386   0.10280000E-01
 1387   0.82500000E-02
 1388   0.67700000E-02
 1389   0.56600000E-02
 1390   0.48100000E-02
 1391   0.41400000E-02
 1392   0.36000000E-02
 1393   0.31600000E-02
 1394   0.28000000E-02
 1395   0.24900000E-02
 1396   0.22400000E-02
 1397   0.20200000E-02
 1398   0.18300000E-02
 1399   0.16700000E-02
 1400   0.15200000E-02
 1401   0.14000000E-02
 1402   0.12900000E-02
 1403   0.11900000E-02
 1404   0.12300000E-02
 1405   0.18570500E+01
 1406   0.25967400E+01
 1407   0.26264400E+01
 1408   0.13817000E+01
 1409   0.60206000E+00
 1410   0.57187000E+00
 1411   0.15766000E+01
 1412   0.29051100E+01
 1413   0.45067000E+01
 1414   0.45429700E+01
 1415   0.38367800E+01
 1416   0.26596100E+01
 1417   0.12706800E+01
 1418   0.28422000E+00
 1419   0.77620000E-01
 1420   0.34970000E-01
 1421   0.20170000E-01
 1422   0.13450000E-01
 1423   0.98300000E-02
 1424   0.76300000E-02
 1425   0.61600000E-02
 1426   0.51100000E-02
 1427   0.43400000E-02
 1428   0.37300000E-02
 1429   0.32600000E-02
 1430   0.28700000E-02
 1431   0.25500000E-02
 1432   0.22800000E-02
 1433   0.20500000E-02
 1434   0.18700000E-02
 1435   0.17400000E-02
 1436   0.16600000E-02
 1437   0.16300000E-02
 1438   0.16200000E-02
 1439   0.16100000E-02
 1440   0.15700000E-02
 1441   0.15200000E-02
 1442   0.14500000E-02
 1443   0.13700000E-02
 1444   0.12800000E-02
 1445   0.11900000E-02
 1446   0.12100000E-02
 1447   0.40100000E-02
 1448   0.10820000E-01
 1449   0.34460000E-01
 1450   0.54420000E-01
 1451   0.97240000E-01
 1452   0.14924000E+00
 1453   0.12069500E+01
 1454   0.19338400E+01
 1455   0.25501900E+01
 1456   0.24780000E+01
 1457   0.15892700E+01
 1458   0.95214000E+00
 1459   0.19593000E+00
 1460   0.64530000E-01
 1461   0.29620000E-01
 1462   0.16760000E-01
 1463   0.10850000E-01
 1464   0.77100000E-02
 1465   0.58500000E-02
 1466   0.46500000E-02
 1467   0.38300000E-02
 1468   0.32300000E-02
 1469   0.27800000E-02
 1470   0.24300000E-02
 1471   0.21500000E-02
 1472   0.19200000E-02
 1473   0.17200000E-02
 1474   0.18130000E-01
 1475   0.19676000E+00
 1476   0.15919000E+00
 1477   0.90500000E-01
 1478   0.55310000E-01
 1479   0.36550000E-01
 1480   0.25710000E-01
 1481   0.18970000E-01
 1482   0.14520000E-01
 1483   0.14430000E-01
 1484   0.87294000E+00
 1485   0.53415000E+00
 1486   0.24616000E+00
 1487   0.13730000E+00
 1488   0.85490000E-01
 1489   0.59870000E-01
 1490   0.53720000E-01
 1491   0.50100000E-01
 1492   0.42140000E-01
 1493   0.32140000E-01
 1494   0.23990000E-01
 1495   0.18150000E-01
 1496   0.14050000E-01
 1497   0.11140000E-01
 1498   0.90200000E-02
 1499   0.91200000E-02
 1500   0.78600000E-02
 1501   0.22890000E-01
 1502   0.12672300E+01
 1503   0.24401500E+01
 1504   0.26284600E+01
 1505   0.14247400E+01
 1506   0.78261000E+00
 1507   0.39974000E+00
 1508   0.27606000E+00
 1509   0.17933000E+00
 1510   0.11681000E+00
 1511   0.85680000E-01
 1512   0.64490000E-01
 1513   0.65220000E-01
 1514   0.69016000E+00
 1515   0.21823400E+01
 1516   0.31555700E+01
 1517   0.22533100E+01
 1518   0.23274700E+01
 1519   0.31076700E+01
 1520   0.56861600E+01
 1521   0.67052200E+01
 1522   0.63449900E+01
 1523   0.56260500E+01
 1524   0.48715800E+01
 1525   0.41469700E+01
 1526   0.34565300E+01
 1527   0.33394300E+01
 1528   0.39147800E+01
 1529   0.54456700E+01
 1530   0.74276100E+01
 1531   0.66728000E+01
 1532   0.55575400E+01
 1533   0.48326300E+01
 1534   0.42050000E+01
 1535   0.36499600E+01
 1536   0.30069100E+01
 1537   0.26982200E+01
 1538   0.33036100E+01
 1539   0.56351200E+01
 1540   0.11546480E+02
 1541   0.66383900E+02
 1542   0.62013050E+02
 1543   0.40356520E+02
 1544   0.24739840E+02
 1545   0.15423510E+02
 1546   0.10669850E+02
 1547   0.77141500E+01
 1548   0.58361800E+01
 1549   0.51027700E+01
 1550   0.70103500E+01
 1551   0.15282220E+02
 1552   0.40928980E+02
 1553   0.83215920E+02
 1554   0.80429570E+02
 1555   0.66405580E+02
 1556   0.76742290E+02
 1557   0.10358621E+03
 1558   0.81740900E+02
 1559   0.58179400E+02
 1560   0.43408070E+02
 1561   0.37668740E+02
 1562   0.35404870E+02
 1563   0.26082990E+02
 1564   0.17372160E+02
 1565   0.11775230E+02
 1566   0.10830390E+02
 1567   0.12881660E+02
 1568   0.13388930E+02
 1569   0.14984350E+02
 1570   0.16634930E+02
 1571   0.16478230E+02
 1572   0.18514900E+02
 1573   0.44909480E+02
 1574   0.68469870E+02
 1575   0.57920250E+02
 1576   0.37940920E+02
 1577   0.23666450E+02
 1578   0.14947400E+02
 1579   0.12825440E+02
 1580   0.15063970E+02
 1581   0.44985190E+02
 1582   0.43582550E+02
 1583   0.28961590E+02
 1584   0.31012100E+02
 1585   0.71382630E+02
 1586   0.15803333E+03
 1587   0.26925426E+03
 1588   0.26903132E+03
 1589   0.15419728E+03
 1590   0.86797540E+02
 1591   0.56057260E+02
 1592   0.48210870E+02
 1593   0.60310910E+02
 1594   0.57072670E+02
 1595   0.72826290E+02
 1596   0.11569620E+03
 1597   0.12603148E+03
 1598   0.14624410E+03
 1599   0.17808213E+03
 1600   0.24085027E+03
 1601   0.48701728E+03
 1602   0.44314432E+03
 1603   0.32465438E+03
 1604   0.16757027E+03
 1605   0.13215579E+03
 1606   0.18090378E+03
 1607   0.20343316E+03
 1608   0.12391581E+03
 1609   0.69990700E+02
 1610   0.41579100E+02
 1611   0.24726570E+02
 1612   0.16944910E+02
 1613   0.16130600E+02
 1614   0.15141673E+03
 1615   0.22238074E+03
 1616   0.11097997E+03
 1617   0.63411710E+02
 1618   0.61273070E+02
 1619   0.18549123E+03
 1620   0.10617212E+03
 1621   0.58080770E+02
 1622   0.32943130E+02
 1623   0.20357680E+02
 1624   0.14882080E+02
 1625   0.10491080E+02
 1626   0.72310000E+01
 1627   0.55212200E+01
 1628   0.89925700E+01
 1629   0.17579318E+03
 1630   0.17903475E+03
 1631   0.16812634E+03
 1632   0.12027564E+03
 1633   0.11034819E+03
 1634   0.15396657E+03
 1635   0.21712181E+03
 1636   0.31420882E+03
 1637   0.39247299E+03
 1638   0.42622493E+03
 1639   0.38523908E+03
 1640   0.33930041E+03
 1641   0.21558028E+03
 1642   0.14319175E+03
 1643   0.10337676E+03
 1644   0.71585850E+02
 1645   0.56107070E+02
 1646   0.47510120E+02
 1647   0.48244980E+02
 1648   0.75451250E+02
 1649   0.74045270E+02
 1650   0.53980920E+02
 1651   0.40627010E+02
 1652   0.37708690E+02
 1653   0.59000470E+02
 1654   0.55599750E+02
 1655   0.40271780E+02
 1656   0.31653940E+02
 1657   0.34236680E+02
 1658   0.64446980E+02
 1659   0.91228010E+02
 1660   0.74485860E+02
 1661   0.90138340E+02
 1662   0.20150272E+03
 1663   0.56200604E+03
 1664   0.46228590E+03
 1665   0.26392787E+03
 1666   0.16810606E+03
 1667   0.12147965E+03
 1668   0.94875670E+02
 1669   0.80105890E+02
 1670   0.70937080E+02
 1671   0.69486990E+02
 1672   0.82200990E+02
 1673   0.11661608E+03
 1674   0.18566596E+03
 1675   0.31707365E+03
 1676   0.38346332E+03
 1677   0.29937524E+03
 1678   0.21411631E+03
 1679   0.14173377E+03
 1680   0.89988580E+02
 1681   0.60670010E+02
 1682   0.42134590E+02
 1683   0.49888890E+02
 1684   0.69666130E+02
 1685   0.58305630E+02
 1686   0.52025440E+02
 1687   0.54454120E+02
 1688   0.52305880E+02
 1689   0.38925590E+02
 1690   0.26284840E+02
 1691   0.19657050E+02
 1692   0.16630900E+02
 1693   0.11707494E+03
 1694   0.50151955E+03
 1695   0.48890326E+03
 1696   0.25261598E+03
 1697   0.12457568E+03
 1698   0.65480520E+02
 1699   0.37029400E+02
 1700   0.21402440E+02
 1701   0.12582600E+02
 1702   0.82454500E+01
 1703   0.57366600E+01
 1704   0.41170500E+01
 1705   0.20663240E+02
 1706   0.23096110E+03
 1707   0.16641165E+03
 1708   0.13168548E+03
 1709   0.11349196E+03
 1710   0.68949070E+02
 1711   0.46644290E+02
 1712   0.48611110E+02
 1713   0.41164860E+02
 1714   0.28722190E+02
 1715   0.17796960E+02
 1716   0.10980390E+02
 1717   0.91909300E+01
 1718   0.10207060E+02
 1719   0.94559600E+01
 1720   0.57445200E+01
 1721   0.21784600E+01
 1722   0.70369000E+00
 1723   0.20587000E+00
 1724   0.10496000E+01
 1725   0.12434800E+01
 1726   0.10617100E+01
 1727   0.75607000E+00
 1728   0.33397000E+00
 1729   0.14038000E+00
 1730   0.62220000E-01
 1731   0.32880000E-01
 1732   0.20320000E-01
 1733   0.14010000E-01
 1734   0.10390000E-01
 1735   0.80900000E-02
 1736   0.65300000E-02
 1737   0.34235000E+00
 1738   0.36565100E+01
 1739   0.67288700E+01
 1740   0.70111500E+01
 1741   0.15291970E+02
 1742   0.85579770E+02
 1743   0.16034048E+03
 1744   0.34714034E+03
 1745   0.16310966E+03
 1746   0.78891810E+02
 1747   0.43279990E+02
 1748   0.24437560E+02
 1749   0.14557740E+02
 1750   0.97686800E+01
 1751   0.68582000E+01
 1752   0.50184300E+01
 1753   0.34163200E+01
 1754   0.14096800E+01
 1755   0.41020000E+00
 1756   0.12191000E+00
 1757   0.64020000E-01
 1758   0.47135000E+00
 1759   0.54853000E+00
 1760   0.33476000E+00
 1761   0.16101000E+00
 1762   0.68270000E-01
 1763   0.32520000E-01
 1764   0.18150000E-01
 1765   0.48006000E+00
 1766   0.25048000E+01
 1767   0.33031300E+01
 1768   0.16442000E+01
 1769   0.54527000E+00
 1770   0.20950000E+00
 1771   0.12712000E+00
 1772   0.79990000E-01
 1773   0.51350000E-01
 1774   0.34790000E-01
 1775   0.24880000E-01
 1776   0.18600000E-01
 1777   0.14400000E-01
 1778   0.11450000E-01
 1779   0.93100000E-02
 1780   0.77100000E-02
 1781   0.64800000E-02
 1782   0.55200000E-02
 1783   0.47500000E-02
 1784   0.41300000E-02
 1785   0.36200000E-02
 1786   0.32000000E-02
 1787   0.28400000E-02
 1788   0.25400000E-02
 1789   0.22900000E-02
 1790   0.20700000E-02
 1791   0.18800000E-02
 1792   0.17100000E-02
 1793   0.15600000E-02
 1794   0.14400000E-02
 1795   0.13200000E-02
 1796   0.12200000E-02
 1797   0.11300000E-02
 1798   0.10500000E-02
 1799   0.98000000E-03
 1800   0.91000000E-03
 1801   0.86000000E-03
 1802   0.80000000E-03
 1803   0.75000000E-03
 1804   0.71000000E-03
 1805   0.67000000E-03
 1806   0.63000000E-03
 1807   0.60000000E-03
 1808   0.56000000E-03
 1809   0.53000000E-03
 1810   0.51000000E-03
 1811   0.48000000E-03
 1812   0.46000000E-03
 1813   0.44000000E-03
 1814   0.42000000E-03
 1815   0.40000000E-03
 1816   0.38000000E-03
 1817   0.36000000E-03
 1818   0.35000000E-03
 1819   0.14820300E+01
 1820   0.63314000E+01
 1821   0.16629260E+02
 1822   0.34097440E+02
 1823   0.58866240E+02
 1824   0.41730690E+02
 1825   0.26241340E+02
 1826   0.16387820E+02
 1827   0.11172260E+02
 1828   0.71844800E+01
 1829   0.51038300E+01
 1830   0.39041700E+01
 1831   0.26526100E+01
 1832   0.12616800E+01
 1833   0.51383000E+00
 1834   0.24561000E+00
 1835   0.13462000E+00
 1836   0.66890000E-01
 1837   0.38070000E-01
 1838   0.24540000E-01
 1839   0.17260000E-01
 1840   0.12890000E-01
 1841   0.10040000E-01
 1842   0.80600000E-02
 1843   0.66200000E-02
 1844   0.55500000E-02
 1845   0.47200000E-02
 1846   0.40600000E-02
 1847   0.35400000E-02
 1848   0.31000000E-02
 1849   0.64395100E+01
 1850   0.40227650E+02
 1851   0.44160210E+02
 1852   0.29788840E+02
 1853   0.19332900E+02
 1854   0.12939220E+02
 1855   0.87992100E+01
 1856   0.67768200E+01
 1857   0.55452100E+01
 1858   0.45000500E+01
 1859   0.27153600E+01
 1860   0.98261000E+00
 1861   0.34763000E+00
 1862   0.18497000E+00
 1863   0.10816000E+00
 1864   0.65360000E-01
 1865   0.40730000E-01
 1866   0.26770000E-01
 1867   0.18700000E-01
 1868   0.37490000E-01
 1869   0.20574000E+00
 1870   0.17230000E+00
 1871   0.10012000E+00
 1872   0.61230000E-01
 1873   0.40280000E-01
 1874   0.28330000E-01
 1875   0.49590000E-01
 1876   0.73050000E-01
 1877   0.10139700E+01
 1878   0.13791300E+01
 1879   0.15207700E+01
 1880   0.25226800E+01
 1881   0.44687200E+01
 1882   0.61213200E+01
 1883   0.57897100E+01
 1884   0.49174200E+01
 1885   0.40570600E+01
 1886   0.29171900E+01
 1887   0.14883000E+01
 1888   0.83569000E+00
 1889   0.16577000E+00
 1890   0.57430000E-01
 1891   0.27140000E-01
 1892   0.28550000E-01
 1893   0.96600000E-01
 1894   0.60636000E+00
 1895   0.56398000E+00
 1896   0.51606000E+00
 1897   0.46553000E+00
 1898   0.20902100E+01
 1899   0.39534800E+01
 1900   0.38782000E+01
 1901   0.43013500E+01
 1902   0.59009100E+01
 1903   0.61684600E+01
 1904   0.52722700E+01
 1905   0.45842800E+01
 1906   0.43987000E+01
 1907   0.43342700E+01
 1908   0.38197400E+01
 1909   0.27130300E+01
 1910   0.14062900E+01
 1911   0.89859000E+00
 1912   0.45775000E+00
 1913   0.28452000E+00
 1914   0.26572900E+01
 1915   0.11445700E+02
 1916   0.64550290E+02
 1917   0.88434140E+02
 1918   0.67630210E+02
 1919   0.45658080E+02
 1920   0.27626590E+02
 1921   0.17320530E+02
 1922   0.12756420E+02
 1923   0.10237660E+02
 1924   0.90277700E+01
 1925   0.81359700E+01
 1926   0.83970000E+01
 1927   0.13839860E+02
 1928   0.15089770E+02
 1929   0.11461260E+02
 1930   0.77621700E+01
 1931   0.56603900E+01
 1932   0.53965300E+01
 1933   0.69101700E+01
 1934   0.64006300E+01
 1935   0.47185500E+01
 1936   0.33713000E+01
 1937   0.23032900E+01
 1938   0.19257400E+01
 1939   0.19253700E+01
 1940   0.20034500E+01
 1941   0.16633700E+01
 1942   0.27713100E+01
 1943   0.34423800E+01
 1944   0.77223100E+01
 1945   0.45711940E+02
 1946   0.63959430E+02
 1947   0.53160400E+02
 1948   0.36825340E+02
 1949   0.24194590E+02
 1950   0.15071760E+02
 1951   0.81733800E+01
 1952   0.48556700E+01
 1953   0.24598500E+01
 1954   0.41769700E+01
 1955   0.89372200E+01
 1956   0.99101300E+01
 1957   0.65141800E+01
 1958   0.28059800E+01
 1959   0.25469400E+01
 1960   0.43972100E+01
 1961   0.36563600E+01
 1962   0.11929900E+01
 1963   0.31621000E+00
 1964   0.18513000E+00
 1965   0.13641000E+00
 1966   0.99440000E-01
 1967   0.86020000E-01
 1968   0.35110200E+01
 1969   0.54274960E+02
 1970   0.61966080E+02
 1971   0.59492100E+02
 1972   0.56296620E+02
 1973   0.46445240E+02
 1974   0.32928570E+02
 1975   0.28808580E+02
 1976   0.25841973E+03
 1977   0.15668767E+03
 1978   0.10812499E+03
 1979   0.95028740E+02
 1980   0.13656403E+03
 1981   0.22542022E+03
 1982   0.27236170E+03
 1983   0.18296943E+03
 1984   0.98361660E+02
 1985   0.61797590E+02
 1986   0.11702002E+03
 1987   0.36978463E+03
 1988   0.34508537E+03
 1989   0.36232655E+03
 1990   0.32415039E+03
 1991   0.20044531E+03
 1992   0.11865427E+03
 1993   0.75965650E+02
 1994   0.87117520E+02
 1995   0.31777696E+03
 1996   0.33132809E+03
 1997   0.22139029E+03
 1998   0.16046255E+03
 1999   0.12041196E+03
 2000   0.96414170E+02
 2001   0.86633570E+02
 2002   0.54663630E+02
 2003   0.34723520E+02
 2004   0.23669960E+02
 2005   0.23301460E+02
 2006   0.17912477E+03
 2007   0.64800114E+03
 2008   0.85107200E+03
 2009   0.10158894E+04
 2010   0.10987896E+04
 2011   0.76918060E+03
 2012   0.92984831E+03
 2013   0.55478331E+03
 2014   0.27700254E+03
 2015   0.24660523E+03
 2016   0.33292371E+03
 2017   0.26610864E+03
 2018   0.15309517E+03
 2019   0.92725130E+02
 2020   0.66019200E+02
 2021   0.53664500E+02
 2022   0.40928160E+02
 2023   0.26753950E+02
 2024   0.17113500E+02
 2025   0.10662580E+02
 2026   0.11458520E+02
 2027   0.21234010E+02
 2028   0.27776080E+02
 2029   0.39683780E+02
 2030   0.52617700E+02
 2031   0.15260913E+03
 2032   0.39163105E+03
 2033   0.52573982E+03
 2034   0.49507117E+03
 2035   0.41591401E+03
 2036   0.35505247E+03
 2037   0.30983757E+03
 2038   0.16436125E+03
 2039   0.85138000E+02
 2040   0.68611250E+02
 2041   0.14134131E+03
 2042   0.27229743E+03
 2043   0.25221966E+03
 2044   0.13206316E+03
 2045   0.69761100E+02
 2046   0.45063370E+02
 2047   0.29779820E+02
 2048   0.19718920E+02
 2049   0.12810600E+02
 2050   0.96565200E+01
 2051   0.12220380E+02
 2052   0.24264490E+02
 2053   0.46036010E+02
 2054   0.51361360E+02
 2055   0.54973740E+02
 2056   0.87664510E+02
 2057   0.11695271E+03
 2058   0.15977953E+03
 2059   0.13398255E+03
 2060   0.10562339E+03
 2061   0.95057490E+02
 2062   0.68230960E+02
 2063   0.41121310E+02
 2064   0.30800460E+02
 2065   0.28999120E+02
 2066   0.25059090E+02
 2067   0.23161670E+02
 2068   0.24937800E+02
 2069   0.74925900E+02
 2070   0.66905070E+02
 2071   0.40164400E+02
 2072   0.24486570E+02
 2073   0.14798030E+02
 2074   0.74344100E+01
 2075   0.31185000E+01
 2076   0.21882390E+02
 2077   0.56706560E+02
 2078   0.63530040E+02
 2079   0.53756680E+02
 2080   0.38317710E+02
 2081   0.25421720E+02
 2082   0.15705210E+02
 2083   0.93930600E+01
 2084   0.57124300E+01
 2085   0.35535500E+01
 2086   0.15529200E+01
 2087   0.66248000E+00
 2088   0.17511000E+00
 2089   0.90700000E-01
 2090   0.60960000E-01
 2091   0.41330000E-01
 2092   0.27007200E+01
 2093   0.73986900E+01
 2094   0.38421940E+02
 2095   0.15122271E+03
 2096   0.11563482E+03
 2097   0.76253390E+02
 2098   0.57278660E+02
 2099   0.73084820E+02
 2100   0.70811850E+02
 2101   0.63917910E+02
 2102   0.78707950E+02
 2103   0.67274630E+02
 2104   0.45056790E+02
 2105   0.30928680E+02
 2106   0.26725740E+02
 2107   0.21215330E+02
 2108   0.14293580E+02
 2109   0.96767100E+01
 2110   0.69803800E+01
 2111   0.52430200E+01
 2112   0.37964300E+01
 2113   0.17271500E+01
 2114   0.86866000E+00
 2115   0.28259000E+00
 2116   0.17467000E+00
 2117   0.11671000E+00
 2118   0.74170000E-01
 2119   0.48280000E-01
 2120   0.33080000E-01
 2121   0.23790000E-01
 2122   0.17810000E-01
 2123   0.13770000E-01
 2124   0.10940000E-01
 2125   0.88800000E-02
 2126   0.73400000E-02
 2127   0.61600000E-02
 2128   0.52400000E-02
 2129   0.45100000E-02
 2130   0.39200000E-02
 2131   0.34400000E-02
 2132   0.30300000E-02
 2133   0.27000000E-02
 2134   0.24100000E-02
 2135   0.21700000E-02
 2136   0.19600000E-02
 2137   0.17800000E-02
 2138   0.16300000E-02
 2139   0.14900000E-02
 2140   0.13700000E-02
 2141   0.12600000E-02
 2142   0.11700000E-02
 2143   0.10800000E-02
 2144   0.10100000E-02
 2145   0.94000000E-03
 2146   0.88000000E-03
 2147   0.82000000E-03
 2148   0.77000000E-03
 2149   0.72000000E-03
 2150   0.68000000E-03
 2151   0.64000000E-03
 2152   0.60000000E-03
 2153   0.57000000E-03
 2154   0.54000000E-03
 2155   0.51000000E-03
 2156   0.49000000E-03
 2157   0.46000000E-03
 2158   0.44000000E-03
 2159   0.42000000E-03
 2160   0.40000000E-03
 2161   0.38000000E-03
 2162   0.37000000E-03
 2163   0.35000000E-03
 2164   0.34000000E-03
 2165   0.32000000E-03
 2166   0.31000000E-03
 2167   0.30000000E-03
 2168   0.28000000E-03
 2169   0.27000000E-03
 2170   0.26000000E-03
 2171   0.25000000E-03
 2172   0.24000000E-03
 2173   0.24000000E-03
 2174   0.23000000E-03
 2175   0.22000000E-03
 2176   0.21000000E-03
 2177   0.20000000E-03
 2178   0.20000000E-03
 2179   0.19000000E-03
 2180   0.19000000E-03
 2181   0.18000000E-03
 2182   0.17000000E-03
 2183   0.17000000E-03
 2184   0.16000000E-03
 2185   0.16000000E-03
 2186   0.15000000E-03
 2187   0.15000000E-03
 2188   0.15000000E-03
 2189   0.14000000E-03
 2190   0.14000000E-03
 2191   0.13000000E-03
 2192   0.13000000E-03
 2193   0.13000000E-03
 2194   0.12000000E-03
 2195   0.12000000E-03
 2196   0.30900000E-02
 2197   0.16296000E+00
 2198   0.22986400E+01
 2199   0.29530000E+01
 2200   0.44835700E+01
 2201   0.16737060E+02
 2202   0.18441020E+02
 2203   0.13808750E+02
 2204   0.10156310E+02
 2205   0.77679200E+01
 2206   0.82797700E+01
 2207   0.83292000E+01
 2208   0.69162300E+01
 2209   0.51408900E+01
 2210   0.34838700E+01
 2211   0.23924200E+01
 2212   0.20184600E+01
 2213   0.21346600E+01
 2214   0.21352800E+01
 2215   0.17603500E+01
 2216   0.12574100E+01
 2217   0.35219000E+00
 2218   0.11319000E+00
 2219   0.64860000E-01
 2220   0.43060000E-01
 2221   0.30320000E-01
 2222   0.22240000E-01
 2223   0.26998000E+00
 2224   0.74465000E+00
 2225   0.68020000E+00
 2226   0.55615000E+00
 2227   0.43359000E+00
 2228   0.20164000E+00
 2229   0.66710000E-01
 2230   0.29500000E-01
 2231   0.16030000E-01
 2232   0.99800000E-02
 2233   0.68300000E-02
 2234   0.50100000E-02
 2235   0.38800000E-02
 2236   0.31200000E-02
 2237   0.26000000E-02
 2238   0.22100000E-02
 2239   0.19200000E-02
 2240   0.17000000E-02
 2241   0.15100000E-02
 2242   0.13700000E-02
 2243   0.12400000E-02
 2244   0.18079000E+01
 2245   0.30361300E+01
 2246   0.34978400E+01
 2247   0.48052500E+01
 2248   0.49744600E+01
 2249   0.47358200E+01
 2250   0.74675000E+01
 2251   0.10789360E+02
 2252   0.11987570E+02
 2253   0.12388050E+02
 2254   0.13404780E+02
 2255   0.12886410E+02
 2256   0.10715200E+02
 2257   0.88058700E+01
 2258   0.63722200E+01
 2259   0.46628000E+01
 2260   0.33841500E+01
 2261   0.18403900E+01
 2262   0.10663400E+01
 2263   0.33627900E+01
 2264   0.82597500E+01
 2265   0.10444100E+02
 2266   0.15354570E+02
 2267   0.62956890E+02
 2268   0.72192420E+02
 2269   0.49837680E+02
 2270   0.32545360E+02
 2271   0.21450420E+02
 2272   0.18563660E+02
 2273   0.29039730E+02
 2274   0.58383130E+02
 2275   0.87299960E+02
 2276   0.88305770E+02
 2277   0.74078820E+02
 2278   0.56891490E+02
 2279   0.45113120E+02
 2280   0.35599230E+02
 2281   0.26388000E+02
 2282   0.20060660E+02
 2283   0.18765270E+02
 2284   0.20256610E+02
 2285   0.20456100E+02
 2286   0.20175010E+02
 2287   0.20282430E+02
 2288   0.24157000E+02
 2289   0.21554410E+02
 2290   0.19266010E+02
 2291   0.19070130E+02
 2292   0.15962290E+02
 2293   0.11805410E+02
 2294   0.23550750E+02
 2295   0.23870403E+03
 2296   0.31506190E+03
 2297   0.20052060E+03
 2298   0.16282725E+03
 2299   0.20218247E+03
 2300   0.15587379E+03
 2301   0.10775541E+03
 2302   0.66273600E+02
 2303   0.41533350E+02
 2304   0.27254440E+02
 2305   0.18773830E+02
 2306   0.14244170E+02
 2307   0.12427700E+02
 2308   0.10473890E+02
 2309   0.73711200E+01
 2310   0.48347400E+01
 2311   0.31826300E+01
 2312   0.31213500E+01
 2313   0.89623100E+01
 2314   0.41562460E+02
 2315   0.79333060E+02
 2316   0.81628820E+02
 2317   0.16588792E+03
 2318   0.25844019E+03
 2319   0.17840577E+03
 2320   0.98690610E+02
 2321   0.68542390E+02
 2322   0.86559720E+02
 2323   0.97278480E+02
 2324   0.67400450E+02
 2325   0.43266920E+02
 2326   0.28448610E+02
 2327   0.18524680E+02
 2328   0.17216990E+02
 2329   0.26305870E+02
 2330   0.43226360E+02
 2331   0.40264940E+02
 2332   0.32324980E+02
 2333   0.32081080E+02
 2334   0.43873890E+02
 2335   0.60932910E+02
 2336   0.70501010E+02
 2337   0.75921510E+02
 2338   0.63471390E+02
 2339   0.49160490E+02
 2340   0.40612530E+02
 2341   0.38677090E+02
 2342   0.35423220E+02
 2343   0.43652370E+02
 2344   0.63634460E+02
 2345   0.62431530E+02
 2346   0.46609300E+02
 2347   0.32062060E+02
 2348   0.22107940E+02
 2349   0.16901530E+02
 2350   0.24549970E+02
 2351   0.10978744E+03
 2352   0.10039801E+03
 2353   0.80365370E+02
 2354   0.68502510E+02
 2355   0.60213260E+02
 2356   0.63309940E+02
 2357   0.12600962E+03
 2358   0.20476988E+03
 2359   0.29439702E+03
 2360   0.44430317E+03
 2361   0.33245070E+03
 2362   0.26392603E+03
 2363   0.31191537E+03
 2364   0.44905463E+03
 2365   0.36717660E+03
 2366   0.48760875E+03
 2367   0.67537780E+03
 2368   0.78143071E+03
 2369   0.88305310E+03
 2370   0.42041132E+03
 2371   0.18347410E+03
 2372   0.46928649E+03
 2373   0.68309838E+03
 2374   0.83514404E+03
 2375   0.45202033E+03
 2376   0.63457446E+03
 2377   0.11246390E+04
 2378   0.60904762E+03
 2379   0.45416040E+03
 2380   0.36581319E+03
 2381   0.24416474E+03
 2382   0.24074116E+03
 2383   0.24318586E+03
 2384   0.17766876E+03
 2385   0.11955852E+03
 2386   0.10118154E+03
 2387   0.10624509E+03
 2388   0.90061920E+02
 2389   0.68902920E+02
 2390   0.74524760E+02
 2391   0.71646200E+02
 2392   0.52590240E+02
 2393   0.41137250E+02
 2394   0.34594630E+02
 2395   0.29437550E+02
 2396   0.25371330E+02
 2397   0.23961610E+02
 2398   0.25048660E+02
 2399   0.25618830E+02
 2400   0.24808110E+02
 2401   0.25788250E+02
 2402   0.43436310E+02
 2403   0.59679660E+02
 2404   0.52950810E+02
 2405   0.38072010E+02
 2406   0.24459600E+02
 2407   0.15937890E+02
 2408   0.21267000E+02
 2409   0.50790450E+02
 2410   0.12536646E+03
 2411   0.11100277E+03
 2412   0.90116590E+02
 2413   0.82997960E+02
 2414   0.59983320E+02
 2415   0.69287780E+02
 2416   0.16047233E+03
 2417   0.85515680E+02
 2418   0.45281280E+02
 2419   0.25686290E+02
 2420   0.14658880E+02
 2421   0.92317300E+01
 2422   0.12056760E+02
 2423   0.84556560E+02
 2424   0.12459325E+03
 2425   0.92062730E+02
 2426   0.65469620E+02
 2427   0.45743140E+02
 2428   0.51866880E+02
 2429   0.24977026E+03
 2430   0.34288745E+03
 2431   0.17217000E+03
 2432   0.88388110E+02
 2433   0.56788530E+02
 2434   0.46253370E+02
 2435   0.24423534E+03
 2436   0.25164362E+03
 2437   0.21309903E+03
 2438   0.22222592E+03
 2439   0.14375766E+03
 2440   0.82701960E+02
 2441   0.11158094E+03
 2442   0.80966600E+03
 2443   0.89994600E+03
 2444   0.36826133E+03
 2445   0.20878366E+03
 2446   0.13210110E+03
 2447   0.77257460E+02
 2448   0.49724310E+02
 2449   0.33504890E+02
 2450   0.22186290E+02
 2451   0.14060900E+02
 2452   0.91697400E+01
 2453   0.99279000E+01
 2454   0.30430820E+02
 2455   0.37900810E+02
 2456   0.26086170E+02
 2457   0.16204600E+02
 2458   0.95538600E+01
 2459   0.68138400E+01
 2460   0.67880600E+01
 2461   0.61473100E+01
 2462   0.48985700E+01
 2463   0.29451400E+01
 2464   0.10007700E+01
 2465   0.25629000E+00
 2466   0.12448000E+00
 2467   0.65760000E-01
 2468   0.38590000E-01
 2469   0.25100000E-01
 2470   0.17640000E-01
 2471   0.16400000E-01
 2472   0.98250000E-01
 2473   0.82780000E-01
 2474   0.43200000E-01
 2475   0.23430000E-01
 2476   0.14110000E-01
 2477   0.93300000E-02
 2478   0.66500000E-02
 2479   0.50200000E-02
 2480   0.39700000E-02
 2481   0.32500000E-02
 2482   0.27400000E-02
 2483   0.23600000E-02
 2484   0.20600000E-02
 2485   0.18300000E-02
 2486   0.16400000E-02
 2487   0.14800000E-02
 2488   0.13500000E-02
 2489   0.12300000E-02
 2490   0.11300000E-02
 2491   0.10500000E-02
 2492   0.97000000E-03
 2493   0.90000000E-03
 2494   0.84000000E-03
 2495   0.79000000E-03
 2496   0.74000000E-03
 2497   0.69000000E-03
 2498   0.65000000E-03
 2499   0.62000000E-03
 2500   0.58000000E-03
 2501   0.55000000E-03
 2502   0.52000000E-03
 2503   0.49000000E-03
 2504   0.47000000E-03
 2505   0.84000000E-03
 2506   0.96000000E-03
 2507   0.10900000E-02
 2508   0.33500000E-02
 2509   0.17740000E-01
 2510   0.22260000E-01
 2511   0.18250000E-01
 2512   0.14050000E-01
 2513   0.11400000E-01
 2514   0.10040000E-01
 2515   0.93700000E-02
 2516   0.11950000E-01
 2517   0.12890000E-01
 2518   0.10650000E-01
 2519   0.81500000E-02
 2520   0.62300000E-02
 2521   0.48700000E-02
 2522   0.39000000E-02
 2523   0.32000000E-02
 2524   0.26800000E-02
 2525   0.22900000E-02
 2526   0.19800000E-02
 2527   0.17300000E-02
 2528   0.15300000E-02
 2529   0.13700000E-02
 2530   0.12300000E-02
 2531   0.11100000E-02
 2532   0.10100000E-02
 2533   0.93000000E-03
 2534   0.85000000E-03
 2535   0.11490000E-01
 2536   0.18037900E+01
 2537   0.27379800E+01
 2538   0.17701300E+01
 2539   0.93070000E+00
 2540   0.30244000E+00
 2541   0.17755000E+00
 2542   0.10210000E+00
 2543   0.62850000E-01
 2544   0.47310000E-01
 2545   0.25685600E+01
 2546   0.71075600E+01
 2547   0.13131480E+02
 2548   0.32550310E+02
 2549   0.65544540E+02
 2550   0.69341430E+02
 2551   0.79085350E+02
 2552   0.53736000E+02
 2553   0.35847570E+02
 2554   0.23887050E+02
 2555   0.15521730E+02
 2556   0.97825100E+01
 2557   0.67375700E+01
 2558   0.51007700E+01
 2559   0.39085800E+01
 2560   0.23455500E+01
 2561   0.11245200E+01
 2562   0.33422000E+00
 2563   0.14178000E+00
 2564   0.77640000E-01
 2565   0.48620000E-01
 2566   0.32230000E-01
 2567   0.23230000E-01
 2568   0.17900000E-01
 2569   0.14230000E-01
 2570   0.11460000E-01
 2571   0.93300000E-02
 2572   0.76900000E-02
 2573   0.64200000E-02
 2574   0.54200000E-02
 2575   0.56841000E+00
 2576   0.25084600E+01
 2577   0.31222600E+01
 2578   0.21286400E+01
 2579   0.13861100E+01
 2580   0.89447000E+00
 2581   0.35875000E+00
 2582   0.24709000E+00
 2583   0.18246000E+00
 2584   0.12862000E+00
 2585   0.93730000E-01
 2586   0.80770000E-01
 2587   0.75756000E+00
 2588   0.19209700E+01
 2589   0.61125400E+01
 2590   0.12919710E+02
 2591   0.16006720E+02
 2592   0.14545400E+02
 2593   0.11441910E+02
 2594   0.83908900E+01
 2595   0.63831900E+01
 2596   0.51165000E+01
 2597   0.36627100E+01
 2598   0.18543500E+01
 2599   0.11309900E+01
 2600   0.51502000E+00
 2601   0.12865200E+01
 2602   0.33281500E+01
 2603   0.39276200E+01
 2604   0.15879600E+01
 2605   0.81900000E+00
 2606   0.64729000E+00
 2607   0.12058200E+01
 2608   0.29398000E+01
 2609   0.44056300E+01
 2610   0.52963100E+01
 2611   0.74092100E+01
 2612   0.14073180E+02
 2613   0.12898950E+02
 2614   0.99418800E+01
 2615   0.74987600E+01
 2616   0.57299300E+01
 2617   0.40589900E+01
 2618   0.34507100E+01
 2619   0.47120600E+01
 2620   0.19697520E+02
 2621   0.82696460E+02
 2622   0.75811450E+02
 2623   0.55148600E+02
 2624   0.39066590E+02
 2625   0.29598430E+02
 2626   0.27771260E+02
 2627   0.28240930E+02
 2628   0.42994710E+02
 2629   0.46075480E+02
 2630   0.40892220E+02
 2631   0.40007020E+02
 2632   0.55547480E+02
 2633   0.52442860E+02
 2634   0.36619550E+02
 2635   0.23708980E+02
 2636   0.15498090E+02
 2637   0.10776640E+02
 2638   0.71698100E+01
 2639   0.51080400E+01
 2640   0.37644800E+01
 2641   0.21261700E+01
 2642   0.10525500E+01
 2643   0.29087000E+00
 2644   0.11845000E+00
 2645   0.43705300E+01
 2646   0.57412130E+02
 2647   0.30790286E+03
 2648   0.30158584E+03
 2649   0.18709193E+03
 2650   0.11438172E+03
 2651   0.71573580E+02
 2652   0.44661280E+02
 2653   0.27422840E+02
 2654   0.16631490E+02
 2655   0.10857800E+02
 2656   0.76076800E+01
 2657   0.55316300E+01
 2658   0.33844900E+01
 2659   0.12253000E+01
 2660   0.47002000E+00
 2661   0.21607000E+00
 2662   0.14801500E+01
 2663   0.48743500E+01
 2664   0.13588510E+02
 2665   0.30472880E+02
 2666   0.42779380E+02
 2667   0.53237800E+02
 2668   0.86592850E+02
 2669   0.10368423E+03
 2670   0.98896220E+02
 2671   0.69120940E+02
 2672   0.42654970E+02
 2673   0.25759150E+02
 2674   0.15934760E+02
 2675   0.10891480E+02
 2676   0.77536000E+01
 2677   0.56991100E+01
 2678   0.42122000E+01
 2679   0.15495600E+01
 2680   0.29891000E+00
 2681   0.94050000E-01
 2682   0.60970000E-01
 2683   0.41290000E-01
 2684   0.28060000E-01
 2685   0.22880000E-01
 2686   0.26008500E+01
 2687   0.22314530E+02
 2688   0.12059062E+03
 2689   0.16012729E+03
 2690   0.28301778E+03
 2691   0.42250320E+03
 2692   0.26316947E+03
 2693   0.13457133E+03
 2694   0.72359250E+02
 2695   0.44163080E+02
 2696   0.17762748E+03
 2697   0.15932397E+03
 2698   0.15063276E+03
 2699   0.14197990E+03
 2700   0.12341951E+03
 2701   0.76092060E+02
 2702   0.44221910E+02
 2703   0.25376740E+02
 2704   0.16346410E+02
 2705   0.31931910E+02
 2706   0.70676760E+02
 2707   0.12457282E+03
 2708   0.87885920E+02
 2709   0.18744533E+03
 2710   0.42542652E+03
 2711   0.21718945E+03
 2712   0.10710288E+03
 2713   0.60197660E+02
 2714   0.10215549E+03
 2715   0.43499932E+03
 2716   0.40401433E+03
 2717   0.29763665E+03
 2718   0.33734473E+03
 2719   0.34378251E+03
 2720   0.27297137E+03
 2721   0.21237076E+03
 2722   0.18334531E+03
 2723   0.17091127E+03
 2724   0.15496470E+03
 2725   0.21649959E+03
 2726   0.36436444E+03
 2727   0.31113288E+03
 2728   0.46944433E+03
 2729   0.42143609E+03
 2730   0.40260181E+03
 2731   0.28796748E+03
 2732   0.26850787E+03
 2733   0.34813162E+03
 2734   0.88470063E+03
 2735   0.55540144E+03
 2736   0.11099994E+04
 2737   0.52679084E+03
 2738   0.29499072E+03
 2739   0.15014200E+03
 2740   0.81227820E+02
 2741   0.46857630E+02
 2742   0.35333120E+02
 2743   0.28266510E+02
 2744   0.21936830E+02
 2745   0.20672080E+02
 2746   0.30953550E+02
 2747   0.60195810E+02
 2748   0.65307900E+02
 2749   0.71008600E+02
 2750   0.84459530E+02
 2751   0.77482230E+02
 2752   0.63997150E+02
 2753   0.67091940E+02
 2754   0.58343220E+02
 2755   0.38732680E+02
 2756   0.23487330E+02
 2757   0.36152840E+02
 2758   0.11767070E+03
 2759   0.19613992E+03
 2760   0.14663168E+03
 2761   0.13399161E+03
 2762   0.14327687E+03
 2763   0.12464456E+03
 2764   0.11423824E+03
 2765   0.10977978E+03
 2766   0.69213760E+02
 2767   0.38484570E+02
 2768   0.22829000E+02
 2769   0.20495520E+02
 2770   0.13201742E+03
 2771   0.20378860E+03
 2772   0.10072306E+03
 2773   0.10700541E+03
 2774   0.12403789E+03
 2775   0.94628970E+02
 2776   0.87787190E+02
 2777   0.13062257E+03
 2778   0.15821708E+03
 2779   0.11405231E+03
 2780   0.72263780E+02
 2781   0.42908660E+02
 2782   0.26663890E+02
 2783   0.24180320E+02
 2784   0.30104550E+02
 2785   0.67642240E+02
 2786   0.22591125E+03
 2787   0.20559908E+03
 2788   0.16468020E+03
 2789   0.15497887E+03
 2790   0.10859574E+03
 2791   0.69239400E+02
 2792   0.45158920E+02
 2793   0.35870260E+02
 2794   0.31829290E+02
 2795   0.32467020E+02
 2796   0.27751440E+02
 2797   0.20014890E+02
 2798   0.14702420E+02
 2799   0.11614680E+02
 2800   0.34214230E+02
 2801   0.51482330E+02
 2802   0.52599750E+02
 2803   0.39606210E+02
 2804   0.32728760E+02
 2805   0.56177170E+02
 2806   0.10144704E+03
 2807   0.11522539E+03
 2808   0.11433545E+03
 2809   0.15430249E+03
 2810   0.90228840E+02
 2811   0.50292120E+02
 2812   0.26876640E+02
 2813   0.15332550E+02
 2814   0.10172040E+02
 2815   0.71091600E+01
 2816   0.55182500E+01
 2817   0.51762600E+01
 2818   0.48903400E+01
 2819   0.26344200E+01
 2820   0.84793000E+00
 2821   0.18651000E+00
 2822   0.11189000E+00
 2823   0.80940000E-01
 2824   0.56820000E-01
 2825   0.38510000E-01
 2826   0.26910000E-01
 2827   0.19670000E-01
 2828   0.14970000E-01
 2829   0.11760000E-01
 2830   0.94800000E-02
 2831   0.78100000E-02
 2832   0.65300000E-02
 2833   0.55400000E-02
 2834   0.47600000E-02
 2835   0.41300000E-02
 2836   0.36200000E-02
 2837   0.31900000E-02
 2838   0.28400000E-02
 2839   0.25400000E-02
 2840   0.22800000E-02
 2841   0.20600000E-02
 2842   0.18700000E-02
 2843   0.17000000E-02
 2844   0.15600000E-02
 2845   0.14300000E-02
 2846   0.13200000E-02
 2847   0.12200000E-02
 2848   0.11300000E-02
 2849   0.10500000E-02
 2850   0.98000000E-03
 2851   0.91000000E-03
 2852   0.85000000E-03
 2853   0.80000000E-03
 2854   0.75000000E-03
 2855   0.71000000E-03
 2856   0.66000000E-03
 2857   0.25450000E-01
 2858   0.13507500E+01
 2859   0.77493000E+00
 2860   0.21841000E+00
 2861   0.10961000E+00
 2862   0.64840000E-01
 2863   0.42420000E-01
 2864   0.29720000E-01
 2865   0.21880000E-01
 2866   0.16720000E-01
 2867   0.13150000E-01
 2868   0.10590000E-01
 2869   0.87000000E-02
 2870   0.72500000E-02
 2871   0.61400000E-02
 2872   0.52500000E-02
 2873   0.45400000E-02
 2874   0.39600000E-02
 2875   0.34800000E-02
 2876   0.30800000E-02
 2877   0.27500000E-02
 2878   0.24600000E-02
 2879   0.22200000E-02
 2880   0.20100000E-02
 2881   0.18300000E-02
 2882   0.16700000E-02
 2883   0.15300000E-02
 2884   0.14000000E-02
 2885   0.12900000E-02
 2886   0.12000000E-02
 2887   0.11100000E-02
 2888   0.10300000E-02
 2889   0.96000000E-03
 2890   0.90000000E-03
 2891   0.84000000E-03
 2892   0.79000000E-03
 2893   0.74000000E-03
 2894   0.70000000E-03
 2895   0.66000000E-03
 2896   0.62000000E-03
 2897   0.59000000E-03
 2898   0.56000000E-03
 2899   0.53000000E-03
 2900   0.50000000E-03
 2901   0.47000000E-03
 2902   0.45000000E-03
 2903   0.43000000E-03
 2904   0.41000000E-03
 2905   0.39000000E-03
 2906   0.37000000E-03
 2907   0.36000000E-03
 2908   0.34000000E-03
 2909   0.33000000E-03
 2910   0.32000000E-03
 2911   0.30000000E-03
 2912   0.29000000E-03
 2913   0.46944000E+00
 2914   0.23426200E+01
 2915   0.23240800E+01
 2916   0.27480900E+01
 2917   0.16450030E+02
 2918   0.18091510E+02
 2919   0.13460830E+02
 2920   0.10013150E+02
 2921   0.76646600E+01
 2922   0.59673100E+01
 2923   0.46285000E+01
 2924   0.33125900E+01
 2925   0.14983700E+01
 2926   0.10926900E+01
 2927   0.68236000E+00
 2928   0.87711000E+00
 2929   0.37297600E+01
 2930   0.20255690E+02
 2931   0.41933460E+02
 2932   0.43179170E+02
 2933   0.39886060E+02
 2934   0.29202280E+02
 2935   0.17623790E+02
 2936   0.11309070E+02
 2937   0.81206500E+01
 2938   0.60778100E+01
 2939   0.45746300E+01
 2940   0.29672400E+01
 2941   0.13008400E+01
 2942   0.51031000E+00
 2943   0.16307000E+00
 2944   0.84480000E-01
 2945   0.55050000E-01
 2946   0.36630000E-01
 2947   0.25140000E-01
 2948   0.18150000E-01
 2949   0.13730000E-01
 2950   0.10790000E-01
 2951   0.87300000E-02
 2952   0.72100000E-02
 2953   0.60600000E-02
 2954   0.51700000E-02
 2955   0.44500000E-02
 2956   0.24650000E-01
 2957   0.18105400E+01
 2958   0.17814300E+01
 2959   0.91711000E+00
 2960   0.32225000E+00
 2961   0.24027000E+00
 2962   0.17298000E+00
 2963   0.12629000E+00
 2964   0.12197000E+00
 2965   0.93869000E+00
 2966   0.54892000E+00
 2967   0.18682400E+01
 2968   0.25977200E+01
 2969   0.11658700E+01
 2970   0.29193000E+01
 2971   0.67811800E+01
 2972   0.87752500E+01
 2973   0.89133700E+01
 2974   0.89390800E+01
 2975   0.10284340E+02
 2976   0.14985530E+02
 2977   0.17479880E+02
 2978   0.14753130E+02
 2979   0.10884470E+02
 2980   0.82114600E+01
 2981   0.66623000E+01
 2982   0.61586400E+01
 2983   0.62585600E+01
 2984   0.88575000E+01
 2985   0.23525150E+02
 2986   0.52539090E+02
 2987   0.63062490E+02
 2988   0.44016380E+02
 2989   0.29115140E+02
 2990   0.19181730E+02
 2991   0.14109850E+02
 2992   0.13158530E+02
 2993   0.13289120E+02
 2994   0.19266120E+02
 2995   0.28045260E+02
 2996   0.23493910E+02
 2997   0.18420850E+02
 2998   0.16255070E+02
 2999   0.14286740E+02
 3000   0.10939880E+02
 3001   0.87468500E+01
 3002   0.76553500E+01
 3003   0.74660800E+01
 3004   0.67559460E+02
 3005   0.96779490E+02
 3006   0.96883180E+02
 3007   0.76435790E+02
 3008   0.51685600E+02
 3009   0.35183020E+02
 3010   0.30218960E+02
 3011   0.34810050E+02
 3012   0.41458650E+02
 3013   0.40524640E+02
 3014   0.30949300E+02
 3015   0.20389460E+02
 3016   0.13354240E+02
 3017   0.86299700E+01
 3018   0.22273170E+02
 3019   0.83954440E+02
 3020   0.71715740E+02
 3021   0.46353690E+02
 3022   0.30183390E+02
 3023   0.18864220E+02
 3024   0.11589920E+02
 3025   0.84862600E+01
 3026   0.71695700E+01
 3027   0.48304000E+01
 3028   0.22172200E+01
 3029   0.10965200E+01
 3030   0.61665000E+00
 3031   0.39117000E+00
 3032   0.27434000E+00
 3033   0.18339000E+00
 3034   0.12281000E+00
 3035   0.12588000E+00
 3036   0.10570600E+01
 3037   0.15348900E+01
 3038   0.23653000E+01
 3039   0.30041200E+01
 3040   0.35996400E+01
 3041   0.37139400E+01
 3042   0.33329100E+01
 3043   0.31129400E+01
 3044   0.29061900E+01
 3045   0.44787400E+01
 3046   0.93676700E+01
 3047   0.14581860E+02
 3048   0.38328850E+02
 3049   0.57767510E+02
 3050   0.42052760E+02
 3051   0.28134790E+02
 3052   0.24529180E+02
 3053   0.40675220E+02
 3054   0.58878940E+02
 3055   0.42698790E+02
 3056   0.26719610E+02
 3057   0.16181030E+02
 3058   0.99723700E+01
 3059   0.73960600E+01
 3060   0.78160900E+01
 3061   0.20798150E+02
 3062   0.22474523E+03
 3063   0.22554422E+03
 3064   0.30689372E+03
 3065   0.36615511E+03
 3066   0.32794169E+03
 3067   0.30322235E+03
 3068   0.17219269E+03
 3069   0.13141266E+03
 3070   0.16166172E+03
 3071   0.15512704E+03
 3072   0.10797438E+03
 3073   0.76250570E+02
 3074   0.97981810E+02
 3075   0.25079102E+03
 3076   0.26705861E+03
 3077   0.25960244E+03
 3078   0.15954413E+03
 3079   0.90839380E+02
 3080   0.56726890E+02
 3081   0.37331730E+02
 3082   0.27446340E+02
 3083   0.50398710E+02
 3084   0.53838920E+02
 3085   0.42164430E+02
 3086   0.32479320E+02
 3087   0.27345420E+02
 3088   0.26097210E+02
 3089   0.22482380E+02
 3090   0.20714560E+02
 3091   0.20853710E+02
 3092   0.23996670E+02
 3093   0.30448100E+02
 3094   0.31327330E+02
 3095   0.30848040E+02
 3096   0.32985340E+02
 3097   0.53103100E+02
 3098   0.77894480E+02
 3099   0.82985104E+03
 3100   0.79726558E+03
 3101   0.55306920E+03
 3102   0.32272515E+03
 3103   0.19229223E+03
 3104   0.12949669E+03
 3105   0.87613700E+02
 3106   0.72166490E+02
 3107   0.85323350E+02
 3108   0.96006840E+02
 3109   0.82627260E+02
 3110   0.76102410E+02
 3111   0.93862470E+02
 3112   0.10074686E+03
 3113   0.79533840E+02
 3114   0.55834370E+02
 3115   0.44188770E+02
 3116   0.35111100E+02
 3117   0.29781640E+02
 3118   0.32093600E+02
 3119   0.42492720E+02
 3120   0.78677850E+02
 3121   0.66666890E+02
 3122   0.42698490E+02
 3123   0.26450620E+02
 3124   0.16700920E+02
 3125   0.12108650E+02
 3126   0.12229870E+02
 3127   0.13160280E+02
 3128   0.13497520E+02
 3129   0.11560280E+02
 3130   0.83023900E+01
 3131   0.96739190E+02
 3132   0.47980356E+03
 3133   0.26733836E+03
 3134   0.15689669E+03
 3135   0.10804585E+03
 3136   0.67403540E+02
 3137   0.43826690E+02
 3138   0.35382980E+02
 3139   0.27957000E+02
 3140   0.18403620E+02
 3141   0.12387640E+02
 3142   0.92042200E+01
 3143   0.83933500E+01
 3144   0.10479240E+02
 3145   0.13662570E+02
 3146   0.17718560E+02
 3147   0.27196670E+02
 3148   0.42263430E+02
 3149   0.96382680E+02
 3150   0.29768031E+03
 3151   0.84341582E+03
 3152   0.62138854E+03
 3153   0.22796309E+03
 3154   0.20267283E+03
 3155   0.41571668E+03
 3156   0.23217814E+03
 3157   0.13043093E+03
 3158   0.26069465E+03
 3159   0.30433024E+03
 3160   0.26018948E+03
 3161   0.16502279E+03
 3162   0.88683640E+02
 3163   0.64931830E+02
 3164   0.60711240E+02
 3165   0.53424340E+02
 3166   0.34906410E+02
 3167   0.21099210E+02
 3168   0.13006050E+02
 3169   0.72330900E+01
 3170   0.33566300E+01
 3171   0.17583900E+01
 3172   0.10282800E+01
 3173   0.30843000E+00
 3174   0.17568000E+00
 3175   0.41036700E+01
 3176   0.91385640E+02
 3177   0.20784228E+03
 3178   0.10287150E+03
 3179   0.55361970E+02
 3180   0.38408050E+02
 3181   0.77127870E+02
 3182   0.10089613E+03
 3183   0.54749680E+02
 3184   0.29753080E+02
 3185   0.17218580E+02
 3186   0.96851000E+01
 3187   0.56350200E+01
 3188   0.34470200E+01
 3189   0.12298900E+02
 3190   0.71402980E+02
 3191   0.52724700E+02
 3192   0.30187880E+02
 3193   0.17883650E+02
 3194   0.10013360E+02
 3195   0.49218400E+01
 3196   0.18424100E+01
 3197   0.59840000E+00
 3198   0.18669000E+00
 3199   0.66178000E+00
 3200   0.26740600E+01
 3201   0.42585100E+01
 3202   0.72423070E+02
 3203   0.46695710E+02
 3204   0.29408650E+02
 3205   0.18518790E+02
 3206   0.12298770E+02
 3207   0.88086800E+01
 3208   0.65743200E+01
 3209   0.49527100E+01
 3210   0.34351400E+01
 3211   0.14783800E+01
 3212   0.89212000E+00
 3213   0.36933900E+01
 3214   0.93213600E+01
 3215   0.13684530E+02
 3216   0.12723330E+02
 3217   0.20895020E+02
 3218   0.20912740E+02
 3219   0.15778170E+02
 3220   0.10521270E+02
 3221   0.69541100E+01
 3222   0.44709100E+01
 3223   0.20467000E+01
 3224   0.10159200E+01
 3225   0.28827000E+00
 3226   0.12941000E+00
 3227   0.76220000E-01
 3228   0.49920000E-01
 3229   0.33190000E-01
 3230   0.23020000E-01
 3231   0.16770000E-01
 3232   0.12750000E-01
 3233   0.10030000E-01
 3234   0.81100000E-02
 3235   0.66900000E-02
 3236   0.56200000E-02
 3237   0.47900000E-02
 3238   0.41400000E-02
 3239   0.36100000E-02
 3240   0.31700000E-02
 3241   0.28100000E-02
 3242   0.25100000E-02
 3243   0.22500000E-02
 3244   0.20300000E-02
 3245   0.18400000E-02
 3246   0.16800000E-02
 3247   0.15300000E-02
 3248   0.14100000E-02
 3249   0.13000000E-02
 3250   0.12000000E-02
 3251   0.11100000E-02
 3252   0.10300000E-02
 3253   0.96000000E-03
 3254   0.90000000E-03
 3255   0.84000000E-03
 3256   0.79000000E-03
 3257   0.74000000E-03
 3258   0.69000000E-03
 3259   0.65000000E-03
 3260   0.62000000E-03
 3261   0.58000000E-03
 3262   0.55000000E-03
 3263   0.52000000E-03
 3264   0.50000000E-03
 3265   0.47000000E-03
 3266   0.45000000E-03
 3267   0.43000000E-03
 3268   0.41000000E-03
 3269   0.39000000E-03
 3270   0.89130000E-01
 3271   0.27716000E+01
 3272   0.41744500E+01
 3273   0.27855400E+01
 3274   0.15017500E+01
 3275   0.10136500E+01
 3276   0.40290000E+00
 3277   0.26282000E+00
 3278   0.18538000E+00
 3279   0.12609000E+00
 3280   0.92550000E-01
 3281   0.71970000E-01
 3282   0.52300000E-01
 3283   0.35840000E-01
 3284   0.25090000E-01
 3285   0.18340000E-01
 3286   0.13950000E-01
 3287   0.10970000E-01
 3288   0.88500000E-02
 3289   0.72900000E-02
 3290   0.61100000E-02
 3291   0.52000000E-02
 3292   0.44700000E-02
 3293   0.38900000E-02
 3294   0.34100000E-02
 3295   0.30200000E-02
 3296   0.34550000E-01
 3297   0.48187700E+01
 3298   0.12314580E+02
 3299   0.15401040E+02
 3300   0.14440950E+02
 3301   0.11520340E+02
 3302   0.87638000E+01
 3303   0.65780300E+01
 3304   0.43829100E+01
 3305   0.22820500E+01
 3306   0.12636900E+01
 3307   0.69606000E+00
 3308   0.29306000E+00
 3309   0.16994000E+00
 3310   0.10883000E+00
 3311   0.79500000E-01
 3312   0.31560000E+00
 3313   0.94018000E+00
 3314   0.48296000E+00
 3315   0.82509000E+00
 3316   0.77875000E+00
 3317   0.42631000E+00
 3318   0.28036000E+00
 3319   0.18098000E+00
 3320   0.11563000E+00
 3321   0.75710000E-01
 3322   0.53280000E-01
 3323   0.10556100E+01
 3324   0.10066700E+01
 3325   0.31844000E+00
 3326   0.26394400E+01
 3327   0.74146400E+01
 3328   0.11549170E+02
 3329   0.11240960E+02
 3330   0.86049900E+01
 3331   0.57547000E+01
 3332   0.40798500E+01
 3333   0.32651000E+01
 3334   0.25613200E+01
 3335   0.10560700E+01
 3336   0.22442000E+00
 3337   0.15329000E+00
 3338   0.10029000E+00
 3339   0.71990000E-01
 3340   0.54450000E-01
 3341   0.37930000E-01
 3342   0.41010000E-01
 3343   0.73139000E+00
 3344   0.45704000E+00
 3345   0.26907500E+01
 3346   0.56853400E+01
 3347   0.84324500E+01
 3348   0.90600100E+01
 3349   0.75152800E+01
 3350   0.74629000E+01
 3351   0.86054900E+01
 3352   0.87946500E+01
 3353   0.79143200E+01
 3354   0.66908900E+01
 3355   0.58256700E+01
 3356   0.52444600E+01
 3357   0.56021400E+01
 3358   0.82185700E+01
 3359   0.94183000E+01
 3360   0.11898910E+02
 3361   0.26869320E+02
 3362   0.42362790E+02
 3363   0.47396620E+02
 3364   0.38759860E+02
 3365   0.25362240E+02
 3366   0.19266870E+02
 3367   0.24681170E+02
 3368   0.41026710E+02
 3369   0.38099340E+02
 3370   0.27937850E+02
 3371   0.18610130E+02
 3372   0.12663060E+02
 3373   0.11763740E+02
 3374   0.12237190E+02
 3375   0.12092410E+02
 3376   0.12646390E+02
 3377   0.12727070E+02
 3378   0.10229540E+02
 3379   0.79043900E+01
 3380   0.61625300E+01
 3381   0.47988300E+01
 3382   0.35286300E+01
 3383   0.18113800E+01
 3384   0.26169800E+01
 3385   0.39026900E+01
 3386   0.26200500E+01
 3387   0.30856700E+01
 3388   0.38898700E+01
 3389   0.38006500E+01
 3390   0.37711500E+01
 3391   0.30454700E+01
 3392   0.24662300E+01
 3393   0.28070400E+01
 3394   0.46320600E+01
 3395   0.80594000E+01
 3396   0.78364500E+01
 3397   0.64805600E+01
 3398   0.54152900E+01
 3399   0.51633700E+01
 3400   0.69294700E+01
 3401   0.77624100E+01
 3402   0.86344500E+01
 3403   0.99330700E+01
 3404   0.91016300E+01
 3405   0.74815600E+01
 3406   0.63759300E+01
 3407   0.76187900E+01
 3408   0.13548990E+02
 3409   0.22411570E+02
 3410   0.29772000E+02
 3411   0.26242210E+02
 3412   0.18427700E+02
 3413   0.24506980E+02
 3414   0.45712980E+02
 3415   0.49523150E+02
 3416   0.40344310E+02
 3417   0.26375550E+02
 3418   0.18993080E+02
 3419   0.21527400E+02
 3420   0.44758600E+02
 3421   0.50141330E+02
 3422   0.42329650E+02
 3423   0.38323250E+02
 3424   0.75437750E+02
 3425   0.96670810E+02
 3426   0.67357240E+02
 3427   0.44219950E+02
 3428   0.35742950E+02
 3429   0.57720260E+02
 3430   0.54184150E+02
 3431   0.46890900E+02
 3432   0.52411320E+02
 3433   0.74763510E+02
 3434   0.13749160E+03
 3435   0.12530033E+03
 3436   0.11104501E+03
 3437   0.13687377E+03
 3438   0.14129352E+03
 3439   0.12044300E+03
 3440   0.11449086E+03
 3441   0.16410297E+03
 3442   0.31478987E+03
 3443   0.43507576E+03
 3444   0.43589945E+03
 3445   0.39801533E+03
 3446   0.24409222E+03
 3447   0.21801972E+03
 3448   0.34347685E+03
 3449   0.15038494E+03
 3450   0.74502320E+02
 3451   0.40604540E+02
 3452   0.22982680E+02
 3453   0.14031560E+02
 3454   0.94845100E+01
 3455   0.66778900E+01
 3456   0.49524200E+01
 3457   0.44841900E+01
 3458   0.16219200E+02
 3459   0.29642810E+02
 3460   0.35093680E+02
 3461   0.26868370E+02
 3462   0.61115710E+02
 3463   0.44397545E+03
 3464   0.81483365E+03
 3465   0.49320588E+03
 3466   0.27791470E+03
 3467   0.24225648E+03
 3468   0.39083961E+03
 3469   0.70095216E+03
 3470   0.11221353E+04
 3471   0.98386885E+03
 3472   0.43484072E+03
 3473   0.20567934E+03
 3474   0.13395644E+03
 3475   0.86164140E+02
 3476   0.53055560E+02
 3477   0.36830870E+02
 3478   0.55473890E+02
 3479   0.13319148E+03
 3480   0.30548881E+03
 3481   0.35900759E+03
 3482   0.69336604E+03
 3483   0.36126850E+03
 3484   0.24681438E+03
 3485   0.17824255E+03
 3486   0.16399922E+03
 3487   0.94212880E+02
 3488   0.53008950E+02
 3489   0.38356620E+02
 3490   0.59424739E+03
 3491   0.30145532E+03
 3492   0.32492490E+03
 3493   0.40495322E+03
 3494   0.43411730E+03
 3495   0.26598575E+03
 3496   0.15285471E+03
 3497   0.88787800E+02
 3498   0.52898170E+02
 3499   0.33370990E+02
 3500   0.24861550E+02
 3501   0.22976430E+02
 3502   0.25177120E+02
 3503   0.26768790E+02
 3504   0.28467140E+02
 3505   0.30990220E+02
 3506   0.33536800E+02
 3507   0.31275320E+02
 3508   0.27233360E+02
 3509   0.25821640E+02
 3510   0.37960400E+02
 3511   0.23904998E+03
 3512   0.18090966E+03
 3513   0.19240393E+03
 3514   0.38952580E+03
 3515   0.24619314E+03
 3516   0.12407983E+03
 3517   0.66495160E+02
 3518   0.37758810E+02
 3519   0.23247570E+02
 3520   0.16623990E+02
 3521   0.14878920E+02
 3522   0.13048185E+03
 3523   0.34714941E+03
 3524   0.27999866E+03
 3525   0.15007233E+03
 3526   0.79392240E+02
 3527   0.46700900E+02
 3528   0.29961270E+02
 3529   0.17088840E+02
 3530   0.14686760E+02
 3531   0.17390570E+02
 3532   0.36928100E+02
 3533   0.95540270E+02
 3534   0.12276271E+03
 3535   0.67703510E+02
 3536   0.45028270E+02
 3537   0.50727320E+02
 3538   0.48527210E+02
 3539   0.37823860E+02
 3540   0.25069040E+02
 3541   0.16796520E+02
 3542   0.10810480E+02
 3543   0.58422400E+01
 3544   0.24443100E+01
 3545   0.86042000E+00
 3546   0.19541000E+00
 3547   0.13340000E+00
 3548   0.10306000E+00
 3549   0.77210000E-01
 3550   0.60880000E-01
 3551   0.44360000E-01
 3552   0.30410000E-01
 3553   0.13388800E+01
 3554   0.37946400E+01
 3555   0.53265800E+01
 3556   0.45355100E+01
 3557   0.35609200E+01
 3558   0.12379340E+02
 3559   0.14533650E+02
 3560   0.10010550E+02
 3561   0.71306400E+01
 3562   0.53808400E+01
 3563   0.40383100E+01
 3564   0.21021000E+01
 3565   0.92968000E+00
 3566   0.16579000E+00
 3567   0.62220000E-01
 3568   0.31300000E-01
 3569   0.18980000E-01
 3570   0.13040000E-01
 3571   0.97200000E-02
 3572   0.76500000E-02
 3573   0.13228000E+00
 3574   0.18517980E+02
 3575   0.79710580E+02
 3576   0.71616580E+02
 3577   0.73967360E+02
 3578   0.44469740E+02
 3579   0.25845250E+02
 3580   0.15497380E+02
 3581   0.98277500E+01
 3582   0.10768200E+02
 3583   0.13319990E+02
 3584   0.12180300E+02
 3585   0.10244420E+02
 3586   0.93701300E+01
 3587   0.79666800E+01
 3588   0.55134300E+01
 3589   0.32645000E+01
 3590   0.27035000E+01
 3591   0.23916800E+01
 3592   0.22770500E+01
 3593   0.21765300E+01
 3594   0.16891300E+01
 3595   0.10134100E+01
 3596   0.29474000E+00
 3597   0.11652000E+00
 3598   0.52700000E-01
 3599   0.28500000E-01
 3600   0.17950000E-01
 3601   0.12580000E-01
 3602   0.94700000E-02
 3603   0.74900000E-02
 3604   0.61200000E-02
 3605   0.51200000E-02
 3606   0.43700000E-02
 3607   0.37700000E-02
 3608   0.33000000E-02
 3609   0.29100000E-02
 3610   0.25900000E-02
 3611   0.23200000E-02
 3612   0.20800000E-02
 3613   0.18900000E-02
 3614   0.17200000E-02
 3615   0.15700000E-02
 3616   0.14400000E-02
 3617   0.13200000E-02
 3618   0.12200000E-02
 3619   0.11300000E-02
 3620   0.10500000E-02
 3621   0.98000000E-03
 3622   0.91000000E-03
 3623   0.85000000E-03
 3624   0.80000000E-03
 3625   0.75000000E-03
 3626   0.70000000E-03
 3627   0.66000000E-03
 3628   0.62000000E-03
 3629   0.59000000E-03
 3630   0.56000000E-03
 3631   0.53000000E-03
 3632   0.50000000E-03
 3633   0.48000000E-03
 3634   0.45000000E-03
 3635   0.43000000E-03
 3636   0.41000000E-03
 3637   0.39000000E-03
 3638   0.38000000E-03
 3639   0.36000000E-03
 3640   0.34000000E-03
 3641   0.33000000E-03
 3642   0.32000000E-03
 3643   0.30000000E-03
 3644   0.40000000E-03
 3645   0.28394700E+01
 3646   0.13048330E+02
 3647   0.53568310E+02
 3648   0.78817120E+02
 3649   0.78178620E+02
 3650   0.53497580E+02
 3651   0.34166580E+02
 3652   0.19751630E+02
 3653   0.12624270E+02
 3654   0.90578100E+01
 3655   0.67643200E+01
 3656   0.51889500E+01
 3657   0.39297100E+01
 3658   0.21488200E+01
 3659   0.10614000E+01
 3660   0.27807000E+00
 3661   0.10896000E+00
 3662   0.66430000E-01
 3663   0.44800000E-01
 3664   0.30060000E-01
 3665   0.20870000E-01
 3666   0.15170000E-01
 3667   0.11510000E-01
 3668   0.90400000E-02
 3669   0.73000000E-02
 3670   0.60400000E-02
 3671   0.50900000E-02
 3672   0.43800000E-02
 3673   0.38300000E-02
 3674   0.33900000E-02
 3675   0.30400000E-02
 3676   0.27500000E-02
 3677   0.24900000E-02
 3678   0.22700000E-02
 3679   0.20700000E-02
 3680   0.18900000E-02
 3681   0.17300000E-02
 3682   0.15900000E-02
 3683   0.14600000E-02
 3684   0.92220000E-01
 3685   0.29241600E+01
 3686   0.46591600E+01
 3687   0.41409900E+01
 3688   0.35863600E+01
 3689   0.19665600E+01
 3690   0.26186000E+01
 3691   0.43673300E+01
 3692   0.46463800E+01
 3693   0.32069100E+01
 3694   0.16700000E+01
 3695   0.16746400E+01
 3696   0.16619800E+01
 3697   0.14196000E+01
 3698   0.11681700E+01
 3699   0.92426000E+00
 3700   0.63094000E+00
 3701   0.46556000E+00
 3702   0.29890000E+00
 3703   0.18051000E+00
 3704   0.72127000E+00
 3705   0.11897200E+01
 3706   0.25863400E+01
 3707   0.73079000E+01
 3708   0.11709760E+02
 3709   0.10191140E+02
 3710   0.76523500E+01
 3711   0.64071500E+01
 3712   0.59103600E+01
 3713   0.58328100E+01
 3714   0.59649800E+01
 3715   0.98390600E+01
 3716   0.15511210E+02
 3717   0.15667550E+02
 3718   0.14834380E+02
 3719   0.14760730E+02
 3720   0.15018770E+02
 3721   0.19538990E+02
 3722   0.22385600E+02
 3723   0.23346760E+02
 3724   0.26250530E+02
 3725   0.29341670E+02
 3726   0.46819490E+02
 3727   0.51740930E+02
 3728   0.46394040E+02
 3729   0.39635930E+02
 3730   0.31829570E+02
 3731   0.25626060E+02
 3732   0.25156170E+02
 3733   0.62845060E+02
 3734   0.19686230E+03
 3735   0.16171216E+03
 3736   0.96918650E+02
 3737   0.58127520E+02
 3738   0.36040620E+02
 3739   0.22997290E+02
 3740   0.16360310E+02
 3741   0.14555600E+02
 3742   0.16881910E+02
 3743   0.20853510E+02
 3744   0.31292120E+02
 3745   0.30012170E+02
 3746   0.22617230E+02
 3747   0.15832310E+02
 3748   0.11156290E+02
 3749   0.92183200E+01
 3750   0.91257700E+01
 3751   0.10082220E+02
 3752   0.20015750E+02
 3753   0.50060350E+02
 3754   0.68630480E+02
 3755   0.55881510E+02
 3756   0.37751030E+02
 3757   0.23813320E+02
 3758   0.14462730E+02
 3759   0.97611700E+01
 3760   0.10182930E+02
 3761   0.18293290E+02
 3762   0.22524420E+02
 3763   0.19236490E+02
 3764   0.19214450E+02
 3765   0.18358520E+02
 3766   0.69936390E+02
 3767   0.75334600E+02
 3768   0.11500067E+03
 3769   0.15461264E+03
 3770   0.10483578E+03
 3771   0.62387130E+02
 3772   0.37448410E+02
 3773   0.25658030E+02
 3774   0.26054420E+02
 3775   0.36954160E+02
 3776   0.67445010E+02
 3777   0.97680500E+02
 3778   0.98059290E+02
 3779   0.12489965E+03
 3780   0.17657101E+03
 3781   0.13514369E+03
 3782   0.78206880E+02
 3783   0.45445070E+02
 3784   0.26916940E+02
 3785   0.15784380E+02
 3786   0.10109040E+02
 3787   0.16969670E+02
 3788   0.52839730E+02
 3789   0.81715280E+02
 3790   0.60757190E+02
 3791   0.38196890E+02
 3792   0.22809250E+02
 3793   0.29231690E+02
 3794   0.10108175E+03
 3795   0.85863170E+02
 3796   0.49221800E+02
 3797   0.38178080E+02
 3798   0.34400840E+02
 3799   0.26017360E+02
 3800   0.19490330E+02
 3801   0.15243630E+02
 3802   0.11967580E+02
 3803   0.11161810E+02
 3804   0.23214914E+03
 3805   0.22962333E+03
 3806   0.15678613E+03
 3807   0.11460431E+03
 3808   0.94438250E+02
 3809   0.63529890E+02
 3810   0.38598140E+02
 3811   0.24450800E+02
 3812   0.17387850E+02
 3813   0.13736970E+02
 3814   0.14895880E+02
 3815   0.18899440E+02
 3816   0.17412440E+02
 3817   0.17883950E+02
 3818   0.23136570E+02
 3819   0.35955050E+02
 3820   0.33875180E+02
 3821   0.34406380E+02
 3822   0.37477030E+02
 3823   0.29943210E+02
 3824   0.22172180E+02
 3825   0.17731290E+02
 3826   0.10155288E+03
 3827   0.65514924E+03
 3828   0.62832223E+03
 3829   0.33905560E+03
 3830   0.43226417E+03
 3831   0.36922691E+03
 3832   0.22321347E+03
 3833   0.17498607E+03
 3834   0.10252548E+03
 3835   0.62082020E+02
 3836   0.38837480E+02
 3837   0.22591820E+02
 3838   0.16204790E+02
 3839   0.22605760E+02
 3840   0.16173875E+03
 3841   0.18344574E+03
 3842   0.24722990E+03
 3843   0.30325124E+03
 3844   0.44405996E+03
 3845   0.64713086E+03
 3846   0.27344981E+03
 3847   0.12151781E+03
 3848   0.66994540E+02
 3849   0.49283530E+02
 3850   0.43220090E+02
 3851   0.38612920E+02
 3852   0.38055270E+02
 3853   0.46060290E+02
 3854   0.77248680E+02
 3855   0.68594580E+02
 3856   0.45394600E+02
 3857   0.26728550E+02
 3858   0.20318860E+02
 3859   0.16654610E+02
 3860   0.14802680E+02
 3861   0.15873180E+02
 3862   0.20367940E+02
 3863   0.30341480E+02
 3864   0.35937360E+02
 3865   0.32492880E+02
 3866   0.49175630E+02
 3867   0.10363430E+03
 3868   0.32040434E+03
 3869   0.33966125E+03
 3870   0.17894733E+03
 3871   0.98719740E+02
 3872   0.62417330E+02
 3873   0.50821630E+02
 3874   0.44190310E+02
 3875   0.35246480E+02
 3876   0.26465740E+02
 3877   0.21872680E+02
 3878   0.19132450E+02
 3879   0.20220200E+02
 3880   0.10530875E+03
 3881   0.25478468E+03
 3882   0.37400839E+03
 3883   0.32195075E+03
 3884   0.31937846E+03
 3885   0.38265192E+03
 3886   0.40054087E+03
 3887   0.30742494E+03
 3888   0.23144328E+03
 3889   0.12599756E+03
 3890   0.70123400E+02
 3891   0.43912430E+02
 3892   0.32532440E+02
 3893   0.27847970E+02
 3894   0.29451660E+02
 3895   0.31639830E+02
 3896   0.11716053E+03
 3897   0.92681690E+02
 3898   0.46330350E+02
 3899   0.33166890E+02
 3900   0.28746100E+02
 3901   0.58659070E+02
 3902   0.26337683E+03
 3903   0.40588036E+03
 3904   0.19977716E+03
 3905   0.95731770E+02
 3906   0.51347700E+02
 3907   0.29844300E+02
 3908   0.17385640E+02
 3909   0.10354290E+02
 3910   0.68904400E+01
 3911   0.52037100E+01
 3912   0.41484800E+01
 3913   0.26498000E+01
 3914   0.16659600E+01
 3915   0.88798400E+01
 3916   0.28174970E+02
 3917   0.30087480E+02
 3918   0.22837610E+02
 3919   0.14591790E+02
 3920   0.87887400E+01
 3921   0.50679600E+01
 3922   0.37742600E+01
 3923   0.39770300E+01
 3924   0.37328500E+01
 3925   0.25060600E+01
 3926   0.10967700E+01
 3927   0.26543000E+00
 3928   0.10686000E+00
 3929   0.69410000E-01
 3930   0.74816300E+01
 3931   0.79025350E+02
 3932   0.71462990E+02
 3933   0.72881100E+02
 3934   0.89035010E+02
 3935   0.76128420E+02
 3936   0.46011820E+02
 3937   0.26972310E+02
 3938   0.15878910E+02
 3939   0.94870500E+01
 3940   0.63740000E+01
 3941   0.47073400E+01
 3942   0.32538100E+01
 3943   0.13756700E+01
 3944   0.43244000E+00
 3945   0.13304000E+00
 3946   0.70360000E-01
 3947   0.43030000E-01
 3948   0.28230000E-01
 3949   0.19730000E-01
 3950   0.14530000E-01
 3951   0.11170000E-01
 3952   0.88600000E-02
 3953   0.72200000E-02
 3954   0.60000000E-02
 3955   0.50700000E-02
 3956   0.43400000E-02
 3957   0.37700000E-02
 3958   0.34100000E-02
 3959   0.30300000E-02
 3960   0.27300000E-02
 3961   0.95000000E-02
 3962   0.50190000E-01
 3963   0.30492000E+00
 3964   0.87042000E+00
 3965   0.77383000E+00
 3966   0.38620000E+00
 3967   0.23276000E+00
 3968   0.22049000E+00
 3969   0.24183000E+00
 3970   0.15082000E+00
 3971   0.69720000E-01
 3972   0.38200000E-01
 3973   0.24540000E-01
 3974   0.17410000E-01
 3975   0.13140000E-01
 3976   0.10330000E-01
 3977   0.83600000E-02
 3978   0.69100000E-02
 3979   0.58100000E-02
 3980   0.49500000E-02
 3981   0.42700000E-02
 3982   0.37200000E-02
 3983   0.32700000E-02
 3984   0.29000000E-02
 3985   0.25800000E-02
 3986   0.23200000E-02
 3987   0.20900000E-02
 3988   0.18900000E-02
 3989   0.17200000E-02
 3990   0.15700000E-02
 3991   0.14400000E-02
 3992   0.13300000E-02
 3993   0.12300000E-02
 3994   0.11300000E-02
 3995   0.91200000E-02
 3996   0.48550000E-01
 3997   0.16643000E+00
 3998   0.10698000E+00
 3999   0.64810000E-01
 4000   0.41920000E-01
 4001   0.28950000E-01
 4002   0.21070000E-01
 4003   0.15970000E-01
 4004   0.12490000E-01
 4005   0.10030000E-01
 4006   0.82100000E-02
 4007   0.68400000E-02
 4008   0.57800000E-02
 4009   0.49500000E-02
 4010   0.42800000E-02
 4011   0.37300000E-02
 4012   0.32800000E-02
 4013   0.29100000E-02
 4014   0.10990000E-01
 4015   0.57730000E-01
 4016   0.98590000E-01
 4017   0.70920000E-01
 4018   0.47410000E-01
 4019   0.32630000E-01
 4020   0.23400000E-01
 4021   0.17440000E-01
 4022   0.29380000E-01
 4023   0.93170000E-01
 4024   0.20238000E+00
 4025   0.12369000E+00
 4026   0.72420000E-01
 4027   0.92247000E+00
 4028   0.12000300E+01
 4029   0.39603000E+00
 4030   0.16138000E+00
 4031   0.14009000E+00
 4032   0.26035000E+00
 4033   0.25266000E+00
 4034   0.18834000E+00
 4035   0.12881000E+00
 4036   0.87500000E-01
 4037   0.57030000E-01
 4038   0.38070000E-01
 4039   0.26620000E-01
 4040   0.19460000E-01
 4041   0.14770000E-01
 4042   0.11560000E-01
 4043   0.92800000E-02
 4044   0.76000000E-02
 4045   0.63300000E-02
 4046   0.54100000E-02
 4047   0.35984600E+01
 4048   0.13084010E+02
 4049   0.21842800E+02
 4050   0.22220300E+02
 4051   0.17747860E+02
 4052   0.12336860E+02
 4053   0.82092400E+01
 4054   0.62997100E+01
 4055   0.54866500E+01
 4056   0.47689800E+01
 4057   0.40313200E+01
 4058   0.30457300E+01
 4059   0.17134000E+01
 4060   0.16252300E+01
 4061   0.11225200E+01
 4062   0.29065000E+00
 4063   0.13540000E+00
 4064   0.83180000E-01
 4065   0.53340000E-01
 4066   0.35950000E-01
 4067   0.25590000E-01
 4068   0.74923000E+00
 4069   0.11200600E+01
 4070   0.43542000E+00
 4071   0.32516000E+00
 4072   0.29640000E+00
 4073   0.24961000E+00
 4074   0.17124000E+00
 4075   0.11564000E+00
 4076   0.11054000E+01
 4077   0.29107700E+01
 4078   0.30171100E+01
 4079   0.13340100E+01
 4080   0.71073000E+00
 4081   0.40887000E+00
 4082   0.27449000E+00
 4083   0.18771000E+00
 4084   0.12910000E+00
 4085   0.16109900E+01
 4086   0.48787100E+01
 4087   0.82089100E+01
 4088   0.12711180E+02
 4089   0.14184110E+02
 4090   0.12464330E+02
 4091   0.88954000E+01
 4092   0.64515000E+01
 4093   0.43800900E+01
 4094   0.25973500E+01
 4095   0.17186100E+01
 4096   0.13702600E+01
 4097   0.43071500E+01
 4098   0.11222160E+02
 4099   0.13893780E+02
 4100   0.26037210E+02
 4101   0.85920320E+02
 4102   0.67243680E+02
 4103   0.44314920E+02
 4104   0.30638790E+02
 4105   0.21804180E+02
 4106   0.14713390E+02
 4107   0.98093800E+01
 4108   0.69671200E+01
 4109   0.53131100E+01
 4110   0.40569300E+01
 4111   0.29259800E+01
 4112   0.24237400E+01
 4113   0.21388900E+01
 4114   0.12762300E+01
 4115   0.92391000E+00
 4116   0.71453000E+00
 4117   0.43857000E+00
 4118   0.23691000E+00
 4119   0.12122000E+00
 4120   0.65730000E-01
 4121   0.33230000E+00
 4122   0.35891000E+00
 4123   0.25577000E+00
 4124   0.17006000E+00
 4125   0.21267400E+01
 4126   0.38335100E+01
 4127   0.26990700E+01
 4128   0.99073000E+00
 4129   0.75443000E+00
 4130   0.66879000E+00
 4131   0.31675000E+00
 4132   0.26165000E+00
 4133   0.85600000E+00
 4134   0.15605300E+01
 4135   0.26280800E+01
 4136   0.33560100E+01
 4137   0.34730600E+01
 4138   0.39008000E+01
 4139   0.38725700E+01
 4140   0.31306100E+01
 4141   0.17370100E+01
 4142   0.98185000E+00
 4143   0.23801000E+00
 4144   0.92820000E-01
 4145   0.72192000E+00
 4146   0.37585800E+01
 4147   0.20911130E+02
 4148   0.70054870E+02
 4149   0.90093110E+02
 4150   0.70115990E+02
 4151   0.47116100E+02
 4152   0.29969160E+02
 4153   0.20388620E+02
 4154   0.17264480E+02
 4155   0.16283870E+02
 4156   0.25309330E+02
 4157   0.27471110E+02
 4158   0.47521170E+02
 4159   0.47800860E+02
 4160   0.41768560E+02
 4161   0.74984440E+02
 4162   0.14273333E+03
 4163   0.15793126E+03
 4164   0.13394684E+03
 4165   0.91918490E+02
 4166   0.76643380E+02
 4167   0.94477530E+02
 4168   0.10722378E+03
 4169   0.23384641E+03
 4170   0.25836080E+03
 4171   0.22988591E+03
 4172   0.16434274E+03
 4173   0.10687573E+03
 4174   0.82191440E+02
 4175   0.82128300E+02
 4176   0.90399880E+02
 4177   0.16950280E+03
 4178   0.21376144E+03
 4179   0.10921699E+03
 4180   0.58836690E+02
 4181   0.33384430E+02
 4182   0.19495450E+02
 4183   0.12609190E+02
 4184   0.10154090E+02
 4185   0.86869430E+02
 4186   0.17765548E+03
 4187   0.54754156E+03
 4188   0.82981665E+03
 4189   0.53549086E+03
 4190   0.32582393E+03
 4191   0.28776086E+03
 4192   0.20884032E+03
 4193   0.16702849E+03
 4194   0.12281623E+03
 4195   0.73764550E+02
 4196   0.42924990E+02
 4197   0.33636810E+02
 4198   0.28452040E+02
 4199   0.28208470E+02
 4200   0.35089930E+02
 4201   0.32430230E+02
 4202   0.25283160E+02
 4203   0.20446410E+02
 4204   0.14919370E+02
 4205   0.91948500E+01
 4206   0.43432200E+01
 4207   0.53699600E+01
 4208   0.70460360E+02
 4209   0.46546607E+03
 4210   0.61148510E+03
 4211   0.21622498E+03
 4212   0.12023692E+03
 4213   0.74284280E+02
 4214   0.45502300E+02
 4215   0.27776570E+02
 4216   0.15821470E+02
 4217   0.86843500E+01
 4218   0.56585200E+01
 4219   0.45255200E+01
 4220   0.97659100E+01
 4221   0.16719946E+03
 4222   0.12970883E+03
 4223   0.63222650E+02
 4224   0.44541570E+02
 4225   0.96836200E+02
 4226   0.35636843E+03
 4227   0.18040519E+03
 4228   0.95220380E+02
 4229   0.55829060E+02
 4230   0.82690750E+02
 4231   0.37742954E+03
 4232   0.79564314E+03
 4233   0.71269009E+03
 4234   0.47674831E+03
 4235   0.63507160E+03
 4236   0.50513684E+03
 4237   0.25584835E+03
 4238   0.13175076E+03
 4239   0.30610954E+03
 4240   0.53010598E+03
 4241   0.67536634E+03
 4242   0.45101387E+03
 4243   0.85574332E+03
 4244   0.27491749E+03
 4245   0.19612683E+03
 4246   0.44347777E+03
 4247   0.26336719E+03
 4248   0.16669394E+03
 4249   0.12298795E+03
 4250   0.84559460E+02
 4251   0.51346610E+02
 4252   0.32599780E+02
 4253   0.22727400E+02
 4254   0.17150900E+02
 4255   0.14186320E+02
 4256   0.11537870E+02
 4257   0.76984500E+01
 4258   0.34290400E+01
 4259   0.10818700E+01
 4260   0.24042000E+00
 4261   0.14521000E+00
 4262   0.10420000E+00
 4263   0.78200000E-01
 4264   0.61510000E-01
 4265   0.44160000E-01
 4266   0.30770000E-01
 4267   0.16409900E+01
 4268   0.32572100E+01
 4269   0.38200000E+01
 4270   0.29524100E+01
 4271   0.10330000E+01
 4272   0.25074000E+00
 4273   0.13813000E+00
 4274   0.82370000E-01
 4275   0.51640000E-01
 4276   0.34670000E-01
 4277   0.24690000E-01
 4278   0.18500000E-01
 4279   0.10198800E+01
 4280   0.16141800E+01
 4281   0.19642100E+01
 4282   0.14352900E+01
 4283   0.62118000E+00
 4284   0.16927000E+00
 4285   0.69560000E-01
 4286   0.34950000E-01
 4287   0.20930000E-01
 4288   0.14170000E-01
 4289   0.10410000E-01
 4290   0.80700000E-02
 4291   0.65000000E-02
 4292   0.53700000E-02
 4293   0.45300000E-02
 4294   0.38900000E-02
 4295   0.33700000E-02
 4296   0.29600000E-02
 4297   0.26100000E-02
 4298   0.23300000E-02
 4299   0.20900000E-02
 4300   0.18800000E-02
 4301   0.17100000E-02
 4302   0.15600000E-02
 4303   0.14200000E-02
 4304   0.13100000E-02
 4305   0.12000000E-02
 4306   0.24920000E-01
 4307   0.23641000E+00
 4308   0.15515000E+00
 4309   0.87180000E-01
 4310   0.53090000E-01
 4311   0.35050000E-01
 4312   0.24660000E-01
 4313   0.18210000E-01
 4314   0.16360000E-01
 4315   0.15250000E-01
 4316   0.16750000E-01
 4317   0.19260000E-01
 4318   0.20440000E-01
 4319   0.18990000E-01
 4320   0.16030000E-01
 4321   0.13020000E-01
 4322   0.10520000E-01
 4323   0.85700000E-02
 4324   0.70600000E-02
 4325   0.59000000E-02
 4326   0.49900000E-02
 4327   0.42700000E-02
 4328   0.37000000E-02
 4329   0.32300000E-02
 4330   0.28400000E-02
 4331   0.25200000E-02
 4332   0.22500000E-02
 4333   0.20200000E-02
 4334   0.18200000E-02
 4335   0.62200000E-02
 4336   0.15100000E-01
 4337   0.23621000E+00
 4338   0.77172000E+00
 4339   0.61384000E+00
 4340   0.32192000E+00
 4341   0.20180000E+00
 4342   0.12735000E+00
 4343   0.81080000E-01
 4344   0.52270000E-01
 4345   0.35280000E-01
 4346   0.25020000E-01
 4347   0.18530000E-01
 4348   0.14210000E-01
 4349   0.11210000E-01
 4350   0.90500000E-02
 4351   0.74600000E-02
 4352   0.62400000E-02
 4353   0.52900000E-02
 4354   0.45400000E-02
 4355   0.39400000E-02
 4356   0.34500000E-02
 4357   0.30400000E-02
 4358   0.27000000E-02
 4359   0.24100000E-02
 4360   0.21700000E-02
 4361   0.26429600E+01
 4362   0.64003800E+01
 4363   0.78204900E+01
 4364   0.54809300E+01
 4365   0.27322000E+01
 4366   0.10562900E+01
 4367   0.35720000E+00
 4368   0.21595300E+01
 4369   0.42107200E+01
 4370   0.37367900E+01
 4371   0.27616600E+01
 4372   0.18585900E+01
 4373   0.10716600E+01
 4374   0.56064000E+00
 4375   0.44747000E+00
 4376   0.29331000E+00
 4377   0.18019000E+00
 4378   0.37281000E+00
 4379   0.22777300E+01
 4380   0.14317100E+01
 4381   0.10345500E+01
 4382   0.71094000E+00
 4383   0.41167000E+00
 4384   0.28625000E+00
 4385   0.20323000E+00
 4386   0.34245000E+00
 4387   0.47793000E+00
 4388   0.42442000E+00
 4389   0.28247000E+00
 4390   0.14453000E+00
 4391   0.37036200E+01
 4392   0.19975480E+02
 4393   0.71764310E+02
 4394   0.10548494E+03
 4395   0.92614790E+02
 4396   0.63528710E+02
 4397   0.40208200E+02
 4398   0.25091290E+02
 4399   0.15632910E+02
 4400   0.10366590E+02
 4401   0.66722500E+01
 4402   0.46846100E+01
 4403   0.32987000E+01
 4404   0.18675200E+01
 4405   0.14091400E+01
 4406   0.12448600E+01
 4407   0.43412400E+01
 4408   0.96141000E+01
 4409   0.14640310E+02
 4410   0.14804380E+02
 4411   0.11858420E+02
 4412   0.89263100E+01
 4413   0.73967100E+01
 4414   0.61197700E+01
 4415   0.49072900E+01
 4416   0.37788700E+01
 4417   0.21285700E+01
 4418   0.11140100E+01
 4419   0.36403000E+00
 4420   0.14375000E+00
 4421   0.76880000E-01
 4422   0.47800000E-01
 4423   0.32090000E-01
 4424   0.29360000E-01
 4425   0.33460000E-01
 4426   0.36960000E-01
 4427   0.32310000E-01
 4428   0.25300000E-01
 4429   0.19460000E-01
 4430   0.15140000E-01
 4431   0.11990000E-01
 4432   0.96600000E-02
 4433   0.79200000E-02
 4434   0.65900000E-02
 4435   0.55600000E-02
 4436   0.47500000E-02
 4437   0.41000000E-02
 4438   0.35700000E-02
 4439   0.31400000E-02
 4440   0.27800000E-02
 4441   0.77560000E-01
 4442   0.10532600E+01
 4443   0.88746000E+00
 4444   0.90779000E+00
 4445   0.26378700E+01
 4446   0.52306900E+01
 4447   0.61764300E+01
 4448   0.63284400E+01
 4449   0.70859500E+01
 4450   0.97390600E+01
 4451   0.11877730E+02
 4452   0.10384700E+02
 4453   0.10490150E+02
 4454   0.12870130E+02
 4455   0.12494980E+02
 4456   0.11058160E+02
 4457   0.23364690E+02
 4458   0.13068207E+03
 4459   0.19350141E+03
 4460   0.21593718E+03
 4461   0.28826283E+03
 4462   0.25846911E+03
 4463   0.21195034E+03
 4464   0.14213182E+03
 4465   0.83116390E+02
 4466   0.48786390E+02
 4467   0.29004210E+02
 4468   0.17484540E+02
 4469   0.12044710E+02
 4470   0.10456650E+02
 4471   0.95092500E+01
 4472   0.79240600E+01
 4473   0.10458370E+02
 4474   0.22737770E+02
 4475   0.39285800E+02
 4476   0.47122540E+02
 4477   0.44818390E+02
 4478   0.46752530E+02
 4479   0.48786320E+02
 4480   0.37670880E+02
 4481   0.26359310E+02
 4482   0.18650650E+02
 4483   0.12884080E+02
 4484   0.10152250E+02
 4485   0.91916000E+01
 4486   0.89419800E+01
 4487   0.97140200E+01
 4488   0.95659400E+01
 4489   0.83456200E+01
 4490   0.92628400E+01
 4491   0.12028310E+02
 4492   0.25097970E+02
 4493   0.33640660E+02
 4494   0.37636920E+02
 4495   0.42955160E+02
 4496   0.50886060E+02
 4497   0.70974190E+02
 4498   0.17571007E+03
 4499   0.19156603E+03
 4500   0.15793658E+03
 4501   0.10059145E+03
 4502   0.62049950E+02
 4503   0.48559680E+02
 4504   0.55864990E+02
 4505   0.13266237E+03
 4506   0.19185806E+03
 4507   0.15864247E+03
 4508   0.10620348E+03
 4509   0.63136160E+02
 4510   0.38419040E+02
 4511   0.23860830E+02
 4512   0.15904560E+02
 4513   0.12366630E+02
 4514   0.14288920E+02
 4515   0.18634970E+02
 4516   0.21613730E+02
 4517   0.23104330E+02
 4518   0.27621110E+02
 4519   0.48266340E+02
 4520   0.67554780E+02
 4521   0.11553373E+03
 4522   0.15810614E+03
 4523   0.19928168E+03
 4524   0.13750900E+03
 4525   0.88788220E+02
 4526   0.61975260E+02
 4527   0.51700720E+02
 4528   0.43350020E+02
 4529   0.33784170E+02
 4530   0.24778590E+02
 4531   0.17919780E+02
 4532   0.13168360E+02
 4533   0.97385500E+01
 4534   0.66819900E+01
 4535   0.52962300E+01
 4536   0.55844800E+01
 4537   0.82866400E+01
 4538   0.36064930E+02
 4539   0.44004200E+02
 4540   0.37360490E+02
 4541   0.66732940E+02
 4542   0.27954417E+03
 4543   0.35141644E+03
 4544   0.30242839E+03
 4545   0.24079486E+03
 4546   0.25472137E+03
 4547   0.32781393E+03
 4548   0.32519313E+03
 4549   0.22017094E+03
 4550   0.26827201E+03
 4551   0.29300876E+03
 4552   0.21591560E+03
 4553   0.17495436E+03
 4554   0.33715787E+03
 4555   0.29775642E+03
 4556   0.22868811E+03
 4557   0.29281372E+03
 4558   0.27024063E+03
 4559   0.21154641E+03
 4560   0.38711485E+03
 4561   0.19802262E+03
 4562   0.95697390E+02
 4563   0.51461940E+02
 4564   0.28500220E+02
 4565   0.15988860E+02
 4566   0.11237020E+02
 4567   0.88170200E+01
 4568   0.72740700E+01
 4569   0.61123100E+01
 4570   0.12697880E+03
 4571   0.57892324E+03
 4572   0.23251673E+03
 4573   0.13569164E+03
 4574   0.48241728E+03
 4575   0.43945393E+03
 4576   0.18175592E+03
 4577   0.88420710E+02
 4578   0.49466990E+02
 4579   0.30065760E+02
 4580   0.20600990E+02
 4581   0.15203030E+02
 4582   0.11455160E+02
 4583   0.95201800E+01
 4584   0.11852630E+02
 4585   0.75721800E+02
 4586   0.39011479E+03
 4587   0.53380467E+03
 4588   0.34803375E+03
 4589   0.48516010E+03
 4590   0.43154450E+03
 4591   0.22380828E+03
 4592   0.12294002E+03
 4593   0.74150350E+02
 4594   0.53112110E+02
 4595   0.66845850E+02
 4596   0.86916620E+02
 4597   0.59363450E+02
 4598   0.36784540E+02
 4599   0.23401090E+02
 4600   0.22825030E+02
 4601   0.31954530E+02
 4602   0.44863320E+02
 4603   0.54478060E+02
 4604   0.71419710E+02
 4605   0.95242870E+02
 4606   0.10850932E+03
 4607   0.79939190E+02
 4608   0.48930710E+02
 4609   0.39596700E+02
 4610   0.34671610E+02
 4611   0.28040420E+02
 4612   0.24371560E+02
 4613   0.21516860E+02
 4614   0.17197250E+02
 4615   0.13590090E+02
 4616   0.14726600E+02
 4617   0.20303410E+02
 4618   0.21099140E+02
 4619   0.15761910E+02
 4620   0.11967820E+02
 4621   0.15261380E+02
 4622   0.21760850E+02
 4623   0.20208980E+02
 4624   0.14161730E+02
 4625   0.35066320E+02
 4626   0.18628393E+03
 4627   0.11115190E+03
 4628   0.82964080E+02
 4629   0.56405730E+02
 4630   0.34673280E+02
 4631   0.22280640E+02
 4632   0.14080810E+02
 4633   0.88502900E+01
 4634   0.57534500E+01
 4635   0.34442200E+01
 4636   0.24107500E+01
 4637   0.37044400E+01
 4638   0.87168200E+01
 4639   0.18939600E+02
 4640   0.52949800E+02
 4641   0.20599333E+03
 4642   0.49231141E+03
 4643   0.99731701E+03
 4644   0.42818364E+03
 4645   0.23496667E+03
 4646   0.13881903E+03
 4647   0.82643120E+02
 4648   0.61384500E+02
 4649   0.41245960E+02
 4650   0.25747790E+02
 4651   0.42512850E+02
 4652   0.57556880E+02
 4653   0.42626080E+02
 4654   0.27644200E+02
 4655   0.16878400E+02
 4656   0.95659200E+01
 4657   0.54017900E+01
 4658   0.44502000E+01
 4659   0.50154400E+01
 4660   0.56419100E+01
 4661   0.62977400E+01
 4662   0.52868400E+01
 4663   0.40474200E+01
 4664   0.25986100E+01
 4665   0.19261800E+01
 4666   0.22615400E+01
 4667   0.16983000E+01
 4668   0.25175400E+01
 4669   0.30521000E+01
 4670   0.33865700E+01
 4671   0.34278700E+01
 4672   0.28283000E+01
 4673   0.14869600E+01
 4674   0.69624000E+00
 4675   0.17129000E+00
 4676   0.73650000E-01
 4677   0.40320000E-01
 4678   0.25980000E-01
 4679   0.18460000E-01
 4680   0.13920000E-01
 4681   0.10930000E-01
 4682   0.88200000E-02
 4683   0.80200000E-02
 4684   0.22435000E+00
 4685   0.20911000E+01
 4686   0.10821200E+01
 4687   0.33887000E+00
 4688   0.23837000E+00
 4689   0.16796000E+00
 4690   0.11960000E+00
 4691   0.79540000E-01
 4692   0.52130000E-01
 4693   0.35570000E-01
 4694   0.25440000E-01
 4695   0.18970000E-01
 4696   0.14630000E-01
 4697   0.11590000E-01
 4698   0.94000000E-02
 4699   0.77600000E-02
 4700   0.65100000E-02
 4701   0.55300000E-02
 4702   0.47500000E-02
 4703   0.41300000E-02
 4704   0.36100000E-02
 4705   0.31900000E-02
 4706   0.28300000E-02
 4707   0.25300000E-02
 4708   0.22800000E-02
 4709   0.20600000E-02
 4710   0.18700000E-02
 4711   0.17000000E-02
 4712   0.15600000E-02
 4713   0.14300000E-02
 4714   0.13200000E-02
 4715   0.12200000E-02
 4716   0.11300000E-02
 4717   0.10500000E-02
 4718   0.98000000E-03
 4719   0.91000000E-03
 4720   0.85000000E-03
 4721   0.80000000E-03
 4722   0.75000000E-03
 4723   0.70000000E-03
 4724   0.66000000E-03
 4725   0.68000000E-03
 4726   0.64000000E-03
 4727   0.61000000E-03
 4728   0.59000000E-03
 4729   0.57000000E-03
 4730   0.56000000E-03
 4731   0.55000000E-03
 4732   0.54000000E-03
 4733   0.53000000E-03
 4734   0.50410000E-01
 4735   0.93698000E+00
 4736   0.25444700E+01
 4737   0.62562300E+01
 4738   0.12897200E+02
 4739   0.17217440E+02
 4740   0.20274660E+02
 4741   0.19686930E+02
 4742   0.16131260E+02
 4743   0.12329410E+02
 4744   0.92126600E+01
 4745   0.70477800E+01
 4746   0.56382200E+01
 4747   0.51568600E+01
 4748   0.48886400E+01
 4749   0.25405800E+01
 4750   0.96788000E+00
 4751   0.37604000E+00
 4752   0.23815000E+00
 4753   0.16753000E+00
 4754   0.11604000E+00
 4755   0.75960000E-01
 4756   0.49640000E-01
 4757   0.34020000E-01
 4758   0.24510000E-01
 4759   0.18410000E-01
 4760   0.14290000E-01
 4761   0.11390000E-01
 4762   0.92700000E-02
 4763   0.76800000E-02
 4764   0.64600000E-02
 4765   0.55100000E-02
 4766   0.47400000E-02
 4767   0.41300000E-02
 4768   0.36200000E-02
 4769   0.32000000E-02
 4770   0.28400000E-02
 4771   0.25400000E-02
 4772   0.22900000E-02
 4773   0.20700000E-02
 4774   0.18800000E-02
 4775   0.17100000E-02
 4776   0.15700000E-02
 4777   0.14400000E-02
 4778   0.13300000E-02
 4779   0.12300000E-02
 4780   0.11400000E-02
 4781   0.10500000E-02
 4782   0.98000000E-03
 4783   0.92000000E-03
 4784   0.86000000E-03
 4785   0.89000000E-03
 4786   0.84000000E-03
 4787   0.80000000E-03
 4788   0.77000000E-03
 4789   0.75000000E-03
 4790   0.49052000E+00
 4791   0.17459000E+01
 4792   0.11963000E+01
 4793   0.95542000E+00
 4794   0.59630000E+00
 4795   0.36476000E+00
 4796   0.26114000E+00
 4797   0.18240000E+00
 4798   0.13047000E+00
 4799   0.88850000E-01
 4800   0.57780000E-01
 4801   0.38650000E-01
 4802   0.27190000E-01
 4803   0.20030000E-01
 4804   0.15320000E-01
 4805   0.12060000E-01
 4806   0.97300000E-02
 4807   0.80000000E-02
 4808   0.66900000E-02
 4809   0.56700000E-02
 4810   0.48700000E-02
 4811   0.42200000E-02
 4812   0.36900000E-02
 4813   0.32500000E-02
 4814   0.28800000E-02
 4815   0.25800000E-02
 4816   0.23100000E-02
 4817   0.20900000E-02
 4818   0.18900000E-02
 4819   0.17300000E-02
 4820   0.15800000E-02
 4821   0.14500000E-02
 4822   0.13300000E-02
 4823   0.12600000E-02
 4824   0.14000000E-02
 4825   0.20000000E-02
 4826   0.28500000E-02
 4827   0.34100000E-02
 4828   0.35000000E-02
 4829   0.32900000E-02
 4830   0.29500000E-02
 4831   0.26200000E-02
 4832   0.12180000E-01
 4833   0.10835400E+01
 4834   0.11047900E+01
 4835   0.10476300E+01
 4836   0.25188200E+01
 4837   0.52668200E+01
 4838   0.77976700E+01
 4839   0.72672900E+01
 4840   0.55222800E+01
 4841   0.44055200E+01
 4842   0.43114200E+01
 4843   0.43769700E+01
 4844   0.43610400E+01
 4845   0.54796100E+01
 4846   0.79784000E+01
 4847   0.20489240E+02
 4848   0.33995540E+02
 4849   0.27109520E+02
 4850   0.19495990E+02
 4851   0.19464720E+02
 4852   0.30351270E+02
 4853   0.60384630E+02
 4854   0.80377620E+02
 4855   0.73814720E+02
 4856   0.60115730E+02
 4857   0.52142440E+02
 4858   0.41190580E+02
 4859   0.35889830E+02
 4860   0.44184110E+02
 4861   0.40299140E+02
 4862   0.35161980E+02
 4863   0.36430870E+02
 4864   0.49902880E+02
 4865   0.40473820E+02
 4866   0.28630200E+02
 4867   0.22536400E+02
 4868   0.24504770E+02
 4869   0.30371210E+02
 4870   0.25183060E+02
 4871   0.18481040E+02
 4872   0.13638390E+02
 4873   0.16992490E+02
 4874   0.33256310E+02
 4875   0.36808450E+02
 4876   0.31644880E+02
 4877   0.39553240E+02
 4878   0.41868440E+02
 4879   0.44617600E+02
 4880   0.37021110E+02
 4881   0.26339030E+02
 4882   0.18679520E+02
 4883   0.25301720E+02
 4884   0.29963800E+02
 4885   0.31493750E+02
 4886   0.13481092E+03
 4887   0.32497164E+03
 4888   0.22424024E+03
 4889   0.17015750E+03
 4890   0.13201009E+03
 4891   0.11219819E+03
 4892   0.11980887E+03
 4893   0.14079135E+03
 4894   0.87270340E+02
 4895   0.65309830E+02
 4896   0.10568578E+03
 4897   0.16997247E+03
 4898   0.16198908E+03
 4899   0.11594820E+03
 4900   0.12771621E+03
 4901   0.16623989E+03
 4902   0.15100886E+03
 4903   0.10733675E+03
 4904   0.67801870E+02
 4905   0.46222120E+02
 4906   0.69252770E+02
 4907   0.14669447E+03
 4908   0.17427663E+03
 4909   0.12170284E+03
 4910   0.11455184E+03
 4911   0.19710296E+03
 4912   0.20256478E+03
 4913   0.10521832E+03
 4914   0.58563300E+02
 4915   0.33639370E+02
 4916   0.20501480E+02
 4917   0.28621850E+02
 4918   0.41756497E+03
 4919   0.35544568E+03
 4920   0.32326401E+03
 4921   0.28677819E+03
 4922   0.25966108E+03
 4923   0.18961726E+03
 4924   0.22777950E+03
 4925   0.28488859E+03
 4926   0.25048332E+03
 4927   0.16391435E+03
 4928   0.11096431E+03
 4929   0.11353755E+03
 4930   0.24409809E+03
 4931   0.41902408E+03
 4932   0.45538688E+03
 4933   0.38724588E+03
 4934   0.26115673E+03
 4935   0.13440030E+03
 4936   0.69946180E+02
 4937   0.44981220E+02
 4938   0.32444570E+02
 4939   0.39655980E+02
 4940   0.10419725E+03
 4941   0.15816124E+03
 4942   0.24835999E+03
 4943   0.38419028E+03
 4944   0.59088276E+03
 4945   0.39526363E+03
 4946   0.16957538E+03
 4947   0.82768000E+02
 4948   0.45208100E+02
 4949   0.32102980E+02
 4950   0.33853250E+02
 4951   0.55926500E+02
 4952   0.57965360E+02
 4953   0.39079910E+02
 4954   0.27781910E+02
 4955   0.21758920E+02
 4956   0.17837350E+02
 4957   0.15171560E+02
 4958   0.13255640E+02
 4959   0.12045770E+02
 4960   0.99353800E+01
 4961   0.66189300E+01
 4962   0.31094800E+01
 4963   0.14176280E+02
 4964   0.60607320E+02
 4965   0.81921100E+02
 4966   0.71570960E+02
 4967   0.83819490E+02
 4968   0.93476460E+02
 4969   0.72665260E+02
 4970   0.59178110E+02
 4971   0.68514100E+02
 4972   0.93757980E+02
 4973   0.32832150E+03
 4974   0.43219133E+03
 4975   0.33708141E+03
 4976   0.17466549E+03
 4977   0.96407920E+02
 4978   0.53980390E+02
 4979   0.37117560E+02
 4980   0.36970270E+02
 4981   0.12370427E+03
 4982   0.23807046E+03
 4983   0.11775902E+03
 4984   0.84354620E+02
 4985   0.67493000E+02
 4986   0.61075200E+02
 4987   0.78518250E+02
 4988   0.77582140E+02
 4989   0.11705684E+03
 4990   0.70330760E+02
 4991   0.37149770E+02
 4992   0.21015590E+02
 4993   0.11779840E+02
 4994   0.64407500E+01
 4995   0.27580900E+01
 4996   0.80270000E+00
 4997   0.20009000E+00
 4998   0.14162000E+00
 4999   0.11231000E+00
 5000   0.83910000E-01
 5001   0.66660000E-01
 5002   0.53290000E-01
 5003   0.38410000E-01
 5004   0.27050000E-01
 5005   0.19610000E-01
 5006   0.14750000E-01
 5007   0.11460000E-01
 5008   0.91500000E-02
 5009   0.74700000E-02
 5010   0.67400000E-02
 5011   0.59100000E-02
 5012   0.54500000E-02
 5013   0.52100000E-02
 5014   0.50600000E-02
 5015   0.49000000E-02
 5016   0.46500000E-02
 5017   0.43200000E-02
 5018   0.39500000E-02
 5019   0.35700000E-02
 5020   0.32000000E-02
 5021   0.28700000E-02
 5022   0.25700000E-02
 5023   0.23100000E-02
 5024   0.20800000E-02
 5025   0.18800000E-02
 5026   0.17100000E-02
 5027   0.15500000E-02
 5028   0.14200000E-02
 5029   0.85900000E-02
 5030   0.86816000E+00
 5031   0.43658000E+00
 5032   0.33289000E+00
 5033   0.31814000E+00
 5034   0.26188000E+00
 5035   0.37481100E+01
 5036   0.64554700E+02
 5037   0.70960330E+02
 5038   0.40910910E+02
 5039   0.25420930E+02
 5040   0.20078890E+02
 5041   0.14483330E+02
 5042   0.10244030E+02
 5043   0.73616200E+01
 5044   0.54559700E+01
 5045   0.39827500E+01
 5046   0.13861000E+01
 5047   0.25144000E+00
 5048   0.89270000E-01
 5049   0.59870000E-01
 5050   0.41120000E-01
 5051   0.27930000E-01
 5052   0.19650000E-01
 5053   0.14470000E-01
 5054   0.11090000E-01
 5055   0.87900000E-02
 5056   0.71400000E-02
 5057   0.59300000E-02
 5058   0.50000000E-02
 5059   0.42800000E-02
 5060   0.37100000E-02
 5061   0.32500000E-02
 5062   0.28700000E-02
 5063   0.25500000E-02
 5064   0.22800000E-02
 5065   0.20500000E-02
 5066   0.18600000E-02
 5067   0.16900000E-02
 5068   0.15400000E-02
 5069   0.14200000E-02
 5070   0.13000000E-02
 5071   0.12000000E-02
 5072   0.11100000E-02
 5073   0.10300000E-02
 5074   0.96000000E-03
 5075   0.90000000E-03
 5076   0.84000000E-03
 5077   0.79000000E-03
 5078   0.74000000E-03
 5079   0.69000000E-03
 5080   0.65000000E-03
 5081   0.62000000E-03
 5082   0.58000000E-03
 5083   0.55000000E-03
 5084   0.52000000E-03
 5085   0.50000000E-03
 5086   0.47000000E-03
 5087   0.45000000E-03
 5088   0.43000000E-03
 5089   0.41000000E-03
 5090   0.39000000E-03
 5091   0.37000000E-03
 5092   0.36000000E-03
 5093   0.34000000E-03
 5094   0.33000000E-03
 5095   0.31000000E-03
 5096   0.30000000E-03
 5097   0.29000000E-03
 5098   0.28000000E-03
 5099   0.27000000E-03
 5100   0.26000000E-03
 5101   0.25000000E-03
 5102   0.24000000E-03
 5103   0.23000000E-03
 5104   0.22000000E-03
 5105   0.21000000E-03
 5106   0.21000000E-03
 5107   0.20000000E-03
 5108   0.19000000E-03
 5109   0.14802000E+00
 5110   0.31162700E+01
 5111   0.56544300E+01
 5112   0.55710400E+01
 5113   0.52367500E+01
 5114   0.45254200E+01
 5115   0.37666400E+01
 5116   0.38823500E+01
 5117   0.40619800E+01
 5118   0.30536000E+01
 5119   0.14292900E+01
 5120   0.10855200E+01
 5121   0.75994000E+00
 5122   0.43211000E+00
 5123   0.25231000E+00
 5124   0.13385000E+00
 5125   0.67160000E-01
 5126   0.36070000E-01
 5127   0.21960000E-01
 5128   0.14890000E-01
 5129   0.10920000E-01
 5130   0.84500000E-02
 5131   0.67900000E-02
 5132   0.56100000E-02
 5133   0.11118200E+01
 5134   0.36641700E+01
 5135   0.60347700E+01
 5136   0.70970400E+01
 5137   0.82428100E+01
 5138   0.96908300E+01
 5139   0.15336240E+02
 5140   0.18247610E+02
 5141   0.16944740E+02
 5142   0.15417540E+02
 5143   0.13140320E+02
 5144   0.10499980E+02
 5145   0.10105970E+02
 5146   0.11244220E+02
 5147   0.10603210E+02
 5148   0.82286700E+01
 5149   0.51708300E+01
 5150   0.33038300E+01
 5151   0.28368800E+01
 5152   0.36809500E+01
 5153   0.59384200E+01
 5154   0.74629000E+01
 5155   0.89694400E+01
 5156   0.12199890E+02
 5157   0.13260470E+02
 5158   0.13080560E+02
 5159   0.10777170E+02
 5160   0.86198900E+01
 5161   0.79393600E+01
 5162   0.80282200E+01
 5163   0.81238600E+01
 5164   0.75973400E+01
 5165   0.65544000E+01
 5166   0.53691900E+01
 5167   0.42608800E+01
 5168   0.30257400E+01
 5169   0.10989100E+01
 5170   0.15896000E+00
 5171   0.64680000E-01
 5172   0.42830000E-01
 5173   0.27740000E-01
 5174   0.18490000E-01
 5175   0.33470000E-01
 5176   0.20504200E+01
 5177   0.44411300E+01
 5178   0.68139000E+01
 5179   0.92817100E+01
 5180   0.10765080E+02
 5181   0.25626130E+02
 5182   0.24002350E+02
 5183   0.22245820E+02
 5184   0.25821290E+02
 5185   0.37822590E+02
 5186   0.76868380E+02
 5187   0.82788650E+02
 5188   0.73472110E+02
 5189   0.67151240E+02
 5190   0.66880660E+02
 5191   0.65413260E+02
 5192   0.48862120E+02
 5193   0.34339840E+02
 5194   0.30112080E+02
 5195   0.33498890E+02
 5196   0.28680510E+02
 5197   0.22200720E+02
 5198   0.17460500E+02
 5199   0.14134420E+02
 5200   0.99786300E+01
 5201   0.75110000E+01
 5202   0.64746200E+01
 5203   0.57151100E+01
 5204   0.49561200E+01
 5205   0.45987800E+01
 5206   0.49951800E+01
 5207   0.57035900E+01
 5208   0.59270800E+01
 5209   0.12595780E+02
 5210   0.15074560E+02
 5211   0.12408610E+02
 5212   0.96606700E+01
 5213   0.73454200E+01
 5214   0.56768300E+01
 5215   0.44049100E+01
 5216   0.29660100E+01
 5217   0.13278100E+01
 5218   0.43100000E+00
 5219   0.11726000E+00
 5220   0.50840000E-01
 5221   0.27810000E-01
 5222   0.17830000E-01
 5223   0.12690000E-01
 5224   0.96700000E-02
 5225   0.77000000E-02
 5226   0.12675400E+01
 5227   0.12439760E+02
 5228   0.40583620E+03
 5229   0.32870644E+03
 5230   0.24863356E+03
 5231   0.17958856E+03
 5232   0.11435235E+03
 5233   0.68693720E+02
 5234   0.42603200E+02
 5235   0.33021270E+02
 5236   0.32418940E+02
 5237   0.41882100E+02
 5238   0.37575100E+02
 5239   0.29259320E+02
 5240   0.23789210E+02
 5241   0.18106780E+02
 5242   0.13321050E+02
 5243   0.98978700E+01
 5244   0.81023800E+01
 5245   0.82854600E+01
 5246   0.35219600E+02
 5247   0.97088990E+02
 5248   0.12364635E+03
 5249   0.13010043E+03
 5250   0.10188370E+03
 5251   0.67698610E+02
 5252   0.48035180E+02
 5253   0.35356820E+02
 5254   0.25190760E+02
 5255   0.20605730E+02
 5256   0.22527310E+02
 5257   0.24525940E+02
 5258   0.24269000E+02
 5259   0.60973510E+02
 5260   0.58639410E+02
 5261   0.41000010E+02
 5262   0.75289520E+02
 5263   0.14374636E+03
 5264   0.84256790E+02
 5265   0.68340190E+02
 5266   0.19796932E+03
 5267   0.32774623E+03
 5268   0.27655200E+03
 5269   0.32581494E+03
 5270   0.33819904E+03
 5271   0.28802819E+03
 5272   0.31078345E+03
 5273   0.40172202E+03
 5274   0.46860145E+03
 5275   0.48099653E+03
 5276   0.25829487E+03
 5277   0.12244024E+03
 5278   0.64742510E+02
 5279   0.36995750E+02
 5280   0.41168050E+02
 5281   0.68441380E+02
 5282   0.81413760E+02
 5283   0.76578000E+02
 5284   0.58492740E+02
 5285   0.60133860E+02
 5286   0.31313890E+03
 5287   0.45972374E+03
 5288   0.19080221E+03
 5289   0.90917500E+02
 5290   0.57211040E+02
 5291   0.48378780E+02
 5292   0.60656610E+02
 5293   0.94125170E+02
 5294   0.10158627E+03
 5295   0.10937443E+03
 5296   0.10645697E+03
 5297   0.86899940E+02
 5298   0.66706300E+02
 5299   0.73602090E+02
 5300   0.12113701E+03
 5301   0.12428108E+03
 5302   0.14317883E+03
 5303   0.17523411E+03
 5304   0.13676240E+03
 5305   0.10056826E+03
 5306   0.72292770E+02
 5307   0.55057880E+02
 5308   0.40821320E+02
 5309   0.11353811E+03
 5310   0.13309659E+03
 5311   0.14551104E+03
 5312   0.49293018E+03
 5313   0.23176141E+03
 5314   0.15671352E+03
 5315   0.11747558E+03
 5316   0.13664535E+03
 5317   0.29842212E+03
 5318   0.46027717E+03
 5319   0.44029728E+03
 5320   0.88044663E+03
 5321   0.65692994E+03
 5322   0.48745798E+03
 5323   0.36192146E+03
 5324   0.27139488E+03
 5325   0.80954252E+03
 5326   0.18367040E+04
 5327   0.15310619E+04
 5328   0.11019894E+04
 5329   0.97794730E+03
 5330   0.48197297E+03
 5331   0.17961410E+03
 5332   0.82644000E+02
 5333   0.42179720E+02
 5334   0.25376820E+02
 5335   0.15348240E+02
 5336   0.10175870E+02
 5337   0.11506950E+02
 5338   0.15333040E+02
 5339   0.56036070E+02
 5340   0.22141207E+03
 5341   0.60692239E+03
 5342   0.11333323E+04
 5343   0.57080075E+03
 5344   0.24053128E+03
 5345   0.11435523E+03
 5346   0.61159450E+02
 5347   0.36397530E+02
 5348   0.23397230E+02
 5349   0.17679030E+02
 5350   0.13257170E+02
 5351   0.84737900E+01
 5352   0.54852100E+01
 5353   0.34400000E+01
 5354   0.11524800E+01
 5355   0.21886000E+00
 5356   0.12701000E+00
 5357   0.10225000E+00
 5358   0.79174000E+00
 5359   0.31521200E+01
 5360   0.54279400E+01
 5361   0.62399200E+01
 5362   0.14117230E+02
 5363   0.34592570E+02
 5364   0.47743350E+02
 5365   0.58091760E+02
 5366   0.45844500E+02
 5367   0.34988070E+02
 5368   0.23393050E+02
 5369   0.13977200E+02
 5370   0.88400800E+01
 5371   0.61244500E+01
 5372   0.44120200E+01
 5373   0.25503400E+01
 5374   0.73009000E+00
 5375   0.13702000E+00
 5376   0.78970000E-01
 5377   0.58950000E-01
 5378   0.41870000E-01
 5379   0.16837100E+01
 5380   0.61752900E+01
 5381   0.14417170E+02
 5382   0.11357938E+03
 5383   0.88911990E+02
 5384   0.57955860E+02
 5385   0.35307740E+02
 5386   0.22372370E+02
 5387   0.13617670E+02
 5388   0.90035700E+01
 5389   0.65451700E+01
 5390   0.50725100E+01
 5391   0.39946600E+01
 5392   0.26719500E+01
 5393   0.11117400E+01
 5394   0.24824000E+00
 5395   0.98010000E-01
 5396   0.52150000E-01
 5397   0.31990000E-01
 5398   0.21580000E-01
 5399   0.15570000E-01
 5400   0.11810000E-01
 5401   0.92900000E-02
 5402   0.75100000E-02
 5403   0.62200000E-02
 5404   0.52300000E-02
 5405   0.44700000E-02
 5406   0.38600000E-02
 5407   0.33800000E-02
 5408   0.29800000E-02
 5409   0.26400000E-02
 5410   0.23600000E-02
 5411   0.21200000E-02
 5412   0.19200000E-02
 5413   0.17400000E-02
 5414   0.15900000E-02
 5415   0.14600000E-02
 5416   0.73700000E-02
 5417   0.31280000E-01
 5418   0.81090000E-01
 5419   0.17695000E+00
 5420   0.22134000E+00
 5421   0.16305000E+00
 5422   0.11456000E+00
 5423   0.76290000E-01
 5424   0.49670000E-01
 5425   0.33520000E-01
 5426   0.23720000E-01
 5427   0.17520000E-01
 5428   0.13400000E-01
 5429   0.10560000E-01
 5430   0.85200000E-02
 5431   0.70100000E-02
 5432   0.58600000E-02
 5433   0.49700000E-02
 5434   0.42700000E-02
 5435   0.37000000E-02
 5436   0.32400000E-02
 5437   0.28600000E-02
 5438   0.25400000E-02
 5439   0.22700000E-02
 5440   0.20500000E-02
 5441   0.18500000E-02
 5442   0.16800000E-02
 5443   0.15300000E-02
 5444   0.14000000E-02
 5445   0.12900000E-02
 5446   0.11900000E-02
 5447   0.11000000E-02
 5448   0.10200000E-02
 5449   0.95000000E-03
 5450   0.88000000E-03
 5451   0.83000000E-03
 5452   0.77000000E-03
 5453   0.73000000E-03
 5454   0.68000000E-03
 5455   0.64000000E-03
 5456   0.61000000E-03
 5457   0.57000000E-03
 5458   0.54000000E-03
 5459   0.51000000E-03
 5460   0.49000000E-03
 5461   0.46000000E-03
 5462   0.44000000E-03
 5463   0.42000000E-03
 5464   0.40000000E-03
 5465   0.38000000E-03
 5466   0.36000000E-03
 5467   0.35000000E-03
 5468   0.33000000E-03
 5469   0.32000000E-03
 5470   0.31000000E-03
 5471   0.29000000E-03
 5472   0.28000000E-03
 5473   0.27000000E-03
 5474   0.26000000E-03
 5475   0.25000000E-03
 5476   0.24000000E-03
 5477   0.23000000E-03
 5478   0.22000000E-03
 5479   0.49200000E-02
 5480   0.31060000E-01
 5481   0.80550000E-01
 5482   0.62290000E-01
 5483   0.42240000E-01
 5484   0.29280000E-01
 5485   0.21080000E-01
 5486   0.15740000E-01
 5487   0.12140000E-01
 5488   0.96200000E-02
 5489   0.78000000E-02
 5490   0.64500000E-02
 5491   0.54200000E-02
 5492   0.58200000E-02
 5493   0.96420000E-01
 5494   0.11655500E+01
 5495   0.67093000E+00
 5496   0.24522000E+00
 5497   0.13027000E+00
 5498   0.76220000E-01
 5499   0.48590000E-01
 5500   0.48470000E-01
 5501   0.10407000E+01
 5502   0.13327500E+01
 5503   0.13207800E+01
 5504   0.96449000E+00
 5505   0.38086000E+00
 5506   0.17193000E+00
 5507   0.75190000E-01
 5508   0.35530000E-01
 5509   0.19320000E-01
 5510   0.11870000E-01
 5511   0.80200000E-02
 5512   0.58300000E-02
 5513   0.44800000E-02
 5514   0.35900000E-02
 5515   0.29700000E-02
 5516   0.25200000E-02
 5517   0.21900000E-02
 5518   0.19200000E-02
 5519   0.17200000E-02
 5520   0.15400000E-02
 5521   0.14000000E-02
 5522   0.12800000E-02
 5523   0.11700000E-02
 5524   0.10800000E-02
 5525   0.10000000E-02
 5526   0.93000000E-03
 5527   0.87000000E-03
 5528   0.81000000E-03
 5529   0.76000000E-03
 5530   0.71000000E-03
 5531   0.67000000E-03
 5532   0.70000000E-03
 5533   0.67943300E+01
 5534   0.20904420E+02
 5535   0.22691150E+02
 5536   0.17589970E+02
 5537   0.11841980E+02
 5538   0.63477300E+01
 5539   0.27934800E+01
 5540   0.10764400E+01
 5541   0.38537000E+00
 5542   0.23380000E+00
 5543   0.16220000E+00
 5544   0.16096700E+01
 5545   0.39839100E+01
 5546   0.85241700E+01
 5547   0.17231890E+02
 5548   0.20145540E+02
 5549   0.16461770E+02
 5550   0.15644660E+02
 5551   0.13857760E+02
 5552   0.10421220E+02
 5553   0.78691100E+01
 5554   0.61274200E+01
 5555   0.48344000E+01
 5556   0.36945800E+01
 5557   0.20228200E+01
 5558   0.10934900E+01
 5559   0.24588000E+00
 5560   0.96900000E-01
 5561   0.59290000E-01
 5562   0.38910000E-01
 5563   0.26230000E-01
 5564   0.11010700E+01
 5565   0.10556700E+01
 5566   0.94113000E+00
 5567   0.19566500E+01
 5568   0.26912500E+01
 5569   0.27282100E+01
 5570   0.15270500E+01
 5571   0.11719300E+01
 5572   0.11892300E+01
 5573   0.12398300E+01
 5574   0.12673000E+01
 5575   0.11216700E+01
 5576   0.92276000E+00
 5577   0.51346000E+00
 5578   0.26898000E+00
 5579   0.12382000E+00
 5580   0.57340000E-01
 5581   0.31470000E-01
 5582   0.92610000E+00
 5583   0.25257700E+01
 5584   0.39071400E+01
 5585   0.15843020E+02
 5586   0.24135040E+02
 5587   0.72434790E+02
 5588   0.11595300E+03
 5589   0.13566865E+03
 5590   0.96862300E+02
 5591   0.71939290E+02
 5592   0.80487730E+02
 5593   0.15721058E+03
 5594   0.11520588E+03
 5595   0.67440590E+02
 5596   0.41848480E+02
 5597   0.27876030E+02
 5598   0.21023700E+02
 5599   0.16594780E+02
 5600   0.11239440E+02
 5601   0.80702000E+01
 5602   0.65945600E+01
 5603   0.74442900E+01
 5604   0.21965400E+02
 5605   0.76813670E+02
 5606   0.85327850E+02
 5607   0.73642440E+02
 5608   0.10498254E+03
 5609   0.13511287E+03
 5610   0.98932860E+02
 5611   0.72104090E+02
 5612   0.51943070E+02
 5613   0.35258170E+02
 5614   0.24870780E+02
 5615   0.18973460E+02
 5616   0.14659730E+02
 5617   0.11056870E+02
 5618   0.81538400E+01
 5619   0.59386700E+01
 5620   0.37867800E+01
 5621   0.13993200E+01
 5622   0.73129000E+00
 5623   0.25814000E+00
 5624   0.12910000E+00
 5625   0.74530000E-01
 5626   0.84830000E-01
 5627   0.61493300E+01
 5628   0.28478190E+02
 5629   0.77846070E+02
 5630   0.55062950E+02
 5631   0.36825410E+02
 5632   0.28255960E+02
 5633   0.77743410E+02
 5634   0.47346661E+03
 5635   0.51573890E+03
 5636   0.21308028E+03
 5637   0.99352590E+02
 5638   0.52797520E+02
 5639   0.36078010E+02
 5640   0.74289240E+02
 5641   0.27591683E+03
 5642   0.13874233E+03
 5643   0.78224420E+02
 5644   0.26520476E+03
 5645   0.62746970E+03
 5646   0.29152315E+03
 5647   0.25553171E+03
 5648   0.26210655E+03
 5649   0.15104355E+03
 5650   0.15731484E+03
 5651   0.17178845E+03
 5652   0.19172744E+03
 5653   0.16460492E+03
 5654   0.11289588E+03
 5655   0.12122757E+03
 5656   0.17752065E+03
 5657   0.16733267E+03
 5658   0.12749989E+03
 5659   0.89515960E+02
 5660   0.59883230E+02
 5661   0.38281150E+02
 5662   0.26104760E+02
 5663   0.18164600E+02
 5664   0.15970930E+02
 5665   0.19532320E+02
 5666   0.27913040E+02
 5667   0.30760510E+02
 5668   0.23068630E+02
 5669   0.19418580E+02
 5670   0.21405610E+02
 5671   0.88308880E+02
 5672   0.12266775E+03
 5673   0.12578085E+03
 5674   0.12232737E+03
 5675   0.12262786E+03
 5676   0.12633451E+03
 5677   0.11633434E+03
 5678   0.14979671E+03
 5679   0.14551082E+03
 5680   0.21231427E+03
 5681   0.39820109E+03
 5682   0.59428502E+03
 5683   0.35638344E+03
 5684   0.32253108E+03
 5685   0.48148323E+03
 5686   0.31465735E+03
 5687   0.22488169E+03
 5688   0.17665122E+03
 5689   0.18232427E+03
 5690   0.10293624E+04
 5691   0.35559035E+03
 5692   0.15966246E+03
 5693   0.37516445E+03
 5694   0.12394086E+04
 5695   0.68633716E+03
 5696   0.31346966E+03
 5697   0.15941044E+03
 5698   0.86143700E+02
 5699   0.63144980E+02
 5700   0.10994995E+03
 5701   0.31475546E+03
 5702   0.26544044E+03
 5703   0.23717035E+03
 5704   0.38536716E+03
 5705   0.31753559E+03
 5706   0.15849019E+03
 5707   0.88825280E+02
 5708   0.52272240E+02
 5709   0.39432970E+02
 5710   0.58092670E+02
 5711   0.59882930E+02
 5712   0.48952500E+02
 5713   0.69670510E+02
 5714   0.66809880E+02
 5715   0.44016870E+02
 5716   0.28341200E+02
 5717   0.24751070E+02
 5718   0.55627160E+02
 5719   0.68515900E+02
 5720   0.45666980E+02
 5721   0.27112630E+02
 5722   0.18818980E+02
 5723   0.24648450E+02
 5724   0.11893958E+03
 5725   0.74534880E+02
 5726   0.42217230E+02
 5727   0.24662520E+02
 5728   0.14663070E+02
 5729   0.96886900E+01
 5730   0.67716100E+01
 5731   0.49093000E+01
 5732   0.31270900E+01
 5733   0.98861000E+00
 5734   0.15590000E+00
 5735   0.82320000E-01
 5736   0.61310000E-01
 5737   0.44160000E-01
 5738   0.30220000E-01
 5739   0.21160000E-01
 5740   0.15470000E-01
 5741   0.11780000E-01
 5742   0.92800000E-02
 5743   0.75100000E-02
 5744   0.62100000E-02
 5745   0.52200000E-02
 5746   0.44600000E-02
 5747   0.38600000E-02
 5748   0.33700000E-02
 5749   0.29700000E-02
 5750   0.26300000E-02
 5751   0.23500000E-02
 5752   0.21200000E-02
 5753   0.19100000E-02
 5754   0.17400000E-02
 5755   0.15900000E-02
 5756   0.14500000E-02
 5757   0.13400000E-02
 5758   0.12300000E-02
 5759   0.11400000E-02
 5760   0.10600000E-02
 5761   0.98000000E-03
 5762   0.92000000E-03
 5763   0.86000000E-03
 5764   0.80000000E-03
 5765   0.75000000E-03
 5766   0.71000000E-03
 5767   0.67000000E-03
 5768   0.63000000E-03
 5769   0.59000000E-03
 5770   0.56000000E-03
 5771   0.53000000E-03
 5772   0.51000000E-03
 5773   0.48000000E-03
 5774   0.46000000E-03
 5775   0.43000000E-03
 5776   0.41000000E-03
 5777   0.40000000E-03
 5778   0.38000000E-03
 5779   0.36000000E-03
 5780   0.35000000E-03
 5781   0.33000000E-03
 5782   0.32000000E-03
 5783   0.30000000E-03
 5784   0.29000000E-03
 5785   0.28000000E-03
 5786   0.27000000E-03
 5787   0.26000000E-03
 5788   0.25000000E-03
 5789   0.24000000E-03
 5790   0.23000000E-03
 5791   0.22000000E-03
 5792   0.22000000E-03
 5793   0.21000000E-03
 5794   0.20000000E-03
 5795   0.20000000E-03
 5796   0.19000000E-03
 5797   0.18000000E-03
 5798   0.18000000E-03
 5799   0.17000000E-03
 5800   0.17000000E-03
 5801   0.16000000E-03
 5802   0.51300000E-02
 5803   0.15430000E-01
 5804   0.78010000E-01
 5805   0.73300000E-01
 5806   0.51340000E-01
 5807   0.35590000E-01
 5808   0.25400000E-01
 5809   0.18760000E-01
 5810   0.14300000E-01
 5811   0.11220000E-01
 5812   0.90100000E-02
 5813   0.15950000E+00
 5814   0.27160200E+01
 5815   0.34824600E+01
 5816   0.30483400E+01
 5817   0.21827300E+01
 5818   0.12446700E+01
 5819   0.52143000E+00
 5820   0.28424000E+00
 5821   0.20712000E+00
 5822   0.24707600E+01
 5823   0.30796100E+01
 5824   0.11884700E+01
 5825   0.39774000E+00
 5826   0.27169000E+00
 5827   0.19190000E+00
 5828   0.13374000E+00
 5829   0.84660000E-01
 5830   0.54500000E-01
 5831   0.37040000E-01
 5832   0.26500000E-01
 5833   0.19770000E-01
 5834   0.15260000E-01
 5835   0.12090000E-01
 5836   0.98000000E-02
 5837   0.80900000E-02
 5838   0.67800000E-02
 5839   0.57600000E-02
 5840   0.49400000E-02
 5841   0.42900000E-02
 5842   0.37500000E-02
 5843   0.33100000E-02
 5844   0.41632000E+00
 5845   0.12732300E+01
 5846   0.43995000E+00
 5847   0.20436000E+00
 5848   0.14400000E+00
 5849   0.11115000E+00
 5850   0.76350000E-01
 5851   0.50970000E-01
 5852   0.35170000E-01
 5853   0.25340000E-01
 5854   0.18980000E-01
 5855   0.14680000E-01
 5856   0.11660000E-01
 5857   0.94600000E-02
 5858   0.78753000E+00
 5859   0.32178500E+01
 5860   0.52885500E+01
 5861   0.59324700E+01
 5862   0.76917200E+01
 5863   0.91313300E+01
 5864   0.10071670E+02
 5865   0.89558300E+01
 5866   0.67743300E+01
 5867   0.53326700E+01
 5868   0.44332700E+01
 5869   0.37520800E+01
 5870   0.28424200E+01
 5871   0.15426600E+01
 5872   0.89517000E+00
 5873   0.26313000E+00
 5874   0.12023000E+00
 5875   0.60130000E-01
 5876   0.34260000E-01
 5877   0.22070000E-01
 5878   0.15520000E-01
 5879   0.15967000E+00
 5880   0.29008200E+01
 5881   0.47334900E+01
 5882   0.42602200E+01
 5883   0.33486100E+01
 5884   0.17471600E+01
 5885   0.10213700E+01
 5886   0.82764000E+00
 5887   0.14388200E+01
 5888   0.40190600E+01
 5889   0.82198000E+01
 5890   0.18159580E+02
 5891   0.33563400E+02
 5892   0.48976780E+02
 5893   0.66427130E+02
 5894   0.61351550E+02
 5895   0.44289930E+02
 5896   0.29199530E+02
 5897   0.16810050E+02
 5898   0.10845220E+02
 5899   0.79006900E+01
 5900   0.60480800E+01
 5901   0.46763600E+01
 5902   0.42529800E+01
 5903   0.48830600E+01
 5904   0.54509000E+01
 5905   0.92497800E+01
 5906   0.14046970E+02
 5907   0.11560670E+02
 5908   0.84624500E+01
 5909   0.68916300E+01
 5910   0.13606210E+02
 5911   0.60666790E+02
 5912   0.93735490E+02
 5913   0.83968240E+02
 5914   0.59761330E+02
 5915   0.40472340E+02
 5916   0.28297600E+02
 5917   0.20467680E+02
 5918   0.17421950E+02
 5919   0.38282890E+02
 5920   0.66572150E+02
 5921   0.80384340E+02
 5922   0.66977280E+02
 5923   0.56718110E+02
 5924   0.46670780E+02
 5925   0.41959890E+02
 5926   0.41751830E+02
 5927   0.75779220E+02
 5928   0.17757972E+03
 5929   0.18075265E+03
 5930   0.13837141E+03
 5931   0.10849351E+03
 5932   0.88162410E+02
 5933   0.68260320E+02
 5934   0.57814620E+02
 5935   0.67867830E+02
 5936   0.54684020E+02
 5937   0.37460930E+02
 5938   0.27777100E+02
 5939   0.36580060E+02
 5940   0.67580310E+02
 5941   0.93706190E+02
 5942   0.96169280E+02
 5943   0.76028730E+02
 5944   0.52130950E+02
 5945   0.33898910E+02
 5946   0.24469390E+02
 5947   0.20614130E+02
 5948   0.30167040E+02
 5949   0.33257830E+02
 5950   0.25311900E+02
 5951   0.17074040E+02
 5952   0.11730880E+02
 5953   0.87991500E+01
 5954   0.70362000E+01
 5955   0.81167600E+01
 5956   0.10862870E+02
 5957   0.19780930E+02
 5958   0.29740630E+02
 5959   0.50015990E+02
 5960   0.42180680E+02
 5961   0.28149800E+02
 5962   0.17319530E+02
 5963   0.11363150E+02
 5964   0.79218000E+01
 5965   0.57917600E+01
 5966   0.43166200E+01
 5967   0.39669400E+01
 5968   0.45818900E+01
 5969   0.46711400E+01
 5970   0.78370300E+01
 5971   0.24528710E+02
 5972   0.17034587E+03
 5973   0.43199477E+03
 5974   0.57663922E+03
 5975   0.41590237E+03
 5976   0.22110132E+03
 5977   0.11366847E+03
 5978   0.62802290E+02
 5979   0.41770100E+02
 5980   0.84893090E+02
 5981   0.22375043E+03
 5982   0.21203736E+03
 5983   0.18248579E+03
 5984   0.19967947E+03
 5985   0.20004721E+03
 5986   0.12855676E+03
 5987   0.74223030E+02
 5988   0.43667870E+02
 5989   0.24061550E+02
 5990   0.15020000E+02
 5991   0.21519540E+02
 5992   0.36330090E+02
 5993   0.50847860E+02
 5994   0.73926770E+02
 5995   0.69760400E+02
 5996   0.63026260E+02
 5997   0.52487270E+02
 5998   0.38323240E+02
 5999   0.28868370E+02
 6000   0.20046130E+02
 6001   0.15489530E+02
 6002   0.14749600E+02
 6003   0.74315550E+02
 6004   0.31067257E+03
 6005   0.32135621E+03
 6006   0.29673083E+03
 6007   0.23367339E+03
 6008   0.19062030E+03
 6009   0.21184703E+03
 6010   0.79384769E+03
 6011   0.76522773E+03
 6012   0.29278654E+03
 6013   0.12997118E+03
 6014   0.87973640E+02
 6015   0.27412370E+03
 6016   0.40680725E+03
 6017   0.22095562E+03
 6018   0.16730303E+03
 6019   0.37709315E+03
 6020   0.71619715E+03
 6021   0.48529245E+03
 6022   0.49149986E+03
 6023   0.51477475E+03
 6024   0.47438385E+03
 6025   0.28510236E+03
 6026   0.16149508E+03
 6027   0.99994010E+02
 6028   0.63476310E+02
 6029   0.43726270E+02
 6030   0.28528960E+02
 6031   0.21120250E+02
 6032   0.19337300E+02
 6033   0.18484440E+02
 6034   0.17998840E+02
 6035   0.21596360E+02
 6036   0.28091330E+02
 6037   0.45942290E+02
 6038   0.79213940E+02
 6039   0.11700365E+03
 6040   0.10333906E+03
 6041   0.11808281E+03
 6042   0.21837320E+03
 6043   0.42863915E+03
 6044   0.70118173E+03
 6045   0.62095341E+03
 6046   0.62499874E+03
 6047   0.31462058E+03
 6048   0.17906010E+03
 6049   0.12258660E+03
 6050   0.11939729E+03
 6051   0.15442074E+03
 6052   0.36019119E+03
 6053   0.42067614E+03
 6054   0.30015045E+03
 6055   0.40043708E+03
 6056   0.40777154E+03
 6057   0.20288786E+03
 6058   0.10140919E+03
 6059   0.55238810E+02
 6060   0.31558180E+02
 6061   0.18422650E+02
 6062   0.13828860E+02
 6063   0.11738910E+02
 6064   0.95026200E+01
 6065   0.88131600E+01
 6066   0.84324800E+01
 6067   0.62998300E+01
 6068   0.28725900E+01
 6069   0.10722500E+01
 6070   0.13011800E+01
 6071   0.84676000E+00
 6072   0.15919300E+01
 6073   0.20276000E+01
 6074   0.29341600E+01
 6075   0.74077500E+01
 6076   0.84209900E+01
 6077   0.67523200E+01
 6078   0.59554200E+01
 6079   0.87878400E+01
 6080   0.13264000E+02
 6081   0.19708440E+02
 6082   0.21340710E+02
 6083   0.19010950E+02
 6084   0.18915600E+02
 6085   0.32617610E+02
 6086   0.70060060E+02
 6087   0.58403670E+02
 6088   0.36725620E+02
 6089   0.22094800E+02
 6090   0.13018920E+02
 6091   0.73482600E+01
 6092   0.50181000E+01
 6093   0.53904700E+01
 6094   0.54956500E+01
 6095   0.49828400E+01
 6096   0.48294300E+01
 6097   0.46983700E+01
 6098   0.41112000E+01
 6099   0.34646700E+01
 6100   0.28221700E+01
 6101   0.19915600E+01
 6102   0.10335200E+01
 6103   0.29592800E+01
 6104   0.12735130E+02
 6105   0.10469980E+03
 6106   0.66694180E+02
 6107   0.38555120E+02
 6108   0.23037430E+02
 6109   0.15046640E+02
 6110   0.10434150E+02
 6111   0.73826200E+01
 6112   0.49174700E+01
 6113   0.29757000E+01
 6114   0.13442300E+01
 6115   0.55426000E+00
 6116   0.17072000E+00
 6117   0.75500000E-01
 6118   0.40100000E-01
 6119   0.24940000E-01
 6120   0.17240000E-01
 6121   0.12770000E-01
 6122   0.99100000E-02
 6123   0.79500000E-02
 6124   0.20477500E+01
 6125   0.54449300E+01
 6126   0.81892800E+01
 6127   0.69768100E+01
 6128   0.42122900E+01
 6129   0.13715100E+01
 6130   0.37844000E+00
 6131   0.18827000E+00
 6132   0.13862000E+00
 6133   0.10166000E+00
 6134   0.77100000E-01
 6135   0.60770000E-01
 6136   0.43540000E-01
 6137   0.29920000E-01
 6138   0.21160000E-01
 6139   0.15630000E-01
 6140   0.12000000E-01
 6141   0.95100000E-02
 6142   0.77300000E-02
 6143   0.64200000E-02
 6144   0.54100000E-02
 6145   0.46300000E-02
 6146   0.40100000E-02
 6147   0.35000000E-02
 6148   0.30800000E-02
 6149   0.27400000E-02
 6150   0.24500000E-02
 6151   0.22000000E-02
 6152   0.19900000E-02
 6153   0.18000000E-02
 6154   0.16500000E-02
 6155   0.15100000E-02
 6156   0.13800000E-02
 6157   0.12700000E-02
 6158   0.11800000E-02
 6159   0.10900000E-02
 6160   0.10200000E-02
 6161   0.95000000E-03
 6162   0.88000000E-03
 6163   0.83000000E-03
 6164   0.78000000E-03
 6165   0.73000000E-03
 6166   0.69000000E-03
 6167   0.65000000E-03
 6168   0.61000000E-03
 6169   0.58000000E-03
 6170   0.55000000E-03
 6171   0.52000000E-03
 6172   0.49000000E-03
 6173   0.47000000E-03
 6174   0.45000000E-03
 6175   0.42000000E-03
 6176   0.40000000E-03
 6177   0.39000000E-03
 6178   0.37000000E-03
 6179   0.35000000E-03
 6180   0.34000000E-03
 6181   0.32000000E-03
 6182   0.31000000E-03
 6183   0.30000000E-03
 6184   0.29000000E-03
 6185   0.28000000E-03
 6186   0.27000000E-03
 6187   0.38000000E-03
 6188   0.36000000E-03
 6189   0.35000000E-03
 6190   0.36000000E-03
 6191   0.39000000E-03
 6192   0.42000000E-03
 6193   0.48000000E-03
 6194   0.55000000E-03
 6195   0.68000000E-03
 6196   0.53761000E+00
 6197   0.45893000E+00
 6198   0.25770000E+00
 6199   0.15292000E+00
 6200   0.13292000E+00
 6201   0.11737000E+00
 6202   0.22483100E+01
 6203   0.50512100E+01
 6204   0.58664800E+01
 6205   0.32068200E+01
 6206   0.13429500E+01
 6207   0.57424000E+00
 6208   0.30431000E+00
 6209   0.21495000E+00
 6210   0.15255000E+00
 6211   0.10637000E+00
 6212   0.81220000E-01
 6213   0.64050000E-01
 6214   0.45880000E-01
 6215   0.31560000E-01
 6216   0.22350000E-01
 6217   0.16520000E-01
 6218   0.49995000E+00
 6219   0.86402700E+01
 6220   0.28574150E+02
 6221   0.36830600E+02
 6222   0.39060510E+02
 6223   0.29712390E+02
 6224   0.18799000E+02
 6225   0.10959300E+02
 6226   0.75269900E+01
 6227   0.58527100E+01
 6228   0.46743300E+01
 6229   0.38025700E+01
 6230   0.34175800E+01
 6231   0.32343100E+01
 6232   0.27170300E+01
 6233   0.17781600E+01
 6234   0.11606700E+01
 6235   0.39076000E+00
 6236   0.17739000E+00
 6237   0.11576000E+00
 6238   0.82200000E-01
 6239   0.55760000E-01
 6240   0.50810000E-01
 6241   0.74580000E-01
 6242   0.11846000E+00
 6243   0.17805200E+01
 6244   0.47590800E+01
 6245   0.75286600E+01
 6246   0.60341500E+01
 6247   0.41645200E+01
 6248   0.16858700E+01
 6249   0.37508700E+01
 6250   0.82943600E+01
 6251   0.10526930E+02
 6252   0.95646100E+01
 6253   0.73283100E+01
 6254   0.55032000E+01
 6255   0.46900600E+01
 6256   0.34557500E+01
 6257   0.17565300E+01
 6258   0.11812300E+01
 6259   0.69570000E+00
 6260   0.30717000E+00
 6261   0.16369000E+00
 6262   0.91310000E-01
 6263   0.58840000E-01
 6264   0.38750000E-01
 6265   0.26170000E-01
 6266   0.15391900E+01
 6267   0.61935600E+01
 6268   0.13297000E+02
 6269   0.14873570E+02
 6270   0.12005400E+02
 6271   0.82666000E+01
 6272   0.58288400E+01
 6273   0.50637100E+01
 6274   0.46903600E+01
 6275   0.41510100E+01
 6276   0.24648500E+01
 6277   0.90271000E+00
 6278   0.29152300E+01
 6279   0.73540700E+01
 6280   0.11554040E+02
 6281   0.16456020E+02
 6282   0.22545780E+02
 6283   0.28632110E+02
 6284   0.26627610E+02
 6285   0.20248600E+02
 6286   0.15206130E+02
 6287   0.11887320E+02
 6288   0.10981400E+02
 6289   0.10374080E+02
 6290   0.10498860E+02
 6291   0.11869350E+02
 6292   0.12775940E+02
 6293   0.12950310E+02
 6294   0.12010920E+02
 6295   0.96883300E+01
 6296   0.82835400E+01
 6297   0.79595000E+01
 6298   0.14060940E+02
 6299   0.46029090E+02
 6300   0.43270860E+02
 6301   0.30678300E+02
 6302   0.20166270E+02
 6303   0.13506640E+02
 6304   0.98641900E+01
 6305   0.79373900E+01
 6306   0.62339500E+01
 6307   0.47575100E+01
 6308   0.40433300E+01
 6309   0.80930900E+01
 6310   0.24866770E+02
 6311   0.46350360E+02
 6312   0.49919680E+02
 6313   0.40061460E+02
 6314   0.29619920E+02
 6315   0.23513940E+02
 6316   0.18615000E+02
 6317   0.12024120E+02
 6318   0.83239100E+01
 6319   0.64786700E+01
 6320   0.52338800E+01
 6321   0.48105000E+01
 6322   0.61691300E+01
 6323   0.79029300E+01
 6324   0.13637880E+02
 6325   0.23405520E+02
 6326   0.27783640E+02
 6327   0.29891390E+02
 6328   0.23247660E+02
 6329   0.18140560E+02
 6330   0.15507500E+02
 6331   0.12532820E+02
 6332   0.14183500E+02
 6333   0.18968000E+02
 6334   0.22672900E+02
 6335   0.27015210E+02
 6336   0.25904720E+02
 6337   0.21350530E+02
 6338   0.15746710E+02
 6339   0.13761940E+02
 6340   0.13576670E+02
 6341   0.10983510E+02
 6342   0.74462000E+01
 6343   0.37831600E+01
 6344   0.13365800E+01
 6345   0.38237000E+00
 6346   0.18280000E+00
 6347   0.59546000E+00
 6348   0.61153200E+01
 6349   0.20154955E+03
 6350   0.62473174E+03
 6351   0.45818524E+03
 6352   0.21844065E+03
 6353   0.10965472E+03
 6354   0.96151950E+02
 6355   0.14759962E+03
 6356   0.17441118E+03
 6357   0.27828989E+03
 6358   0.44301825E+03
 6359   0.33744777E+03
 6360   0.17808327E+03
 6361   0.14293761E+03
 6362   0.42009275E+03
 6363   0.74026400E+03
 6364   0.59230433E+03
 6365   0.21175597E+03
 6366   0.15075184E+03
 6367   0.61583977E+03
 6368   0.51791525E+03
 6369   0.42658815E+03
 6370   0.35846546E+03
 6371   0.18365507E+03
 6372   0.10374854E+03
 6373   0.60975830E+02
 6374   0.50027460E+02
 6375   0.53355460E+02
 6376   0.46957900E+02
 6377   0.31425870E+02
 6378   0.21592240E+02
 6379   0.14416810E+02
 6380   0.98381100E+01
 6381   0.74110000E+01
 6382   0.18640620E+02
 6383   0.32315679E+03
 6384   0.41219636E+03
 6385   0.30958244E+03
 6386   0.85122206E+03
 6387   0.46577643E+03
 6388   0.23271432E+03
 6389   0.13476200E+03
 6390   0.10590300E+03
 6391   0.10053425E+03
 6392   0.12252267E+03
 6393   0.18017105E+03
 6394   0.20983386E+03
 6395   0.17552501E+03
 6396   0.13267628E+03
 6397   0.10597987E+03
 6398   0.89129600E+02
 6399   0.58454860E+02
 6400   0.40659510E+02
 6401   0.29338300E+02
 6402   0.20587920E+02
 6403   0.19348390E+02
 6404   0.27920739E+03
 6405   0.33326828E+03
 6406   0.34713241E+03
 6407   0.28115180E+03
 6408   0.65708610E+03
 6409   0.56844949E+03
 6410   0.26216909E+03
 6411   0.13800312E+03
 6412   0.81700420E+02
 6413   0.73727210E+02
 6414   0.99299090E+02
 6415   0.19559426E+03
 6416   0.18326734E+03
 6417   0.14116554E+03
 6418   0.18646259E+03
 6419   0.20515701E+03
 6420   0.24236111E+03
 6421   0.22011780E+03
 6422   0.15765955E+03
 6423   0.97286040E+02
 6424   0.63806420E+02
 6425   0.46019900E+02
 6426   0.36128600E+02
 6427   0.32799920E+02
 6428   0.30813340E+02
 6429   0.26490710E+02
 6430   0.22522650E+02
 6431   0.26750910E+02
 6432   0.10067124E+03
 6433   0.14683075E+03
 6434   0.26834078E+03
 6435   0.20719301E+03
 6436   0.10800550E+03
 6437   0.80980590E+02
 6438   0.57886200E+02
 6439   0.55304530E+02
 6440   0.79081550E+02
 6441   0.57372430E+02
 6442   0.35674010E+02
 6443   0.24809020E+02
 6444   0.18667700E+02
 6445   0.14411950E+02
 6446   0.10916490E+02
 6447   0.76584300E+01
 6448   0.42626800E+01
 6449   0.13799500E+01
 6450   0.41045090E+02
 6451   0.24638082E+03
 6452   0.14456624E+03
 6453   0.66621190E+02
 6454   0.34463400E+02
 6455   0.19742490E+02
 6456   0.14291210E+02
 6457   0.12184539E+03
 6458   0.23296967E+03
 6459   0.13650256E+03
 6460   0.88026840E+02
 6461   0.51611020E+02
 6462   0.46336100E+02
 6463   0.53635030E+02
 6464   0.27722471E+03
 6465   0.31445269E+03
 6466   0.30582104E+03
 6467   0.28643587E+03
 6468   0.19676061E+03
 6469   0.12538844E+03
 6470   0.82562340E+02
 6471   0.49518890E+02
 6472   0.30358760E+02
 6473   0.18765950E+02
 6474   0.11393010E+02
 6475   0.80202800E+01
 6476   0.65765800E+01
 6477   0.55776800E+01
 6478   0.45140200E+01
 6479   0.32609400E+01
 6480   0.14340700E+01
 6481   0.31995000E+00
 6482   0.11397400E+01
 6483   0.22912300E+01
 6484   0.27726500E+01
 6485   0.37395600E+01
 6486   0.50234480E+02
 6487   0.54057490E+02
 6488   0.34578590E+02
 6489   0.20945300E+02
 6490   0.13417820E+02
 6491   0.90965600E+01
 6492   0.59833700E+01
 6493   0.41185800E+01
 6494   0.22751000E+01
 6495   0.10160800E+01
 6496   0.23262000E+00
 6497   0.10097000E+00
 6498   0.55160000E-01
 6499   0.33970000E-01
 6500   0.25510000E-01
 6501   0.21310000E-01
 6502   0.21120000E-01
 6503   0.26780000E-01
 6504   0.26880000E-01
 6505   0.21720000E-01
 6506   0.16670000E-01
 6507   0.12880000E-01
 6508   0.10170000E-01
 6509   0.82100000E-02
 6510   0.21318000E+01
 6511   0.73342700E+01
 6512   0.11620010E+02
 6513   0.96685000E+01
 6514   0.58924600E+01
 6515   0.26748100E+01
 6516   0.21382500E+01
 6517   0.30314800E+01
 6518   0.42284200E+01
 6519   0.43499200E+01
 6520   0.36045000E+01
 6521   0.18845200E+01
 6522   0.50092000E+00
 6523   0.96650000E-01
 6524   0.43870000E-01
 6525   0.35760000E-01
 6526   0.58677700E+01
 6527   0.17203810E+02
 6528   0.23879720E+02
 6529   0.26765270E+02
 6530   0.22889620E+02
 6531   0.15112420E+02
 6532   0.10121140E+02
 6533   0.65738500E+01
 6534   0.45936300E+01
 6535   0.30255700E+01
 6536   0.13685400E+01
 6537   0.48771000E+00
 6538   0.14743000E+00
 6539   0.77940000E-01
 6540   0.84964000E+01
 6541   0.77287580E+02
 6542   0.86777440E+02
 6543   0.60311660E+02
 6544   0.38910570E+02
 6545   0.23741520E+02
 6546   0.14364580E+02
 6547   0.96908400E+01
 6548   0.69113900E+01
 6549   0.51806600E+01
 6550   0.73148000E+01
 6551   0.35300060E+02
 6552   0.56558530E+02
 6553   0.47507690E+02
 6554   0.35241970E+02
 6555   0.23099960E+02
 6556   0.14234180E+02
 6557   0.95953600E+01
 6558   0.69002600E+01
 6559   0.51968800E+01
 6560   0.38725100E+01
 6561   0.20493000E+01
 6562   0.10597900E+01
 6563   0.23154000E+00
 6564   0.96010000E-01
 6565   0.61600000E-01
 6566   0.41820000E-01
 6567   0.28220000E-01
 6568   0.19740000E-01
 6569   0.14450000E-01
 6570   0.11030000E-01
 6571   0.87000000E-02
 6572   0.70500000E-02
 6573   0.58400000E-02
 6574   0.49200000E-02
 6575   0.44600000E-02
 6576   0.38800000E-02
 6577   0.34700000E-02
 6578   0.32000000E-02
 6579   0.30000000E-02
 6580   0.28600000E-02
 6581   0.27800000E-02
 6582   0.27700000E-02
 6583   0.28500000E-02
 6584   0.29300000E-02
 6585   0.29500000E-02
 6586   0.28800000E-02
 6587   0.27200000E-02
 6588   0.25200000E-02
 6589   0.82878000E+00
 6590   0.11987700E+01
 6591   0.40857000E+00
 6592   0.16428000E+00
 6593   0.89240000E-01
 6594   0.55180000E-01
 6595   0.37140000E-01
 6596   0.26690000E-01
 6597   0.56148000E+00
 6598   0.83152000E+00
 6599   0.57152000E+00
 6600   0.32801000E+00
 6601   0.16552000E+00
 6602   0.79610000E-01
 6603   0.39320000E-01
 6604   0.21910000E-01
 6605   0.13810000E-01
 6606   0.95800000E-02
 6607   0.71500000E-02
 6608   0.56200000E-02
 6609   0.45800000E-02
 6610   0.38400000E-02
 6611   0.32900000E-02
 6612   0.28600000E-02
 6613   0.25100000E-02
 6614   0.40266200E+01
 6615   0.11683120E+02
 6616   0.15343120E+02
 6617   0.13029230E+02
 6618   0.88589400E+01
 6619   0.47553100E+01
 6620   0.17492800E+01
 6621   0.67905000E+00
 6622   0.23352000E+00
 6623   0.16661000E+00
 6624   0.13326000E+00
 6625   0.10900000E+00
 6626   0.82420000E-01
 6627   0.66050000E-01
 6628   0.53610000E-01
 6629   0.38630000E-01
 6630   0.26640000E-01
 6631   0.36730000E-01
 6632   0.11512000E+00
 6633   0.12721000E+00
 6634   0.22979200E+01
 6635   0.43864300E+01
 6636   0.65505900E+01
 6637   0.19163310E+02
 6638   0.17209848E+03
 6639   0.26220040E+03
 6640   0.21013249E+03
 6641   0.15372643E+03
 6642   0.11096797E+03
 6643   0.84113420E+02
 6644   0.58930180E+02
 6645   0.37219350E+02
 6646   0.24644170E+02
 6647   0.19266180E+02
 6648   0.28986530E+02
 6649   0.80433280E+02
 6650   0.93616550E+02
 6651   0.75215090E+02
 6652   0.60680620E+02
 6653   0.59725740E+02
 6654   0.68899340E+02
 6655   0.61340530E+02
 6656   0.45924320E+02
 6657   0.34025370E+02
 6658   0.24661540E+02
 6659   0.16397840E+02
 6660   0.10592090E+02
 6661   0.73658600E+01
 6662   0.54449700E+01
 6663   0.40972900E+01
 6664   0.23892800E+01
 6665   0.11746200E+01
 6666   0.28577000E+00
 6667   0.16903000E+00
 6668   0.79877000E+00
 6669   0.79157000E+00
 6670   0.79876000E+00
 6671   0.71779000E+00
 6672   0.39521000E+00
 6673   0.32865000E+00
 6674   0.87233000E+00
 6675   0.10296800E+01
 6676   0.80751000E+00
 6677   0.38372000E+00
 6678   0.50105000E+00
 6679   0.18958300E+01
 6680   0.21666900E+01
 6681   0.26503600E+01
 6682   0.29476600E+01
 6683   0.20022900E+01
 6684   0.11920400E+01
 6685   0.52254000E+00
 6686   0.24271000E+00
 6687   0.14352000E+00
 6688   0.12658000E+00
 6689   0.44479000E+00
 6690   0.16177000E+01
 6691   0.35456700E+01
 6692   0.79660900E+01
 6693   0.21917820E+02
 6694   0.62470640E+02
 6695   0.53363710E+02
 6696   0.34479560E+02
 6697   0.20379460E+02
 6698   0.14079550E+02
 6699   0.10940260E+02
 6700   0.91555100E+01
 6701   0.10582480E+02
 6702   0.11297230E+02
 6703   0.11161110E+02
 6704   0.99067100E+01
 6705   0.85814500E+01
 6706   0.87420000E+01
 6707   0.72724300E+01
 6708   0.52951300E+01
 6709   0.40347300E+01
 6710   0.26211700E+01
 6711   0.11989800E+01
 6712   0.41052000E+00
 6713   0.12397400E+01
 6714   0.22833800E+01
 6715   0.37209600E+01
 6716   0.13872930E+02
 6717   0.30311740E+02
 6718   0.46796850E+02
 6719   0.44397930E+02
 6720   0.31539610E+02
 6721   0.23317350E+02
 6722   0.66568290E+02
 6723   0.10723886E+03
 6724   0.15116427E+03
 6725   0.17253720E+03
 6726   0.12242852E+03
 6727   0.10852996E+03
 6728   0.16876464E+03
 6729   0.10121446E+03
 6730   0.56320700E+02
 6731   0.32297230E+02
 6732   0.19628250E+02
 6733   0.13924280E+02
 6734   0.31609420E+02
 6735   0.26187040E+03
 6736   0.94585795E+03
 6737   0.55160869E+03
 6738   0.29985596E+03
 6739   0.17858202E+03
 6740   0.15554286E+03
 6741   0.30501010E+03
 6742   0.20814377E+03
 6743   0.10297368E+03
 6744   0.56280030E+02
 6745   0.33706020E+02
 6746   0.27202030E+02
 6747   0.30337090E+02
 6748   0.79025090E+02
 6749   0.16072448E+03
 6750   0.11698546E+03
 6751   0.43917355E+03
 6752   0.33044443E+03
 6753   0.14672949E+03
 6754   0.10255986E+03
 6755   0.39670058E+03
 6756   0.51154112E+03
 6757   0.38985837E+03
 6758   0.30779735E+03
 6759   0.18677914E+03
 6760   0.14426893E+03
 6761   0.13438349E+03
 6762   0.12845941E+03
 6763   0.97198480E+02
 6764   0.91724180E+02
 6765   0.96505620E+02
 6766   0.84108910E+02
 6767   0.71365320E+02
 6768   0.52189670E+02
 6769   0.40873530E+02
 6770   0.33561090E+02
 6771   0.26964650E+02
 6772   0.21313200E+02
 6773   0.17841390E+02
 6774   0.17937890E+02
 6775   0.34714930E+02
 6776   0.47338220E+02
 6777   0.37491650E+02
 6778   0.25986510E+02
 6779   0.16889220E+02
 6780   0.13427250E+02
 6781   0.15264180E+02
 6782   0.20976300E+02
 6783   0.23048810E+02
 6784   0.52211020E+02
 6785   0.10508432E+03
 6786   0.88000730E+02
 6787   0.74650650E+02
 6788   0.70043080E+02
 6789   0.49631070E+02
 6790   0.37953710E+02
 6791   0.65879350E+02
 6792   0.81351260E+02
 6793   0.56392040E+02
 6794   0.63136020E+02
 6795   0.15091412E+03
 6796   0.28862607E+03
 6797   0.36981768E+03
 6798   0.44084356E+03
 6799   0.39250082E+03
 6800   0.65770310E+03
 6801   0.38447035E+03
 6802   0.46914817E+03
 6803   0.51529059E+03
 6804   0.53825362E+03
 6805   0.44815538E+03
 6806   0.22827382E+03
 6807   0.12195075E+03
 6808   0.69112830E+02
 6809   0.40393910E+02
 6810   0.12714641E+03
 6811   0.10847937E+04
 6812   0.93607584E+03
 6813   0.12965432E+04
 6814   0.87003979E+03
 6815   0.58231895E+03
 6816   0.29546427E+03
 6817   0.21720558E+03
 6818   0.16213564E+03
 6819   0.86063410E+02
 6820   0.48064930E+02
 6821   0.34873840E+02
 6822   0.44796840E+02
 6823   0.66391042E+03
 6824   0.61087143E+03
 6825   0.43411255E+03
 6826   0.25222251E+03
 6827   0.16589121E+03
 6828   0.10957284E+03
 6829   0.65194250E+02
 6830   0.36531870E+02
 6831   0.21766230E+02
 6832   0.12955700E+02
 6833   0.81893400E+01
 6834   0.86980900E+01
 6835   0.10682190E+02
 6836   0.91573000E+01
 6837   0.53828600E+01
 6838   0.39554000E+01
 6839   0.62338700E+01
 6840   0.21431890E+02
 6841   0.94445840E+02
 6842   0.68311000E+02
 6843   0.37944450E+02
 6844   0.21748670E+02
 6845   0.12638660E+02
 6846   0.65889600E+01
 6847   0.29369300E+01
 6848   0.33586300E+01
 6849   0.98104900E+01
 6850   0.16063190E+02
 6851   0.25539870E+02
 6852   0.29649540E+02
 6853   0.20829410E+02
 6854   0.13692530E+02
 6855   0.96931200E+01
 6856   0.72012100E+01
 6857   0.55776400E+01
 6858   0.43590900E+01
 6859   0.29947300E+01
 6860   0.12797800E+01
 6861   0.27931000E+00
 6862   0.87090000E-01
 6863   0.43620000E-01
 6864   0.26810000E-01
 6865   0.18420000E-01
 6866   0.13570000E-01
 6867   0.10470000E-01
 6868   0.83600000E-02
 6869   0.68500000E-02
 6870   0.57200000E-02
 6871   0.48600000E-02
 6872   0.41800000E-02
 6873   0.36300000E-02
 6874   0.31900000E-02
 6875   0.28200000E-02
 6876   0.25100000E-02
 6877   0.22500000E-02
 6878   0.20300000E-02
 6879   0.18400000E-02
 6880   0.16800000E-02
 6881   0.15300000E-02
 6882   0.14100000E-02
 6883   0.13000000E-02
 6884   0.12000000E-02
 6885   0.11100000E-02
 6886   0.10300000E-02
 6887   0.96000000E-03
 6888   0.89000000E-03
 6889   0.84000000E-03
 6890   0.78000000E-03
 6891   0.74000000E-03
 6892   0.69000000E-03
 6893   0.65000000E-03
 6894   0.62000000E-03
 6895   0.58000000E-03
 6896   0.55000000E-03
 6897   0.52000000E-03
 6898   0.28100000E-02
 6899   0.42242700E+01
 6900   0.21472610E+02
 6901   0.54703770E+02
 6902   0.69686740E+02
 6903   0.69788570E+02
 6904   0.42362700E+02
 6905   0.25129490E+02
 6906   0.15158870E+02
 6907   0.10091850E+02
 6908   0.71656300E+01
 6909   0.53074200E+01
 6910   0.38360300E+01
 6911   0.18156900E+01
 6912   0.49500000E+00
 6913   0.12018000E+00
 6914   0.73350000E-01
 6915   0.54440000E-01
 6916   0.37920000E-01
 6917   0.26000000E-01
 6918   0.18470000E-01
 6919   0.13710000E-01
 6920   0.10570000E-01
 6921   0.84100000E-02
 6922   0.68600000E-02
 6923   0.57100000E-02
 6924   0.48400000E-02
 6925   0.41500000E-02
 6926   0.36000000E-02
 6927   0.31600000E-02
 6928   0.27900000E-02
 6929   0.24800000E-02
 6930   0.22300000E-02
 6931   0.20100000E-02
 6932   0.18200000E-02
 6933   0.16500000E-02
 6934   0.15100000E-02
 6935   0.12440800E+01
 6936   0.32083000E+01
 6937   0.34602600E+01
 6938   0.13501200E+01
 6939   0.54560000E+00
 6940   0.29163000E+00
 6941   0.19153000E+00
 6942   0.12243000E+00
 6943   0.76080000E-01
 6944   0.49780000E-01
 6945   0.90240000E-01
 6946   0.14296000E+00
 6947   0.93950000E-01
 6948   0.52610000E-01
 6949   0.29710000E-01
 6950   0.18310000E-01
 6951   0.12400000E-01
 6952   0.90800000E-02
 6953   0.70300000E-02
 6954   0.56800000E-02
 6955   0.47300000E-02
 6956   0.40200000E-02
 6957   0.34800000E-02
 6958   0.30500000E-02
 6959   0.27000000E-02
 6960   0.24100000E-02
 6961   0.21600000E-02
 6962   0.19600000E-02
 6963   0.17800000E-02
 6964   0.16200000E-02
 6965   0.14800000E-02
 6966   0.13600000E-02
 6967   0.12600000E-02
 6968   0.11600000E-02
 6969   0.10800000E-02
 6970   0.10000000E-02
 6971   0.94000000E-03
 6972   0.88000000E-03
 6973   0.82000000E-03
 6974   0.77000000E-03
 6975   0.72000000E-03
 6976   0.68000000E-03
 6977   0.64000000E-03
 6978   0.61000000E-03
 6979   0.57000000E-03
 6980   0.54000000E-03
 6981   0.52000000E-03
 6982   0.19388400E+01
 6983   0.42405300E+01
 6984   0.69039800E+01
 6985   0.12807630E+02
 6986   0.15228760E+02
 6987   0.14642960E+02
 6988   0.11181280E+02
 6989   0.89304200E+01
 6990   0.77864600E+01
 6991   0.69909900E+01
 6992   0.62188800E+01
 6993   0.53943000E+01
 6994   0.40357200E+01
 6995   0.27681700E+01
 6996   0.16755800E+01
 6997   0.11131800E+01
 6998   0.46230000E+00
 6999   0.27340000E+00
 7000   0.10744400E+01
 7001   0.17259300E+01
 7002   0.26134200E+01
 7003   0.31491200E+01
 7004   0.24273600E+01
 7005   0.10786900E+01
 7006   0.53807000E+00
 7007   0.50239000E+00
 7008   0.14371900E+01
 7009   0.39449600E+01
 7010   0.66245300E+01
 7011   0.60008100E+01
 7012   0.47180000E+01
 7013   0.62176700E+01
 7014   0.79051000E+01
 7015   0.71110800E+01
 7016   0.60511400E+01
 7017   0.55189900E+01
 7018   0.52680400E+01
 7019   0.40957700E+01
 7020   0.32785300E+01
 7021   0.32402600E+01
 7022   0.32172100E+01
 7023   0.48254800E+01
 7024   0.88788000E+01
 7025   0.14646080E+02
 7026   0.27284200E+02
 7027   0.41128130E+02
 7028   0.35971070E+02
 7029   0.25230370E+02
 7030   0.16326340E+02
 7031   0.11361570E+02
 7032   0.88511000E+01
 7033   0.71477600E+01
 7034   0.62142800E+01
 7035   0.50589100E+01
 7036   0.43999900E+01
 7037   0.47606700E+01
 7038   0.79430500E+01
 7039   0.16749470E+02
 7040   0.23788930E+02
 7041   0.21785180E+02
 7042   0.15825850E+02
 7043   0.10919870E+02
 7044   0.80219400E+01
 7045   0.58139800E+01
 7046   0.47517600E+01
 7047   0.49546700E+01
 7048   0.93066900E+01
 7049   0.12247650E+02
 7050   0.10503910E+02
 7051   0.83486600E+01
 7052   0.65084000E+01
 7053   0.50123800E+01
 7054   0.35826800E+01
 7055   0.12082300E+01
 7056   0.19918000E+00
 7057   0.83320000E-01
 7058   0.17441000E+00
 7059   0.10464400E+01
 7060   0.29527000E+01
 7061   0.10987370E+02
 7062   0.10640988E+03
 7063   0.15233355E+03
 7064   0.94366960E+02
 7065   0.53217950E+02
 7066   0.29384280E+02
 7067   0.18934310E+02
 7068   0.14882800E+02
 7069   0.21031790E+02
 7070   0.59369710E+02
 7071   0.69812640E+02
 7072   0.11985130E+03
 7073   0.22813030E+03
 7074   0.19301587E+03
 7075   0.10703257E+03
 7076   0.57495440E+02
 7077   0.33945190E+02
 7078   0.21864000E+02
 7079   0.16226290E+02
 7080   0.13878270E+02
 7081   0.12241940E+02
 7082   0.10969360E+02
 7083   0.11002960E+02
 7084   0.11556550E+02
 7085   0.24682820E+02
 7086   0.28920150E+02
 7087   0.86136700E+02
 7088   0.23523170E+03
 7089   0.22906470E+03
 7090   0.14699799E+03
 7091   0.81977410E+02
 7092   0.59108500E+02
 7093   0.52335040E+02
 7094   0.14156187E+03
 7095   0.25192670E+03
 7096   0.21328383E+03
 7097   0.26351946E+03
 7098   0.33597702E+03
 7099   0.18137377E+03
 7100   0.10691654E+03
 7101   0.70049230E+02
 7102   0.54914510E+02
 7103   0.60172160E+02
 7104   0.77092340E+02
 7105   0.95443690E+02
 7106   0.15634527E+03
 7107   0.90498800E+02
 7108   0.62502910E+02
 7109   0.47899240E+02
 7110   0.32902680E+02
 7111   0.21925900E+02
 7112   0.15377700E+02
 7113   0.12245290E+02
 7114   0.10150090E+02
 7115   0.96187000E+01
 7116   0.16899960E+02
 7117   0.86877830E+02
 7118   0.21362516E+03
 7119   0.34892187E+03
 7120   0.57983234E+03
 7121   0.56749931E+03
 7122   0.33782502E+03
 7123   0.23623139E+03
 7124   0.18229756E+03
 7125   0.15590677E+03
 7126   0.15203737E+03
 7127   0.17171675E+03
 7128   0.11373563E+03
 7129   0.72106430E+02
 7130   0.63389820E+02
 7131   0.20998215E+03
 7132   0.17662792E+03
 7133   0.11057466E+03
 7134   0.86446590E+02
 7135   0.68797140E+02
 7136   0.60828390E+02
 7137   0.43177370E+02
 7138   0.27602510E+02
 7139   0.17537040E+02
 7140   0.17380280E+02
 7141   0.23682530E+02
 7142   0.79730800E+02
 7143   0.24423575E+03
 7144   0.15328686E+03
 7145   0.18234654E+03
 7146   0.19124819E+03
 7147   0.13210379E+03
 7148   0.11296338E+03
 7149   0.13287734E+03
 7150   0.17592136E+03
 7151   0.16797011E+03
 7152   0.14165601E+03
 7153   0.10441863E+03
 7154   0.68193480E+02
 7155   0.51005340E+02
 7156   0.37152050E+02
 7157   0.25349600E+02
 7158   0.28436360E+02
 7159   0.13664643E+03
 7160   0.26975011E+03
 7161   0.18762560E+03
 7162   0.38008981E+03
 7163   0.29768489E+03
 7164   0.16684959E+03
 7165   0.84218080E+02
 7166   0.45497250E+02
 7167   0.25846270E+02
 7168   0.14604440E+02
 7169   0.10037670E+02
 7170   0.92690900E+01
 7171   0.85945500E+01
 7172   0.80174600E+01
 7173   0.11505390E+02
 7174   0.12227880E+02
 7175   0.92791500E+01
 7176   0.68403600E+01
 7177   0.52809500E+01
 7178   0.12825580E+02
 7179   0.26436490E+02
 7180   0.25681800E+02
 7181   0.18387080E+02
 7182   0.11462700E+02
 7183   0.61867300E+01
 7184   0.26581500E+01
 7185   0.88201000E+00
 7186   0.21901000E+00
 7187   0.15319000E+00
 7188   0.12180000E+00
 7189   0.91710000E-01
 7190   0.71100000E-01
 7191   0.57150000E-01
 7192   0.41360000E-01
 7193   0.28440000E-01
 7194   0.20050000E-01
 7195   0.14750000E-01
 7196   0.12920000E-01
 7197   0.22232000E+00
 7198   0.24009000E+00
 7199   0.16470000E+00
 7200   0.11076000E+00
 7201   0.13530000E+00
 7202   0.11304000E+00
 7203   0.61330000E-01
 7204   0.34370000E-01
 7205   0.21720000E-01
 7206   0.15100000E-01
 7207   0.11210000E-01
 7208   0.97500000E-02
 7209   0.37301900E+01
 7210   0.11094010E+02
 7211   0.13597970E+02
 7212   0.10222090E+02
 7213   0.60299900E+01
 7214   0.26133700E+01
 7215   0.90696000E+00
 7216   0.25870000E+00
 7217   0.17958000E+00
 7218   0.43141000E+00
 7219   0.31802000E+00
 7220   0.12263000E+00
 7221   0.70880000E-01
 7222   0.45980000E-01
 7223   0.30660000E-01
 7224   0.21450000E-01
 7225   0.15760000E-01
 7226   0.12060000E-01
 7227   0.95400000E-02
 7228   0.77500000E-02
 7229   0.40850000E-01
 7230   0.14577400E+01
 7231   0.22595600E+01
 7232   0.53098200E+01
 7233   0.44343120E+02
 7234   0.30489550E+02
 7235   0.19121060E+02
 7236   0.12562890E+02
 7237   0.86874900E+01
 7238   0.63165800E+01
 7239   0.46943400E+01
 7240   0.22988000E+01
 7241   0.52379000E+00
 7242   0.12959000E+00
 7243   0.76850000E-01
 7244   0.49010000E-01
 7245   0.32170000E-01
 7246   0.22260000E-01
 7247   0.16220000E-01
 7248   0.12350000E-01
 7249   0.97300000E-02
 7250   0.78700000E-02
 7251   0.65100000E-02
 7252   0.54800000E-02
 7253   0.46700000E-02
 7254   0.40400000E-02
 7255   0.35200000E-02
 7256   0.31000000E-02
 7257   0.27500000E-02
 7258   0.24500000E-02
 7259   0.22000000E-02
 7260   0.19900000E-02
 7261   0.18100000E-02
 7262   0.16500000E-02
 7263   0.15100000E-02
 7264   0.13800000E-02
 7265   0.12700000E-02
 7266   0.11800000E-02
 7267   0.10900000E-02
 7268   0.10100000E-02
 7269   0.95000000E-03
 7270   0.88000000E-03
 7271   0.83000000E-03
 7272   0.77000000E-03
 7273   0.73000000E-03
 7274   0.68000000E-03
 7275   0.65000000E-03
 7276   0.61000000E-03
 7277   0.58000000E-03
 7278   0.55000000E-03
 7279   0.52000000E-03
 7280   0.49000000E-03
 7281   0.47000000E-03
 7282   0.44000000E-03
 7283   0.42000000E-03
 7284   0.40000000E-03
 7285   0.39000000E-03
 7286   0.37000000E-03
 7287   0.35000000E-03
 7288   0.34000000E-03
 7289   0.32000000E-03
 7290   0.31000000E-03
 7291   0.39000000E-03
 7292   0.30950900E+01
 7293   0.75479800E+01
 7294   0.12530750E+02
 7295   0.13906060E+02
 7296   0.11885090E+02
 7297   0.89454700E+01
 7298   0.63190700E+01
 7299   0.46767000E+01
 7300   0.33361400E+01
 7301   0.12319300E+01
 7302   0.25710000E+00
 7303   0.15032000E+00
 7304   0.10519000E+00
 7305   0.75720000E-01
 7306   0.59070000E-01
 7307   0.42670000E-01
 7308   0.29270000E-01
 7309   0.20540000E-01
 7310   0.15050000E-01
 7311   0.11480000E-01
 7312   0.90500000E-02
 7313   0.73300000E-02
 7314   0.60700000E-02
 7315   0.51100000E-02
 7316   0.43700000E-02
 7317   0.37800000E-02
 7318   0.22541100E+01
 7319   0.60252200E+01
 7320   0.94699500E+01
 7321   0.10378950E+02
 7322   0.87633700E+01
 7323   0.66608100E+01
 7324   0.54490500E+01
 7325   0.48011400E+01
 7326   0.40639800E+01
 7327   0.29568100E+01
 7328   0.14723200E+01
 7329   0.79278000E+00
 7330   0.24910000E+00
 7331   0.11950000E+00
 7332   0.75460000E-01
 7333   0.55170000E-01
 7334   0.38270000E-01
 7335   0.26180000E-01
 7336   0.18560000E-01
 7337   0.13740000E-01
 7338   0.10580000E-01
 7339   0.84100000E-02
 7340   0.68500000E-02
 7341   0.57000000E-02
 7342   0.48200000E-02
 7343   0.41300000E-02
 7344   0.35900000E-02
 7345   0.31400000E-02
 7346   0.27800000E-02
 7347   0.24700000E-02
 7348   0.22200000E-02
 7349   0.20000000E-02
 7350   0.18100000E-02
 7351   0.56800000E-02
 7352   0.12970000E-01
 7353   0.55830000E-01
 7354   0.70440000E-01
 7355   0.18358000E+00
 7356   0.25290000E+00
 7357   0.10832100E+01
 7358   0.25591000E+01
 7359   0.59911900E+01
 7360   0.12852270E+02
 7361   0.31393850E+02
 7362   0.39637050E+02
 7363   0.28698690E+02
 7364   0.19332590E+02
 7365   0.13115230E+02
 7366   0.93067000E+01
 7367   0.69093400E+01
 7368   0.52804700E+01
 7369   0.44715800E+01
 7370   0.42550400E+01
 7371   0.28482600E+01
 7372   0.25203200E+01
 7373   0.21945600E+01
 7374   0.33765000E+01
 7375   0.49896200E+01
 7376   0.50223700E+01
 7377   0.50394900E+01
 7378   0.49068500E+01
 7379   0.45987300E+01
 7380   0.41041400E+01
 7381   0.33430600E+01
 7382   0.20113700E+01
 7383   0.71937000E+00
 7384   0.14700000E+00
 7385   0.86890000E-01
 7386   0.66590000E-01
 7387   0.50590000E-01
 7388   0.35100000E-01
 7389   0.24330000E-01
 7390   0.17540000E-01
 7391   0.13190000E-01
 7392   0.19738100E+01
 7393   0.34272900E+01
 7394   0.16675300E+01
 7395   0.11563700E+01
 7396   0.84169000E+00
 7397   0.38446000E+00
 7398   0.19814800E+01
 7399   0.67133600E+01
 7400   0.13945220E+02
 7401   0.19820320E+02
 7402   0.22086970E+02
 7403   0.20372340E+02
 7404   0.13196070E+02
 7405   0.90627200E+01
 7406   0.69339300E+01
 7407   0.54136100E+01
 7408   0.42278600E+01
 7409   0.28137000E+01
 7410   0.13037900E+01
 7411   0.79407000E+00
 7412   0.31990000E+00
 7413   0.18557000E+00
 7414   0.12658000E+00
 7415   0.39594000E+00
 7416   0.20078000E+00
 7417   0.11362000E+00
 7418   0.82150000E-01
 7419   0.61090000E-01
 7420   0.43860000E-01
 7421   0.31670000E-01
 7422   0.23460000E-01
 7423   0.17880000E-01
 7424   0.13990000E-01
 7425   0.11210000E-01
 7426   0.91500000E-02
 7427   0.76500000E-02
 7428   0.26340000E-01
 7429   0.13156000E+00
 7430   0.20806800E+01
 7431   0.21825100E+01
 7432   0.31437700E+01
 7433   0.12028300E+02
 7434   0.48307440E+02
 7435   0.14307765E+03
 7436   0.19506170E+03
 7437   0.29630394E+03
 7438   0.27602957E+03
 7439   0.17775174E+03
 7440   0.16311162E+03
 7441   0.18124492E+03
 7442   0.13325964E+03
 7443   0.83524360E+02
 7444   0.73509520E+02
 7445   0.65285830E+02
 7446   0.51590210E+02
 7447   0.42337040E+02
 7448   0.33731540E+02
 7449   0.29113690E+02
 7450   0.22767060E+02
 7451   0.16052580E+02
 7452   0.10322040E+02
 7453   0.64156400E+01
 7454   0.37129700E+01
 7455   0.17619700E+01
 7456   0.30907800E+01
 7457   0.43732100E+01
 7458   0.53965700E+01
 7459   0.70624700E+01
 7460   0.26451070E+02
 7461   0.40769450E+02
 7462   0.47926290E+02
 7463   0.68274020E+02
 7464   0.24315616E+03
 7465   0.44120115E+03
 7466   0.63453327E+03
 7467   0.54616312E+03
 7468   0.41238883E+03
 7469   0.28008253E+03
 7470   0.22039482E+03
 7471   0.20767295E+03
 7472   0.22640466E+03
 7473   0.26426171E+03
 7474   0.30877306E+03
 7475   0.31368886E+03
 7476   0.24976638E+03
 7477   0.27494355E+03
 7478   0.24624490E+03
 7479   0.14057700E+03
 7480   0.89749210E+02
 7481   0.78038970E+02
 7482   0.66739960E+02
 7483   0.53604460E+02
 7484   0.94043520E+02
 7485   0.59515430E+03
 7486   0.22171308E+03
 7487   0.97951840E+02
 7488   0.50830360E+02
 7489   0.28194030E+02
 7490   0.16003410E+02
 7491   0.10179860E+02
 7492   0.70074800E+01
 7493   0.50572100E+01
 7494   0.34438600E+01
 7495   0.27200900E+01
 7496   0.97387900E+01
 7497   0.82027690E+02
 7498   0.32327236E+03
 7499   0.46821221E+03
 7500   0.22246145E+03
 7501   0.11067892E+03
 7502   0.79783590E+02
 7503   0.74566720E+02
 7504   0.75695540E+02
 7505   0.78381480E+02
 7506   0.88036940E+02
 7507   0.12292616E+03
 7508   0.15351137E+03
 7509   0.24772150E+03
 7510   0.41658310E+03
 7511   0.30028840E+03
 7512   0.22854362E+03
 7513   0.12284757E+03
 7514   0.76704760E+02
 7515   0.15463983E+03
 7516   0.15776310E+03
 7517   0.91494990E+02
 7518   0.69804980E+02
 7519   0.53808240E+02
 7520   0.35122550E+02
 7521   0.22712880E+02
 7522   0.22908700E+02
 7523   0.36777830E+02
 7524   0.52776179E+03
 7525   0.10999637E+04
 7526   0.95256303E+03
 7527   0.81019155E+03
 7528   0.54082383E+03
 7529   0.20613195E+03
 7530   0.95325270E+02
 7531   0.54579970E+02
 7532   0.33313730E+02
 7533   0.25296800E+02
 7534   0.35136200E+02
 7535   0.37815370E+02
 7536   0.77124560E+02
 7537   0.89831750E+02
 7538   0.76741250E+02
 7539   0.72919090E+02
 7540   0.53041870E+02
 7541   0.31955080E+02
 7542   0.19340050E+02
 7543   0.11583590E+02
 7544   0.70644900E+01
 7545   0.55793200E+01
 7546   0.81612970E+02
 7547   0.38772837E+03
 7548   0.39693855E+03
 7549   0.51669334E+03
 7550   0.23369145E+03
 7551   0.10427362E+03
 7552   0.53288670E+02
 7553   0.30371370E+02
 7554   0.26192230E+02
 7555   0.35038200E+02
 7556   0.34542960E+02
 7557   0.25062220E+02
 7558   0.15599040E+02
 7559   0.93658200E+01
 7560   0.55428700E+01
 7561   0.30678300E+01
 7562   0.12874100E+01
 7563   0.44137000E+00
 7564   0.17797000E+00
 7565   0.11845000E+00
 7566   0.84960000E-01
 7567   0.67050000E-01
 7568   0.29662600E+01
 7569   0.57025400E+01
 7570   0.54758200E+01
 7571   0.26222000E+01
 7572   0.69104000E+00
 7573   0.20704000E+00
 7574   0.14670000E+00
 7575   0.10926000E+00
 7576   0.81890000E-01
 7577   0.65780000E-01
 7578   0.49660000E-01
 7579   0.34350000E-01
 7580   0.23900000E-01
 7581   0.17330000E-01
 7582   0.13100000E-01
 7583   0.10250000E-01
 7584   0.82500000E-02
 7585   0.67900000E-02
 7586   0.57000000E-02
 7587   0.48500000E-02
 7588   0.41800000E-02
 7589   0.36400000E-02
 7590   0.31900000E-02
 7591   0.28300000E-02
 7592   0.25200000E-02
 7593   0.22600000E-02
 7594   0.31838000E+00
 7595   0.56171600E+01
 7596   0.16603420E+02
 7597   0.13314841E+03
 7598   0.81963850E+02
 7599   0.44530460E+02
 7600   0.25951090E+02
 7601   0.15707870E+02
 7602   0.10482040E+02
 7603   0.73747800E+01
 7604   0.54365800E+01
 7605   0.39474900E+01
 7606   0.19559800E+01
 7607   0.98310000E+00
 7608   0.21785000E+00
 7609   0.90220000E-01
 7610   0.50220000E-01
 7611   0.31470000E-01
 7612   0.21370000E-01
 7613   0.15430000E-01
 7614   0.11690000E-01
 7615   0.91800000E-02
 7616   0.74200000E-02
 7617   0.61300000E-02
 7618   0.51500000E-02
 7619   0.44000000E-02
 7620   0.38000000E-02
 7621   0.33200000E-02
 7622   0.29300000E-02
 7623   0.26000000E-02
 7624   0.23500000E-02
 7625   0.21100000E-02
 7626   0.34800000E-02
 7627   0.39070000E-01
 7628   0.38590000E-01
 7629   0.26020000E-01
 7630   0.17520000E-01
 7631   0.12310000E-01
 7632   0.90200000E-02
 7633   0.68400000E-02
 7634   0.53500000E-02
 7635   0.42900000E-02
 7636   0.35100000E-02
 7637   0.29200000E-02
 7638   0.24700000E-02
 7639   0.21100000E-02
 7640   0.18300000E-02
 7641   0.16000000E-02
 7642   0.14100000E-02
 7643   0.12600000E-02
 7644   0.11300000E-02
 7645   0.10200000E-02
 7646   0.92000000E-03
 7647   0.84000000E-03
 7648   0.77000000E-03
 7649   0.71000000E-03
 7650   0.66000000E-03
 7651   0.61000000E-03
 7652   0.57000000E-03
 7653   0.53000000E-03
 7654   0.49000000E-03
 7655   0.46000000E-03
 7656   0.31661200E+01
 7657   0.88103500E+01
 7658   0.11163010E+02
 7659   0.88465200E+01
 7660   0.52508200E+01
 7661   0.26067000E+01
 7662   0.11070000E+01
 7663   0.40726000E+00
 7664   0.26043000E+00
 7665   0.19135000E+00
 7666   0.14479000E+00
 7667   0.10646000E+00
 7668   0.79850000E-01
 7669   0.64470000E-01
 7670   0.48760000E-01
 7671   0.22542300E+01
 7672   0.60892500E+01
 7673   0.10001380E+02
 7674   0.11998680E+02
 7675   0.15139760E+02
 7676   0.16451210E+02
 7677   0.12182160E+02
 7678   0.86884900E+01
 7679   0.64557400E+01
 7680   0.49001400E+01
 7681   0.35505000E+01
 7682   0.17328300E+01
 7683   0.95456000E+00
 7684   0.26900000E+00
 7685   0.11647000E+00
 7686   0.70880000E-01
 7687   0.48310000E-01
 7688   0.32410000E-01
 7689   0.22320000E-01
 7690   0.16090000E-01
 7691   0.12120000E-01
 7692   0.94600000E-02
 7693   0.76000000E-02
 7694   0.62500000E-02
 7695   0.52400000E-02
 7696   0.10550000E-01
 7697   0.29663000E+00
 7698   0.16535000E+00
 7699   0.91000000E-01
 7700   0.37554500E+01
 7701   0.19756850E+02
 7702   0.40902240E+02
 7703   0.60926510E+02
 7704   0.60901830E+02
 7705   0.43592460E+02
 7706   0.30766470E+02
 7707   0.20934750E+02
 7708   0.13594170E+02
 7709   0.10706020E+02
 7710   0.10520440E+02
 7711   0.97024000E+01
 7712   0.82061200E+01
 7713   0.72024200E+01
 7714   0.73712000E+01
 7715   0.70173400E+01
 7716   0.63167800E+01
 7717   0.56251600E+01
 7718   0.47988100E+01
 7719   0.39707400E+01
 7720   0.28161500E+01
 7721   0.14790200E+01
 7722   0.10163100E+01
 7723   0.61824400E+01
 7724   0.15200660E+02
 7725   0.22133080E+02
 7726   0.25501840E+02
 7727   0.25197980E+02
 7728   0.33082220E+02
 7729   0.56198520E+02
 7730   0.84281970E+02
 7731   0.90420980E+02
 7732   0.80348960E+02
 7733   0.62591680E+02
 7734   0.50223580E+02
 7735   0.38778690E+02
 7736   0.26991200E+02
 7737   0.19575080E+02
 7738   0.15486990E+02
 7739   0.15277760E+02
 7740   0.28105460E+02
 7741   0.10663160E+03
 7742   0.24931439E+03
 7743   0.22250867E+03
 7744   0.12992491E+03
 7745   0.74791680E+02
 7746   0.43999990E+02
 7747   0.29052360E+02
 7748   0.20373450E+02
 7749   0.19192780E+02
 7750   0.19013900E+02
 7751   0.21704500E+02
 7752   0.23061960E+02
 7753   0.18220110E+02
 7754   0.18349470E+02
 7755   0.25361720E+02
 7756   0.26695290E+02
 7757   0.25320510E+02
 7758   0.24339820E+02
 7759   0.22299340E+02
 7760   0.20276060E+02
 7761   0.21378060E+02
 7762   0.19050470E+02
 7763   0.14144840E+02
 7764   0.10993560E+02
 7765   0.12089380E+02
 7766   0.14614780E+02
 7767   0.15000520E+02
 7768   0.22272950E+02
 7769   0.44118500E+02
 7770   0.12223790E+03
 7771   0.17092254E+03
 7772   0.17028146E+03
 7773   0.24705021E+03
 7774   0.25121091E+03
 7775   0.12766496E+03
 7776   0.67279570E+02
 7777   0.36041160E+02
 7778   0.20674040E+02
 7779   0.12813580E+02
 7780   0.86828800E+01
 7781   0.62141600E+01
 7782   0.76554400E+01
 7783   0.19156400E+02
 7784   0.96398460E+02
 7785   0.12354583E+03
 7786   0.84326670E+02
 7787   0.48483260E+02
 7788   0.29149700E+02
 7789   0.17652170E+02
 7790   0.12549860E+02
 7791   0.10029170E+02
 7792   0.10686120E+02
 7793   0.16581280E+02
 7794   0.18462380E+02
 7795   0.29565670E+02
 7796   0.46302130E+02
 7797   0.91893710E+02
 7798   0.16671731E+03
 7799   0.16680993E+03
 7800   0.23201106E+03
 7801   0.19354991E+03
 7802   0.11784939E+03
 7803   0.85932950E+02
 7804   0.65764630E+02
 7805   0.17507112E+03
 7806   0.29265182E+03
 7807   0.18974893E+03
 7808   0.11642743E+03
 7809   0.13470696E+03
 7810   0.20627309E+03
 7811   0.15206667E+03
 7812   0.11987168E+03
 7813   0.13478202E+03
 7814   0.94112990E+02
 7815   0.58554850E+02
 7816   0.40464540E+02
 7817   0.33031810E+02
 7818   0.76015360E+02
 7819   0.15602701E+03
 7820   0.15621592E+03
 7821   0.10020975E+03
 7822   0.66516340E+02
 7823   0.49256480E+02
 7824   0.34408900E+02
 7825   0.23872990E+02
 7826   0.18379590E+02
 7827   0.16427190E+02
 7828   0.13326250E+02
 7829   0.12810940E+02
 7830   0.16046060E+02
 7831   0.18704440E+02
 7832   0.46372660E+02
 7833   0.10473321E+03
 7834   0.18609873E+03
 7835   0.24572791E+03
 7836   0.18823716E+03
 7837   0.18850066E+03
 7838   0.29590547E+03
 7839   0.24661689E+03
 7840   0.15686789E+03
 7841   0.92015520E+02
 7842   0.53107510E+02
 7843   0.34867990E+02
 7844   0.33331500E+02
 7845   0.52410780E+02
 7846   0.43012281E+03
 7847   0.44263313E+03
 7848   0.33817858E+03
 7849   0.27924392E+03
 7850   0.17896256E+03
 7851   0.10770312E+03
 7852   0.65968250E+02
 7853   0.46383390E+02
 7854   0.34585390E+02
 7855   0.41283080E+02
 7856   0.55260370E+02
 7857   0.52083280E+02
 7858   0.13370855E+03
 7859   0.25034063E+03
 7860   0.29309444E+03
 7861   0.23720217E+03
 7862   0.39644599E+03
 7863   0.22263667E+03
 7864   0.10570316E+03
 7865   0.75306820E+02
 7866   0.34068870E+03
 7867   0.57107109E+03
 7868   0.11099303E+04
 7869   0.61185483E+03
 7870   0.22587505E+03
 7871   0.11008029E+03
 7872   0.60263630E+02
 7873   0.35729910E+02
 7874   0.34095570E+02
 7875   0.46384640E+02
 7876   0.55282910E+02
 7877   0.49940090E+02
 7878   0.14819277E+03
 7879   0.22467161E+03
 7880   0.13230905E+03
 7881   0.87401540E+02
 7882   0.60716860E+02
 7883   0.45486500E+02
 7884   0.34994820E+02
 7885   0.27502590E+02
 7886   0.38458810E+02
 7887   0.11304377E+03
 7888   0.82156530E+02
 7889   0.60469590E+02
 7890   0.58685800E+02
 7891   0.13717797E+03
 7892   0.10235132E+03
 7893   0.68499120E+02
 7894   0.64310050E+02
 7895   0.69765250E+02
 7896   0.47094250E+02
 7897   0.30321550E+02
 7898   0.19696210E+02
 7899   0.18160660E+02
 7900   0.19663070E+02
 7901   0.10592237E+03
 7902   0.75543723E+03
 7903   0.69072597E+03
 7904   0.92351856E+03
 7905   0.47794048E+03
 7906   0.20457210E+03
 7907   0.11071378E+03
 7908   0.70835350E+02
 7909   0.78476170E+02
 7910   0.91197320E+02
 7911   0.61471850E+02
 7912   0.39667610E+02
 7913   0.25146050E+02
 7914   0.15386950E+02
 7915   0.99897600E+01
 7916   0.72405300E+01
 7917   0.56047100E+01
 7918   0.44739100E+01
 7919   0.35660300E+01
 7920   0.17803400E+01
 7921   0.11337600E+01
 7922   0.68407000E+00
 7923   0.81824000E+00
 7924   0.32343500E+01
 7925   0.54026800E+01
 7926   0.54184200E+01
 7927   0.60453600E+01
 7928   0.73923600E+01
 7929   0.16768610E+02
 7930   0.41120120E+02
 7931   0.41382470E+02
 7932   0.28863060E+02
 7933   0.18102320E+02
 7934   0.11794310E+02
 7935   0.88031300E+01
 7936   0.73907800E+01
 7937   0.42548500E+01
 7938   0.14016000E+01
 7939   0.46595000E+00
 7940   0.24474000E+00
 7941   0.17523000E+00
 7942   0.12913000E+00
 7943   0.92790000E-01
 7944   0.71690000E-01
 7945   0.53140000E-01
 7946   0.36520000E-01
 7947   0.25370000E-01
 7948   0.18390000E-01
 7949   0.13890000E-01
 7950   0.10860000E-01
 7951   0.87300000E-02
 7952   0.71800000E-02
 7953   0.60000000E-02
 7954   0.51000000E-02
 7955   0.43800000E-02
 7956   0.38100000E-02
 7957   0.33400000E-02
 7958   0.29500000E-02
 7959   0.26400000E-02
 7960   0.42100000E-02
 7961   0.13556700E+01
 7962   0.39729100E+01
 7963   0.68773200E+01
 7964   0.70438400E+01
 7965   0.58353700E+01
 7966   0.35785200E+01
 7967   0.12702600E+01
 7968   0.52353000E+00
 7969   0.29732000E+00
 7970   0.18613000E+00
 7971   0.13131000E+00
 7972   0.94070000E-01
 7973   0.72620000E-01
 7974   0.57210000E-01
 7975   0.40580000E-01
 7976   0.27920000E-01
 7977   0.19830000E-01
 7978   0.14710000E-01
 7979   0.11340000E-01
 7980   0.90200000E-02
 7981   0.73500000E-02
 7982   0.61100000E-02
 7983   0.51700000E-02
 7984   0.44300000E-02
 7985   0.38400000E-02
 7986   0.33600000E-02
 7987   0.29600000E-02
 7988   0.26300000E-02
 7989   0.23600000E-02
 7990   0.21200000E-02
 7991   0.19200000E-02
 7992   0.17400000E-02
 7993   0.15900000E-02
 7994   0.14600000E-02
 7995   0.13400000E-02
 7996   0.12400000E-02
 7997   0.16140000E-01
 7998   0.17667900E+01
 7999   0.21187500E+01
 8000   0.19459200E+01
 8001   0.23102500E+01
 8002   0.24755500E+01
 8003   0.32607400E+01
 8004   0.39542800E+01
 8005   0.38109700E+01
 8006   0.29004500E+01
 8007   0.14155500E+01
 8008   0.57176000E+00
 8009   0.15236000E+00
 8010   0.64270000E-01
 8011   0.33100000E-01
 8012   0.20030000E-01
 8013   0.13660000E-01
 8014   0.37285300E+01
 8015   0.10228590E+02
 8016   0.12349150E+02
 8017   0.10045620E+02
 8018   0.65737500E+01
 8019   0.33797200E+01
 8020   0.12741200E+01
 8021   0.40832000E+00
 8022   0.22316000E+00
 8023   0.16496000E+00
 8024   0.12917000E+00
 8025   0.96420000E-01
 8026   0.74180000E-01
 8027   0.60180000E-01
 8028   0.44450000E-01
 8029   0.30670000E-01
 8030   0.21530000E-01
 8031   0.15760000E-01
 8032   0.12010000E-01
 8033   0.94600000E-02
 8034   0.76600000E-02
 8035   0.63300000E-02
 8036   0.53300000E-02
 8037   0.45500000E-02
 8038   0.11486700E+01
 8039   0.32219400E+01
 8040   0.36956900E+01
 8041   0.28542600E+01
 8042   0.19986700E+01
 8043   0.10910100E+01
 8044   0.43982000E+00
 8045   0.30804000E+00
 8046   0.29912000E+00
 8047   0.20376000E+00
 8048   0.12617000E+00
 8049   0.85060000E-01
 8050   0.61780000E-01
 8051   0.42460000E-01
 8052   0.29100000E-01
 8053   0.20760000E-01
 8054   0.15460000E-01
 8055   0.11960000E-01
 8056   0.95200000E-02
 8057   0.77700000E-02
 8058   0.64600000E-02
 8059   0.10658100E+01
 8060   0.14628500E+01
 8061   0.65717000E+00
 8062   0.22381000E+00
 8063   0.43319400E+01
 8064   0.18992690E+02
 8065   0.30489390E+02
 8066   0.36091340E+02
 8067   0.31504830E+02
 8068   0.22425360E+02
 8069   0.14753040E+02
 8070   0.10258560E+02
 8071   0.75371200E+01
 8072   0.57310400E+01
 8073   0.43898500E+01
 8074   0.18069200E+01
 8075   0.43789000E+00
 8076   0.13112000E+00
 8077   0.81880000E-01
 8078   0.59510000E-01
 8079   0.41540000E-01
 8080   0.28270000E-01
 8081   0.19860000E-01
 8082   0.14590000E-01
 8083   0.11230000E-01
 8084   0.15932100E+01
 8085   0.29076800E+01
 8086   0.29998800E+01
 8087   0.23022000E+01
 8088   0.80133400E+01
 8089   0.25110530E+02
 8090   0.36218680E+02
 8091   0.44342630E+02
 8092   0.41176530E+02
 8093   0.36293350E+02
 8094   0.50184080E+02
 8095   0.14156103E+03
 8096   0.14281073E+03
 8097   0.12268350E+03
 8098   0.11766348E+03
 8099   0.91000790E+02
 8100   0.56547260E+02
 8101   0.43451470E+02
 8102   0.33993910E+02
 8103   0.31474280E+02
 8104   0.28026870E+02
 8105   0.20273580E+02
 8106   0.14844980E+02
 8107   0.16622580E+02
 8108   0.19150900E+02
 8109   0.17593470E+02
 8110   0.14102340E+02
 8111   0.12890340E+02
 8112   0.13194990E+02
 8113   0.13256020E+02
 8114   0.11761240E+02
 8115   0.82258400E+01
 8116   0.54771900E+01
 8117   0.42613000E+01
 8118   0.34052900E+01
 8119   0.21442300E+01
 8120   0.26703600E+01
 8121   0.51092400E+01
 8122   0.70184800E+01
 8123   0.73128500E+01
 8124   0.67164500E+01
 8125   0.52903700E+01
 8126   0.89286000E+01
 8127   0.28359970E+02
 8128   0.70184940E+02
 8129   0.60340580E+02
 8130   0.42917660E+02
 8131   0.32594180E+02
 8132   0.27867710E+02
 8133   0.26478040E+02
 8134   0.21758440E+02
 8135   0.15617780E+02
 8136   0.11285740E+02
 8137   0.94661000E+01
 8138   0.84250100E+01
 8139   0.71681700E+01
 8140   0.64548800E+01
 8141   0.62721200E+01
 8142   0.75819800E+01
 8143   0.93119900E+01
 8144   0.96298900E+01
 8145   0.12914520E+02
 8146   0.17787250E+02
 8147   0.40328920E+02
 8148   0.43267440E+02
 8149   0.44697000E+02
 8150   0.54559060E+02
 8151   0.41918020E+02
 8152   0.30044620E+02
 8153   0.25548360E+02
 8154   0.52185970E+02
 8155   0.26743978E+03
 8156   0.40874379E+03
 8157   0.26416484E+03
 8158   0.28088418E+03
 8159   0.27447418E+03
 8160   0.19384782E+03
 8161   0.15818438E+03
 8162   0.21205097E+03
 8163   0.21613912E+03
 8164   0.13956952E+03
 8165   0.77014230E+02
 8166   0.43673660E+02
 8167   0.36887210E+02
 8168   0.54551840E+02
 8169   0.11225894E+03
 8170   0.14442311E+03
 8171   0.13568665E+03
 8172   0.11350461E+03
 8173   0.13061232E+03
 8174   0.19801426E+03
 8175   0.15308843E+03
 8176   0.86041850E+02
 8177   0.49376360E+02
 8178   0.34508820E+02
 8179   0.33651890E+02
 8180   0.40275300E+02
 8181   0.43837480E+02
 8182   0.40164860E+02
 8183   0.91041060E+02
 8184   0.27472269E+03
 8185   0.49909332E+03
 8186   0.43617440E+03
 8187   0.45964347E+03
 8188   0.47237983E+03
 8189   0.53418347E+03
 8190   0.35477252E+03
 8191   0.39777307E+03
 8192   0.74656505E+03
 8193   0.50525753E+03
 8194   0.51847913E+03
 8195   0.37335252E+03
 8196   0.31008418E+03
 8197   0.36503170E+03
 8198   0.50252797E+03
 8199   0.31042782E+03
 8200   0.24133940E+03
 8201   0.23092703E+03
 8202   0.24280661E+03
 8203   0.24528286E+03
 8204   0.20530853E+03
 8205   0.21087650E+03
 8206   0.24489140E+03
 8207   0.19268116E+03
 8208   0.16704761E+03
 8209   0.17074953E+03
 8210   0.17265878E+03
 8211   0.15389299E+03
 8212   0.15353705E+03
 8213   0.13986544E+03
 8214   0.11817700E+03
 8215   0.13123550E+03
 8216   0.28976449E+03
 8217   0.38669353E+03
 8218   0.32849608E+03
 8219   0.24394926E+03
 8220   0.14857046E+03
 8221   0.95556450E+02
 8222   0.74844350E+02
 8223   0.67082320E+02
 8224   0.63745830E+02
 8225   0.82578010E+02
 8226   0.11302783E+03
 8227   0.10880772E+03
 8228   0.12464062E+03
 8229   0.21488822E+03
 8230   0.35039623E+03
 8231   0.23147837E+03
 8232   0.17878257E+03
 8233   0.22030784E+03
 8234   0.34618899E+03
 8235   0.24722912E+03
 8236   0.17468761E+03
 8237   0.13116919E+03
 8238   0.10011081E+03
 8239   0.10331525E+03
 8240   0.97655780E+02
 8241   0.81969400E+02
 8242   0.64536290E+02
 8243   0.54168980E+02
 8244   0.59108470E+02
 8245   0.53928700E+02
 8246   0.38810780E+02
 8247   0.36213640E+02
 8248   0.39320040E+02
 8249   0.56812080E+02
 8250   0.59353210E+02
 8251   0.45304280E+02
 8252   0.31253330E+02
 8253   0.23942080E+02
 8254   0.19326150E+02
 8255   0.14462160E+02
 8256   0.92792900E+01
 8257   0.58933400E+01
 8258   0.11819450E+02
 8259   0.94708490E+02
 8260   0.12749780E+03
 8261   0.14819133E+03
 8262   0.12886018E+03
 8263   0.12688301E+03
 8264   0.10796272E+03
 8265   0.69433240E+02
 8266   0.98563680E+02
 8267   0.11820296E+03
 8268   0.64612590E+02
 8269   0.32489630E+02
 8270   0.17879350E+02
 8271   0.97378900E+01
 8272   0.10145360E+02
 8273   0.21553580E+02
 8274   0.27191640E+02
 8275   0.30164770E+02
 8276   0.35854720E+02
 8277   0.38498980E+02
 8278   0.30713860E+02
 8279   0.19655320E+02
 8280   0.11877770E+02
 8281   0.63972900E+01
 8282   0.27478800E+01
 8283   0.95467000E+00
 8284   0.22343000E+00
 8285   0.14880000E+00
 8286   0.12058000E+00
 8287   0.93410000E-01
 8288   0.72230000E-01
 8289   0.59050000E-01
 8290   0.65520000E-01
 8291   0.48878000E+00
 8292   0.32436000E+00
 8293   0.15067000E+00
 8294   0.88890000E-01
 8295   0.89375000E+00
 8296   0.54107000E+00
 8297   0.27899000E+00
 8298   0.49186000E+00
 8299   0.12041300E+01
 8300   0.32446900E+01
 8301   0.83984900E+01
 8302   0.10520840E+02
 8303   0.77005900E+01
 8304   0.39209000E+01
 8305   0.13535100E+01
 8306   0.42571000E+00
 8307   0.21146000E+00
 8308   0.15459000E+00
 8309   0.11799000E+00
 8310   0.15038000E+00
 8311   0.96870000E-01
 8312   0.61130000E-01
 8313   0.73040000E-01
 8314   0.60265000E+00
 8315   0.50082000E+00
 8316   0.24954000E+00
 8317   0.12688000E+00
 8318   0.73240000E-01
 8319   0.46710000E-01
 8320   0.32050000E-01
 8321   0.23230000E-01
 8322   0.17540000E-01
 8323   0.13670000E-01
 8324   0.10940000E-01
 8325   0.89300000E-02
 8326   0.74200000E-02
 8327   0.32780000E-01
 8328   0.15613500E+01
 8329   0.29744900E+01
 8330   0.26213300E+01
 8331   0.10003600E+01
 8332   0.29590000E+00
 8333   0.16131000E+00
 8334   0.93140000E-01
 8335   0.58370000E-01
 8336   0.39350000E-01
 8337   0.28060000E-01
 8338   0.20890000E-01
 8339   0.16090000E-01
 8340   0.12730000E-01
 8341   0.10300000E-01
 8342   0.84800000E-02
 8343   0.71000000E-02
 8344   0.60200000E-02
 8345   0.51600000E-02
 8346   0.44700000E-02
 8347   0.39000000E-02
 8348   0.34300000E-02
 8349   0.30400000E-02
 8350   0.27200000E-02
 8351   0.24400000E-02
 8352   0.22000000E-02
 8353   0.19900000E-02
 8354   0.18100000E-02
 8355   0.16500000E-02
 8356   0.15200000E-02
 8357   0.13900000E-02
 8358   0.12900000E-02
 8359   0.23400000E-02
 8360   0.25100000E-02
 8361   0.38900000E-02
 8362   0.88100000E-02
 8363   0.16530000E-01
 8364   0.17880000E-01
 8365   0.15160000E-01
 8366   0.12080000E-01
 8367   0.95900000E-02
 8368   0.77200000E-02
 8369   0.63200000E-02
 8370   0.52500000E-02
 8371   0.44300000E-02
 8372   0.37900000E-02
 8373   0.32700000E-02
 8374   0.28500000E-02
 8375   0.25100000E-02
 8376   0.22200000E-02
 8377   0.19800000E-02
 8378   0.24633800E+01
 8379   0.60415100E+01
 8380   0.87267600E+01
 8381   0.22724960E+02
 8382   0.35220950E+02
 8383   0.24598040E+02
 8384   0.16264070E+02
 8385   0.11192650E+02
 8386   0.80434900E+01
 8387   0.60461000E+01
 8388   0.46185600E+01
 8389   0.31600100E+01
 8390   0.14160000E+01
 8391   0.59228000E+00
 8392   0.16217000E+00
 8393   0.74980000E-01
 8394   0.42810000E-01
 8395   0.27390000E-01
 8396   0.18970000E-01
 8397   0.13930000E-01
 8398   0.10690000E-01
 8399   0.84800000E-02
 8400   0.69100000E-02
 8401   0.57500000E-02
 8402   0.48600000E-02
 8403   0.41700000E-02
 8404   0.36200000E-02
 8405   0.31700000E-02
 8406   0.28000000E-02
 8407   0.24900000E-02
 8408   0.22300000E-02
 8409   0.20100000E-02
 8410   0.18200000E-02
 8411   0.16600000E-02
 8412   0.15200000E-02
 8413   0.13900000E-02
 8414   0.12800000E-02
 8415   0.11380000E+00
 8416   0.15172200E+01
 8417   0.88251000E+00
 8418   0.23386000E+00
 8419   0.22016000E+00
 8420   0.10596200E+01
 8421   0.28173200E+01
 8422   0.84486800E+01
 8423   0.23795800E+02
 8424   0.45955450E+02
 8425   0.49818800E+02
 8426   0.39410230E+02
 8427   0.28117940E+02
 8428   0.18421540E+02
 8429   0.12089540E+02
 8430   0.85874700E+01
 8431   0.83341800E+01
 8432   0.20270080E+02
 8433   0.10268253E+03
 8434   0.20776638E+03
 8435   0.22376786E+03
 8436   0.18522666E+03
 8437   0.11366038E+03
 8438   0.66856510E+02
 8439   0.40615400E+02
 8440   0.25374420E+02
 8441   0.15910610E+02
 8442   0.10541630E+02
 8443   0.66966900E+01
 8444   0.45904700E+01
 8445   0.32265300E+01
 8446   0.25677100E+01
 8447   0.26065100E+01
 8448   0.29827600E+01
 8449   0.31267800E+01
 8450   0.29120600E+01
 8451   0.22297900E+01
 8452   0.12910300E+01
 8453   0.29344000E+00
 8454   0.76030000E-01
 8455   0.33120000E-01
 8456   0.18530000E-01
 8457   0.12050000E-01
 8458   0.86500000E-02
 8459   0.66300000E-02
 8460   0.92300000E-02
 8461   0.25018000E+00
 8462   0.23128700E+01
 8463   0.21338400E+01
 8464   0.91027000E+00
 8465   0.14899000E+01
 8466   0.63729600E+01
 8467   0.10281120E+02
 8468   0.84918900E+01
 8469   0.66092200E+01
 8470   0.55530300E+01
 8471   0.52787000E+01
 8472   0.42266900E+01
 8473   0.21983000E+01
 8474   0.10429000E+01
 8475   0.91145000E+00
 8476   0.12810400E+01
 8477   0.14138800E+01
 8478   0.11665000E+01
 8479   0.72158000E+00
 8480   0.32900000E+00
 8481   0.71776000E+00
 8482   0.26452400E+01
 8483   0.25723300E+01
 8484   0.11474300E+01
 8485   0.70471000E+00
 8486   0.29670200E+01
 8487   0.67953500E+01
 8488   0.10183580E+02
 8489   0.15980450E+02
 8490   0.23542100E+02
 8491   0.27499890E+02
 8492   0.29301630E+02
 8493   0.26588590E+02
 8494   0.20177080E+02
 8495   0.15635700E+02
 8496   0.12807590E+02
 8497   0.10364640E+02
 8498   0.84161000E+01
 8499   0.78915800E+01
 8500   0.76151100E+01
 8501   0.76554900E+01
 8502   0.92113000E+01
 8503   0.14558390E+02
 8504   0.19667350E+02
 8505   0.17078860E+02
 8506   0.14644420E+02
 8507   0.13070960E+02
 8508   0.13829690E+02
 8509   0.13499120E+02
 8510   0.12405980E+02
 8511   0.12737880E+02
 8512   0.16017860E+02
 8513   0.24635030E+02
 8514   0.22067890E+02
 8515   0.14547020E+02
 8516   0.10358600E+02
 8517   0.83251300E+01
 8518   0.68596800E+01
 8519   0.56169800E+01
 8520   0.45773600E+01
 8521   0.41679800E+01
 8522   0.62765300E+01
 8523   0.95663500E+01
 8524   0.11939780E+02
 8525   0.20493290E+02
 8526   0.34552980E+02
 8527   0.51556100E+02
 8528   0.79562690E+02
 8529   0.12874049E+03
 8530   0.89759650E+02
 8531   0.54677770E+02
 8532   0.39402770E+02
 8533   0.38495230E+02
 8534   0.46886950E+02
 8535   0.36274920E+02
 8536   0.28009950E+02
 8537   0.20370070E+02
 8538   0.13110620E+02
 8539   0.87662100E+01
 8540   0.63452800E+01
 8541   0.48502800E+01
 8542   0.36820500E+01
 8543   0.23855100E+01
 8544   0.12210500E+01
 8545   0.56140000E+00
 8546   0.28903000E+00
 8547   0.14253400E+01
 8548   0.10838600E+01
 8549   0.20074400E+01
 8550   0.17784100E+01
 8551   0.12592900E+01
 8552   0.17157500E+01
 8553   0.96600000E+00
 8554   0.93269000E+00
 8555   0.52516000E+00
 8556   0.22384200E+01
 8557   0.96511400E+01
 8558   0.49091350E+02
 8559   0.55468840E+02
 8560   0.39746390E+02
 8561   0.26523620E+02
 8562   0.21942165E+03
 8563   0.60048663E+03
 8564   0.85161780E+03
 8565   0.38585581E+03
 8566   0.87739863E+03
 8567   0.75914849E+03
 8568   0.68088827E+03
 8569   0.43867476E+03
 8570   0.36939933E+03
 8571   0.72534201E+03
 8572   0.83812287E+03
 8573   0.52894698E+03
 8574   0.55466624E+03
 8575   0.69263387E+03
 8576   0.51169037E+03
 8577   0.30501498E+03
 8578   0.16344096E+03
 8579   0.84410260E+02
 8580   0.46319480E+02
 8581   0.26093650E+02
 8582   0.15219130E+02
 8583   0.12732350E+02
 8584   0.35901319E+03
 8585   0.11342892E+04
 8586   0.10565275E+04
 8587   0.87892268E+03
 8588   0.70674578E+03
 8589   0.47405870E+03
 8590   0.23323382E+03
 8591   0.15878061E+03
 8592   0.10309830E+03
 8593   0.63190180E+02
 8594   0.45287760E+02
 8595   0.56769640E+02
 8596   0.10941567E+03
 8597   0.15115094E+03
 8598   0.11982596E+03
 8599   0.79166140E+02
 8600   0.69496400E+02
 8601   0.81047040E+02
 8602   0.71680930E+02
 8603   0.68284520E+02
 8604   0.79322380E+02
 8605   0.58948150E+02
 8606   0.37682660E+02
 8607   0.22021500E+02
 8608   0.13313390E+02
 8609   0.11061610E+02
 8610   0.21069980E+02
 8611   0.32595210E+02
 8612   0.33757450E+02
 8613   0.36967210E+02
 8614   0.59265710E+02
 8615   0.19490517E+03
 8616   0.15539355E+03
 8617   0.10451785E+03
 8618   0.15495374E+03
 8619   0.83043130E+02
 8620   0.41205370E+02
 8621   0.22563020E+02
 8622   0.14418460E+02
 8623   0.20923290E+02
 8624   0.34464680E+02
 8625   0.41565430E+02
 8626   0.40656680E+02
 8627   0.30432360E+02
 8628   0.20753640E+02
 8629   0.24426940E+02
 8630   0.49594250E+02
 8631   0.94497050E+02
 8632   0.15834145E+03
 8633   0.10874467E+03
 8634   0.80458720E+02
 8635   0.53948930E+02
 8636   0.46406350E+02
 8637   0.46952990E+02
 8638   0.60379620E+02
 8639   0.44044620E+02
 8640   0.27464980E+02
 8641   0.16472880E+02
 8642   0.90863300E+01
 8643   0.12833410E+02
 8644   0.39672840E+02
 8645   0.51862370E+02
 8646   0.44082700E+02
 8647   0.30708320E+02
 8648   0.17915340E+02
 8649   0.10082480E+02
 8650   0.52763600E+01
 8651   0.29792100E+01
 8652   0.21408400E+01
 8653   0.16375000E+01
 8654   0.10131400E+01
 8655   0.31391000E+00
 8656   0.13879000E+00
 8657   0.77720000E-01
 8658   0.50320000E-01
 8659   0.33150000E-01
 8660   0.22690000E-01
 8661   0.16330000E-01
 8662   0.12290000E-01
 8663   0.96000000E-02
 8664   0.77100000E-02
 8665   0.63400000E-02
 8666   0.53200000E-02
 8667   0.45300000E-02
 8668   0.39000000E-02
 8669   0.34000000E-02
 8670   0.29900000E-02
 8671   0.26500000E-02
 8672   0.23700000E-02
 8673   0.21300000E-02
 8674   0.19200000E-02
 8675   0.17400000E-02
 8676   0.15900000E-02
 8677   0.14600000E-02
 8678   0.13400000E-02
 8679   0.12300000E-02
 8680   0.11400000E-02
 8681   0.10600000E-02
 8682   0.98000000E-03
 8683   0.92000000E-03
 8684   0.86000000E-03
 8685   0.80000000E-03
 8686   0.75000000E-03
 8687   0.71000000E-03
 8688   0.67000000E-03
 8689   0.63000000E-03
 8690   0.59000000E-03
 8691   0.56000000E-03
 8692   0.53000000E-03
 8693   0.50000000E-03
 8694   0.48000000E-03
 8695   0.46000000E-03
 8696   0.43000000E-03
 8697   0.41000000E-03
 8698   0.39000000E-03
 8699   0.38000000E-03
 8700   0.36000000E-03
 8701   0.35000000E-03
 8702   0.33000000E-03
 8703   0.32000000E-03
 8704   0.30000000E-03
 8705   0.29000000E-03
 8706   0.28000000E-03
 8707   0.27000000E-03
 8708   0.26000000E-03
 8709   0.25000000E-03
 8710   0.24000000E-03
 8711   0.23000000E-03
 8712   0.22000000E-03
 8713   0.22000000E-03
 8714   0.21000000E-03
 8715   0.20000000E-03
 8716   0.20000000E-03
 8717   0.19000000E-03
 8718   0.18000000E-03
 8719   0.18000000E-03
 8720   0.17000000E-03
 8721   0.17000000E-03
 8722   0.16000000E-03
 8723   0.16000000E-03
 8724   0.15000000E-03
 8725   0.15000000E-03
 8726   0.14000000E-03
 8727   0.14000000E-03
 8728   0.14000000E-03
 8729   0.13000000E-03
 8730   0.13000000E-03
 8731   0.12000000E-03
 8732   0.12000000E-03
 8733   0.12000000E-03
 8734   0.12000000E-03
 8735   0.11000000E-03
 8736   0.11000000E-03
 8737   0.11000000E-03
 8738   0.10000000E-03
 8739   0.10000000E-03
 8740   0.10000000E-03
 8741   0.10000000E-03
 8742   0.90000000E-04
 8743   0.20000000E-03
 8744   0.13090000E-01
 8745   0.14016000E+00
 8746   0.12358000E+00
 8747   0.76290000E-01
 8748   0.54115400E+01
 8749   0.44384660E+02
 8750   0.62878880E+02
 8751   0.60019620E+02
 8752   0.44414860E+02
 8753   0.27884040E+02
 8754   0.16616730E+02
 8755   0.10748830E+02
 8756   0.74876800E+01
 8757   0.54912300E+01
 8758   0.40573300E+01
 8759   0.21938600E+01
 8760   0.10655200E+01
 8761   0.21511000E+00
 8762   0.93590000E-01
 8763   0.64960000E-01
 8764   0.46340000E-01
 8765   0.22778000E+00
 8766   0.66562000E+00
 8767   0.53675000E+00
 8768   0.33764000E+00
 8769   0.23243000E+00
 8770   0.15166000E+00
 8771   0.10134000E+00
 8772   0.65790000E-01
 8773   0.43090000E-01
 8774   0.29460000E-01
 8775   0.21100000E-01
 8776   0.15740000E-01
 8777   0.12140000E-01
 8778   0.96200000E-02
 8779   0.78000000E-02
 8780   0.64400000E-02
 8781   0.54100000E-02
 8782   0.46000000E-02
 8783   0.39600000E-02
 8784   0.34400000E-02
 8785   0.30200000E-02
 8786   0.26700000E-02
 8787   0.23800000E-02
 8788   0.21300000E-02
 8789   0.19200000E-02
 8790   0.17400000E-02
 8791   0.15800000E-02
 8792   0.14500000E-02
 8793   0.10978200E+01
 8794   0.29945300E+01
 8795   0.27068300E+01
 8796   0.10596700E+01
 8797   0.14626900E+01
 8798   0.25773100E+01
 8799   0.40387200E+01
 8800   0.50452500E+01
 8801   0.47237600E+01
 8802   0.33812000E+01
 8803   0.15185300E+01
 8804   0.95953000E+00
 8805   0.34880000E+00
 8806   0.17596000E+00
 8807   0.95990000E-01
 8808   0.48560000E-01
 8809   0.62320000E-01
 8810   0.12487900E+01
 8811   0.83666000E+00
 8812   0.23610000E+00
 8813   0.11938000E+00
 8814   0.71450000E-01
 8815   0.54270000E-01
 8816   0.53060000E-01
 8817   0.16473000E+00
 8818   0.61451000E+00
 8819   0.58965000E+00
 8820   0.11160500E+01
 8821   0.15431200E+01
 8822   0.11448300E+01
 8823   0.94112000E+00
 8824   0.51616000E+00
 8825   0.38049000E+00
 8826   0.33301000E+00
 8827   0.27312000E+00
 8828   0.18128000E+00
 8829   0.12094000E+00
 8830   0.18018000E+00
 8831   0.79244000E+00
 8832   0.30990000E+00
 8833   0.14300000E+00
 8834   0.79420000E-01
 8835   0.57180000E-01
 8836   0.78451000E+00
 8837   0.57509000E+00
 8838   0.77215000E+00
 8839   0.88595000E+00
 8840   0.78165000E+00
 8841   0.42026000E+00
 8842   0.26749000E+00
 8843   0.17159000E+00
 8844   0.90320000E+00
 8845   0.14104100E+01
 8846   0.21532000E+01
 8847   0.30782500E+01
 8848   0.36822800E+01
 8849   0.32850200E+01
 8850   0.28226900E+01
 8851   0.29080900E+01
 8852   0.25855400E+01
 8853   0.11390300E+01
 8854   0.35587000E+00
 8855   0.24190000E+00
 8856   0.10604900E+01
 8857   0.47856800E+01
 8858   0.13174900E+02
 8859   0.23270130E+02
 8860   0.29324170E+02
 8861   0.43567970E+02
 8862   0.45646270E+02
 8863   0.39517310E+02
 8864   0.33648460E+02
 8865   0.26017940E+02
 8866   0.17652470E+02
 8867   0.12040120E+02
 8868   0.87050300E+01
 8869   0.67816600E+01
 8870   0.60296400E+01
 8871   0.49824600E+01
 8872   0.46284400E+01
 8873   0.77145200E+01
 8874   0.10189110E+02
 8875   0.15924770E+02
 8876   0.19233120E+02
 8877   0.16596850E+02
 8878   0.12348640E+02
 8879   0.10409370E+02
 8880   0.37754530E+02
 8881   0.78964900E+02
 8882   0.80138890E+02
 8883   0.60900200E+02
 8884   0.44504630E+02
 8885   0.45925200E+02
 8886   0.57808680E+02
 8887   0.91546990E+02
 8888   0.92702140E+02
 8889   0.74454950E+02
 8890   0.53063910E+02
 8891   0.34442920E+02
 8892   0.29735490E+02
 8893   0.49511370E+02
 8894   0.97282450E+02
 8895   0.10078379E+03
 8896   0.72825560E+02
 8897   0.53984870E+02
 8898   0.44324930E+02
 8899   0.19068638E+03
 8900   0.14900727E+03
 8901   0.81394720E+02
 8902   0.46778070E+02
 8903   0.28174880E+02
 8904   0.17004580E+02
 8905   0.13218080E+02
 8906   0.13208280E+02
 8907   0.16908510E+02
 8908   0.38881510E+02
 8909   0.37367840E+02
 8910   0.26712450E+02
 8911   0.19023260E+02
 8912   0.27104470E+02
 8913   0.94239630E+02
 8914   0.85686100E+02
 8915   0.81795830E+02
 8916   0.88040130E+02
 8917   0.98002810E+02
 8918   0.89380430E+02
 8919   0.59418730E+02
 8920   0.38284360E+02
 8921   0.34570350E+02
 8922   0.58685460E+02
 8923   0.77725030E+02
 8924   0.64957330E+02
 8925   0.42307030E+02
 8926   0.27220670E+02
 8927   0.17089770E+02
 8928   0.11124160E+02
 8929   0.80002700E+01
 8930   0.66095600E+01
 8931   0.86233200E+01
 8932   0.17798923E+03
 8933   0.31797319E+03
 8934   0.26871885E+03
 8935   0.24572231E+03
 8936   0.30497157E+03
 8937   0.23162383E+03
 8938   0.18155409E+03
 8939   0.11926849E+03
 8940   0.68225010E+02
 8941   0.39698100E+02
 8942   0.23370520E+02
 8943   0.20915950E+02
 8944   0.39522450E+02
 8945   0.15742935E+03
 8946   0.22937043E+03
 8947   0.38417321E+03
 8948   0.51756609E+03
 8949   0.28010461E+03
 8950   0.15061729E+03
 8951   0.13193242E+03
 8952   0.24236050E+03
 8953   0.28178624E+03
 8954   0.26627897E+03
 8955   0.40060828E+03
 8956   0.31693376E+03
 8957   0.18998459E+03
 8958   0.14470930E+03
 8959   0.16906901E+03
 8960   0.21855492E+03
 8961   0.16685959E+03
 8962   0.13932405E+03
 8963   0.14773270E+03
 8964   0.28264525E+03
 8965   0.27033091E+03
 8966   0.16917010E+03
 8967   0.11544590E+03
 8968   0.72305430E+02
 8969   0.46191890E+02
 8970   0.72211960E+02
 8971   0.17422057E+03
 8972   0.11387976E+03
 8973   0.67430830E+02
 8974   0.41419960E+02
 8975   0.29646990E+02
 8976   0.20911690E+02
 8977   0.16419830E+02
 8978   0.17149800E+02
 8979   0.27515050E+02
 8980   0.39759010E+02
 8981   0.37672550E+02
 8982   0.27930330E+02
 8983   0.19475480E+02
 8984   0.12492120E+02
 8985   0.84615300E+01
 8986   0.61437300E+01
 8987   0.72944400E+01
 8988   0.97389100E+01
 8989   0.90893700E+01
 8990   0.74669000E+01
 8991   0.80065100E+01
 8992   0.10392060E+02
 8993   0.94177200E+01
 8994   0.80131700E+01
 8995   0.93936300E+01
 8996   0.11018230E+02
 8997   0.10645580E+02
 8998   0.13604780E+02
 8999   0.17656640E+02
 9000   0.16512640E+02
 9001   0.22736780E+02
 9002   0.95111170E+02
 9003   0.78430080E+02
 9004   0.46594160E+02
 9005   0.71053340E+02
 9006   0.88159120E+02
 9007   0.10482628E+03
 9008   0.11354383E+03
 9009   0.94882120E+02
 9010   0.64601630E+02
 9011   0.40017160E+02
 9012   0.24464280E+02
 9013   0.15352870E+02
 9014   0.92922100E+01
 9015   0.66621400E+01
 9016   0.13189460E+02
 9017   0.21238360E+02
 9018   0.20023580E+02
 9019   0.15781610E+02
 9020   0.14916840E+02
 9021   0.14519070E+02
 9022   0.12340560E+02
 9023   0.10821200E+02
 9024   0.23048340E+02
 9025   0.56065360E+02
 9026   0.72106610E+02
 9027   0.16052306E+03
 9028   0.10473865E+03
 9029   0.55434440E+02
 9030   0.31759370E+02
 9031   0.18922640E+02
 9032   0.10614590E+02
 9033   0.61341500E+01
 9034   0.33258200E+01
 9035   0.17791900E+01
 9036   0.22205400E+01
 9037   0.34244000E+01
 9038   0.35100340E+02
 9039   0.59418701E+03
 9040   0.30455453E+03
 9041   0.14098752E+03
 9042   0.78531930E+02
 9043   0.47754880E+02
 9044   0.30975640E+02
 9045   0.20877230E+02
 9046   0.14055820E+02
 9047   0.91325900E+01
 9048   0.60030700E+01
 9049   0.43277400E+01
 9050   0.30773400E+01
 9051   0.16036600E+01
 9052   0.82747000E+00
 9053   0.20289000E+00
 9054   0.22732000E+00
 9055   0.44225100E+01
 9056   0.16099093E+03
 9057   0.16287713E+03
 9058   0.12437598E+03
 9059   0.76041190E+02
 9060   0.45371180E+02
 9061   0.26280210E+02
 9062   0.15887900E+02
 9063   0.10734220E+02
 9064   0.75345200E+01
 9065   0.55304100E+01
 9066   0.40098700E+01
 9067   0.17461800E+01
 9068   0.39750000E+00
 9069   0.10643000E+00
 9070   0.60580000E-01
 9071   0.38910000E-01
 9072   0.26210000E-01
 9073   0.18610000E-01
 9074   0.13860000E-01
 9075   0.10730000E-01
 9076   0.85700000E-02
 9077   0.70100000E-02
 9078   0.58500000E-02
 9079   0.49500000E-02
 9080   0.92182000E+00
 9081   0.62296700E+01
 9082   0.30718470E+02
 9083   0.66708610E+02
 9084   0.49724780E+02
 9085   0.31268680E+02
 9086   0.19048470E+02
 9087   0.12348040E+02
 9088   0.86254600E+01
 9089   0.56422100E+01
 9090   0.37446500E+01
 9091   0.18243900E+01
 9092   0.10030800E+01
 9093   0.28503000E+00
 9094   0.12512000E+00
 9095   0.70710000E-01
 9096   0.44320000E-01
 9097   0.29140000E-01
 9098   0.20260000E-01
 9099   0.14830000E-01
 9100   0.11330000E-01
 9101   0.89500000E-02
 9102   0.72700000E-02
 9103   0.60200000E-02
 9104   0.98710000E-01
 9105   0.21280400E+01
 9106   0.32397300E+01
 9107   0.25179500E+02
 9108   0.22314083E+03
 9109   0.15368877E+03
 9110   0.91811170E+02
 9111   0.55347090E+02
 9112   0.33283950E+02
 9113   0.20022720E+02
 9114   0.13002450E+02
 9115   0.91349500E+01
 9116   0.66535500E+01
 9117   0.50243700E+01
 9118   0.36707300E+01
 9119   0.18527500E+01
 9120   0.51818000E+00
 9121   0.11550000E+00
 9122   0.68010000E-01
 9123   0.46920000E-01
 9124   0.31680000E-01
 9125   0.21920000E-01
 9126   0.15860000E-01
 9127   0.11980000E-01
 9128   0.93700000E-02
 9129   0.75400000E-02
 9130   0.62200000E-02
 9131   0.52300000E-02
 9132   0.44600000E-02
 9133   0.38500000E-02
 9134   0.33600000E-02
 9135   0.29600000E-02
 9136   0.26300000E-02
 9137   0.23500000E-02
 9138   0.21200000E-02
 9139   0.19100000E-02
 9140   0.17400000E-02
 9141   0.15900000E-02
 9142   0.14500000E-02
 9143   0.13400000E-02
 9144   0.12300000E-02
 9145   0.11400000E-02
 9146   0.10600000E-02
 9147   0.98000000E-03
 9148   0.92000000E-03
 9149   0.86000000E-03
 9150   0.80000000E-03
 9151   0.75000000E-03
 9152   0.71000000E-03
 9153   0.67000000E-03
 9154   0.63000000E-03
 9155   0.59000000E-03
 9156   0.56000000E-03
 9157   0.53000000E-03
 9158   0.51000000E-03
 9159   0.54000000E-03
 9160   0.56000000E-03
 9161   0.10026200E+01
 9162   0.15298400E+01
 9163   0.12546800E+01
 9164   0.75863000E+00
 9165   0.21114600E+01
 9166   0.31987500E+01
 9167   0.36990500E+01
 9168   0.48581100E+01
 9169   0.66782800E+01
 9170   0.67136900E+01
 9171   0.52438600E+01
 9172   0.42836600E+01
 9173   0.39013600E+01
 9174   0.37066000E+01
 9175   0.33845500E+01
 9176   0.28098400E+01
 9177   0.17810900E+01
 9178   0.11010600E+01
 9179   0.44429000E+00
 9180   0.20156000E+00
 9181   0.93790000E-01
 9182   0.65430000E-01
 9183   0.22740000E+00
 9184   0.44293000E+00
 9185   0.11154000E+01
 9186   0.10839700E+01
 9187   0.18410700E+01
 9188   0.27268300E+01
 9189   0.27644200E+01
 9190   0.18131900E+01
 9191   0.10212600E+01
 9192   0.39078000E+00
 9193   0.53508000E+00
 9194   0.56253000E+00
 9195   0.55978000E+00
 9196   0.55831000E+00
 9197   0.46249000E+00
 9198   0.31935000E+00
 9199   0.20027000E+00
 9200   0.12229000E+00
 9201   0.65720000E-01
 9202   0.35250000E-01
 9203   0.20620000E-01
 9204   0.15590000E-01
 9205   0.58660000E-01
 9206   0.67880000E-01
 9207   0.48740000E-01
 9208   0.33780000E-01
 9209   0.24130000E-01
 9210   0.17870000E-01
 9211   0.13680000E-01
 9212   0.10760000E-01
 9213   0.86700000E-02
 9214   0.72200000E-02
 9215   0.12990000E-01
 9216   0.19764000E+00
 9217   0.18953000E+01
 9218   0.47480700E+01
 9219   0.72552900E+01
 9220   0.64419800E+01
 9221   0.50425400E+01
 9222   0.36437100E+01
 9223   0.33485600E+01
 9224   0.35982300E+01
 9225   0.36298100E+01
 9226   0.29974600E+01
 9227   0.16725100E+01
 9228   0.10749000E+01
 9229   0.13419300E+01
 9230   0.23170500E+01
 9231   0.32798100E+01
 9232   0.10288300E+02
 9233   0.27149360E+02
 9234   0.56263840E+02
 9235   0.50467760E+02
 9236   0.35644890E+02
 9237   0.24464940E+02
 9238   0.17928530E+02
 9239   0.16445970E+02
 9240   0.18193880E+02
 9241   0.20582900E+02
 9242   0.16678580E+02
 9243   0.10523040E+02
 9244   0.71178800E+01
 9245   0.55420700E+01
 9246   0.44003200E+01
 9247   0.30558600E+01
 9248   0.17158600E+01
 9249   0.13195900E+01
 9250   0.14319600E+01
 9251   0.14139200E+01
 9252   0.39514000E+01
 9253   0.71003540E+02
 9254   0.14853121E+03
 9255   0.10868152E+03
 9256   0.68149390E+02
 9257   0.46967990E+02
 9258   0.37255100E+02
 9259   0.34036520E+02
 9260   0.50695950E+02
 9261   0.47875240E+02
 9262   0.37089280E+02
 9263   0.42138730E+02
 9264   0.17455734E+03
 9265   0.14967821E+03
 9266   0.16329978E+03
 9267   0.15244569E+03
 9268   0.10306609E+03
 9269   0.65678040E+02
 9270   0.46297370E+02
 9271   0.73006770E+02
 9272   0.61779970E+02
 9273   0.36730230E+02
 9274   0.22101670E+02
 9275   0.14951970E+02
 9276   0.16993770E+02
 9277   0.87542290E+02
 9278   0.15363896E+03
 9279   0.21033871E+03
 9280   0.13300089E+03
 9281   0.99797040E+02
 9282   0.13071060E+03
 9283   0.12066978E+03
 9284   0.91934290E+02
 9285   0.10257924E+03
 9286   0.17617951E+03
 9287   0.22525448E+03
 9288   0.19986552E+03
 9289   0.18717500E+03
 9290   0.24074815E+03
 9291   0.17820692E+03
 9292   0.12119733E+03
 9293   0.10560802E+03
 9294   0.18529637E+03
 9295   0.48964247E+03
 9296   0.22907113E+03
 9297   0.11708283E+03
 9298   0.68212260E+02
 9299   0.52429870E+02
 9300   0.28322388E+03
 9301   0.34716964E+03
 9302   0.21917776E+03
 9303   0.15407642E+03
 9304   0.11215973E+03
 9305   0.95455610E+02
 9306   0.69370750E+02
 9307   0.46004810E+02
 9308   0.32386070E+02
 9309   0.23585200E+02
 9310   0.30229570E+02
 9311   0.50641790E+02
 9312   0.10607865E+03
 9313   0.12160390E+03
 9314   0.97653940E+02
 9315   0.69851040E+02
 9316   0.48851080E+02
 9317   0.41141370E+02
 9318   0.93834690E+02
 9319   0.18289739E+03
 9320   0.24981569E+03
 9321   0.37275109E+03
 9322   0.26669969E+03
 9323   0.18086622E+03
 9324   0.33551463E+03
 9325   0.51963367E+03
 9326   0.30265194E+03
 9327   0.20169666E+03
 9328   0.23619618E+03
 9329   0.39567598E+03
 9330   0.38063334E+03
 9331   0.17602136E+03
 9332   0.90842590E+02
 9333   0.50063990E+02
 9334   0.30271180E+02
 9335   0.26220960E+02
 9336   0.39326750E+02
 9337   0.65834070E+02
 9338   0.67089850E+02
 9339   0.51604550E+02
 9340   0.37291510E+02
 9341   0.26288250E+02
 9342   0.17646310E+02
 9343   0.13228140E+02
 9344   0.30850620E+02
 9345   0.20654112E+03
 9346   0.13772967E+03
 9347   0.12459747E+03
 9348   0.17258473E+03
 9349   0.88201450E+02
 9350   0.45362670E+02
 9351   0.25782430E+02
 9352   0.14997310E+02
 9353   0.19969603E+03
 9354   0.10525434E+04
 9355   0.53231125E+03
 9356   0.35610071E+03
 9357   0.64249103E+03
 9358   0.67485622E+03
 9359   0.47114787E+03
 9360   0.22685971E+03
 9361   0.10718966E+03
 9362   0.56740060E+02
 9363   0.31738750E+02
 9364   0.17898040E+02
 9365   0.11179230E+02
 9366   0.88550800E+01
 9367   0.21931214E+03
 9368   0.28016146E+03
 9369   0.15028231E+03
 9370   0.80078620E+02
 9371   0.44657450E+02
 9372   0.26905860E+02
 9373   0.16164010E+02
 9374   0.93629700E+01
 9375   0.60935700E+01
 9376   0.33770800E+01
 9377   0.10974800E+01
 9378   0.31122000E+00
 9379   0.15280000E+00
 9380   0.92320000E-01
 9381   0.68250000E-01
 9382   0.52260000E-01
 9383   0.36480000E-01
 9384   0.25140000E-01
 9385   0.17970000E-01
 9386   0.13400000E-01
 9387   0.10580000E-01
 9388   0.25156100E+01
 9389   0.43380000E+01
 9390   0.58838900E+01
 9391   0.65271600E+01
 9392   0.53713500E+01
 9393   0.53400000E+01
 9394   0.52194100E+01
 9395   0.64441600E+01
 9396   0.11249680E+02
 9397   0.16764152E+03
 9398   0.10362944E+03
 9399   0.67297540E+02
 9400   0.48962970E+02
 9401   0.38981810E+02
 9402   0.30146480E+02
 9403   0.20291120E+02
 9404   0.12332560E+02
 9405   0.78093800E+01
 9406   0.53281600E+01
 9407   0.28944600E+01
 9408   0.90661000E+00
 9409   0.19657000E+00
 9410   0.11187000E+00
 9411   0.78660000E-01
 9412   0.61780000E-01
 9413   0.45230000E-01
 9414   0.31090000E-01
 9415   0.21770000E-01
 9416   0.15910000E-01
 9417   0.12110000E-01
 9418   0.95300000E-02
 9419   0.77100000E-02
 9420   0.71000000E-02
 9421   0.64700000E-02
 9422   0.62500000E-02
 9423   0.62700000E-02
 9424   0.11969400E+01
 9425   0.58735600E+01
 9426   0.10060090E+02
 9427   0.78065900E+01
 9428   0.58647300E+01
 9429   0.45122700E+01
 9430   0.32697100E+01
 9431   0.15778500E+01
 9432   0.66230000E+00
 9433   0.14417000E+00
 9434   0.56520000E-01
 9435   0.27520000E-01
 9436   0.15760000E-01
 9437   0.10160000E-01
 9438   0.71400000E-02
 9439   0.53500000E-02
 9440   0.42000000E-02
 9441   0.36090000E-01
 9442   0.27498500E+01
 9443   0.46018200E+01
 9444   0.30018400E+01
 9445   0.96378000E+00
 9446   0.21748000E+00
 9447   0.12799000E+00
 9448   0.91490000E-01
 9449   0.65930000E-01
 9450   0.44780000E-01
 9451   0.44500000E-01
 9452   0.31618000E+00
 9453   0.24025000E+00
 9454   0.11770000E+00
 9455   0.54600000E-01
 9456   0.28090000E-01
 9457   0.16550000E-01
 9458   0.10920000E-01
 9459   0.78400000E-02
 9460   0.60000000E-02
 9461   0.48000000E-02
 9462   0.39800000E-02
 9463   0.34600000E-02
 9464   0.30100000E-02
 9465   0.26700000E-02
 9466   0.24100000E-02
 9467   0.22000000E-02
 9468   0.20200000E-02
 9469   0.18700000E-02
 9470   0.17400000E-02
 9471   0.16400000E-02
 9472   0.15500000E-02
 9473   0.14800000E-02
 9474   0.14300000E-02
 9475   0.13800000E-02
 9476   0.13400000E-02
 9477   0.12900000E-02
 9478   0.12400000E-02
 9479   0.11900000E-02
 9480   0.11300000E-02
 9481   0.10600000E-02
 9482   0.10000000E-02
 9483   0.94000000E-03
 9484   0.88000000E-03
 9485   0.83000000E-03
 9486   0.77000000E-03
 9487   0.73000000E-03
 9488   0.68000000E-03
 9489   0.64000000E-03
 9490   0.60000000E-03
 9491   0.57000000E-03
 9492   0.53000000E-03
 9493   0.50000000E-03
 9494   0.48000000E-03
 9495   0.45000000E-03
 9496   0.43000000E-03
 9497   0.41000000E-03
 9498   0.39000000E-03
 9499   0.37000000E-03
 9500   0.35000000E-03
 9501   0.34000000E-03
 9502   0.32000000E-03
 9503   0.31000000E-03
 9504   0.29000000E-03
 9505   0.28000000E-03
 9506   0.27000000E-03
 9507   0.26000000E-03
 9508   0.25000000E-03
 9509   0.24000000E-03
 9510   0.23000000E-03
 9511   0.14215000E+00
 9512   0.42417900E+01
 9513   0.95080600E+01
 9514   0.12387810E+02
 9515   0.11795360E+02
 9516   0.95111800E+01
 9517   0.76334600E+01
 9518   0.61514800E+01
 9519   0.43884000E+01
 9520   0.27618600E+01
 9521   0.14926400E+01
 9522   0.95059000E+00
 9523   0.31826000E+00
 9524   0.15111000E+00
 9525   0.88590000E-01
 9526   0.64420000E-01
 9527   0.47590000E-01
 9528   0.32750000E-01
 9529   0.22700000E-01
 9530   0.16390000E-01
 9531   0.12340000E-01
 9532   0.96300000E-02
 9533   0.77300000E-02
 9534   0.63600000E-02
 9535   0.53300000E-02
 9536   0.45300000E-02
 9537   0.10395900E+01
 9538   0.26826300E+01
 9539   0.17751300E+01
 9540   0.95467000E+00
 9541   0.49875000E+00
 9542   0.34162000E+00
 9543   0.22864000E+00
 9544   0.15339000E+00
 9545   0.96450000E-01
 9546   0.61220000E-01
 9547   0.41030000E-01
 9548   0.29010000E-01
 9549   0.21440000E-01
 9550   0.16420000E-01
 9551   0.12930000E-01
 9552   0.10430000E-01
 9553   0.85800000E-02
 9554   0.82860000E-01
 9555   0.76118000E+00
 9556   0.78374000E+00
 9557   0.90322000E+00
 9558   0.90448000E+00
 9559   0.52400000E+00
 9560   0.33817000E+00
 9561   0.26477000E+00
 9562   0.38139000E+00
 9563   0.13599200E+01
 9564   0.28165600E+01
 9565   0.52183600E+01
 9566   0.12472020E+02
 9567   0.14100090E+02
 9568   0.11441640E+02
 9569   0.84868300E+01
 9570   0.64995300E+01
 9571   0.46026800E+01
 9572   0.30322800E+01
 9573   0.16269500E+01
 9574   0.15183800E+01
 9575   0.17847290E+02
 9576   0.15343129E+03
 9577   0.23038589E+03
 9578   0.29931491E+03
 9579   0.27416972E+03
 9580   0.17745834E+03
 9581   0.13006102E+03
 9582   0.11409647E+03
 9583   0.90284490E+02
 9584   0.74288260E+02
 9585   0.62037370E+02
 9586   0.46100170E+02
 9587   0.31892830E+02
 9588   0.21719910E+02
 9589   0.14724290E+02
 9590   0.10393390E+02
 9591   0.74940600E+01
 9592   0.64555600E+01
 9593   0.57240400E+01
 9594   0.59394400E+01
 9595   0.10165080E+02
 9596   0.13403470E+02
 9597   0.13607940E+02
 9598   0.17990070E+02
 9599   0.26586310E+02
 9600   0.23370490E+02
 9601   0.15344770E+02
 9602   0.10227110E+02
 9603   0.80064800E+01
 9604   0.69015400E+01
 9605   0.58082600E+01
 9606   0.60003100E+01
 9607   0.15579080E+02
 9608   0.34871230E+02
 9609   0.47130920E+02
 9610   0.44167640E+02
 9611   0.35794100E+02
 9612   0.35781090E+02
 9613   0.62717640E+02
 9614   0.52779470E+02
 9615   0.37321570E+02
 9616   0.36387680E+02
 9617   0.51506770E+02
 9618   0.60299520E+02
 9619   0.55522390E+02
 9620   0.47078620E+02
 9621   0.36635260E+02
 9622   0.23910940E+02
 9623   0.15899690E+02
 9624   0.11951650E+02
 9625   0.16152070E+02
 9626   0.39501960E+02
 9627   0.75962930E+02
 9628   0.54163430E+02
 9629   0.34039670E+02
 9630   0.22278830E+02
 9631   0.16250800E+02
 9632   0.12425610E+02
 9633   0.12484650E+02
 9634   0.12126740E+02
 9635   0.97696100E+01
 9636   0.86442300E+01
 9637   0.80156100E+01
 9638   0.63690100E+01
 9639   0.60886800E+01
 9640   0.61982900E+01
 9641   0.66067500E+01
 9642   0.17979500E+02
 9643   0.15892266E+03
 9644   0.13275369E+03
 9645   0.82591760E+02
 9646   0.77808530E+02
 9647   0.82593240E+02
 9648   0.67212630E+02
 9649   0.46797830E+02
 9650   0.31485130E+02
 9651   0.28049090E+02
 9652   0.82394660E+02
 9653   0.19677562E+03
 9654   0.32322725E+03
 9655   0.53403485E+03
 9656   0.42483167E+03
 9657   0.25592825E+03
 9658   0.20805636E+03
 9659   0.15522864E+03
 9660   0.14364759E+03
 9661   0.26219482E+03
 9662   0.19895160E+03
 9663   0.18551115E+03
 9664   0.46489225E+03
 9665   0.38509489E+03
 9666   0.42401677E+03
 9667   0.46037763E+03
 9668   0.36689494E+03
 9669   0.36195472E+03
 9670   0.50890956E+03
 9671   0.62491797E+03
 9672   0.50577453E+03
 9673   0.28880838E+03
 9674   0.17752643E+03
 9675   0.13809757E+03
 9676   0.12514707E+03
 9677   0.13313430E+03
 9678   0.13886061E+03
 9679   0.11793797E+03
 9680   0.16127871E+03
 9681   0.26013312E+03
 9682   0.58026946E+03
 9683   0.34696088E+03
 9684   0.21065562E+03
 9685   0.38854778E+03
 9686   0.39397228E+03
 9687   0.37131722E+03
 9688   0.27269762E+03
 9689   0.23655976E+03
 9690   0.51783845E+03
 9691   0.47509580E+03
 9692   0.47527152E+03
 9693   0.25482497E+03
 9694   0.14474488E+03
 9695   0.94521920E+02
 9696   0.70027390E+02
 9697   0.57002690E+02
 9698   0.45051420E+02
 9699   0.42963230E+02
 9700   0.38970990E+02
 9701   0.30536590E+02
 9702   0.25615540E+02
 9703   0.20788390E+02
 9704   0.14909460E+02
 9705   0.10876230E+02
 9706   0.91747800E+01
 9707   0.84657800E+01
 9708   0.74345000E+01
 9709   0.55442600E+01
 9710   0.31395700E+01
 9711   0.28891000E+01
 9712   0.44858800E+01
 9713   0.50623000E+01
 9714   0.29815500E+01
 9715   0.10138700E+01
 9716   0.87453000E+00
 9717   0.30687400E+01
 9718   0.52435600E+01
 9719   0.76628800E+01
 9720   0.14489660E+02
 9721   0.20623590E+02
 9722   0.18467270E+02
 9723   0.13591130E+02
 9724   0.89386700E+01
 9725   0.66266900E+01
 9726   0.55926700E+01
 9727   0.62362300E+01
 9728   0.10126050E+02
 9729   0.12993860E+02
 9730   0.11375180E+02
 9731   0.78237700E+01
 9732   0.47563500E+01
 9733   0.27096600E+01
 9734   0.13468800E+01
 9735   0.44026000E+00
 9736   0.17683000E+00
 9737   0.11812000E+00
 9738   0.21891200E+01
 9739   0.35600700E+01
 9740   0.27918900E+01
 9741   0.10872400E+01
 9742   0.26162000E+00
 9743   0.13728000E+00
 9744   0.93110000E-01
 9745   0.63590000E-01
 9746   0.42500000E-01
 9747   0.29440000E-01
 9748   0.21380000E-01
 9749   0.16180000E-01
 9750   0.12650000E-01
 9751   0.10160000E-01
 9752   0.83300000E-02
 9753   0.69400000E-02
 9754   0.58700000E-02
 9755   0.50300000E-02
 9756   0.43500000E-02
 9757   0.38000000E-02
 9758   0.33500000E-02
 9759   0.29700000E-02
 9760   0.26500000E-02
 9761   0.23800000E-02
 9762   0.21500000E-02
 9763   0.19400000E-02
 9764   0.17700000E-02
 9765   0.16200000E-02
 9766   0.14800000E-02
 9767   0.13700000E-02
 9768   0.12600000E-02
 9769   0.11700000E-02
 9770   0.10800000E-02
 9771   0.10100000E-02
 9772   0.94000000E-03
 9773   0.88000000E-03
 9774   0.82000000E-03
 9775   0.77000000E-03
 9776   0.72000000E-03
 9777   0.68000000E-03
 9778   0.64000000E-03
 9779   0.61000000E-03
 9780   0.58000000E-03
 9781   0.55000000E-03
 9782   0.52000000E-03
 9783   0.49000000E-03
 9784   0.47000000E-03
 9785   0.44000000E-03
 9786   0.42000000E-03
 9787   0.40000000E-03
 9788   0.39000000E-03
 9789   0.37000000E-03
 9790   0.35000000E-03
 9791   0.34000000E-03
 9792   0.32000000E-03
 9793   0.31000000E-03
 9794   0.30000000E-03
 9795   0.29000000E-03
 9796   0.28000000E-03
 9797   0.27000000E-03
 9798   0.26000000E-03
 9799   0.25000000E-03
 9800   0.24000000E-03
 9801   0.23000000E-03
 9802   0.22000000E-03
 9803   0.21000000E-03
 9804   0.21000000E-03
 9805   0.20000000E-03
 9806   0.19000000E-03
 9807   0.19000000E-03
 9808   0.18000000E-03
 9809   0.18000000E-03
 9810   0.17000000E-03
 9811   0.16000000E-03
 9812   0.16000000E-03
 9813   0.15000000E-03
 9814   0.15000000E-03
 9815   0.15000000E-03
 9816   0.14000000E-03
 9817   0.14000000E-03
 9818   0.13000000E-03
 9819   0.13000000E-03
 9820   0.25870000E-01
 9821   0.22052300E+01
 9822   0.22176400E+01
 9823   0.10457900E+01
 9824   0.79874000E+00
 9825   0.56931000E+00
 9826   0.35440000E+00
 9827   0.24684000E+00
 9828   0.15992000E+00
 9829   0.10068000E+00
 9830   0.63690000E-01
 9831   0.42280000E-01
 9832   0.29610000E-01
 9833   0.21710000E-01
 9834   0.16520000E-01
 9835   0.12940000E-01
 9836   0.10390000E-01
 9837   0.85100000E-02
 9838   0.70900000E-02
 9839   0.32171900E+01
 9840   0.37815880E+02
 9841   0.89026480E+02
 9842   0.60463430E+02
 9843   0.36909260E+02
 9844   0.26262810E+02
 9845   0.18450660E+02
 9846   0.12145050E+02
 9847   0.75239200E+01
 9848   0.52017500E+01
 9849   0.39536600E+01
 9850   0.25983200E+01
 9851   0.11753300E+01
 9852   0.42020000E+00
 9853   0.17460000E+00
 9854   0.93890000E-01
 9855   0.64980000E-01
 9856   0.46340000E-01
 9857   0.31640000E-01
 9858   0.22040000E-01
 9859   0.16020000E-01
 9860   0.12140000E-01
 9861   0.11700000E-01
 9862   0.10804100E+01
 9863   0.61013000E+01
 9864   0.17735060E+02
 9865   0.24990860E+02
 9866   0.32132640E+02
 9867   0.45680890E+02
 9868   0.32867700E+02
 9869   0.21785000E+02
 9870   0.15079260E+02
 9871   0.10731580E+02
 9872   0.78004700E+01
 9873   0.59113000E+01
 9874   0.45481900E+01
 9875   0.32546700E+01
 9876   0.16388700E+01
 9877   0.99590000E+00
 9878   0.27138000E+00
 9879   0.32977000E+00
 9880   0.67636000E+00
 9881   0.20860300E+01
 9882   0.28404100E+01
 9883   0.44702800E+01
 9884   0.26792250E+02
 9885   0.10575865E+03
 9886   0.10597189E+03
 9887   0.78189210E+02
 9888   0.57632550E+02
 9889   0.45874820E+02
 9890   0.43438570E+02
 9891   0.47458490E+02
 9892   0.69463520E+02
 9893   0.80090480E+02
 9894   0.73364210E+02
 9895   0.55024710E+02
 9896   0.37470120E+02
 9897   0.25005310E+02
 9898   0.16543090E+02
 9899   0.11514020E+02
 9900   0.98536900E+01
 9901   0.84364300E+01
 9902   0.66121200E+01
 9903   0.51115500E+01
 9904   0.58906500E+01
 9905   0.23331380E+02
 9906   0.83281980E+02
 9907   0.10794299E+03
 9908   0.85998370E+02
 9909   0.57892080E+02
 9910   0.40137650E+02
 9911   0.29718620E+02
 9912   0.24693560E+02
 9913   0.21411370E+02
 9914   0.17467280E+02
 9915   0.13576030E+02
 9916   0.10497790E+02
 9917   0.81463200E+01
 9918   0.63946100E+01
 9919   0.45227700E+01
 9920   0.30454700E+01
 9921   0.19701400E+01
 9922   0.13024300E+01
 9923   0.82832000E+00
 9924   0.57710000E+00
 9925   0.32366000E+00
 9926   0.16038000E+00
 9927   0.85720000E-01
 9928   0.17803000E+00
 9929   0.23411900E+01
 9930   0.42381300E+01
 9931   0.12203720E+02
 9932   0.30569490E+02
 9933   0.38144570E+02
 9934   0.31890940E+02
 9935   0.22455450E+02
 9936   0.15790330E+02
 9937   0.12599940E+02
 9938   0.12524290E+02
 9939   0.12455690E+02
 9940   0.10474260E+02
 9941   0.86036000E+01
 9942   0.67891300E+01
 9943   0.59071400E+01
 9944   0.10947560E+02
 9945   0.20242780E+02
 9946   0.41683960E+02
 9947   0.53226310E+02
 9948   0.51847080E+02
 9949   0.49542030E+02
 9950   0.43674070E+02
 9951   0.32091240E+02
 9952   0.21225620E+02
 9953   0.13835860E+02
 9954   0.98789000E+01
 9955   0.87626400E+01
 9956   0.10808310E+02
 9957   0.64185020E+02
 9958   0.11154775E+03
 9959   0.98306750E+02
 9960   0.76886920E+02
 9961   0.73004520E+02
 9962   0.14642713E+03
 9963   0.18470298E+03
 9964   0.15665941E+03
 9965   0.17433694E+03
 9966   0.17656328E+03
 9967   0.13377847E+03
 9968   0.15302462E+03
 9969   0.19609644E+03
 9970   0.11597190E+03
 9971   0.63848070E+02
 9972   0.36391410E+02
 9973   0.20915510E+02
 9974   0.13329470E+02
 9975   0.13183600E+02
 9976   0.29694840E+02
 9977   0.33550519E+03
 9978   0.26316966E+03
 9979   0.13316074E+03
 9980   0.69652410E+02
 9981   0.37668360E+02
 9982   0.23070900E+02
 9983   0.41266020E+02
 9984   0.13308902E+03
 9985   0.24712915E+03
 9986   0.26856869E+03
 9987   0.17321882E+03
 9988   0.11277959E+03
 9989   0.79839480E+02
 9990   0.60450940E+02
 9991   0.42801190E+02
 9992   0.29729060E+02
 9993   0.20977180E+02
 9994   0.14916120E+02
 9995   0.23363970E+02
 9996   0.83152840E+02
 9997   0.88276310E+02
 9998   0.60784960E+02
 9999   0.40122930E+02
10000   0.27607030E+02
10001   0.22208640E+02
10002   0.26125070E+02
10003   0.49711780E+02
10004   0.20931102E+03
10005   0.19518125E+03
10006   0.14592439E+03
10007   0.93351000E+02
10008   0.55521540E+02
10009   0.32483270E+02
10010   0.20280870E+02
10011   0.31391560E+02
10012   0.19745986E+03
10013   0.31133621E+03
10014   0.29071060E+03
10015   0.26292718E+03
10016   0.28017433E+03
10017   0.27838280E+03
10018   0.18671787E+03
10019   0.11593649E+03
10020   0.77832430E+02
10021   0.51106760E+02
10022   0.30492420E+02
10023   0.18707970E+02
10024   0.12310680E+02
10025   0.87169000E+01
10026   0.66874600E+01
10027   0.59408400E+01
10028   0.55112700E+01
10029   0.47489300E+02
10030   0.67410530E+02
10031   0.80760810E+02
10032   0.11016883E+03
10033   0.15880413E+03
10034   0.20681911E+03
10035   0.14719259E+03
10036   0.13662019E+03
10037   0.17296617E+03
10038   0.25383965E+03
10039   0.42672478E+03
10040   0.51346013E+03
10041   0.47694265E+03
10042   0.26107445E+03
10043   0.13082478E+03
10044   0.71879530E+02
10045   0.54493970E+02
10046   0.48838350E+02
10047   0.42314500E+02
10048   0.27032400E+02
10049   0.20511070E+02
10050   0.47918800E+02
10051   0.14448401E+03
10052   0.13692950E+03
10053   0.18450864E+03
10054   0.24870951E+03
10055   0.25011478E+03
10056   0.21545803E+03
10057   0.33151263E+03
10058   0.10003318E+04
10059   0.52079056E+03
10060   0.23164277E+03
10061   0.12220753E+03
10062   0.72905400E+02
10063   0.58286490E+02
10064   0.45448970E+02
10065   0.37654560E+02
10066   0.35277970E+02
10067   0.50188540E+02
10068   0.19830901E+03
10069   0.25736100E+03
10070   0.20705060E+03
10071   0.15024855E+03
10072   0.14385870E+03
10073   0.22957285E+03
10074   0.15131200E+03
10075   0.17652592E+03
10076   0.21630827E+03
10077   0.18512175E+03
10078   0.15052065E+03
10079   0.14637197E+03
10080   0.23376136E+03
10081   0.45481020E+03
10082   0.41985837E+03
10083   0.31737677E+03
10084   0.22315133E+03
10085   0.16852475E+03
10086   0.12309637E+03
10087   0.76975660E+02
10088   0.62413180E+02
10089   0.78819760E+02
10090   0.90904120E+02
10091   0.71316180E+02
10092   0.54988550E+02
10093   0.39387480E+02
10094   0.30229910E+02
10095   0.23135540E+02
10096   0.25715360E+02
10097   0.41771340E+02
10098   0.50921150E+02
10099   0.63066350E+02
10100   0.67472510E+02
10101   0.48837640E+02
10102   0.32140890E+02
10103   0.21889480E+02
10104   0.16302670E+02
10105   0.16343080E+02
10106   0.17036430E+02
10107   0.16724780E+02
10108   0.15905160E+02
10109   0.23699930E+02
10110   0.77451670E+02
10111   0.22820157E+03
10112   0.21055834E+03
10113   0.17699850E+03
10114   0.10891550E+03
10115   0.64727670E+02
10116   0.38301330E+02
10117   0.22687750E+02
10118   0.13165610E+02
10119   0.84150200E+01
10120   0.58437900E+01
10121   0.41714600E+01
10122   0.19586100E+01
10123   0.87876000E+00
10124   0.17072000E+00
10125   0.88320000E-01
10126   0.62380000E-01
10127   0.43730000E-01
10128   0.29770000E-01
10129   0.20880000E-01
10130   0.15320000E-01
10131   0.11700000E-01
10132   0.92400000E-02
10133   0.74900000E-02
10134   0.62000000E-02
10135   0.15300000E-01
10136   0.64130000E-01
10137   0.97090000E-01
10138   0.69970000E-01
10139   0.47140000E-01
10140   0.32640000E-01
10141   0.23500000E-01
10142   0.17570000E-01
10143   0.13560000E-01
10144   0.10740000E-01
10145   0.87100000E-02
10146   0.71900000E-02
10147   0.60300000E-02
10148   0.51300000E-02
10149   0.44100000E-02
10150   0.38300000E-02
10151   0.33600000E-02
10152   0.29700000E-02
10153   0.26400000E-02
10154   0.23600000E-02
10155   0.21300000E-02
10156   0.19200000E-02
10157   0.17500000E-02
10158   0.15900000E-02
10159   0.43211800E+01
10160   0.65346980E+02
10161   0.67978120E+02
10162   0.39603690E+02
10163   0.22653490E+02
10164   0.12754670E+02
10165   0.58544200E+01
10166   0.20974000E+01
10167   0.13677200E+01
10168   0.12950100E+01
10169   0.10328300E+01
10170   0.51326000E+00
10171   0.24124000E+00
10172   0.11746000E+00
10173   0.67680000E-01
10174   0.42620000E-01
10175   0.28150000E-01
10176   0.19650000E-01
10177   0.14450000E-01
10178   0.11070000E-01
10179   0.87700000E-02
10180   0.71300000E-02
10181   0.59200000E-02
10182   0.50000000E-02
10183   0.42800000E-02
10184   0.37100000E-02
10185   0.32500000E-02
10186   0.28700000E-02
10187   0.25500000E-02
10188   0.22800000E-02
10189   0.20600000E-02
10190   0.18600000E-02
10191   0.16900000E-02
10192   0.15500000E-02
10193   0.65860000E-01
10194   0.14770800E+01
10195   0.89761000E+00
10196   0.29853000E+00
10197   0.24135000E+00
10198   0.17756000E+00
10199   0.12730000E+00
10200   0.86470000E-01
10201   0.56510000E-01
10202   0.38110000E-01
10203   0.21937700E+01
10204   0.85545400E+01
10205   0.16897350E+02
10206   0.15231860E+02
10207   0.11011540E+02
10208   0.69876200E+01
10209   0.43123700E+01
10210   0.31535100E+01
10211   0.27351400E+01
10212   0.19943900E+01
10213   0.12552100E+01
10214   0.61370000E+00
10215   0.22098000E+00
10216   0.11076000E+00
10217   0.66690000E-01
10218   0.43030000E-01
10219   0.28580000E-01
10220   0.19940000E-01
10221   0.14620000E-01
10222   0.11180000E-01
10223   0.88400000E-02
10224   0.71800000E-02
10225   0.59500000E-02
10226   0.50200000E-02
10227   0.43000000E-02
10228   0.37200000E-02
10229   0.32500000E-02
10230   0.28700000E-02
10231   0.25500000E-02
10232   0.22800000E-02
10233   0.20600000E-02
10234   0.18600000E-02
10235   0.16900000E-02
10236   0.15500000E-02
10237   0.14200000E-02
10238   0.13000000E-02
10239   0.12000000E-02
10240   0.11100000E-02
10241   0.10300000E-02
10242   0.96000000E-03
10243   0.90000000E-03
10244   0.84000000E-03
10245   0.79000000E-03
10246   0.74000000E-03
10247   0.69000000E-03
10248   0.65000000E-03
10249   0.62000000E-03
10250   0.58000000E-03
10251   0.66000000E-03
10252   0.63000000E-03
10253   0.61000000E-03
10254   0.62000000E-03
10255   0.63000000E-03
10256   0.66000000E-03
10257   0.70000000E-03
10258   0.77000000E-03
10259   0.85000000E-03
10260   0.94000000E-03
10261   0.10300000E-02
10262   0.10900000E-02
10263   0.11200000E-02
10264   0.11300000E-02
10265   0.11100000E-02
10266   0.10700000E-02
10267   0.10200000E-02
10268   0.97000000E-03
10269   0.91000000E-03
10270   0.86000000E-03
10271   0.80000000E-03
10272   0.75000000E-03
10273   0.70000000E-03
10274   0.66000000E-03
10275   0.62000000E-03
10276   0.58000000E-03
10277   0.55000000E-03
10278   0.52000000E-03
10279   0.15043300E+01
10280   0.41965900E+01
10281   0.62084600E+01
10282   0.61993600E+01
10283   0.77346700E+01
10284   0.20967600E+02
10285   0.51734320E+02
10286   0.52014840E+02
10287   0.44305840E+02
10288   0.32782380E+02
10289   0.24074800E+02
10290   0.17138120E+02
10291   0.12405330E+02
10292   0.92828600E+01
10293   0.79429900E+01
10294   0.86911700E+01
10295   0.85617000E+01
10296   0.72183300E+01
10297   0.61568100E+01
10298   0.58732700E+01
10299   0.72381500E+01
10300   0.94134900E+01
10301   0.14156830E+02
10302   0.35011910E+02
10303   0.63203950E+02
10304   0.93977160E+02
10305   0.84455590E+02
10306   0.59105180E+02
10307   0.49769140E+02
10308   0.56900920E+02
10309   0.80401550E+02
10310   0.73330430E+02
10311   0.57034790E+02
10312   0.49907220E+02
10313   0.50643520E+02
10314   0.38537430E+02
10315   0.26956410E+02
10316   0.18585810E+02
10317   0.12686670E+02
10318   0.88299400E+01
10319   0.57434800E+01
10320   0.38493300E+01
10321   0.33763400E+01
10322   0.47959400E+01
10323   0.50811400E+01
10324   0.27680500E+01
10325   0.96685000E+00
10326   0.28449000E+00
10327   0.17508000E+00
10328   0.11727000E+00
10329   0.86930000E-01
10330   0.64710000E-01
10331   0.44560000E-01
10332   0.30690000E-01
10333   0.46043800E+01
10334   0.22013820E+02
10335   0.40170120E+02
10336   0.60852170E+02
10337   0.43918180E+02
10338   0.26978740E+02
10339   0.15224500E+02
10340   0.99525400E+01
10341   0.72115200E+01
10342   0.58241000E+01
10343   0.64025200E+01
10344   0.85204800E+01
10345   0.19474940E+02
10346   0.52388640E+02
10347   0.43290570E+02
10348   0.31774970E+02
10349   0.22315000E+02
10350   0.14181990E+02
10351   0.94686400E+01
10352   0.68399500E+01
10353   0.53433200E+01
10354   0.42338100E+01
10355   0.30586700E+01
10356   0.28247300E+01
10357   0.31227900E+01
10358   0.33046300E+01
10359   0.30826500E+01
10360   0.38280400E+01
10361   0.17006910E+02
10362   0.11469977E+03
10363   0.14753489E+03
10364   0.10270753E+03
10365   0.88180770E+02
10366   0.97513480E+02
10367   0.89906340E+02
10368   0.67261150E+02
10369   0.52040200E+02
10370   0.40394080E+02
10371   0.32811520E+02
10372   0.30970110E+02
10373   0.47838960E+02
10374   0.21497077E+03
10375   0.24977894E+03
10376   0.14505999E+03
10377   0.79110230E+02
10378   0.46321720E+02
10379   0.31338200E+02
10380   0.14966118E+03
10381   0.50078539E+03
10382   0.34477887E+03
10383   0.26753684E+03
10384   0.26059659E+03
10385   0.18821671E+03
10386   0.12155478E+03
10387   0.77848330E+02
10388   0.55651740E+02
10389   0.11605879E+03
10390   0.44782744E+03
10391   0.18499249E+03
10392   0.10731527E+03
10393   0.27043318E+03
10394   0.32888819E+03
10395   0.14188157E+03
10396   0.71240280E+02
10397   0.39983780E+02
10398   0.23809280E+02
10399   0.15545340E+02
10400   0.17778260E+02
10401   0.15418841E+03
10402   0.39135277E+03
10403   0.37467248E+03
10404   0.42038746E+03
10405   0.32737050E+03
10406   0.20812475E+03
10407   0.12058620E+03
10408   0.82782420E+02
10409   0.92539390E+02
10410   0.10497710E+03
10411   0.78611530E+02
10412   0.57560510E+02
10413   0.38968860E+02
10414   0.27191030E+02
10415   0.22316170E+02
10416   0.23570720E+02
10417   0.32128490E+02
10418   0.57881100E+02
10419   0.80802120E+02
10420   0.93942750E+02
10421   0.88251050E+02
10422   0.65638630E+02
10423   0.46317190E+02
10424   0.34731930E+02
10425   0.26574320E+02
10426   0.21236490E+02
10427   0.17169590E+02
10428   0.13189440E+02
10429   0.10355920E+02
10430   0.89705000E+01
10431   0.90114400E+01
10432   0.86441700E+01
10433   0.11910910E+02
10434   0.28940100E+02
10435   0.12021081E+03
10436   0.17061978E+03
10437   0.10974365E+03
10438   0.62552840E+02
10439   0.46997250E+02
10440   0.38284440E+02
10441   0.28666920E+02
10442   0.21827900E+02
10443   0.23808710E+02
10444   0.46647030E+02
10445   0.50661390E+02
10446   0.37118900E+02
10447   0.25192430E+02
10448   0.16368240E+02
10449   0.11561360E+02
10450   0.84270900E+01
10451   0.67978800E+01
10452   0.64266100E+01
10453   0.85970700E+01
10454   0.10692650E+02
10455   0.13029460E+02
10456   0.37622820E+02
10457   0.21439438E+03
10458   0.13368457E+03
10459   0.13229396E+03
10460   0.81959680E+02
10461   0.44428370E+02
10462   0.23630670E+02
10463   0.14375010E+02
10464   0.11150680E+02
10465   0.11915710E+02
10466   0.25080600E+02
10467   0.21452387E+03
10468   0.26509562E+03
10469   0.25558327E+03
10470   0.12748114E+03
10471   0.73589590E+02
10472   0.45976560E+02
10473   0.27293380E+02
10474   0.16607860E+02
10475   0.99669900E+01
10476   0.65733200E+01
10477   0.46347700E+01
10478   0.27199200E+01
10479   0.10715400E+01
10480   0.24140000E+00
10481   0.11004000E+00
10482   0.74690000E-01
10483   0.57630000E-01
10484   0.41140000E-01
10485   0.28140000E-01
10486   0.19780000E-01
10487   0.14520000E-01
10488   0.11100000E-01
10489   0.87600000E-02
10490   0.71100000E-02
10491   0.58900000E-02
10492   0.49700000E-02
10493   0.42500000E-02
10494   0.36800000E-02
10495   0.32200000E-02
10496   0.28400000E-02
10497   0.25300000E-02
10498   0.22600000E-02
10499   0.20400000E-02
10500   0.18400000E-02
10501   0.16800000E-02
10502   0.15300000E-02
10503   0.36070700E+01
10504   0.19847350E+02
10505   0.49254570E+02
10506   0.43108750E+02
10507   0.49855340E+02
10508   0.38783350E+02
10509   0.25813440E+02
10510   0.16668480E+02
10511   0.11752010E+02
10512   0.91827600E+01
10513   0.72730700E+01
10514   0.52547900E+01
10515   0.38231200E+01
10516   0.24879600E+01
10517   0.11686600E+01
10518   0.37345000E+00
10519   0.13907000E+00
10520   0.26033800E+01
10521   0.67122600E+01
10522   0.10071650E+02
10523   0.88150000E+01
10524   0.82446400E+01
10525   0.33698390E+02
10526   0.91755610E+02
10527   0.89788000E+02
10528   0.57411340E+02
10529   0.81628550E+02
10530   0.11603159E+03
10531   0.90168600E+02
10532   0.72767350E+02
10533   0.49902150E+02
10534   0.33273440E+02
10535   0.24501080E+02
10536   0.18613050E+02
10537   0.14296610E+02
10538   0.11189360E+02
10539   0.10274360E+02
10540   0.99667600E+01
10541   0.83855300E+01
10542   0.66081100E+01
10543   0.51196000E+01
10544   0.32162500E+01
10545   0.11268600E+01
10546   0.33067000E+00
10547   0.14528000E+00
10548   0.70790000E-01
10549   0.39250000E-01
10550   0.24870000E-01
10551   0.17320000E-01
10552   0.12860000E-01
10553   0.99800000E-02
10554   0.80000000E-02
10555   0.68600000E-02
10556   0.11130000E-01
10557   0.50690000E-01
10558   0.70080000E-01
10559   0.11330300E+01
10560   0.23322300E+01
10561   0.26494300E+01
10562   0.15073400E+01
10563   0.11026700E+01
10564   0.88504000E+00
10565   0.37616000E+00
10566   0.15205000E+00
10567   0.11566000E+00
10568   0.80490000E-01
10569   0.48580000E-01
10570   0.31160000E-01
10571   0.21600000E-01
10572   0.15900000E-01
10573   0.12230000E-01
10574   0.97100000E-02
10575   0.79100000E-02
10576   0.65600000E-02
10577   0.55400000E-02
10578   0.47300000E-02
10579   0.40900000E-02
10580   0.35700000E-02
10581   0.31400000E-02
10582   0.27900000E-02
10583   0.24900000E-02
10584   0.94546000E+00
10585   0.30237100E+01
10586   0.43898500E+01
10587   0.38241700E+01
10588   0.27163000E+01
10589   0.13037300E+01
10590   0.54522000E+00
10591   0.29039000E+00
10592   0.21162000E+00
10593   0.16151000E+00
10594   0.11382000E+00
10595   0.84220000E-01
10596   0.67250000E-01
10597   0.50470000E-01
10598   0.34880000E-01
10599   0.24320000E-01
10600   0.17670000E-01
10601   0.13380000E-01
10602   0.10480000E-01
10603   0.84400000E-02
10604   0.69500000E-02
10605   0.58200000E-02
10606   0.49500000E-02
10607   0.42600000E-02
10608   0.37100000E-02
10609   0.32600000E-02
10610   0.28800000E-02
10611   0.25700000E-02
10612   0.23000000E-02
10613   0.20800000E-02
10614   0.18800000E-02
10615   0.17100000E-02
10616   0.15600000E-02
10617   0.14400000E-02
10618   0.82617000E+00
10619   0.27416900E+01
10620   0.21080500E+01
10621   0.13565900E+01
10622   0.10973400E+01
10623   0.62531000E+00
10624   0.33119000E+00
10625   0.22447000E+00
10626   0.15966000E+00
10627   0.11564000E+00
10628   0.79530000E-01
10629   0.52270000E-01
10630   0.35320000E-01
10631   0.25080000E-01
10632   0.18620000E-01
10633   0.14340000E-01
10634   0.11360000E-01
10635   0.10250000E-01
10636   0.92000000E-02
10637   0.89200000E-02
10638   0.90500000E-02
10639   0.91100000E-02
10640   0.87400000E-02
10641   0.79800000E-02
10642   0.70500000E-02
10643   0.61600000E-02
10644   0.71700000E-02
10645   0.15770000E-01
10646   0.18780000E-01
10647   0.15620000E-01
10648   0.11970000E-01
10649   0.91600000E-02
10650   0.71500000E-02
10651   0.57000000E-02
10652   0.46400000E-02
10653   0.21552000E+00
10654   0.25729100E+01
10655   0.33906900E+01
10656   0.36074400E+01
10657   0.32450300E+01
10658   0.27406900E+01
10659   0.22981100E+01
10660   0.22690400E+01
10661   0.21171800E+01
10662   0.21988000E+01
10663   0.19115500E+01
10664   0.13105900E+01
10665   0.11121900E+01
10666   0.89469000E+00
10667   0.41189000E+00
10668   0.25171000E+00
10669   0.15999000E+00
10670   0.10109000E+00
10671   0.64020000E-01
10672   0.42450000E-01
10673   0.29680000E-01
10674   0.21720000E-01
10675   0.16500000E-01
10676   0.12920000E-01
10677   0.10360000E-01
10678   0.84800000E-02
10679   0.70600000E-02
10680   0.59600000E-02
10681   0.51000000E-02
10682   0.44100000E-02
10683   0.38400000E-02
10684   0.33800000E-02
10685   0.29900000E-02
10686   0.26700000E-02
10687   0.20136100E+01
10688   0.73918400E+01
10689   0.18898470E+02
10690   0.39644650E+02
10691   0.46363130E+02
10692   0.34908010E+02
10693   0.22363670E+02
10694   0.13877250E+02
10695   0.95259200E+01
10696   0.69496000E+01
10697   0.52792000E+01
10698   0.34374700E+01
10699   0.42753400E+01
10700   0.74855300E+01
10701   0.21806430E+02
10702   0.27015670E+02
10703   0.19137990E+02
10704   0.12853770E+02
10705   0.90140800E+01
10706   0.66352200E+01
10707   0.49811600E+01
10708   0.27976500E+01
10709   0.10103700E+01
10710   0.17450400E+01
10711   0.27157300E+01
10712   0.31609100E+01
10713   0.26932300E+01
10714   0.29126600E+01
10715   0.40920200E+01
10716   0.84381400E+01
10717   0.34628240E+02
10718   0.83529130E+02
10719   0.49141240E+02
10720   0.29978980E+02
10721   0.19618820E+02
10722   0.14395000E+02
10723   0.12500810E+02
10724   0.13978980E+02
10725   0.32810800E+02
10726   0.68669560E+02
10727   0.95479670E+02
10728   0.87431840E+02
10729   0.60445300E+02
10730   0.39565170E+02
10731   0.29594840E+02
10732   0.33912790E+02
10733   0.34278650E+02
10734   0.32778760E+02
10735   0.32820070E+02
10736   0.27511420E+02
10737   0.21242400E+02
10738   0.18119080E+02
10739   0.16216470E+02
10740   0.14440070E+02
10741   0.11874300E+02
10742   0.93412900E+01
10743   0.96643400E+01
10744   0.17910060E+02
10745   0.34988390E+02
10746   0.53902340E+02
10747   0.73748200E+02
10748   0.81006010E+02
10749   0.84425380E+02
10750   0.12158737E+03
10751   0.11400731E+03
10752   0.70878610E+02
10753   0.46065420E+02
10754   0.38250340E+02
10755   0.46769260E+02
10756   0.93198100E+02
10757   0.13621876E+03
10758   0.14504194E+03
10759   0.18307036E+03
10760   0.15530521E+03
10761   0.14459806E+03
10762   0.15222088E+03
10763   0.19502082E+03
10764   0.38581249E+03
10765   0.33516069E+03
10766   0.20621536E+03
10767   0.14892557E+03
10768   0.18831095E+03
10769   0.23066815E+03
10770   0.35689832E+03
10771   0.71155276E+03
10772   0.48765987E+03
10773   0.36188451E+03
10774   0.25749709E+03
10775   0.19465276E+03
10776   0.13341623E+03
10777   0.16762704E+03
10778   0.28866705E+03
10779   0.29772425E+03
10780   0.21942489E+03
10781   0.14414329E+03
10782   0.96119720E+02
10783   0.69728260E+02
10784   0.54423370E+02
10785   0.47974330E+02
10786   0.51280290E+02
10787   0.56003960E+02
10788   0.62251840E+02
10789   0.53712820E+02
10790   0.38137920E+02
10791   0.29940290E+02
10792   0.25772810E+02
10793   0.20527670E+02
10794   0.39624940E+02
10795   0.31908349E+03
10796   0.33458981E+03
10797   0.16393498E+03
10798   0.89409900E+02
10799   0.53029110E+02
10800   0.38415110E+02
10801   0.34629450E+02
10802   0.29936510E+02
10803   0.21760320E+02
10804   0.14152880E+02
10805   0.93423600E+01
10806   0.14573920E+02
10807   0.38848290E+02
10808   0.46305170E+02
10809   0.33650450E+02
10810   0.34245000E+02
10811   0.59545250E+02
10812   0.23316598E+03
10813   0.27064610E+03
10814   0.22461519E+03
10815   0.18624133E+03
10816   0.19995091E+03
10817   0.26127917E+03
10818   0.28209209E+03
10819   0.25413900E+03
10820   0.14757988E+03
10821   0.16768004E+03
10822   0.20605506E+03
10823   0.11634696E+03
10824   0.60498700E+02
10825   0.36298620E+02
10826   0.30776840E+02
10827   0.18745971E+03
10828   0.14475335E+03
10829   0.69704460E+02
10830   0.41139320E+02
10831   0.26147680E+02
10832   0.19440830E+02
10833   0.34479650E+02
10834   0.37401470E+02
10835   0.25464390E+02
10836   0.15500890E+02
10837   0.89895400E+01
10838   0.35404740E+02
10839   0.30578334E+03
10840   0.20728973E+03
10841   0.10006070E+03
10842   0.51450090E+02
10843   0.29343010E+02
10844   0.16853010E+02
10845   0.10441500E+02
10846   0.73019000E+01
10847   0.53087300E+01
10848   0.42039000E+01
10849   0.10552240E+02
10850   0.29690710E+02
10851   0.27838220E+02
10852   0.17305380E+02
10853   0.10163010E+02
10854   0.61049200E+01
10855   0.58787200E+01
10856   0.35613510E+02
10857   0.50536630E+02
10858   0.44427690E+02
10859   0.41094990E+02
10860   0.46568940E+02
10861   0.52500250E+02
10862   0.45950200E+02
10863   0.36314960E+02
10864   0.91706790E+02
10865   0.35703874E+03
10866   0.22289416E+03
10867   0.11310836E+03
10868   0.59733970E+02
10869   0.35716810E+02
10870   0.22211000E+02
10871   0.13350720E+02
10872   0.87308400E+01
10873   0.70203400E+01
10874   0.59705000E+01
10875   0.63788200E+01
10876   0.62214400E+01
10877   0.48858400E+01
10878   0.42358800E+01
10879   0.44398400E+01
10880   0.47299300E+01
10881   0.55613300E+01
10882   0.53702500E+01
10883   0.39925600E+01
10884   0.19180900E+01
10885   0.10168600E+01
10886   0.30047000E+00
10887   0.12979000E+00
10888   0.63230000E-01
10889   0.36430000E-01
10890   0.24010000E-01
10891   0.17200000E-01
10892   0.13020000E-01
10893   0.10240000E-01
10894   0.82900000E-02
10895   0.68600000E-02
10896   0.57800000E-02
10897   0.49400000E-02
10898   0.42700000E-02
10899   0.37300000E-02
10900   0.32800000E-02
10901   0.29100000E-02
10902   0.25900000E-02
10903   0.23300000E-02
10904   0.21000000E-02
10905   0.19000000E-02
10906   0.17300000E-02
10907   0.15800000E-02
10908   0.14500000E-02
10909   0.13400000E-02
10910   0.12300000E-02
10911   0.11400000E-02
10912   0.10600000E-02
10913   0.99000000E-03
10914   0.92000000E-03
10915   0.86000000E-03
10916   0.81000000E-03
10917   0.76000000E-03
10918   0.71000000E-03
10919   0.67000000E-03
10920   0.63000000E-03
10921   0.60000000E-03
10922   0.56000000E-03
10923   0.53000000E-03
10924   0.51000000E-03
10925   0.48000000E-03
10926   0.46000000E-03
10927   0.44000000E-03
10928   0.42000000E-03
10929   0.38132000E+00
10930   0.26174700E+01
10931   0.22823500E+01
10932   0.35005900E+01
10933   0.47584700E+01
10934   0.38942100E+01
10935   0.30970000E+01
10936   0.12090700E+01
10937   0.39445000E+00
10938   0.21634000E+00
10939   0.10769400E+01
10940   0.15840600E+01
10941   0.18695800E+01
10942   0.13041100E+01
10943   0.54604000E+00
10944   0.16174000E+00
10945   0.61540000E-01
10946   0.30220000E-01
10947   0.18020000E-01
10948   0.12230000E-01
10949   0.90400000E-02
10950   0.70900000E-02
10951   0.57800000E-02
10952   0.48400000E-02
10953   0.41400000E-02
10954   0.35900000E-02
10955   0.31500000E-02
10956   0.27900000E-02
10957   0.24900000E-02
