    1   0.00000000E+00
    2   0.00000000E+00
    3   0.00000000E+00
    4   0.00000000E+00
    5   0.00000000E+00
    6   0.14080000E-01
    7   0.72700000E-02
    8   0.26560000E+00
    9   0.70836000E+00
   10   0.83478000E+00
   11   0.54767900E+01
   12   0.13185370E+02
   13   0.24753550E+02
   14   0.40859740E+02
   15   0.44653270E+02
   16   0.33179600E+02
   17   0.24618200E+02
   18   0.19756380E+02
   19   0.15902890E+02
   20   0.12443470E+02
   21   0.81908800E+01
   22   0.66011300E+01
   23   0.52625600E+01
   24   0.42196300E+01
   25   0.37011700E+01
   26   0.31542900E+01
   27   0.26326000E+01
   28   0.22371700E+01
   29   0.19242100E+01
   30   0.17246600E+01
   31   0.14478400E+01
   32   0.10565700E+01
   33   0.86363000E+00
   34   0.92936000E+00
   35   0.82848000E+00
   36   0.75638000E+00
   37   0.69566000E+00
   38   0.65097000E+00
   39   0.60624000E+00
   40   0.56303000E+00
   41   0.54830000E+00
   42   0.52156000E+00
   43   0.46124000E+00
   44   0.38602000E+00
   45   0.35647000E+00
   46   0.39459000E+00
   47   0.48340000E+00
   48   0.50170000E+00
   49   0.45860000E+00
   50   0.40354000E+00
   51   0.35623000E+00
   52   0.32031000E+00
   53   0.31562000E+00
   54   0.28258000E+00
   55   0.25434000E+00
   56   0.23474000E+00
   57   0.22298000E+00
   58   0.21584000E+00
   59   0.21112000E+00
   60   0.20762000E+00
   61   0.20469000E+00
   62   0.20161000E+00
   63   0.19680000E+00
   64   0.18913000E+00
   65   0.17880000E+00
   66   0.16653000E+00
   67   0.15329000E+00
   68   0.13999000E+00
   69   0.12733000E+00
   70   0.11566000E+00
   71   0.10512000E+00
   72   0.95700000E-01
   73   0.87340000E-01
   74   0.79930000E-01
   75   0.73360000E-01
   76   0.12437000E+00
   77   0.17794000E+00
   78   0.15342000E+00
   79   0.13754000E+00
   80   0.13596000E+00
   81   0.15832400E+01
   82   0.30898500E+01
   83   0.18874100E+01
   84   0.17927700E+01
   85   0.15975400E+01
   86   0.14411700E+01
   87   0.12510200E+01
   88   0.16398100E+01
   89   0.12446600E+01
   90   0.39645600E+01
   91   0.17647900E+02
   92   0.17729110E+02
   93   0.11465770E+02
   94   0.74247600E+01
   95   0.45961600E+01
   96   0.29010500E+01
   97   0.24571600E+01
   98   0.63835900E+01
   99   0.72573600E+01
  100   0.52540000E+01
  101   0.47564900E+01
  102   0.34965300E+01
  103   0.18076200E+01
  104   0.70738500E+01
  105   0.34307290E+02
  106   0.36808710E+02
  107   0.28658270E+02
  108   0.21980630E+02
  109   0.19557340E+02
  110   0.19468490E+02
  111   0.36140460E+02
  112   0.37201910E+02
  113   0.28205660E+02
  114   0.18900140E+02
  115   0.14822050E+02
  116   0.13843180E+02
  117   0.11097260E+02
  118   0.89371300E+01
  119   0.72178100E+01
  120   0.56513200E+01
  121   0.41884900E+01
  122   0.33286000E+01
  123   0.26469700E+01
  124   0.15660200E+01
  125   0.12815700E+01
  126   0.21046090E+02
  127   0.56869090E+02
  128   0.52242890E+02
  129   0.31581970E+02
  130   0.19169570E+02
  131   0.13336010E+02
  132   0.10494070E+02
  133   0.84765800E+01
  134   0.53255700E+01
  135   0.44928500E+01
  136   0.37298100E+01
  137   0.30355500E+01
  138   0.24051300E+01
  139   0.19364900E+01
  140   0.19145900E+01
  141   0.15127500E+01
  142   0.12568700E+01
  143   0.10864800E+01
  144   0.82101000E+00
  145   0.68921000E+00
  146   0.80384000E+00
  147   0.98605000E+00
  148   0.69302800E+01
  149   0.78594500E+01
  150   0.95585100E+01
  151   0.86333000E+01
  152   0.60436600E+01
  153   0.39803300E+01
  154   0.35908500E+01
  155   0.23712700E+01
  156   0.24753700E+01
  157   0.27935800E+01
  158   0.30641700E+01
  159   0.19371570E+02
  160   0.30737581E+03
  161   0.33428176E+03
  162   0.32701715E+03
  163   0.28566812E+03
  164   0.17738532E+03
  165   0.10529723E+03
  166   0.67602110E+02
  167   0.44841800E+02
  168   0.30908100E+02
  169   0.21981240E+02
  170   0.16534680E+02
  171   0.16770020E+02
  172   0.18616240E+02
  173   0.14901960E+02
  174   0.10460350E+02
  175   0.68521900E+01
  176   0.40267100E+01
  177   0.30017600E+01
  178   0.23198000E+01
  179   0.41269000E+01
  180   0.54458600E+01
  181   0.65110900E+01
  182   0.71592200E+01
  183   0.46185000E+01
  184   0.27984300E+01
  185   0.15925800E+01
  186   0.12620800E+01
  187   0.10964100E+01
  188   0.87902000E+00
  189   0.68395000E+00
  190   0.57731000E+00
  191   0.47298000E+00
  192   0.40010000E+00
  193   0.34646000E+00
  194   0.54671000E+00
  195   0.14743170E+02
  196   0.35359390E+02
  197   0.26813840E+02
  198   0.15406830E+02
  199   0.90588600E+01
  200   0.50088800E+01
  201   0.28134800E+01
  202   0.19311900E+01
  203   0.14511500E+01
  204   0.13489100E+01
  205   0.34450700E+01
  206   0.17912000E+01
  207   0.13568000E+01
  208   0.11529800E+01
  209   0.11333500E+01
  210   0.10298900E+01
  211   0.31735600E+01
  212   0.38496850E+02
  213   0.10178842E+03
  214   0.40380020E+03
  215   0.14907883E+04
  216   0.11889666E+04
  217   0.50190192E+03
  218   0.21985167E+03
  219   0.11400449E+03
  220   0.67452940E+02
  221   0.43675510E+02
  222   0.30082550E+02
  223   0.21463420E+02
  224   0.16000640E+02
  225   0.11968090E+02
  226   0.79633300E+01
  227   0.63917800E+01
  228   0.50642700E+01
  229   0.38605000E+01
  230   0.31772200E+01
  231   0.26703400E+01
  232   0.22213400E+01
  233   0.21725200E+01
  234   0.29495800E+01
  235   0.48741200E+01
  236   0.73050500E+01
  237   0.93766200E+01
  238   0.11032710E+02
  239   0.11850960E+02
  240   0.11395660E+02
  241   0.99367800E+01
  242   0.83914400E+01
  243   0.70143800E+01
  244   0.54524600E+01
  245   0.42667700E+01
  246   0.34091500E+01
  247   0.19469800E+01
  248   0.18846100E+01
  249   0.26152500E+01
  250   0.45081700E+01
  251   0.61876500E+01
  252   0.25332360E+02
  253   0.22174546E+03
  254   0.34660279E+03
  255   0.20584108E+03
  256   0.11339068E+03
  257   0.64627950E+02
  258   0.41082790E+02
  259   0.27986420E+02
  260   0.22929220E+02
  261   0.78821470E+02
  262   0.36128806E+03
  263   0.27015741E+03
  264   0.17457335E+03
  265   0.17129363E+03
  266   0.11726476E+04
  267   0.14326198E+04
  268   0.76132549E+03
  269   0.66409648E+03
  270   0.41345258E+03
  271   0.24195214E+03
  272   0.18366841E+03
  273   0.14309828E+03
  274   0.10429882E+03
  275   0.71368490E+02
  276   0.48050910E+02
  277   0.33543080E+02
  278   0.22089830E+02
  279   0.63854680E+02
  280   0.47892830E+03
  281   0.28784973E+03
  282   0.15395555E+03
  283   0.89562310E+02
  284   0.56117860E+02
  285   0.37278330E+02
  286   0.25947640E+02
  287   0.18986080E+02
  288   0.12548840E+02
  289   0.96848600E+01
  290   0.78131000E+01
  291   0.63173300E+01
  292   0.47759600E+01
  293   0.38063700E+01
  294   0.30882800E+01
  295   0.28547900E+01
  296   0.22377300E+01
  297   0.17581800E+01
  298   0.12470800E+01
  299   0.10431100E+01
  300   0.93434000E+00
  301   0.81072000E+00
  302   0.88308000E+00
  303   0.77924000E+00
  304   0.18291300E+01
  305   0.19166600E+01
  306   0.41574500E+01
  307   0.11457180E+02
  308   0.17964810E+02
  309   0.19295990E+02
  310   0.16338800E+02
  311   0.12608920E+02
  312   0.98105000E+01
  313   0.77479900E+01
  314   0.73023500E+01
  315   0.79294200E+01
  316   0.92431300E+01
  317   0.15911060E+02
  318   0.28917260E+02
  319   0.30734320E+02
  320   0.26599740E+02
  321   0.23323980E+02
  322   0.20718880E+02
  323   0.19153870E+02
  324   0.19488700E+02
  325   0.19108830E+02
  326   0.20984470E+02
  327   0.16893920E+02
  328   0.12792020E+02
  329   0.83671500E+01
  330   0.65472600E+01
  331   0.50650800E+01
  332   0.40471700E+01
  333   0.34630300E+01
  334   0.27609500E+01
  335   0.23673700E+01
  336   0.67323100E+01
  337   0.22739100E+02
  338   0.50351550E+02
  339   0.81497130E+02
  340   0.67413080E+02
  341   0.47720590E+02
  342   0.34264080E+02
  343   0.25181160E+02
  344   0.19301300E+02
  345   0.15318250E+02
  346   0.15006050E+02
  347   0.15492500E+02
  348   0.12937020E+02
  349   0.93637500E+01
  350   0.82519700E+01
  351   0.70759000E+01
  352   0.62890400E+01
  353   0.58336700E+01
  354   0.10406990E+02
  355   0.13467220E+02
  356   0.16957640E+02
  357   0.17376490E+02
  358   0.15212760E+02
  359   0.12193740E+02
  360   0.85045300E+01
  361   0.68559700E+01
  362   0.55524400E+01
  363   0.50959400E+01
  364   0.40569500E+01
  365   0.32499000E+01
  366   0.27899900E+01
  367   0.23719800E+01
  368   0.21794400E+01
  369   0.24907100E+01
  370   0.18696900E+01
  371   0.29441900E+01
  372   0.29622700E+01
  373   0.28549100E+01
  374   0.27761300E+01
  375   0.36672500E+01
  376   0.45439300E+01
  377   0.36236400E+01
  378   0.33899400E+01
  379   0.26931700E+01
  380   0.15637900E+01
  381   0.12581500E+01
  382   0.11322200E+01
  383   0.10376600E+01
  384   0.95386000E+00
  385   0.80940000E+00
  386   0.72911000E+00
  387   0.67422000E+00
  388   0.26742400E+01
  389   0.23007300E+01
  390   0.14807300E+01
  391   0.12280900E+01
  392   0.62172700E+01
  393   0.86419000E+01
  394   0.72561600E+01
  395   0.53923600E+01
  396   0.38322500E+01
  397   0.26013400E+01
  398   0.18496000E+01
  399   0.14365300E+01
  400   0.12002000E+01
  401   0.83488000E+00
  402   0.64710000E+00
  403   0.48971000E+00
  404   0.37977000E+00
  405   0.31786000E+00
  406   0.69614000E+00
  407   0.18113000E+01
  408   0.13858500E+01
  409   0.12027200E+01
  410   0.10619800E+01
  411   0.79745000E+00
  412   0.62207000E+00
  413   0.46311000E+00
  414   0.33256000E+00
  415   0.35299000E+00
  416   0.28682000E+00
  417   0.69848800E+01
  418   0.41773180E+02
  419   0.66442680E+02
  420   0.92604980E+02
  421   0.85740120E+02
  422   0.67429660E+02
  423   0.49138460E+02
  424   0.34623510E+02
  425   0.24578630E+02
  426   0.18274220E+02
  427   0.13305990E+02
  428   0.10329480E+02
  429   0.82443200E+01
  430   0.66948900E+01
  431   0.41778600E+01
  432   0.37507500E+01
  433   0.54441900E+01
  434   0.27736860E+02
  435   0.33459500E+02
  436   0.25530060E+02
  437   0.18893310E+02
  438   0.15196850E+02
  439   0.12826540E+02
  440   0.10680690E+02
  441   0.17054520E+02
  442   0.13042610E+02
  443   0.10276750E+02
  444   0.84072800E+01
  445   0.65980400E+01
  446   0.53153100E+01
  447   0.41315500E+01
  448   0.83618600E+01
  449   0.88909900E+01
  450   0.65695500E+01
  451   0.47741400E+01
  452   0.23558600E+01
  453   0.19089900E+01
  454   0.15499500E+01
  455   0.13798200E+01
  456   0.12193800E+01
  457   0.10787800E+01
  458   0.98610000E+00
  459   0.87431000E+00
  460   0.77385000E+00
  461   0.70134000E+00
  462   0.61891000E+00
  463   0.53636000E+00
  464   0.47678000E+00
  465   0.42643000E+00
  466   0.34014300E+01
  467   0.26108500E+01
  468   0.20864900E+01
  469   0.17799600E+01
  470   0.14972600E+01
  471   0.12674500E+01
  472   0.96461000E+00
  473   0.74668000E+00
  474   0.62123000E+00
  475   0.36933800E+01
  476   0.94371700E+01
  477   0.94136500E+01
  478   0.72813000E+01
  479   0.44888200E+01
  480   0.29503500E+01
  481   0.35265600E+01
  482   0.68438700E+01
  483   0.17407820E+02
  484   0.17010560E+02
  485   0.12664350E+02
  486   0.82817700E+01
  487   0.42927100E+01
  488   0.18254500E+02
  489   0.36255150E+02
  490   0.29513190E+02
  491   0.20288850E+02
  492   0.22983020E+02
  493   0.71143770E+02
  494   0.59028490E+02
  495   0.37480200E+02
  496   0.26497480E+02
  497   0.20806850E+02
  498   0.16408270E+02
  499   0.12654070E+02
  500   0.95064600E+01
  501   0.89784700E+01
  502   0.70535200E+01
  503   0.33442300E+01
  504   0.28790200E+01
  505   0.23651300E+01
  506   0.23439700E+01
  507   0.19364700E+01
  508   0.15190300E+01
  509   0.13247300E+01
  510   0.12242500E+01
  511   0.11263100E+01
  512   0.10178200E+01
  513   0.10147600E+01
  514   0.85581000E+00
  515   0.87031000E+00
  516   0.12367610E+02
  517   0.14883607E+03
  518   0.10214796E+03
  519   0.70264960E+02
  520   0.55929880E+02
  521   0.40109220E+02
  522   0.28075160E+02
  523   0.47212190E+02
  524   0.61986750E+02
  525   0.76637110E+02
  526   0.87985570E+02
  527   0.88680050E+02
  528   0.60726890E+02
  529   0.40227300E+02
  530   0.29166180E+02
  531   0.25688560E+02
  532   0.25190220E+02
  533   0.18960860E+02
  534   0.12150380E+02
  535   0.84935200E+01
  536   0.63135400E+01
  537   0.62866200E+01
  538   0.24253830E+02
  539   0.25495660E+02
  540   0.19009290E+02
  541   0.52992040E+02
  542   0.19438510E+03
  543   0.21439582E+03
  544   0.13742462E+03
  545   0.82585320E+02
  546   0.52309950E+02
  547   0.35096200E+02
  548   0.39205200E+02
  549   0.33942240E+02
  550   0.23838480E+02
  551   0.15493350E+02
  552   0.10362800E+02
  553   0.70837500E+01
  554   0.33697700E+01
  555   0.29172200E+01
  556   0.25966900E+01
  557   0.16511850E+02
  558   0.28940530E+02
  559   0.22878470E+02
  560   0.19674930E+02
  561   0.14668970E+02
  562   0.95260900E+01
  563   0.56138500E+01
  564   0.30176400E+01
  565   0.15953500E+01
  566   0.12576400E+01
  567   0.10531500E+01
  568   0.81370000E+00
  569   0.67595000E+00
  570   0.56916000E+00
  571   0.47372000E+00
  572   0.41088000E+00
  573   0.36474000E+00
  574   0.32546000E+00
  575   0.28992000E+00
  576   0.25847000E+00
  577   0.25327000E+00
  578   0.78614000E+01
  579   0.44167840E+02
  580   0.52667880E+02
  581   0.30075030E+02
  582   0.15177180E+02
  583   0.83631400E+01
  584   0.62979000E+01
  585   0.13410780E+02
  586   0.11173320E+02
  587   0.82877900E+01
  588   0.46637500E+01
  589   0.25915300E+01
  590   0.16670400E+01
  591   0.12872700E+01
  592   0.10943400E+01
  593   0.77497000E+00
  594   0.65183000E+00
  595   0.59552000E+00
  596   0.64056000E+00
  597   0.72358000E+00
  598   0.74992000E+00
  599   0.74352000E+00
  600   0.72741000E+00
  601   0.69924000E+00
  602   0.65807000E+00
  603   0.98762000E+00
  604   0.14639500E+01
  605   0.12440300E+01
  606   0.95169000E+00
  607   0.80629000E+00
  608   0.13122400E+01
  609   0.11355300E+01
  610   0.10042200E+01
  611   0.93707000E+00
  612   0.10962200E+01
  613   0.15344800E+01
  614   0.17402800E+01
  615   0.16802400E+01
  616   0.24479700E+01
  617   0.23669400E+01
  618   0.20285400E+01
  619   0.17365900E+01
  620   0.15467600E+01
  621   0.13536000E+01
  622   0.11965800E+01
  623   0.18616400E+01
  624   0.51368700E+01
  625   0.46460500E+01
  626   0.33226790E+02
  627   0.33905128E+03
  628   0.37046883E+03
  629   0.23575442E+03
  630   0.16100014E+03
  631   0.12054370E+03
  632   0.10897942E+03
  633   0.17952567E+03
  634   0.18419935E+03
  635   0.11280773E+03
  636   0.66608940E+02
  637   0.45168730E+02
  638   0.32762900E+02
  639   0.24359790E+02
  640   0.18724370E+02
  641   0.14575210E+02
  642   0.11515710E+02
  643   0.10050940E+02
  644   0.86285300E+01
  645   0.84650600E+01
  646   0.87769100E+01
  647   0.74362700E+01
  648   0.74860100E+01
  649   0.73328700E+01
  650   0.66678100E+01
  651   0.57649100E+01
  652   0.47234500E+01
  653   0.52624100E+01
  654   0.39845900E+01
  655   0.30878800E+01
  656   0.26594600E+01
  657   0.16536800E+01
  658   0.19692300E+01
  659   0.16082200E+01
  660   0.49856400E+01
  661   0.61405500E+01
  662   0.99873600E+01
  663   0.16603330E+02
  664   0.18637330E+02
  665   0.16842500E+02
  666   0.13587590E+02
  667   0.92812600E+01
  668   0.74555800E+01
  669   0.60678500E+01
  670   0.45562100E+01
  671   0.38198400E+01
  672   0.31465600E+01
  673   0.25146400E+01
  674   0.20354300E+01
  675   0.16386900E+01
  676   0.13565400E+01
  677   0.10442000E+01
  678   0.83987000E+00
  679   0.74061000E+00
  680   0.68983000E+00
  681   0.64646000E+00
  682   0.83539100E+01
  683   0.90576550E+02
  684   0.55141658E+03
  685   0.43199441E+03
  686   0.22325824E+03
  687   0.12164028E+03
  688   0.69628110E+02
  689   0.45107390E+02
  690   0.31218920E+02
  691   0.22444200E+02
  692   0.16948260E+02
  693   0.12833790E+02
  694   0.10057150E+02
  695   0.82469300E+01
  696   0.74663200E+01
  697   0.85632500E+01
  698   0.11735000E+02
  699   0.22406410E+02
  700   0.29332400E+02
  701   0.32879980E+02
  702   0.38518760E+02
  703   0.38357150E+02
  704   0.32289380E+02
  705   0.25436140E+02
  706   0.19895690E+02
  707   0.15624450E+02
  708   0.10529620E+02
  709   0.95696800E+01
  710   0.12345570E+02
  711   0.95559100E+01
  712   0.76104000E+01
  713   0.63193400E+01
  714   0.50412400E+01
  715   0.43895300E+01
  716   0.38715100E+01
  717   0.32944000E+01
  718   0.19410600E+01
  719   0.17089350E+02
  720   0.18956540E+02
  721   0.15318520E+02
  722   0.12139500E+02
  723   0.10218160E+02
  724   0.11394080E+02
  725   0.12949760E+02
  726   0.12442330E+02
  727   0.10377370E+02
  728   0.81061300E+01
  729   0.40783500E+01
  730   0.33297900E+01
  731   0.28678000E+01
  732   0.24724500E+01
  733   0.21889300E+01
  734   0.18318500E+01
  735   0.15157600E+01
  736   0.13128900E+01
  737   0.44963800E+01
  738   0.85907700E+01
  739   0.69084800E+01
  740   0.47048200E+01
  741   0.36145000E+01
  742   0.27265500E+01
  743   0.20321500E+01
  744   0.15990200E+01
  745   0.13329800E+01
  746   0.11679800E+01
  747   0.24870800E+01
  748   0.22844700E+01
  749   0.14625000E+01
  750   0.15248800E+02
  751   0.26533520E+02
  752   0.21640880E+02
  753   0.16302050E+02
  754   0.13642310E+02
  755   0.11384550E+02
  756   0.94609000E+01
  757   0.79072600E+01
  758   0.81792800E+01
  759   0.48521000E+01
  760   0.40717500E+01
  761   0.34215000E+01
  762   0.28073900E+01
  763   0.24372400E+01
  764   0.27118900E+01
  765   0.31834400E+01
  766   0.33196200E+01
  767   0.37252500E+01
  768   0.70106700E+01
  769   0.29915010E+02
  770   0.43308490E+02
  771   0.35053610E+02
  772   0.37681920E+02
  773   0.40360470E+02
  774   0.35229650E+02
  775   0.28185540E+02
  776   0.31275770E+02
  777   0.27830250E+02
  778   0.22305140E+02
  779   0.17463020E+02
  780   0.11294880E+02
  781   0.89205500E+01
  782   0.76190600E+01
  783   0.64225800E+01
  784   0.52954000E+01
  785   0.69962300E+01
  786   0.26747120E+02
  787   0.26835290E+02
  788   0.26519770E+02
  789   0.26509310E+02
  790   0.19666820E+02
  791   0.21601960E+02
  792   0.36973880E+02
  793   0.36190670E+02
  794   0.56721710E+02
  795   0.57797930E+02
  796   0.39812960E+02
  797   0.30196620E+02
  798   0.38559380E+02
  799   0.37288130E+02
  800   0.25280510E+02
  801   0.17607220E+02
  802   0.12407060E+02
  803   0.17107870E+02
  804   0.28433250E+02
  805   0.24528980E+02
  806   0.20785960E+02
  807   0.20964730E+02
  808   0.16548090E+02
  809   0.13230860E+02
  810   0.10489330E+02
  811   0.68366100E+01
  812   0.51499200E+01
  813   0.42488600E+01
  814   0.34324300E+01
  815   0.29589400E+01
  816   0.26232000E+01
  817   0.21380300E+01
  818   0.71608300E+01
  819   0.66681400E+01
  820   0.49660000E+01
  821   0.25497100E+01
  822   0.21085100E+01
  823   0.16669100E+01
  824   0.13806000E+01
  825   0.20295800E+01
  826   0.14212500E+01
  827   0.11996100E+01
  828   0.10285600E+01
  829   0.87936000E+00
  830   0.29339900E+01
  831   0.15405600E+01
  832   0.12579900E+01
  833   0.10872400E+01
  834   0.94647000E+00
  835   0.80829000E+00
  836   0.68343000E+00
  837   0.47972800E+01
  838   0.73654100E+01
  839   0.57328200E+01
  840   0.40657100E+01
  841   0.20444600E+01
  842   0.16219300E+01
  843   0.13125800E+01
  844   0.10889200E+01
  845   0.81805000E+00
  846   0.64748000E+00
  847   0.51305000E+00
  848   0.41718000E+00
  849   0.10667100E+01
  850   0.65973700E+01
  851   0.13456310E+02
  852   0.12805820E+02
  853   0.94940400E+01
  854   0.61678600E+01
  855   0.31452400E+01
  856   0.18411400E+01
  857   0.21374900E+01
  858   0.10952820E+02
  859   0.13432080E+02
  860   0.43137120E+02
  861   0.22781555E+03
  862   0.17911905E+03
  863   0.10832434E+03
  864   0.67124790E+02
  865   0.44517510E+02
  866   0.31191700E+02
  867   0.22309900E+02
  868   0.29353370E+02
  869   0.27367610E+02
  870   0.20783840E+02
  871   0.14261230E+02
  872   0.94313200E+01
  873   0.67462300E+01
  874   0.48080000E+01
  875   0.36574200E+01
  876   0.29755800E+01
  877   0.24990500E+01
  878   0.19949000E+01
  879   0.67459000E+01
  880   0.19974120E+02
  881   0.25323780E+02
  882   0.67551870E+02
  883   0.95619390E+02
  884   0.51418190E+02
  885   0.32429620E+02
  886   0.71512940E+02
  887   0.59090240E+02
  888   0.38793520E+02
  889   0.27203930E+02
  890   0.20872830E+02
  891   0.16667410E+02
  892   0.82797730E+02
  893   0.13343802E+03
  894   0.15601021E+03
  895   0.90955340E+02
  896   0.57852340E+02
  897   0.39674350E+02
  898   0.28231860E+02
  899   0.20201390E+02
  900   0.14516220E+02
  901   0.10792850E+02
  902   0.85705800E+01
  903   0.46061200E+01
  904   0.35926300E+01
  905   0.29643200E+01
  906   0.58294440E+02
  907   0.18847712E+03
  908   0.41563844E+03
  909   0.25373916E+03
  910   0.14495507E+03
  911   0.84008260E+02
  912   0.56862580E+02
  913   0.17253637E+03
  914   0.90043083E+03
  915   0.15604868E+04
  916   0.62140735E+03
  917   0.26354349E+03
  918   0.13298259E+03
  919   0.77000410E+02
  920   0.48567620E+02
  921   0.32988530E+02
  922   0.23330860E+02
  923   0.15554690E+02
  924   0.34196520E+02
  925   0.37753680E+02
  926   0.49305290E+02
  927   0.56722900E+02
  928   0.55077440E+02
  929   0.83689310E+02
  930   0.13318152E+03
  931   0.27822033E+03
  932   0.31878262E+03
  933   0.19254549E+03
  934   0.14550995E+03
  935   0.92359220E+02
  936   0.57073880E+02
  937   0.36029620E+02
  938   0.24439770E+02
  939   0.17470210E+02
  940   0.12977940E+02
  941   0.98889000E+01
  942   0.75095300E+01
  943   0.54930400E+01
  944   0.28285300E+01
  945   0.25841000E+01
  946   0.21774400E+01
  947   0.18573400E+01
  948   0.16090900E+01
  949   0.13623600E+01
  950   0.12067300E+01
  951   0.10784000E+01
  952   0.10128500E+01
  953   0.92770000E+00
  954   0.96164000E+00
  955   0.17186100E+01
  956   0.13445730E+02
  957   0.52728939E+03
  958   0.48360447E+03
  959   0.25583893E+03
  960   0.13696935E+03
  961   0.81232800E+02
  962   0.51107940E+02
  963   0.34332630E+02
  964   0.23102970E+02
  965   0.21398330E+02
  966   0.22142130E+02
  967   0.31065860E+02
  968   0.44469090E+02
  969   0.64623080E+02
  970   0.69996180E+02
  971   0.56734200E+02
  972   0.39900090E+02
  973   0.27262800E+02
  974   0.19521840E+02
  975   0.13054530E+02
  976   0.10242500E+02
  977   0.93168300E+01
  978   0.88189200E+01
  979   0.11539320E+02
  980   0.19874120E+02
  981   0.38468090E+02
  982   0.96306080E+02
  983   0.81320080E+02
  984   0.55709830E+02
  985   0.37446910E+02
  986   0.28150910E+02
  987   0.24080940E+02
  988   0.24812930E+02
  989   0.34566200E+02
  990   0.42866250E+02
  991   0.36648980E+02
  992   0.27271060E+02
  993   0.20049130E+02
  994   0.14822010E+02
  995   0.96032100E+01
  996   0.75923900E+01
  997   0.35392990E+02
  998   0.36385114E+03
  999   0.49784083E+03
 1000   0.48065027E+03
 1001   0.36172829E+03
 1002   0.25485376E+03
 1003   0.15504074E+03
 1004   0.95055130E+02
 1005   0.56738070E+02
 1006   0.38390700E+02
 1007   0.26608080E+02
 1008   0.19335170E+02
 1009   0.16684180E+02
 1010   0.39238870E+02
 1011   0.84999500E+02
 1012   0.13763882E+03
 1013   0.99527890E+02
 1014   0.64626950E+02
 1015   0.43384170E+02
 1016   0.29090700E+02
 1017   0.21407370E+02
 1018   0.17640030E+02
 1019   0.14084390E+02
 1020   0.12210980E+02
 1021   0.10762210E+02
 1022   0.13334700E+02
 1023   0.20641930E+02
 1024   0.33650250E+02
 1025   0.52465520E+02
 1026   0.45570030E+02
 1027   0.35561770E+02
 1028   0.88009760E+02
 1029   0.96061500E+02
 1030   0.81052400E+02
 1031   0.61301080E+02
 1032   0.42989950E+02
 1033   0.30259660E+02
 1034   0.21668220E+02
 1035   0.16732570E+02
 1036   0.11770340E+02
 1037   0.96116600E+01
 1038   0.81849400E+01
 1039   0.69238100E+01
 1040   0.60741900E+01
 1041   0.51576400E+01
 1042   0.45643300E+01
 1043   0.20018810E+02
 1044   0.41323280E+02
 1045   0.37769940E+02
 1046   0.26563320E+02
 1047   0.21952410E+02
 1048   0.17595200E+02
 1049   0.13473020E+02
 1050   0.10230680E+02
 1051   0.79266000E+01
 1052   0.61581800E+01
 1053   0.44714600E+01
 1054   0.35852300E+01
 1055   0.38195600E+01
 1056   0.31005200E+01
 1057   0.17792700E+01
 1058   0.17230200E+01
 1059   0.17572000E+01
 1060   0.16855200E+01
 1061   0.16662100E+01
 1062   0.15166600E+01
 1063   0.14609200E+01
 1064   0.14161000E+01
 1065   0.13776600E+01
 1066   0.13254300E+01
 1067   0.10791800E+01
 1068   0.95308000E+00
 1069   0.84672000E+00
 1070   0.83649000E+00
 1071   0.89018000E+00
 1072   0.92618000E+00
 1073   0.93884000E+00
 1074   0.91335000E+00
 1075   0.85067000E+00
 1076   0.78836000E+00
 1077   0.67734000E+00
 1078   0.59563000E+00
 1079   0.56025000E+00
 1080   0.53544000E+00
 1081   0.51884000E+00
 1082   0.52905000E+00
 1083   0.55782000E+00
 1084   0.63837000E+00
 1085   0.70243000E+00
 1086   0.71611000E+00
 1087   0.66574000E+00
 1088   0.67269000E+00
 1089   0.58136000E+00
 1090   0.54078000E+00
 1091   0.54703000E+00
 1092   0.57743000E+00
 1093   0.61330000E+00
 1094   0.62026000E+00
 1095   0.60558000E+00
 1096   0.58274000E+00
 1097   0.55832000E+00
 1098   0.53792000E+00
 1099   0.50250000E+00
 1100   0.45343000E+00
 1101   0.42702000E+00
 1102   0.41108000E+00
 1103   0.40255000E+00
 1104   0.38941000E+00
 1105   0.37542000E+00
 1106   0.36121000E+00
 1107   0.34667000E+00
 1108   0.39916000E+00
 1109   0.26957110E+02
 1110   0.33387030E+02
 1111   0.26666570E+02
 1112   0.20877410E+02
 1113   0.19490780E+02
 1114   0.17462410E+02
 1115   0.22589590E+02
 1116   0.28997840E+02
 1117   0.44252550E+02
 1118   0.50412990E+02
 1119   0.45168960E+02
 1120   0.34425100E+02
 1121   0.30718050E+02
 1122   0.49858540E+02
 1123   0.47702310E+02
 1124   0.39229610E+02
 1125   0.32526950E+02
 1126   0.26317640E+02
 1127   0.20413690E+02
 1128   0.13508100E+02
 1129   0.11448550E+02
 1130   0.11886430E+02
 1131   0.10077680E+02
 1132   0.75000600E+01
 1133   0.60864300E+01
 1134   0.50580700E+01
 1135   0.41526300E+01
 1136   0.33570500E+01
 1137   0.26870200E+01
 1138   0.22002300E+01
 1139   0.14931900E+01
 1140   0.15018600E+01
 1141   0.12833100E+01
 1142   0.11473900E+01
 1143   0.10690300E+01
 1144   0.10070800E+01
 1145   0.14063500E+01
 1146   0.11957300E+01
 1147   0.10668100E+01
 1148   0.98847000E+00
 1149   0.80709000E+00
 1150   0.73587000E+00
 1151   0.68155000E+00
 1152   0.61988000E+00
 1153   0.56416000E+00
 1154   0.51103000E+00
 1155   0.46518000E+00
 1156   0.42790000E+00
 1157   0.39683000E+00
 1158   0.36864000E+00
 1159   0.34075000E+00
 1160   0.31048000E+00
 1161   0.27261000E+00
 1162   0.23757000E+00
 1163   0.20779000E+00
 1164   0.18171000E+00
 1165   0.15912000E+00
 1166   0.13988000E+00
 1167   0.12361000E+00
 1168   0.11060000E+00
 1169   0.17026000E+00
 1170   0.27814500E+01
 1171   0.43988700E+01
 1172   0.28656700E+01
 1173   0.67861700E+01
 1174   0.14151470E+02
 1175   0.12633430E+02
 1176   0.99269900E+01
 1177   0.73864700E+01
 1178   0.51738400E+01
 1179   0.37266200E+01
 1180   0.19102500E+01
 1181   0.15647800E+01
 1182   0.13914400E+01
 1183   0.13773600E+01
 1184   0.13572700E+01
 1185   0.12773500E+01
 1186   0.11855400E+01
 1187   0.11028800E+01
 1188   0.10196600E+01
 1189   0.18766600E+01
 1190   0.16270600E+01
 1191   0.12869700E+01
 1192   0.11317700E+01
 1193   0.10391600E+01
 1194   0.94305000E+00
 1195   0.80202000E+00
 1196   0.68267000E+00
 1197   0.62213000E+00
 1198   0.55168000E+00
 1199   0.38503800E+01
 1200   0.21091800E+01
 1201   0.16434100E+01
 1202   0.13644300E+01
 1203   0.11976200E+01
 1204   0.10560600E+01
 1205   0.85510000E+00
 1206   0.69570000E+00
 1207   0.55000000E+00
 1208   0.40882000E+00
 1209   0.32622000E+00
 1210   0.27141000E+00
 1211   0.26518000E+00
 1212   0.22741000E+00
 1213   0.20051000E+00
 1214   0.25304200E+01
 1215   0.17843400E+01
 1216   0.14256300E+01
 1217   0.51191000E+01
 1218   0.46295500E+01
 1219   0.30232600E+01
 1220   0.21847800E+01
 1221   0.13594600E+01
 1222   0.10785900E+01
 1223   0.77553000E+00
 1224   0.63347000E+00
 1225   0.45903000E+00
 1226   0.42765000E+00
 1227   0.15579000E+01
 1228   0.13137600E+01
 1229   0.11041400E+01
 1230   0.95268000E+00
 1231   0.70425000E+00
 1232   0.54230000E+00
 1233   0.39671000E+00
 1234   0.29679000E+00
 1235   0.23593000E+00
 1236   0.19980000E+00
 1237   0.17813000E+00
 1238   0.16402000E+00
 1239   0.15312000E+00
 1240   0.14319000E+00
 1241   0.13343000E+00
 1242   0.13022800E+01
 1243   0.95419800E+01
 1244   0.18418680E+02
 1245   0.16555570E+02
 1246   0.15989050E+02
 1247   0.13305170E+02
 1248   0.22710090E+02
 1249   0.18746540E+02
 1250   0.12138140E+02
 1251   0.63972800E+01
 1252   0.76967300E+01
 1253   0.69658800E+01
 1254   0.37346500E+01
 1255   0.23237300E+01
 1256   0.16990400E+01
 1257   0.13537600E+01
 1258   0.11794300E+01
 1259   0.11409200E+01
 1260   0.12911150E+02
 1261   0.78441520E+02
 1262   0.54465130E+02
 1263   0.32223030E+02
 1264   0.23111100E+02
 1265   0.20617950E+02
 1266   0.17440020E+02
 1267   0.13474020E+02
 1268   0.10363580E+02
 1269   0.80871900E+01
 1270   0.67143800E+01
 1271   0.81342000E+01
 1272   0.38834300E+01
 1273   0.83679000E+01
 1274   0.27394943E+03
 1275   0.43625604E+03
 1276   0.22662100E+03
 1277   0.41545956E+03
 1278   0.35691927E+03
 1279   0.31856653E+03
 1280   0.32236836E+03
 1281   0.29827364E+03
 1282   0.20005129E+03
 1283   0.25166089E+03
 1284   0.20013228E+03
 1285   0.11248682E+03
 1286   0.68925800E+02
 1287   0.44924460E+02
 1288   0.30824840E+02
 1289   0.21868360E+02
 1290   0.37131950E+02
 1291   0.11211792E+03
 1292   0.23302594E+03
 1293   0.12349631E+03
 1294   0.55989870E+02
 1295   0.31998330E+02
 1296   0.22105230E+02
 1297   0.19570680E+02
 1298   0.17619350E+02
 1299   0.15418810E+02
 1300   0.12984810E+02
 1301   0.16368750E+02
 1302   0.12051250E+02
 1303   0.75148500E+01
 1304   0.54554600E+01
 1305   0.40726300E+01
 1306   0.45016900E+01
 1307   0.81088500E+01
 1308   0.89665600E+01
 1309   0.71881300E+01
 1310   0.11725730E+02
 1311   0.10755310E+02
 1312   0.85135200E+01
 1313   0.17029380E+02
 1314   0.26338200E+02
 1315   0.20884780E+02
 1316   0.13485220E+02
 1317   0.92793900E+01
 1318   0.67744400E+01
 1319   0.55458300E+01
 1320   0.54702300E+01
 1321   0.56091100E+01
 1322   0.54731400E+01
 1323   0.38148100E+01
 1324   0.41007100E+01
 1325   0.36641600E+01
 1326   0.31412000E+01
 1327   0.26553600E+01
 1328   0.23098700E+01
 1329   0.24185700E+01
 1330   0.11517450E+02
 1331   0.14654072E+03
 1332   0.39488398E+03
 1333   0.30754197E+03
 1334   0.18439329E+03
 1335   0.10836070E+03
 1336   0.67801180E+02
 1337   0.45668870E+02
 1338   0.32481570E+02
 1339   0.23470760E+02
 1340   0.17740490E+02
 1341   0.13259750E+02
 1342   0.10151750E+02
 1343   0.79127600E+01
 1344   0.45253800E+01
 1345   0.39024000E+01
 1346   0.34598600E+01
 1347   0.28944300E+01
 1348   0.24392500E+01
 1349   0.19765400E+01
 1350   0.16161300E+01
 1351   0.13490100E+01
 1352   0.29769600E+01
 1353   0.71303750E+02
 1354   0.48456881E+03
 1355   0.29498616E+03
 1356   0.16653096E+03
 1357   0.37101621E+03
 1358   0.28827730E+03
 1359   0.18943719E+03
 1360   0.79186520E+03
 1361   0.52021542E+03
 1362   0.23851238E+03
 1363   0.14969719E+03
 1364   0.40210694E+03
 1365   0.20252913E+04
 1366   0.10125815E+04
 1367   0.48882437E+03
 1368   0.36692650E+03
 1369   0.28663899E+03
 1370   0.17094349E+03
 1371   0.10171123E+03
 1372   0.64219140E+02
 1373   0.43050510E+02
 1374   0.28593330E+02
 1375   0.21131700E+02
 1376   0.15960210E+02
 1377   0.12023350E+02
 1378   0.94778200E+01
 1379   0.75844900E+01
 1380   0.59267800E+01
 1381   0.44177400E+01
 1382   0.61828400E+01
 1383   0.80306400E+01
 1384   0.21852990E+02
 1385   0.57288360E+02
 1386   0.65222160E+02
 1387   0.55379270E+02
 1388   0.62937120E+02
 1389   0.83568190E+02
 1390   0.78347970E+02
 1391   0.50808690E+02
 1392   0.33306080E+02
 1393   0.23381600E+02
 1394   0.17505870E+02
 1395   0.11183290E+02
 1396   0.83743700E+01
 1397   0.65989500E+01
 1398   0.48630700E+01
 1399   0.37637500E+01
 1400   0.29849200E+01
 1401   0.23907500E+01
 1402   0.19062300E+01
 1403   0.15012600E+01
 1404   0.15589700E+01
 1405   0.95900600E+01
 1406   0.55752240E+02
 1407   0.22122981E+03
 1408   0.16439831E+03
 1409   0.11637952E+03
 1410   0.99453050E+02
 1411   0.92300430E+02
 1412   0.75202150E+02
 1413   0.54594410E+02
 1414   0.39499810E+02
 1415   0.26464600E+02
 1416   0.20003330E+02
 1417   0.15146350E+02
 1418   0.11495240E+02
 1419   0.90498400E+01
 1420   0.71823400E+01
 1421   0.55604500E+01
 1422   0.43648100E+01
 1423   0.35518200E+01
 1424   0.28650100E+01
 1425   0.28685800E+01
 1426   0.66584200E+01
 1427   0.22621210E+02
 1428   0.53439850E+02
 1429   0.52096590E+02
 1430   0.40710400E+02
 1431   0.36424790E+02
 1432   0.49652550E+02
 1433   0.44586220E+02
 1434   0.34386580E+02
 1435   0.25363200E+02
 1436   0.17330660E+02
 1437   0.13626530E+02
 1438   0.10864670E+02
 1439   0.85997900E+01
 1440   0.67550400E+01
 1441   0.50736700E+01
 1442   0.39732000E+01
 1443   0.32296200E+01
 1444   0.26088500E+01
 1445   0.22040400E+01
 1446   0.17994300E+01
 1447   0.90334500E+01
 1448   0.34371150E+02
 1449   0.38190130E+02
 1450   0.28729740E+02
 1451   0.22640140E+02
 1452   0.20119300E+02
 1453   0.16657550E+02
 1454   0.13454460E+02
 1455   0.10657360E+02
 1456   0.70397000E+01
 1457   0.55464200E+01
 1458   0.45960300E+01
 1459   0.38229400E+01
 1460   0.32034200E+01
 1461   0.26994000E+01
 1462   0.22394400E+01
 1463   0.18682800E+01
 1464   0.15781000E+01
 1465   0.13321100E+01
 1466   0.11739900E+01
 1467   0.90702000E+00
 1468   0.74823000E+00
 1469   0.47582400E+01
 1470   0.45035800E+01
 1471   0.35598700E+01
 1472   0.30577100E+01
 1473   0.63329400E+01
 1474   0.20903460E+02
 1475   0.22148250E+02
 1476   0.19850260E+02
 1477   0.17140420E+02
 1478   0.15204560E+02
 1479   0.13285060E+02
 1480   0.11637080E+02
 1481   0.99749200E+01
 1482   0.84540000E+01
 1483   0.77148600E+01
 1484   0.10093290E+02
 1485   0.82205500E+01
 1486   0.74080800E+01
 1487   0.36601300E+01
 1488   0.38786300E+01
 1489   0.79861700E+01
 1490   0.79076600E+01
 1491   0.65049400E+01
 1492   0.49895900E+01
 1493   0.36997100E+01
 1494   0.30009000E+01
 1495   0.23970200E+01
 1496   0.19183400E+01
 1497   0.12593700E+01
 1498   0.10627400E+01
 1499   0.89414000E+00
 1500   0.79274000E+00
 1501   0.70556000E+00
 1502   0.65222000E+00
 1503   0.60979000E+00
 1504   0.57099000E+00
 1505   0.56421000E+00
 1506   0.24965000E+01
 1507   0.61975800E+01
 1508   0.34262700E+01
 1509   0.29584800E+01
 1510   0.25065200E+01
 1511   0.48441100E+01
 1512   0.69765200E+01
 1513   0.98510900E+01
 1514   0.16783900E+02
 1515   0.18652690E+02
 1516   0.15666890E+02
 1517   0.12282710E+02
 1518   0.87599300E+01
 1519   0.94976700E+01
 1520   0.24499640E+02
 1521   0.89577360E+02
 1522   0.80076380E+02
 1523   0.64860660E+02
 1524   0.48638600E+02
 1525   0.34605200E+02
 1526   0.29555820E+02
 1527   0.22590310E+02
 1528   0.14620910E+02
 1529   0.10693100E+02
 1530   0.86964000E+01
 1531   0.68268400E+01
 1532   0.15975420E+02
 1533   0.61966250E+02
 1534   0.59389150E+02
 1535   0.46718530E+02
 1536   0.40686160E+02
 1537   0.32571040E+02
 1538   0.22559450E+02
 1539   0.20772210E+02
 1540   0.39628850E+02
 1541   0.35434340E+02
 1542   0.25342370E+02
 1543   0.20015170E+02
 1544   0.16259120E+02
 1545   0.12888540E+02
 1546   0.10414910E+02
 1547   0.83407700E+01
 1548   0.68160500E+01
 1549   0.50441300E+01
 1550   0.43052800E+01
 1551   0.14792040E+02
 1552   0.25693000E+02
 1553   0.26508720E+02
 1554   0.25995970E+02
 1555   0.74275950E+02
 1556   0.32159259E+03
 1557   0.26887209E+03
 1558   0.15183319E+03
 1559   0.92501020E+02
 1560   0.68819210E+02
 1561   0.48334270E+02
 1562   0.33452750E+02
 1563   0.24561840E+02
 1564   0.19463090E+02
 1565   0.16077970E+02
 1566   0.33344300E+02
 1567   0.49366340E+02
 1568   0.41427720E+02
 1569   0.58165490E+02
 1570   0.57819430E+02
 1571   0.45126440E+02
 1572   0.37430480E+02
 1573   0.37148670E+02
 1574   0.28156410E+02
 1575   0.20442200E+02
 1576   0.14523480E+02
 1577   0.10580330E+02
 1578   0.88259700E+01
 1579   0.73397000E+01
 1580   0.10091830E+02
 1581   0.12028640E+02
 1582   0.14577180E+02
 1583   0.15789390E+02
 1584   0.17898900E+02
 1585   0.18044310E+02
 1586   0.16942180E+02
 1587   0.40891170E+02
 1588   0.45851770E+02
 1589   0.29360740E+02
 1590   0.15365970E+02
 1591   0.11758960E+02
 1592   0.20688130E+02
 1593   0.20528390E+02
 1594   0.25650980E+02
 1595   0.31457080E+02
 1596   0.30349290E+02
 1597   0.24953400E+02
 1598   0.19731980E+02
 1599   0.15887880E+02
 1600   0.18027730E+02
 1601   0.17860010E+02
 1602   0.14024800E+02
 1603   0.11425760E+02
 1604   0.83520000E+01
 1605   0.64555700E+01
 1606   0.45691900E+01
 1607   0.37085700E+01
 1608   0.30921500E+01
 1609   0.25891400E+01
 1610   0.15837900E+01
 1611   0.12972800E+01
 1612   0.70212400E+01
 1613   0.18939780E+02
 1614   0.66968010E+02
 1615   0.60231410E+02
 1616   0.62519760E+02
 1617   0.48074070E+02
 1618   0.61820500E+02
 1619   0.49199250E+02
 1620   0.30820610E+02
 1621   0.21378870E+02
 1622   0.15616830E+02
 1623   0.11806400E+02
 1624   0.92608000E+01
 1625   0.74533400E+01
 1626   0.60100600E+01
 1627   0.88270400E+01
 1628   0.16672840E+02
 1629   0.13875640E+02
 1630   0.10389330E+02
 1631   0.53683800E+01
 1632   0.30524400E+01
 1633   0.25660400E+01
 1634   0.18741000E+01
 1635   0.17969040E+02
 1636   0.11594884E+03
 1637   0.48585070E+03
 1638   0.31274141E+03
 1639   0.19663428E+03
 1640   0.12720840E+03
 1641   0.73491600E+02
 1642   0.45334460E+02
 1643   0.29992800E+02
 1644   0.20741360E+02
 1645   0.14845750E+02
 1646   0.10892170E+02
 1647   0.83712100E+01
 1648   0.64067000E+01
 1649   0.49281300E+01
 1650   0.37759100E+01
 1651   0.20409400E+01
 1652   0.24818400E+01
 1653   0.20513000E+01
 1654   0.16102300E+01
 1655   0.13401600E+01
 1656   0.11722200E+01
 1657   0.10312100E+01
 1658   0.89285000E+00
 1659   0.78432600E+01
 1660   0.92353100E+01
 1661   0.56150000E+01
 1662   0.28000710E+02
 1663   0.55910950E+02
 1664   0.53246070E+02
 1665   0.32772240E+02
 1666   0.19274470E+02
 1667   0.12576700E+02
 1668   0.94559800E+01
 1669   0.73752300E+01
 1670   0.57456200E+01
 1671   0.45396700E+01
 1672   0.25770100E+01
 1673   0.22363100E+01
 1674   0.18220700E+01
 1675   0.15389000E+01
 1676   0.14634400E+01
 1677   0.12558300E+01
 1678   0.10952800E+01
 1679   0.95176000E+00
 1680   0.75294000E+00
 1681   0.85107000E+00
 1682   0.66980000E+00
 1683   0.70016000E+00
 1684   0.59018000E+00
 1685   0.54049000E+00
 1686   0.50295000E+00
 1687   0.46022000E+00
 1688   0.42384000E+00
 1689   0.38024000E+00
 1690   0.33322000E+00
 1691   0.28746000E+00
 1692   0.25303000E+00
 1693   0.34278000E+00
 1694   0.82365800E+01
 1695   0.10829549E+03
 1696   0.67811210E+02
 1697   0.32041000E+02
 1698   0.16697210E+02
 1699   0.10262320E+02
 1700   0.66952100E+01
 1701   0.40973900E+01
 1702   0.22177900E+01
 1703   0.41878100E+01
 1704   0.12797460E+02
 1705   0.14727229E+03
 1706   0.44189387E+03
 1707   0.30353444E+03
 1708   0.16389972E+03
 1709   0.94805900E+02
 1710   0.58554990E+02
 1711   0.38932350E+02
 1712   0.27339810E+02
 1713   0.18982940E+02
 1714   0.17564440E+02
 1715   0.14397170E+02
 1716   0.13818370E+02
 1717   0.33261330E+02
 1718   0.83875350E+02
 1719   0.95484530E+02
 1720   0.80512600E+02
 1721   0.57793450E+02
 1722   0.41351450E+02
 1723   0.28636560E+02
 1724   0.21189680E+02
 1725   0.16829530E+02
 1726   0.13258900E+02
 1727   0.10795170E+02
 1728   0.88068800E+01
 1729   0.71286300E+01
 1730   0.55181200E+01
 1731   0.41599800E+01
 1732   0.33127500E+01
 1733   0.18524600E+01
 1734   0.15771400E+01
 1735   0.13862900E+01
 1736   0.85249100E+01
 1737   0.63878340E+02
 1738   0.24567554E+03
 1739   0.24547827E+03
 1740   0.26914495E+03
 1741   0.32734344E+03
 1742   0.40889423E+03
 1743   0.44068135E+03
 1744   0.24141534E+03
 1745   0.13252553E+03
 1746   0.79676840E+02
 1747   0.50963390E+02
 1748   0.36071750E+02
 1749   0.40369770E+02
 1750   0.75577090E+02
 1751   0.24838622E+03
 1752   0.23106115E+03
 1753   0.16017091E+03
 1754   0.10035248E+03
 1755   0.65311710E+02
 1756   0.43719350E+02
 1757   0.30410440E+02
 1758   0.21613260E+02
 1759   0.15938590E+02
 1760   0.11921050E+02
 1761   0.91612400E+01
 1762   0.71833800E+01
 1763   0.58905600E+01
 1764   0.41307300E+01
 1765   0.41243200E+01
 1766   0.50495900E+01
 1767   0.11531890E+02
 1768   0.43850840E+02
 1769   0.95381590E+02
 1770   0.12389007E+03
 1771   0.14137749E+03
 1772   0.95487220E+02
 1773   0.62413770E+02
 1774   0.40152050E+02
 1775   0.29016770E+02
 1776   0.21333210E+02
 1777   0.16110840E+02
 1778   0.12255610E+02
 1779   0.97880000E+01
 1780   0.78440400E+01
 1781   0.63573300E+01
 1782   0.47185700E+01
 1783   0.40799700E+01
 1784   0.21942500E+01
 1785   0.19640300E+01
 1786   0.17413700E+01
 1787   0.15256800E+01
 1788   0.21667500E+01
 1789   0.21253600E+01
 1790   0.17777900E+01
 1791   0.14849500E+01
 1792   0.13489700E+01
 1793   0.12437000E+01
 1794   0.11390200E+01
 1795   0.89652000E+00
 1796   0.75048000E+00
 1797   0.21956400E+01
 1798   0.93855700E+01
 1799   0.11490910E+02
 1800   0.19249010E+02
 1801   0.19203750E+02
 1802   0.17056730E+02
 1803   0.15286740E+02
 1804   0.13053330E+02
 1805   0.93049000E+01
 1806   0.77327900E+01
 1807   0.65138600E+01
 1808   0.51587400E+01
 1809   0.40143600E+01
 1810   0.32398700E+01
 1811   0.26000900E+01
 1812   0.20761400E+01
 1813   0.16525000E+01
 1814   0.27846900E+01
 1815   0.16773700E+01
 1816   0.13058400E+01
 1817   0.11493600E+01
 1818   0.10775000E+01
 1819   0.56071600E+01
 1820   0.32753720E+02
 1821   0.61449260E+02
 1822   0.43813120E+02
 1823   0.26923570E+02
 1824   0.18993180E+02
 1825   0.13623150E+02
 1826   0.11745600E+02
 1827   0.95777600E+01
 1828   0.76845300E+01
 1829   0.65342200E+01
 1830   0.73540300E+01
 1831   0.72489900E+01
 1832   0.72433100E+01
 1833   0.72129800E+01
 1834   0.72812000E+01
 1835   0.70056200E+01
 1836   0.44466000E+01
 1837   0.42982400E+01
 1838   0.78248100E+01
 1839   0.99505300E+01
 1840   0.87928900E+01
 1841   0.93629900E+01
 1842   0.98337000E+01
 1843   0.97029200E+01
 1844   0.91196600E+01
 1845   0.84458900E+01
 1846   0.54334200E+01
 1847   0.46954600E+01
 1848   0.41604700E+01
 1849   0.80684700E+01
 1850   0.21652840E+02
 1851   0.36074030E+02
 1852   0.40830560E+02
 1853   0.36754870E+02
 1854   0.29862930E+02
 1855   0.23400230E+02
 1856   0.16096530E+02
 1857   0.12403890E+02
 1858   0.10644240E+02
 1859   0.91062400E+01
 1860   0.86663000E+01
 1861   0.10485820E+02
 1862   0.13091210E+02
 1863   0.14247280E+02
 1864   0.13505840E+02
 1865   0.12535030E+02
 1866   0.87090100E+01
 1867   0.23796540E+02
 1868   0.45401700E+02
 1869   0.47568070E+02
 1870   0.38035280E+02
 1871   0.32205390E+02
 1872   0.27368880E+02
 1873   0.36358380E+02
 1874   0.53226930E+02
 1875   0.60035790E+02
 1876   0.91747150E+02
 1877   0.84727060E+02
 1878   0.63437940E+02
 1879   0.49959640E+02
 1880   0.37816900E+02
 1881   0.27533130E+02
 1882   0.20141110E+02
 1883   0.15114140E+02
 1884   0.11576170E+02
 1885   0.10091750E+02
 1886   0.88685400E+01
 1887   0.47710500E+01
 1888   0.36562200E+01
 1889   0.30094100E+01
 1890   0.25737200E+01
 1891   0.24894900E+01
 1892   0.14544110E+02
 1893   0.45040370E+02
 1894   0.61827840E+02
 1895   0.50968160E+02
 1896   0.44865010E+02
 1897   0.35388310E+02
 1898   0.28942240E+02
 1899   0.22225060E+02
 1900   0.17088420E+02
 1901   0.12913390E+02
 1902   0.10089070E+02
 1903   0.80197100E+01
 1904   0.66258100E+01
 1905   0.53328900E+01
 1906   0.42289800E+01
 1907   0.21796300E+01
 1908   0.19758300E+01
 1909   0.16782100E+01
 1910   0.14345800E+01
 1911   0.12811900E+01
 1912   0.11603000E+01
 1913   0.10536400E+01
 1914   0.32478100E+01
 1915   0.70918200E+01
 1916   0.15916020E+02
 1917   0.16086630E+02
 1918   0.10149720E+02
 1919   0.67349300E+01
 1920   0.89191400E+01
 1921   0.90962300E+01
 1922   0.75514600E+01
 1923   0.50954200E+01
 1924   0.11921750E+02
 1925   0.14806970E+02
 1926   0.11697450E+02
 1927   0.83413800E+01
 1928   0.34013600E+01
 1929   0.23666500E+01
 1930   0.17231800E+01
 1931   0.14076600E+01
 1932   0.12471500E+01
 1933   0.11378100E+01
 1934   0.14569100E+01
 1935   0.12363600E+01
 1936   0.10997200E+01
 1937   0.10012300E+01
 1938   0.79402000E+00
 1939   0.68553000E+00
 1940   0.62376000E+00
 1941   0.75272000E+00
 1942   0.12264100E+01
 1943   0.89037000E+00
 1944   0.74465000E+00
 1945   0.67069000E+00
 1946   0.59341000E+00
 1947   0.47928000E+00
 1948   0.38471000E+00
 1949   0.32368000E+00
 1950   0.27021000E+00
 1951   0.24370000E+00
 1952   0.23848000E+00
 1953   0.24354000E+00
 1954   0.24942000E+00
 1955   0.24551000E+00
 1956   0.23433000E+00
 1957   0.22114000E+00
 1958   0.20815000E+00
 1959   0.19577000E+00
 1960   0.18386000E+00
 1961   0.17223000E+00
 1962   0.16073000E+00
 1963   0.14935000E+00
 1964   0.13819000E+00
 1965   0.23988000E+00
 1966   0.10585960E+02
 1967   0.22979780E+02
 1968   0.66436940E+02
 1969   0.74843580E+02
 1970   0.56581260E+02
 1971   0.46087890E+02
 1972   0.32250850E+02
 1973   0.24237030E+02
 1974   0.19424520E+02
 1975   0.15810100E+02
 1976   0.13871590E+02
 1977   0.12189860E+02
 1978   0.98159400E+01
 1979   0.68439900E+01
 1980   0.65323800E+01
 1981   0.61058300E+01
 1982   0.10965140E+02
 1983   0.84539200E+01
 1984   0.70508900E+01
 1985   0.97016800E+01
 1986   0.13629510E+02
 1987   0.40612926E+03
 1988   0.33319843E+03
 1989   0.68865261E+03
 1990   0.48089333E+03
 1991   0.26390842E+03
 1992   0.13737944E+03
 1993   0.94762890E+02
 1994   0.96416820E+02
 1995   0.17544435E+03
 1996   0.99184120E+02
 1997   0.62100870E+02
 1998   0.44976170E+02
 1999   0.43824800E+02
 2000   0.43259050E+02
 2001   0.32090210E+02
 2002   0.21845800E+02
 2003   0.16971300E+02
 2004   0.23515470E+02
 2005   0.34169620E+02
 2006   0.93472920E+02
 2007   0.19400373E+03
 2008   0.14891578E+03
 2009   0.41805492E+03
 2010   0.31939560E+03
 2011   0.45934512E+03
 2012   0.36149041E+03
 2013   0.21664718E+03
 2014   0.11820014E+03
 2015   0.71145180E+02
 2016   0.47779300E+02
 2017   0.32526010E+02
 2018   0.22032010E+02
 2019   0.15238750E+02
 2020   0.94378400E+01
 2021   0.70820500E+01
 2022   0.54204000E+01
 2023   0.39497600E+01
 2024   0.33771400E+01
 2025   0.41498000E+01
 2026   0.24858240E+02
 2027   0.95041200E+02
 2028   0.63413080E+02
 2029   0.39621430E+02
 2030   0.27227850E+02
 2031   0.25836160E+02
 2032   0.23880340E+02
 2033   0.26062540E+02
 2034   0.10240894E+03
 2035   0.20510976E+03
 2036   0.10492644E+03
 2037   0.69804310E+02
 2038   0.12694141E+03
 2039   0.17545384E+03
 2040   0.11183409E+03
 2041   0.69970690E+02
 2042   0.49248650E+02
 2043   0.35527400E+02
 2044   0.26091080E+02
 2045   0.19711410E+02
 2046   0.15135170E+02
 2047   0.11857900E+02
 2048   0.16143290E+02
 2049   0.23656010E+02
 2050   0.81473120E+02
 2051   0.86662720E+02
 2052   0.59229970E+02
 2053   0.47488660E+02
 2054   0.49958000E+02
 2055   0.45939790E+02
 2056   0.31573690E+02
 2057   0.21138080E+02
 2058   0.14652740E+02
 2059   0.10783570E+02
 2060   0.85330200E+01
 2061   0.59597500E+01
 2062   0.53384500E+01
 2063   0.49007300E+01
 2064   0.44386900E+01
 2065   0.43275800E+01
 2066   0.44918600E+01
 2067   0.44783400E+01
 2068   0.40784700E+01
 2069   0.36232500E+01
 2070   0.64648400E+01
 2071   0.60755800E+01
 2072   0.58249000E+01
 2073   0.10008770E+02
 2074   0.27386580E+02
 2075   0.71982190E+02
 2076   0.13742657E+03
 2077   0.15088287E+03
 2078   0.11935937E+03
 2079   0.80141140E+02
 2080   0.62778290E+02
 2081   0.50835770E+02
 2082   0.39719780E+02
 2083   0.32676540E+02
 2084   0.25575740E+02
 2085   0.19623960E+02
 2086   0.14882370E+02
 2087   0.11300410E+02
 2088   0.88182600E+01
 2089   0.68383200E+01
 2090   0.63295600E+01
 2091   0.18188530E+02
 2092   0.46620130E+02
 2093   0.29749846E+03
 2094   0.49585621E+03
 2095   0.31260205E+03
 2096   0.28685018E+03
 2097   0.31464856E+03
 2098   0.27911016E+03
 2099   0.79491447E+03
 2100   0.15545132E+04
 2101   0.72272154E+03
 2102   0.38226196E+03
 2103   0.23748400E+03
 2104   0.14090878E+03
 2105   0.86647950E+02
 2106   0.57277800E+02
 2107   0.48693150E+02
 2108   0.43884700E+02
 2109   0.45791780E+02
 2110   0.52651790E+02
 2111   0.50133560E+02
 2112   0.38452310E+02
 2113   0.31094760E+02
 2114   0.24823920E+02
 2115   0.20648940E+02
 2116   0.17216540E+02
 2117   0.14090360E+02
 2118   0.11273800E+02
 2119   0.89375400E+01
 2120   0.70566000E+01
 2121   0.52457900E+01
 2122   0.39966800E+01
 2123   0.21484800E+01
 2124   0.18352800E+01
 2125   0.15393800E+01
 2126   0.13344600E+01
 2127   0.11820800E+01
 2128   0.30410000E+01
 2129   0.22880300E+01
 2130   0.17535400E+01
 2131   0.14415600E+01
 2132   0.12693800E+01
 2133   0.11551300E+01
 2134   0.95464000E+00
 2135   0.77141000E+00
 2136   0.67292000E+00
 2137   0.60277000E+00
 2138   0.72565000E+00
 2139   0.57970000E+00
 2140   0.69007000E+00
 2141   0.68527000E+00
 2142   0.12607500E+01
 2143   0.10920900E+01
 2144   0.26148700E+01
 2145   0.37190100E+01
 2146   0.79799400E+01
 2147   0.12559260E+02
 2148   0.13039510E+02
 2149   0.11477000E+02
 2150   0.94482800E+01
 2151   0.75292100E+01
 2152   0.57850500E+01
 2153   0.29544100E+01
 2154   0.27083200E+01
 2155   0.22981500E+01
 2156   0.20563100E+01
 2157   0.16517900E+01
 2158   0.13860900E+01
 2159   0.12168500E+01
 2160   0.11048400E+01
 2161   0.30390900E+01
 2162   0.31199800E+01
 2163   0.25098300E+01
 2164   0.16433800E+01
 2165   0.14653400E+01
 2166   0.13978900E+01
 2167   0.12948200E+01
 2168   0.11968100E+01
 2169   0.11220600E+01
 2170   0.10571900E+01
 2171   0.10255000E+01
 2172   0.10016100E+01
 2173   0.94817000E+00
 2174   0.77627000E+00
 2175   0.68053000E+00
 2176   0.64278000E+00
 2177   0.61562000E+00
 2178   0.59232000E+00
 2179   0.56664000E+00
 2180   0.53571000E+00
 2181   0.50188000E+00
 2182   0.46614000E+00
 2183   0.43309000E+00
 2184   0.40205000E+00
 2185   0.36135000E+00
 2186   0.30730000E+00
 2187   0.26135000E+00
 2188   0.22255000E+00
 2189   0.15777700E+01
 2190   0.11774000E+01
 2191   0.10620800E+01
 2192   0.93540000E+00
 2193   0.81690000E+00
 2194   0.67224000E+00
 2195   0.57204000E+00
 2196   0.44785000E+00
 2197   0.77553500E+01
 2198   0.14753380E+02
 2199   0.13674840E+02
 2200   0.11174190E+02
 2201   0.10193080E+02
 2202   0.86486500E+01
 2203   0.66600500E+01
 2204   0.45532300E+01
 2205   0.50219300E+01
 2206   0.32902770E+02
 2207   0.72262680E+02
 2208   0.69144530E+02
 2209   0.64411810E+02
 2210   0.50065850E+02
 2211   0.35836650E+02
 2212   0.25457920E+02
 2213   0.31067940E+02
 2214   0.32324560E+02
 2215   0.26004820E+02
 2216   0.26674610E+02
 2217   0.23455220E+02
 2218   0.19554270E+02
 2219   0.16254900E+02
 2220   0.13499790E+02
 2221   0.16283000E+02
 2222   0.17345410E+02
 2223   0.14374300E+02
 2224   0.11539730E+02
 2225   0.71271600E+01
 2226   0.48921800E+01
 2227   0.40827300E+01
 2228   0.35190300E+01
 2229   0.30719200E+01
 2230   0.26676400E+01
 2231   0.22470800E+01
 2232   0.18965700E+01
 2233   0.16018400E+01
 2234   0.14641800E+01
 2235   0.10895600E+01
 2236   0.93444000E+00
 2237   0.16360700E+01
 2238   0.13670800E+01
 2239   0.12381200E+01
 2240   0.11125800E+01
 2241   0.10315300E+01
 2242   0.96045000E+00
 2243   0.78688000E+00
 2244   0.19087300E+01
 2245   0.16174300E+01
 2246   0.11711200E+01
 2247   0.99413000E+00
 2248   0.83497000E+00
 2249   0.16601200E+01
 2250   0.13752390E+02
 2251   0.26911570E+02
 2252   0.23988890E+02
 2253   0.20443210E+02
 2254   0.18124240E+02
 2255   0.15164810E+02
 2256   0.10489750E+02
 2257   0.84834500E+01
 2258   0.71882900E+01
 2259   0.59520400E+01
 2260   0.48589600E+01
 2261   0.40672800E+01
 2262   0.33711200E+01
 2263   0.27438000E+01
 2264   0.22066900E+01
 2265   0.20661100E+01
 2266   0.30907900E+01
 2267   0.24886200E+01
 2268   0.19190600E+01
 2269   0.14938600E+01
 2270   0.13250900E+01
 2271   0.42703600E+01
 2272   0.81637900E+01
 2273   0.37816500E+02
 2274   0.60254260E+02
 2275   0.60091490E+02
 2276   0.43916510E+02
 2277   0.45397870E+02
 2278   0.39669730E+02
 2279   0.34309490E+02
 2280   0.30431060E+02
 2281   0.36269340E+02
 2282   0.32065940E+02
 2283   0.25576220E+02
 2284   0.19236530E+02
 2285   0.14422410E+02
 2286   0.24601720E+02
 2287   0.22350320E+02
 2288   0.19533040E+02
 2289   0.15644790E+02
 2290   0.12700690E+02
 2291   0.10330270E+02
 2292   0.82585200E+01
 2293   0.68105500E+01
 2294   0.40198220E+02
 2295   0.65491990E+02
 2296   0.73366660E+02
 2297   0.58553940E+02
 2298   0.15030732E+03
 2299   0.12054653E+03
 2300   0.12626800E+03
 2301   0.12633051E+03
 2302   0.10269801E+03
 2303   0.75593550E+02
 2304   0.52678980E+02
 2305   0.37267130E+02
 2306   0.26671170E+02
 2307   0.17595600E+02
 2308   0.12892550E+02
 2309   0.99893700E+01
 2310   0.78041000E+01
 2311   0.62069600E+01
 2312   0.45537300E+01
 2313   0.37063800E+01
 2314   0.30005400E+01
 2315   0.24067700E+01
 2316   0.38316800E+01
 2317   0.48240600E+01
 2318   0.48058600E+01
 2319   0.38292100E+01
 2320   0.27435500E+01
 2321   0.62110300E+01
 2322   0.59044300E+01
 2323   0.40095800E+01
 2324   0.27537900E+01
 2325   0.20167000E+01
 2326   0.18429100E+01
 2327   0.14143400E+01
 2328   0.36404300E+01
 2329   0.25880800E+01
 2330   0.18502800E+01
 2331   0.14676000E+01
 2332   0.13009600E+01
 2333   0.22640100E+01
 2334   0.23435300E+01
 2335   0.33095500E+01
 2336   0.29706900E+01
 2337   0.21937300E+01
 2338   0.13895100E+01
 2339   0.60894000E+01
 2340   0.46611950E+02
 2341   0.41723440E+02
 2342   0.24739510E+02
 2343   0.14920580E+02
 2344   0.13915170E+02
 2345   0.11800420E+02
 2346   0.93377800E+01
 2347   0.76253300E+01
 2348   0.42513800E+01
 2349   0.38939400E+01
 2350   0.38017800E+01
 2351   0.33760200E+01
 2352   0.28727300E+01
 2353   0.24644400E+01
 2354   0.23285500E+01
 2355   0.22595700E+01
 2356   0.23741200E+01
 2357   0.37667800E+02
 2358   0.14622335E+03
 2359   0.44375794E+03
 2360   0.44425344E+03
 2361   0.44830499E+03
 2362   0.39780765E+03
 2363   0.45344854E+03
 2364   0.43477451E+03
 2365   0.73037736E+03
 2366   0.44169832E+03
 2367   0.38602045E+03
 2368   0.38660462E+03
 2369   0.22096882E+03
 2370   0.13120256E+03
 2371   0.13617639E+03
 2372   0.26614201E+03
 2373   0.39288978E+03
 2374   0.51095103E+03
 2375   0.12001815E+04
 2376   0.61064238E+03
 2377   0.40974318E+03
 2378   0.42486845E+03
 2379   0.37938198E+03
 2380   0.18031254E+03
 2381   0.85389080E+02
 2382   0.47809450E+02
 2383   0.29664420E+02
 2384   0.20298180E+02
 2385   0.14225110E+02
 2386   0.10546280E+02
 2387   0.79773900E+01
 2388   0.56851500E+01
 2389   0.28094900E+01
 2390   0.25324400E+01
 2391   0.21525900E+01
 2392   0.17277600E+01
 2393   0.14492800E+01
 2394   0.12956400E+01
 2395   0.11501900E+01
 2396   0.10330100E+01
 2397   0.91449000E+00
 2398   0.76603000E+00
 2399   0.68388000E+00
 2400   0.61260000E+00
 2401   0.57070000E+00
 2402   0.53399000E+00
 2403   0.98918000E+00
 2404   0.64159100E+01
 2405   0.34799800E+02
 2406   0.38850740E+02
 2407   0.32445510E+02
 2408   0.29508890E+02
 2409   0.22377550E+02
 2410   0.16514090E+02
 2411   0.20715840E+02
 2412   0.15654802E+03
 2413   0.78277122E+03
 2414   0.49318223E+03
 2415   0.24128138E+03
 2416   0.13414254E+03
 2417   0.84559040E+02
 2418   0.56009270E+02
 2419   0.38701300E+02
 2420   0.25710620E+02
 2421   0.19011320E+02
 2422   0.14490100E+02
 2423   0.11069230E+02
 2424   0.86921900E+01
 2425   0.67746400E+01
 2426   0.50028100E+01
 2427   0.38052500E+01
 2428   0.15578500E+02
 2429   0.18863470E+02
 2430   0.12550300E+02
 2431   0.89234500E+01
 2432   0.52860500E+01
 2433   0.29103200E+01
 2434   0.21686500E+01
 2435   0.16037200E+01
 2436   0.19269800E+01
 2437   0.18908400E+01
 2438   0.14172100E+01
 2439   0.11053390E+02
 2440   0.16932410E+02
 2441   0.66154650E+02
 2442   0.79035020E+02
 2443   0.62961030E+02
 2444   0.51223720E+02
 2445   0.36613990E+02
 2446   0.29177260E+02
 2447   0.25981830E+02
 2448   0.22255630E+02
 2449   0.24251930E+02
 2450   0.24669540E+02
 2451   0.24588800E+02
 2452   0.26493390E+02
 2453   0.37207160E+02
 2454   0.56221280E+02
 2455   0.13668501E+03
 2456   0.10701731E+03
 2457   0.73421730E+02
 2458   0.50030810E+02
 2459   0.34471450E+02
 2460   0.33358040E+02
 2461   0.45303690E+02
 2462   0.37664905E+03
 2463   0.47139665E+03
 2464   0.30780063E+03
 2465   0.16952759E+03
 2466   0.98817120E+02
 2467   0.61221400E+02
 2468   0.40379740E+02
 2469   0.28020010E+02
 2470   0.20074210E+02
 2471   0.13233970E+02
 2472   0.10020740E+02
 2473   0.79800100E+01
 2474   0.62714100E+01
 2475   0.45265500E+01
 2476   0.36112400E+01
 2477   0.28906100E+01
 2478   0.22711200E+01
 2479   0.17875100E+01
 2480   0.14482800E+01
 2481   0.11040200E+01
 2482   0.90946000E+00
 2483   0.76831000E+00
 2484   0.28793800E+01
 2485   0.20497100E+01
 2486   0.15825600E+01
 2487   0.13694500E+01
 2488   0.12490100E+01
 2489   0.11209700E+01
 2490   0.10059000E+01
 2491   0.83568000E+00
 2492   0.67022000E+00
 2493   0.56285000E+00
 2494   0.49459000E+00
 2495   0.43649000E+00
 2496   0.39124000E+00
 2497   0.35380000E+00
 2498   0.32158000E+00
 2499   0.29379000E+00
 2500   0.26842000E+00
 2501   0.24291000E+00
 2502   0.21578000E+00
 2503   0.18948000E+00
 2504   0.23265000E+00
 2505   0.39546500E+01
 2506   0.57716600E+01
 2507   0.47816400E+01
 2508   0.37282800E+01
 2509   0.65960500E+01
 2510   0.81420500E+01
 2511   0.17910400E+02
 2512   0.44692020E+02
 2513   0.51896740E+02
 2514   0.47916270E+02
 2515   0.40527660E+02
 2516   0.33159130E+02
 2517   0.25825280E+02
 2518   0.20143150E+02
 2519   0.15684820E+02
 2520   0.12075510E+02
 2521   0.94865900E+01
 2522   0.64051800E+01
 2523   0.46910100E+01
 2524   0.38616500E+01
 2525   0.31691000E+01
 2526   0.25531800E+01
 2527   0.20867100E+01
 2528   0.16815500E+01
 2529   0.14163300E+01
 2530   0.12320600E+01
 2531   0.10923100E+01
 2532   0.98433000E+00
 2533   0.76051000E+00
 2534   0.64907000E+00
 2535   0.60152000E+00
 2536   0.18665800E+01
 2537   0.24894100E+01
 2538   0.22702700E+01
 2539   0.36267600E+01
 2540   0.60941200E+01
 2541   0.69956800E+01
 2542   0.75338900E+01
 2543   0.59634600E+01
 2544   0.54639400E+01
 2545   0.70001900E+01
 2546   0.12326210E+02
 2547   0.33567120E+02
 2548   0.26995640E+03
 2549   0.25561989E+03
 2550   0.15644086E+03
 2551   0.97849170E+02
 2552   0.64795370E+02
 2553   0.40849900E+02
 2554   0.29070910E+02
 2555   0.21491370E+02
 2556   0.16581680E+02
 2557   0.12670520E+02
 2558   0.10048040E+02
 2559   0.80390800E+01
 2560   0.64942300E+01
 2561   0.55016300E+01
 2562   0.53296700E+01
 2563   0.25993000E+01
 2564   0.36254600E+01
 2565   0.71390000E+01
 2566   0.14279210E+02
 2567   0.13599340E+02
 2568   0.12210260E+02
 2569   0.10117030E+02
 2570   0.81935400E+01
 2571   0.69574200E+01
 2572   0.61302900E+01
 2573   0.53512300E+01
 2574   0.29502300E+01
 2575   0.34927600E+01
 2576   0.44680300E+01
 2577   0.32716200E+01
 2578   0.25259300E+01
 2579   0.20393600E+01
 2580   0.17343400E+01
 2581   0.14531900E+01
 2582   0.17522000E+01
 2583   0.14431900E+01
 2584   0.10611500E+01
 2585   0.88585000E+00
 2586   0.79419000E+00
 2587   0.71333000E+00
 2588   0.24859500E+01
 2589   0.81340700E+01
 2590   0.15612080E+02
 2591   0.14095920E+02
 2592   0.10318380E+02
 2593   0.71880100E+01
 2594   0.31297000E+01
 2595   0.40146100E+01
 2596   0.41006500E+01
 2597   0.73282300E+01
 2598   0.10184250E+02
 2599   0.82046000E+01
 2600   0.59154500E+01
 2601   0.46667600E+01
 2602   0.34488800E+01
 2603   0.26665000E+01
 2604   0.14685700E+01
 2605   0.81201100E+01
 2606   0.39911750E+02
 2607   0.67018000E+02
 2608   0.96826420E+02
 2609   0.78107740E+02
 2610   0.60441140E+02
 2611   0.46334980E+02
 2612   0.34147770E+02
 2613   0.24670380E+02
 2614   0.18255920E+02
 2615   0.11501000E+02
 2616   0.86901400E+01
 2617   0.70121700E+01
 2618   0.55063700E+01
 2619   0.76469800E+01
 2620   0.82113900E+01
 2621   0.66030100E+01
 2622   0.55853100E+01
 2623   0.42430900E+01
 2624   0.51997600E+01
 2625   0.97298400E+01
 2626   0.37281310E+02
 2627   0.56215390E+02
 2628   0.86879290E+02
 2629   0.15338775E+03
 2630   0.20840693E+03
 2631   0.16017008E+03
 2632   0.10827750E+03
 2633   0.75620590E+02
 2634   0.50960600E+02
 2635   0.32100730E+02
 2636   0.22498110E+02
 2637   0.16825230E+02
 2638   0.12292590E+02
 2639   0.94700800E+01
 2640   0.73519900E+01
 2641   0.55687400E+01
 2642   0.41517000E+01
 2643   0.33768700E+01
 2644   0.27806500E+01
 2645   0.16397100E+01
 2646   0.13750600E+01
 2647   0.22098330E+02
 2648   0.32007710E+02
 2649   0.26628190E+02
 2650   0.27658160E+02
 2651   0.24272200E+02
 2652   0.19922810E+02
 2653   0.16684180E+02
 2654   0.14372050E+02
 2655   0.12931840E+02
 2656   0.97102000E+01
 2657   0.81383600E+01
 2658   0.67983500E+01
 2659   0.54640200E+01
 2660   0.45018300E+01
 2661   0.37662500E+01
 2662   0.69199800E+01
 2663   0.88331700E+01
 2664   0.71000000E+01
 2665   0.57409000E+01
 2666   0.39038700E+01
 2667   0.37362800E+01
 2668   0.82571700E+01
 2669   0.18076300E+02
 2670   0.15734580E+02
 2671   0.13344690E+02
 2672   0.12133250E+02
 2673   0.14295090E+02
 2674   0.16008880E+02
 2675   0.13616240E+02
 2676   0.93952800E+01
 2677   0.70341900E+01
 2678   0.55066700E+01
 2679   0.41444600E+01
 2680   0.35045500E+01
 2681   0.32191800E+01
 2682   0.29767200E+01
 2683   0.27209900E+01
 2684   0.23836800E+01
 2685   0.20427700E+01
 2686   0.13948600E+01
 2687   0.17918300E+01
 2688   0.76406000E+01
 2689   0.32988840E+02
 2690   0.16786427E+03
 2691   0.30033476E+03
 2692   0.19474318E+03
 2693   0.13122342E+03
 2694   0.81540670E+02
 2695   0.76664920E+02
 2696   0.56580400E+02
 2697   0.42425310E+02
 2698   0.38799190E+02
 2699   0.45847700E+02
 2700   0.39353080E+02
 2701   0.34174390E+02
 2702   0.35292790E+02
 2703   0.33723700E+02
 2704   0.31339010E+02
 2705   0.67556500E+02
 2706   0.57944930E+02
 2707   0.60561230E+02
 2708   0.16729069E+03
 2709   0.22718551E+03
 2710   0.15087034E+03
 2711   0.92374100E+02
 2712   0.57657640E+02
 2713   0.38472670E+02
 2714   0.34001850E+02
 2715   0.84963190E+02
 2716   0.11006908E+03
 2717   0.11573961E+03
 2718   0.12294570E+03
 2719   0.88616190E+02
 2720   0.47647940E+02
 2721   0.28206300E+02
 2722   0.30289440E+02
 2723   0.28861650E+02
 2724   0.86953210E+02
 2725   0.28374177E+03
 2726   0.22323472E+03
 2727   0.17218763E+03
 2728   0.16752008E+03
 2729   0.11533703E+03
 2730   0.13177404E+03
 2731   0.82687440E+02
 2732   0.54131820E+02
 2733   0.34224000E+03
 2734   0.31067483E+03
 2735   0.23107570E+03
 2736   0.23066323E+03
 2737   0.21569602E+03
 2738   0.96758220E+02
 2739   0.55682240E+02
 2740   0.36228430E+02
 2741   0.25554000E+02
 2742   0.18557880E+02
 2743   0.13491850E+02
 2744   0.10209680E+02
 2745   0.79204200E+01
 2746   0.60515900E+01
 2747   0.44751900E+01
 2748   0.25470000E+01
 2749   0.63607200E+01
 2750   0.93249860E+02
 2751   0.10406744E+03
 2752   0.80438330E+02
 2753   0.60847110E+02
 2754   0.44637750E+02
 2755   0.33147030E+02
 2756   0.28402180E+02
 2757   0.30687350E+02
 2758   0.32083390E+02
 2759   0.32168200E+02
 2760   0.28783790E+02
 2761   0.22635190E+02
 2762   0.18290350E+02
 2763   0.14585950E+02
 2764   0.11535360E+02
 2765   0.92007700E+01
 2766   0.71999000E+01
 2767   0.85105400E+01
 2768   0.20220580E+02
 2769   0.92544140E+02
 2770   0.95109930E+02
 2771   0.73418400E+02
 2772   0.61592760E+02
 2773   0.54119360E+02
 2774   0.60164670E+02
 2775   0.70778900E+02
 2776   0.47186690E+02
 2777   0.28936470E+02
 2778   0.19865960E+02
 2779   0.12952530E+02
 2780   0.93742500E+01
 2781   0.73876000E+01
 2782   0.56963200E+01
 2783   0.43294400E+01
 2784   0.33985400E+01
 2785   0.73174500E+01
 2786   0.24899785E+03
 2787   0.16641020E+03
 2788   0.13136279E+03
 2789   0.80880060E+02
 2790   0.52153810E+02
 2791   0.35283960E+02
 2792   0.24947550E+02
 2793   0.18485220E+02
 2794   0.13740640E+02
 2795   0.10533530E+02
 2796   0.16646940E+02
 2797   0.29285330E+02
 2798   0.39613130E+02
 2799   0.48509140E+02
 2800   0.48688850E+02
 2801   0.43786440E+02
 2802   0.37489900E+02
 2803   0.30671970E+02
 2804   0.25246970E+02
 2805   0.23818170E+02
 2806   0.26875610E+02
 2807   0.29424880E+02
 2808   0.61542090E+02
 2809   0.51565970E+02
 2810   0.38517980E+02
 2811   0.28273630E+02
 2812   0.21954010E+02
 2813   0.17096920E+02
 2814   0.12988620E+02
 2815   0.10394260E+02
 2816   0.41707090E+02
 2817   0.19031526E+03
 2818   0.16211480E+03
 2819   0.11985061E+03
 2820   0.78523430E+02
 2821   0.53356430E+02
 2822   0.37263390E+02
 2823   0.27840680E+02
 2824   0.21354850E+02
 2825   0.18028750E+02
 2826   0.17213820E+02
 2827   0.28154550E+02
 2828   0.47013220E+02
 2829   0.45294390E+02
 2830   0.34142010E+02
 2831   0.26274780E+02
 2832   0.20487760E+02
 2833   0.15963030E+02
 2834   0.12044780E+02
 2835   0.93587800E+01
 2836   0.72694000E+01
 2837   0.55180900E+01
 2838   0.40250100E+01
 2839   0.30912600E+01
 2840   0.17763500E+01
 2841   0.14695000E+01
 2842   0.13089400E+01
 2843   0.11871400E+01
 2844   0.10686900E+01
 2845   0.96887000E+00
 2846   0.83019000E+00
 2847   0.74164000E+00
 2848   0.68006000E+00
 2849   0.63225000E+00
 2850   0.12663000E+01
 2851   0.11036900E+01
 2852   0.10660200E+01
 2853   0.10008100E+01
 2854   0.90307000E+00
 2855   0.78688000E+00
 2856   0.67663000E+00
 2857   0.87005200E+01
 2858   0.84004970E+02
 2859   0.19514574E+03
 2860   0.10263881E+03
 2861   0.59373810E+02
 2862   0.41308060E+02
 2863   0.29571600E+02
 2864   0.25269410E+02
 2865   0.27059630E+02
 2866   0.47155920E+02
 2867   0.70861600E+02
 2868   0.65398680E+02
 2869   0.50150090E+02
 2870   0.36558980E+02
 2871   0.24585220E+02
 2872   0.18367230E+02
 2873   0.13754090E+02
 2874   0.10521690E+02
 2875   0.82931700E+01
 2876   0.65898900E+01
 2877   0.50727300E+01
 2878   0.40307600E+01
 2879   0.32572600E+01
 2880   0.26547800E+01
 2881   0.15712700E+01
 2882   0.12812900E+01
 2883   0.11551800E+01
 2884   0.10557800E+01
 2885   0.96945000E+00
 2886   0.84813000E+00
 2887   0.75206000E+00
 2888   0.68847000E+00
 2889   0.64335000E+00
 2890   0.60594000E+00
 2891   0.55706000E+00
 2892   0.10415100E+01
 2893   0.74992000E+00
 2894   0.65607000E+00
 2895   0.60242000E+00
 2896   0.55650000E+00
 2897   0.49793000E+00
 2898   0.43824000E+00
 2899   0.38784000E+00
 2900   0.34842000E+00
 2901   0.68304000E+00
 2902   0.54306000E+00
 2903   0.44828000E+00
 2904   0.43659000E+00
 2905   0.41978000E+00
 2906   0.37099000E+00
 2907   0.32985000E+00
 2908   0.30983000E+00
 2909   0.30320000E+00
 2910   0.29098000E+00
 2911   0.27023000E+00
 2912   0.29389000E+00
 2913   0.43571400E+01
 2914   0.61300000E+01
 2915   0.51307200E+01
 2916   0.48606600E+01
 2917   0.57744300E+01
 2918   0.46671200E+01
 2919   0.34086500E+01
 2920   0.61483200E+01
 2921   0.91651000E+01
 2922   0.67607800E+01
 2923   0.66005300E+01
 2924   0.69411100E+01
 2925   0.79818500E+01
 2926   0.90790000E+01
 2927   0.80305700E+01
 2928   0.64674800E+01
 2929   0.69902600E+01
 2930   0.12687490E+02
 2931   0.10132320E+02
 2932   0.66143200E+01
 2933   0.61078900E+01
 2934   0.71131000E+01
 2935   0.73525400E+01
 2936   0.61982600E+01
 2937   0.45925900E+01
 2938   0.36113500E+01
 2939   0.28465900E+01
 2940   0.22489100E+01
 2941   0.17683800E+01
 2942   0.14809100E+01
 2943   0.11085600E+01
 2944   0.94180000E+00
 2945   0.81792000E+00
 2946   0.74934000E+00
 2947   0.68826000E+00
 2948   0.63194000E+00
 2949   0.58069000E+00
 2950   0.52909000E+00
 2951   0.47286000E+00
 2952   0.44974000E+00
 2953   0.41308000E+00
 2954   0.36218000E+00
 2955   0.30067000E+00
 2956   0.26534300E+01
 2957   0.12839890E+02
 2958   0.27771960E+02
 2959   0.37481150E+02
 2960   0.38766060E+02
 2961   0.35744950E+02
 2962   0.29039650E+02
 2963   0.19978420E+02
 2964   0.14979450E+02
 2965   0.11537730E+02
 2966   0.90792000E+01
 2967   0.11158490E+02
 2968   0.96420900E+01
 2969   0.75637200E+01
 2970   0.61618300E+01
 2971   0.46117500E+01
 2972   0.36619300E+01
 2973   0.13458720E+02
 2974   0.19719790E+02
 2975   0.16319860E+02
 2976   0.11025590E+02
 2977   0.77522600E+01
 2978   0.52491300E+01
 2979   0.52356700E+01
 2980   0.45081700E+01
 2981   0.33801400E+01
 2982   0.27710700E+01
 2983   0.23953700E+01
 2984   0.40369500E+01
 2985   0.59702400E+01
 2986   0.56872100E+01
 2987   0.43980200E+01
 2988   0.10763810E+02
 2989   0.17816570E+02
 2990   0.15785010E+02
 2991   0.35765640E+02
 2992   0.55444390E+02
 2993   0.42373540E+02
 2994   0.27848100E+02
 2995   0.22278170E+02
 2996   0.21580290E+02
 2997   0.17761620E+02
 2998   0.13653760E+02
 2999   0.10970480E+02
 3000   0.84390800E+01
 3001   0.68087700E+01
 3002   0.60531000E+01
 3003   0.75272300E+01
 3004   0.76333300E+01
 3005   0.49750470E+02
 3006   0.60643820E+02
 3007   0.42153410E+02
 3008   0.28354470E+02
 3009   0.23612600E+02
 3010   0.38822900E+02
 3011   0.46328190E+02
 3012   0.34486300E+02
 3013   0.23159080E+02
 3014   0.14369950E+02
 3015   0.10934560E+02
 3016   0.87029300E+01
 3017   0.70265500E+01
 3018   0.63500600E+01
 3019   0.53164600E+01
 3020   0.38561300E+01
 3021   0.30393600E+01
 3022   0.24161200E+01
 3023   0.19489700E+01
 3024   0.16767700E+01
 3025   0.11725000E+01
 3026   0.98791000E+00
 3027   0.10156200E+01
 3028   0.85370000E+00
 3029   0.74383000E+00
 3030   0.45497100E+01
 3031   0.90983600E+01
 3032   0.11849480E+02
 3033   0.96143900E+01
 3034   0.72276200E+01
 3035   0.51014300E+01
 3036   0.42628000E+01
 3037   0.26560500E+01
 3038   0.17970900E+01
 3039   0.16463400E+01
 3040   0.34752190E+02
 3041   0.32849780E+02
 3042   0.21695850E+02
 3043   0.14461900E+02
 3044   0.10850610E+02
 3045   0.68112700E+01
 3046   0.96840300E+01
 3047   0.16772880E+02
 3048   0.14909670E+02
 3049   0.11505800E+02
 3050   0.82059400E+01
 3051   0.57172300E+01
 3052   0.14296490E+02
 3053   0.12591940E+02
 3054   0.95468200E+01
 3055   0.49482300E+01
 3056   0.32946600E+01
 3057   0.24793600E+01
 3058   0.18022500E+01
 3059   0.14180500E+01
 3060   0.12311900E+01
 3061   0.10890800E+01
 3062   0.12766100E+01
 3063   0.10341800E+01
 3064   0.12108900E+01
 3065   0.12605500E+01
 3066   0.46231900E+01
 3067   0.38476700E+01
 3068   0.36438100E+01
 3069   0.26260900E+01
 3070   0.71763500E+01
 3071   0.69439700E+01
 3072   0.44770700E+01
 3073   0.10077180E+02
 3074   0.16741138E+03
 3075   0.18369846E+03
 3076   0.17392519E+03
 3077   0.14026999E+03
 3078   0.10369971E+03
 3079   0.65068650E+02
 3080   0.41653020E+02
 3081   0.28647730E+02
 3082   0.20952620E+02
 3083   0.15148540E+02
 3084   0.10929320E+02
 3085   0.83724300E+01
 3086   0.46306400E+01
 3087   0.38211100E+01
 3088   0.33966800E+01
 3089   0.27997400E+01
 3090   0.23272700E+01
 3091   0.19176000E+01
 3092   0.15214200E+01
 3093   0.13382700E+01
 3094   0.16580900E+01
 3095   0.12463900E+01
 3096   0.94952000E+00
 3097   0.76374000E+00
 3098   0.17995700E+01
 3099   0.19644200E+01
 3100   0.38984700E+01
 3101   0.24576540E+02
 3102   0.29590520E+02
 3103   0.19645100E+02
 3104   0.11343490E+02
 3105   0.68823600E+01
 3106   0.34343300E+01
 3107   0.17220000E+01
 3108   0.13362800E+01
 3109   0.11157400E+01
 3110   0.96951000E+00
 3111   0.77581000E+00
 3112   0.80011000E+00
 3113   0.71658000E+00
 3114   0.63953000E+00
 3115   0.58189000E+00
 3116   0.53879000E+00
 3117   0.49518000E+00
 3118   0.43522000E+00
 3119   0.30783400E+01
 3120   0.26645300E+01
 3121   0.19469300E+01
 3122   0.15136700E+01
 3123   0.24963400E+01
 3124   0.24677100E+01
 3125   0.46447400E+01
 3126   0.28132950E+02
 3127   0.46310310E+02
 3128   0.43575990E+02
 3129   0.36465610E+02
 3130   0.38536100E+02
 3131   0.10040369E+04
 3132   0.69353310E+03
 3133   0.29525865E+03
 3134   0.15146574E+03
 3135   0.92034660E+02
 3136   0.60677310E+02
 3137   0.40211720E+02
 3138   0.30367650E+02
 3139   0.26759320E+02
 3140   0.35137820E+02
 3141   0.85632800E+02
 3142   0.11966890E+03
 3143   0.94505640E+02
 3144   0.63822790E+02
 3145   0.42794810E+02
 3146   0.38310400E+02
 3147   0.41103700E+02
 3148   0.10699807E+03
 3149   0.17700061E+03
 3150   0.16743227E+03
 3151   0.12595315E+03
 3152   0.80189510E+02
 3153   0.75513750E+02
 3154   0.43790712E+03
 3155   0.47329603E+03
 3156   0.24226431E+03
 3157   0.15423366E+03
 3158   0.11971988E+03
 3159   0.95537010E+02
 3160   0.69114230E+02
 3161   0.48280330E+02
 3162   0.34950760E+02
 3163   0.25770590E+02
 3164   0.20011710E+02
 3165   0.15787640E+02
 3166   0.12417460E+02
 3167   0.10064950E+02
 3168   0.72348700E+01
 3169   0.61754400E+01
 3170   0.54127700E+01
 3171   0.66709300E+01
 3172   0.16440410E+02
 3173   0.53795610E+02
 3174   0.20906486E+03
 3175   0.28343113E+03
 3176   0.28245430E+03
 3177   0.16196155E+03
 3178   0.99932130E+02
 3179   0.91045240E+02
 3180   0.12759388E+03
 3181   0.13665841E+03
 3182   0.10954114E+03
 3183   0.75071090E+02
 3184   0.50461310E+02
 3185   0.35228180E+02
 3186   0.25042140E+02
 3187   0.18418250E+02
 3188   0.13666570E+02
 3189   0.94135600E+01
 3190   0.87178100E+01
 3191   0.82608500E+01
 3192   0.75071500E+01
 3193   0.68381900E+01
 3194   0.61175800E+01
 3195   0.54586300E+01
 3196   0.44372000E+01
 3197   0.35796400E+01
 3198   0.95433000E+01
 3199   0.26342897E+03
 3200   0.91101657E+03
 3201   0.41903616E+03
 3202   0.20113177E+03
 3203   0.11464943E+03
 3204   0.74456410E+02
 3205   0.51763580E+02
 3206   0.37672860E+02
 3207   0.27823670E+02
 3208   0.20933510E+02
 3209   0.14242060E+02
 3210   0.11020520E+02
 3211   0.13842240E+02
 3212   0.31885930E+02
 3213   0.12338371E+03
 3214   0.25706532E+03
 3215   0.16002937E+03
 3216   0.98194790E+02
 3217   0.62585550E+02
 3218   0.41760940E+02
 3219   0.31623280E+02
 3220   0.34670610E+02
 3221   0.27732100E+02
 3222   0.21505590E+02
 3223   0.16880040E+02
 3224   0.13505400E+02
 3225   0.10873310E+02
 3226   0.88365900E+01
 3227   0.70092500E+01
 3228   0.51527000E+01
 3229   0.38445400E+01
 3230   0.21228300E+01
 3231   0.18723300E+01
 3232   0.15835500E+01
 3233   0.13702700E+01
 3234   0.12205600E+01
 3235   0.10957200E+01
 3236   0.99136000E+00
 3237   0.84739000E+00
 3238   0.72684000E+00
 3239   0.66358000E+00
 3240   0.59143000E+00
 3241   0.52727000E+00
 3242   0.46615000E+00
 3243   0.41633000E+00
 3244   0.37531000E+00
 3245   0.33749000E+00
 3246   0.30307000E+00
 3247   0.27017000E+00
 3248   0.15290600E+01
 3249   0.10890600E+01
 3250   0.85332000E+00
 3251   0.27392200E+01
 3252   0.19607700E+01
 3253   0.16852900E+01
 3254   0.24677900E+01
 3255   0.38948400E+01
 3256   0.44622400E+01
 3257   0.47342000E+01
 3258   0.46161200E+01
 3259   0.40954500E+01
 3260   0.23933700E+01
 3261   0.22645900E+01
 3262   0.19379300E+01
 3263   0.16376600E+01
 3264   0.14318700E+01
 3265   0.12754100E+01
 3266   0.11471100E+01
 3267   0.10435800E+01
 3268   0.96019000E+00
 3269   0.79539000E+00
 3270   0.15303400E+01
 3271   0.12119000E+01
 3272   0.98069000E+00
 3273   0.86126000E+00
 3274   0.76323000E+00
 3275   0.66009000E+00
 3276   0.58498000E+00
 3277   0.50357000E+00
 3278   0.43256000E+00
 3279   0.37443000E+00
 3280   0.32516000E+00
 3281   0.27828000E+00
 3282   0.23236000E+00
 3283   0.19673000E+00
 3284   0.18771000E+00
 3285   0.20167000E+00
 3286   0.22225000E+00
 3287   0.73140000E+00
 3288   0.56737000E+00
 3289   0.52823000E+00
 3290   0.54731000E+00
 3291   0.54739000E+00
 3292   0.53933000E+00
 3293   0.48955000E+00
 3294   0.41640000E+00
 3295   0.35693000E+00
 3296   0.31422000E+00
 3297   0.82953000E+00
 3298   0.65077000E+00
 3299   0.60098000E+00
 3300   0.67566000E+00
 3301   0.57810000E+00
 3302   0.32569800E+01
 3303   0.23516700E+01
 3304   0.15686600E+01
 3305   0.12008800E+01
 3306   0.10198400E+01
 3307   0.83325000E+00
 3308   0.76788000E+00
 3309   0.71487000E+00
 3310   0.63493000E+00
 3311   0.56705000E+00
 3312   0.18704400E+01
 3313   0.24796600E+01
 3314   0.20186400E+01
 3315   0.29454900E+01
 3316   0.24077200E+01
 3317   0.19572100E+01
 3318   0.18476500E+01
 3319   0.14463400E+01
 3320   0.12541400E+01
 3321   0.11341800E+01
 3322   0.85441000E+00
 3323   0.73340000E+00
 3324   0.70055000E+00
 3325   0.66989000E+00
 3326   0.15520400E+01
 3327   0.10544500E+01
 3328   0.93919000E+00
 3329   0.82323000E+00
 3330   0.74375000E+00
 3331   0.66069000E+00
 3332   0.57300000E+00
 3333   0.49297000E+00
 3334   0.42400000E+00
 3335   0.14717600E+01
 3336   0.10664800E+01
 3337   0.89887000E+00
 3338   0.80544000E+00
 3339   0.75766000E+00
 3340   0.68056000E+00
 3341   0.60357000E+00
 3342   0.17023600E+01
 3343   0.14778200E+01
 3344   0.14119000E+01
 3345   0.12706120E+02
 3346   0.17173160E+02
 3347   0.25087810E+02
 3348   0.22274630E+02
 3349   0.15813530E+02
 3350   0.12855600E+02
 3351   0.99972600E+01
 3352   0.77488200E+01
 3353   0.38506100E+01
 3354   0.31038600E+01
 3355   0.27131100E+01
 3356   0.24743700E+01
 3357   0.28780310E+02
 3358   0.43676080E+02
 3359   0.35175120E+02
 3360   0.37221530E+02
 3361   0.50713010E+02
 3362   0.45161030E+02
 3363   0.31075220E+02
 3364   0.23187250E+02
 3365   0.18945440E+02
 3366   0.21881420E+02
 3367   0.21659830E+02
 3368   0.17036220E+02
 3369   0.12213930E+02
 3370   0.86388900E+01
 3371   0.63951400E+01
 3372   0.43243900E+01
 3373   0.24286920E+02
 3374   0.28207830E+02
 3375   0.22020840E+02
 3376   0.15777450E+02
 3377   0.11909060E+02
 3378   0.95861500E+01
 3379   0.82453400E+01
 3380   0.71048200E+01
 3381   0.59254900E+01
 3382   0.44677900E+01
 3383   0.24233900E+01
 3384   0.23237000E+01
 3385   0.20867400E+01
 3386   0.44538600E+01
 3387   0.52168200E+01
 3388   0.36240800E+01
 3389   0.29670600E+01
 3390   0.25287100E+01
 3391   0.20703800E+01
 3392   0.16090100E+01
 3393   0.13431800E+01
 3394   0.10694900E+01
 3395   0.85188000E+00
 3396   0.75411000E+00
 3397   0.70319000E+00
 3398   0.65019000E+00
 3399   0.60836000E+00
 3400   0.73066000E+00
 3401   0.63618000E+00
 3402   0.57820000E+00
 3403   0.51546000E+00
 3404   0.43807000E+00
 3405   0.21390500E+01
 3406   0.14263700E+01
 3407   0.19672300E+01
 3408   0.79368200E+01
 3409   0.94264100E+01
 3410   0.73213400E+01
 3411   0.45515200E+01
 3412   0.27500800E+01
 3413   0.20189600E+01
 3414   0.12376000E+01
 3415   0.93962000E+00
 3416   0.70070000E+00
 3417   0.56065000E+00
 3418   0.84381300E+01
 3419   0.40912880E+02
 3420   0.43145760E+02
 3421   0.31205540E+02
 3422   0.24025460E+02
 3423   0.40843990E+02
 3424   0.32096820E+02
 3425   0.22524220E+02
 3426   0.14811450E+02
 3427   0.18280670E+02
 3428   0.26534480E+02
 3429   0.20938000E+02
 3430   0.15229070E+02
 3431   0.11613290E+02
 3432   0.99287400E+01
 3433   0.96009100E+01
 3434   0.10516730E+02
 3435   0.68725500E+01
 3436   0.22438760E+02
 3437   0.47315570E+02
 3438   0.33471790E+02
 3439   0.19284030E+02
 3440   0.11637180E+02
 3441   0.19106020E+02
 3442   0.57779900E+02
 3443   0.13076773E+03
 3444   0.27979811E+03
 3445   0.25379508E+03
 3446   0.19332823E+03
 3447   0.29419623E+03
 3448   0.17830662E+03
 3449   0.11689211E+03
 3450   0.75100750E+02
 3451   0.48544550E+02
 3452   0.32647150E+02
 3453   0.22861110E+02
 3454   0.17013900E+02
 3455   0.14365860E+02
 3456   0.12961690E+02
 3457   0.10087510E+02
 3458   0.14673450E+02
 3459   0.15615040E+02
 3460   0.12437630E+02
 3461   0.34028440E+02
 3462   0.33211159E+03
 3463   0.34542179E+03
 3464   0.40602440E+03
 3465   0.24739244E+03
 3466   0.13992450E+03
 3467   0.11783905E+03
 3468   0.38069324E+03
 3469   0.38843268E+03
 3470   0.44379326E+03
 3471   0.46229277E+03
 3472   0.21434622E+03
 3473   0.13240454E+03
 3474   0.76586910E+02
 3475   0.46563200E+02
 3476   0.28329920E+02
 3477   0.20032710E+02
 3478   0.15899810E+02
 3479   0.13355290E+02
 3480   0.10761300E+02
 3481   0.11461280E+02
 3482   0.17085840E+02
 3483   0.16186290E+02
 3484   0.14900830E+02
 3485   0.13847530E+02
 3486   0.11375290E+02
 3487   0.11637110E+02
 3488   0.11684820E+02
 3489   0.15411450E+02
 3490   0.30158610E+02
 3491   0.11328404E+03
 3492   0.12796267E+03
 3493   0.18172635E+03
 3494   0.15279208E+03
 3495   0.72272400E+02
 3496   0.35889850E+02
 3497   0.21509010E+02
 3498   0.14557810E+02
 3499   0.10272310E+02
 3500   0.77728600E+01
 3501   0.59163700E+01
 3502   0.42992000E+01
 3503   0.33529700E+01
 3504   0.26038600E+01
 3505   0.19647800E+01
 3506   0.13763400E+01
 3507   0.11563300E+01
 3508   0.10493600E+01
 3509   0.96505000E+00
 3510   0.83729000E+00
 3511   0.74528000E+00
 3512   0.12065830E+02
 3513   0.43072980E+02
 3514   0.37595113E+03
 3515   0.14682982E+03
 3516   0.12559399E+03
 3517   0.12672347E+03
 3518   0.10488103E+03
 3519   0.78577170E+02
 3520   0.56799620E+02
 3521   0.42578640E+02
 3522   0.58443660E+02
 3523   0.68867820E+02
 3524   0.45291950E+02
 3525   0.27348680E+02
 3526   0.17984550E+02
 3527   0.11922730E+02
 3528   0.10257120E+02
 3529   0.10271170E+02
 3530   0.58918960E+02
 3531   0.23013954E+03
 3532   0.26516502E+03
 3533   0.18818042E+03
 3534   0.13077653E+03
 3535   0.86215570E+02
 3536   0.55660730E+02
 3537   0.35554140E+02
 3538   0.25041730E+02
 3539   0.18466550E+02
 3540   0.13519070E+02
 3541   0.10215970E+02
 3542   0.79366000E+01
 3543   0.61937500E+01
 3544   0.64059200E+01
 3545   0.55339600E+01
 3546   0.39630400E+01
 3547   0.25238400E+01
 3548   0.76191900E+01
 3549   0.12514220E+02
 3550   0.11768320E+02
 3551   0.20079350E+02
 3552   0.45835190E+02
 3553   0.11459830E+03
 3554   0.17347288E+03
 3555   0.19477814E+03
 3556   0.14483582E+03
 3557   0.94271050E+02
 3558   0.58204130E+02
 3559   0.39842820E+02
 3560   0.28279590E+02
 3561   0.20539450E+02
 3562   0.15447180E+02
 3563   0.11610450E+02
 3564   0.90119900E+01
 3565   0.69837600E+01
 3566   0.50513900E+01
 3567   0.36288500E+01
 3568   0.20604100E+01
 3569   0.18081000E+01
 3570   0.15490200E+01
 3571   0.47263400E+01
 3572   0.18321990E+02
 3573   0.75847350E+02
 3574   0.97523221E+03
 3575   0.68289679E+03
 3576   0.33005250E+03
 3577   0.16946590E+03
 3578   0.94018060E+02
 3579   0.60108250E+02
 3580   0.42633130E+02
 3581   0.32507740E+02
 3582   0.27070550E+02
 3583   0.25361900E+02
 3584   0.28712510E+02
 3585   0.49925320E+02
 3586   0.15793363E+03
 3587   0.21015217E+03
 3588   0.13512079E+03
 3589   0.84786540E+02
 3590   0.53614180E+02
 3591   0.36680690E+02
 3592   0.25830230E+02
 3593   0.19229590E+02
 3594   0.14587980E+02
 3595   0.11571900E+02
 3596   0.91050900E+01
 3597   0.74612200E+01
 3598   0.61941800E+01
 3599   0.32979700E+01
 3600   0.30476400E+01
 3601   0.26676200E+01
 3602   0.22106400E+01
 3603   0.59196600E+01
 3604   0.44986100E+01
 3605   0.36937000E+01
 3606   0.30685500E+01
 3607   0.24053100E+01
 3608   0.18216000E+01
 3609   0.12682500E+01
 3610   0.10417100E+01
 3611   0.90771000E+00
 3612   0.79797000E+00
 3613   0.74769000E+00
 3614   0.71495000E+00
 3615   0.68229000E+00
 3616   0.64543000E+00
 3617   0.60353000E+00
 3618   0.56092000E+00
 3619   0.52270000E+00
 3620   0.51988000E+00
 3621   0.14687100E+01
 3622   0.11017700E+01
 3623   0.10486600E+01
 3624   0.11644200E+01
 3625   0.11117300E+01
 3626   0.10786500E+01
 3627   0.10368300E+01
 3628   0.98570000E+00
 3629   0.80409000E+00
 3630   0.70807000E+00
 3631   0.67199000E+00
 3632   0.18421800E+01
 3633   0.15182100E+01
 3634   0.12903600E+01
 3635   0.11341700E+01
 3636   0.10342100E+01
 3637   0.96398000E+00
 3638   0.78759000E+00
 3639   0.67034000E+00
 3640   0.57473000E+00
 3641   0.49142000E+00
 3642   0.41739000E+00
 3643   0.36738000E+00
 3644   0.35360000E+00
 3645   0.55994000E+00
 3646   0.25273800E+01
 3647   0.85497800E+01
 3648   0.20952270E+02
 3649   0.27988000E+02
 3650   0.27213870E+02
 3651   0.24711570E+02
 3652   0.20788860E+02
 3653   0.16925210E+02
 3654   0.13508170E+02
 3655   0.11016580E+02
 3656   0.95978800E+01
 3657   0.91183300E+01
 3658   0.88974700E+01
 3659   0.90079100E+01
 3660   0.76399600E+01
 3661   0.75328500E+01
 3662   0.73795800E+01
 3663   0.83776600E+01
 3664   0.12079180E+02
 3665   0.93175800E+01
 3666   0.74949500E+01
 3667   0.62184500E+01
 3668   0.45837600E+01
 3669   0.36591000E+01
 3670   0.19324400E+01
 3671   0.16413000E+01
 3672   0.14977400E+01
 3673   0.13530700E+01
 3674   0.12488300E+01
 3675   0.11819700E+01
 3676   0.11122700E+01
 3677   0.10401400E+01
 3678   0.97347000E+00
 3679   0.87587000E+00
 3680   0.75747000E+00
 3681   0.64932000E+00
 3682   0.56057000E+00
 3683   0.50696000E+00
 3684   0.45985000E+00
 3685   0.42356000E+00
 3686   0.39140000E+00
 3687   0.35717000E+00
 3688   0.32140000E+00
 3689   0.28709000E+00
 3690   0.76452800E+01
 3691   0.91699500E+01
 3692   0.74896600E+01
 3693   0.56627700E+01
 3694   0.18503620E+02
 3695   0.53646750E+02
 3696   0.47524910E+02
 3697   0.33871220E+02
 3698   0.27397500E+02
 3699   0.23648490E+02
 3700   0.19327190E+02
 3701   0.12815220E+02
 3702   0.98078000E+01
 3703   0.79153800E+01
 3704   0.66752200E+01
 3705   0.51242200E+01
 3706   0.38913400E+01
 3707   0.30602200E+01
 3708   0.12017920E+02
 3709   0.16323190E+02
 3710   0.20741020E+02
 3711   0.43963930E+02
 3712   0.58700250E+02
 3713   0.54214250E+02
 3714   0.49594480E+02
 3715   0.42256720E+02
 3716   0.60484970E+02
 3717   0.71727180E+02
 3718   0.57351640E+02
 3719   0.43500640E+02
 3720   0.34072220E+02
 3721   0.26297910E+02
 3722   0.17649070E+02
 3723   0.13470940E+02
 3724   0.20107400E+02
 3725   0.19111610E+02
 3726   0.47012400E+02
 3727   0.56667810E+02
 3728   0.50283890E+02
 3729   0.69398800E+02
 3730   0.87044950E+02
 3731   0.78189520E+02
 3732   0.54445630E+02
 3733   0.80143770E+02
 3734   0.85365110E+02
 3735   0.54958220E+02
 3736   0.35742630E+02
 3737   0.25489930E+02
 3738   0.19490440E+02
 3739   0.14961330E+02
 3740   0.30993980E+02
 3741   0.76716970E+02
 3742   0.66557710E+02
 3743   0.48363400E+02
 3744   0.39416270E+02
 3745   0.30401790E+02
 3746   0.36310840E+02
 3747   0.35183060E+02
 3748   0.28970590E+02
 3749   0.22786910E+02
 3750   0.16091210E+02
 3751   0.12212570E+02
 3752   0.87639200E+01
 3753   0.81746100E+01
 3754   0.63015600E+01
 3755   0.43201800E+01
 3756   0.35198200E+01
 3757   0.28725400E+01
 3758   0.22762300E+01
 3759   0.18891800E+01
 3760   0.31624400E+01
 3761   0.25772600E+01
 3762   0.20449100E+01
 3763   0.13225900E+01
 3764   0.20099900E+01
 3765   0.17262900E+01
 3766   0.14012700E+01
 3767   0.11981100E+01
 3768   0.44099200E+01
 3769   0.30842800E+01
 3770   0.22695500E+01
 3771   0.18314800E+01
 3772   0.15446000E+01
 3773   0.12057600E+01
 3774   0.41463200E+01
 3775   0.43019100E+01
 3776   0.54616300E+01
 3777   0.58995900E+01
 3778   0.53573800E+01
 3779   0.70612900E+01
 3780   0.10016160E+02
 3781   0.79348300E+01
 3782   0.57859100E+01
 3783   0.25610700E+01
 3784   0.20427900E+01
 3785   0.17174000E+01
 3786   0.15399300E+01
 3787   0.19667600E+01
 3788   0.19859700E+01
 3789   0.16506600E+01
 3790   0.57467900E+01
 3791   0.13910440E+02
 3792   0.20481030E+02
 3793   0.70618100E+02
 3794   0.72425362E+03
 3795   0.42776065E+03
 3796   0.22518969E+03
 3797   0.13624477E+03
 3798   0.97238380E+02
 3799   0.67450990E+02
 3800   0.47137500E+02
 3801   0.66573940E+02
 3802   0.78326210E+02
 3803   0.64746850E+02
 3804   0.58900260E+02
 3805   0.42916010E+02
 3806   0.30183700E+02
 3807   0.21195880E+02
 3808   0.15724080E+02
 3809   0.11634730E+02
 3810   0.89825000E+01
 3811   0.72136300E+01
 3812   0.55758000E+01
 3813   0.40403100E+01
 3814   0.21951700E+01
 3815   0.19696600E+01
 3816   0.23713500E+01
 3817   0.11264510E+02
 3818   0.14580160E+02
 3819   0.12447760E+02
 3820   0.93588400E+01
 3821   0.69142200E+01
 3822   0.46759500E+01
 3823   0.33960800E+01
 3824   0.19072500E+01
 3825   0.16227800E+01
 3826   0.19077200E+01
 3827   0.34167080E+02
 3828   0.11380792E+03
 3829   0.93915040E+02
 3830   0.10958884E+03
 3831   0.13442729E+03
 3832   0.67565580E+02
 3833   0.32912930E+02
 3834   0.15373080E+02
 3835   0.93005400E+01
 3836   0.70123000E+01
 3837   0.80022100E+01
 3838   0.24108950E+02
 3839   0.12383809E+03
 3840   0.11623619E+03
 3841   0.83177350E+02
 3842   0.58886230E+02
 3843   0.47297050E+02
 3844   0.73358430E+02
 3845   0.70952950E+02
 3846   0.40849190E+02
 3847   0.22862720E+02
 3848   0.13608500E+02
 3849   0.89750700E+01
 3850   0.62676500E+01
 3851   0.40306100E+01
 3852   0.29421900E+01
 3853   0.21367800E+01
 3854   0.16172700E+01
 3855   0.12368000E+01
 3856   0.10418000E+01
 3857   0.90547000E+00
 3858   0.17647200E+01
 3859   0.77244500E+01
 3860   0.22584540E+02
 3861   0.61372850E+02
 3862   0.60981490E+02
 3863   0.45375000E+02
 3864   0.32325660E+02
 3865   0.21240120E+02
 3866   0.15482030E+02
 3867   0.11926740E+02
 3868   0.98187600E+01
 3869   0.79550900E+01
 3870   0.65233200E+01
 3871   0.50731100E+01
 3872   0.40146500E+01
 3873   0.33083000E+01
 3874   0.27024300E+01
 3875   0.16694800E+01
 3876   0.14264000E+01
 3877   0.13111300E+01
 3878   0.12132900E+01
 3879   0.41358200E+01
 3880   0.12220380E+02
 3881   0.14819103E+03
 3882   0.34101879E+03
 3883   0.19882820E+03
 3884   0.12378984E+03
 3885   0.89671490E+02
 3886   0.53109310E+02
 3887   0.34495480E+02
 3888   0.23620640E+02
 3889   0.16578800E+02
 3890   0.12137570E+02
 3891   0.92487200E+01
 3892   0.72295400E+01
 3893   0.54864300E+01
 3894   0.27501410E+02
 3895   0.31814560E+02
 3896   0.36162440E+02
 3897   0.36115470E+02
 3898   0.26737760E+02
 3899   0.19810900E+02
 3900   0.15026040E+02
 3901   0.13923880E+02
 3902   0.17013190E+02
 3903   0.12830680E+02
 3904   0.93458200E+01
 3905   0.75254800E+01
 3906   0.54111400E+01
 3907   0.99037500E+01
 3908   0.13318870E+02
 3909   0.26026510E+02
 3910   0.42526040E+02
 3911   0.38244620E+02
 3912   0.29205390E+02
 3913   0.29441430E+02
 3914   0.46601910E+02
 3915   0.11323669E+03
 3916   0.19790376E+03
 3917   0.14136121E+03
 3918   0.89288750E+02
 3919   0.58762830E+02
 3920   0.41500260E+02
 3921   0.30783270E+02
 3922   0.24316380E+02
 3923   0.21058190E+02
 3924   0.19973160E+02
 3925   0.19627850E+02
 3926   0.19173170E+02
 3927   0.41555370E+02
 3928   0.12379065E+03
 3929   0.14665238E+03
 3930   0.10093444E+03
 3931   0.71822120E+02
 3932   0.97772120E+02
 3933   0.71288570E+03
 3934   0.58788273E+03
 3935   0.34712715E+03
 3936   0.22517104E+03
 3937   0.14239976E+03
 3938   0.96134290E+02
 3939   0.64237190E+02
 3940   0.43184540E+02
 3941   0.30076700E+02
 3942   0.21554800E+02
 3943   0.15999810E+02
 3944   0.11947100E+02
 3945   0.92441800E+01
 3946   0.74451500E+01
 3947   0.41918300E+01
 3948   0.41041800E+01
 3949   0.49185400E+01
 3950   0.65137100E+01
 3951   0.10869260E+02
 3952   0.14753000E+02
 3953   0.16177950E+02
 3954   0.20840920E+02
 3955   0.24808680E+02
 3956   0.42831790E+02
 3957   0.58704960E+02
 3958   0.47619770E+02
 3959   0.33687880E+02
 3960   0.24080450E+02
 3961   0.18000640E+02
 3962   0.19086200E+02
 3963   0.16903650E+02
 3964   0.13808500E+02
 3965   0.11388410E+02
 3966   0.91900500E+01
 3967   0.74889100E+01
 3968   0.43102500E+01
 3969   0.37722300E+01
 3970   0.38348700E+01
 3971   0.32078900E+01
 3972   0.27522800E+01
 3973   0.22583700E+01
 3974   0.22494100E+01
 3975   0.30145800E+01
 3976   0.26767400E+01
 3977   0.27693500E+01
 3978   0.23454300E+01
 3979   0.32645300E+01
 3980   0.38347700E+01
 3981   0.40284700E+01
 3982   0.39643600E+01
 3983   0.36232600E+01
 3984   0.31416800E+01
 3985   0.27000100E+01
 3986   0.22034300E+01
 3987   0.17832200E+01
 3988   0.12555700E+01
 3989   0.10592900E+01
 3990   0.95556000E+00
 3991   0.99593000E+00
 3992   0.85943000E+00
 3993   0.75455000E+00
 3994   0.68622000E+00
 3995   0.64722000E+00
 3996   0.85053000E+00
 3997   0.70750000E+00
 3998   0.61168000E+00
 3999   0.54121000E+00
 4000   0.47841000E+00
 4001   0.41050000E+00
 4002   0.35397000E+00
 4003   0.30557000E+00
 4004   0.26022000E+00
 4005   0.22023000E+00
 4006   0.19876000E+00
 4007   0.19439000E+00
 4008   0.19771000E+00
 4009   0.20303000E+00
 4010   0.20314000E+00
 4011   0.19793000E+00
 4012   0.19082000E+00
 4013   0.28819700E+01
 4014   0.86210700E+01
 4015   0.10668720E+02
 4016   0.94483000E+01
 4017   0.75126900E+01
 4018   0.57213000E+01
 4019   0.25357000E+01
 4020   0.20234400E+01
 4021   0.16088500E+01
 4022   0.15249100E+01
 4023   0.15130800E+01
 4024   0.14308600E+01
 4025   0.13146500E+01
 4026   0.12131400E+01
 4027   0.11269500E+01
 4028   0.10604400E+01
 4029   0.83665000E+00
 4030   0.20384600E+01
 4031   0.65308400E+01
 4032   0.60997400E+01
 4033   0.46176700E+01
 4034   0.36711100E+01
 4035   0.28166200E+01
 4036   0.21431800E+01
 4037   0.17127600E+01
 4038   0.13650200E+01
 4039   0.10014000E+01
 4040   0.76781000E+00
 4041   0.64440000E+00
 4042   0.54902000E+00
 4043   0.46714000E+00
 4044   0.41828000E+00
 4045   0.38507000E+00
 4046   0.35964000E+00
 4047   0.34437000E+00
 4048   0.68573300E+01
 4049   0.13157390E+02
 4050   0.98911200E+01
 4051   0.78373300E+01
 4052   0.62412800E+01
 4053   0.47210500E+01
 4054   0.39812200E+01
 4055   0.37001800E+01
 4056   0.35719400E+01
 4057   0.34273700E+01
 4058   0.31664300E+01
 4059   0.28699600E+01
 4060   0.17749000E+01
 4061   0.18375500E+01
 4062   0.15985100E+01
 4063   0.18131800E+01
 4064   0.24781300E+01
 4065   0.31975700E+01
 4066   0.35647100E+01
 4067   0.36819500E+01
 4068   0.55011700E+01
 4069   0.49957700E+01
 4070   0.25706200E+01
 4071   0.22586400E+01
 4072   0.20158800E+01
 4073   0.17839600E+01
 4074   0.15504200E+01
 4075   0.13628900E+01
 4076   0.10998810E+02
 4077   0.22858900E+02
 4078   0.21150520E+02
 4079   0.20026780E+02
 4080   0.17053010E+02
 4081   0.13412400E+02
 4082   0.95624200E+01
 4083   0.73192600E+01
 4084   0.61061000E+01
 4085   0.50861400E+01
 4086   0.43859500E+01
 4087   0.36097800E+01
 4088   0.29477300E+01
 4089   0.24223700E+01
 4090   0.19585300E+01
 4091   0.13163400E+01
 4092   0.12289800E+01
 4093   0.10673300E+01
 4094   0.97319000E+00
 4095   0.83362000E+00
 4096   0.73674000E+00
 4097   0.67310000E+00
 4098   0.94489000E+00
 4099   0.24708900E+01
 4100   0.25329500E+01
 4101   0.15329500E+01
 4102   0.18744200E+01
 4103   0.26528000E+01
 4104   0.21117100E+01
 4105   0.16325700E+01
 4106   0.13328100E+01
 4107   0.11308600E+01
 4108   0.95500000E+00
 4109   0.10283800E+01
 4110   0.72348000E+00
 4111   0.57112000E+00
 4112   0.46906000E+00
 4113   0.38115000E+00
 4114   0.30961000E+00
 4115   0.25679000E+00
 4116   0.21837000E+00
 4117   0.18989000E+00
 4118   0.16804000E+00
 4119   0.15057000E+00
 4120   0.13606000E+00
 4121   0.12369000E+00
 4122   0.11303000E+00
 4123   0.10362000E+00
 4124   0.95270000E-01
 4125   0.87760000E-01
 4126   0.81000000E-01
 4127   0.74920000E-01
 4128   0.69450000E-01
 4129   0.64520000E-01
 4130   0.60060000E-01
 4131   0.56010000E-01
 4132   0.62860000E-01
 4133   0.57790000E-01
 4134   0.50810000E-01
 4135   0.46260000E-01
 4136   0.42750000E-01
 4137   0.39830000E-01
 4138   0.37320000E-01
 4139   0.35110000E-01
 4140   0.33130000E-01
 4141   0.31340000E-01
 4142   0.29710000E-01
 4143   0.28210000E-01
 4144   0.26830000E-01
 4145   0.52690000E+00
 4146   0.48313000E+00
 4147   0.96925800E+01
 4148   0.25903780E+02
 4149   0.25767910E+02
 4150   0.17801230E+02
 4151   0.11216880E+02
 4152   0.59355500E+01
 4153   0.92075700E+01
 4154   0.18420460E+02
 4155   0.26847840E+02
 4156   0.31311350E+02
 4157   0.23155420E+02
 4158   0.15924170E+02
 4159   0.11461110E+02
 4160   0.94270700E+01
 4161   0.83524030E+02
 4162   0.13689536E+03
 4163   0.13097260E+03
 4164   0.92199340E+02
 4165   0.62200980E+02
 4166   0.41561170E+02
 4167   0.30534240E+02
 4168   0.34883500E+02
 4169   0.30978640E+02
 4170   0.57370250E+02
 4171   0.53364720E+02
 4172   0.37051620E+02
 4173   0.23501240E+02
 4174   0.15719080E+02
 4175   0.27835800E+02
 4176   0.25689315E+03
 4177   0.28775349E+03
 4178   0.19009902E+03
 4179   0.11059782E+03
 4180   0.66499660E+02
 4181   0.43643320E+02
 4182   0.30673550E+02
 4183   0.20057360E+02
 4184   0.18082880E+02
 4185   0.13286930E+02
 4186   0.10441610E+02
 4187   0.14819716E+03
 4188   0.21964429E+03
 4189   0.12927789E+03
 4190   0.95640220E+02
 4191   0.63826860E+02
 4192   0.41053660E+02
 4193   0.25184380E+02
 4194   0.17462880E+02
 4195   0.12454550E+02
 4196   0.94682400E+01
 4197   0.14520790E+02
 4198   0.14643430E+02
 4199   0.10994390E+02
 4200   0.84756600E+01
 4201   0.14486930E+02
 4202   0.14738100E+02
 4203   0.21994380E+02
 4204   0.40569730E+02
 4205   0.80772590E+02
 4206   0.78536790E+02
 4207   0.63518420E+02
 4208   0.61517690E+02
 4209   0.48050340E+02
 4210   0.43429720E+02
 4211   0.30599020E+02
 4212   0.21654290E+02
 4213   0.16230090E+02
 4214   0.10899070E+02
 4215   0.94304000E+01
 4216   0.90832500E+01
 4217   0.90929200E+01
 4218   0.21810910E+02
 4219   0.10831944E+03
 4220   0.40247846E+03
 4221   0.35991238E+03
 4222   0.22706417E+03
 4223   0.13931171E+03
 4224   0.24344088E+03
 4225   0.34446531E+03
 4226   0.22716872E+03
 4227   0.14408975E+03
 4228   0.19425210E+03
 4229   0.35609365E+03
 4230   0.23354217E+03
 4231   0.13534558E+03
 4232   0.87713440E+02
 4233   0.56405210E+03
 4234   0.62952104E+03
 4235   0.32436654E+03
 4236   0.17941814E+03
 4237   0.10457670E+03
 4238   0.66637540E+02
 4239   0.43840010E+02
 4240   0.30774100E+02
 4241   0.22846080E+02
 4242   0.17545170E+02
 4243   0.13505070E+02
 4244   0.95152700E+01
 4245   0.84387200E+01
 4246   0.11413040E+02
 4247   0.13371650E+02
 4248   0.11673860E+02
 4249   0.10179460E+02
 4250   0.85377700E+01
 4251   0.69708500E+01
 4252   0.52919300E+01
 4253   0.42728000E+01
 4254   0.32865400E+01
 4255   0.58925100E+01
 4256   0.57367900E+01
 4257   0.10065470E+02
 4258   0.23827680E+02
 4259   0.37126570E+02
 4260   0.34280990E+02
 4261   0.26666860E+02
 4262   0.19796080E+02
 4263   0.14403400E+02
 4264   0.10479660E+02
 4265   0.67088900E+01
 4266   0.46077300E+01
 4267   0.36847000E+01
 4268   0.29170200E+01
 4269   0.23607700E+01
 4270   0.30747600E+01
 4271   0.52684600E+01
 4272   0.11966890E+02
 4273   0.36331740E+02
 4274   0.80830290E+02
 4275   0.76182160E+02
 4276   0.60481900E+02
 4277   0.45377440E+02
 4278   0.33273300E+02
 4279   0.24285980E+02
 4280   0.18062500E+02
 4281   0.13231220E+02
 4282   0.99842300E+01
 4283   0.76648700E+01
 4284   0.56397800E+01
 4285   0.29485900E+01
 4286   0.38602600E+01
 4287   0.51546100E+01
 4288   0.39032900E+01
 4289   0.43277600E+01
 4290   0.56398300E+01
 4291   0.65951900E+01
 4292   0.70092500E+01
 4293   0.66348700E+01
 4294   0.55529000E+01
 4295   0.44114100E+01
 4296   0.24949100E+01
 4297   0.23491600E+01
 4298   0.19882100E+01
 4299   0.16478900E+01
 4300   0.14241000E+01
 4301   0.12521200E+01
 4302   0.11506400E+01
 4303   0.38390900E+01
 4304   0.32556500E+01
 4305   0.32502200E+01
 4306   0.46727900E+01
 4307   0.62228900E+01
 4308   0.76841600E+01
 4309   0.84588200E+01
 4310   0.80884400E+01
 4311   0.69896600E+01
 4312   0.55319900E+01
 4313   0.43504700E+01
 4314   0.35480600E+01
 4315   0.26786100E+01
 4316   0.16048300E+01
 4317   0.66379100E+01
 4318   0.11633450E+02
 4319   0.12244290E+02
 4320   0.12419110E+02
 4321   0.12102250E+02
 4322   0.11694240E+02
 4323   0.10903540E+02
 4324   0.94991500E+01
 4325   0.77162800E+01
 4326   0.43646000E+01
 4327   0.39243400E+01
 4328   0.37258300E+01
 4329   0.29230500E+01
 4330   0.22684300E+01
 4331   0.18368100E+01
 4332   0.14898400E+01
 4333   0.12875900E+01
 4334   0.11495400E+01
 4335   0.41099200E+01
 4336   0.64435500E+01
 4337   0.23895550E+02
 4338   0.84122300E+02
 4339   0.82382950E+02
 4340   0.58381720E+02
 4341   0.40646150E+02
 4342   0.28862500E+02
 4343   0.20880840E+02
 4344   0.15584850E+02
 4345   0.11664440E+02
 4346   0.91139500E+01
 4347   0.74865800E+01
 4348   0.17309880E+02
 4349   0.31390920E+02
 4350   0.51587140E+02
 4351   0.74288800E+02
 4352   0.76824800E+02
 4353   0.62200470E+02
 4354   0.44852880E+02
 4355   0.32363080E+02
 4356   0.23562070E+02
 4357   0.16022630E+02
 4358   0.12137510E+02
 4359   0.97859400E+01
 4360   0.78617100E+01
 4361   0.63987200E+01
 4362   0.49502400E+01
 4363   0.38999600E+01
 4364   0.32007700E+01
 4365   0.26495000E+01
 4366   0.21519600E+01
 4367   0.13861000E+01
 4368   0.12010100E+01
 4369   0.11057400E+01
 4370   0.10252100E+01
 4371   0.95722000E+00
 4372   0.85295000E+00
 4373   0.75287000E+00
 4374   0.69136000E+00
 4375   0.66755000E+00
 4376   0.68071000E+00
 4377   0.71472000E+00
 4378   0.62885100E+01
 4379   0.11707430E+02
 4380   0.12073840E+02
 4381   0.11031540E+02
 4382   0.94180600E+01
 4383   0.79068500E+01
 4384   0.80153100E+01
 4385   0.89894700E+01
 4386   0.90612700E+01
 4387   0.83916200E+01
 4388   0.57617700E+01
 4389   0.50686300E+01
 4390   0.45255400E+01
 4391   0.50647400E+01
 4392   0.89621900E+01
 4393   0.25150150E+02
 4394   0.26929190E+02
 4395   0.19461530E+02
 4396   0.12191830E+02
 4397   0.79655600E+01
 4398   0.29380600E+01
 4399   0.22155500E+01
 4400   0.17547500E+01
 4401   0.14795900E+01
 4402   0.13071100E+01
 4403   0.11593000E+01
 4404   0.10557600E+01
 4405   0.91265000E+00
 4406   0.82290000E+00
 4407   0.37398400E+01
 4408   0.19577600E+01
 4409   0.16577900E+01
 4410   0.14549900E+01
 4411   0.12675500E+01
 4412   0.11329300E+01
 4413   0.10681100E+01
 4414   0.94382000E+00
 4415   0.76861000E+00
 4416   0.66390000E+01
 4417   0.13194250E+02
 4418   0.12641780E+02
 4419   0.89072900E+01
 4420   0.68072600E+01
 4421   0.58394200E+01
 4422   0.50357900E+01
 4423   0.43899900E+01
 4424   0.39287600E+01
 4425   0.65443500E+01
 4426   0.66780700E+01
 4427   0.58721900E+01
 4428   0.56719700E+01
 4429   0.31355800E+01
 4430   0.25888600E+01
 4431   0.22193900E+01
 4432   0.19999500E+01
 4433   0.18425800E+01
 4434   0.19648500E+01
 4435   0.49282500E+01
 4436   0.37564700E+01
 4437   0.29878300E+01
 4438   0.26956800E+01
 4439   0.16098700E+01
 4440   0.13183000E+01
 4441   0.11678700E+01
 4442   0.23804700E+01
 4443   0.17423300E+01
 4444   0.14008600E+01
 4445   0.12517800E+01
 4446   0.11193700E+01
 4447   0.13683000E+01
 4448   0.11289400E+01
 4449   0.85549000E+00
 4450   0.20311600E+01
 4451   0.41710400E+01
 4452   0.30923700E+01
 4453   0.23296400E+01
 4454   0.18933500E+01
 4455   0.63920800E+01
 4456   0.98692300E+01
 4457   0.23355270E+02
 4458   0.50308490E+02
 4459   0.10341493E+03
 4460   0.27916626E+03
 4461   0.35158777E+03
 4462   0.38635998E+03
 4463   0.34054243E+03
 4464   0.22522398E+03
 4465   0.13068893E+03
 4466   0.78642310E+02
 4467   0.50347080E+02
 4468   0.34264360E+02
 4469   0.26329060E+02
 4470   0.26237990E+02
 4471   0.21074920E+02
 4472   0.16601540E+02
 4473   0.16111420E+02
 4474   0.18981760E+02
 4475   0.14628290E+02
 4476   0.17316270E+02
 4477   0.17303150E+02
 4478   0.12968010E+02
 4479   0.98238800E+01
 4480   0.69184300E+01
 4481   0.48623500E+01
 4482   0.44861400E+01
 4483   0.96025300E+01
 4484   0.97310200E+01
 4485   0.85748400E+01
 4486   0.62744700E+01
 4487   0.38328400E+01
 4488   0.27549200E+01
 4489   0.19792100E+01
 4490   0.75180300E+01
 4491   0.14950160E+02
 4492   0.13279320E+02
 4493   0.97111000E+01
 4494   0.69986100E+01
 4495   0.47582100E+01
 4496   0.40499800E+01
 4497   0.16535500E+02
 4498   0.18891790E+02
 4499   0.21299000E+02
 4500   0.17526210E+02
 4501   0.10532390E+02
 4502   0.10470380E+02
 4503   0.12252130E+02
 4504   0.10503180E+02
 4505   0.11820940E+02
 4506   0.11557900E+02
 4507   0.92372900E+01
 4508   0.63728100E+01
 4509   0.38903500E+01
 4510   0.28821000E+01
 4511   0.15901600E+01
 4512   0.18711780E+02
 4513   0.31149890E+02
 4514   0.22964710E+02
 4515   0.13943380E+02
 4516   0.84651600E+01
 4517   0.49097700E+01
 4518   0.34714600E+01
 4519   0.25356400E+01
 4520   0.33783100E+01
 4521   0.19091000E+01
 4522   0.15027900E+01
 4523   0.12176700E+01
 4524   0.10611400E+01
 4525   0.90739000E+00
 4526   0.72924000E+00
 4527   0.64073000E+00
 4528   0.57008000E+00
 4529   0.52545000E+00
 4530   0.42682000E+00
 4531   0.34449000E+00
 4532   0.28383000E+00
 4533   0.23871000E+00
 4534   0.20368000E+00
 4535   0.17579000E+00
 4536   0.15325000E+00
 4537   0.13482000E+00
 4538   0.11959000E+00
 4539   0.73424200E+01
 4540   0.74739510E+02
 4541   0.18471985E+03
 4542   0.15948621E+03
 4543   0.11158621E+03
 4544   0.83255070E+02
 4545   0.58110470E+02
 4546   0.48333090E+02
 4547   0.64087430E+02
 4548   0.85060950E+02
 4549   0.80297340E+02
 4550   0.75858610E+02
 4551   0.48406310E+02
 4552   0.26703090E+02
 4553   0.30318390E+02
 4554   0.46439030E+02
 4555   0.47687740E+02
 4556   0.45193370E+02
 4557   0.57310730E+02
 4558   0.69371530E+02
 4559   0.55008170E+02
 4560   0.48431310E+02
 4561   0.30648630E+02
 4562   0.16430400E+02
 4563   0.10391590E+02
 4564   0.73788000E+01
 4565   0.56041600E+01
 4566   0.43981600E+01
 4567   0.46134600E+01
 4568   0.37927000E+01
 4569   0.74360800E+01
 4570   0.44270770E+02
 4571   0.65190600E+02
 4572   0.38512120E+02
 4573   0.25435310E+02
 4574   0.29720540E+02
 4575   0.24991480E+02
 4576   0.20807040E+02
 4577   0.17969620E+02
 4578   0.15464330E+02
 4579   0.12457190E+02
 4580   0.11067230E+02
 4581   0.10458270E+02
 4582   0.96317500E+01
 4583   0.75760300E+01
 4584   0.75302200E+01
 4585   0.87997200E+01
 4586   0.11380630E+02
 4587   0.34097040E+02
 4588   0.28515620E+02
 4589   0.28200810E+02
 4590   0.38621600E+02
 4591   0.35553250E+02
 4592   0.22432140E+02
 4593   0.11284200E+02
 4594   0.63863800E+01
 4595   0.32451300E+01
 4596   0.21979400E+01
 4597   0.16400000E+01
 4598   0.13324100E+01
 4599   0.11483600E+01
 4600   0.99417000E+00
 4601   0.78066000E+00
 4602   0.71091000E+00
 4603   0.87701900E+01
 4604   0.34528630E+02
 4605   0.32118750E+02
 4606   0.24540750E+02
 4607   0.18601170E+02
 4608   0.16118970E+02
 4609   0.14456330E+02
 4610   0.12019020E+02
 4611   0.96963700E+01
 4612   0.75161700E+01
 4613   0.40995000E+01
 4614   0.37063700E+01
 4615   0.31168400E+01
 4616   0.25634000E+01
 4617   0.21135900E+01
 4618   0.17758600E+01
 4619   0.14704000E+01
 4620   0.12769100E+01
 4621   0.11258100E+01
 4622   0.10704600E+01
 4623   0.16291400E+01
 4624   0.14028800E+01
 4625   0.42014100E+01
 4626   0.19393150E+02
 4627   0.33677920E+02
 4628   0.30371300E+02
 4629   0.23828680E+02
 4630   0.18949300E+02
 4631   0.26203010E+02
 4632   0.14162462E+03
 4633   0.14038981E+03
 4634   0.91085790E+02
 4635   0.60075770E+02
 4636   0.41146260E+02
 4637   0.29290210E+02
 4638   0.21575720E+02
 4639   0.16744800E+02
 4640   0.12868520E+02
 4641   0.10845770E+02
 4642   0.10415500E+02
 4643   0.17171600E+02
 4644   0.26475350E+02
 4645   0.10953926E+03
 4646   0.44317315E+03
 4647   0.25617499E+03
 4648   0.18400313E+03
 4649   0.13747848E+03
 4650   0.95275750E+02
 4651   0.63201130E+02
 4652   0.42319040E+02
 4653   0.29457110E+02
 4654   0.24724150E+02
 4655   0.23097050E+02
 4656   0.18018620E+02
 4657   0.15409380E+02
 4658   0.28148460E+02
 4659   0.73820830E+02
 4660   0.18132136E+03
 4661   0.22095458E+03
 4662   0.18228627E+03
 4663   0.11216885E+03
 4664   0.69824980E+02
 4665   0.44450510E+02
 4666   0.61302420E+02
 4667   0.50801120E+02
 4668   0.37546630E+02
 4669   0.28853390E+02
 4670   0.22802670E+02
 4671   0.17895430E+02
 4672   0.13565570E+02
 4673   0.10633120E+02
 4674   0.81499600E+01
 4675   0.43314500E+01
 4676   0.34009200E+01
 4677   0.27551000E+01
 4678   0.22419000E+01
 4679   0.17982700E+01
 4680   0.15065900E+01
 4681   0.13075000E+01
 4682   0.11618800E+01
 4683   0.85957700E+01
 4684   0.51827040E+02
 4685   0.23206562E+03
 4686   0.15549394E+03
 4687   0.10402798E+03
 4688   0.67703770E+02
 4689   0.44086250E+02
 4690   0.29534180E+02
 4691   0.20527660E+02
 4692   0.14596470E+02
 4693   0.10726950E+02
 4694   0.81154100E+01
 4695   0.42594100E+01
 4696   0.33722300E+01
 4697   0.27530400E+01
 4698   0.22662200E+01
 4699   0.18939100E+01
 4700   0.15925300E+01
 4701   0.15403600E+01
 4702   0.15376800E+01
 4703   0.14923400E+01
 4704   0.13738900E+01
 4705   0.12706300E+01
 4706   0.10306800E+01
 4707   0.11073200E+01
 4708   0.10171500E+01
 4709   0.95788000E+00
 4710   0.89607000E+00
 4711   0.84503000E+00
 4712   0.64423100E+01
 4713   0.78286900E+01
 4714   0.61433200E+01
 4715   0.46238100E+01
 4716   0.22415100E+01
 4717   0.17426700E+01
 4718   0.13714300E+01
 4719   0.11826200E+01
 4720   0.10661400E+01
 4721   0.92647000E+00
 4722   0.78691000E+00
 4723   0.75721000E+00
 4724   0.67923000E+00
 4725   0.68349000E+00
 4726   0.72167000E+00
 4727   0.73879000E+00
 4728   0.82460000E+00
 4729   0.87605000E+00
 4730   0.90283000E+00
 4731   0.14125800E+01
 4732   0.28039000E+01
 4733   0.27016400E+01
 4734   0.24490300E+01
 4735   0.23699200E+01
 4736   0.15463300E+01
 4737   0.16408000E+01
 4738   0.15546100E+01
 4739   0.28952400E+01
 4740   0.35697100E+01
 4741   0.39133500E+01
 4742   0.39009700E+01
 4743   0.38112500E+01
 4744   0.36449300E+01
 4745   0.33743400E+01
 4746   0.58055000E+01
 4747   0.11629290E+02
 4748   0.10398030E+02
 4749   0.11140170E+02
 4750   0.14836610E+02
 4751   0.19135860E+02
 4752   0.35661050E+02
 4753   0.40426910E+02
 4754   0.32941270E+02
 4755   0.24422540E+02
 4756   0.18191540E+02
 4757   0.11653200E+02
 4758   0.91033600E+01
 4759   0.74440200E+01
 4760   0.61024200E+01
 4761   0.46933100E+01
 4762   0.37510200E+01
 4763   0.30579400E+01
 4764   0.24949700E+01
 4765   0.24510600E+01
 4766   0.20678500E+01
 4767   0.13025700E+01
 4768   0.10884200E+01
 4769   0.98897000E+00
 4770   0.90985000E+00
 4771   0.83205000E+00
 4772   0.76092000E+00
 4773   0.69500000E+00
 4774   0.68204000E+00
 4775   0.68302000E+00
 4776   0.63079000E+00
 4777   0.56657000E+00
 4778   0.50756000E+00
 4779   0.44803000E+00
 4780   0.40800000E+00
 4781   0.37751000E+00
 4782   0.35019000E+00
 4783   0.32456000E+00
 4784   0.30128000E+00
 4785   0.29477000E+00
 4786   0.27090000E+00
 4787   0.25186000E+00
 4788   0.22555000E+00
 4789   0.19605000E+00
 4790   0.99220000E+00
 4791   0.71168000E+00
 4792   0.66719000E+00
 4793   0.67356000E+00
 4794   0.26441600E+01
 4795   0.36822000E+01
 4796   0.33426000E+01
 4797   0.28867200E+01
 4798   0.17766500E+01
 4799   0.14269400E+01
 4800   0.12299600E+01
 4801   0.11165400E+01
 4802   0.10215300E+01
 4803   0.91309000E+00
 4804   0.79712000E+00
 4805   0.72256000E+00
 4806   0.68021000E+00
 4807   0.65745000E+00
 4808   0.60814000E+00
 4809   0.54865000E+00
 4810   0.53657000E+00
 4811   0.52087000E+00
 4812   0.49482000E+00
 4813   0.46462000E+00
 4814   0.43293000E+00
 4815   0.58745000E+00
 4816   0.50420000E+00
 4817   0.42704000E+00
 4818   0.45301000E+00
 4819   0.70918100E+01
 4820   0.72679100E+01
 4821   0.44651900E+01
 4822   0.31254700E+01
 4823   0.23056000E+01
 4824   0.16678500E+01
 4825   0.13382000E+01
 4826   0.11751700E+01
 4827   0.10459500E+01
 4828   0.90719000E+00
 4829   0.72138000E+00
 4830   0.60397000E+00
 4831   0.55519000E+00
 4832   0.58924000E+00
 4833   0.49920700E+01
 4834   0.41199600E+01
 4835   0.28644200E+01
 4836   0.21592380E+02
 4837   0.48157930E+02
 4838   0.39379450E+02
 4839   0.29243750E+02
 4840   0.25482640E+02
 4841   0.22286950E+02
 4842   0.18214240E+02
 4843   0.13857990E+02
 4844   0.10548380E+02
 4845   0.40707980E+02
 4846   0.46403490E+02
 4847   0.33688820E+02
 4848   0.23749180E+02
 4849   0.16997370E+02
 4850   0.14697070E+02
 4851   0.21389160E+02
 4852   0.38449330E+02
 4853   0.44484070E+02
 4854   0.39237490E+02
 4855   0.32690650E+02
 4856   0.23842510E+02
 4857   0.52208920E+02
 4858   0.68278100E+02
 4859   0.49447210E+02
 4860   0.37738820E+02
 4861   0.29399930E+02
 4862   0.24180500E+02
 4863   0.18904260E+02
 4864   0.14042370E+02
 4865   0.10659430E+02
 4866   0.93121000E+01
 4867   0.15931970E+02
 4868   0.13190240E+02
 4869   0.10197110E+02
 4870   0.58873500E+01
 4871   0.35123500E+01
 4872   0.28182200E+01
 4873   0.21724900E+01
 4874   0.17621900E+01
 4875   0.14635800E+01
 4876   0.12595700E+01
 4877   0.65933500E+02
 4878   0.68951070E+02
 4879   0.45302020E+02
 4880   0.33491910E+02
 4881   0.42685150E+02
 4882   0.34568580E+02
 4883   0.29487950E+02
 4884   0.25845300E+02
 4885   0.26403880E+02
 4886   0.23365460E+02
 4887   0.24364070E+02
 4888   0.18884680E+02
 4889   0.14246830E+02
 4890   0.81231100E+01
 4891   0.86657600E+01
 4892   0.10068770E+02
 4893   0.74039400E+01
 4894   0.52787200E+01
 4895   0.40287500E+01
 4896   0.28445400E+01
 4897   0.32608600E+01
 4898   0.23411100E+01
 4899   0.18269800E+01
 4900   0.42913300E+01
 4901   0.70815400E+01
 4902   0.10296680E+02
 4903   0.76952900E+01
 4904   0.49075300E+01
 4905   0.32496500E+01
 4906   0.22300200E+01
 4907   0.83808800E+01
 4908   0.85980800E+01
 4909   0.13289800E+02
 4910   0.13538327E+03
 4911   0.12689575E+03
 4912   0.80525500E+02
 4913   0.69970130E+02
 4914   0.50292830E+02
 4915   0.34938800E+02
 4916   0.24024560E+02
 4917   0.17935850E+02
 4918   0.18603700E+02
 4919   0.18710240E+02
 4920   0.14416220E+02
 4921   0.21854480E+02
 4922   0.17086620E+02
 4923   0.12126890E+02
 4924   0.81500900E+01
 4925   0.56938800E+01
 4926   0.34465800E+01
 4927   0.24377000E+01
 4928   0.18628100E+01
 4929   0.14956400E+01
 4930   0.12792600E+01
 4931   0.10052200E+01
 4932   0.64291200E+01
 4933   0.83229900E+01
 4934   0.12112990E+02
 4935   0.10715530E+02
 4936   0.72882200E+01
 4937   0.40342200E+01
 4938   0.52563700E+01
 4939   0.66961900E+01
 4940   0.12421130E+02
 4941   0.14249020E+03
 4942   0.31058816E+03
 4943   0.21432127E+03
 4944   0.15061606E+03
 4945   0.97344140E+02
 4946   0.65432980E+02
 4947   0.50488110E+02
 4948   0.46581510E+02
 4949   0.47119580E+02
 4950   0.45412170E+02
 4951   0.38919250E+02
 4952   0.28911860E+02
 4953   0.22253830E+02
 4954   0.17423930E+02
 4955   0.13132990E+02
 4956   0.10216570E+02
 4957   0.80577400E+01
 4958   0.63923900E+01
 4959   0.46666000E+01
 4960   0.57966700E+01
 4961   0.13292370E+02
 4962   0.16707850E+02
 4963   0.66552250E+02
 4964   0.10671269E+03
 4965   0.97226180E+02
 4966   0.71230660E+02
 4967   0.49285660E+02
 4968   0.34933650E+02
 4969   0.24818740E+02
 4970   0.18552770E+02
 4971   0.13542330E+02
 4972   0.10654870E+02
 4973   0.33306980E+02
 4974   0.44744130E+02
 4975   0.31000190E+02
 4976   0.17755140E+02
 4977   0.10410860E+02
 4978   0.65014200E+01
 4979   0.36288600E+01
 4980   0.25805300E+01
 4981   0.95198000E+01
 4982   0.11646070E+02
 4983   0.83749480E+02
 4984   0.87291960E+02
 4985   0.58990640E+02
 4986   0.40467210E+02
 4987   0.28739690E+02
 4988   0.21117590E+02
 4989   0.20286660E+02
 4990   0.14495370E+02
 4991   0.10723070E+02
 4992   0.80510600E+01
 4993   0.44141500E+01
 4994   0.39729800E+01
 4995   0.35220900E+01
 4996   0.30697900E+01
 4997   0.11190930E+02
 4998   0.23192070E+02
 4999   0.24642820E+02
 5000   0.22475670E+02
 5001   0.21030830E+02
 5002   0.19321490E+02
 5003   0.14284390E+02
 5004   0.11162460E+02
 5005   0.89680700E+01
 5006   0.70459800E+01
 5007   0.53013000E+01
 5008   0.39677200E+01
 5009   0.38141000E+01
 5010   0.46601000E+01
 5011   0.39955300E+01
 5012   0.63282200E+01
 5013   0.15142980E+02
 5014   0.61704800E+02
 5015   0.96708090E+02
 5016   0.90237020E+02
 5017   0.62377640E+02
 5018   0.41202240E+02
 5019   0.27614950E+02
 5020   0.19191340E+02
 5021   0.13481480E+02
 5022   0.98129500E+01
 5023   0.60461800E+01
 5024   0.42457300E+01
 5025   0.58122200E+01
 5026   0.14893490E+02
 5027   0.48568580E+02
 5028   0.24516782E+03
 5029   0.30854578E+03
 5030   0.19389408E+03
 5031   0.11427135E+03
 5032   0.70532570E+02
 5033   0.46002490E+02
 5034   0.34754630E+02
 5035   0.52097240E+02
 5036   0.21885725E+03
 5037   0.33730178E+03
 5038   0.21334408E+03
 5039   0.13308785E+03
 5040   0.92449480E+02
 5041   0.72476330E+02
 5042   0.70292360E+02
 5043   0.76451180E+02
 5044   0.81994780E+02
 5045   0.10185353E+03
 5046   0.11217712E+03
 5047   0.90979700E+02
 5048   0.67040300E+02
 5049   0.47035120E+02
 5050   0.33100540E+02
 5051   0.23639190E+02
 5052   0.17286490E+02
 5053   0.12442610E+02
 5054   0.80074800E+01
 5055   0.60134000E+01
 5056   0.87951800E+01
 5057   0.15010330E+02
 5058   0.24649260E+02
 5059   0.67162290E+02
 5060   0.82738200E+02
 5061   0.65444260E+02
 5062   0.49547010E+02
 5063   0.37419510E+02
 5064   0.25983360E+02
 5065   0.20264580E+02
 5066   0.15686140E+02
 5067   0.12246270E+02
 5068   0.98026100E+01
 5069   0.84953300E+01
 5070   0.70766900E+01
 5071   0.62116600E+01
 5072   0.56313400E+01
 5073   0.10362940E+02
 5074   0.12409070E+02
 5075   0.82801200E+01
 5076   0.69415200E+01
 5077   0.60323900E+01
 5078   0.48895900E+01
 5079   0.64736500E+01
 5080   0.65714200E+01
 5081   0.46868100E+01
 5082   0.45043700E+01
 5083   0.36973700E+01
 5084   0.31098700E+01
 5085   0.19147200E+01
 5086   0.18092500E+01
 5087   0.16971300E+01
 5088   0.15696900E+01
 5089   0.14869600E+01
 5090   0.13853600E+01
 5091   0.27179200E+01
 5092   0.23421400E+01
 5093   0.18725000E+01
 5094   0.15443400E+01
 5095   0.11696400E+01
 5096   0.99923000E+00
 5097   0.86163000E+00
 5098   0.75608000E+00
 5099   0.69442000E+00
 5100   0.65160000E+00
 5101   0.61538000E+00
 5102   0.58114000E+00
 5103   0.54860000E+00
 5104   0.52033000E+00
 5105   0.60565000E+00
 5106   0.61353000E+00
 5107   0.65459000E+00
 5108   0.64710000E+00
 5109   0.61449000E+00
 5110   0.38060200E+01
 5111   0.31624200E+01
 5112   0.29347200E+01
 5113   0.25132900E+01
 5114   0.20034300E+01
 5115   0.25823500E+01
 5116   0.15378200E+01
 5117   0.12254800E+01
 5118   0.10355200E+01
 5119   0.77898000E+00
 5120   0.65238000E+00
 5121   0.52937000E+00
 5122   0.41815000E+00
 5123   0.35848000E+00
 5124   0.32068000E+00
 5125   0.31593000E+00
 5126   0.45270000E+00
 5127   0.35315000E+00
 5128   0.29051000E+00
 5129   0.27387000E+00
 5130   0.28852000E+00
 5131   0.74890900E+01
 5132   0.12869400E+02
 5133   0.32190430E+02
 5134   0.14996022E+03
 5135   0.26308949E+03
 5136   0.34693189E+03
 5137   0.24861597E+03
 5138   0.17682816E+03
 5139   0.12475316E+03
 5140   0.81172080E+02
 5141   0.54300950E+02
 5142   0.38072340E+02
 5143   0.27662420E+02
 5144   0.22386760E+02
 5145   0.35162490E+02
 5146   0.32280880E+02
 5147   0.30346540E+02
 5148   0.30398200E+02
 5149   0.26540380E+02
 5150   0.32772530E+02
 5151   0.42073960E+02
 5152   0.42670160E+02
 5153   0.47490470E+02
 5154   0.39736180E+02
 5155   0.30175310E+02
 5156   0.22943090E+02
 5157   0.21043960E+02
 5158   0.21822290E+02
 5159   0.22367930E+02
 5160   0.17455720E+02
 5161   0.12896540E+02
 5162   0.98040000E+01
 5163   0.81206700E+01
 5164   0.13893440E+02
 5165   0.17713760E+02
 5166   0.17114290E+02
 5167   0.11874870E+02
 5168   0.94904000E+01
 5169   0.82501600E+01
 5170   0.73615200E+01
 5171   0.66809700E+01
 5172   0.58609600E+01
 5173   0.49439600E+01
 5174   0.43191000E+01
 5175   0.42889900E+01
 5176   0.41151400E+01
 5177   0.25936090E+02
 5178   0.87541780E+02
 5179   0.94472950E+02
 5180   0.84413860E+02
 5181   0.64158310E+02
 5182   0.46693930E+02
 5183   0.83119400E+02
 5184   0.87401370E+02
 5185   0.96360870E+02
 5186   0.22689241E+03
 5187   0.16815518E+03
 5188   0.15045339E+03
 5189   0.16867085E+03
 5190   0.14463923E+03
 5191   0.10898080E+03
 5192   0.75253360E+02
 5193   0.49697320E+02
 5194   0.35225980E+02
 5195   0.30959800E+02
 5196   0.24701480E+02
 5197   0.18783270E+02
 5198   0.11537570E+02
 5199   0.85348000E+01
 5200   0.69762900E+01
 5201   0.57186600E+01
 5202   0.46511300E+01
 5203   0.38674200E+01
 5204   0.65331400E+01
 5205   0.23768890E+02
 5206   0.65658700E+02
 5207   0.58143120E+02
 5208   0.39476330E+02
 5209   0.33122220E+02
 5210   0.27842660E+02
 5211   0.21630160E+02
 5212   0.16318020E+02
 5213   0.12014380E+02
 5214   0.94385000E+01
 5215   0.74834900E+01
 5216   0.57610500E+01
 5217   0.41354800E+01
 5218   0.21379400E+01
 5219   0.21724700E+01
 5220   0.17502900E+01
 5221   0.14811000E+01
 5222   0.12872600E+01
 5223   0.11534100E+01
 5224   0.10418600E+01
 5225   0.99166000E+00
 5226   0.38285600E+01
 5227   0.13202760E+02
 5228   0.60492670E+02
 5229   0.11058202E+03
 5230   0.80554000E+02
 5231   0.60685130E+02
 5232   0.44301370E+02
 5233   0.31094700E+02
 5234   0.22337380E+02
 5235   0.20366480E+02
 5236   0.15760740E+02
 5237   0.11561680E+02
 5238   0.90712200E+01
 5239   0.50256100E+01
 5240   0.37010900E+01
 5241   0.30515000E+01
 5242   0.24784100E+01
 5243   0.20293600E+01
 5244   0.16577100E+01
 5245   0.14282700E+01
 5246   0.12987200E+01
 5247   0.13293700E+01
 5248   0.22020200E+02
 5249   0.25597800E+02
 5250   0.45987470E+02
 5251   0.50173980E+02
 5252   0.33520900E+02
 5253   0.22526030E+02
 5254   0.20513620E+02
 5255   0.19184020E+02
 5256   0.21077500E+02
 5257   0.15297723E+03
 5258   0.19915688E+03
 5259   0.12857326E+03
 5260   0.93213710E+02
 5261   0.79323110E+02
 5262   0.83838570E+02
 5263   0.59770430E+02
 5264   0.41334410E+02
 5265   0.31357650E+02
 5266   0.26846890E+02
 5267   0.32479910E+02
 5268   0.55112790E+02
 5269   0.12361651E+03
 5270   0.11572642E+03
 5271   0.49351784E+03
 5272   0.66616415E+03
 5273   0.38917992E+03
 5274   0.77133285E+03
 5275   0.45847102E+03
 5276   0.24365269E+03
 5277   0.13346729E+03
 5278   0.79855810E+02
 5279   0.53114150E+02
 5280   0.35683290E+02
 5281   0.31615570E+02
 5282   0.40333550E+02
 5283   0.44216950E+02
 5284   0.35575500E+02
 5285   0.27926140E+02
 5286   0.42050720E+02
 5287   0.46590910E+02
 5288   0.33435580E+02
 5289   0.22870220E+02
 5290   0.15430860E+02
 5291   0.12423050E+02
 5292   0.10826630E+02
 5293   0.91362900E+01
 5294   0.75562100E+01
 5295   0.62172100E+01
 5296   0.65564800E+01
 5297   0.80065100E+01
 5298   0.12915450E+02
 5299   0.10537900E+02
 5300   0.64374300E+01
 5301   0.11115500E+02
 5302   0.16606410E+02
 5303   0.23107660E+02
 5304   0.10219411E+03
 5305   0.12577605E+03
 5306   0.59902750E+02
 5307   0.31128640E+02
 5308   0.19309530E+02
 5309   0.39198510E+02
 5310   0.20642818E+03
 5311   0.28399382E+03
 5312   0.16586519E+03
 5313   0.95820630E+02
 5314   0.64700850E+02
 5315   0.44203210E+02
 5316   0.36075550E+02
 5317   0.51146860E+02
 5318   0.10150184E+03
 5319   0.35956720E+03
 5320   0.17292266E+03
 5321   0.12311616E+03
 5322   0.80341750E+02
 5323   0.51438600E+02
 5324   0.14909087E+03
 5325   0.79374091E+03
 5326   0.40951413E+03
 5327   0.40318493E+03
 5328   0.32634257E+03
 5329   0.17391158E+03
 5330   0.10104295E+03
 5331   0.61375230E+02
 5332   0.42764350E+02
 5333   0.31261310E+02
 5334   0.25208380E+02
 5335   0.24662710E+02
 5336   0.23343060E+02
 5337   0.33093030E+02
 5338   0.46806670E+02
 5339   0.46548950E+02
 5340   0.50108300E+02
 5341   0.43772060E+02
 5342   0.35241210E+02
 5343   0.27726680E+02
 5344   0.21561230E+02
 5345   0.17876120E+02
 5346   0.15306190E+02
 5347   0.16610900E+02
 5348   0.23029050E+02
 5349   0.67926790E+02
 5350   0.90957920E+02
 5351   0.67786880E+02
 5352   0.47004700E+02
 5353   0.32324280E+02
 5354   0.22876990E+02
 5355   0.18181930E+02
 5356   0.15161370E+02
 5357   0.20897370E+02
 5358   0.95108220E+02
 5359   0.26859687E+03
 5360   0.23906888E+03
 5361   0.14774447E+03
 5362   0.13569015E+03
 5363   0.36267252E+03
 5364   0.36219535E+03
 5365   0.19764799E+03
 5366   0.11239174E+03
 5367   0.70085140E+02
 5368   0.48549710E+02
 5369   0.42616070E+02
 5370   0.39207570E+02
 5371   0.48212570E+02
 5372   0.49420640E+02
 5373   0.39264450E+02
 5374   0.28056170E+02
 5375   0.19819590E+02
 5376   0.14448300E+02
 5377   0.17795930E+02
 5378   0.44981770E+02
 5379   0.43432346E+03
 5380   0.20559322E+04
 5381   0.82315560E+03
 5382   0.39097885E+03
 5383   0.47313724E+03
 5384   0.39998132E+03
 5385   0.22400670E+03
 5386   0.12563441E+03
 5387   0.75779040E+02
 5388   0.48458280E+02
 5389   0.32944770E+02
 5390   0.23231780E+02
 5391   0.17088390E+02
 5392   0.11167720E+02
 5393   0.89663200E+01
 5394   0.75365000E+01
 5395   0.57702600E+01
 5396   0.42936300E+01
 5397   0.34427100E+01
 5398   0.28526300E+01
 5399   0.40203100E+01
 5400   0.69712700E+01
 5401   0.15303270E+02
 5402   0.18273590E+02
 5403   0.14574260E+02
 5404   0.11649700E+02
 5405   0.99990200E+01
 5406   0.86080500E+01
 5407   0.74181500E+01
 5408   0.63054800E+01
 5409   0.50450600E+01
 5410   0.40325500E+01
 5411   0.39437300E+01
 5412   0.13880650E+02
 5413   0.35103250E+02
 5414   0.12440484E+03
 5415   0.11134649E+03
 5416   0.85052770E+02
 5417   0.60968470E+02
 5418   0.43352810E+02
 5419   0.34230270E+02
 5420   0.29825850E+02
 5421   0.23950610E+02
 5422   0.23645370E+02
 5423   0.26503390E+02
 5424   0.28354100E+02
 5425   0.32120470E+02
 5426   0.31866200E+02
 5427   0.26258260E+02
 5428   0.20294590E+02
 5429   0.15119000E+02
 5430   0.11242180E+02
 5431   0.86560600E+01
 5432   0.66212300E+01
 5433   0.32040400E+01
 5434   0.28053400E+01
 5435   0.23393300E+01
 5436   0.18868200E+01
 5437   0.15637000E+01
 5438   0.13397600E+01
 5439   0.11865800E+01
 5440   0.10533000E+01
 5441   0.94909000E+00
 5442   0.77335000E+00
 5443   0.68908000E+00
 5444   0.61250000E+00
 5445   0.53671000E+00
 5446   0.48111000E+00
 5447   0.43491000E+00
 5448   0.82291000E+00
 5449   0.65229000E+00
 5450   0.58010000E+00
 5451   0.51401000E+00
 5452   0.42283000E+00
 5453   0.34159000E+00
 5454   0.27489000E+00
 5455   0.22428000E+00
 5456   0.43023000E+00
 5457   0.35086000E+00
 5458   0.36164000E+01
 5459   0.36146200E+01
 5460   0.29218900E+01
 5461   0.25259600E+01
 5462   0.21187500E+01
 5463   0.16630300E+01
 5464   0.11875500E+01
 5465   0.10177400E+01
 5466   0.11452400E+01
 5467   0.11694200E+01
 5468   0.19888700E+01
 5469   0.72150600E+01
 5470   0.12802590E+02
 5471   0.13935690E+02
 5472   0.12270460E+02
 5473   0.10147590E+02
 5474   0.67449000E+01
 5475   0.51527100E+01
 5476   0.41873900E+01
 5477   0.34301100E+01
 5478   0.28474200E+01
 5479   0.24014500E+01
 5480   0.19561000E+01
 5481   0.38484400E+01
 5482   0.31891500E+01
 5483   0.24648800E+01
 5484   0.21378100E+01
 5485   0.14605600E+01
 5486   0.12265300E+01
 5487   0.11083400E+01
 5488   0.10264400E+01
 5489   0.96209000E+00
 5490   0.84089000E+00
 5491   0.84735000E+00
 5492   0.53365800E+01
 5493   0.27317180E+02
 5494   0.45021430E+02
 5495   0.33198630E+02
 5496   0.29134960E+02
 5497   0.26688420E+02
 5498   0.21503500E+02
 5499   0.16924570E+02
 5500   0.15722480E+02
 5501   0.12037170E+02
 5502   0.93825400E+01
 5503   0.73966500E+01
 5504   0.57129700E+01
 5505   0.28100100E+01
 5506   0.24254400E+01
 5507   0.19985300E+01
 5508   0.17846400E+01
 5509   0.15148800E+01
 5510   0.13123900E+01
 5511   0.20889500E+01
 5512   0.59298700E+01
 5513   0.14144540E+02
 5514   0.25311110E+02
 5515   0.28970370E+02
 5516   0.30234800E+02
 5517   0.25574000E+02
 5518   0.19951500E+02
 5519   0.15110740E+02
 5520   0.11480780E+02
 5521   0.90185200E+01
 5522   0.72982600E+01
 5523   0.99233600E+01
 5524   0.81413600E+01
 5525   0.68957700E+01
 5526   0.41202900E+01
 5527   0.36259900E+01
 5528   0.33177900E+01
 5529   0.29927400E+01
 5530   0.26900900E+01
 5531   0.24553500E+01
 5532   0.28731700E+01
 5533   0.85028300E+01
 5534   0.99192000E+01
 5535   0.10052320E+02
 5536   0.11763160E+02
 5537   0.14093830E+02
 5538   0.12748660E+02
 5539   0.10905380E+02
 5540   0.93208200E+01
 5541   0.79041800E+01
 5542   0.66742400E+01
 5543   0.54199300E+01
 5544   0.17229780E+02
 5545   0.20742300E+02
 5546   0.13849660E+02
 5547   0.11711350E+02
 5548   0.97889800E+01
 5549   0.67600000E+01
 5550   0.44270900E+01
 5551   0.31253600E+01
 5552   0.23197200E+01
 5553   0.17940500E+01
 5554   0.14417300E+01
 5555   0.12738100E+01
 5556   0.94181000E+00
 5557   0.72859000E+00
 5558   0.64120000E+00
 5559   0.58012000E+00
 5560   0.12236300E+01
 5561   0.10448900E+01
 5562   0.91109000E+00
 5563   0.79613000E+00
 5564   0.71111000E+00
 5565   0.66739000E+00
 5566   0.56899000E+00
 5567   0.44811000E+00
 5568   0.36581000E+00
 5569   0.30188000E+00
 5570   0.25019000E+00
 5571   0.21045000E+00
 5572   0.18448000E+00
 5573   0.37122700E+01
 5574   0.50532200E+01
 5575   0.37350000E+01
 5576   0.30702700E+01
 5577   0.17733200E+01
 5578   0.13878500E+01
 5579   0.11467000E+01
 5580   0.98397000E+00
 5581   0.77044000E+00
 5582   0.65216000E+00
 5583   0.63841000E+00
 5584   0.57660000E+00
 5585   0.56999000E+00
 5586   0.58826000E+00
 5587   0.12934610E+02
 5588   0.48387980E+02
 5589   0.45693890E+02
 5590   0.34831560E+02
 5591   0.53464100E+02
 5592   0.10081431E+03
 5593   0.67399870E+02
 5594   0.40516630E+02
 5595   0.43188450E+02
 5596   0.38723770E+02
 5597   0.26888700E+02
 5598   0.19732190E+02
 5599   0.14213110E+02
 5600   0.10780810E+02
 5601   0.85966100E+01
 5602   0.70540800E+01
 5603   0.56562700E+01
 5604   0.42649500E+01
 5605   0.33873000E+01
 5606   0.25311900E+01
 5607   0.30130200E+01
 5608   0.13343550E+02
 5609   0.11678690E+02
 5610   0.96633200E+01
 5611   0.69485400E+01
 5612   0.43512800E+01
 5613   0.37846700E+01
 5614   0.31184100E+01
 5615   0.39801200E+01
 5616   0.93287900E+01
 5617   0.25248940E+02
 5618   0.28903460E+02
 5619   0.29394600E+02
 5620   0.30822310E+02
 5621   0.30096590E+02
 5622   0.26657290E+02
 5623   0.21753910E+02
 5624   0.17436290E+02
 5625   0.13826640E+02
 5626   0.12569320E+02
 5627   0.39065920E+02
 5628   0.42501160E+02
 5629   0.39254620E+02
 5630   0.36159950E+02
 5631   0.30584500E+02
 5632   0.23356580E+02
 5633   0.64604920E+02
 5634   0.66753298E+03
 5635   0.62145931E+03
 5636   0.30248118E+03
 5637   0.15057169E+03
 5638   0.83633790E+02
 5639   0.53199630E+02
 5640   0.35950970E+02
 5641   0.25062570E+02
 5642   0.18606340E+02
 5643   0.14056870E+02
 5644   0.11590270E+02
 5645   0.19620780E+02
 5646   0.36692330E+02
 5647   0.74323870E+02
 5648   0.52442290E+02
 5649   0.30834740E+02
 5650   0.19405280E+02
 5651   0.14900850E+02
 5652   0.12060610E+02
 5653   0.94898900E+01
 5654   0.75628400E+01
 5655   0.84965800E+01
 5656   0.19429360E+02
 5657   0.16553760E+02
 5658   0.12145720E+02
 5659   0.66314600E+01
 5660   0.33958400E+01
 5661   0.24216500E+01
 5662   0.18432800E+01
 5663   0.14681000E+01
 5664   0.12449100E+01
 5665   0.10661200E+01
 5666   0.88958000E+00
 5667   0.73046000E+00
 5668   0.66318000E+00
 5669   0.29101500E+01
 5670   0.10514880E+02
 5671   0.14443140E+02
 5672   0.16507580E+02
 5673   0.17020860E+02
 5674   0.15055430E+02
 5675   0.12500230E+02
 5676   0.10120040E+02
 5677   0.83437600E+01
 5678   0.72205300E+01
 5679   0.36349200E+01
 5680   0.13226300E+02
 5681   0.78575470E+02
 5682   0.60913110E+02
 5683   0.31240300E+02
 5684   0.18247330E+02
 5685   0.12968480E+02
 5686   0.81223500E+01
 5687   0.63173000E+01
 5688   0.49562200E+01
 5689   0.38566000E+01
 5690   0.20892800E+01
 5691   0.43967300E+01
 5692   0.19013670E+02
 5693   0.23945690E+02
 5694   0.21647380E+02
 5695   0.23393620E+02
 5696   0.46799620E+02
 5697   0.61639400E+02
 5698   0.52678600E+02
 5699   0.47547100E+02
 5700   0.62071460E+02
 5701   0.89830270E+02
 5702   0.59634700E+02
 5703   0.46280860E+02
 5704   0.56864320E+02
 5705   0.41281430E+02
 5706   0.29029930E+02
 5707   0.19325960E+02
 5708   0.18672810E+02
 5709   0.29404670E+02
 5710   0.33355941E+03
 5711   0.38535828E+03
 5712   0.18805025E+03
 5713   0.10331797E+03
 5714   0.63183440E+02
 5715   0.10864309E+03
 5716   0.10423622E+03
 5717   0.70800700E+02
 5718   0.52048390E+02
 5719   0.37723890E+02
 5720   0.25305170E+02
 5721   0.26445610E+02
 5722   0.91000790E+02
 5723   0.13145659E+03
 5724   0.69235500E+02
 5725   0.43745000E+02
 5726   0.32931940E+02
 5727   0.31142890E+02
 5728   0.26905370E+02
 5729   0.20137720E+02
 5730   0.14485150E+02
 5731   0.89778900E+01
 5732   0.66917900E+01
 5733   0.51004400E+01
 5734   0.39896700E+01
 5735   0.33137500E+01
 5736   0.26431500E+01
 5737   0.21635900E+01
 5738   0.17107500E+01
 5739   0.14174800E+01
 5740   0.12373900E+01
 5741   0.97556000E+00
 5742   0.77906000E+00
 5743   0.70488000E+00
 5744   0.65997000E+00
 5745   0.62222000E+00
 5746   0.58230000E+00
 5747   0.53826000E+00
 5748   0.49206000E+00
 5749   0.44720000E+00
 5750   0.40428000E+00
 5751   0.36147000E+00
 5752   0.31499000E+00
 5753   0.26479000E+00
 5754   0.21928000E+00
 5755   0.18305000E+00
 5756   0.15524000E+00
 5757   0.13377000E+00
 5758   0.11688000E+00
 5759   0.10330000E+00
 5760   0.92180000E-01
 5761   0.82930000E-01
 5762   0.75110000E-01
 5763   0.68440000E-01
 5764   0.62670000E-01
 5765   0.57660000E-01
 5766   0.53250000E-01
 5767   0.49370000E-01
 5768   0.45910000E-01
 5769   0.42820000E-01
 5770   0.40050000E-01
 5771   0.37560000E-01
 5772   0.35290000E-01
 5773   0.33240000E-01
 5774   0.31370000E-01
 5775   0.29650000E-01
 5776   0.28080000E-01
 5777   0.26640000E-01
 5778   0.25300000E-01
 5779   0.24070000E-01
 5780   0.22930000E-01
 5781   0.16570000E+00
 5782   0.10050000E+00
 5783   0.97450000E-01
 5784   0.98680000E-01
 5785   0.12377000E+00
 5786   0.16091000E+00
 5787   0.17049000E+00
 5788   0.16472000E+00
 5789   0.15702000E+00
 5790   0.14985000E+00
 5791   0.10726200E+01
 5792   0.11936190E+02
 5793   0.24866617E+03
 5794   0.28371252E+03
 5795   0.17354615E+03
 5796   0.10181266E+03
 5797   0.62804520E+02
 5798   0.41132900E+02
 5799   0.28464870E+02
 5800   0.20548930E+02
 5801   0.15635190E+02
 5802   0.11042580E+02
 5803   0.10186860E+02
 5804   0.11610750E+02
 5805   0.14105380E+02
 5806   0.15766760E+02
 5807   0.15575900E+02
 5808   0.12900760E+02
 5809   0.10458010E+02
 5810   0.84268800E+01
 5811   0.67385600E+01
 5812   0.51879900E+01
 5813   0.42429700E+01
 5814   0.18274040E+02
 5815   0.21323300E+02
 5816   0.18646140E+02
 5817   0.14893440E+02
 5818   0.13115250E+02
 5819   0.14890060E+02
 5820   0.16968240E+02
 5821   0.17393550E+02
 5822   0.20657060E+02
 5823   0.19438400E+02
 5824   0.19649840E+02
 5825   0.17790390E+02
 5826   0.14724120E+02
 5827   0.11757820E+02
 5828   0.94104200E+01
 5829   0.75018700E+01
 5830   0.59489300E+01
 5831   0.44778900E+01
 5832   0.38742300E+01
 5833   0.22991100E+01
 5834   0.22957300E+01
 5835   0.26883900E+01
 5836   0.33722500E+01
 5837   0.38374900E+01
 5838   0.42277200E+01
 5839   0.44945100E+01
 5840   0.46272600E+01
 5841   0.42772300E+01
 5842   0.38960100E+01
 5843   0.21970100E+01
 5844   0.21019200E+01
 5845   0.19274700E+01
 5846   0.17174500E+01
 5847   0.18985400E+01
 5848   0.15409200E+01
 5849   0.12913200E+01
 5850   0.11438200E+01
 5851   0.10424100E+01
 5852   0.96168000E+00
 5853   0.83505000E+00
 5854   0.69698000E+00
 5855   0.60014000E+00
 5856   0.55809000E+00
 5857   0.18220200E+01
 5858   0.12806200E+01
 5859   0.11974600E+01
 5860   0.42793700E+01
 5861   0.91343400E+01
 5862   0.11857090E+02
 5863   0.10024780E+02
 5864   0.50101300E+01
 5865   0.30631100E+01
 5866   0.21364500E+01
 5867   0.16402800E+01
 5868   0.13764500E+01
 5869   0.12172600E+01
 5870   0.43347900E+01
 5871   0.81546000E+01
 5872   0.81168300E+01
 5873   0.68849200E+01
 5874   0.34951200E+01
 5875   0.28624800E+01
 5876   0.22872600E+01
 5877   0.19263300E+01
 5878   0.17383400E+01
 5879   0.16389000E+01
 5880   0.21280900E+01
 5881   0.18356000E+01
 5882   0.15326200E+01
 5883   0.12822900E+01
 5884   0.98618000E+00
 5885   0.78313000E+00
 5886   0.70329000E+00
 5887   0.65770000E+00
 5888   0.68175600E+01
 5889   0.13655630E+02
 5890   0.31173730E+02
 5891   0.11315613E+03
 5892   0.16423305E+03
 5893   0.15265827E+03
 5894   0.11802782E+03
 5895   0.73855250E+02
 5896   0.48344250E+02
 5897   0.33588320E+02
 5898   0.24673470E+02
 5899   0.20345090E+02
 5900   0.16945410E+02
 5901   0.14127740E+02
 5902   0.13783560E+02
 5903   0.13965510E+02
 5904   0.12108520E+02
 5905   0.87662200E+01
 5906   0.69796400E+01
 5907   0.59078100E+01
 5908   0.53119400E+01
 5909   0.59274000E+01
 5910   0.16414980E+02
 5911   0.74620940E+02
 5912   0.74781110E+02
 5913   0.57489900E+02
 5914   0.46958530E+02
 5915   0.36268590E+02
 5916   0.29794790E+02
 5917   0.23645990E+02
 5918   0.29555960E+02
 5919   0.62838120E+02
 5920   0.90714600E+02
 5921   0.84892550E+02
 5922   0.66877150E+02
 5923   0.49465800E+02
 5924   0.35277730E+02
 5925   0.23204360E+02
 5926   0.17821260E+02
 5927   0.20325600E+02
 5928   0.34838060E+02
 5929   0.40626850E+02
 5930   0.39068520E+02
 5931   0.64026360E+02
 5932   0.70346470E+02
 5933   0.47483540E+02
 5934   0.31784070E+02
 5935   0.21822350E+02
 5936   0.13886890E+02
 5937   0.13652470E+02
 5938   0.15931570E+02
 5939   0.17396040E+02
 5940   0.23155570E+02
 5941   0.28257020E+02
 5942   0.24966170E+02
 5943   0.17605310E+02
 5944   0.11418110E+02
 5945   0.77461900E+01
 5946   0.44302400E+01
 5947   0.31292200E+01
 5948   0.24325500E+01
 5949   0.20493100E+01
 5950   0.17651100E+01
 5951   0.15233600E+01
 5952   0.13514400E+01
 5953   0.11809200E+01
 5954   0.10442600E+01
 5955   0.20845700E+01
 5956   0.14296500E+01
 5957   0.72726700E+01
 5958   0.11497140E+02
 5959   0.95956400E+01
 5960   0.71663800E+01
 5961   0.47976400E+01
 5962   0.31297500E+01
 5963   0.22231200E+01
 5964   0.16753700E+01
 5965   0.13525500E+01
 5966   0.11082400E+01
 5967   0.64816400E+01
 5968   0.54309300E+01
 5969   0.34003300E+01
 5970   0.43408900E+01
 5971   0.14231480E+02
 5972   0.11356916E+03
 5973   0.13415026E+03
 5974   0.70423350E+02
 5975   0.43824080E+02
 5976   0.32977110E+02
 5977   0.23959000E+02
 5978   0.18425250E+02
 5979   0.14326580E+02
 5980   0.15093090E+02
 5981   0.23787680E+02
 5982   0.20897050E+02
 5983   0.21490940E+02
 5984   0.46686360E+02
 5985   0.47270250E+02
 5986   0.31094410E+02
 5987   0.17858660E+02
 5988   0.14020090E+02
 5989   0.13992500E+02
 5990   0.14683650E+02
 5991   0.15586290E+02
 5992   0.13986700E+02
 5993   0.46118450E+02
 5994   0.97462040E+02
 5995   0.65404550E+02
 5996   0.88342290E+02
 5997   0.17349583E+03
 5998   0.10688152E+03
 5999   0.77595620E+02
 6000   0.59491210E+02
 6001   0.45630180E+02
 6002   0.32596620E+02
 6003   0.51030630E+02
 6004   0.61205940E+02
 6005   0.49810750E+02
 6006   0.50536710E+02
 6007   0.46048620E+02
 6008   0.39892320E+02
 6009   0.55087520E+02
 6010   0.10891796E+03
 6011   0.89814840E+02
 6012   0.48593560E+02
 6013   0.28366600E+02
 6014   0.18122520E+02
 6015   0.17691930E+02
 6016   0.25169210E+02
 6017   0.19613440E+02
 6018   0.32030630E+02
 6019   0.14021613E+03
 6020   0.30964580E+03
 6021   0.22834820E+03
 6022   0.19292959E+03
 6023   0.11701545E+03
 6024   0.73119940E+02
 6025   0.48729680E+02
 6026   0.34504940E+02
 6027   0.44429170E+02
 6028   0.34491860E+02
 6029   0.23083260E+02
 6030   0.14691920E+02
 6031   0.99816900E+01
 6032   0.71066600E+01
 6033   0.50203300E+01
 6034   0.36863200E+01
 6035   0.37713200E+01
 6036   0.63499600E+01
 6037   0.80522300E+01
 6038   0.44936100E+01
 6039   0.30539900E+01
 6040   0.22288400E+01
 6041   0.24875800E+01
 6042   0.33544410E+02
 6043   0.33230361E+03
 6044   0.26268569E+03
 6045   0.18400558E+03
 6046   0.44578379E+03
 6047   0.24285590E+03
 6048   0.13938853E+03
 6049   0.85754680E+02
 6050   0.86160440E+02
 6051   0.11305565E+03
 6052   0.24120601E+03
 6053   0.11115683E+03
 6054   0.67034050E+02
 6055   0.61123540E+02
 6056   0.64514250E+02
 6057   0.47014340E+02
 6058   0.30399670E+02
 6059   0.18658280E+02
 6060   0.13312220E+02
 6061   0.10429610E+02
 6062   0.84322700E+01
 6063   0.68470200E+01
 6064   0.53645700E+01
 6065   0.41063300E+01
 6066   0.32588500E+01
 6067   0.25411400E+01
 6068   0.19966300E+01
 6069   0.14276000E+01
 6070   0.12107900E+01
 6071   0.10989000E+01
 6072   0.99822000E+00
 6073   0.87088000E+00
 6074   0.74935000E+00
 6075   0.68283000E+00
 6076   0.63057000E+00
 6077   0.58041000E+00
 6078   0.53088000E+00
 6079   0.48029000E+00
 6080   0.41853000E+00
 6081   0.35720000E+00
 6082   0.13663600E+01
 6083   0.63441800E+01
 6084   0.24814690E+02
 6085   0.16230646E+03
 6086   0.18474117E+03
 6087   0.17416102E+03
 6088   0.15950637E+03
 6089   0.11730816E+03
 6090   0.83362920E+02
 6091   0.58117420E+02
 6092   0.42137870E+02
 6093   0.32235320E+02
 6094   0.54952730E+02
 6095   0.81860940E+02
 6096   0.90381670E+02
 6097   0.91417500E+02
 6098   0.79631820E+02
 6099   0.10368969E+03
 6100   0.14839545E+03
 6101   0.17964702E+03
 6102   0.13727709E+03
 6103   0.11708091E+03
 6104   0.94820630E+02
 6105   0.62628710E+02
 6106   0.42010600E+02
 6107   0.29917080E+02
 6108   0.21678400E+02
 6109   0.16093670E+02
 6110   0.10459070E+02
 6111   0.81996200E+01
 6112   0.66261000E+01
 6113   0.52835700E+01
 6114   0.73841400E+01
 6115   0.62663100E+01
 6116   0.44195100E+01
 6117   0.38060400E+01
 6118   0.31658100E+01
 6119   0.24142100E+01
 6120   0.15475700E+01
 6121   0.14213400E+01
 6122   0.13637300E+01
 6123   0.12364100E+01
 6124   0.58161200E+01
 6125   0.24668380E+02
 6126   0.80057890E+02
 6127   0.16480259E+03
 6128   0.15177337E+03
 6129   0.16666733E+03
 6130   0.15734057E+03
 6131   0.15131280E+03
 6132   0.13312432E+03
 6133   0.95694050E+02
 6134   0.64024010E+02
 6135   0.44237570E+02
 6136   0.31415810E+02
 6137   0.22772150E+02
 6138   0.17224890E+02
 6139   0.12931610E+02
 6140   0.10021930E+02
 6141   0.66919800E+01
 6142   0.51221300E+01
 6143   0.42997100E+01
 6144   0.36333000E+01
 6145   0.31875400E+01
 6146   0.28291500E+01
 6147   0.24451400E+01
 6148   0.21161400E+01
 6149   0.25132100E+01
 6150   0.32045100E+01
 6151   0.18568700E+01
 6152   0.17662000E+01
 6153   0.21809200E+01
 6154   0.26228700E+01
 6155   0.28941800E+01
 6156   0.29723100E+01
 6157   0.29146400E+01
 6158   0.27005700E+01
 6159   0.23236500E+01
 6160   0.19061500E+01
 6161   0.13383300E+01
 6162   0.11226600E+01
 6163   0.10155300E+01
 6164   0.94123000E+00
 6165   0.11045400E+01
 6166   0.45670800E+01
 6167   0.39026700E+01
 6168   0.45859700E+01
 6169   0.57792200E+01
 6170   0.58033400E+01
 6171   0.45355300E+01
 6172   0.49105100E+01
 6173   0.53026400E+01
 6174   0.55618500E+01
 6175   0.52959000E+01
 6176   0.47813200E+01
 6177   0.42939800E+01
 6178   0.37357500E+01
 6179   0.32048100E+01
 6180   0.26833200E+01
 6181   0.22711900E+01
 6182   0.14554700E+01
 6183   0.12080200E+01
 6184   0.10988400E+01
 6185   0.32909800E+01
 6186   0.30918600E+01
 6187   0.44056000E+01
 6188   0.36959700E+01
 6189   0.27448600E+01
 6190   0.19952900E+01
 6191   0.15075900E+01
 6192   0.11054000E+01
 6193   0.87391000E+00
 6194   0.69892000E+00
 6195   0.59941000E+00
 6196   0.51586000E+00
 6197   0.44775000E+00
 6198   0.40224000E+00
 6199   0.36211000E+00
 6200   0.32645000E+00
 6201   0.29462000E+00
 6202   0.53719000E+00
 6203   0.35927000E+00
 6204   0.28204000E+00
 6205   0.12751200E+01
 6206   0.10041100E+01
 6207   0.81601000E+00
 6208   0.71238000E+00
 6209   0.67201000E+00
 6210   0.14548900E+01
 6211   0.13184800E+01
 6212   0.10083900E+01
 6213   0.10483100E+01
 6214   0.20524600E+01
 6215   0.31746000E+01
 6216   0.39399700E+01
 6217   0.42374600E+01
 6218   0.42645200E+01
 6219   0.55384300E+01
 6220   0.66308100E+01
 6221   0.13039470E+02
 6222   0.22340340E+02
 6223   0.21426310E+02
 6224   0.18713480E+02
 6225   0.15593210E+02
 6226   0.12398820E+02
 6227   0.10054330E+02
 6228   0.82157200E+01
 6229   0.26060590E+02
 6230   0.34332980E+02
 6231   0.30387740E+02
 6232   0.23674030E+02
 6233   0.17596390E+02
 6234   0.21825490E+02
 6235   0.18958470E+02
 6236   0.15114080E+02
 6237   0.11705410E+02
 6238   0.89956200E+01
 6239   0.70342200E+01
 6240   0.55603400E+01
 6241   0.42649100E+01
 6242   0.35185100E+01
 6243   0.37252300E+01
 6244   0.25811100E+01
 6245   0.20193200E+01
 6246   0.17056800E+01
 6247   0.14628600E+01
 6248   0.13067300E+01
 6249   0.14723400E+01
 6250   0.12938000E+01
 6251   0.12047500E+01
 6252   0.11319700E+01
 6253   0.90339000E+00
 6254   0.80583000E+00
 6255   0.75578000E+00
 6256   0.69266000E+00
 6257   0.54410800E+01
 6258   0.57885000E+01
 6259   0.46504000E+01
 6260   0.40178200E+01
 6261   0.32234900E+01
 6262   0.26622600E+01
 6263   0.20492800E+01
 6264   0.15077300E+01
 6265   0.12270100E+01
 6266   0.21079100E+01
 6267   0.11304880E+02
 6268   0.12120050E+02
 6269   0.10246700E+02
 6270   0.80540100E+01
 6271   0.71365500E+01
 6272   0.61519400E+01
 6273   0.47105500E+01
 6274   0.24749400E+01
 6275   0.21852400E+01
 6276   0.18731100E+01
 6277   0.17063800E+01
 6278   0.38161400E+01
 6279   0.59465100E+01
 6280   0.12890210E+02
 6281   0.21843480E+02
 6282   0.20393830E+02
 6283   0.14230880E+02
 6284   0.80507100E+01
 6285   0.50708100E+01
 6286   0.66354900E+01
 6287   0.49872200E+01
 6288   0.35907700E+01
 6289   0.43461300E+01
 6290   0.13862380E+02
 6291   0.21128100E+02
 6292   0.18039610E+02
 6293   0.14676730E+02
 6294   0.11434480E+02
 6295   0.99981900E+01
 6296   0.79022700E+01
 6297   0.78556000E+01
 6298   0.18430770E+02
 6299   0.18908410E+02
 6300   0.15502620E+02
 6301   0.12049300E+02
 6302   0.97378400E+01
 6303   0.78951000E+01
 6304   0.85140400E+01
 6305   0.76444000E+01
 6306   0.55639400E+01
 6307   0.41942400E+01
 6308   0.34586300E+01
 6309   0.67122900E+01
 6310   0.91991700E+01
 6311   0.72522400E+01
 6312   0.89914000E+01
 6313   0.23495580E+02
 6314   0.19940200E+02
 6315   0.12061600E+02
 6316   0.78767600E+01
 6317   0.54547500E+01
 6318   0.39485400E+01
 6319   0.32675900E+01
 6320   0.28212800E+01
 6321   0.42203500E+01
 6322   0.32954000E+01
 6323   0.24690200E+01
 6324   0.38003600E+01
 6325   0.21039200E+01
 6326   0.16970100E+01
 6327   0.13545600E+01
 6328   0.11696500E+01
 6329   0.10395200E+01
 6330   0.11150000E+01
 6331   0.91779000E+00
 6332   0.74803000E+00
 6333   0.66577000E+00
 6334   0.58731000E+00
 6335   0.49717000E+00
 6336   0.41584000E+00
 6337   0.35370000E+00
 6338   0.32611000E+00
 6339   0.49630200E+01
 6340   0.37745100E+01
 6341   0.28408000E+01
 6342   0.22124700E+01
 6343   0.16641100E+01
 6344   0.13024500E+01
 6345   0.10945600E+01
 6346   0.78700000E+00
 6347   0.61643000E+00
 6348   0.85149000E+00
 6349   0.88252400E+01
 6350   0.22554074E+03
 6351   0.15735991E+03
 6352   0.96075610E+02
 6353   0.61157090E+02
 6354   0.52129750E+02
 6355   0.13575605E+03
 6356   0.36782801E+03
 6357   0.21379744E+03
 6358   0.12261732E+03
 6359   0.75701670E+02
 6360   0.77833870E+02
 6361   0.19759299E+03
 6362   0.34185292E+03
 6363   0.43338315E+03
 6364   0.24740664E+03
 6365   0.14058657E+03
 6366   0.80827560E+02
 6367   0.56035700E+02
 6368   0.52236940E+02
 6369   0.11136005E+03
 6370   0.93166260E+02
 6371   0.56930030E+02
 6372   0.40161050E+02
 6373   0.31188450E+02
 6374   0.24862430E+02
 6375   0.20359610E+02
 6376   0.15070450E+02
 6377   0.12620350E+02
 6378   0.10426250E+02
 6379   0.85164700E+01
 6380   0.69454000E+01
 6381   0.56003000E+01
 6382   0.44688300E+01
 6383   0.99065500E+01
 6384   0.17267290E+02
 6385   0.17291780E+02
 6386   0.21367100E+02
 6387   0.22553150E+02
 6388   0.15862300E+02
 6389   0.10413230E+02
 6390   0.65737500E+01
 6391   0.36485600E+01
 6392   0.71436200E+01
 6393   0.15467880E+02
 6394   0.26150370E+02
 6395   0.23780380E+02
 6396   0.14969010E+02
 6397   0.74620000E+01
 6398   0.34953000E+01
 6399   0.19233900E+01
 6400   0.14594400E+01
 6401   0.12273100E+01
 6402   0.10540500E+01
 6403   0.80603000E+00
 6404   0.74758000E+00
 6405   0.59558000E+00
 6406   0.84794500E+01
 6407   0.48352040E+02
 6408   0.67565010E+02
 6409   0.39048960E+02
 6410   0.20014300E+02
 6411   0.10869280E+02
 6412   0.68445300E+01
 6413   0.48093500E+01
 6414   0.50985600E+01
 6415   0.54758500E+01
 6416   0.53958200E+01
 6417   0.46830300E+01
 6418   0.86194700E+01
 6419   0.75704200E+01
 6420   0.49725200E+01
 6421   0.33934600E+01
 6422   0.27855000E+01
 6423   0.26691100E+01
 6424   0.41677400E+01
 6425   0.28329600E+01
 6426   0.19304100E+01
 6427   0.14972000E+01
 6428   0.11435300E+01
 6429   0.95693000E+00
 6430   0.80395000E+00
 6431   0.71736000E+00
 6432   0.66243000E+00
 6433   0.10593100E+01
 6434   0.87731000E+00
 6435   0.75005000E+00
 6436   0.70352000E+00
 6437   0.19887410E+02
 6438   0.25939590E+02
 6439   0.56710040E+02
 6440   0.66029630E+02
 6441   0.53754430E+02
 6442   0.44272880E+02
 6443   0.36627760E+02
 6444   0.29341690E+02
 6445   0.22816380E+02
 6446   0.17730290E+02
 6447   0.13543420E+02
 6448   0.10093470E+02
 6449   0.91417300E+01
 6450   0.13846590E+02
 6451   0.92064880E+02
 6452   0.31700430E+03
 6453   0.21234461E+03
 6454   0.15635941E+03
 6455   0.16183685E+03
 6456   0.22434372E+03
 6457   0.60028666E+03
 6458   0.36060577E+03
 6459   0.21065625E+03
 6460   0.26656734E+03
 6461   0.52081381E+03
 6462   0.34197895E+03
 6463   0.19016918E+03
 6464   0.17862372E+03
 6465   0.70165144E+03
 6466   0.47799607E+03
 6467   0.27714067E+03
 6468   0.16293599E+03
 6469   0.98315380E+02
 6470   0.11372495E+03
 6471   0.16763689E+03
 6472   0.14947214E+03
 6473   0.97268550E+02
 6474   0.62624800E+02
 6475   0.41443940E+02
 6476   0.28519170E+02
 6477   0.20144500E+02
 6478   0.14451710E+02
 6479   0.93134600E+01
 6480   0.72379000E+01
 6481   0.57549700E+01
 6482   0.57392600E+01
 6483   0.12523070E+02
 6484   0.51056020E+02
 6485   0.44615200E+02
 6486   0.25324840E+02
 6487   0.14296470E+02
 6488   0.88860200E+01
 6489   0.36361100E+01
 6490   0.27449400E+01
 6491   0.21923100E+01
 6492   0.18950800E+01
 6493   0.16665600E+01
 6494   0.14418500E+01
 6495   0.12615000E+01
 6496   0.11073700E+01
 6497   0.14298700E+01
 6498   0.16294480E+02
 6499   0.47047790E+02
 6500   0.18813344E+03
 6501   0.25423726E+03
 6502   0.16154971E+03
 6503   0.99001580E+02
 6504   0.62371480E+02
 6505   0.40921870E+02
 6506   0.29005050E+02
 6507   0.27849010E+02
 6508   0.33942440E+02
 6509   0.46595690E+02
 6510   0.67577000E+02
 6511   0.79074500E+02
 6512   0.72610590E+02
 6513   0.62967450E+02
 6514   0.48829930E+02
 6515   0.35783480E+02
 6516   0.25913810E+02
 6517   0.19090230E+02
 6518   0.14254590E+02
 6519   0.10842790E+02
 6520   0.76078100E+01
 6521   0.62442500E+01
 6522   0.53560300E+01
 6523   0.45740400E+01
 6524   0.39581000E+01
 6525   0.33240000E+01
 6526   0.58362000E+01
 6527   0.42766100E+01
 6528   0.30744500E+01
 6529   0.24299500E+01
 6530   0.15184100E+01
 6531   0.12194800E+01
 6532   0.10495200E+01
 6533   0.92531000E+00
 6534   0.76423000E+00
 6535   0.69309000E+00
 6536   0.64658000E+00
 6537   0.60244000E+00
 6538   0.56285000E+00
 6539   0.65942800E+01
 6540   0.16450180E+02
 6541   0.11890692E+03
 6542   0.14546456E+03
 6543   0.98311150E+02
 6544   0.67332920E+02
 6545   0.47963200E+02
 6546   0.33655860E+02
 6547   0.24381690E+02
 6548   0.18277410E+02
 6549   0.13770190E+02
 6550   0.24621940E+02
 6551   0.45429240E+02
 6552   0.42098970E+02
 6553   0.37891510E+02
 6554   0.42140120E+02
 6555   0.39778880E+02
 6556   0.34150930E+02
 6557   0.27511270E+02
 6558   0.21744650E+02
 6559   0.17198820E+02
 6560   0.13207410E+02
 6561   0.87271700E+01
 6562   0.70535000E+01
 6563   0.70381900E+01
 6564   0.13703340E+02
 6565   0.19402070E+02
 6566   0.27625040E+02
 6567   0.22148810E+02
 6568   0.15234170E+02
 6569   0.10573490E+02
 6570   0.76657400E+01
 6571   0.38642100E+01
 6572   0.34821500E+01
 6573   0.32421300E+01
 6574   0.29560800E+01
 6575   0.28268600E+01
 6576   0.28119600E+01
 6577   0.25964900E+01
 6578   0.24014900E+01
 6579   0.22459600E+01
 6580   0.19578000E+01
 6581   0.13425100E+01
 6582   0.11509800E+01
 6583   0.10877600E+01
 6584   0.10481500E+01
 6585   0.10038700E+01
 6586   0.96278000E+00
 6587   0.91367000E+00
 6588   0.58595800E+01
 6589   0.17098580E+02
 6590   0.24922530E+02
 6591   0.25072850E+02
 6592   0.21191490E+02
 6593   0.20876650E+02
 6594   0.19305630E+02
 6595   0.16133350E+02
 6596   0.14448180E+02
 6597   0.16549190E+02
 6598   0.15940790E+02
 6599   0.12575960E+02
 6600   0.99049900E+01
 6601   0.13713540E+02
 6602   0.12690890E+02
 6603   0.95357600E+01
 6604   0.77381600E+01
 6605   0.62318700E+01
 6606   0.48336200E+01
 6607   0.64930400E+01
 6608   0.69245200E+01
 6609   0.57609100E+01
 6610   0.48911400E+01
 6611   0.39900000E+01
 6612   0.34996700E+01
 6613   0.30955000E+01
 6614   0.25549630E+02
 6615   0.76508390E+02
 6616   0.15832755E+03
 6617   0.13161746E+03
 6618   0.84122300E+02
 6619   0.54360280E+02
 6620   0.36915130E+02
 6621   0.26342990E+02
 6622   0.17508750E+02
 6623   0.37470710E+02
 6624   0.35793020E+02
 6625   0.26692950E+02
 6626   0.19950420E+02
 6627   0.16141520E+02
 6628   0.13516970E+02
 6629   0.11325800E+02
 6630   0.95149700E+01
 6631   0.78851500E+01
 6632   0.64839600E+01
 6633   0.32059100E+01
 6634   0.12348080E+02
 6635   0.23677480E+02
 6636   0.33581460E+02
 6637   0.98424160E+02
 6638   0.17609814E+03
 6639   0.19931962E+03
 6640   0.17635262E+03
 6641   0.12595400E+03
 6642   0.96644410E+02
 6643   0.63693940E+02
 6644   0.47270020E+02
 6645   0.35172890E+02
 6646   0.26162370E+02
 6647   0.19476500E+02
 6648   0.17738830E+02
 6649   0.15029270E+02
 6650   0.11694810E+02
 6651   0.11445240E+02
 6652   0.16404930E+02
 6653   0.13391910E+02
 6654   0.10341240E+02
 6655   0.91381400E+01
 6656   0.75488700E+01
 6657   0.50740300E+01
 6658   0.12508690E+02
 6659   0.15040180E+02
 6660   0.13458060E+02
 6661   0.10856040E+02
 6662   0.84983800E+01
 6663   0.50237200E+01
 6664   0.44523200E+01
 6665   0.40107100E+01
 6666   0.37118600E+01
 6667   0.34954000E+01
 6668   0.31418800E+01
 6669   0.27147400E+01
 6670   0.22331800E+01
 6671   0.17718400E+01
 6672   0.14799900E+01
 6673   0.12748300E+01
 6674   0.99309000E+00
 6675   0.78353000E+00
 6676   0.70457000E+00
 6677   0.66206000E+00
 6678   0.83210000E+00
 6679   0.67943000E+00
 6680   0.62033000E+00
 6681   0.56821000E+00
 6682   0.51879000E+00
 6683   0.47213000E+00
 6684   0.42865000E+00
 6685   0.37747000E+00
 6686   0.31775000E+00
 6687   0.26698000E+00
 6688   0.22613000E+00
 6689   0.40278000E+00
 6690   0.85723000E+01
 6691   0.63792920E+02
 6692   0.93595540E+02
 6693   0.78697030E+02
 6694   0.51829180E+02
 6695   0.37436820E+02
 6696   0.27724680E+02
 6697   0.22881220E+02
 6698   0.32645950E+02
 6699   0.28210870E+02
 6700   0.22300620E+02
 6701   0.17106290E+02
 6702   0.13550030E+02
 6703   0.11511510E+02
 6704   0.81819000E+01
 6705   0.67755300E+01
 6706   0.56577100E+01
 6707   0.51168600E+01
 6708   0.41801900E+01
 6709   0.34799400E+01
 6710   0.28765400E+01
 6711   0.28586200E+01
 6712   0.23695900E+01
 6713   0.18951900E+01
 6714   0.15236000E+01
 6715   0.11777300E+01
 6716   0.26146600E+01
 6717   0.17897900E+01
 6718   0.15149100E+01
 6719   0.39144700E+01
 6720   0.40384100E+01
 6721   0.40050800E+01
 6722   0.29559400E+01
 6723   0.84843600E+01
 6724   0.59977220E+02
 6725   0.46439110E+02
 6726   0.41911590E+02
 6727   0.63304340E+02
 6728   0.47469250E+02
 6729   0.31460500E+02
 6730   0.23708130E+02
 6731   0.19480120E+02
 6732   0.15554240E+02
 6733   0.16007500E+02
 6734   0.23368940E+02
 6735   0.41192778E+03
 6736   0.13062967E+04
 6737   0.13366306E+04
 6738   0.51481592E+03
 6739   0.24761018E+03
 6740   0.37201544E+03
 6741   0.36416240E+03
 6742   0.21231750E+03
 6743   0.11580287E+03
 6744   0.71137930E+02
 6745   0.51624540E+02
 6746   0.88247680E+02
 6747   0.11384874E+03
 6748   0.10791955E+03
 6749   0.86469750E+02
 6750   0.51895730E+02
 6751   0.36244280E+02
 6752   0.31826580E+02
 6753   0.30055450E+02
 6754   0.53799420E+02
 6755   0.13716642E+03
 6756   0.14803773E+03
 6757   0.11265551E+03
 6758   0.69960400E+02
 6759   0.46406660E+02
 6760   0.30455030E+02
 6761   0.20647900E+02
 6762   0.14208040E+02
 6763   0.10269190E+02
 6764   0.77169700E+01
 6765   0.54327900E+01
 6766   0.27254700E+01
 6767   0.24941000E+01
 6768   0.21542700E+01
 6769   0.19112800E+01
 6770   0.18068200E+01
 6771   0.15124000E+01
 6772   0.12893200E+01
 6773   0.11288100E+01
 6774   0.99890000E+00
 6775   0.82785000E+00
 6776   0.68499000E+00
 6777   0.59662000E+00
 6778   0.56761000E+00
 6779   0.59910000E+00
 6780   0.69056000E+00
 6781   0.77371000E+00
 6782   0.81294000E+00
 6783   0.84921000E+00
 6784   0.10509300E+01
 6785   0.73611100E+01
 6786   0.25330420E+02
 6787   0.21670617E+03
 6788   0.26567659E+03
 6789   0.23164334E+03
 6790   0.13655073E+03
 6791   0.96060640E+02
 6792   0.12931268E+03
 6793   0.24462966E+03
 6794   0.40190031E+03
 6795   0.62907693E+03
 6796   0.35894576E+03
 6797   0.17682874E+03
 6798   0.97702590E+02
 6799   0.60638390E+02
 6800   0.49735880E+02
 6801   0.18101462E+03
 6802   0.31261987E+03
 6803   0.13394118E+03
 6804   0.92332310E+02
 6805   0.75176610E+02
 6806   0.90555960E+02
 6807   0.12367796E+03
 6808   0.14439157E+03
 6809   0.13623043E+03
 6810   0.44149795E+03
 6811   0.10969530E+04
 6812   0.20508665E+04
 6813   0.19482799E+04
 6814   0.25239227E+04
 6815   0.11831863E+04
 6816   0.43615409E+03
 6817   0.19402500E+03
 6818   0.10393256E+03
 6819   0.62616640E+02
 6820   0.40658190E+02
 6821   0.31449120E+02
 6822   0.25222730E+03
 6823   0.29834687E+03
 6824   0.21045344E+03
 6825   0.13691304E+03
 6826   0.81279470E+02
 6827   0.48451700E+02
 6828   0.33017740E+02
 6829   0.22882990E+02
 6830   0.22197990E+02
 6831   0.30188890E+02
 6832   0.59067180E+02
 6833   0.11424779E+03
 6834   0.86134760E+02
 6835   0.58013340E+02
 6836   0.74038790E+02
 6837   0.97080190E+02
 6838   0.90949070E+02
 6839   0.83095860E+02
 6840   0.74420990E+02
 6841   0.60300260E+02
 6842   0.63695780E+02
 6843   0.86100130E+02
 6844   0.15998210E+03
 6845   0.13480243E+03
 6846   0.93547810E+02
 6847   0.64911410E+02
 6848   0.54418550E+02
 6849   0.49655450E+02
 6850   0.50224810E+02
 6851   0.45243290E+02
 6852   0.36905820E+02
 6853   0.27560120E+02
 6854   0.20432450E+02
 6855   0.15062050E+02
 6856   0.11098950E+02
 6857   0.84227700E+01
 6858   0.57114200E+01
 6859   0.40234000E+01
 6860   0.33278900E+01
 6861   0.27293400E+01
 6862   0.22444000E+01
 6863   0.18193600E+01
 6864   0.14797200E+01
 6865   0.12704400E+01
 6866   0.11131000E+01
 6867   0.97722000E+00
 6868   0.75446000E+00
 6869   0.65052000E+00
 6870   0.11229900E+01
 6871   0.18303300E+01
 6872   0.15194600E+01
 6873   0.12677500E+01
 6874   0.11224500E+01
 6875   0.99460000E+00
 6876   0.84965000E+00
 6877   0.24629300E+01
 6878   0.21843300E+01
 6879   0.14408200E+01
 6880   0.11734000E+01
 6881   0.12631400E+01
 6882   0.16099400E+01
 6883   0.18548200E+01
 6884   0.19628700E+01
 6885   0.20587700E+01
 6886   0.21099200E+01
 6887   0.20681200E+01
 6888   0.18489600E+01
 6889   0.13185700E+01
 6890   0.11230700E+01
 6891   0.10347800E+01
 6892   0.97344000E+00
 6893   0.89829000E+00
 6894   0.80565000E+00
 6895   0.72164000E+00
 6896   0.66556000E+00
 6897   0.62051000E+00
 6898   0.57500000E+00
 6899   0.83102900E+01
 6900   0.60334761E+03
 6901   0.52038767E+03
 6902   0.29717622E+03
 6903   0.16670324E+03
 6904   0.10121501E+03
 6905   0.64134880E+02
 6906   0.43361490E+02
 6907   0.30795540E+02
 6908   0.22436060E+02
 6909   0.15082210E+02
 6910   0.11774360E+02
 6911   0.94098700E+01
 6912   0.75243000E+01
 6913   0.59771000E+01
 6914   0.45548500E+01
 6915   0.36986900E+01
 6916   0.34781400E+01
 6917   0.45606800E+01
 6918   0.43670500E+01
 6919   0.48896900E+01
 6920   0.52361200E+01
 6921   0.68504300E+01
 6922   0.15792510E+02
 6923   0.21015160E+02
 6924   0.17702410E+02
 6925   0.13827080E+02
 6926   0.10699040E+02
 6927   0.83288700E+01
 6928   0.66878500E+01
 6929   0.55172200E+01
 6930   0.31055400E+01
 6931   0.29806400E+01
 6932   0.30200200E+01
 6933   0.29497700E+01
 6934   0.28511100E+01
 6935   0.17572030E+02
 6936   0.25842210E+02
 6937   0.21645540E+02
 6938   0.16470670E+02
 6939   0.13797940E+02
 6940   0.95586000E+01
 6941   0.73630400E+01
 6942   0.61620800E+01
 6943   0.49413400E+01
 6944   0.41535200E+01
 6945   0.35293500E+01
 6946   0.29290000E+01
 6947   0.25672100E+01
 6948   0.22534600E+01
 6949   0.22130000E+01
 6950   0.15977500E+01
 6951   0.15175800E+01
 6952   0.15471200E+01
 6953   0.15691000E+01
 6954   0.15331700E+01
 6955   0.15501800E+01
 6956   0.14503500E+01
 6957   0.13655500E+01
 6958   0.12491800E+01
 6959   0.11487100E+01
 6960   0.10694800E+01
 6961   0.83373000E+00
 6962   0.70456000E+00
 6963   0.65364000E+00
 6964   0.62050000E+00
 6965   0.59489000E+00
 6966   0.56945000E+00
 6967   0.53595000E+00
 6968   0.49528000E+00
 6969   0.45787000E+00
 6970   0.42273000E+00
 6971   0.38891000E+00
 6972   0.34745000E+00
 6973   0.29359000E+00
 6974   0.24538000E+00
 6975   0.20406000E+00
 6976   0.16978000E+00
 6977   0.14286000E+00
 6978   0.12206000E+00
 6979   0.10587000E+00
 6980   0.92990000E-01
 6981   0.82580000E-01
 6982   0.58156800E+01
 6983   0.16650720E+02
 6984   0.26142180E+02
 6985   0.20464710E+02
 6986   0.13722860E+02
 6987   0.96271600E+01
 6988   0.71224000E+01
 6989   0.53724400E+01
 6990   0.41390100E+01
 6991   0.24319400E+01
 6992   0.29166200E+01
 6993   0.26978100E+01
 6994   0.49054900E+01
 6995   0.14559480E+02
 6996   0.17627200E+02
 6997   0.15008630E+02
 6998   0.11158780E+02
 6999   0.81823000E+01
 7000   0.62062900E+01
 7001   0.45085500E+01
 7002   0.25109800E+01
 7003   0.25029100E+01
 7004   0.52840000E+01
 7005   0.43939600E+01
 7006   0.34479700E+01
 7007   0.29229900E+01
 7008   0.11223420E+02
 7009   0.56993770E+02
 7010   0.61025630E+02
 7011   0.42254730E+02
 7012   0.30626570E+02
 7013   0.26526780E+02
 7014   0.21380640E+02
 7015   0.16568070E+02
 7016   0.12504060E+02
 7017   0.96832100E+01
 7018   0.98566300E+01
 7019   0.77109900E+01
 7020   0.66651000E+01
 7021   0.57727800E+01
 7022   0.28446800E+01
 7023   0.24513800E+01
 7024   0.22271100E+01
 7025   0.48745600E+01
 7026   0.36669200E+01
 7027   0.27546700E+01
 7028   0.21324400E+01
 7029   0.37871100E+01
 7030   0.30401700E+01
 7031   0.72832700E+01
 7032   0.69201800E+01
 7033   0.60689800E+01
 7034   0.46562700E+01
 7035   0.33208100E+01
 7036   0.24154100E+01
 7037   0.30918300E+01
 7038   0.71359700E+01
 7039   0.94588000E+01
 7040   0.76722800E+01
 7041   0.56855900E+01
 7042   0.35395200E+01
 7043   0.17987700E+01
 7044   0.13766000E+01
 7045   0.11766000E+01
 7046   0.10448100E+01
 7047   0.86837000E+00
 7048   0.71359000E+00
 7049   0.63491000E+00
 7050   0.58180000E+00
 7051   0.53644000E+00
 7052   0.48987000E+00
 7053   0.45257000E+00
 7054   0.40557000E+00
 7055   0.35007000E+00
 7056   0.30891000E+00
 7057   0.34319000E+00
 7058   0.30582000E+00
 7059   0.26097000E+00
 7060   0.21819000E+00
 7061   0.20276100E+01
 7062   0.14558700E+01
 7063   0.11410100E+01
 7064   0.85640000E+00
 7065   0.72079000E+00
 7066   0.60364000E+00
 7067   0.56167000E+00
 7068   0.57619000E+00
 7069   0.43293000E+00
 7070   0.33847000E+00
 7071   0.28331000E+00
 7072   0.32722230E+02
 7073   0.87932020E+02
 7074   0.58203250E+02
 7075   0.42761170E+02
 7076   0.38560530E+02
 7077   0.30545350E+02
 7078   0.22591390E+02
 7079   0.16665830E+02
 7080   0.12146620E+02
 7081   0.91922400E+01
 7082   0.77716600E+01
 7083   0.10834140E+02
 7084   0.77800800E+01
 7085   0.80389300E+01
 7086   0.85377100E+01
 7087   0.17933500E+02
 7088   0.34509630E+02
 7089   0.42074940E+02
 7090   0.32454540E+02
 7091   0.26881040E+02
 7092   0.39016210E+02
 7093   0.57966550E+02
 7094   0.11705822E+03
 7095   0.27210478E+03
 7096   0.32764375E+03
 7097   0.28795165E+03
 7098   0.16388089E+03
 7099   0.10356957E+03
 7100   0.66178380E+02
 7101   0.43953410E+02
 7102   0.30419340E+02
 7103   0.21464700E+02
 7104   0.33274860E+02
 7105   0.49985290E+02
 7106   0.43769510E+02
 7107   0.10098841E+03
 7108   0.71969840E+02
 7109   0.43219300E+02
 7110   0.28846500E+02
 7111   0.30151660E+02
 7112   0.42131270E+02
 7113   0.57160950E+02
 7114   0.51978460E+02
 7115   0.39358680E+02
 7116   0.28268890E+02
 7117   0.22128660E+02
 7118   0.68843220E+02
 7119   0.11329709E+03
 7120   0.95108450E+02
 7121   0.30079681E+03
 7122   0.17071942E+03
 7123   0.10530011E+03
 7124   0.68120650E+02
 7125   0.40982130E+02
 7126   0.27847380E+02
 7127   0.23102890E+02
 7128   0.16389090E+02
 7129   0.15128200E+02
 7130   0.25238190E+02
 7131   0.25584100E+02
 7132   0.18963040E+02
 7133   0.12210920E+02
 7134   0.78938300E+01
 7135   0.32331700E+01
 7136   0.25073700E+01
 7137   0.19571000E+01
 7138   0.15914100E+01
 7139   0.25789600E+01
 7140   0.50091400E+02
 7141   0.12769474E+03
 7142   0.13017851E+03
 7143   0.10125513E+03
 7144   0.66407320E+02
 7145   0.41233500E+02
 7146   0.27686700E+02
 7147   0.20563740E+02
 7148   0.14485080E+02
 7149   0.10710170E+02
 7150   0.81366900E+01
 7151   0.62087200E+01
 7152   0.44449700E+01
 7153   0.32074700E+01
 7154   0.22802700E+01
 7155   0.14884600E+01
 7156   0.12398600E+01
 7157   0.11460280E+02
 7158   0.27005027E+03
 7159   0.13302115E+04
 7160   0.60137244E+03
 7161   0.25813351E+03
 7162   0.13085028E+03
 7163   0.78230940E+02
 7164   0.52612010E+02
 7165   0.37671330E+02
 7166   0.26228450E+02
 7167   0.20238180E+02
 7168   0.15953820E+02
 7169   0.19826880E+02
 7170   0.25534720E+02
 7171   0.20825700E+02
 7172   0.15700200E+02
 7173   0.11404570E+02
 7174   0.85228500E+01
 7175   0.66242600E+01
 7176   0.35739100E+01
 7177   0.34327400E+01
 7178   0.11643590E+02
 7179   0.10390020E+02
 7180   0.12815190E+02
 7181   0.15421300E+02
 7182   0.16443560E+02
 7183   0.15061110E+02
 7184   0.12263710E+02
 7185   0.10381820E+02
 7186   0.82599800E+01
 7187   0.87986500E+01
 7188   0.89338800E+01
 7189   0.10812340E+02
 7190   0.13230610E+02
 7191   0.13479990E+02
 7192   0.12083070E+02
 7193   0.10080460E+02
 7194   0.80121600E+01
 7195   0.62270800E+01
 7196   0.31784400E+01
 7197   0.29933700E+01
 7198   0.25903300E+01
 7199   0.21650300E+01
 7200   0.18716500E+01
 7201   0.25988200E+01
 7202   0.20612000E+01
 7203   0.26323600E+01
 7204   0.21879900E+01
 7205   0.18795900E+01
 7206   0.19867100E+01
 7207   0.17742700E+01
 7208   0.67176400E+01
 7209   0.14217080E+02
 7210   0.47220780E+02
 7211   0.68720660E+02
 7212   0.52107020E+02
 7213   0.37209910E+02
 7214   0.26146240E+02
 7215   0.18770770E+02
 7216   0.13367240E+02
 7217   0.84008200E+01
 7218   0.63391800E+01
 7219   0.46703300E+01
 7220   0.37572000E+01
 7221   0.31508300E+01
 7222   0.27123200E+01
 7223   0.25681600E+01
 7224   0.24405200E+01
 7225   0.41799300E+01
 7226   0.85587400E+01
 7227   0.61384600E+01
 7228   0.17134850E+02
 7229   0.11137469E+03
 7230   0.21173242E+04
 7231   0.13734092E+04
 7232   0.76514752E+03
 7233   0.37099874E+03
 7234   0.18644398E+03
 7235   0.10459420E+03
 7236   0.64103230E+02
 7237   0.40662200E+02
 7238   0.29363290E+02
 7239   0.21391070E+02
 7240   0.16382140E+02
 7241   0.12568450E+02
 7242   0.10101580E+02
 7243   0.80488500E+01
 7244   0.64492000E+01
 7245   0.47919100E+01
 7246   0.37908800E+01
 7247   0.29509700E+01
 7248   0.17437600E+01
 7249   0.14605100E+01
 7250   0.13302300E+01
 7251   0.12257700E+01
 7252   0.11257300E+01
 7253   0.10286200E+01
 7254   0.93028000E+00
 7255   0.77890000E+00
 7256   0.69967000E+00
 7257   0.64316000E+00
 7258   0.57430000E+00
 7259   0.52112000E+00
 7260   0.46183000E+00
 7261   0.41564000E+00
 7262   0.78509000E+00
 7263   0.62918000E+00
 7264   0.60808000E+00
 7265   0.70214000E+00
 7266   0.13721100E+01
 7267   0.13913200E+01
 7268   0.18603300E+01
 7269   0.67381700E+01
 7270   0.12123620E+02
 7271   0.13206250E+02
 7272   0.11963880E+02
 7273   0.10170800E+02
 7274   0.83619400E+01
 7275   0.68219700E+01
 7276   0.53750000E+01
 7277   0.45064800E+01
 7278   0.25969900E+01
 7279   0.25613600E+01
 7280   0.23779200E+01
 7281   0.20976400E+01
 7282   0.18201700E+01
 7283   0.15911300E+01
 7284   0.14174500E+01
 7285   0.14499200E+01
 7286   0.19516900E+01
 7287   0.25429700E+01
 7288   0.27964000E+01
 7289   0.19821400E+01
 7290   0.23162900E+01
 7291   0.26884800E+01
 7292   0.37027400E+01
 7293   0.33491000E+01
 7294   0.29040000E+01
 7295   0.24363700E+01
 7296   0.21038400E+01
 7297   0.21105000E+01
 7298   0.17634300E+01
 7299   0.13102600E+01
 7300   0.11580600E+01
 7301   0.11332100E+01
 7302   0.11333000E+01
 7303   0.11201600E+01
 7304   0.10909600E+01
 7305   0.10476600E+01
 7306   0.10501200E+01
 7307   0.12248400E+01
 7308   0.15755900E+01
 7309   0.13516100E+01
 7310   0.12305200E+01
 7311   0.12424300E+01
 7312   0.12863400E+01
 7313   0.13211300E+01
 7314   0.13305900E+01
 7315   0.12882400E+01
 7316   0.12282900E+01
 7317   0.11723400E+01
 7318   0.14191400E+01
 7319   0.49878600E+01
 7320   0.88005900E+01
 7321   0.82012700E+01
 7322   0.63551900E+01
 7323   0.45568300E+01
 7324   0.33205800E+01
 7325   0.29971400E+01
 7326   0.28901200E+01
 7327   0.89593000E+01
 7328   0.12036480E+02
 7329   0.10142070E+02
 7330   0.67173500E+01
 7331   0.49336800E+01
 7332   0.45048500E+01
 7333   0.48612900E+01
 7334   0.41697000E+01
 7335   0.37586400E+01
 7336   0.32857700E+01
 7337   0.28444200E+01
 7338   0.23916800E+01
 7339   0.19594600E+01
 7340   0.14310800E+01
 7341   0.11713000E+01
 7342   0.10746100E+01
 7343   0.23166700E+01
 7344   0.21411700E+01
 7345   0.17540700E+01
 7346   0.15261900E+01
 7347   0.13312600E+01
 7348   0.11803300E+01
 7349   0.10538200E+01
 7350   0.77220000E+00
 7351   0.51343800E+01
 7352   0.14220740E+02
 7353   0.15230120E+02
 7354   0.12520500E+02
 7355   0.16310620E+02
 7356   0.27199880E+02
 7357   0.22636500E+02
 7358   0.16142990E+02
 7359   0.15833860E+02
 7360   0.32298920E+02
 7361   0.32726730E+02
 7362   0.24462430E+02
 7363   0.18499160E+02
 7364   0.15157830E+02
 7365   0.12875770E+02
 7366   0.10673220E+02
 7367   0.87749000E+01
 7368   0.71467100E+01
 7369   0.61390500E+01
 7370   0.62087700E+01
 7371   0.33145200E+01
 7372   0.27221200E+01
 7373   0.30005200E+01
 7374   0.42918300E+01
 7375   0.33298100E+01
 7376   0.25505000E+01
 7377   0.20248500E+01
 7378   0.16309000E+01
 7379   0.13517400E+01
 7380   0.11633500E+01
 7381   0.86789000E+00
 7382   0.70871000E+00
 7383   0.64198000E+00
 7384   0.58955000E+00
 7385   0.54366000E+00
 7386   0.49412000E+00
 7387   0.45382000E+00
 7388   0.41823000E+00
 7389   0.38462000E+00
 7390   0.35185000E+00
 7391   0.32716000E+00
 7392   0.31993000E+00
 7393   0.33548000E+00
 7394   0.35467000E+00
 7395   0.33926000E+00
 7396   0.30693000E+00
 7397   0.27583000E+00
 7398   0.25219000E+00
 7399   0.33080000E+00
 7400   0.42104000E+00
 7401   0.37673000E+00
 7402   0.57425000E+00
 7403   0.13865200E+01
 7404   0.12486300E+01
 7405   0.10641500E+01
 7406   0.91179000E+00
 7407   0.77236000E+00
 7408   0.66515000E+00
 7409   0.56899000E+00
 7410   0.42913000E+00
 7411   0.34010000E+00
 7412   0.28814000E+00
 7413   0.25296000E+00
 7414   0.22508000E+00
 7415   0.20064000E+00
 7416   0.17862000E+00
 7417   0.15919000E+00
 7418   0.14645000E+00
 7419   0.14472000E+00
 7420   0.27093000E+00
 7421   0.24596000E+00
 7422   0.26712000E+00
 7423   0.32122000E+00
 7424   0.35342000E+00
 7425   0.33718000E+00
 7426   0.31242000E+00
 7427   0.30449000E+00
 7428   0.31542000E+00
 7429   0.56781200E+01
 7430   0.77840700E+01
 7431   0.10816740E+02
 7432   0.90529400E+01
 7433   0.80049200E+01
 7434   0.78975000E+01
 7435   0.73814000E+01
 7436   0.65455100E+01
 7437   0.72340000E+01
 7438   0.67353600E+01
 7439   0.57046900E+01
 7440   0.90306300E+01
 7441   0.15580180E+02
 7442   0.10288700E+02
 7443   0.75090000E+01
 7444   0.50726500E+01
 7445   0.30048400E+01
 7446   0.21755100E+01
 7447   0.17401400E+01
 7448   0.14311200E+01
 7449   0.12348600E+01
 7450   0.10904300E+01
 7451   0.90659000E+00
 7452   0.72832000E+00
 7453   0.63468000E+00
 7454   0.55174000E+00
 7455   0.50800000E+00
 7456   0.46493000E+00
 7457   0.22817200E+01
 7458   0.22940000E+01
 7459   0.21990000E+01
 7460   0.16263400E+01
 7461   0.13074300E+01
 7462   0.30317700E+01
 7463   0.18446900E+02
 7464   0.17135349E+03
 7465   0.21467600E+03
 7466   0.14417451E+03
 7467   0.11900040E+03
 7468   0.84761720E+02
 7469   0.57420380E+02
 7470   0.37840130E+02
 7471   0.26513750E+02
 7472   0.19740430E+02
 7473   0.12303990E+02
 7474   0.19446480E+02
 7475   0.75067230E+02
 7476   0.58214470E+02
 7477   0.39079920E+02
 7478   0.31438370E+02
 7479   0.27650350E+02
 7480   0.26148520E+02
 7481   0.22850310E+02
 7482   0.17926620E+02
 7483   0.15673560E+02
 7484   0.26462099E+03
 7485   0.19167029E+03
 7486   0.12890659E+03
 7487   0.83926170E+02
 7488   0.52837150E+02
 7489   0.35158450E+02
 7490   0.23945430E+02
 7491   0.17105100E+02
 7492   0.12170110E+02
 7493   0.91927500E+01
 7494   0.56767200E+01
 7495   0.43422100E+01
 7496   0.37708100E+01
 7497   0.12275800E+02
 7498   0.10971400E+03
 7499   0.10221798E+03
 7500   0.89341870E+02
 7501   0.11384032E+03
 7502   0.10537272E+03
 7503   0.72906940E+02
 7504   0.57815400E+02
 7505   0.88554270E+02
 7506   0.61632500E+02
 7507   0.38292760E+02
 7508   0.29222900E+02
 7509   0.40359150E+02
 7510   0.10306990E+03
 7511   0.70504210E+02
 7512   0.36690120E+02
 7513   0.20080710E+02
 7514   0.10534650E+02
 7515   0.69502900E+01
 7516   0.16620320E+02
 7517   0.13896610E+02
 7518   0.10114040E+02
 7519   0.69289100E+01
 7520   0.41390800E+01
 7521   0.26963800E+01
 7522   0.20052400E+01
 7523   0.33154900E+01
 7524   0.13692630E+02
 7525   0.92037130E+02
 7526   0.74529050E+02
 7527   0.50387560E+02
 7528   0.34521690E+02
 7529   0.24133590E+02
 7530   0.17855020E+02
 7531   0.21704990E+02
 7532   0.56768860E+02
 7533   0.56990153E+03
 7534   0.66872011E+03
 7535   0.39178197E+03
 7536   0.23995776E+03
 7537   0.14035888E+03
 7538   0.86678570E+02
 7539   0.58065700E+02
 7540   0.40149380E+02
 7541   0.28791330E+02
 7542   0.21136250E+02
 7543   0.15868150E+02
 7544   0.11843000E+02
 7545   0.83619600E+01
 7546   0.18790350E+02
 7547   0.28260420E+02
 7548   0.23771790E+02
 7549   0.17837710E+02
 7550   0.31660960E+02
 7551   0.42126433E+03
 7552   0.73794115E+03
 7553   0.33149329E+03
 7554   0.16296474E+03
 7555   0.96991570E+02
 7556   0.65159370E+02
 7557   0.45260680E+02
 7558   0.32867890E+02
 7559   0.24542250E+02
 7560   0.18669440E+02
 7561   0.13972260E+02
 7562   0.10589740E+02
 7563   0.82779500E+01
 7564   0.72619800E+01
 7565   0.59092900E+01
 7566   0.16763010E+02
 7567   0.11343013E+03
 7568   0.37315715E+03
 7569   0.30443130E+03
 7570   0.16309451E+03
 7571   0.93071200E+02
 7572   0.57218010E+02
 7573   0.37597070E+02
 7574   0.25946150E+02
 7575   0.18836220E+02
 7576   0.12229100E+02
 7577   0.93550500E+01
 7578   0.75680300E+01
 7579   0.79293800E+01
 7580   0.76787300E+01
 7581   0.55145100E+01
 7582   0.40950400E+01
 7583   0.32374700E+01
 7584   0.24621400E+01
 7585   0.22276800E+01
 7586   0.23710600E+01
 7587   0.15609000E+01
 7588   0.12989400E+01
 7589   0.11053300E+01
 7590   0.97616000E+00
 7591   0.83538000E+00
 7592   0.74005000E+00
 7593   0.10670430E+02
 7594   0.15914130E+04
 7595   0.15397146E+04
 7596   0.63003343E+03
 7597   0.39634337E+03
 7598   0.27597897E+03
 7599   0.17033474E+03
 7600   0.10460299E+03
 7601   0.65819370E+02
 7602   0.42869000E+02
 7603   0.29367340E+02
 7604   0.20919440E+02
 7605   0.15396100E+02
 7606   0.99404300E+01
 7607   0.79932800E+01
 7608   0.64747300E+01
 7609   0.47935300E+01
 7610   0.37925400E+01
 7611   0.30349500E+01
 7612   0.23819000E+01
 7613   0.18823800E+01
 7614   0.15830400E+01
 7615   0.13282600E+01
 7616   0.11590800E+01
 7617   0.88646000E+00
 7618   0.72675000E+00
 7619   0.66946000E+00
 7620   0.62758000E+00
 7621   0.62403000E+00
 7622   0.57466000E+00
 7623   0.52953000E+00
 7624   0.87608200E+01
 7625   0.28513855E+03
 7626   0.40774055E+03
 7627   0.20880793E+03
 7628   0.13201406E+03
 7629   0.26308508E+03
 7630   0.38870313E+03
 7631   0.23537742E+03
 7632   0.13759754E+03
 7633   0.85776180E+02
 7634   0.55208530E+02
 7635   0.37610180E+02
 7636   0.26862950E+02
 7637   0.18222250E+02
 7638   0.13832910E+02
 7639   0.11012980E+02
 7640   0.88723600E+01
 7641   0.71754500E+01
 7642   0.61603500E+01
 7643   0.45164500E+01
 7644   0.36399800E+01
 7645   0.29661800E+01
 7646   0.23208800E+01
 7647   0.14612000E+01
 7648   0.12152500E+01
 7649   0.11407600E+01
 7650   0.10905400E+01
 7651   0.11338200E+01
 7652   0.13418600E+01
 7653   0.15081100E+01
 7654   0.18627300E+01
 7655   0.28714900E+01
 7656   0.42736000E+01
 7657   0.50749100E+01
 7658   0.62263100E+01
 7659   0.57160100E+01
 7660   0.51349400E+01
 7661   0.45861400E+01
 7662   0.40635700E+01
 7663   0.34736300E+01
 7664   0.30713100E+01
 7665   0.27095800E+01
 7666   0.24410600E+01
 7667   0.28661300E+01
 7668   0.21663300E+01
 7669   0.25755900E+01
 7670   0.28941500E+01
 7671   0.35323300E+01
 7672   0.23508700E+01
 7673   0.24332100E+01
 7674   0.23004600E+01
 7675   0.21826700E+01
 7676   0.18984100E+01
 7677   0.16407300E+01
 7678   0.14223800E+01
 7679   0.12540600E+01
 7680   0.11320700E+01
 7681   0.10282400E+01
 7682   0.79841000E+00
 7683   0.67664000E+00
 7684   0.62680000E+00
 7685   0.59330000E+00
 7686   0.56240000E+00
 7687   0.52931000E+00
 7688   0.57051000E+00
 7689   0.51498000E+00
 7690   0.46094000E+00
 7691   0.42344000E+00
 7692   0.39292000E+00
 7693   0.35406000E+00
 7694   0.30358000E+00
 7695   0.26061000E+00
 7696   0.69147000E+00
 7697   0.57030000E+00
 7698   0.49416000E+00
 7699   0.50832000E+00
 7700   0.67301000E+00
 7701   0.59909000E+00
 7702   0.81039800E+01
 7703   0.31525050E+02
 7704   0.31018780E+02
 7705   0.25309000E+02
 7706   0.20929270E+02
 7707   0.18712660E+02
 7708   0.16884520E+02
 7709   0.45980520E+02
 7710   0.13900791E+03
 7711   0.10358349E+03
 7712   0.88228200E+02
 7713   0.63082540E+02
 7714   0.49435990E+02
 7715   0.37501240E+02
 7716   0.33992810E+02
 7717   0.29910630E+02
 7718   0.64666370E+02
 7719   0.10129165E+03
 7720   0.75864240E+02
 7721   0.58685430E+02
 7722   0.44720630E+02
 7723   0.40377010E+02
 7724   0.29961870E+02
 7725   0.23130220E+02
 7726   0.21934810E+02
 7727   0.21392620E+02
 7728   0.50881570E+02
 7729   0.80678070E+02
 7730   0.12333901E+03
 7731   0.13150484E+03
 7732   0.14026170E+03
 7733   0.11349037E+03
 7734   0.85971700E+02
 7735   0.60001230E+02
 7736   0.42565470E+02
 7737   0.35072110E+02
 7738   0.26284150E+02
 7739   0.22073570E+02
 7740   0.24612130E+02
 7741   0.67026910E+02
 7742   0.27981038E+03
 7743   0.30248238E+03
 7744   0.17849779E+03
 7745   0.10948706E+03
 7746   0.73711490E+02
 7747   0.49534400E+02
 7748   0.35121740E+02
 7749   0.50065650E+02
 7750   0.43005520E+02
 7751   0.32831790E+02
 7752   0.25701520E+02
 7753   0.23744730E+02
 7754   0.67800240E+02
 7755   0.11270895E+03
 7756   0.10433063E+03
 7757   0.85500040E+02
 7758   0.59154030E+02
 7759   0.43336120E+02
 7760   0.29581020E+02
 7761   0.20815240E+02
 7762   0.14901970E+02
 7763   0.10983160E+02
 7764   0.73479300E+01
 7765   0.54788200E+01
 7766   0.43980800E+01
 7767   0.97618700E+01
 7768   0.34530470E+02
 7769   0.58232390E+02
 7770   0.72980390E+02
 7771   0.58642830E+02
 7772   0.53126110E+02
 7773   0.64192100E+02
 7774   0.47058200E+02
 7775   0.32695370E+02
 7776   0.22240580E+02
 7777   0.17047600E+02
 7778   0.12998010E+02
 7779   0.10040680E+02
 7780   0.78792900E+01
 7781   0.62647500E+01
 7782   0.10034460E+02
 7783   0.21939730E+02
 7784   0.82648490E+02
 7785   0.60197080E+02
 7786   0.36953690E+02
 7787   0.28235950E+02
 7788   0.24014110E+02
 7789   0.19586560E+02
 7790   0.16319560E+02
 7791   0.17292560E+02
 7792   0.29714490E+02
 7793   0.47206160E+02
 7794   0.37937480E+02
 7795   0.24555750E+02
 7796   0.19979990E+02
 7797   0.17912670E+02
 7798   0.15984050E+02
 7799   0.12122590E+02
 7800   0.51674400E+02
 7801   0.51680820E+02
 7802   0.36502430E+02
 7803   0.26603560E+02
 7804   0.22038290E+02
 7805   0.32666030E+02
 7806   0.76756680E+02
 7807   0.56685780E+02
 7808   0.34294140E+02
 7809   0.26946350E+02
 7810   0.29664280E+02
 7811   0.24341050E+02
 7812   0.68186860E+02
 7813   0.59369060E+02
 7814   0.35697660E+02
 7815   0.20632240E+02
 7816   0.15401520E+02
 7817   0.12023390E+02
 7818   0.96398400E+01
 7819   0.77599200E+01
 7820   0.62884000E+01
 7821   0.46389100E+01
 7822   0.36842000E+01
 7823   0.27882500E+01
 7824   0.20740400E+01
 7825   0.16475800E+01
 7826   0.12380900E+01
 7827   0.10347400E+01
 7828   0.89243000E+00
 7829   0.78119000E+00
 7830   0.71074000E+00
 7831   0.65648000E+00
 7832   0.88966000E+00
 7833   0.12235600E+01
 7834   0.10940500E+01
 7835   0.31912300E+01
 7836   0.17136000E+01
 7837   0.18307860E+02
 7838   0.32095060E+02
 7839   0.25197700E+02
 7840   0.15399090E+02
 7841   0.92294700E+01
 7842   0.51170900E+01
 7843   0.28218200E+01
 7844   0.44385600E+01
 7845   0.34092755E+03
 7846   0.26998134E+03
 7847   0.18663887E+03
 7848   0.11624715E+03
 7849   0.73549580E+02
 7850   0.48031770E+02
 7851   0.34005990E+02
 7852   0.24364750E+02
 7853   0.18509100E+02
 7854   0.16072440E+02
 7855   0.15372460E+02
 7856   0.13987940E+02
 7857   0.14914300E+02
 7858   0.18094580E+02
 7859   0.30858570E+02
 7860   0.40556350E+02
 7861   0.54191300E+02
 7862   0.12351668E+03
 7863   0.88439910E+02
 7864   0.72023010E+02
 7865   0.60181700E+02
 7866   0.20339350E+03
 7867   0.98738954E+03
 7868   0.52900932E+03
 7869   0.28300579E+03
 7870   0.15567138E+03
 7871   0.94760350E+02
 7872   0.60447230E+02
 7873   0.40726980E+02
 7874   0.28733080E+02
 7875   0.21122460E+02
 7876   0.16564680E+02
 7877   0.11832580E+02
 7878   0.10076260E+02
 7879   0.89129400E+01
 7880   0.79287300E+01
 7881   0.69667600E+01
 7882   0.58600000E+01
 7883   0.49235800E+01
 7884   0.42080800E+01
 7885   0.35497000E+01
 7886   0.41554300E+01
 7887   0.21501500E+01
 7888   0.26063600E+01
 7889   0.37897700E+01
 7890   0.47180200E+01
 7891   0.57457300E+01
 7892   0.21345120E+02
 7893   0.22849310E+02
 7894   0.18287170E+02
 7895   0.12668410E+02
 7896   0.11986080E+02
 7897   0.84173400E+01
 7898   0.97966900E+01
 7899   0.23398780E+02
 7900   0.39921170E+02
 7901   0.67846030E+02
 7902   0.99613000E+02
 7903   0.41383055E+03
 7904   0.36486790E+03
 7905   0.26064875E+03
 7906   0.17766107E+03
 7907   0.14473198E+03
 7908   0.13938660E+03
 7909   0.17220557E+03
 7910   0.26300235E+03
 7911   0.24447533E+03
 7912   0.22339420E+03
 7913   0.19438427E+03
 7914   0.14064214E+03
 7915   0.99122420E+02
 7916   0.68777980E+02
 7917   0.47023810E+02
 7918   0.31140350E+02
 7919   0.22366740E+02
 7920   0.16747720E+02
 7921   0.12347740E+02
 7922   0.95126900E+01
 7923   0.74144200E+01
 7924   0.58927800E+01
 7925   0.54339400E+01
 7926   0.55129500E+01
 7927   0.66986600E+01
 7928   0.54557100E+01
 7929   0.73896800E+01
 7930   0.11559640E+02
 7931   0.13841160E+02
 7932   0.13777000E+02
 7933   0.12074550E+02
 7934   0.14900490E+02
 7935   0.15254440E+02
 7936   0.14148910E+02
 7937   0.12800560E+02
 7938   0.10586300E+02
 7939   0.14009010E+02
 7940   0.15536920E+02
 7941   0.19369650E+02
 7942   0.26121420E+02
 7943   0.36200990E+02
 7944   0.43569480E+02
 7945   0.48450040E+02
 7946   0.55517450E+02
 7947   0.50019130E+02
 7948   0.38653620E+02
 7949   0.27809970E+02
 7950   0.21592370E+02
 7951   0.17158180E+02
 7952   0.13090960E+02
 7953   0.10191380E+02
 7954   0.79611800E+01
 7955   0.62185900E+01
 7956   0.44016300E+01
 7957   0.33776700E+01
 7958   0.54231300E+01
 7959   0.68784700E+01
 7960   0.56998900E+01
 7961   0.76040600E+01
 7962   0.20106580E+02
 7963   0.22859830E+02
 7964   0.20484670E+02
 7965   0.18268590E+02
 7966   0.16546480E+02
 7967   0.15074870E+02
 7968   0.13649550E+02
 7969   0.10752720E+02
 7970   0.95043500E+01
 7971   0.84768700E+01
 7972   0.72561400E+01
 7973   0.60119900E+01
 7974   0.49739600E+01
 7975   0.40902000E+01
 7976   0.34445100E+01
 7977   0.36007200E+01
 7978   0.53993700E+01
 7979   0.30067900E+01
 7980   0.42802800E+01
 7981   0.65330800E+01
 7982   0.84030800E+01
 7983   0.90322400E+01
 7984   0.86119200E+01
 7985   0.74405500E+01
 7986   0.61484300E+01
 7987   0.46242500E+01
 7988   0.37021100E+01
 7989   0.29447400E+01
 7990   0.16628400E+01
 7991   0.13381700E+01
 7992   0.12025100E+01
 7993   0.11084400E+01
 7994   0.10319300E+01
 7995   0.99001000E+00
 7996   0.17480700E+01
 7997   0.68643600E+01
 7998   0.10871740E+02
 7999   0.10996130E+02
 8000   0.81448800E+01
 8001   0.68799100E+01
 8002   0.65228200E+01
 8003   0.62680200E+01
 8004   0.57433600E+01
 8005   0.47865600E+01
 8006   0.40534000E+01
 8007   0.34052700E+01
 8008   0.27480600E+01
 8009   0.21952300E+01
 8010   0.14061600E+01
 8011   0.11757100E+01
 8012   0.10669800E+01
 8013   0.99026000E+00
 8014   0.13841000E+01
 8015   0.11345600E+01
 8016   0.10279400E+01
 8017   0.95019000E+00
 8018   0.86511000E+00
 8019   0.79305000E+00
 8020   0.68063000E+00
 8021   0.59338000E+00
 8022   0.54610000E+00
 8023   0.49210000E+00
 8024   0.44449000E+00
 8025   0.40278000E+00
 8026   0.36605000E+00
 8027   0.33441000E+00
 8028   0.30681000E+00
 8029   0.28203000E+00
 8030   0.25933000E+00
 8031   0.23715000E+00
 8032   0.21406000E+00
 8033   0.19172000E+00
 8034   0.17240000E+00
 8035   0.67265000E+00
 8036   0.58989000E+00
 8037   0.55667000E+00
 8038   0.28174400E+01
 8039   0.24894900E+01
 8040   0.21280700E+01
 8041   0.14208000E+01
 8042   0.11952300E+01
 8043   0.10727300E+01
 8044   0.98360000E+00
 8045   0.87651000E+00
 8046   0.84782000E+00
 8047   0.83156000E+00
 8048   0.82854000E+00
 8049   0.79931000E+00
 8050   0.74432000E+00
 8051   0.64937000E+00
 8052   0.56328000E+00
 8053   0.52041000E+00
 8054   0.46281000E+00
 8055   0.40029000E+00
 8056   0.34323000E+00
 8057   0.29351000E+00
 8058   0.25142000E+00
 8059   0.84174600E+01
 8060   0.14547110E+02
 8061   0.10734880E+02
 8062   0.94840000E+01
 8063   0.27062080E+02
 8064   0.53280540E+02
 8065   0.61369360E+02
 8066   0.59426220E+02
 8067   0.43765110E+02
 8068   0.38958780E+02
 8069   0.48716110E+02
 8070   0.47816470E+02
 8071   0.37028010E+02
 8072   0.25722350E+02
 8073   0.20419210E+02
 8074   0.16438860E+02
 8075   0.12712260E+02
 8076   0.99972000E+01
 8077   0.99454100E+01
 8078   0.12871500E+02
 8079   0.10138340E+02
 8080   0.81274700E+01
 8081   0.65282100E+01
 8082   0.30724500E+01
 8083   0.26530400E+01
 8084   0.25043000E+01
 8085   0.21373800E+01
 8086   0.17983300E+01
 8087   0.14801900E+01
 8088   0.15106800E+01
 8089   0.13456500E+01
 8090   0.11625500E+01
 8091   0.73035500E+01
 8092   0.10206600E+02
 8093   0.83947600E+01
 8094   0.14916660E+02
 8095   0.50924470E+02
 8096   0.42514860E+02
 8097   0.31955630E+02
 8098   0.25018640E+02
 8099   0.18988100E+02
 8100   0.14458630E+02
 8101   0.13935350E+02
 8102   0.95827400E+01
 8103   0.11162690E+02
 8104   0.81176800E+01
 8105   0.59893600E+01
 8106   0.43542500E+01
 8107   0.36335000E+01
 8108   0.30024900E+01
 8109   0.23710700E+01
 8110   0.18855500E+01
 8111   0.17108400E+01
 8112   0.13744300E+01
 8113   0.10571800E+01
 8114   0.88668000E+00
 8115   0.75003500E+01
 8116   0.17843780E+02
 8117   0.17987600E+02
 8118   0.16036710E+02
 8119   0.30094360E+02
 8120   0.62976610E+02
 8121   0.66782070E+02
 8122   0.49908950E+02
 8123   0.35921290E+02
 8124   0.28653190E+02
 8125   0.23407470E+02
 8126   0.13915797E+03
 8127   0.15602731E+03
 8128   0.11451672E+03
 8129   0.89871310E+02
 8130   0.83190600E+02
 8131   0.86507380E+02
 8132   0.76739010E+02
 8133   0.60607290E+02
 8134   0.46388330E+02
 8135   0.34297000E+02
 8136   0.25149370E+02
 8137   0.21121540E+02
 8138   0.18059400E+02
 8139   0.13615410E+02
 8140   0.10622990E+02
 8141   0.83188900E+01
 8142   0.65369800E+01
 8143   0.32798700E+01
 8144   0.29748100E+01
 8145   0.42926000E+01
 8146   0.32430700E+01
 8147   0.24180300E+01
 8148   0.54961300E+01
 8149   0.43817000E+01
 8150   0.33223600E+01
 8151   0.30483000E+01
 8152   0.22187300E+01
 8153   0.17318100E+01
 8154   0.35645000E+01
 8155   0.58522200E+01
 8156   0.75955400E+01
 8157   0.10765860E+02
 8158   0.43565690E+02
 8159   0.53280110E+02
 8160   0.35119520E+02
 8161   0.21157000E+02
 8162   0.32037110E+02
 8163   0.34494240E+02
 8164   0.24278340E+02
 8165   0.17497760E+02
 8166   0.13501690E+02
 8167   0.12156370E+02
 8168   0.97105000E+01
 8169   0.10823620E+02
 8170   0.11763760E+02
 8171   0.10418080E+02
 8172   0.78856500E+01
 8173   0.84181000E+01
 8174   0.10688070E+02
 8175   0.75390700E+01
 8176   0.52631200E+01
 8177   0.39357400E+01
 8178   0.31223100E+01
 8179   0.30638300E+01
 8180   0.25341400E+01
 8181   0.18970300E+01
 8182   0.14317800E+01
 8183   0.93841900E+01
 8184   0.35826840E+02
 8185   0.42970730E+03
 8186   0.34390957E+03
 8187   0.32857616E+03
 8188   0.23042972E+03
 8189   0.14277673E+03
 8190   0.89625500E+02
 8191   0.80819340E+02
 8192   0.27371300E+03
 8193   0.19756694E+03
 8194   0.18046238E+03
 8195   0.15116595E+03
 8196   0.11923699E+03
 8197   0.83690380E+02
 8198   0.91608200E+02
 8199   0.85941190E+02
 8200   0.70571230E+02
 8201   0.42441180E+02
 8202   0.29516090E+02
 8203   0.45739320E+02
 8204   0.37124250E+02
 8205   0.26915010E+02
 8206   0.29477270E+02
 8207   0.23491140E+02
 8208   0.16644870E+02
 8209   0.11726610E+02
 8210   0.85256200E+01
 8211   0.66024700E+01
 8212   0.47744200E+01
 8213   0.34754300E+01
 8214   0.26125600E+01
 8215   0.16023800E+01
 8216   0.72474000E+01
 8217   0.27205500E+02
 8218   0.30982980E+02
 8219   0.21727670E+02
 8220   0.13882140E+02
 8221   0.94257700E+01
 8222   0.68844900E+01
 8223   0.52881800E+01
 8224   0.39745700E+01
 8225   0.24059000E+01
 8226   0.22633400E+01
 8227   0.20575600E+01
 8228   0.48197700E+01
 8229   0.62664300E+01
 8230   0.49324200E+01
 8231   0.34062400E+01
 8232   0.42430100E+01
 8233   0.12755600E+02
 8234   0.22808710E+02
 8235   0.28286370E+02
 8236   0.24989210E+02
 8237   0.16430410E+02
 8238   0.10162900E+02
 8239   0.64809300E+01
 8240   0.35203000E+01
 8241   0.23251600E+01
 8242   0.17483000E+01
 8243   0.13958100E+01
 8244   0.12136700E+01
 8245   0.10651900E+01
 8246   0.82804000E+00
 8247   0.80569000E+00
 8248   0.19330700E+01
 8249   0.15930600E+01
 8250   0.13112500E+01
 8251   0.11353700E+01
 8252   0.99813000E+00
 8253   0.82988000E+00
 8254   0.70433000E+00
 8255   0.61083000E+00
 8256   0.54680000E+00
 8257   0.55586000E+00
 8258   0.33526100E+01
 8259   0.40303240E+02
 8260   0.52040380E+02
 8261   0.46826760E+02
 8262   0.56195590E+02
 8263   0.52004370E+02
 8264   0.41166800E+02
 8265   0.48745180E+02
 8266   0.72484340E+02
 8267   0.68030010E+02
 8268   0.50777330E+02
 8269   0.36512490E+02
 8270   0.26294560E+02
 8271   0.19186380E+02
 8272   0.15727160E+02
 8273   0.23589240E+02
 8274   0.30007170E+02
 8275   0.40485540E+02
 8276   0.42097070E+02
 8277   0.33524840E+02
 8278   0.26398650E+02
 8279   0.20531270E+02
 8280   0.16036270E+02
 8281   0.12712870E+02
 8282   0.10375700E+02
 8283   0.86296400E+01
 8284   0.91981900E+01
 8285   0.21283750E+02
 8286   0.21089830E+02
 8287   0.14942560E+02
 8288   0.10740790E+02
 8289   0.85181600E+01
 8290   0.11719260E+02
 8291   0.16636520E+02
 8292   0.14889110E+02
 8293   0.14287710E+02
 8294   0.28724740E+02
 8295   0.97990560E+02
 8296   0.22450492E+03
 8297   0.12918841E+03
 8298   0.77561360E+02
 8299   0.51434580E+02
 8300   0.41130870E+02
 8301   0.33115960E+02
 8302   0.34030150E+02
 8303   0.42332610E+02
 8304   0.42420660E+02
 8305   0.36642760E+02
 8306   0.29717670E+02
 8307   0.21442520E+02
 8308   0.17271060E+02
 8309   0.12833680E+02
 8310   0.98655400E+01
 8311   0.77423600E+01
 8312   0.62313600E+01
 8313   0.16225040E+02
 8314   0.64094000E+02
 8315   0.27461097E+03
 8316   0.20236513E+03
 8317   0.13177397E+03
 8318   0.86666660E+02
 8319   0.61800290E+02
 8320   0.45178420E+02
 8321   0.35275760E+02
 8322   0.29668110E+02
 8323   0.32744150E+02
 8324   0.41669180E+02
 8325   0.66447980E+02
 8326   0.67266910E+02
 8327   0.55641470E+02
 8328   0.38996590E+02
 8329   0.29842940E+02
 8330   0.22962510E+02
 8331   0.17855110E+02
 8332   0.13444850E+02
 8333   0.10433980E+02
 8334   0.81610100E+01
 8335   0.63964500E+01
 8336   0.46433400E+01
 8337   0.39533600E+01
 8338   0.22498300E+01
 8339   0.73966900E+01
 8340   0.13050340E+02
 8341   0.22241230E+02
 8342   0.35735170E+02
 8343   0.54406260E+02
 8344   0.69996230E+02
 8345   0.61625440E+02
 8346   0.50247230E+02
 8347   0.54169350E+02
 8348   0.53996580E+02
 8349   0.58490740E+02
 8350   0.53380850E+02
 8351   0.41334400E+02
 8352   0.30298500E+02
 8353   0.22137400E+02
 8354   0.16564780E+02
 8355   0.12264490E+02
 8356   0.93963500E+01
 8357   0.74438400E+01
 8358   0.59860500E+01
 8359   0.29700400E+01
 8360   0.26946000E+01
 8361   0.22940900E+01
 8362   0.41581500E+01
 8363   0.38862400E+01
 8364   0.32252700E+01
 8365   0.25965400E+01
 8366   0.22208200E+01
 8367   0.18648000E+01
 8368   0.19185000E+01
 8369   0.16935100E+01
 8370   0.26507600E+01
 8371   0.56008700E+01
 8372   0.79782000E+01
 8373   0.92146600E+01
 8374   0.90751300E+01
 8375   0.82237800E+01
 8376   0.69677400E+01
 8377   0.62140500E+01
 8378   0.71185600E+01
 8379   0.78033500E+01
 8380   0.84601700E+01
 8381   0.90529400E+01
 8382   0.88161600E+01
 8383   0.81172100E+01
 8384   0.73297200E+01
 8385   0.85119000E+01
 8386   0.98666400E+01
 8387   0.12793270E+02
 8388   0.20999640E+02
 8389   0.26143950E+02
 8390   0.26346520E+02
 8391   0.21731550E+02
 8392   0.17326340E+02
 8393   0.13353460E+02
 8394   0.10789530E+02
 8395   0.89085900E+01
 8396   0.76220200E+01
 8397   0.65223500E+01
 8398   0.53416500E+01
 8399   0.44313000E+01
 8400   0.23870300E+01
 8401   0.24145800E+01
 8402   0.22297800E+01
 8403   0.19961100E+01
 8404   0.17935900E+01
 8405   0.15334700E+01
 8406   0.13296500E+01
 8407   0.11939300E+01
 8408   0.10937700E+01
 8409   0.10074900E+01
 8410   0.78873000E+00
 8411   0.67426000E+00
 8412   0.65469000E+00
 8413   0.69016000E+00
 8414   0.80215000E+00
 8415   0.96019000E+00
 8416   0.13254700E+01
 8417   0.14019900E+01
 8418   0.13762000E+01
 8419   0.13633100E+01
 8420   0.11469000E+01
 8421   0.10496600E+01
 8422   0.14238200E+01
 8423   0.13032700E+02
 8424   0.17733420E+02
 8425   0.14316590E+02
 8426   0.12303920E+02
 8427   0.10152770E+02
 8428   0.81254700E+01
 8429   0.62868000E+01
 8430   0.31456200E+01
 8431   0.36586200E+01
 8432   0.10815040E+02
 8433   0.15564070E+02
 8434   0.13950440E+02
 8435   0.20684820E+02
 8436   0.18560960E+02
 8437   0.13921860E+02
 8438   0.99432900E+01
 8439   0.74704800E+01
 8440   0.64221900E+01
 8441   0.11739680E+02
 8442   0.29420970E+02
 8443   0.29257920E+02
 8444   0.20735870E+02
 8445   0.14155990E+02
 8446   0.10652210E+02
 8447   0.85004300E+01
 8448   0.74381500E+01
 8449   0.68665000E+01
 8450   0.57167200E+01
 8451   0.29942300E+01
 8452   0.27566100E+01
 8453   0.56602000E+01
 8454   0.15781490E+02
 8455   0.15681900E+02
 8456   0.17944190E+02
 8457   0.16487770E+02
 8458   0.15149940E+02
 8459   0.14876650E+02
 8460   0.15855200E+02
 8461   0.19957870E+02
 8462   0.28601330E+02
 8463   0.29434260E+02
 8464   0.31100520E+02
 8465   0.25852220E+02
 8466   0.19811920E+02
 8467   0.15204130E+02
 8468   0.11563580E+02
 8469   0.91506900E+01
 8470   0.71565200E+01
 8471   0.37242500E+01
 8472   0.31731700E+01
 8473   0.28852200E+01
 8474   0.23564300E+01
 8475   0.19716200E+01
 8476   0.16395700E+01
 8477   0.13703300E+01
 8478   0.12106800E+01
 8479   0.10907900E+01
 8480   0.98800000E+00
 8481   0.59534400E+01
 8482   0.59014200E+01
 8483   0.41411000E+01
 8484   0.32498900E+01
 8485   0.24104200E+01
 8486   0.20070900E+01
 8487   0.16161900E+01
 8488   0.14132900E+01
 8489   0.12895600E+01
 8490   0.21980500E+01
 8491   0.16308780E+02
 8492   0.15604750E+02
 8493   0.12140410E+02
 8494   0.90945600E+01
 8495   0.65074300E+01
 8496   0.83608000E+01
 8497   0.88361200E+01
 8498   0.15159810E+02
 8499   0.20876260E+02
 8500   0.25078220E+02
 8501   0.30307260E+02
 8502   0.23360870E+02
 8503   0.17557840E+02
 8504   0.13093380E+02
 8505   0.98605300E+01
 8506   0.77992400E+01
 8507   0.63861600E+01
 8508   0.48884300E+01
 8509   0.37238300E+01
 8510   0.52007100E+01
 8511   0.40614500E+01
 8512   0.19734300E+01
 8513   0.19326500E+01
 8514   0.19646820E+02
 8515   0.34188470E+02
 8516   0.25869570E+02
 8517   0.17242770E+02
 8518   0.12341710E+02
 8519   0.98050400E+01
 8520   0.83955600E+01
 8521   0.71555300E+01
 8522   0.59371400E+01
 8523   0.44366300E+01
 8524   0.34585000E+01
 8525   0.27009000E+01
 8526   0.21805200E+01
 8527   0.27858000E+01
 8528   0.25058230E+02
 8529   0.36193440E+02
 8530   0.32929000E+02
 8531   0.39288260E+02
 8532   0.80641830E+02
 8533   0.74018080E+02
 8534   0.53455050E+02
 8535   0.38855540E+02
 8536   0.42443320E+02
 8537   0.87192220E+02
 8538   0.18421867E+03
 8539   0.19851264E+03
 8540   0.12972590E+03
 8541   0.81797820E+02
 8542   0.52948770E+02
 8543   0.33462900E+02
 8544   0.23503490E+02
 8545   0.17656910E+02
 8546   0.13133370E+02
 8547   0.10211820E+02
 8548   0.81843300E+01
 8549   0.64417500E+01
 8550   0.47487300E+01
 8551   0.55988500E+01
 8552   0.43931500E+01
 8553   0.24245300E+01
 8554   0.24204900E+01
 8555   0.22484200E+01
 8556   0.92023800E+01
 8557   0.25756100E+02
 8558   0.29439330E+02
 8559   0.21794600E+02
 8560   0.14309870E+02
 8561   0.11780400E+02
 8562   0.93171890E+02
 8563   0.44624007E+03
 8564   0.32595968E+03
 8565   0.15901212E+03
 8566   0.93516690E+02
 8567   0.59703400E+02
 8568   0.59862820E+02
 8569   0.16835688E+03
 8570   0.12797318E+03
 8571   0.36303223E+03
 8572   0.46215847E+03
 8573   0.27896494E+03
 8574   0.15885890E+03
 8575   0.10629804E+03
 8576   0.72827480E+02
 8577   0.90292840E+02
 8578   0.69885560E+02
 8579   0.51459010E+02
 8580   0.40971240E+02
 8581   0.31870110E+02
 8582   0.25204110E+02
 8583   0.26220360E+02
 8584   0.26963151E+03
 8585   0.35258277E+03
 8586   0.69203513E+03
 8587   0.11390925E+04
 8588   0.54233502E+03
 8589   0.27914226E+03
 8590   0.13424312E+03
 8591   0.75900440E+02
 8592   0.47043270E+02
 8593   0.31492560E+02
 8594   0.21093960E+02
 8595   0.16141320E+02
 8596   0.17622130E+02
 8597   0.12794640E+02
 8598   0.93979500E+01
 8599   0.70637000E+01
 8600   0.50024900E+01
 8601   0.36982000E+01
 8602   0.27718500E+01
 8603   0.20958600E+01
 8604   0.16540400E+01
 8605   0.12582900E+01
 8606   0.10575800E+01
 8607   0.92364000E+00
 8608   0.77538000E+00
 8609   0.70455000E+00
 8610   0.65148000E+00
 8611   0.60405000E+00
 8612   0.55538000E+00
 8613   0.51144000E+00
 8614   0.50449000E+00
 8615   0.57682000E+00
 8616   0.46422000E+00
 8617   0.37180000E+00
 8618   0.31754000E+00
 8619   0.27939000E+00
 8620   0.24348000E+00
 8621   0.21076000E+00
 8622   0.18314000E+00
 8623   0.16042000E+00
 8624   0.14172000E+00
 8625   0.12616000E+00
 8626   0.11310000E+00
 8627   0.58795000E+00
 8628   0.57109000E+00
 8629   0.60564000E+00
 8630   0.74885000E+00
 8631   0.11909950E+02
 8632   0.86902280E+02
 8633   0.61968470E+02
 8634   0.42837240E+02
 8635   0.31515290E+02
 8636   0.32378940E+02
 8637   0.23331400E+02
 8638   0.17120540E+02
 8639   0.12292120E+02
 8640   0.91542400E+01
 8641   0.70342200E+01
 8642   0.53240500E+01
 8643   0.50753060E+02
 8644   0.10286819E+03
 8645   0.15284277E+03
 8646   0.10598604E+03
 8647   0.76224450E+02
 8648   0.64029080E+02
 8649   0.48388260E+02
 8650   0.37983560E+02
 8651   0.32170930E+02
 8652   0.23948580E+02
 8653   0.17052740E+02
 8654   0.12442180E+02
 8655   0.92050800E+01
 8656   0.51740200E+01
 8657   0.37574100E+01
 8658   0.30764400E+01
 8659   0.24638900E+01
 8660   0.20168500E+01
 8661   0.16352000E+01
 8662   0.13856500E+01
 8663   0.12043900E+01
 8664   0.10660000E+01
 8665   0.95235000E+00
 8666   0.75050000E+00
 8667   0.65053000E+00
 8668   0.59356000E+00
 8669   0.53886000E+00
 8670   0.48558000E+00
 8671   0.43599000E+00
 8672   0.41244000E+00
 8673   0.37761000E+00
 8674   0.37292000E+00
 8675   0.41179000E+00
 8676   0.52533000E+00
 8677   0.54865000E+00
 8678   0.54713000E+00
 8679   0.54454000E+00
 8680   0.53360000E+00
 8681   0.48303000E+00
 8682   0.42265000E+00
 8683   0.37593000E+00
 8684   0.54445000E+00
 8685   0.11409200E+01
 8686   0.13207600E+01
 8687   0.10502100E+01
 8688   0.93902000E+00
 8689   0.21516100E+01
 8690   0.62043400E+01
 8691   0.67045600E+01
 8692   0.57390700E+01
 8693   0.48115000E+01
 8694   0.41933100E+01
 8695   0.37143000E+01
 8696   0.32650400E+01
 8697   0.19053900E+01
 8698   0.16822600E+01
 8699   0.15100400E+01
 8700   0.21740900E+01
 8701   0.54104600E+01
 8702   0.46316200E+01
 8703   0.57044900E+01
 8704   0.73862100E+01
 8705   0.81588800E+01
 8706   0.81172100E+01
 8707   0.61895400E+01
 8708   0.53306300E+01
 8709   0.45435200E+01
 8710   0.38185000E+01
 8711   0.32409700E+01
 8712   0.26695500E+01
 8713   0.21213700E+01
 8714   0.20634700E+01
 8715   0.16533300E+01
 8716   0.13591400E+01
 8717   0.10551900E+01
 8718   0.90817000E+00
 8719   0.85010000E+00
 8720   0.81723000E+00
 8721   0.74823000E+00
 8722   0.68987000E+00
 8723   0.63920000E+00
 8724   0.59212000E+00
 8725   0.54860000E+00
 8726   0.50411000E+00
 8727   0.46319000E+00
 8728   0.42571000E+00
 8729   0.44963000E+00
 8730   0.56991000E+00
 8731   0.50383000E+00
 8732   0.53274000E+00
 8733   0.54622000E+00
 8734   0.53288000E+00
 8735   0.47819000E+00
 8736   0.65981000E+00
 8737   0.67545000E+00
 8738   0.62779000E+00
 8739   0.68188000E+00
 8740   0.19705200E+01
 8741   0.76517800E+01
 8742   0.15206250E+02
 8743   0.21745490E+02
 8744   0.36429540E+02
 8745   0.38178880E+02
 8746   0.33901890E+02
 8747   0.29796470E+02
 8748   0.32273200E+02
 8749   0.87760300E+02
 8750   0.13940358E+03
 8751   0.10260801E+03
 8752   0.67320300E+02
 8753   0.45709880E+02
 8754   0.34568990E+02
 8755   0.28005820E+02
 8756   0.23338810E+02
 8757   0.19702830E+02
 8758   0.14863050E+02
 8759   0.12852680E+02
 8760   0.15430560E+02
 8761   0.22235270E+02
 8762   0.39258200E+02
 8763   0.73056660E+02
 8764   0.11062539E+03
 8765   0.93786860E+02
 8766   0.69108470E+02
 8767   0.51135990E+02
 8768   0.39758470E+02
 8769   0.25879480E+02
 8770   0.18811430E+02
 8771   0.14156770E+02
 8772   0.10766150E+02
 8773   0.85232900E+01
 8774   0.68268700E+01
 8775   0.54495000E+01
 8776   0.42918600E+01
 8777   0.34849400E+01
 8778   0.28653500E+01
 8779   0.16087000E+01
 8780   0.13121700E+01
 8781   0.11955700E+01
 8782   0.11247400E+01
 8783   0.10647200E+01
 8784   0.10006100E+01
 8785   0.93213000E+00
 8786   0.96052000E+00
 8787   0.59963000E+01
 8788   0.11446890E+02
 8789   0.91945100E+01
 8790   0.71282400E+01
 8791   0.87800900E+01
 8792   0.11609160E+02
 8793   0.29083750E+02
 8794   0.39046990E+02
 8795   0.31420930E+02
 8796   0.26974440E+02
 8797   0.25131120E+02
 8798   0.21521730E+02
 8799   0.15400410E+02
 8800   0.12454330E+02
 8801   0.99888800E+01
 8802   0.80217900E+01
 8803   0.66224600E+01
 8804   0.54053200E+01
 8805   0.42390700E+01
 8806   0.35018600E+01
 8807   0.28821900E+01
 8808   0.23539600E+01
 8809   0.34966200E+01
 8810   0.18504900E+01
 8811   0.14673600E+01
 8812   0.12210800E+01
 8813   0.12266800E+01
 8814   0.10834000E+01
 8815   0.99399000E+00
 8816   0.84025000E+00
 8817   0.70789000E+00
 8818   0.15618000E+01
 8819   0.13662300E+01
 8820   0.10504100E+01
 8821   0.85930000E+00
 8822   0.15613060E+02
 8823   0.35937280E+02
 8824   0.29829490E+02
 8825   0.20932000E+02
 8826   0.16159220E+02
 8827   0.13900740E+02
 8828   0.12433630E+02
 8829   0.10728030E+02
 8830   0.10993550E+02
 8831   0.10597830E+02
 8832   0.88308800E+01
 8833   0.72807700E+01
 8834   0.61184700E+01
 8835   0.48333900E+01
 8836   0.41108100E+01
 8837   0.36547800E+01
 8838   0.31911100E+01
 8839   0.27279200E+01
 8840   0.16202700E+01
 8841   0.13278800E+01
 8842   0.12234600E+01
 8843   0.14157000E+01
 8844   0.15940800E+01
 8845   0.13341800E+01
 8846   0.11549100E+01
 8847   0.10339700E+01
 8848   0.97037000E+00
 8849   0.86225000E+00
 8850   0.79189000E+00
 8851   0.68311000E+00
 8852   0.59538000E+00
 8853   0.54639000E+00
 8854   0.59351000E+00
 8855   0.58302000E+00
 8856   0.80617000E+00
 8857   0.16659360E+02
 8858   0.30512170E+02
 8859   0.27125710E+02
 8860   0.25488400E+02
 8861   0.45654460E+02
 8862   0.14358631E+03
 8863   0.11935880E+03
 8864   0.91838360E+02
 8865   0.65007290E+02
 8866   0.43460720E+02
 8867   0.29685930E+02
 8868   0.20949620E+02
 8869   0.16801750E+02
 8870   0.13302110E+02
 8871   0.84130900E+01
 8872   0.67294100E+01
 8873   0.57167400E+01
 8874   0.40954400E+01
 8875   0.31938900E+01
 8876   0.26575100E+01
 8877   0.21169900E+01
 8878   0.17500200E+01
 8879   0.13963500E+01
 8880   0.14726320E+02
 8881   0.15144540E+02
 8882   0.25963950E+02
 8883   0.32794180E+02
 8884   0.24598210E+02
 8885   0.18621340E+02
 8886   0.23121500E+02
 8887   0.19585830E+02
 8888   0.16724990E+02
 8889   0.11860610E+02
 8890   0.81502400E+01
 8891   0.58244300E+01
 8892   0.27824200E+01
 8893   0.24397600E+01
 8894   0.19319100E+01
 8895   0.15896300E+01
 8896   0.13609500E+01
 8897   0.32389800E+01
 8898   0.35035880E+02
 8899   0.34236730E+02
 8900   0.22775320E+02
 8901   0.14804870E+02
 8902   0.93854600E+01
 8903   0.75010800E+01
 8904   0.67818200E+01
 8905   0.59945300E+01
 8906   0.65340000E+01
 8907   0.61275100E+01
 8908   0.44298600E+01
 8909   0.35626600E+01
 8910   0.27868700E+01
 8911   0.20945500E+01
 8912   0.53899100E+01
 8913   0.37712900E+01
 8914   0.28892900E+01
 8915   0.44246100E+01
 8916   0.57974600E+01
 8917   0.55892800E+01
 8918   0.36929100E+01
 8919   0.29426700E+01
 8920   0.72911500E+01
 8921   0.32413350E+02
 8922   0.30027470E+02
 8923   0.20578330E+02
 8924   0.11504010E+02
 8925   0.69475000E+01
 8926   0.36050300E+01
 8927   0.23278900E+01
 8928   0.17428100E+01
 8929   0.28523800E+01
 8930   0.94904070E+02
 8931   0.13331807E+03
 8932   0.12666925E+03
 8933   0.11275492E+03
 8934   0.84343400E+02
 8935   0.78996290E+02
 8936   0.53553530E+02
 8937   0.33360090E+02
 8938   0.22169030E+02
 8939   0.15930870E+02
 8940   0.11719670E+02
 8941   0.88990900E+01
 8942   0.69624500E+01
 8943   0.36643300E+01
 8944   0.34558500E+01
 8945   0.34977100E+01
 8946   0.51903700E+01
 8947   0.86828300E+01
 8948   0.17196430E+02
 8949   0.19752380E+02
 8950   0.19120930E+02
 8951   0.34207540E+02
 8952   0.82724950E+02
 8953   0.61580860E+02
 8954   0.39537010E+02
 8955   0.33324070E+02
 8956   0.24751130E+02
 8957   0.17979980E+02
 8958   0.13875780E+02
 8959   0.43774470E+02
 8960   0.54043530E+02
 8961   0.43268000E+02
 8962   0.28624220E+02
 8963   0.16706280E+02
 8964   0.13450090E+02
 8965   0.91586900E+01
 8966   0.62050100E+01
 8967   0.38596800E+01
 8968   0.29705500E+01
 8969   0.23265200E+01
 8970   0.20260600E+01
 8971   0.17067300E+01
 8972   0.13812600E+01
 8973   0.11988000E+01
 8974   0.94425000E+00
 8975   0.78006000E+00
 8976   0.71627000E+00
 8977   0.66584000E+00
 8978   0.62105000E+00
 8979   0.32115900E+01
 8980   0.45223900E+01
 8981   0.46485500E+01
 8982   0.32360300E+01
 8983   0.22709900E+01
 8984   0.14348600E+01
 8985   0.11339500E+01
 8986   0.91439000E+00
 8987   0.74717000E+00
 8988   0.67485000E+00
 8989   0.64194000E+00
 8990   0.61218000E+00
 8991   0.58787000E+00
 8992   0.59563000E+00
 8993   0.58707000E+00
 8994   0.56323000E+00
 8995   0.54400000E+00
 8996   0.52674000E+00
 8997   0.48245000E+00
 8998   0.43389000E+00
 8999   0.39136000E+00
 9000   0.35569000E+00
 9001   0.33322000E+00
 9002   0.30756000E+00
 9003   0.28930000E+00
 9004   0.26428000E+00
 9005   0.24135000E+00
 9006   0.91712000E+00
 9007   0.91486000E+00
 9008   0.92758000E+00
 9009   0.50531200E+01
 9010   0.10994610E+02
 9011   0.15031930E+02
 9012   0.14752740E+02
 9013   0.13871010E+02
 9014   0.11958550E+02
 9015   0.94090300E+01
 9016   0.94231200E+01
 9017   0.98235300E+01
 9018   0.17148370E+02
 9019   0.53069350E+02
 9020   0.97681300E+02
 9021   0.70887840E+02
 9022   0.48698440E+02
 9023   0.34592310E+02
 9024   0.25149880E+02
 9025   0.18052610E+02
 9026   0.13933300E+02
 9027   0.20003150E+02
 9028   0.18874540E+02
 9029   0.15706070E+02
 9030   0.13825020E+02
 9031   0.13426070E+02
 9032   0.11217810E+02
 9033   0.91828900E+01
 9034   0.75197100E+01
 9035   0.47831700E+01
 9036   0.97709000E+01
 9037   0.82925960E+02
 9038   0.32964852E+03
 9039   0.37709304E+03
 9040   0.57323300E+03
 9041   0.44566284E+03
 9042   0.28881556E+03
 9043   0.17497448E+03
 9044   0.11060819E+03
 9045   0.70226770E+02
 9046   0.48301470E+02
 9047   0.33790380E+02
 9048   0.24186270E+02
 9049   0.19176500E+02
 9050   0.15693820E+02
 9051   0.13793770E+02
 9052   0.28431230E+02
 9053   0.70699950E+02
 9054   0.37524489E+03
 9055   0.74977213E+03
 9056   0.53000886E+03
 9057   0.36600933E+03
 9058   0.20308561E+03
 9059   0.11558611E+03
 9060   0.71271570E+02
 9061   0.46232570E+02
 9062   0.31682820E+02
 9063   0.22425530E+02
 9064   0.16460230E+02
 9065   0.12224040E+02
 9066   0.82521900E+01
 9067   0.13222820E+02
 9068   0.36075900E+02
 9069   0.75549340E+02
 9070   0.10043436E+03
 9071   0.75033200E+02
 9072   0.50710050E+02
 9073   0.34373930E+02
 9074   0.24097530E+02
 9075   0.17730940E+02
 9076   0.12004770E+02
 9077   0.19911260E+02
 9078   0.30340570E+02
 9079   0.34764320E+02
 9080   0.38186550E+02
 9081   0.53978970E+02
 9082   0.45991310E+02
 9083   0.31200620E+02
 9084   0.20333710E+02
 9085   0.13802250E+02
 9086   0.83358000E+01
 9087   0.64155800E+01
 9088   0.48028800E+01
 9089   0.37488500E+01
 9090   0.29798700E+01
 9091   0.23913500E+01
 9092   0.19549000E+01
 9093   0.99079300E+01
 9094   0.52241620E+02
 9095   0.19543258E+03
 9096   0.21645541E+03
 9097   0.15524951E+03
 9098   0.10200739E+03
 9099   0.65692760E+02
 9100   0.44569530E+02
 9101   0.31684340E+02
 9102   0.22927760E+02
 9103   0.17595140E+02
 9104   0.13859970E+02
 9105   0.12931630E+02
 9106   0.18315810E+02
 9107   0.84021580E+02
 9108   0.13272406E+03
 9109   0.94660910E+02
 9110   0.61555210E+02
 9111   0.44453760E+02
 9112   0.33025850E+02
 9113   0.24181870E+02
 9114   0.18249590E+02
 9115   0.13622610E+02
 9116   0.10525510E+02
 9117   0.68359700E+01
 9118   0.51663100E+01
 9119   0.43240900E+01
 9120   0.35855600E+01
 9121   0.29202300E+01
 9122   0.24297100E+01
 9123   0.20194900E+01
 9124   0.17107300E+01
 9125   0.15105400E+01
 9126   0.40030600E+01
 9127   0.22799500E+01
 9128   0.34694600E+01
 9129   0.75883600E+01
 9130   0.11533820E+02
 9131   0.12915940E+02
 9132   0.12011910E+02
 9133   0.12695000E+02
 9134   0.16402270E+02
 9135   0.12783160E+02
 9136   0.10371150E+02
 9137   0.82397200E+01
 9138   0.44698700E+01
 9139   0.36568900E+01
 9140   0.31591300E+01
 9141   0.27589200E+01
 9142   0.23276800E+01
 9143   0.19506500E+01
 9144   0.16500500E+01
 9145   0.14136700E+01
 9146   0.12430700E+01
 9147   0.11399000E+01
 9148   0.88226000E+00
 9149   0.19827700E+01
 9150   0.15468400E+01
 9151   0.14183000E+01
 9152   0.14630800E+01
 9153   0.22229200E+01
 9154   0.34240500E+01
 9155   0.53635700E+01
 9156   0.58314000E+01
 9157   0.54752300E+01
 9158   0.32023000E+01
 9159   0.40374700E+01
 9160   0.42258200E+01
 9161   0.35793300E+01
 9162   0.30592700E+01
 9163   0.26028300E+01
 9164   0.20839400E+01
 9165   0.88659200E+01
 9166   0.14034660E+02
 9167   0.16331340E+02
 9168   0.15675640E+02
 9169   0.14923830E+02
 9170   0.12194210E+02
 9171   0.93247400E+01
 9172   0.73257000E+01
 9173   0.57994900E+01
 9174   0.45775800E+01
 9175   0.39194600E+01
 9176   0.33862200E+01
 9177   0.28586200E+01
 9178   0.23169300E+01
 9179   0.18392300E+01
 9180   0.13411600E+01
 9181   0.11762500E+01
 9182   0.10685900E+01
 9183   0.99163000E+00
 9184   0.28097000E+01
 9185   0.22487800E+01
 9186   0.18726800E+01
 9187   0.21611900E+01
 9188   0.84265300E+01
 9189   0.79589000E+01
 9190   0.56328600E+01
 9191   0.43110600E+01
 9192   0.30774800E+01
 9193   0.23993800E+01
 9194   0.19150600E+01
 9195   0.16245000E+01
 9196   0.13925900E+01
 9197   0.12432700E+01
 9198   0.11162800E+01
 9199   0.88666000E+00
 9200   0.15545300E+01
 9201   0.33973900E+01
 9202   0.29926000E+01
 9203   0.24375700E+01
 9204   0.21199600E+01
 9205   0.17177400E+01
 9206   0.14567000E+01
 9207   0.12138900E+01
 9208   0.10704500E+01
 9209   0.81336000E+00
 9210   0.72416000E+00
 9211   0.26166400E+01
 9212   0.21006560E+02
 9213   0.29990350E+02
 9214   0.23087080E+02
 9215   0.17176260E+02
 9216   0.14677130E+02
 9217   0.15636480E+02
 9218   0.18629500E+02
 9219   0.14628170E+02
 9220   0.92369100E+01
 9221   0.67171200E+01
 9222   0.50210200E+01
 9223   0.40221300E+01
 9224   0.33777500E+01
 9225   0.27492500E+01
 9226   0.22586200E+01
 9227   0.18336800E+01
 9228   0.14820000E+01
 9229   0.14782300E+01
 9230   0.11022900E+01
 9231   0.74868700E+01
 9232   0.77686820E+02
 9233   0.82287420E+02
 9234   0.70893940E+02
 9235   0.65256380E+02
 9236   0.48694420E+02
 9237   0.34705990E+02
 9238   0.28123340E+02
 9239   0.26691440E+02
 9240   0.18043400E+02
 9241   0.13106330E+02
 9242   0.98916900E+01
 9243   0.76292000E+01
 9244   0.61500700E+01
 9245   0.48491100E+01
 9246   0.39810200E+01
 9247   0.33914100E+01
 9248   0.28993500E+01
 9249   0.24694900E+01
 9250   0.15993700E+01
 9251   0.13552100E+01
 9252   0.32710600E+01
 9253   0.13804210E+02
 9254   0.13183670E+02
 9255   0.10854850E+02
 9256   0.76595800E+01
 9257   0.50463700E+01
 9258   0.46323100E+01
 9259   0.34731700E+01
 9260   0.23023600E+01
 9261   0.14049100E+01
 9262   0.16522640E+02
 9263   0.77730610E+02
 9264   0.71483740E+02
 9265   0.58365400E+02
 9266   0.62854640E+02
 9267   0.46775950E+02
 9268   0.33519880E+02
 9269   0.43764620E+02
 9270   0.41777000E+02
 9271   0.26013540E+02
 9272   0.16093990E+02
 9273   0.10873140E+02
 9274   0.89279000E+01
 9275   0.28741280E+02
 9276   0.10437207E+03
 9277   0.73794500E+02
 9278   0.11983566E+03
 9279   0.96955320E+02
 9280   0.91171760E+02
 9281   0.85188470E+02
 9282   0.56680040E+02
 9283   0.36357280E+02
 9284   0.24459300E+02
 9285   0.29274580E+02
 9286   0.23950564E+03
 9287   0.28494400E+03
 9288   0.24005397E+03
 9289   0.28812948E+03
 9290   0.21237420E+03
 9291   0.10856837E+03
 9292   0.68843410E+02
 9293   0.14767585E+03
 9294   0.13238481E+03
 9295   0.31681098E+03
 9296   0.20001613E+03
 9297   0.13087127E+03
 9298   0.79487990E+02
 9299   0.13334547E+03
 9300   0.28073143E+03
 9301   0.22790691E+03
 9302   0.13696341E+03
 9303   0.95671540E+02
 9304   0.66996620E+02
 9305   0.45203550E+02
 9306   0.31809860E+02
 9307   0.23009300E+02
 9308   0.17418230E+02
 9309   0.26457670E+02
 9310   0.19936026E+03
 9311   0.28144985E+03
 9312   0.16507139E+03
 9313   0.96150060E+02
 9314   0.58999860E+02
 9315   0.37732980E+02
 9316   0.25342780E+02
 9317   0.17961640E+02
 9318   0.12960610E+02
 9319   0.98516900E+01
 9320   0.95835000E+01
 9321   0.11192460E+02
 9322   0.65905500E+01
 9323   0.43251200E+01
 9324   0.36258100E+01
 9325   0.29643700E+01
 9326   0.23354000E+01
 9327   0.18670800E+01
 9328   0.70983500E+01
 9329   0.15781830E+02
 9330   0.20122380E+02
 9331   0.15706230E+02
 9332   0.89365000E+01
 9333   0.52745100E+01
 9334   0.32343900E+01
 9335   0.25507000E+01
 9336   0.45279700E+01
 9337   0.84906700E+01
 9338   0.12649730E+02
 9339   0.13256000E+02
 9340   0.11526590E+02
 9341   0.93925100E+01
 9342   0.74045700E+01
 9343   0.72161600E+01
 9344   0.11834870E+02
 9345   0.23019770E+03
 9346   0.20291459E+03
 9347   0.13740195E+03
 9348   0.93861450E+02
 9349   0.72122670E+02
 9350   0.75343840E+02
 9351   0.98016930E+02
 9352   0.21929350E+03
 9353   0.58996460E+03
 9354   0.69616251E+03
 9355   0.39003996E+03
 9356   0.25084238E+03
 9357   0.22735841E+03
 9358   0.17335705E+03
 9359   0.12461433E+03
 9360   0.75970800E+02
 9361   0.47366020E+02
 9362   0.32244250E+02
 9363   0.21053810E+02
 9364   0.15554950E+02
 9365   0.11799890E+02
 9366   0.92566500E+01
 9367   0.11757680E+02
 9368   0.14009270E+02
 9369   0.10713270E+02
 9370   0.88860800E+01
 9371   0.83553100E+01
 9372   0.14905460E+02
 9373   0.12020720E+02
 9374   0.15312790E+02
 9375   0.17751650E+02
 9376   0.18322400E+02
 9377   0.16368890E+02
 9378   0.12950010E+02
 9379   0.10067230E+02
 9380   0.78407800E+01
 9381   0.59553100E+01
 9382   0.41325000E+01
 9383   0.31572400E+01
 9384   0.18001700E+01
 9385   0.15364900E+01
 9386   0.65765400E+01
 9387   0.39097580E+02
 9388   0.54087493E+03
 9389   0.16392236E+04
 9390   0.11796527E+04
 9391   0.52107564E+03
 9392   0.33216508E+03
 9393   0.36819265E+03
 9394   0.80745938E+03
 9395   0.16895939E+04
 9396   0.12407239E+04
 9397   0.45569463E+03
 9398   0.21126927E+03
 9399   0.15815591E+03
 9400   0.11975945E+03
 9401   0.85604140E+02
 9402   0.60631030E+02
 9403   0.42553920E+02
 9404   0.28055460E+02
 9405   0.20428010E+02
 9406   0.15575280E+02
 9407   0.11713870E+02
 9408   0.92120600E+01
 9409   0.72269600E+01
 9410   0.54335100E+01
 9411   0.41128700E+01
 9412   0.32629000E+01
 9413   0.33222000E+01
 9414   0.18372700E+01
 9415   0.15364300E+01
 9416   0.14138900E+01
 9417   0.17603500E+01
 9418   0.11086400E+02
 9419   0.47113590E+02
 9420   0.74628141E+03
 9421   0.85987318E+03
 9422   0.46417385E+03
 9423   0.24783614E+03
 9424   0.14786674E+03
 9425   0.16690706E+03
 9426   0.51420840E+03
 9427   0.30654703E+03
 9428   0.15624785E+03
 9429   0.88328850E+02
 9430   0.53991290E+02
 9431   0.35055830E+02
 9432   0.23771480E+02
 9433   0.16987450E+02
 9434   0.12288200E+02
 9435   0.79867800E+01
 9436   0.60014100E+01
 9437   0.44347400E+01
 9438   0.36232600E+01
 9439   0.29875700E+01
 9440   0.24926100E+01
 9441   0.16533310E+02
 9442   0.13895272E+03
 9443   0.37997266E+03
 9444   0.21247459E+03
 9445   0.11416585E+03
 9446   0.69432920E+02
 9447   0.45285920E+02
 9448   0.31261300E+02
 9449   0.22702240E+02
 9450   0.33189340E+02
 9451   0.31083080E+02
 9452   0.25738980E+02
 9453   0.22258040E+02
 9454   0.18829560E+02
 9455   0.12792310E+02
 9456   0.10684100E+02
 9457   0.85213000E+01
 9458   0.65407300E+01
 9459   0.48414800E+01
 9460   0.38881100E+01
 9461   0.31469300E+01
 9462   0.32275600E+01
 9463   0.22808990E+02
 9464   0.26688330E+02
 9465   0.20931050E+02
 9466   0.12868900E+02
 9467   0.93953100E+01
 9468   0.81700200E+01
 9469   0.98176200E+01
 9470   0.19007320E+02
 9471   0.29788920E+02
 9472   0.30107690E+02
 9473   0.24145260E+02
 9474   0.19276280E+02
 9475   0.14588290E+02
 9476   0.98664800E+01
 9477   0.85461100E+01
 9478   0.76905200E+01
 9479   0.72084300E+01
 9480   0.70358100E+01
 9481   0.67302400E+01
 9482   0.63594900E+01
 9483   0.57560500E+01
 9484   0.50750800E+01
 9485   0.42673900E+01
 9486   0.23401600E+01
 9487   0.21520600E+01
 9488   0.18671300E+01
 9489   0.16125500E+01
 9490   0.13989700E+01
 9491   0.12488300E+01
 9492   0.11318900E+01
 9493   0.10326400E+01
 9494   0.94621000E+00
 9495   0.79720000E+00
 9496   0.67812000E+00
 9497   0.17250600E+01
 9498   0.11310800E+01
 9499   0.86204000E+00
 9500   0.70539000E+00
 9501   0.66543000E+00
 9502   0.73830000E+00
 9503   0.98830000E+00
 9504   0.87609000E+00
 9505   0.39079100E+01
 9506   0.44051000E+01
 9507   0.27906700E+01
 9508   0.29753800E+01
 9509   0.29288000E+01
 9510   0.27654500E+01
 9511   0.26354700E+01
 9512   0.27281600E+01
 9513   0.25584900E+01
 9514   0.23469200E+01
 9515   0.20097600E+01
 9516   0.17096100E+01
 9517   0.21962700E+01
 9518   0.35047200E+01
 9519   0.29223300E+01
 9520   0.24600800E+01
 9521   0.22115300E+01
 9522   0.19908100E+01
 9523   0.17291900E+01
 9524   0.14784500E+01
 9525   0.12968200E+01
 9526   0.11480600E+01
 9527   0.85335000E+00
 9528   0.69951000E+00
 9529   0.64193000E+00
 9530   0.59999000E+00
 9531   0.56628000E+00
 9532   0.53792000E+00
 9533   0.50838000E+00
 9534   0.47495000E+00
 9535   0.44326000E+00
 9536   0.41560000E+00
 9537   0.41340800E+01
 9538   0.60329800E+01
 9539   0.65808600E+01
 9540   0.49351900E+01
 9541   0.35099000E+01
 9542   0.26635300E+01
 9543   0.20841300E+01
 9544   0.18020000E+01
 9545   0.15584900E+01
 9546   0.13809000E+01
 9547   0.12391800E+01
 9548   0.95307000E+00
 9549   0.78142000E+00
 9550   0.70170000E+00
 9551   0.64950000E+00
 9552   0.60168000E+00
 9553   0.55197000E+00
 9554   0.27315000E+01
 9555   0.24242200E+01
 9556   0.21266900E+01
 9557   0.43538700E+01
 9558   0.22435300E+01
 9559   0.17269800E+01
 9560   0.13828400E+01
 9561   0.12182100E+01
 9562   0.11125400E+01
 9563   0.18881500E+01
 9564   0.12084800E+01
 9565   0.38846800E+01
 9566   0.34870900E+01
 9567   0.28859300E+01
 9568   0.16992400E+01
 9569   0.13955600E+01
 9570   0.12126900E+01
 9571   0.10816400E+01
 9572   0.10035500E+01
 9573   0.90029000E+00
 9574   0.91125000E+00
 9575   0.70199500E+01
 9576   0.21567550E+02
 9577   0.75121090E+02
 9578   0.19447119E+03
 9579   0.11789011E+03
 9580   0.13744198E+03
 9581   0.19436233E+03
 9582   0.16118762E+03
 9583   0.13846000E+03
 9584   0.11594868E+03
 9585   0.75891660E+02
 9586   0.51870590E+02
 9587   0.36256840E+02
 9588   0.28238360E+02
 9589   0.18801600E+02
 9590   0.14485010E+02
 9591   0.12255300E+02
 9592   0.95129500E+01
 9593   0.75135500E+01
 9594   0.61143300E+01
 9595   0.47561600E+01
 9596   0.94234600E+01
 9597   0.12077350E+02
 9598   0.12842480E+02
 9599   0.87287800E+01
 9600   0.61893300E+01
 9601   0.41535100E+01
 9602   0.31317500E+01
 9603   0.27745500E+01
 9604   0.22094700E+01
 9605   0.18612600E+01
 9606   0.39490700E+01
 9607   0.69429130E+02
 9608   0.76988640E+02
 9609   0.57476720E+02
 9610   0.49882620E+02
 9611   0.49980250E+02
 9612   0.49423020E+02
 9613   0.34873780E+02
 9614   0.22689070E+02
 9615   0.15259680E+02
 9616   0.10804730E+02
 9617   0.79958200E+01
 9618   0.59428500E+01
 9619   0.30598200E+01
 9620   0.26235400E+01
 9621   0.42061800E+01
 9622   0.35673300E+01
 9623   0.28347800E+01
 9624   0.58406300E+01
 9625   0.47229220E+02
 9626   0.53215010E+02
 9627   0.34628990E+02
 9628   0.23987490E+02
 9629   0.19800930E+02
 9630   0.16065570E+02
 9631   0.13631670E+02
 9632   0.10671170E+02
 9633   0.84110800E+01
 9634   0.66517200E+01
 9635   0.49740900E+01
 9636   0.38725700E+01
 9637   0.30412900E+01
 9638   0.23893500E+01
 9639   0.18952200E+01
 9640   0.12916800E+01
 9641   0.11579500E+01
 9642   0.14959660E+02
 9643   0.15058260E+02
 9644   0.11835990E+02
 9645   0.14784400E+02
 9646   0.12540230E+02
 9647   0.88319200E+01
 9648   0.60223200E+01
 9649   0.37313100E+01
 9650   0.19349600E+01
 9651   0.16730900E+01
 9652   0.15234800E+01
 9653   0.14483900E+01
 9654   0.61773300E+01
 9655   0.93091100E+01
 9656   0.75462400E+01
 9657   0.62840500E+01
 9658   0.93440700E+01
 9659   0.81562400E+01
 9660   0.17479180E+02
 9661   0.24119170E+02
 9662   0.27703260E+02
 9663   0.43473460E+02
 9664   0.35001369E+03
 9665   0.40992838E+03
 9666   0.27453512E+03
 9667   0.17091095E+03
 9668   0.15245660E+03
 9669   0.14824403E+03
 9670   0.30157967E+03
 9671   0.40526142E+03
 9672   0.38043049E+03
 9673   0.19665569E+03
 9674   0.11336748E+03
 9675   0.69045370E+02
 9676   0.44291900E+02
 9677   0.30422220E+02
 9678   0.20931340E+02
 9679   0.14961060E+02
 9680   0.12109280E+02
 9681   0.10548390E+02
 9682   0.82539900E+01
 9683   0.62862000E+01
 9684   0.14301340E+02
 9685   0.15762038E+03
 9686   0.87325050E+02
 9687   0.50097020E+02
 9688   0.38282750E+02
 9689   0.38366871E+03
 9690   0.37705184E+03
 9691   0.31932508E+03
 9692   0.24588230E+03
 9693   0.14058865E+03
 9694   0.75786980E+02
 9695   0.44393110E+02
 9696   0.28416780E+02
 9697   0.19761300E+02
 9698   0.15740920E+02
 9699   0.20317870E+02
 9700   0.29164830E+02
 9701   0.22282270E+02
 9702   0.14793070E+02
 9703   0.90935900E+01
 9704   0.53235400E+01
 9705   0.34653700E+01
 9706   0.26705200E+01
 9707   0.20363700E+01
 9708   0.16430300E+01
 9709   0.17017600E+01
 9710   0.13783800E+01
 9711   0.14235400E+01
 9712   0.17270300E+01
 9713   0.46252500E+01
 9714   0.82429200E+01
 9715   0.10371210E+02
 9716   0.98503000E+01
 9717   0.86047400E+01
 9718   0.70639000E+01
 9719   0.53514500E+01
 9720   0.44398900E+01
 9721   0.33253000E+01
 9722   0.18185600E+01
 9723   0.15211600E+01
 9724   0.13357400E+01
 9725   0.12062200E+01
 9726   0.10967000E+01
 9727   0.10668200E+01
 9728   0.95147000E+00
 9729   0.75969000E+00
 9730   0.67775000E+00
 9731   0.61961000E+00
 9732   0.55273000E+00
 9733   0.48779000E+00
 9734   0.41780000E+00
 9735   0.36622000E+00
 9736   0.32326000E+00
 9737   0.13584600E+01
 9738   0.96913000E+00
 9739   0.83123000E+00
 9740   0.14144900E+01
 9741   0.11002380E+02
 9742   0.14164760E+02
 9743   0.15916150E+02
 9744   0.16349830E+02
 9745   0.15013900E+02
 9746   0.12783890E+02
 9747   0.10670000E+02
 9748   0.87836500E+01
 9749   0.71820200E+01
 9750   0.55511800E+01
 9751   0.41604300E+01
 9752   0.32763800E+01
 9753   0.18535300E+01
 9754   0.15471700E+01
 9755   0.13625500E+01
 9756   0.12199600E+01
 9757   0.10888300E+01
 9758   0.98311000E+00
 9759   0.83908000E+00
 9760   0.72808000E+00
 9761   0.66103000E+00
 9762   0.60983000E+00
 9763   0.55247000E+00
 9764   0.43006100E+01
 9765   0.12229080E+02
 9766   0.23064780E+02
 9767   0.50296380E+02
 9768   0.57088080E+02
 9769   0.46162550E+02
 9770   0.35631060E+02
 9771   0.27899070E+02
 9772   0.21737370E+02
 9773   0.15454050E+02
 9774   0.12091530E+02
 9775   0.10068140E+02
 9776   0.81743800E+01
 9777   0.63557300E+01
 9778   0.46167300E+01
 9779   0.36746800E+01
 9780   0.28844700E+01
 9781   0.22378500E+01
 9782   0.17002800E+01
 9783   0.12212800E+01
 9784   0.10237300E+01
 9785   0.93343000E+00
 9786   0.82747000E+00
 9787   0.75457000E+00
 9788   0.69784000E+00
 9789   0.65225000E+00
 9790   0.61217000E+00
 9791   0.57343000E+00
 9792   0.53431000E+00
 9793   0.49225000E+00
 9794   0.44707000E+00
 9795   0.39548000E+00
 9796   0.33791000E+00
 9797   0.29357000E+00
 9798   0.25810000E+00
 9799   0.22481000E+00
 9800   0.19319000E+00
 9801   0.16590000E+00
 9802   0.14359000E+00
 9803   0.12574000E+00
 9804   0.20530000E+00
 9805   0.16905000E+00
 9806   0.30565500E+01
 9807   0.69263000E+01
 9808   0.39323440E+02
 9809   0.44872900E+02
 9810   0.34312980E+02
 9811   0.29964870E+02
 9812   0.21225760E+02
 9813   0.15786930E+02
 9814   0.10402330E+02
 9815   0.88924300E+01
 9816   0.82719000E+01
 9817   0.73655600E+01
 9818   0.64476100E+01
 9819   0.54469200E+01
 9820   0.45962400E+01
 9821   0.39357700E+01
 9822   0.32642800E+01
 9823   0.26336100E+01
 9824   0.16016700E+01
 9825   0.13196400E+01
 9826   0.11924900E+01
 9827   0.10896900E+01
 9828   0.99856000E+00
 9829   0.89343000E+00
 9830   0.77645000E+00
 9831   0.70790000E+00
 9832   0.65878000E+00
 9833   0.63424000E+00
 9834   0.36761200E+01
 9835   0.12555730E+02
 9836   0.49409050E+02
 9837   0.81336730E+02
 9838   0.61733770E+02
 9839   0.43602960E+02
 9840   0.32701930E+02
 9841   0.24266380E+02
 9842   0.18245620E+02
 9843   0.15800400E+02
 9844   0.13431990E+02
 9845   0.84006900E+01
 9846   0.64788500E+01
 9847   0.52520800E+01
 9848   0.42811300E+01
 9849   0.35433800E+01
 9850   0.28395300E+01
 9851   0.23344200E+01
 9852   0.19902700E+01
 9853   0.17064500E+01
 9854   0.14706000E+01
 9855   0.10860100E+01
 9856   0.89792000E+00
 9857   0.76523000E+00
 9858   0.27722100E+01
 9859   0.21919000E+01
 9860   0.19313200E+01
 9861   0.17997700E+01
 9862   0.13235120E+02
 9863   0.49019530E+02
 9864   0.10134650E+03
 9865   0.15417302E+03
 9866   0.13915059E+03
 9867   0.97704390E+02
 9868   0.66213020E+02
 9869   0.44286510E+02
 9870   0.30823210E+02
 9871   0.22648010E+02
 9872   0.17305580E+02
 9873   0.13101090E+02
 9874   0.10297980E+02
 9875   0.11867570E+02
 9876   0.91120200E+01
 9877   0.67710000E+01
 9878   0.64082300E+01
 9879   0.22872850E+02
 9880   0.38677120E+02
 9881   0.54485790E+02
 9882   0.46444680E+02
 9883   0.40796830E+02
 9884   0.65381560E+02
 9885   0.54496000E+02
 9886   0.53697390E+02
 9887   0.61404920E+02
 9888   0.52638540E+02
 9889   0.45050460E+02
 9890   0.41946860E+02
 9891   0.44160650E+02
 9892   0.56614260E+02
 9893   0.57582420E+02
 9894   0.46696770E+02
 9895   0.36410410E+02
 9896   0.25740040E+02
 9897   0.20745950E+02
 9898   0.16455510E+02
 9899   0.12703410E+02
 9900   0.10019940E+02
 9901   0.82586900E+01
 9902   0.68323400E+01
 9903   0.54018200E+01
 9904   0.72173600E+01
 9905   0.23626360E+02
 9906   0.85329780E+02
 9907   0.86299180E+02
 9908   0.92427210E+02
 9909   0.97726410E+02
 9910   0.78586940E+02
 9911   0.64390100E+02
 9912   0.49232470E+02
 9913   0.36504040E+02
 9914   0.27206790E+02
 9915   0.27379900E+02
 9916   0.24895240E+02
 9917   0.17987490E+02
 9918   0.13576670E+02
 9919   0.10650810E+02
 9920   0.86848300E+01
 9921   0.73092200E+01
 9922   0.61470500E+01
 9923   0.68948800E+01
 9924   0.13714360E+02
 9925   0.11091910E+02
 9926   0.87416300E+01
 9927   0.48621700E+01
 9928   0.45005800E+01
 9929   0.38490400E+01
 9930   0.20486020E+02
 9931   0.13074129E+03
 9932   0.10226833E+03
 9933   0.90923560E+02
 9934   0.70472830E+02
 9935   0.48495180E+02
 9936   0.45706230E+02
 9937   0.47437830E+02
 9938   0.50409300E+02
 9939   0.40782900E+02
 9940   0.32239800E+02
 9941   0.25541340E+02
 9942   0.20271120E+02
 9943   0.15983770E+02
 9944   0.20143750E+02
 9945   0.19036620E+02
 9946   0.15631020E+02
 9947   0.11154020E+02
 9948   0.30025470E+02
 9949   0.24371890E+02
 9950   0.16336180E+02
 9951   0.11008860E+02
 9952   0.79289200E+01
 9953   0.59684800E+01
 9954   0.46974500E+01
 9955   0.39929600E+01
 9956   0.34279900E+01
 9957   0.46008900E+01
 9958   0.30809700E+01
 9959   0.24673100E+01
 9960   0.21444100E+01
 9961   0.88737900E+01
 9962   0.31980430E+02
 9963   0.31676120E+02
 9964   0.34353330E+02
 9965   0.49284850E+02
 9966   0.52493270E+02
 9967   0.42066930E+02
 9968   0.45412300E+02
 9969   0.35908090E+02
 9970   0.26117840E+02
 9971   0.18925340E+02
 9972   0.14103220E+02
 9973   0.10610430E+02
 9974   0.98393600E+01
 9975   0.14759250E+02
 9976   0.46752460E+02
 9977   0.13047605E+03
 9978   0.96261660E+02
 9979   0.64391120E+02
 9980   0.43496370E+02
 9981   0.30601870E+02
 9982   0.22017930E+02
 9983   0.16465530E+02
 9984   0.12262500E+02
 9985   0.10662800E+02
 9986   0.83838100E+01
 9987   0.11769110E+02
 9988   0.13331280E+02
 9989   0.12771970E+02
 9990   0.10316900E+02
 9991   0.75423800E+01
 9992   0.51837300E+01
 9993   0.36754200E+01
 9994   0.34398000E+01
 9995   0.85203100E+01
 9996   0.33240680E+02
 9997   0.30139630E+02
 9998   0.20266400E+02
 9999   0.11286450E+02
10000   0.74112500E+01
10001   0.56217300E+01
10002   0.54979000E+01
10003   0.40025380E+02
10004   0.89942630E+02
10005   0.87348780E+02
10006   0.62639080E+02
10007   0.94393180E+02
10008   0.23890680E+03
10009   0.17016072E+03
10010   0.10371995E+03
10011   0.79928800E+02
10012   0.74878520E+02
10013   0.60326640E+02
10014   0.85791410E+02
10015   0.68013030E+02
10016   0.14650675E+03
10017   0.25657120E+03
10018   0.20122766E+03
10019   0.13183797E+03
10020   0.80397380E+02
10021   0.50886880E+02
10022   0.33650400E+02
10023   0.23216750E+02
10024   0.16793630E+02
10025   0.12383340E+02
10026   0.95397200E+01
10027   0.74166900E+01
10028   0.52671600E+01
10029   0.26948900E+01
10030   0.23838000E+01
10031   0.63391800E+01
10032   0.28281920E+02
10033   0.34279440E+02
10034   0.29606990E+02
10035   0.20862490E+02
10036   0.14350910E+02
10037   0.23542530E+02
10038   0.70628870E+02
10039   0.57520710E+02
10040   0.32636000E+02
10041   0.23281570E+02
10042   0.18572170E+02
10043   0.14251830E+02
10044   0.10868450E+02
10045   0.84438100E+01
10046   0.66512000E+01
10047   0.54451500E+01
10048   0.41890500E+01
10049   0.47805800E+01
10050   0.18514490E+02
10051   0.78989680E+02
10052   0.64495150E+02
10053   0.44480060E+02
10054   0.31621990E+02
10055   0.22095290E+02
10056   0.16991400E+02
10057   0.15358460E+02
10058   0.42030200E+02
10059   0.59711160E+02
10060   0.34994580E+02
10061   0.18890530E+02
10062   0.12631350E+02
10063   0.19852000E+02
10064   0.94094610E+02
10065   0.81385170E+02
10066   0.57622320E+02
10067   0.40819960E+02
10068   0.29823490E+02
10069   0.22047810E+02
10070   0.15445000E+02
10071   0.12411430E+02
10072   0.10272730E+02
10073   0.83066300E+01
10074   0.66275400E+01
10075   0.51356700E+01
10076   0.39227200E+01
10077   0.31771400E+01
10078   0.43808300E+01
10079   0.98779700E+01
10080   0.12738650E+02
10081   0.92371000E+01
10082   0.64261800E+01
10083   0.45967300E+01
10084   0.27478400E+01
10085   0.19268000E+01
10086   0.19878100E+01
10087   0.15255100E+01
10088   0.12299800E+01
10089   0.10406300E+01
10090   0.78651000E+00
10091   0.64190000E+00
10092   0.53290000E+00
10093   0.45672000E+00
10094   0.39915000E+00
10095   0.35377000E+00
10096   0.31599000E+00
10097   0.28963000E+00
10098   0.27659000E+00
10099   0.37754000E+00
10100   0.36342000E+00
10101   0.66780200E+01
10102   0.80521900E+01
10103   0.61128930E+02
10104   0.58624500E+02
10105   0.42784660E+02
10106   0.30062060E+02
10107   0.21358650E+02
10108   0.18006820E+02
10109   0.27339370E+02
10110   0.11961021E+03
10111   0.22602148E+03
10112   0.22325258E+03
10113   0.75975129E+03
10114   0.52138255E+03
10115   0.25164654E+03
10116   0.13827422E+03
10117   0.84979060E+02
10118   0.54641530E+02
10119   0.36956300E+02
10120   0.25794770E+02
10121   0.18772840E+02
10122   0.12302420E+02
10123   0.95855900E+01
10124   0.77642800E+01
10125   0.62251000E+01
10126   0.46974100E+01
10127   0.37464300E+01
10128   0.29829600E+01
10129   0.23701200E+01
10130   0.18756400E+01
10131   0.15306100E+01
10132   0.11506100E+01
10133   0.97351000E+00
10134   0.10408000E+01
10135   0.11051200E+01
10136   0.25088000E+01
10137   0.89194100E+01
10138   0.14165320E+02
10139   0.14732260E+02
10140   0.12651540E+02
10141   0.10204540E+02
10142   0.69569900E+01
10143   0.53438200E+01
10144   0.44120600E+01
10145   0.36237000E+01
10146   0.29316500E+01
10147   0.23791400E+01
10148   0.19315100E+01
10149   0.16162900E+01
10150   0.13515900E+01
10151   0.95341900E+01
10152   0.85182400E+01
10153   0.70108200E+01
10154   0.57247700E+01
10155   0.47292400E+01
10156   0.42173600E+01
10157   0.36308000E+01
10158   0.38921200E+01
10159   0.19876560E+02
10160   0.26250706E+03
10161   0.37876942E+03
10162   0.22891344E+03
10163   0.13074152E+03
10164   0.81823950E+02
10165   0.52618840E+02
10166   0.35382880E+02
10167   0.24765830E+02
10168   0.18191410E+02
10169   0.13489400E+02
10170   0.17227860E+02
10171   0.29991910E+02
10172   0.74027750E+02
10173   0.81469260E+02
10174   0.61324820E+02
10175   0.43248120E+02
10176   0.30919370E+02
10177   0.22470780E+02
10178   0.16908750E+02
10179   0.13160300E+02
10180   0.10370140E+02
10181   0.81754200E+01
10182   0.63408000E+01
10183   0.32314800E+01
10184   0.29379800E+01
10185   0.26296300E+01
10186   0.21846000E+01
10187   0.18127400E+01
10188   0.15252800E+01
10189   0.13230700E+01
10190   0.11740200E+01
10191   0.10620200E+01
10192   0.99880000E+00
10193   0.12153600E+01
10194   0.38497400E+01
10195   0.46766900E+01
10196   0.46854700E+01
10197   0.68572100E+01
10198   0.99143100E+01
10199   0.11158770E+02
10200   0.10544170E+02
10201   0.89353900E+01
10202   0.71518200E+01
10203   0.86802500E+01
10204   0.18963250E+02
10205   0.21940280E+02
10206   0.26809110E+02
10207   0.29947550E+02
10208   0.25488750E+02
10209   0.20833250E+02
10210   0.16526330E+02
10211   0.12494670E+02
10212   0.96617900E+01
10213   0.74595300E+01
10214   0.37481200E+01
10215   0.31205900E+01
10216   0.26417200E+01
10217   0.22445200E+01
10218   0.18654400E+01
10219   0.15462200E+01
10220   0.13380200E+01
10221   0.11985400E+01
10222   0.14384600E+01
10223   0.12953200E+01
10224   0.11511800E+01
10225   0.12729100E+01
10226   0.16321100E+01
10227   0.22437600E+01
10228   0.30597200E+01
10229   0.39977900E+01
10230   0.46977400E+01
10231   0.48490400E+01
10232   0.45846900E+01
10233   0.41500000E+01
10234   0.23761800E+01
10235   0.24959000E+01
10236   0.24398800E+01
10237   0.21490300E+01
10238   0.18747400E+01
10239   0.16467800E+01
10240   0.13854500E+01
10241   0.12445300E+01
10242   0.11450200E+01
10243   0.11071400E+01
10244   0.21166600E+01
10245   0.15011700E+01
10246   0.12858900E+01
10247   0.20455500E+01
10248   0.17972100E+01
10249   0.16106900E+01
10250   0.14385500E+01
10251   0.13982100E+01
10252   0.67953100E+01
10253   0.64909700E+01
10254   0.50930800E+01
10255   0.27687900E+01
10256   0.23992700E+01
10257   0.19958500E+01
10258   0.16821000E+01
10259   0.14837100E+01
10260   0.13091100E+01
10261   0.11502500E+01
10262   0.10391900E+01
10263   0.10652500E+01
10264   0.18130600E+01
10265   0.13177000E+01
10266   0.10955100E+01
10267   0.97762000E+00
10268   0.89827000E+00
10269   0.13458700E+01
10270   0.26643900E+01
10271   0.41921400E+01
10272   0.42474200E+01
10273   0.38460600E+01
10274   0.31770100E+01
10275   0.63562800E+01
10276   0.18577620E+02
10277   0.61302650E+02
10278   0.81297670E+02
10279   0.12660547E+03
10280   0.12766318E+03
10281   0.13540876E+03
10282   0.16220046E+03
10283   0.12400141E+03
10284   0.99758270E+02
10285   0.10097673E+03
10286   0.80930130E+02
10287   0.72009540E+02
10288   0.56330590E+02
10289   0.41625550E+02
10290   0.30396840E+02
10291   0.22859240E+02
10292   0.22648550E+02
10293   0.43783810E+02
10294   0.62149010E+02
10295   0.52075330E+02
10296   0.38647600E+02
10297   0.31585870E+02
10298   0.26436760E+02
10299   0.23064660E+02
10300   0.18435660E+02
10301   0.24410350E+02
10302   0.60039750E+02
10303   0.67185730E+02
10304   0.95608940E+02
10305   0.99928680E+02
10306   0.80741250E+02
10307   0.66386900E+02
10308   0.58787550E+02
10309   0.43171570E+02
10310   0.30385340E+02
10311   0.21571870E+02
10312   0.15757890E+02
10313   0.11828060E+02
10314   0.94347000E+01
10315   0.76382600E+01
10316   0.40980700E+01
10317   0.36327100E+01
10318   0.30880300E+01
10319   0.25699900E+01
10320   0.21044800E+01
10321   0.17743200E+01
10322   0.14832500E+01
10323   0.12867500E+01
10324   0.11410600E+01
10325   0.10184600E+01
10326   0.87935000E+00
10327   0.71115000E+00
10328   0.61688000E+00
10329   0.57137000E+00
10330   0.54363000E+00
10331   0.50673000E+00
10332   0.47054000E+00
10333   0.13348390E+02
10334   0.56123790E+02
10335   0.44066530E+02
10336   0.26987530E+02
10337   0.16203560E+02
10338   0.11802080E+02
10339   0.97265200E+01
10340   0.82470200E+01
10341   0.70370300E+01
10342   0.65421800E+01
10343   0.96629500E+01
10344   0.77673600E+01
10345   0.56673500E+01
10346   0.57517300E+01
10347   0.28992000E+01
10348   0.21234600E+01
10349   0.15758200E+01
10350   0.13327200E+01
10351   0.11617500E+01
10352   0.10098000E+01
10353   0.81099000E+00
10354   0.69398000E+00
10355   0.62386000E+00
10356   0.56186000E+00
10357   0.49545000E+00
10358   0.42720000E+00
10359   0.35804000E+00
10360   0.72179200E+01
10361   0.25871580E+02
10362   0.27260330E+02
10363   0.18385590E+02
10364   0.20022050E+02
10365   0.48035880E+02
10366   0.12184643E+03
10367   0.12700683E+03
10368   0.10778278E+03
10369   0.75558650E+02
10370   0.52143200E+02
10371   0.36603130E+02
10372   0.29608480E+02
10373   0.37098030E+02
10374   0.11125340E+03
10375   0.79889870E+02
10376   0.52745320E+02
10377   0.41214400E+02
10378   0.29698490E+02
10379   0.37234290E+02
10380   0.14353268E+03
10381   0.38860121E+03
10382   0.17313728E+03
10383   0.12522178E+03
10384   0.92954150E+02
10385   0.59192300E+02
10386   0.37683790E+02
10387   0.25381190E+02
10388   0.19230270E+02
10389   0.74394430E+03
10390   0.46210039E+03
10391   0.21419955E+03
10392   0.20092420E+03
10393   0.21693731E+03
10394   0.12227232E+03
10395   0.77603760E+02
10396   0.53495100E+02
10397   0.38451540E+02
10398   0.25851110E+02
10399   0.20587470E+02
10400   0.18711980E+02
10401   0.19026360E+02
10402   0.39409380E+02
10403   0.58166140E+02
10404   0.42479150E+02
10405   0.29452940E+02
10406   0.20240780E+02
10407   0.14879710E+02
10408   0.11561820E+02
10409   0.78468000E+01
10410   0.73869200E+01
10411   0.57162900E+01
10412   0.41067200E+01
10413   0.32308200E+01
10414   0.25488100E+01
10415   0.20094700E+01
10416   0.15655000E+01
10417   0.12906300E+01
10418   0.11177800E+01
10419   0.86253000E+00
10420   0.71346000E+00
10421   0.65181000E+00
10422   0.60340000E+00
10423   0.55852000E+00
10424   0.52056000E+00
10425   0.47440000E+00
10426   0.42759000E+00
10427   0.38528000E+00
10428   0.34430000E+00
10429   0.30451000E+00
10430   0.26684000E+00
10431   0.22960000E+00
10432   0.19742000E+00
10433   0.17244000E+00
10434   0.15337000E+00
10435   0.22767000E+00
10436   0.36258000E+00
10437   0.32722000E+00
10438   0.29475000E+00
10439   0.30825000E+00
10440   0.29560000E+00
10441   0.30787000E+00
10442   0.40251000E+00
10443   0.52345000E+00
10444   0.54577000E+00
10445   0.63541000E+00
10446   0.71019300E+01
10447   0.93105200E+01
10448   0.70646200E+01
10449   0.43152500E+01
10450   0.18894800E+01
10451   0.13878400E+01
10452   0.12293700E+01
10453   0.11272000E+01
10454   0.89875000E+00
10455   0.11144900E+01
10456   0.85240000E+00
10457   0.68647000E+00
10458   0.60179000E+00
10459   0.51682000E+00
10460   0.43144000E+00
10461   0.38151000E+00
10462   0.35135000E+00
10463   0.32291000E+00
10464   0.29314000E+00
10465   0.28265000E+00
10466   0.29808000E+00
10467   0.51463100E+01
10468   0.18620838E+03
10469   0.17677128E+03
10470   0.97893720E+02
10471   0.80892680E+02
10472   0.56878590E+02
10473   0.38626750E+02
10474   0.26676620E+02
10475   0.19134670E+02
10476   0.13933670E+02
10477   0.10439090E+02
10478   0.80222500E+01
10479   0.61444000E+01
10480   0.31229300E+01
10481   0.28165100E+01
10482   0.23791100E+01
10483   0.19371000E+01
10484   0.15845300E+01
10485   0.13624200E+01
10486   0.12103000E+01
10487   0.13508800E+01
10488   0.13409100E+01
10489   0.15857000E+01
10490   0.26003100E+01
10491   0.32560300E+01
10492   0.51865500E+01
10493   0.68961600E+01
10494   0.70243100E+01
10495   0.59947100E+01
10496   0.47981300E+01
10497   0.52355200E+01
10498   0.92283300E+01
10499   0.79450700E+01
10500   0.83443400E+01
10501   0.69673800E+01
10502   0.13603780E+02
10503   0.10156487E+03
10504   0.55499992E+03
10505   0.54081693E+03
10506   0.40700869E+03
10507   0.41089834E+03
10508   0.29241141E+03
10509   0.17125843E+03
10510   0.10489037E+03
10511   0.64827320E+02
10512   0.44897040E+02
10513   0.33606320E+02
10514   0.26270670E+02
10515   0.21821450E+02
10516   0.18364710E+02
10517   0.15212120E+02
10518   0.12274540E+02
10519   0.12789330E+02
10520   0.50562450E+02
10521   0.22305925E+03
10522   0.21593337E+03
10523   0.14899466E+03
10524   0.13840821E+03
10525   0.21143642E+03
10526   0.21009802E+03
10527   0.16196295E+03
10528   0.16509735E+03
10529   0.61214893E+03
10530   0.50999886E+03
10531   0.26577703E+03
10532   0.14494958E+03
10533   0.11096490E+03
10534   0.18952439E+03
10535   0.55905696E+03
10536   0.48819210E+03
10537   0.23985922E+03
10538   0.12804211E+03
10539   0.76204030E+02
10540   0.48711600E+02
10541   0.33202180E+02
10542   0.33750500E+02
10543   0.27553550E+02
10544   0.24652660E+02
10545   0.18753900E+02
10546   0.14079970E+02
10547   0.11004780E+02
10548   0.88860900E+01
10549   0.72328800E+01
10550   0.57794800E+01
10551   0.44355300E+01
10552   0.24009500E+01
10553   0.21275800E+01
10554   0.28395800E+01
10555   0.24633500E+01
10556   0.25377200E+01
10557   0.15462370E+02
10558   0.43411220E+02
10559   0.40265620E+02
10560   0.28777680E+02
10561   0.21197450E+02
10562   0.13225120E+02
10563   0.98885200E+01
10564   0.76595800E+01
10565   0.61711300E+01
10566   0.44629000E+01
10567   0.35399200E+01
10568   0.27771200E+01
10569   0.24027500E+01
10570   0.21277700E+01
10571   0.18570200E+01
10572   0.15865400E+01
10573   0.11571700E+01
10574   0.96529000E+00
10575   0.79609000E+00
10576   0.72283000E+00
10577   0.67860000E+00
10578   0.24549000E+01
10579   0.22425900E+01
10580   0.20529000E+01
10581   0.21527300E+01
10582   0.24726100E+01
10583   0.17970000E+01
10584   0.16660600E+01
10585   0.15537400E+01
10586   0.14481200E+01
10587   0.14429800E+01
10588   0.49695100E+01
10589   0.52512000E+01
10590   0.42152500E+01
10591   0.40864400E+01
10592   0.39298200E+01
10593   0.21179700E+01
10594   0.17571400E+01
10595   0.15051200E+01
10596   0.13637300E+01
10597   0.15920420E+02
10598   0.25051710E+02
10599   0.22118240E+02
10600   0.17170720E+02
10601   0.13369520E+02
10602   0.12051040E+02
10603   0.86150200E+01
10604   0.75980000E+01
10605   0.66300200E+01
10606   0.53935500E+01
10607   0.43373200E+01
10608   0.36220300E+01
10609   0.35618600E+01
10610   0.29744800E+01
10611   0.27245900E+01
10612   0.66106700E+01
10613   0.92626100E+01
10614   0.62311400E+01
10615   0.49662200E+01
10616   0.11228830E+02
10617   0.19915290E+02
10618   0.22573280E+02
10619   0.26609500E+02
10620   0.24628170E+02
10621   0.22803820E+02
10622   0.20377080E+02
10623   0.17308520E+02
10624   0.12154840E+02
10625   0.99230300E+01
10626   0.82973300E+01
10627   0.67877100E+01
10628   0.55452500E+01
10629   0.43467700E+01
10630   0.36092900E+01
10631   0.30079300E+01
10632   0.27188400E+01
10633   0.24474000E+01
10634   0.17953000E+01
10635   0.71698200E+01
10636   0.16302410E+02
10637   0.19407350E+02
10638   0.20101070E+02
10639   0.21670500E+02
10640   0.19841970E+02
10641   0.20799330E+02
10642   0.32246600E+02
10643   0.29289540E+02
10644   0.22844840E+02
10645   0.19065350E+02
10646   0.15173310E+02
10647   0.12471300E+02
10648   0.10360450E+02
10649   0.86559800E+01
10650   0.74308600E+01
10651   0.64636000E+01
10652   0.48594900E+01
10653   0.52256600E+01
10654   0.77094400E+01
10655   0.67734700E+01
10656   0.65081600E+01
10657   0.91568900E+01
10658   0.84422600E+01
10659   0.88890900E+01
10660   0.97445700E+01
10661   0.98505500E+01
10662   0.14171210E+02
10663   0.13464140E+02
10664   0.11221090E+02
10665   0.82611700E+01
10666   0.65485500E+01
10667   0.48736000E+01
10668   0.39942000E+01
10669   0.39560400E+01
10670   0.31715100E+01
10671   0.26652300E+01
10672   0.22011100E+01
10673   0.18102400E+01
10674   0.14917000E+01
10675   0.10875500E+01
10676   0.22707800E+01
10677   0.14522400E+01
10678   0.12793600E+01
10679   0.11354300E+01
10680   0.10503200E+01
10681   0.97654000E+00
10682   0.84042000E+00
10683   0.71178000E+00
10684   0.63330000E+00
10685   0.55683000E+00
10686   0.48590000E+00
10687   0.41671000E+00
10688   0.27416800E+01
10689   0.18241700E+01
10690   0.15367100E+01
10691   0.12495300E+01
10692   0.10863300E+01
10693   0.91531000E+00
10694   0.69109000E+00
10695   0.53927000E+00
10696   0.36901000E+00
10697   0.27319000E+00
10698   0.62278000E+00
10699   0.71566400E+01
10700   0.76502100E+01
10701   0.68612900E+01
10702   0.50262400E+01
10703   0.61959500E+01
10704   0.10606770E+02
10705   0.13850510E+02
10706   0.12883690E+02
10707   0.11365370E+02
10708   0.17746740E+02
10709   0.13333590E+02
10710   0.10095910E+02
10711   0.77592000E+01
10712   0.58306300E+01
10713   0.42079400E+01
10714   0.33181000E+01
10715   0.17249250E+02
10716   0.15655889E+03
10717   0.98071320E+02
10718   0.75752120E+02
10719   0.55772320E+02
10720   0.38466530E+02
10721   0.26466380E+02
10722   0.18840230E+02
10723   0.13738680E+02
10724   0.10808280E+02
10725   0.16919260E+02
10726   0.11131240E+02
10727   0.86681300E+01
10728   0.67704000E+01
10729   0.44438100E+01
10730   0.32944600E+01
10731   0.27144200E+01
10732   0.22007700E+01
10733   0.17663600E+01
10734   0.14158600E+01
10735   0.12054500E+01
10736   0.10663000E+01
10737   0.84009000E+00
10738   0.69610000E+00
10739   0.63319000E+00
10740   0.58337000E+00
10741   0.54045000E+00
10742   0.51184000E+00
10743   0.50974000E+00
10744   0.45707000E+00
10745   0.40647000E+00
10746   0.36534000E+00
10747   0.32803000E+00
10748   0.29106000E+00
10749   0.56907100E+01
10750   0.43377600E+02
10751   0.44197520E+02
10752   0.29146870E+02
10753   0.21694920E+02
10754   0.24993050E+02
10755   0.25266890E+02
10756   0.23282300E+02
10757   0.38988140E+02
10758   0.17340324E+03
10759   0.10224897E+03
10760   0.57106930E+02
10761   0.40896280E+02
10762   0.33531400E+02
10763   0.20606365E+03
10764   0.25098301E+03
10765   0.18738866E+03
10766   0.12187153E+03
10767   0.72592980E+02
10768   0.77617200E+02
10769   0.55767350E+02
10770   0.35721550E+02
10771   0.24091420E+02
10772   0.17952270E+02
10773   0.13979580E+02
10774   0.10531160E+02
10775   0.79304300E+01
10776   0.59582700E+01
10777   0.44129700E+01
10778   0.23792900E+01
10779   0.20131700E+01
10780   0.16544100E+01
10781   0.14115900E+01
10782   0.12415200E+01
10783   0.10927500E+01
10784   0.97919000E+00
10785   0.82097000E+00
10786   0.71928000E+00
10787   0.65863000E+00
10788   0.58937000E+00
10789   0.52898000E+00
10790   0.69852000E+00
10791   0.55325000E+00
10792   0.46755000E+00
10793   0.13713500E+01
10794   0.18014350E+02
10795   0.25651768E+03
10796   0.19002159E+03
10797   0.12981961E+03
10798   0.77397460E+02
10799   0.49506100E+02
10800   0.33531550E+02
10801   0.23458700E+02
10802   0.17221970E+02
10803   0.16735200E+02
10804   0.19824510E+02
10805   0.67561560E+02
10806   0.14514829E+03
10807   0.13143208E+03
10808   0.10218064E+03
10809   0.87033160E+02
10810   0.60865460E+02
10811   0.42557840E+02
10812   0.31276540E+02
10813   0.23733400E+02
10814   0.18448690E+02
10815   0.13983670E+02
10816   0.10383300E+02
10817   0.77870200E+01
10818   0.58353600E+01
10819   0.34913400E+01
10820   0.36741100E+01
10821   0.93011400E+01
10822   0.84045600E+01
10823   0.60441400E+01
10824   0.39530800E+01
10825   0.64739200E+01
10826   0.80805700E+01
10827   0.72292200E+01
10828   0.22560400E+02
10829   0.28404430E+02
10830   0.23775290E+02
10831   0.19078690E+02
10832   0.14352100E+02
10833   0.10777540E+02
10834   0.82220000E+01
10835   0.63498400E+01
10836   0.45324500E+01
10837   0.36140900E+01
10838   0.53395700E+01
10839   0.44505200E+01
10840   0.11105860E+02
10841   0.22246790E+02
10842   0.23938780E+02
10843   0.20580690E+02
10844   0.16828100E+02
10845   0.15638180E+02
10846   0.26626660E+02
10847   0.67782630E+02
10848   0.21449709E+03
10849   0.20873439E+03
10850   0.15190118E+03
10851   0.99349890E+02
10852   0.66395700E+02
10853   0.20652231E+03
10854   0.78839900E+03
10855   0.72617229E+03
10856   0.69960570E+03
10857   0.45472035E+03
10858   0.27832485E+03
10859   0.18279877E+03
10860   0.14585376E+03
10861   0.12447257E+03
10862   0.11302055E+03
10863   0.26832281E+03
10864   0.42550389E+03
10865   0.36326034E+03
10866   0.24357920E+03
10867   0.14579070E+03
10868   0.10315319E+03
10869   0.11575482E+03
10870   0.12053803E+03
10871   0.11962328E+03
10872   0.12418067E+03
10873   0.14668474E+03
10874   0.16396182E+03
10875   0.14846283E+03
10876   0.11810257E+03
10877   0.83479340E+02
10878   0.57160410E+02
10879   0.41619220E+02
10880   0.29017760E+02
10881   0.23189700E+02
10882   0.19058910E+02
10883   0.15439790E+02
10884   0.12410760E+02
10885   0.10111320E+02
10886   0.82589800E+01
10887   0.78863000E+01
10888   0.77435500E+01
10889   0.97489700E+01
10890   0.15255730E+02
10891   0.43427180E+02
10892   0.97880890E+02
10893   0.21284905E+03
10894   0.19777929E+03
10895   0.13637570E+03
10896   0.85010120E+02
10897   0.54123820E+02
10898   0.35769890E+02
10899   0.24721070E+02
10900   0.19791260E+02
10901   0.19397510E+02
10902   0.25922310E+02
10903   0.52534550E+02
10904   0.73255960E+02
10905   0.60421900E+02
10906   0.43429100E+02
10907   0.31041480E+02
10908   0.22395530E+02
10909   0.17065030E+02
10910   0.13339660E+02
10911   0.10769180E+02
10912   0.11797760E+02
10913   0.13357370E+02
10914   0.13666650E+02
10915   0.12483620E+02
10916   0.10509470E+02
10917   0.85789100E+01
10918   0.69192300E+01
10919   0.53947500E+01
10920   0.44488600E+01
10921   0.23287900E+01
10922   0.20278200E+01
10923   0.16626300E+01
10924   0.14201600E+01
10925   0.12577800E+01
10926   0.11436200E+01
10927   0.10447300E+01
10928   0.11811600E+01
10929   0.91294000E+01
10930   0.67429140E+02
10931   0.27897033E+03
10932   0.25286073E+03
10933   0.19138522E+03
10934   0.12904052E+03
10935   0.82908840E+02
10936   0.53905980E+02
10937   0.37065560E+02
10938   0.26703740E+02
10939   0.19947110E+02
10940   0.15056300E+02
10941   0.11516570E+02
10942   0.76101200E+01
10943   0.56735900E+01
10944   0.45394500E+01
10945   0.38803900E+01
10946   0.34484600E+01
10947   0.28784400E+01
10948   0.24188200E+01
10949   0.19886400E+01
10950   0.16121400E+01
10951   0.20802200E+01
10952   0.14475400E+01
10953   0.14105600E+01
10954   0.43161000E+01
10955   0.85217000E+01
10956   0.11952960E+02
10957   0.11979050E+02
