    1   0.00000000E+00
    2   0.00000000E+00
    3   0.00000000E+00
    4   0.00000000E+00
    5   0.00000000E+00
    6   0.00000000E+00
    7   0.00000000E+00
    8   0.00000000E+00
    9   0.00000000E+00
   10   0.00000000E+00
   11   0.60443000E+00
   12   0.41029000E+00
   13   0.45296000E+00
   14   0.47054000E+00
   15   0.48932000E+00
   16   0.47777000E+00
   17   0.44901000E+00
   18   0.40279000E+00
   19   0.35653000E+00
   20   0.32373000E+00
   21   0.29444000E+00
   22   0.26754000E+00
   23   0.23324000E+00
   24   0.18461000E+00
   25   0.13350000E+00
   26   0.99740000E-01
   27   0.77070000E-01
   28   0.61250000E-01
   29   0.49810000E-01
   30   0.41300000E-01
   31   0.34790000E-01
   32   0.29700000E-01
   33   0.25660000E-01
   34   0.22390000E-01
   35   0.19700000E-01
   36   0.17480000E-01
   37   0.15600000E-01
   38   0.14020000E-01
   39   0.12660000E-01
   40   0.11490000E-01
   41   0.24500000E-01
   42   0.22520000E-01
   43   0.26730000E-01
   44   0.94930000E-01
   45   0.16908000E+00
   46   0.18430000E+00
   47   0.30011000E+00
   48   0.22524000E+00
   49   0.22443000E+00
   50   0.22103000E+00
   51   0.21215000E+00
   52   0.19764000E+00
   53   0.17304000E+00
   54   0.14862000E+00
   55   0.12771000E+00
   56   0.10608000E+00
   57   0.86200000E-01
   58   0.70040000E-01
   59   0.57470000E-01
   60   0.47760000E-01
   61   0.40200000E-01
   62   0.34230000E-01
   63   0.29470000E-01
   64   0.25620000E-01
   65   0.22460000E-01
   66   0.19850000E-01
   67   0.17650000E-01
   68   0.15800000E-01
   69   0.14220000E-01
   70   0.12870000E-01
   71   0.11690000E-01
   72   0.18297000E+00
   73   0.23768000E+00
   74   0.26399000E+00
   75   0.25183000E+00
   76   0.21713000E+00
   77   0.48833000E+00
   78   0.34146000E+00
   79   0.42566000E+00
   80   0.45192000E+00
   81   0.66850000E+00
   82   0.52646000E+00
   83   0.57076000E+00
   84   0.10033200E+01
   85   0.11550000E+01
   86   0.14741200E+01
   87   0.20834500E+01
   88   0.25861600E+01
   89   0.24190000E+01
   90   0.24361400E+01
   91   0.24505600E+01
   92   0.33199900E+01
   93   0.44953400E+01
   94   0.52721300E+01
   95   0.49866100E+01
   96   0.36628000E+01
   97   0.27567700E+01
   98   0.23238300E+01
   99   0.17944200E+01
  100   0.14787800E+01
  101   0.13713100E+01
  102   0.11517400E+01
  103   0.10403700E+01
  104   0.12640800E+01
  105   0.18221500E+01
  106   0.18547200E+01
  107   0.30122800E+01
  108   0.43577300E+01
  109   0.64235100E+01
  110   0.94310700E+01
  111   0.29831340E+02
  112   0.81220370E+02
  113   0.69270270E+02
  114   0.41971840E+02
  115   0.25728150E+02
  116   0.16639350E+02
  117   0.11630960E+02
  118   0.87646700E+01
  119   0.68119700E+01
  120   0.52725800E+01
  121   0.42993600E+01
  122   0.39184900E+01
  123   0.31706100E+01
  124   0.27640200E+01
  125   0.24489300E+01
  126   0.17950950E+02
  127   0.12475080E+03
  128   0.14480421E+03
  129   0.83996870E+02
  130   0.46374590E+02
  131   0.30001870E+02
  132   0.24733180E+02
  133   0.22132170E+02
  134   0.20757800E+02
  135   0.17499550E+02
  136   0.13107360E+02
  137   0.86614300E+01
  138   0.62751000E+01
  139   0.44093900E+01
  140   0.34367800E+01
  141   0.24368600E+01
  142   0.18288000E+01
  143   0.14071200E+01
  144   0.10867800E+01
  145   0.82944000E+00
  146   0.63892000E+00
  147   0.74701000E+00
  148   0.66143000E+00
  149   0.67755000E+00
  150   0.43560400E+01
  151   0.71055400E+01
  152   0.15921400E+02
  153   0.18478290E+02
  154   0.15054480E+02
  155   0.12748370E+02
  156   0.13876300E+02
  157   0.27996070E+02
  158   0.45369480E+02
  159   0.47155260E+02
  160   0.81654090E+02
  161   0.34711059E+03
  162   0.31363565E+03
  163   0.15882801E+03
  164   0.80053170E+02
  165   0.43811940E+02
  166   0.25983970E+02
  167   0.16240850E+02
  168   0.10054050E+02
  169   0.10467850E+02
  170   0.19390420E+02
  171   0.28182500E+02
  172   0.27049120E+02
  173   0.24051070E+02
  174   0.25016310E+02
  175   0.42242920E+02
  176   0.93478530E+02
  177   0.15096923E+03
  178   0.11848051E+03
  179   0.11676527E+03
  180   0.14389152E+03
  181   0.16705973E+03
  182   0.20037444E+03
  183   0.16305067E+03
  184   0.11731836E+03
  185   0.11493215E+03
  186   0.13967319E+03
  187   0.16491775E+03
  188   0.14470413E+03
  189   0.99315990E+02
  190   0.79993190E+02
  191   0.85854360E+02
  192   0.10021512E+03
  193   0.10827853E+03
  194   0.14939136E+03
  195   0.21943502E+03
  196   0.19179596E+03
  197   0.10510437E+03
  198   0.55770660E+02
  199   0.32391350E+02
  200   0.19608020E+02
  201   0.12166200E+02
  202   0.86522500E+01
  203   0.72780800E+01
  204   0.11359970E+02
  205   0.17404560E+02
  206   0.23187850E+02
  207   0.22003830E+02
  208   0.28845540E+02
  209   0.87791060E+02
  210   0.15510516E+03
  211   0.16784263E+03
  212   0.14418060E+03
  213   0.15614970E+03
  214   0.38958817E+03
  215   0.63403038E+03
  216   0.55803011E+03
  217   0.35276324E+03
  218   0.23342385E+03
  219   0.13147143E+03
  220   0.68156810E+02
  221   0.36549420E+02
  222   0.21416060E+02
  223   0.13997900E+02
  224   0.10946170E+02
  225   0.14175740E+02
  226   0.53535280E+02
  227   0.65639110E+02
  228   0.43517530E+02
  229   0.27794310E+02
  230   0.22519840E+02
  231   0.19797380E+02
  232   0.21960950E+02
  233   0.20815880E+02
  234   0.17767510E+02
  235   0.13758200E+02
  236   0.12728510E+02
  237   0.21887260E+02
  238   0.34017400E+02
  239   0.31325200E+02
  240   0.23393250E+02
  241   0.30803390E+02
  242   0.37628020E+02
  243   0.32623300E+02
  244   0.22702190E+02
  245   0.14750270E+02
  246   0.98962200E+01
  247   0.74701200E+01
  248   0.54254100E+01
  249   0.42814100E+01
  250   0.26312600E+01
  251   0.20058000E+01
  252   0.16932100E+01
  253   0.18267540E+02
  254   0.71489950E+02
  255   0.81890000E+02
  256   0.52484940E+02
  257   0.31389380E+02
  258   0.19442170E+02
  259   0.12230050E+02
  260   0.77810800E+01
  261   0.54592500E+01
  262   0.56390600E+02
  263   0.10691597E+03
  264   0.63434540E+02
  265   0.43095910E+02
  266   0.32388470E+02
  267   0.27788570E+02
  268   0.24507210E+02
  269   0.20657470E+02
  270   0.16358120E+02
  271   0.13392340E+02
  272   0.10627780E+02
  273   0.79639000E+01
  274   0.58898500E+01
  275   0.44131100E+01
  276   0.30937800E+01
  277   0.22120400E+01
  278   0.16166800E+01
  279   0.45284200E+01
  280   0.21834750E+02
  281   0.81040740E+02
  282   0.58840540E+02
  283   0.34581450E+02
  284   0.21302880E+02
  285   0.13423270E+02
  286   0.88186000E+01
  287   0.58352900E+01
  288   0.39479100E+01
  289   0.24267700E+01
  290   0.16973400E+01
  291   0.93693000E+00
  292   0.79240000E+00
  293   0.59390000E+00
  294   0.44215000E+00
  295   0.34586000E+00
  296   0.28466000E+00
  297   0.23532000E+00
  298   0.15717000E+00
  299   0.10736000E+00
  300   0.78590000E-01
  301   0.60430000E-01
  302   0.48140000E-01
  303   0.39380000E-01
  304   0.32890000E-01
  305   0.27940000E-01
  306   0.24050000E-01
  307   0.20940000E-01
  308   0.18410000E-01
  309   0.16330000E-01
  310   0.14580000E-01
  311   0.13100000E-01
  312   0.11840000E-01
  313   0.10760000E-01
  314   0.98200000E-02
  315   0.89900000E-02
  316   0.82700000E-02
  317   0.76300000E-02
  318   0.70600000E-02
  319   0.65600000E-02
  320   0.61000000E-02
  321   0.56900000E-02
  322   0.53300000E-02
  323   0.49900000E-02
  324   0.46900000E-02
  325   0.36506100E+01
  326   0.64913200E+01
  327   0.23540310E+02
  328   0.35058440E+02
  329   0.26519260E+02
  330   0.17777790E+02
  331   0.11649890E+02
  332   0.73380300E+01
  333   0.49037700E+01
  334   0.31798000E+01
  335   0.21120300E+01
  336   0.15293100E+01
  337   0.11406500E+01
  338   0.89379000E+00
  339   0.73215000E+00
  340   0.57440000E+00
  341   0.43119000E+00
  342   0.28992000E+00
  343   0.23381000E+00
  344   0.19492000E+00
  345   0.15749000E+00
  346   0.12876000E+00
  347   0.10388000E+00
  348   0.83420000E-01
  349   0.67550000E-01
  350   0.55430000E-01
  351   0.46130000E-01
  352   0.38900000E-01
  353   0.98070000E-01
  354   0.33350000E+00
  355   0.32006000E+00
  356   0.38759000E+00
  357   0.38859000E+00
  358   0.36313000E+00
  359   0.33098000E+00
  360   0.30010000E+00
  361   0.26960000E+00
  362   0.21396000E+00
  363   0.16403000E+00
  364   0.12190000E+00
  365   0.95170000E-01
  366   0.75660000E-01
  367   0.61560000E-01
  368   0.51220000E-01
  369   0.43400000E-01
  370   0.37290000E-01
  371   0.13428900E+01
  372   0.11187900E+01
  373   0.17312500E+01
  374   0.27867500E+01
  375   0.35824000E+01
  376   0.29909300E+01
  377   0.27462400E+01
  378   0.23232000E+01
  379   0.18742400E+01
  380   0.14868500E+01
  381   0.11880100E+01
  382   0.96875000E+00
  383   0.50440000E+00
  384   0.49584000E+00
  385   0.37232000E+00
  386   0.31590000E+00
  387   0.36154000E+00
  388   0.54287000E+00
  389   0.45795000E+00
  390   0.53291000E+00
  391   0.55929000E+00
  392   0.86655000E+00
  393   0.56545000E+00
  394   0.64087000E+00
  395   0.68004000E+00
  396   0.68161000E+00
  397   0.66364000E+00
  398   0.61905000E+00
  399   0.55928000E+00
  400   0.51803000E+00
  401   0.45162000E+00
  402   0.36611000E+00
  403   0.28525000E+00
  404   0.23546000E+00
  405   0.20104000E+00
  406   0.15787000E+00
  407   0.12211000E+00
  408   0.95030000E-01
  409   0.75100000E-01
  410   0.60450000E-01
  411   0.49550000E-01
  412   0.41280000E-01
  413   0.35140000E-01
  414   0.30030000E-01
  415   0.26060000E-01
  416   0.22810000E-01
  417   0.53308000E+00
  418   0.21261500E+01
  419   0.27554300E+01
  420   0.53030800E+01
  421   0.75647900E+01
  422   0.75106200E+01
  423   0.60668000E+01
  424   0.40662300E+01
  425   0.28897100E+01
  426   0.25417700E+01
  427   0.19967000E+01
  428   0.17100600E+01
  429   0.14174300E+01
  430   0.11505200E+01
  431   0.95166000E+00
  432   0.73331000E+00
  433   0.66304000E+00
  434   0.40681000E+00
  435   0.34252000E+00
  436   0.31318000E+00
  437   0.29239000E+00
  438   0.27476000E+00
  439   0.25835000E+00
  440   0.24182000E+00
  441   0.22404000E+00
  442   0.20330000E+00
  443   0.17881000E+00
  444   0.15384000E+00
  445   0.13424000E+00
  446   0.11501000E+00
  447   0.95150000E-01
  448   0.10421900E+01
  449   0.75181000E+00
  450   0.14088600E+01
  451   0.27142500E+01
  452   0.36138800E+01
  453   0.37413300E+01
  454   0.31335000E+01
  455   0.19861000E+01
  456   0.16071700E+01
  457   0.12136100E+01
  458   0.96245000E+00
  459   0.76530000E+00
  460   0.60891000E+00
  461   0.50224000E+00
  462   0.38090000E+00
  463   0.30610000E+00
  464   0.26909000E+00
  465   0.19955000E+00
  466   0.50656000E+00
  467   0.35813000E+00
  468   0.45030000E+00
  469   0.50156000E+00
  470   0.52039000E+00
  471   0.51406000E+00
  472   0.15569200E+01
  473   0.18665200E+01
  474   0.31763100E+01
  475   0.53390700E+01
  476   0.17168910E+02
  477   0.40013520E+02
  478   0.39868020E+02
  479   0.29330440E+02
  480   0.21698150E+02
  481   0.16508020E+02
  482   0.12605190E+02
  483   0.95490700E+01
  484   0.75647000E+01
  485   0.73557300E+01
  486   0.10161520E+02
  487   0.22622400E+02
  488   0.36591350E+02
  489   0.36363200E+02
  490   0.32307670E+02
  491   0.25012270E+02
  492   0.19053640E+02
  493   0.30607690E+02
  494   0.52993720E+02
  495   0.60117960E+02
  496   0.88576200E+02
  497   0.16789917E+03
  498   0.12228853E+03
  499   0.79591380E+02
  500   0.61960650E+02
  501   0.62532960E+02
  502   0.65919860E+02
  503   0.57873060E+02
  504   0.43398290E+02
  505   0.31332740E+02
  506   0.22096610E+02
  507   0.15912500E+02
  508   0.11289400E+02
  509   0.80117900E+01
  510   0.55707500E+01
  511   0.38996000E+01
  512   0.25498800E+01
  513   0.57568600E+01
  514   0.66526300E+01
  515   0.15979780E+02
  516   0.49213760E+02
  517   0.17629327E+03
  518   0.15927356E+03
  519   0.84324240E+02
  520   0.44851010E+02
  521   0.25918100E+02
  522   0.15798830E+02
  523   0.10060310E+02
  524   0.93768100E+01
  525   0.31978440E+02
  526   0.26057670E+03
  527   0.22870843E+03
  528   0.11399377E+03
  529   0.57342790E+02
  530   0.31680840E+02
  531   0.22875730E+02
  532   0.21829170E+02
  533   0.26925260E+02
  534   0.34302160E+02
  535   0.36452830E+02
  536   0.39122300E+02
  537   0.37397760E+02
  538   0.31483980E+02
  539   0.28397190E+02
  540   0.30220600E+02
  541   0.54418850E+02
  542   0.14200624E+03
  543   0.16177714E+03
  544   0.99656980E+02
  545   0.59683980E+02
  546   0.35746820E+02
  547   0.68012890E+02
  548   0.48336591E+03
  549   0.35813579E+03
  550   0.15621735E+03
  551   0.71990560E+02
  552   0.37242250E+02
  553   0.21379830E+02
  554   0.13277800E+02
  555   0.10260120E+02
  556   0.13034450E+02
  557   0.35668760E+02
  558   0.85031190E+02
  559   0.10474667E+03
  560   0.12886117E+03
  561   0.13856038E+03
  562   0.10905729E+03
  563   0.70367150E+02
  564   0.44087860E+02
  565   0.27837490E+02
  566   0.18131570E+02
  567   0.11607290E+02
  568   0.83382300E+01
  569   0.68378700E+01
  570   0.83903600E+01
  571   0.94977000E+01
  572   0.11059240E+02
  573   0.98161300E+01
  574   0.75235200E+01
  575   0.54664100E+01
  576   0.52375800E+01
  577   0.70381400E+01
  578   0.22525400E+02
  579   0.95774090E+02
  580   0.10529683E+03
  581   0.71329660E+02
  582   0.43132960E+02
  583   0.26227870E+02
  584   0.16348210E+02
  585   0.10401100E+02
  586   0.77184400E+01
  587   0.75159400E+01
  588   0.93227900E+01
  589   0.15336730E+02
  590   0.22734380E+02
  591   0.26772230E+02
  592   0.31542210E+02
  593   0.37630950E+02
  594   0.58668570E+02
  595   0.58575850E+02
  596   0.40726430E+02
  597   0.25904570E+02
  598   0.15698460E+02
  599   0.10069080E+02
  600   0.66735600E+01
  601   0.44258200E+01
  602   0.31196000E+01
  603   0.23326700E+01
  604   0.17716100E+01
  605   0.18327700E+01
  606   0.19048700E+01
  607   0.20476000E+01
  608   0.45872600E+01
  609   0.59289900E+01
  610   0.87413500E+01
  611   0.96083900E+01
  612   0.84228800E+01
  613   0.67298200E+01
  614   0.54305200E+01
  615   0.49008300E+01
  616   0.76133600E+01
  617   0.96767000E+01
  618   0.12478530E+02
  619   0.11603000E+02
  620   0.92833200E+01
  621   0.68069600E+01
  622   0.47073100E+01
  623   0.30709500E+01
  624   0.25214400E+01
  625   0.19609400E+01
  626   0.92115600E+01
  627   0.22111670E+02
  628   0.90696250E+02
  629   0.12499626E+03
  630   0.84995600E+02
  631   0.48554240E+02
  632   0.28430230E+02
  633   0.17565190E+02
  634   0.12041740E+02
  635   0.84942000E+01
  636   0.63589000E+01
  637   0.17653290E+02
  638   0.58114510E+02
  639   0.70252220E+02
  640   0.55476020E+02
  641   0.37701120E+02
  642   0.25129760E+02
  643   0.17160550E+02
  644   0.11700570E+02
  645   0.80583200E+01
  646   0.54615000E+01
  647   0.40283700E+01
  648   0.29504000E+01
  649   0.19179500E+01
  650   0.17765100E+01
  651   0.16159500E+01
  652   0.14739400E+01
  653   0.12742400E+01
  654   0.10432600E+01
  655   0.83353000E+00
  656   0.65371000E+00
  657   0.52460000E+00
  658   0.36448000E+00
  659   0.29840000E+00
  660   0.21840000E+00
  661   0.13856000E+00
  662   0.95740000E-01
  663   0.70810000E-01
  664   0.54890000E-01
  665   0.44020000E-01
  666   0.36220000E-01
  667   0.30400000E-01
  668   0.25940000E-01
  669   0.22420000E-01
  670   0.19590000E-01
  671   0.17280000E-01
  672   0.15370000E-01
  673   0.13770000E-01
  674   0.12400000E-01
  675   0.11240000E-01
  676   0.10230000E-01
  677   0.93500000E-02
  678   0.85900000E-02
  679   0.79100000E-02
  680   0.73100000E-02
  681   0.67800000E-02
  682   0.63000000E-02
  683   0.58700000E-02
  684   0.54900000E-02
  685   0.51400000E-02
  686   0.11140000E-01
  687   0.21016000E+00
  688   0.27298000E+00
  689   0.30766000E+00
  690   0.28157000E+00
  691   0.25524000E+00
  692   0.22145000E+00
  693   0.14232000E+00
  694   0.92460000E-01
  695   0.64550000E-01
  696   0.53270000E-01
  697   0.38140000E-01
  698   0.30430000E-01
  699   0.25240000E-01
  700   0.21470000E-01
  701   0.18540000E-01
  702   0.16170000E-01
  703   0.14230000E-01
  704   0.12650000E-01
  705   0.11380000E-01
  706   0.10350000E-01
  707   0.95200000E-02
  708   0.88500000E-02
  709   0.13973900E+01
  710   0.83843000E+00
  711   0.72977000E+00
  712   0.13841100E+01
  713   0.18768400E+01
  714   0.19279500E+01
  715   0.17615700E+01
  716   0.14940400E+01
  717   0.12265700E+01
  718   0.10110400E+01
  719   0.68993100E+01
  720   0.13693180E+02
  721   0.23541600E+02
  722   0.21467550E+02
  723   0.16261780E+02
  724   0.12168250E+02
  725   0.91411700E+01
  726   0.71331300E+01
  727   0.55587700E+01
  728   0.44475800E+01
  729   0.35505800E+01
  730   0.25989300E+01
  731   0.15834700E+01
  732   0.13402400E+01
  733   0.10590700E+01
  734   0.82649000E+00
  735   0.67622000E+00
  736   0.55426000E+00
  737   0.22979200E+01
  738   0.16441300E+01
  739   0.29873700E+01
  740   0.42980700E+01
  741   0.48081800E+01
  742   0.37192100E+01
  743   0.28390600E+01
  744   0.20861300E+01
  745   0.17240800E+01
  746   0.12455700E+01
  747   0.29515500E+01
  748   0.47473100E+01
  749   0.96168000E+01
  750   0.24265980E+02
  751   0.30247850E+02
  752   0.24801950E+02
  753   0.18415930E+02
  754   0.12941600E+02
  755   0.89450300E+01
  756   0.62184900E+01
  757   0.43356900E+01
  758   0.32644800E+01
  759   0.22968000E+01
  760   0.18223100E+01
  761   0.14464200E+01
  762   0.80639000E+00
  763   0.76067000E+00
  764   0.62250000E+00
  765   0.50644000E+00
  766   0.41427000E+00
  767   0.35047000E+00
  768   0.29504000E+00
  769   0.26646000E+00
  770   0.22629000E+00
  771   0.16193000E+00
  772   0.11371000E+00
  773   0.84380000E-01
  774   0.65340000E-01
  775   0.52230000E-01
  776   0.42780000E-01
  777   0.35730000E-01
  778   0.30320000E-01
  779   0.26070000E-01
  780   0.22680000E-01
  781   0.19920000E-01
  782   0.17660000E-01
  783   0.15810000E-01
  784   0.14260000E-01
  785   0.26971000E+00
  786   0.15936700E+01
  787   0.25518500E+01
  788   0.51160100E+01
  789   0.72418500E+01
  790   0.70243900E+01
  791   0.11944950E+02
  792   0.21849290E+02
  793   0.41217010E+02
  794   0.63610890E+02
  795   0.92304340E+02
  796   0.79968220E+02
  797   0.49234530E+02
  798   0.30889400E+02
  799   0.20284940E+02
  800   0.13590050E+02
  801   0.92195800E+01
  802   0.63592900E+01
  803   0.45383700E+01
  804   0.31015600E+01
  805   0.25312000E+01
  806   0.24037900E+01
  807   0.21276500E+01
  808   0.20005100E+01
  809   0.19378200E+01
  810   0.18900300E+01
  811   0.18070300E+01
  812   0.16198600E+01
  813   0.10594600E+01
  814   0.97292000E+00
  815   0.79715000E+00
  816   0.89651000E+00
  817   0.76388000E+00
  818   0.17393100E+01
  819   0.22043400E+01
  820   0.35066100E+01
  821   0.43444600E+01
  822   0.46811200E+01
  823   0.41095200E+01
  824   0.26782700E+01
  825   0.46830400E+01
  826   0.47331700E+01
  827   0.62531800E+01
  828   0.74897500E+01
  829   0.71312800E+01
  830   0.66837600E+01
  831   0.57350600E+01
  832   0.53131000E+01
  833   0.54142200E+01
  834   0.48931100E+01
  835   0.60248300E+01
  836   0.57739300E+01
  837   0.65199500E+01
  838   0.70215100E+01
  839   0.69567700E+01
  840   0.68499000E+01
  841   0.64762900E+01
  842   0.54969700E+01
  843   0.43899200E+01
  844   0.26236300E+01
  845   0.20219800E+01
  846   0.14707400E+01
  847   0.10967300E+01
  848   0.83052000E+00
  849   0.11220600E+01
  850   0.10066790E+02
  851   0.62557910E+02
  852   0.11408304E+03
  853   0.94189910E+02
  854   0.64086160E+02
  855   0.40635220E+02
  856   0.26142360E+02
  857   0.33843890E+02
  858   0.94025280E+02
  859   0.10416916E+03
  860   0.74070890E+02
  861   0.50417550E+02
  862   0.34988600E+02
  863   0.24209550E+02
  864   0.16809000E+02
  865   0.11068260E+02
  866   0.10827790E+02
  867   0.14189120E+02
  868   0.29737560E+02
  869   0.42470090E+02
  870   0.45634040E+02
  871   0.43782790E+02
  872   0.46963700E+02
  873   0.48344870E+02
  874   0.40256450E+02
  875   0.27371890E+02
  876   0.18257750E+02
  877   0.11978930E+02
  878   0.82985700E+01
  879   0.57393200E+01
  880   0.42870000E+01
  881   0.24211590E+02
  882   0.85336400E+02
  883   0.83455130E+02
  884   0.90993880E+02
  885   0.15622253E+03
  886   0.33704220E+03
  887   0.23996425E+03
  888   0.11788860E+03
  889   0.59784040E+02
  890   0.45774310E+02
  891   0.75195790E+02
  892   0.16365056E+03
  893   0.29115367E+03
  894   0.65834376E+03
  895   0.27975920E+03
  896   0.12121268E+03
  897   0.66363010E+02
  898   0.40298810E+02
  899   0.25341850E+02
  900   0.16167120E+02
  901   0.10559900E+02
  902   0.72909500E+01
  903   0.50237800E+01
  904   0.43267400E+01
  905   0.80799800E+01
  906   0.57453600E+02
  907   0.18798859E+03
  908   0.23035781E+03
  909   0.16197789E+03
  910   0.94393270E+02
  911   0.53078760E+02
  912   0.34679110E+02
  913   0.49568620E+02
  914   0.18393884E+03
  915   0.31448436E+03
  916   0.24237515E+03
  917   0.13517010E+03
  918   0.85441620E+02
  919   0.80550590E+02
  920   0.88453180E+02
  921   0.79490740E+02
  922   0.63643150E+02
  923   0.45497970E+02
  924   0.31666840E+02
  925   0.21835110E+02
  926   0.15014060E+02
  927   0.12094890E+02
  928   0.14367560E+02
  929   0.24502210E+02
  930   0.45265556E+03
  931   0.50736678E+03
  932   0.26872398E+03
  933   0.24684400E+03
  934   0.33803931E+03
  935   0.20760095E+03
  936   0.10566708E+03
  937   0.63139290E+02
  938   0.48808480E+02
  939   0.44880990E+02
  940   0.58841650E+02
  941   0.65714640E+02
  942   0.55667400E+02
  943   0.38031310E+02
  944   0.25875540E+02
  945   0.18221250E+02
  946   0.13090630E+02
  947   0.87459600E+01
  948   0.72211500E+01
  949   0.93193100E+01
  950   0.13937600E+02
  951   0.21785610E+02
  952   0.23421360E+02
  953   0.23390770E+02
  954   0.22865140E+02
  955   0.31416440E+02
  956   0.11682097E+03
  957   0.35833967E+03
  958   0.35922359E+03
  959   0.24797500E+03
  960   0.25219409E+03
  961   0.23244760E+03
  962   0.17704952E+03
  963   0.22125259E+03
  964   0.73364391E+03
  965   0.48703792E+03
  966   0.20316718E+03
  967   0.11268085E+03
  968   0.12835975E+03
  969   0.17960656E+03
  970   0.26443746E+03
  971   0.25871966E+03
  972   0.19399700E+03
  973   0.12897183E+03
  974   0.88512380E+02
  975   0.58524600E+02
  976   0.36592780E+02
  977   0.22621670E+02
  978   0.14778400E+02
  979   0.99770100E+01
  980   0.74720600E+01
  981   0.53111800E+01
  982   0.38969000E+01
  983   0.25271100E+01
  984   0.18590500E+01
  985   0.15167200E+01
  986   0.13232600E+01
  987   0.11819300E+01
  988   0.75937000E+00
  989   0.75954000E+00
  990   0.63440000E+00
  991   0.51962000E+00
  992   0.40382000E+00
  993   0.33796000E+00
  994   0.29752000E+00
  995   0.26028000E+00
  996   0.21297000E+00
  997   0.15223000E+00
  998   0.11011000E+00
  999   0.59128000E+00
 1000   0.63304810E+02
 1001   0.67401370E+03
 1002   0.41238696E+03
 1003   0.24475624E+03
 1004   0.12476907E+03
 1005   0.65672700E+02
 1006   0.37952530E+02
 1007   0.23588010E+02
 1008   0.14331920E+02
 1009   0.93707100E+01
 1010   0.64776200E+01
 1011   0.43838500E+01
 1012   0.28035900E+01
 1013   0.19445700E+01
 1014   0.14241800E+01
 1015   0.10669400E+01
 1016   0.80592000E+00
 1017   0.62471000E+00
 1018   0.35871000E+00
 1019   0.29615000E+00
 1020   0.25372000E+00
 1021   0.18791000E+00
 1022   0.94178500E+01
 1023   0.69845570E+02
 1024   0.10882312E+03
 1025   0.64892570E+02
 1026   0.36712570E+02
 1027   0.21984190E+02
 1028   0.13727410E+02
 1029   0.84221200E+01
 1030   0.55669000E+01
 1031   0.38212700E+01
 1032   0.24251000E+01
 1033   0.17708600E+01
 1034   0.13342100E+01
 1035   0.10369300E+01
 1036   0.80601000E+00
 1037   0.62498000E+00
 1038   0.49716000E+00
 1039   0.31468000E+00
 1040   0.26155000E+00
 1041   0.22009000E+00
 1042   0.16827000E+00
 1043   0.12507000E+00
 1044   0.95280000E-01
 1045   0.74520000E-01
 1046   0.59690000E-01
 1047   0.48810000E-01
 1048   0.40630000E-01
 1049   0.34320000E-01
 1050   0.29380000E-01
 1051   0.25420000E-01
 1052   0.22230000E-01
 1053   0.19610000E-01
 1054   0.17440000E-01
 1055   0.15630000E-01
 1056   0.14090000E-01
 1057   0.12780000E-01
 1058   0.11660000E-01
 1059   0.10670000E-01
 1060   0.98100000E-02
 1061   0.90500000E-02
 1062   0.83800000E-02
 1063   0.77800000E-02
 1064   0.72400000E-02
 1065   0.67500000E-02
 1066   0.63100000E-02
 1067   0.59100000E-02
 1068   0.55500000E-02
 1069   0.52200000E-02
 1070   0.49200000E-02
 1071   0.46400000E-02
 1072   0.43800000E-02
 1073   0.41400000E-02
 1074   0.39300000E-02
 1075   0.37200000E-02
 1076   0.35400000E-02
 1077   0.33600000E-02
 1078   0.32000000E-02
 1079   0.30500000E-02
 1080   0.29100000E-02
 1081   0.27800000E-02
 1082   0.26500000E-02
 1083   0.25400000E-02
 1084   0.24300000E-02
 1085   0.23300000E-02
 1086   0.22300000E-02
 1087   0.21400000E-02
 1088   0.20600000E-02
 1089   0.19800000E-02
 1090   0.19000000E-02
 1091   0.18300000E-02
 1092   0.17600000E-02
 1093   0.17000000E-02
 1094   0.16400000E-02
 1095   0.15800000E-02
 1096   0.15300000E-02
 1097   0.14700000E-02
 1098   0.14200000E-02
 1099   0.13800000E-02
 1100   0.13300000E-02
 1101   0.12900000E-02
 1102   0.12500000E-02
 1103   0.91060000E-01
 1104   0.36510000E-01
 1105   0.15025000E+00
 1106   0.16522000E+00
 1107   0.14724000E+00
 1108   0.12427000E+00
 1109   0.10158000E+00
 1110   0.82530000E-01
 1111   0.67510000E-01
 1112   0.55870000E-01
 1113   0.46820000E-01
 1114   0.39720000E-01
 1115   0.34070000E-01
 1116   0.29530000E-01
 1117   0.25820000E-01
 1118   0.22760000E-01
 1119   0.20200000E-01
 1120   0.18040000E-01
 1121   0.16210000E-01
 1122   0.14630000E-01
 1123   0.13270000E-01
 1124   0.12090000E-01
 1125   0.35850000E-01
 1126   0.20290000E-01
 1127   0.21380000E-01
 1128   0.35130000E-01
 1129   0.63770000E-01
 1130   0.77790000E-01
 1131   0.10498000E+00
 1132   0.11554000E+00
 1133   0.12160000E+00
 1134   0.13004000E+00
 1135   0.13149000E+00
 1136   0.13415000E+00
 1137   0.12510000E+00
 1138   0.10787000E+00
 1139   0.89510000E-01
 1140   0.73690000E-01
 1141   0.60970000E-01
 1142   0.50940000E-01
 1143   0.43010000E-01
 1144   0.36710000E-01
 1145   0.31630000E-01
 1146   0.27510000E-01
 1147   0.24110000E-01
 1148   0.21300000E-01
 1149   0.18930000E-01
 1150   0.16930000E-01
 1151   0.15230000E-01
 1152   0.13760000E-01
 1153   0.12500000E-01
 1154   0.11390000E-01
 1155   0.10420000E-01
 1156   0.95700000E-02
 1157   0.88200000E-02
 1158   0.90400000E-02
 1159   0.83800000E-02
 1160   0.74400000E-02
 1161   0.69000000E-02
 1162   0.65000000E-02
 1163   0.61900000E-02
 1164   0.59200000E-02
 1165   0.56900000E-02
 1166   0.54700000E-02
 1167   0.52500000E-02
 1168   0.50400000E-02
 1169   0.69400000E-02
 1170   0.55300000E-02
 1171   0.11790000E-01
 1172   0.75600000E-02
 1173   0.57520000E-01
 1174   0.12954000E+00
 1175   0.21410000E+00
 1176   0.21907000E+00
 1177   0.21455000E+00
 1178   0.20461000E+00
 1179   0.19455000E+00
 1180   0.18342000E+00
 1181   0.17021000E+00
 1182   0.15482000E+00
 1183   0.13967000E+00
 1184   0.12396000E+00
 1185   0.10499000E+00
 1186   0.86110000E-01
 1187   0.70270000E-01
 1188   0.24286700E+01
 1189   0.56713800E+01
 1190   0.13733800E+02
 1191   0.17965450E+02
 1192   0.15660940E+02
 1193   0.10944090E+02
 1194   0.77105000E+01
 1195   0.52679300E+01
 1196   0.36964800E+01
 1197   0.23727900E+01
 1198   0.17039400E+01
 1199   0.48051000E+01
 1200   0.52347800E+01
 1201   0.12053460E+02
 1202   0.21206000E+02
 1203   0.17672980E+02
 1204   0.12609130E+02
 1205   0.86572000E+01
 1206   0.58680600E+01
 1207   0.40318200E+01
 1208   0.25764500E+01
 1209   0.18156900E+01
 1210   0.13241600E+01
 1211   0.12223100E+01
 1212   0.30654500E+01
 1213   0.33590400E+01
 1214   0.58992900E+01
 1215   0.74047800E+01
 1216   0.77123000E+01
 1217   0.12771020E+02
 1218   0.19640290E+02
 1219   0.36988940E+02
 1220   0.32224450E+02
 1221   0.22063710E+02
 1222   0.14447990E+02
 1223   0.89925200E+01
 1224   0.60439900E+01
 1225   0.52132800E+01
 1226   0.45419500E+01
 1227   0.63171900E+01
 1228   0.88945400E+01
 1229   0.12147110E+02
 1230   0.13647130E+02
 1231   0.12115050E+02
 1232   0.93128800E+01
 1233   0.18269060E+02
 1234   0.48735230E+02
 1235   0.62930850E+02
 1236   0.41433810E+02
 1237   0.25542400E+02
 1238   0.16354210E+02
 1239   0.10718070E+02
 1240   0.79405000E+01
 1241   0.57366800E+01
 1242   0.54185300E+01
 1243   0.10122430E+02
 1244   0.24678080E+02
 1245   0.46228890E+02
 1246   0.44231840E+02
 1247   0.36915240E+02
 1248   0.33853980E+02
 1249   0.29193930E+02
 1250   0.22552010E+02
 1251   0.16437610E+02
 1252   0.23115420E+02
 1253   0.36821190E+02
 1254   0.49497930E+02
 1255   0.51096700E+02
 1256   0.45836120E+02
 1257   0.36614110E+02
 1258   0.27729100E+02
 1259   0.22046590E+02
 1260   0.31430290E+02
 1261   0.15782250E+03
 1262   0.14856620E+03
 1263   0.79333430E+02
 1264   0.41320520E+02
 1265   0.24069030E+02
 1266   0.14627620E+02
 1267   0.93505700E+01
 1268   0.61238600E+01
 1269   0.40832000E+01
 1270   0.31488900E+01
 1271   0.73550300E+01
 1272   0.17267090E+02
 1273   0.13648135E+03
 1274   0.19595849E+03
 1275   0.16800216E+03
 1276   0.20116121E+03
 1277   0.20380982E+03
 1278   0.23317045E+03
 1279   0.23123464E+03
 1280   0.36738096E+03
 1281   0.26956220E+03
 1282   0.18923958E+03
 1283   0.16621737E+03
 1284   0.17586258E+03
 1285   0.12109217E+03
 1286   0.68087330E+02
 1287   0.43096440E+02
 1288   0.47738780E+02
 1289   0.11036294E+03
 1290   0.29633567E+03
 1291   0.75419103E+03
 1292   0.43042020E+03
 1293   0.18350137E+03
 1294   0.97348280E+02
 1295   0.73211960E+02
 1296   0.52948470E+02
 1297   0.33601950E+02
 1298   0.20668700E+02
 1299   0.13977860E+02
 1300   0.10302100E+02
 1301   0.10436190E+02
 1302   0.10888750E+02
 1303   0.14988450E+02
 1304   0.21511100E+02
 1305   0.25684880E+02
 1306   0.27037350E+02
 1307   0.30295020E+02
 1308   0.34196490E+02
 1309   0.34020370E+02
 1310   0.31600220E+02
 1311   0.35225010E+02
 1312   0.56930550E+02
 1313   0.13904282E+03
 1314   0.40329228E+03
 1315   0.39554973E+03
 1316   0.16551264E+03
 1317   0.74899160E+02
 1318   0.39430390E+02
 1319   0.27477890E+02
 1320   0.31509160E+02
 1321   0.32298000E+02
 1322   0.25063150E+02
 1323   0.18632670E+02
 1324   0.14671870E+02
 1325   0.24281093E+03
 1326   0.25813459E+03
 1327   0.11172886E+03
 1328   0.53388110E+02
 1329   0.28746470E+02
 1330   0.19576720E+02
 1331   0.43135480E+03
 1332   0.44415785E+03
 1333   0.28884815E+03
 1334   0.44776843E+03
 1335   0.22801746E+03
 1336   0.10173211E+03
 1337   0.56503050E+02
 1338   0.36666860E+02
 1339   0.24988020E+02
 1340   0.17117460E+02
 1341   0.11545960E+02
 1342   0.78443000E+01
 1343   0.51794900E+01
 1344   0.34441100E+01
 1345   0.22395300E+01
 1346   0.12607400E+01
 1347   0.10172300E+01
 1348   0.76865000E+00
 1349   0.58109000E+00
 1350   0.41731000E+00
 1351   0.32311000E+00
 1352   0.94932000E+00
 1353   0.10347960E+02
 1354   0.39524407E+03
 1355   0.10185349E+04
 1356   0.48218314E+03
 1357   0.17526393E+03
 1358   0.74491220E+02
 1359   0.39984980E+02
 1360   0.25873480E+02
 1361   0.18555990E+02
 1362   0.13857950E+02
 1363   0.10531600E+02
 1364   0.83999200E+01
 1365   0.68079800E+01
 1366   0.30885310E+02
 1367   0.11835843E+03
 1368   0.87115200E+02
 1369   0.48384340E+02
 1370   0.27594280E+02
 1371   0.16520970E+02
 1372   0.10310440E+02
 1373   0.67202400E+01
 1374   0.43350400E+01
 1375   0.26080800E+01
 1376   0.17581800E+01
 1377   0.99722000E+00
 1378   0.83164000E+00
 1379   0.63284000E+00
 1380   0.47722000E+00
 1381   0.35238000E+00
 1382   0.28871000E+00
 1383   0.24152000E+00
 1384   0.16248000E+00
 1385   0.10974000E+00
 1386   0.79730000E-01
 1387   0.61000000E-01
 1388   0.48420000E-01
 1389   0.39520000E-01
 1390   0.32960000E-01
 1391   0.27950000E-01
 1392   0.24040000E-01
 1393   0.20920000E-01
 1394   0.18390000E-01
 1395   0.16300000E-01
 1396   0.14550000E-01
 1397   0.13080000E-01
 1398   0.11820000E-01
 1399   0.10730000E-01
 1400   0.97900000E-02
 1401   0.89700000E-02
 1402   0.82500000E-02
 1403   0.76100000E-02
 1404   0.70500000E-02
 1405   0.65400000E-02
 1406   0.70800000E-02
 1407   0.22050000E-01
 1408   0.19140000E-01
 1409   0.13680000E+00
 1410   0.22624000E+00
 1411   0.25719000E+00
 1412   0.26051000E+00
 1413   0.25933000E+00
 1414   0.25276000E+00
 1415   0.23669000E+00
 1416   0.21827000E+00
 1417   0.19791000E+00
 1418   0.16965000E+00
 1419   0.14389000E+00
 1420   0.12042000E+00
 1421   0.97910000E-01
 1422   0.79010000E-01
 1423   0.64240000E-01
 1424   0.52890000E-01
 1425   0.44150000E-01
 1426   0.37320000E-01
 1427   0.31920000E-01
 1428   0.27590000E-01
 1429   0.24070000E-01
 1430   0.21170000E-01
 1431   0.18760000E-01
 1432   0.16740000E-01
 1433   0.15040000E-01
 1434   0.13600000E-01
 1435   0.12380000E-01
 1436   0.11330000E-01
 1437   0.10430000E-01
 1438   0.96400000E-02
 1439   0.89400000E-02
 1440   0.83300000E-02
 1441   0.77700000E-02
 1442   0.72800000E-02
 1443   0.68200000E-02
 1444   0.64100000E-02
 1445   0.60300000E-02
 1446   0.10500000E-01
 1447   0.39220000E-01
 1448   0.11046000E+00
 1449   0.18050000E+00
 1450   0.21550000E+00
 1451   0.25392000E+00
 1452   0.27131000E+00
 1453   0.30043000E+00
 1454   0.32061000E+00
 1455   0.32514000E+00
 1456   0.31758000E+00
 1457   0.30261000E+00
 1458   0.28320000E+00
 1459   0.23694000E+00
 1460   0.19352000E+00
 1461   0.16268000E+00
 1462   0.13717000E+00
 1463   0.11292000E+00
 1464   0.90930000E-01
 1465   0.73210000E-01
 1466   0.59570000E-01
 1467   0.49150000E-01
 1468   0.41120000E-01
 1469   0.34850000E-01
 1470   0.29870000E-01
 1471   0.25880000E-01
 1472   0.22620000E-01
 1473   0.19930000E-01
 1474   0.50150000E-01
 1475   0.53160000E-01
 1476   0.10577000E+00
 1477   0.11514000E+00
 1478   0.10620000E+00
 1479   0.91290000E-01
 1480   0.76540000E-01
 1481   0.63930000E-01
 1482   0.53650000E-01
 1483   0.48120000E-01
 1484   0.12734000E+00
 1485   0.21327000E+00
 1486   0.22225000E+00
 1487   0.21138000E+00
 1488   0.18142000E+00
 1489   0.13419000E+00
 1490   0.10120000E+00
 1491   0.78860000E-01
 1492   0.63130000E-01
 1493   0.51670000E-01
 1494   0.43060000E-01
 1495   0.36430000E-01
 1496   0.31220000E-01
 1497   0.27060000E-01
 1498   0.23670000E-01
 1499   0.24840000E-01
 1500   0.46610000E-01
 1501   0.13606000E+00
 1502   0.22076000E+00
 1503   0.24174000E+00
 1504   0.25819000E+00
 1505   0.26057000E+00
 1506   0.26066000E+00
 1507   0.25931000E+00
 1508   0.25323000E+00
 1509   0.23857000E+00
 1510   0.21111000E+00
 1511   0.18479000E+00
 1512   0.16525000E+00
 1513   0.15060000E+00
 1514   0.15373000E+00
 1515   0.68058000E+00
 1516   0.49683000E+00
 1517   0.65390000E+00
 1518   0.85193000E+00
 1519   0.91720000E+00
 1520   0.94895000E+00
 1521   0.63818000E+00
 1522   0.66872000E+00
 1523   0.58712000E+00
 1524   0.51585000E+00
 1525   0.45755000E+00
 1526   0.44323000E+00
 1527   0.59839000E+00
 1528   0.51715000E+00
 1529   0.87383000E+00
 1530   0.98881000E+00
 1531   0.96622000E+00
 1532   0.13743300E+01
 1533   0.13265500E+01
 1534   0.12468800E+01
 1535   0.12327400E+01
 1536   0.10431600E+01
 1537   0.11026300E+01
 1538   0.12039400E+01
 1539   0.43052700E+01
 1540   0.75282400E+01
 1541   0.23173920E+02
 1542   0.31141750E+02
 1543   0.23331730E+02
 1544   0.15790890E+02
 1545   0.10479850E+02
 1546   0.71870700E+01
 1547   0.48196900E+01
 1548   0.32120400E+01
 1549   0.40206000E+01
 1550   0.46928200E+01
 1551   0.15242870E+02
 1552   0.53162540E+02
 1553   0.80141670E+02
 1554   0.66399710E+02
 1555   0.53718680E+02
 1556   0.62888640E+02
 1557   0.71714680E+02
 1558   0.50593500E+02
 1559   0.35261750E+02
 1560   0.27120110E+02
 1561   0.22336790E+02
 1562   0.18013480E+02
 1563   0.14332360E+02
 1564   0.11807780E+02
 1565   0.93802900E+01
 1566   0.80964900E+01
 1567   0.67136200E+01
 1568   0.58148600E+01
 1569   0.67211200E+01
 1570   0.66412200E+01
 1571   0.74371800E+01
 1572   0.11768680E+02
 1573   0.30925260E+02
 1574   0.55793840E+02
 1575   0.43852760E+02
 1576   0.27805680E+02
 1577   0.17712940E+02
 1578   0.13989430E+02
 1579   0.40055840E+02
 1580   0.87881030E+02
 1581   0.64989420E+02
 1582   0.37675050E+02
 1583   0.23158810E+02
 1584   0.35811950E+02
 1585   0.85670850E+02
 1586   0.13573985E+03
 1587   0.26333794E+03
 1588   0.20680217E+03
 1589   0.10344676E+03
 1590   0.55830740E+02
 1591   0.45588430E+02
 1592   0.50511900E+02
 1593   0.60157320E+02
 1594   0.58616100E+02
 1595   0.78642970E+02
 1596   0.96481990E+02
 1597   0.84848090E+02
 1598   0.99420310E+02
 1599   0.17813537E+03
 1600   0.29263321E+03
 1601   0.38536037E+03
 1602   0.38560945E+03
 1603   0.24034046E+03
 1604   0.11548036E+03
 1605   0.12284205E+03
 1606   0.20677066E+03
 1607   0.16699858E+03
 1608   0.93299170E+02
 1609   0.51654010E+02
 1610   0.30952240E+02
 1611   0.19700130E+02
 1612   0.18126150E+02
 1613   0.32545740E+02
 1614   0.10369187E+03
 1615   0.10500004E+03
 1616   0.65142070E+02
 1617   0.49009470E+02
 1618   0.65804860E+02
 1619   0.11966321E+03
 1620   0.78303950E+02
 1621   0.44192870E+02
 1622   0.26148480E+02
 1623   0.16068360E+02
 1624   0.10512160E+02
 1625   0.73999400E+01
 1626   0.60336100E+01
 1627   0.64499500E+01
 1628   0.22151240E+02
 1629   0.13734313E+03
 1630   0.16379355E+03
 1631   0.13207148E+03
 1632   0.93723980E+02
 1633   0.96191520E+02
 1634   0.13292065E+03
 1635   0.19718196E+03
 1636   0.30376934E+03
 1637   0.30770211E+03
 1638   0.27526381E+03
 1639   0.25694794E+03
 1640   0.24265568E+03
 1641   0.16442364E+03
 1642   0.11255932E+03
 1643   0.81263350E+02
 1644   0.55500180E+02
 1645   0.37819140E+02
 1646   0.26734070E+02
 1647   0.21394190E+02
 1648   0.19741410E+02
 1649   0.20794640E+02
 1650   0.22244810E+02
 1651   0.25041980E+02
 1652   0.50584650E+02
 1653   0.98886460E+02
 1654   0.72393620E+02
 1655   0.43802150E+02
 1656   0.31757850E+02
 1657   0.25387100E+02
 1658   0.36132780E+02
 1659   0.74427260E+02
 1660   0.95677850E+02
 1661   0.98354450E+02
 1662   0.15792834E+03
 1663   0.30725052E+03
 1664   0.26139614E+03
 1665   0.16928875E+03
 1666   0.10714445E+03
 1667   0.79391270E+02
 1668   0.66594710E+02
 1669   0.59493240E+02
 1670   0.56302070E+02
 1671   0.54597770E+02
 1672   0.67753860E+02
 1673   0.11920634E+03
 1674   0.19172479E+03
 1675   0.29651727E+03
 1676   0.35366571E+03
 1677   0.24984477E+03
 1678   0.15789889E+03
 1679   0.11365259E+03
 1680   0.10173051E+03
 1681   0.69493580E+02
 1682   0.40736190E+02
 1683   0.40032710E+02
 1684   0.61097870E+02
 1685   0.63443380E+02
 1686   0.51049930E+02
 1687   0.46073150E+02
 1688   0.41279110E+02
 1689   0.31951950E+02
 1690   0.22493610E+02
 1691   0.21947470E+02
 1692   0.21131100E+02
 1693   0.12074947E+03
 1694   0.60863772E+03
 1695   0.38322363E+03
 1696   0.17556983E+03
 1697   0.82591300E+02
 1698   0.42709040E+02
 1699   0.24245640E+02
 1700   0.14564940E+02
 1701   0.93288200E+01
 1702   0.60979700E+01
 1703   0.40472100E+01
 1704   0.26080800E+01
 1705   0.33030100E+01
 1706   0.99528300E+01
 1707   0.34672580E+02
 1708   0.50519090E+02
 1709   0.56806030E+02
 1710   0.47380790E+02
 1711   0.34119450E+02
 1712   0.26971980E+02
 1713   0.21393110E+02
 1714   0.16824350E+02
 1715   0.11366640E+02
 1716   0.79434600E+01
 1717   0.80338300E+01
 1718   0.72359400E+01
 1719   0.79901700E+01
 1720   0.76322300E+01
 1721   0.61073300E+01
 1722   0.46194800E+01
 1723   0.33431400E+01
 1724   0.22184500E+01
 1725   0.15719100E+01
 1726   0.86737000E+00
 1727   0.73400000E+00
 1728   0.55116000E+00
 1729   0.39793000E+00
 1730   0.30654000E+00
 1731   0.26012000E+00
 1732   0.17878000E+00
 1733   0.11708000E+00
 1734   0.83190000E-01
 1735   0.62690000E-01
 1736   0.63540000E-01
 1737   0.20328000E+00
 1738   0.75174000E+00
 1739   0.23408900E+01
 1740   0.74362000E+01
 1741   0.26582850E+02
 1742   0.60421160E+02
 1743   0.20245147E+03
 1744   0.23794869E+03
 1745   0.11509140E+03
 1746   0.55530090E+02
 1747   0.30345540E+02
 1748   0.17950370E+02
 1749   0.11240860E+02
 1750   0.74093800E+01
 1751   0.48067100E+01
 1752   0.31874300E+01
 1753   0.23587600E+01
 1754   0.19803900E+01
 1755   0.17003200E+01
 1756   0.11255800E+01
 1757   0.96175000E+00
 1758   0.72575000E+00
 1759   0.54923000E+00
 1760   0.40260000E+00
 1761   0.30680000E+00
 1762   0.25440000E+00
 1763   0.16045000E+00
 1764   0.10471000E+00
 1765   0.74430000E-01
 1766   0.56110000E-01
 1767   0.44090000E-01
 1768   0.36700000E-01
 1769   0.10621000E+00
 1770   0.19458000E+00
 1771   0.21480000E+00
 1772   0.22147000E+00
 1773   0.22451000E+00
 1774   0.22084000E+00
 1775   0.20504000E+00
 1776   0.15591000E+00
 1777   0.10919000E+00
 1778   0.78230000E-01
 1779   0.58140000E-01
 1780   0.44770000E-01
 1781   0.35550000E-01
 1782   0.28970000E-01
 1783   0.24120000E-01
 1784   0.20430000E-01
 1785   0.17570000E-01
 1786   0.15300000E-01
 1787   0.13470000E-01
 1788   0.11960000E-01
 1789   0.10710000E-01
 1790   0.96600000E-02
 1791   0.87600000E-02
 1792   0.79900000E-02
 1793   0.73200000E-02
 1794   0.67400000E-02
 1795   0.62300000E-02
 1796   0.57700000E-02
 1797   0.53700000E-02
 1798   0.50100000E-02
 1799   0.46800000E-02
 1800   0.43900000E-02
 1801   0.41300000E-02
 1802   0.38900000E-02
 1803   0.36700000E-02
 1804   0.34700000E-02
 1805   0.32800000E-02
 1806   0.31100000E-02
 1807   0.29600000E-02
 1808   0.28100000E-02
 1809   0.26800000E-02
 1810   0.25500000E-02
 1811   0.24400000E-02
 1812   0.23300000E-02
 1813   0.22300000E-02
 1814   0.21300000E-02
 1815   0.20500000E-02
 1816   0.19700000E-02
 1817   0.19000000E-02
 1818   0.18500000E-02
 1819   0.18230900E+01
 1820   0.53310200E+01
 1821   0.14309920E+02
 1822   0.29445270E+02
 1823   0.28939220E+02
 1824   0.21678360E+02
 1825   0.14987390E+02
 1826   0.10127400E+02
 1827   0.70141700E+01
 1828   0.42401100E+01
 1829   0.28290600E+01
 1830   0.19819300E+01
 1831   0.14652100E+01
 1832   0.11139300E+01
 1833   0.88427000E+00
 1834   0.73799000E+00
 1835   0.60447000E+00
 1836   0.47722000E+00
 1837   0.37142000E+00
 1838   0.26456000E+00
 1839   0.19302000E+00
 1840   0.13657000E+00
 1841   0.10070000E+00
 1842   0.77200000E-01
 1843   0.61050000E-01
 1844   0.49480000E-01
 1845   0.40920000E-01
 1846   0.34420000E-01
 1847   0.29350000E-01
 1848   0.25330000E-01
 1849   0.80646900E+01
 1850   0.19216000E+02
 1851   0.40701620E+02
 1852   0.32694250E+02
 1853   0.21985220E+02
 1854   0.14397380E+02
 1855   0.95621700E+01
 1856   0.65319100E+01
 1857   0.44388400E+01
 1858   0.28959000E+01
 1859   0.16267400E+01
 1860   0.13004000E+01
 1861   0.97391000E+00
 1862   0.76746000E+00
 1863   0.60476000E+00
 1864   0.49752000E+00
 1865   0.39973000E+00
 1866   0.33885000E+00
 1867   0.32660000E+00
 1868   0.29708000E+00
 1869   0.20928000E+00
 1870   0.17041000E+00
 1871   0.14328000E+00
 1872   0.12045000E+00
 1873   0.99440000E-01
 1874   0.81630000E-01
 1875   0.67310000E-01
 1876   0.56010000E-01
 1877   0.47110000E-01
 1878   0.40220000E-01
 1879   0.37650000E-01
 1880   0.43310000E-01
 1881   0.50510000E-01
 1882   0.51900000E-01
 1883   0.48850000E-01
 1884   0.44090000E-01
 1885   0.39090000E-01
 1886   0.34440000E-01
 1887   0.30340000E-01
 1888   0.53710000E-01
 1889   0.40790000E-01
 1890   0.62020000E-01
 1891   0.73140000E-01
 1892   0.82790000E-01
 1893   0.10498000E+00
 1894   0.13995000E+00
 1895   0.16119000E+00
 1896   0.17887000E+00
 1897   0.18343000E+00
 1898   0.15813300E+01
 1899   0.12757200E+01
 1900   0.20063800E+01
 1901   0.35216000E+01
 1902   0.43609300E+01
 1903   0.40865900E+01
 1904   0.36578800E+01
 1905   0.28459900E+01
 1906   0.22294700E+01
 1907   0.17282000E+01
 1908   0.13294500E+01
 1909   0.10320400E+01
 1910   0.55338000E+00
 1911   0.54397000E+00
 1912   0.41490000E+00
 1913   0.33537000E+00
 1914   0.53782200E+01
 1915   0.10143170E+02
 1916   0.43649760E+02
 1917   0.52762800E+02
 1918   0.38161820E+02
 1919   0.25414470E+02
 1920   0.16038600E+02
 1921   0.10571030E+02
 1922   0.72664300E+01
 1923   0.51025800E+01
 1924   0.52328700E+01
 1925   0.47233100E+01
 1926   0.55330100E+01
 1927   0.72102700E+01
 1928   0.81013100E+01
 1929   0.69419600E+01
 1930   0.51517500E+01
 1931   0.31023700E+01
 1932   0.46567300E+01
 1933   0.43834000E+01
 1934   0.56645200E+01
 1935   0.67651900E+01
 1936   0.64509000E+01
 1937   0.51678800E+01
 1938   0.39383800E+01
 1939   0.26307000E+01
 1940   0.18602400E+01
 1941   0.11608400E+01
 1942   0.12039600E+01
 1943   0.11118100E+01
 1944   0.44830300E+01
 1945   0.10048990E+02
 1946   0.23694090E+02
 1947   0.26991430E+02
 1948   0.21513110E+02
 1949   0.14932380E+02
 1950   0.99395200E+01
 1951   0.60901800E+01
 1952   0.41139000E+01
 1953   0.25132900E+01
 1954   0.21812400E+01
 1955   0.17013600E+01
 1956   0.14453500E+01
 1957   0.11742900E+01
 1958   0.92185000E+00
 1959   0.19354000E+01
 1960   0.12352900E+01
 1961   0.11771300E+01
 1962   0.14405300E+01
 1963   0.12810300E+01
 1964   0.10856100E+01
 1965   0.88311000E+00
 1966   0.79923000E+00
 1967   0.13562400E+01
 1968   0.40318200E+01
 1969   0.90797300E+01
 1970   0.31015980E+02
 1971   0.39983150E+02
 1972   0.33651290E+02
 1973   0.26955940E+02
 1974   0.29278840E+02
 1975   0.34821558E+03
 1976   0.29045083E+03
 1977   0.14319188E+03
 1978   0.97474730E+02
 1979   0.91695830E+02
 1980   0.14885739E+03
 1981   0.21896180E+03
 1982   0.22809085E+03
 1983   0.13355771E+03
 1984   0.71940540E+02
 1985   0.69889310E+02
 1986   0.15596154E+03
 1987   0.33418917E+03
 1988   0.25407667E+03
 1989   0.18178785E+03
 1990   0.17709368E+03
 1991   0.12822363E+03
 1992   0.75574140E+02
 1993   0.49550390E+02
 1994   0.59652120E+02
 1995   0.12598252E+03
 1996   0.16491900E+03
 1997   0.13736133E+03
 1998   0.10531870E+03
 1999   0.79965350E+02
 2000   0.56684010E+02
 2001   0.47100900E+02
 2002   0.35002720E+02
 2003   0.25575480E+02
 2004   0.19983480E+02
 2005   0.26090490E+02
 2006   0.13292586E+03
 2007   0.38133550E+03
 2008   0.83279811E+03
 2009   0.92207904E+03
 2010   0.86538696E+03
 2011   0.47514820E+03
 2012   0.45309622E+03
 2013   0.30822332E+03
 2014   0.16750676E+03
 2015   0.15082827E+03
 2016   0.19971796E+03
 2017   0.18075580E+03
 2018   0.10668099E+03
 2019   0.61156740E+02
 2020   0.39186700E+02
 2021   0.27883810E+02
 2022   0.22026700E+02
 2023   0.16387940E+02
 2024   0.11639820E+02
 2025   0.80495700E+01
 2026   0.61706200E+01
 2027   0.64702400E+01
 2028   0.63135500E+01
 2029   0.77222300E+01
 2030   0.99642400E+01
 2031   0.35920790E+02
 2032   0.42235902E+03
 2033   0.47291425E+03
 2034   0.37568002E+03
 2035   0.29883750E+03
 2036   0.27791393E+03
 2037   0.25676255E+03
 2038   0.14401616E+03
 2039   0.71723730E+02
 2040   0.43349330E+02
 2041   0.71141130E+02
 2042   0.29433412E+03
 2043   0.17861908E+03
 2044   0.84203280E+02
 2045   0.45072490E+02
 2046   0.30092880E+02
 2047   0.22910200E+02
 2048   0.18382140E+02
 2049   0.17722140E+02
 2050   0.15771180E+02
 2051   0.15457890E+02
 2052   0.25735080E+02
 2053   0.48409770E+02
 2054   0.66950660E+02
 2055   0.11379493E+03
 2056   0.12260344E+03
 2057   0.11789737E+03
 2058   0.13618038E+03
 2059   0.95933690E+02
 2060   0.78752960E+02
 2061   0.68275840E+02
 2062   0.49065290E+02
 2063   0.31315250E+02
 2064   0.19309560E+02
 2065   0.13131420E+02
 2066   0.96914100E+01
 2067   0.91547700E+01
 2068   0.15032770E+02
 2069   0.61796940E+02
 2070   0.87653670E+02
 2071   0.58949310E+02
 2072   0.36357750E+02
 2073   0.22768860E+02
 2074   0.13713040E+02
 2075   0.88637400E+01
 2076   0.23794200E+02
 2077   0.51191840E+02
 2078   0.46361450E+02
 2079   0.30891770E+02
 2080   0.19891470E+02
 2081   0.12666040E+02
 2082   0.83014700E+01
 2083   0.53658600E+01
 2084   0.28837800E+01
 2085   0.19971300E+01
 2086   0.13927900E+01
 2087   0.10049400E+01
 2088   0.74651000E+00
 2089   0.56961000E+00
 2090   0.40706000E+00
 2091   0.31386000E+00
 2092   0.41506500E+01
 2093   0.34771400E+01
 2094   0.57692900E+02
 2095   0.32197963E+03
 2096   0.16449246E+03
 2097   0.78247850E+02
 2098   0.47688430E+02
 2099   0.36816170E+02
 2100   0.31938450E+02
 2101   0.39712680E+02
 2102   0.60108280E+02
 2103   0.58909900E+02
 2104   0.43536090E+02
 2105   0.29370180E+02
 2106   0.22096700E+02
 2107   0.16979590E+02
 2108   0.12155200E+02
 2109   0.84390700E+01
 2110   0.57661000E+01
 2111   0.40491700E+01
 2112   0.25190400E+01
 2113   0.17534400E+01
 2114   0.12605400E+01
 2115   0.68620000E+00
 2116   0.62313000E+00
 2117   0.47975000E+00
 2118   0.35201000E+00
 2119   0.30075000E+00
 2120   0.26434000E+00
 2121   0.22173000E+00
 2122   0.16404000E+00
 2123   0.11908000E+00
 2124   0.89920000E-01
 2125   0.70240000E-01
 2126   0.56370000E-01
 2127   0.46240000E-01
 2128   0.38620000E-01
 2129   0.32750000E-01
 2130   0.28120000E-01
 2131   0.24420000E-01
 2132   0.21400000E-01
 2133   0.18910000E-01
 2134   0.16820000E-01
 2135   0.15070000E-01
 2136   0.13570000E-01
 2137   0.12290000E-01
 2138   0.11180000E-01
 2139   0.10210000E-01
 2140   0.93600000E-02
 2141   0.86200000E-02
 2142   0.79500000E-02
 2143   0.73600000E-02
 2144   0.68400000E-02
 2145   0.63600000E-02
 2146   0.59400000E-02
 2147   0.55500000E-02
 2148   0.52000000E-02
 2149   0.48800000E-02
 2150   0.45900000E-02
 2151   0.43300000E-02
 2152   0.40900000E-02
 2153   0.38600000E-02
 2154   0.36600000E-02
 2155   0.34600000E-02
 2156   0.32900000E-02
 2157   0.31300000E-02
 2158   0.29700000E-02
 2159   0.28300000E-02
 2160   0.27000000E-02
 2161   0.25800000E-02
 2162   0.24600000E-02
 2163   0.23600000E-02
 2164   0.22600000E-02
 2165   0.21600000E-02
 2166   0.20700000E-02
 2167   0.19900000E-02
 2168   0.19100000E-02
 2169   0.18400000E-02
 2170   0.17700000E-02
 2171   0.17000000E-02
 2172   0.16400000E-02
 2173   0.15800000E-02
 2174   0.15200000E-02
 2175   0.14700000E-02
 2176   0.14200000E-02
 2177   0.13700000E-02
 2178   0.13300000E-02
 2179   0.12800000E-02
 2180   0.12400000E-02
 2181   0.12000000E-02
 2182   0.11700000E-02
 2183   0.11500000E-02
 2184   0.11300000E-02
 2185   0.11300000E-02
 2186   0.11400000E-02
 2187   0.11800000E-02
 2188   0.12300000E-02
 2189   0.13100000E-02
 2190   0.14000000E-02
 2191   0.15000000E-02
 2192   0.16000000E-02
 2193   0.17000000E-02
 2194   0.17900000E-02
 2195   0.18700000E-02
 2196   0.46900000E-02
 2197   0.11547800E+01
 2198   0.90472000E+00
 2199   0.35008400E+01
 2200   0.12303080E+02
 2201   0.15682030E+02
 2202   0.12668160E+02
 2203   0.91175500E+01
 2204   0.64867600E+01
 2205   0.46515600E+01
 2206   0.46774000E+01
 2207   0.35414000E+01
 2208   0.39523300E+01
 2209   0.41660100E+01
 2210   0.37992800E+01
 2211   0.30229300E+01
 2212   0.23140300E+01
 2213   0.18387100E+01
 2214   0.14269000E+01
 2215   0.11343700E+01
 2216   0.91272000E+00
 2217   0.72835000E+00
 2218   0.40586000E+00
 2219   0.33497000E+00
 2220   0.29037000E+00
 2221   0.26653000E+00
 2222   0.22548000E+00
 2223   0.16814000E+00
 2224   0.12918000E+00
 2225   0.10430000E+00
 2226   0.85240000E-01
 2227   0.70160000E-01
 2228   0.58250000E-01
 2229   0.48860000E-01
 2230   0.41420000E-01
 2231   0.35460000E-01
 2232   0.30650000E-01
 2233   0.26720000E-01
 2234   0.23470000E-01
 2235   0.20770000E-01
 2236   0.18490000E-01
 2237   0.16570000E-01
 2238   0.14920000E-01
 2239   0.13500000E-01
 2240   0.12270000E-01
 2241   0.11190000E-01
 2242   0.10250000E-01
 2243   0.99200000E-02
 2244   0.82627000E+00
 2245   0.57362000E+00
 2246   0.94609000E+00
 2247   0.16759900E+01
 2248   0.18626000E+01
 2249   0.27400500E+01
 2250   0.30094600E+01
 2251   0.32760400E+01
 2252   0.32054400E+01
 2253   0.33202600E+01
 2254   0.32124900E+01
 2255   0.28426400E+01
 2256   0.23500500E+01
 2257   0.18812100E+01
 2258   0.14810200E+01
 2259   0.84071000E+00
 2260   0.78878000E+00
 2261   0.65337000E+00
 2262   0.53574000E+00
 2263   0.46777000E+00
 2264   0.37797000E+00
 2265   0.10174800E+01
 2266   0.78654400E+01
 2267   0.20075320E+02
 2268   0.38351860E+02
 2269   0.30583270E+02
 2270   0.20610770E+02
 2271   0.15974990E+02
 2272   0.15446560E+02
 2273   0.21327900E+02
 2274   0.37622590E+02
 2275   0.48362220E+02
 2276   0.48259130E+02
 2277   0.44898600E+02
 2278   0.38364330E+02
 2279   0.30391040E+02
 2280   0.22630410E+02
 2281   0.18334970E+02
 2282   0.14363450E+02
 2283   0.13437190E+02
 2284   0.12971070E+02
 2285   0.15093450E+02
 2286   0.17941820E+02
 2287   0.19408610E+02
 2288   0.18690820E+02
 2289   0.15117540E+02
 2290   0.12081010E+02
 2291   0.93633700E+01
 2292   0.71606400E+01
 2293   0.52963200E+01
 2294   0.33412500E+02
 2295   0.29207092E+03
 2296   0.24714397E+03
 2297   0.15059039E+03
 2298   0.15440633E+03
 2299   0.16878802E+03
 2300   0.12161338E+03
 2301   0.74697940E+02
 2302   0.42988100E+02
 2303   0.26042920E+02
 2304   0.16539800E+02
 2305   0.10844670E+02
 2306   0.74998900E+01
 2307   0.51928500E+01
 2308   0.36820000E+01
 2309   0.23523100E+01
 2310   0.13812000E+01
 2311   0.11003400E+01
 2312   0.15266800E+01
 2313   0.35032200E+01
 2314   0.59209200E+01
 2315   0.12302190E+02
 2316   0.22425450E+02
 2317   0.77292520E+02
 2318   0.17903811E+03
 2319   0.12998874E+03
 2320   0.69476000E+02
 2321   0.48665040E+02
 2322   0.63744990E+02
 2323   0.69444830E+02
 2324   0.47348800E+02
 2325   0.29144760E+02
 2326   0.18231500E+02
 2327   0.11717480E+02
 2328   0.14100410E+02
 2329   0.16777260E+02
 2330   0.23645800E+02
 2331   0.23366900E+02
 2332   0.19833250E+02
 2333   0.23291540E+02
 2334   0.37254610E+02
 2335   0.54722430E+02
 2336   0.60233490E+02
 2337   0.55834640E+02
 2338   0.44559360E+02
 2339   0.37110090E+02
 2340   0.29778740E+02
 2341   0.28508630E+02
 2342   0.32935730E+02
 2343   0.50423620E+02
 2344   0.53760230E+02
 2345   0.41957180E+02
 2346   0.30048220E+02
 2347   0.21585410E+02
 2348   0.16488480E+02
 2349   0.15454270E+02
 2350   0.40153960E+02
 2351   0.98279430E+02
 2352   0.73637870E+02
 2353   0.49974750E+02
 2354   0.36751060E+02
 2355   0.33196300E+02
 2356   0.42107260E+02
 2357   0.10522993E+03
 2358   0.18934953E+03
 2359   0.17900436E+03
 2360   0.18632617E+03
 2361   0.16047989E+03
 2362   0.11283153E+03
 2363   0.14848220E+03
 2364   0.40817038E+03
 2365   0.41058811E+03
 2366   0.36352088E+03
 2367   0.41058499E+03
 2368   0.81684395E+03
 2369   0.10655401E+04
 2370   0.45045769E+03
 2371   0.19711845E+03
 2372   0.29088174E+03
 2373   0.40451373E+03
 2374   0.56377801E+03
 2375   0.37251666E+03
 2376   0.29334536E+03
 2377   0.41343501E+03
 2378   0.36455799E+03
 2379   0.25248369E+03
 2380   0.18251240E+03
 2381   0.16344623E+03
 2382   0.19056827E+03
 2383   0.18187787E+03
 2384   0.14632878E+03
 2385   0.10887038E+03
 2386   0.85215930E+02
 2387   0.71120960E+02
 2388   0.58406140E+02
 2389   0.54725520E+02
 2390   0.53877810E+02
 2391   0.43792840E+02
 2392   0.29667130E+02
 2393   0.19974240E+02
 2394   0.13438320E+02
 2395   0.91971600E+01
 2396   0.64992000E+01
 2397   0.47671500E+01
 2398   0.37032300E+01
 2399   0.27461000E+01
 2400   0.21766000E+01
 2401   0.31608400E+01
 2402   0.36436700E+01
 2403   0.56137100E+01
 2404   0.85480700E+01
 2405   0.96409800E+01
 2406   0.83153900E+01
 2407   0.74863800E+01
 2408   0.23389600E+02
 2409   0.14932521E+03
 2410   0.17297817E+03
 2411   0.15018480E+03
 2412   0.12127665E+03
 2413   0.90637110E+02
 2414   0.58211230E+02
 2415   0.10799031E+03
 2416   0.28420830E+03
 2417   0.13433576E+03
 2418   0.63571520E+02
 2419   0.33831470E+02
 2420   0.19708080E+02
 2421   0.12090690E+02
 2422   0.20777020E+02
 2423   0.61750870E+02
 2424   0.76444470E+02
 2425   0.49648810E+02
 2426   0.30415670E+02
 2427   0.19129670E+02
 2428   0.43126040E+02
 2429   0.29334888E+03
 2430   0.34141832E+03
 2431   0.16020821E+03
 2432   0.76204760E+02
 2433   0.46465440E+02
 2434   0.40676930E+02
 2435   0.16804565E+03
 2436   0.29843851E+03
 2437   0.28733465E+03
 2438   0.22693627E+03
 2439   0.12164326E+03
 2440   0.61774620E+02
 2441   0.99581400E+02
 2442   0.75596863E+03
 2443   0.51556806E+03
 2444   0.36594801E+03
 2445   0.26103341E+03
 2446   0.13382159E+03
 2447   0.72700740E+02
 2448   0.45925480E+02
 2449   0.33402690E+02
 2450   0.23671230E+02
 2451   0.16059600E+02
 2452   0.10664900E+02
 2453   0.16334940E+02
 2454   0.36941250E+02
 2455   0.48170830E+02
 2456   0.36621940E+02
 2457   0.24145730E+02
 2458   0.15526230E+02
 2459   0.10218700E+02
 2460   0.69507300E+01
 2461   0.46151800E+01
 2462   0.27795600E+01
 2463   0.19086400E+01
 2464   0.11611900E+01
 2465   0.10670700E+01
 2466   0.90274000E+00
 2467   0.76195000E+00
 2468   0.63520000E+00
 2469   0.52392000E+00
 2470   0.39156000E+00
 2471   0.31768000E+00
 2472   0.26737000E+00
 2473   0.17793000E+00
 2474   0.11379000E+00
 2475   0.79610000E-01
 2476   0.59330000E-01
 2477   0.46240000E-01
 2478   0.37230000E-01
 2479   0.30750000E-01
 2480   0.25900000E-01
 2481   0.22160000E-01
 2482   0.19210000E-01
 2483   0.16840000E-01
 2484   0.14900000E-01
 2485   0.13290000E-01
 2486   0.11940000E-01
 2487   0.10790000E-01
 2488   0.98000000E-02
 2489   0.89500000E-02
 2490   0.82000000E-02
 2491   0.75500000E-02
 2492   0.69700000E-02
 2493   0.64600000E-02
 2494   0.60000000E-02
 2495   0.55900000E-02
 2496   0.52200000E-02
 2497   0.48900000E-02
 2498   0.45900000E-02
 2499   0.43100000E-02
 2500   0.40600000E-02
 2501   0.38300000E-02
 2502   0.36200000E-02
 2503   0.34300000E-02
 2504   0.32500000E-02
 2505   0.30900000E-02
 2506   0.29300000E-02
 2507   0.27900000E-02
 2508   0.26600000E-02
 2509   0.26900000E-02
 2510   0.76000000E-02
 2511   0.47120000E-01
 2512   0.84510000E-01
 2513   0.10004000E+00
 2514   0.10478000E+00
 2515   0.10187000E+00
 2516   0.91460000E-01
 2517   0.78070000E-01
 2518   0.65510000E-01
 2519   0.54960000E-01
 2520   0.46390000E-01
 2521   0.39490000E-01
 2522   0.33930000E-01
 2523   0.34550000E-01
 2524   0.30140000E-01
 2525   0.30460000E-01
 2526   0.36740000E-01
 2527   0.52430000E-01
 2528   0.64930000E-01
 2529   0.66220000E-01
 2530   0.61060000E-01
 2531   0.54000000E-01
 2532   0.47030000E-01
 2533   0.40820000E-01
 2534   0.35500000E-01
 2535   0.56890000E-01
 2536   0.17724000E+00
 2537   0.26144000E+00
 2538   0.27613000E+00
 2539   0.28038000E+00
 2540   0.27369000E+00
 2541   0.25964000E+00
 2542   0.24306000E+00
 2543   0.22268000E+00
 2544   0.26184000E+00
 2545   0.22980500E+01
 2546   0.23741500E+01
 2547   0.58532200E+01
 2548   0.27502340E+02
 2549   0.66486830E+02
 2550   0.75021690E+02
 2551   0.53904190E+02
 2552   0.36126320E+02
 2553   0.24664930E+02
 2554   0.16904820E+02
 2555   0.11401630E+02
 2556   0.73136100E+01
 2557   0.49601800E+01
 2558   0.33398800E+01
 2559   0.21681600E+01
 2560   0.15870900E+01
 2561   0.11916800E+01
 2562   0.94474000E+00
 2563   0.73010000E+00
 2564   0.60492000E+00
 2565   0.45981000E+00
 2566   0.29704000E+00
 2567   0.23949000E+00
 2568   0.18912000E+00
 2569   0.14101000E+00
 2570   0.10801000E+00
 2571   0.84680000E-01
 2572   0.67800000E-01
 2573   0.55330000E-01
 2574   0.45920000E-01
 2575   0.16580100E+01
 2576   0.34744000E+00
 2577   0.53982000E+00
 2578   0.94866000E+00
 2579   0.12841900E+01
 2580   0.13604900E+01
 2581   0.12700600E+01
 2582   0.11020200E+01
 2583   0.94228000E+00
 2584   0.79955000E+00
 2585   0.66661000E+00
 2586   0.17502300E+01
 2587   0.51349000E+00
 2588   0.28841600E+01
 2589   0.37994800E+01
 2590   0.69295900E+01
 2591   0.12126670E+02
 2592   0.13083390E+02
 2593   0.10791550E+02
 2594   0.79826100E+01
 2595   0.56176900E+01
 2596   0.39856600E+01
 2597   0.21634800E+01
 2598   0.16504600E+01
 2599   0.12203600E+01
 2600   0.95204000E+00
 2601   0.19187400E+01
 2602   0.12004800E+01
 2603   0.13909900E+01
 2604   0.16734500E+01
 2605   0.16655100E+01
 2606   0.16786600E+01
 2607   0.14183100E+01
 2608   0.14828500E+01
 2609   0.19283600E+01
 2610   0.30836700E+01
 2611   0.41204900E+01
 2612   0.47434500E+01
 2613   0.43721400E+01
 2614   0.35636500E+01
 2615   0.25109700E+01
 2616   0.18500700E+01
 2617   0.18283200E+01
 2618   0.11176500E+01
 2619   0.26738200E+01
 2620   0.54871800E+01
 2621   0.10959950E+02
 2622   0.18328750E+02
 2623   0.18039160E+02
 2624   0.14506970E+02
 2625   0.12521450E+02
 2626   0.13594290E+02
 2627   0.16604400E+02
 2628   0.21438590E+02
 2629   0.21608340E+02
 2630   0.21011330E+02
 2631   0.20491040E+02
 2632   0.22642660E+02
 2633   0.22566820E+02
 2634   0.18318870E+02
 2635   0.13380350E+02
 2636   0.93670800E+01
 2637   0.66466000E+01
 2638   0.41140800E+01
 2639   0.27137200E+01
 2640   0.18802600E+01
 2641   0.13624500E+01
 2642   0.10316000E+01
 2643   0.80490000E+00
 2644   0.64691000E+00
 2645   0.21789100E+01
 2646   0.11003590E+02
 2647   0.14991895E+03
 2648   0.19399749E+03
 2649   0.12626012E+03
 2650   0.86756330E+02
 2651   0.56372250E+02
 2652   0.34801990E+02
 2653   0.21925000E+02
 2654   0.13940600E+02
 2655   0.91600800E+01
 2656   0.60915600E+01
 2657   0.40611000E+01
 2658   0.21810900E+01
 2659   0.16099300E+01
 2660   0.12143400E+01
 2661   0.92833000E+00
 2662   0.23164600E+01
 2663   0.42269600E+01
 2664   0.79037200E+01
 2665   0.19889840E+02
 2666   0.26852930E+02
 2667   0.31228600E+02
 2668   0.46565940E+02
 2669   0.66089010E+02
 2670   0.62839640E+02
 2671   0.41580010E+02
 2672   0.26139480E+02
 2673   0.16767860E+02
 2674   0.10905340E+02
 2675   0.74274700E+01
 2676   0.49420800E+01
 2677   0.32338700E+01
 2678   0.20923400E+01
 2679   0.11822600E+01
 2680   0.92879000E+00
 2681   0.69454000E+00
 2682   0.55091000E+00
 2683   0.40903000E+00
 2684   0.32109000E+00
 2685   0.23748200E+01
 2686   0.61515500E+01
 2687   0.34720490E+02
 2688   0.86518950E+02
 2689   0.93099880E+02
 2690   0.19298330E+03
 2691   0.34950707E+03
 2692   0.18458813E+03
 2693   0.90070320E+02
 2694   0.51365540E+02
 2695   0.43659800E+02
 2696   0.56749130E+02
 2697   0.84955440E+02
 2698   0.91333030E+02
 2699   0.79592290E+02
 2700   0.62038030E+02
 2701   0.40938200E+02
 2702   0.25932450E+02
 2703   0.16514420E+02
 2704   0.12315810E+02
 2705   0.35455750E+02
 2706   0.98069770E+02
 2707   0.87390290E+02
 2708   0.57439860E+02
 2709   0.98527590E+02
 2710   0.29897620E+03
 2711   0.14835704E+03
 2712   0.69918080E+02
 2713   0.37444180E+02
 2714   0.68901030E+02
 2715   0.29529872E+03
 2716   0.24619949E+03
 2717   0.18657430E+03
 2718   0.22345488E+03
 2719   0.23012345E+03
 2720   0.19950443E+03
 2721   0.15600209E+03
 2722   0.12974593E+03
 2723   0.10981810E+03
 2724   0.10015699E+03
 2725   0.14474473E+03
 2726   0.16477055E+03
 2727   0.17315870E+03
 2728   0.28419855E+03
 2729   0.26125118E+03
 2730   0.26916522E+03
 2731   0.22734614E+03
 2732   0.24720355E+03
 2733   0.28304476E+03
 2734   0.38995671E+03
 2735   0.44992652E+03
 2736   0.79687625E+03
 2737   0.34474747E+03
 2738   0.17887356E+03
 2739   0.93280300E+02
 2740   0.49779110E+02
 2741   0.28844840E+02
 2742   0.17755800E+02
 2743   0.11200630E+02
 2744   0.74310900E+01
 2745   0.53857600E+01
 2746   0.51055300E+01
 2747   0.48743300E+01
 2748   0.92157400E+01
 2749   0.15986150E+02
 2750   0.19511760E+02
 2751   0.17175900E+02
 2752   0.13286050E+02
 2753   0.12401970E+02
 2754   0.11632880E+02
 2755   0.10964780E+02
 2756   0.88579600E+01
 2757   0.98726000E+01
 2758   0.28140530E+02
 2759   0.79428090E+02
 2760   0.10637504E+03
 2761   0.10962560E+03
 2762   0.13404859E+03
 2763   0.11315558E+03
 2764   0.77033090E+02
 2765   0.54582290E+02
 2766   0.37197360E+02
 2767   0.25261150E+02
 2768   0.16881140E+02
 2769   0.12396020E+02
 2770   0.32163580E+02
 2771   0.10156172E+03
 2772   0.85547030E+02
 2773   0.73556360E+02
 2774   0.95990520E+02
 2775   0.10312037E+03
 2776   0.10134007E+03
 2777   0.11780248E+03
 2778   0.11213671E+03
 2779   0.78509920E+02
 2780   0.48357140E+02
 2781   0.29226200E+02
 2782   0.18732490E+02
 2783   0.12564380E+02
 2784   0.89864100E+01
 2785   0.64201010E+02
 2786   0.25213309E+03
 2787   0.15588237E+03
 2788   0.10280454E+03
 2789   0.92636610E+02
 2790   0.64242480E+02
 2791   0.40996480E+02
 2792   0.25924340E+02
 2793   0.18145170E+02
 2794   0.12998920E+02
 2795   0.10740660E+02
 2796   0.87332400E+01
 2797   0.72269800E+01
 2798   0.57222400E+01
 2799   0.44539500E+01
 2800   0.54672600E+01
 2801   0.70407800E+01
 2802   0.13132960E+02
 2803   0.18954460E+02
 2804   0.42139910E+02
 2805   0.25432908E+03
 2806   0.24883419E+03
 2807   0.14351395E+03
 2808   0.93069920E+02
 2809   0.67215470E+02
 2810   0.47758790E+02
 2811   0.31278100E+02
 2812   0.19637560E+02
 2813   0.12640940E+02
 2814   0.83889900E+01
 2815   0.55434500E+01
 2816   0.38426800E+01
 2817   0.24120900E+01
 2818   0.17029800E+01
 2819   0.12406700E+01
 2820   0.90926000E+00
 2821   0.65670000E+00
 2822   0.37116000E+00
 2823   0.30505000E+00
 2824   0.26639000E+00
 2825   0.21563000E+00
 2826   0.14631000E+00
 2827   0.10293000E+00
 2828   0.76760000E-01
 2829   0.70100000E-01
 2830   0.23633000E+00
 2831   0.39467000E+00
 2832   0.59159000E+00
 2833   0.71605000E+00
 2834   0.77055000E+00
 2835   0.78070000E+00
 2836   0.70203000E+00
 2837   0.61074000E+00
 2838   0.51514000E+00
 2839   0.41567000E+00
 2840   0.33963000E+00
 2841   0.29250000E+00
 2842   0.24663000E+00
 2843   0.18563000E+00
 2844   0.13008000E+00
 2845   0.95750000E-01
 2846   0.73520000E-01
 2847   0.58300000E-01
 2848   0.47410000E-01
 2849   0.39330000E-01
 2850   0.33180000E-01
 2851   0.28380000E-01
 2852   0.24560000E-01
 2853   0.21460000E-01
 2854   0.18920000E-01
 2855   0.16810000E-01
 2856   0.15030000E-01
 2857   0.23400000E-01
 2858   0.18082000E+00
 2859   0.25433000E+00
 2860   0.26208000E+00
 2861   0.26032000E+00
 2862   0.25327000E+00
 2863   0.22168000E+00
 2864   0.18987000E+00
 2865   0.16917000E+00
 2866   0.15020000E+00
 2867   0.13135000E+00
 2868   0.11033000E+00
 2869   0.90070000E-01
 2870   0.73260000E-01
 2871   0.60090000E-01
 2872   0.49880000E-01
 2873   0.41930000E-01
 2874   0.35670000E-01
 2875   0.30670000E-01
 2876   0.26630000E-01
 2877   0.23320000E-01
 2878   0.20590000E-01
 2879   0.18300000E-01
 2880   0.16360000E-01
 2881   0.14710000E-01
 2882   0.13300000E-01
 2883   0.12080000E-01
 2884   0.11010000E-01
 2885   0.10080000E-01
 2886   0.92600000E-02
 2887   0.85400000E-02
 2888   0.78900000E-02
 2889   0.73200000E-02
 2890   0.68000000E-02
 2891   0.63400000E-02
 2892   0.59200000E-02
 2893   0.55400000E-02
 2894   0.51900000E-02
 2895   0.48800000E-02
 2896   0.45900000E-02
 2897   0.43300000E-02
 2898   0.40900000E-02
 2899   0.38700000E-02
 2900   0.36600000E-02
 2901   0.34700000E-02
 2902   0.33000000E-02
 2903   0.31300000E-02
 2904   0.29800000E-02
 2905   0.28400000E-02
 2906   0.27100000E-02
 2907   0.25900000E-02
 2908   0.24700000E-02
 2909   0.23700000E-02
 2910   0.22600000E-02
 2911   0.21700000E-02
 2912   0.20800000E-02
 2913   0.11776900E+01
 2914   0.89119000E+00
 2915   0.86524000E+00
 2916   0.33041500E+01
 2917   0.65345600E+01
 2918   0.77899100E+01
 2919   0.64861500E+01
 2920   0.47927400E+01
 2921   0.35035400E+01
 2922   0.23100200E+01
 2923   0.16627700E+01
 2924   0.12718400E+01
 2925   0.76093000E+00
 2926   0.70029000E+00
 2927   0.56494000E+00
 2928   0.46372000E+00
 2929   0.58549600E+01
 2930   0.12663700E+02
 2931   0.42750980E+02
 2932   0.43938570E+02
 2933   0.30927610E+02
 2934   0.20748750E+02
 2935   0.13073600E+02
 2936   0.87863000E+01
 2937   0.59085000E+01
 2938   0.40475200E+01
 2939   0.25352100E+01
 2940   0.17855400E+01
 2941   0.13199500E+01
 2942   0.10076200E+01
 2943   0.77477000E+00
 2944   0.59507000E+00
 2945   0.33995000E+00
 2946   0.28218000E+00
 2947   0.24208000E+00
 2948   0.18063000E+00
 2949   0.12402000E+00
 2950   0.90350000E-01
 2951   0.69060000E-01
 2952   0.54680000E-01
 2953   0.44470000E-01
 2954   0.36930000E-01
 2955   0.31200000E-01
 2956   0.26730000E-01
 2957   0.13948000E+00
 2958   0.21243000E+00
 2959   0.25736000E+00
 2960   0.26117000E+00
 2961   0.26172000E+00
 2962   0.26605000E+00
 2963   0.27292000E+00
 2964   0.27537000E+00
 2965   0.27014000E+00
 2966   0.23938000E+00
 2967   0.36252000E+00
 2968   0.29080000E+00
 2969   0.31698000E+00
 2970   0.38410000E+01
 2971   0.47072300E+01
 2972   0.10790950E+02
 2973   0.15365410E+02
 2974   0.15338630E+02
 2975   0.13760160E+02
 2976   0.11738000E+02
 2977   0.10469890E+02
 2978   0.84847700E+01
 2979   0.65452900E+01
 2980   0.47508000E+01
 2981   0.35027800E+01
 2982   0.23669500E+01
 2983   0.17931400E+01
 2984   0.63665800E+01
 2985   0.15822890E+02
 2986   0.43928840E+02
 2987   0.43808920E+02
 2988   0.29386150E+02
 2989   0.19453600E+02
 2990   0.12884580E+02
 2991   0.99609700E+01
 2992   0.82894200E+01
 2993   0.78018500E+01
 2994   0.87392100E+01
 2995   0.98161500E+01
 2996   0.94195100E+01
 2997   0.71609000E+01
 2998   0.53425200E+01
 2999   0.39136900E+01
 3000   0.25747300E+01
 3001   0.22767500E+01
 3002   0.18090600E+01
 3003   0.44001800E+01
 3004   0.61008000E+01
 3005   0.21691540E+02
 3006   0.40111980E+02
 3007   0.38299030E+02
 3008   0.27863280E+02
 3009   0.19922860E+02
 3010   0.18325370E+02
 3011   0.18895280E+02
 3012   0.20777380E+02
 3013   0.20293700E+02
 3014   0.16478730E+02
 3015   0.11881400E+02
 3016   0.82862300E+01
 3017   0.52134500E+01
 3018   0.81266000E+01
 3019   0.14995010E+02
 3020   0.25929780E+02
 3021   0.24170660E+02
 3022   0.17475530E+02
 3023   0.11695130E+02
 3024   0.79261800E+01
 3025   0.53567200E+01
 3026   0.40225400E+01
 3027   0.23122500E+01
 3028   0.18315800E+01
 3029   0.13781300E+01
 3030   0.10557700E+01
 3031   0.79697000E+00
 3032   0.62232000E+00
 3033   0.48719000E+00
 3034   0.38821000E+00
 3035   0.44491000E+00
 3036   0.31746000E+00
 3037   0.30755000E+00
 3038   0.26402000E+00
 3039   0.26715000E+00
 3040   0.31511000E+00
 3041   0.32867000E+00
 3042   0.37667000E+00
 3043   0.41275000E+00
 3044   0.43567000E+00
 3045   0.22142900E+01
 3046   0.55673200E+01
 3047   0.14466700E+02
 3048   0.25351890E+02
 3049   0.27017690E+02
 3050   0.21505600E+02
 3051   0.18149360E+02
 3052   0.25485070E+02
 3053   0.39673490E+02
 3054   0.41493390E+02
 3055   0.28787650E+02
 3056   0.18730390E+02
 3057   0.12202440E+02
 3058   0.77623900E+01
 3059   0.52679800E+01
 3060   0.64368800E+01
 3061   0.21040490E+02
 3062   0.14510936E+03
 3063   0.14137327E+03
 3064   0.25461256E+03
 3065   0.34374362E+03
 3066   0.36670476E+03
 3067   0.26739937E+03
 3068   0.15898371E+03
 3069   0.13759738E+03
 3070   0.13397973E+03
 3071   0.98288060E+02
 3072   0.62560720E+02
 3073   0.47128080E+02
 3074   0.76478490E+02
 3075   0.12799610E+03
 3076   0.12534905E+03
 3077   0.17070600E+03
 3078   0.13409048E+03
 3079   0.73470770E+02
 3080   0.45268040E+02
 3081   0.30852930E+02
 3082   0.21411880E+02
 3083   0.15586560E+02
 3084   0.15045800E+02
 3085   0.17883400E+02
 3086   0.18164760E+02
 3087   0.16819730E+02
 3088   0.15358520E+02
 3089   0.12451600E+02
 3090   0.11770230E+02
 3091   0.13704040E+02
 3092   0.20095870E+02
 3093   0.24587380E+02
 3094   0.25464210E+02
 3095   0.33022610E+02
 3096   0.42350040E+02
 3097   0.42760960E+02
 3098   0.84340100E+02
 3099   0.85407675E+03
 3100   0.65362466E+03
 3101   0.39523341E+03
 3102   0.20684224E+03
 3103   0.12172227E+03
 3104   0.79139960E+02
 3105   0.53918480E+02
 3106   0.43487790E+02
 3107   0.42294580E+02
 3108   0.42587410E+02
 3109   0.35546440E+02
 3110   0.31182750E+02
 3111   0.33979160E+02
 3112   0.35233840E+02
 3113   0.33085090E+02
 3114   0.28073430E+02
 3115   0.25666670E+02
 3116   0.27393230E+02
 3117   0.28572740E+02
 3118   0.27086060E+02
 3119   0.27053150E+02
 3120   0.28907440E+02
 3121   0.28191860E+02
 3122   0.23119090E+02
 3123   0.17070250E+02
 3124   0.11834650E+02
 3125   0.83431700E+01
 3126   0.57808000E+01
 3127   0.41292400E+01
 3128   0.29213600E+01
 3129   0.22158300E+01
 3130   0.66045600E+01
 3131   0.50934108E+03
 3132   0.40063152E+03
 3133   0.17434960E+03
 3134   0.85306410E+02
 3135   0.49164960E+02
 3136   0.30409760E+02
 3137   0.19338830E+02
 3138   0.12982510E+02
 3139   0.87812300E+01
 3140   0.55074900E+01
 3141   0.39731000E+01
 3142   0.24677700E+01
 3143   0.28728400E+01
 3144   0.36693400E+01
 3145   0.47426600E+01
 3146   0.10285550E+02
 3147   0.25062730E+02
 3148   0.50420610E+02
 3149   0.69086130E+02
 3150   0.16800925E+03
 3151   0.46377416E+03
 3152   0.40656921E+03
 3153   0.16176636E+03
 3154   0.27407281E+03
 3155   0.41665272E+03
 3156   0.17562393E+03
 3157   0.99596460E+02
 3158   0.21342549E+03
 3159   0.24185955E+03
 3160   0.16197416E+03
 3161   0.96202440E+02
 3162   0.53043000E+02
 3163   0.32511020E+02
 3164   0.21857240E+02
 3165   0.15623180E+02
 3166   0.11211830E+02
 3167   0.80217900E+01
 3168   0.54755700E+01
 3169   0.37075800E+01
 3170   0.23001100E+01
 3171   0.14156900E+01
 3172   0.10885200E+01
 3173   0.80665000E+00
 3174   0.67329000E+00
 3175   0.23380480E+02
 3176   0.19559869E+03
 3177   0.16198631E+03
 3178   0.79603720E+02
 3179   0.41880880E+02
 3180   0.24999100E+02
 3181   0.35325450E+02
 3182   0.54788800E+02
 3183   0.43879610E+02
 3184   0.27213390E+02
 3185   0.16528760E+02
 3186   0.10312890E+02
 3187   0.66870100E+01
 3188   0.43079500E+01
 3189   0.83564100E+01
 3190   0.11102730E+02
 3191   0.18932790E+02
 3192   0.18573420E+02
 3193   0.13540630E+02
 3194   0.90927700E+01
 3195   0.59911400E+01
 3196   0.40074200E+01
 3197   0.24578600E+01
 3198   0.17106800E+01
 3199   0.27780900E+01
 3200   0.19183500E+01
 3201   0.36011900E+01
 3202   0.16614610E+02
 3203   0.19301310E+02
 3204   0.14647290E+02
 3205   0.10207240E+02
 3206   0.71368800E+01
 3207   0.48508400E+01
 3208   0.32329200E+01
 3209   0.21222800E+01
 3210   0.15013900E+01
 3211   0.11018800E+01
 3212   0.59498000E+00
 3213   0.81110000E+00
 3214   0.54786000E+00
 3215   0.47218000E+00
 3216   0.44053000E+00
 3217   0.48445000E+00
 3218   0.59702000E+00
 3219   0.71333000E+00
 3220   0.70537000E+00
 3221   0.59893000E+00
 3222   0.41372000E+00
 3223   0.32343000E+00
 3224   0.27465000E+00
 3225   0.19041000E+00
 3226   0.11994000E+00
 3227   0.83100000E-01
 3228   0.61620000E-01
 3229   0.47900000E-01
 3230   0.38550000E-01
 3231   0.31840000E-01
 3232   0.26850000E-01
 3233   0.23000000E-01
 3234   0.19970000E-01
 3235   0.17530000E-01
 3236   0.15540000E-01
 3237   0.13880000E-01
 3238   0.12480000E-01
 3239   0.11290000E-01
 3240   0.10270000E-01
 3241   0.93800000E-02
 3242   0.86100000E-02
 3243   0.79300000E-02
 3244   0.73300000E-02
 3245   0.68000000E-02
 3246   0.63200000E-02
 3247   0.58900000E-02
 3248   0.55100000E-02
 3249   0.51600000E-02
 3250   0.48400000E-02
 3251   0.45500000E-02
 3252   0.42900000E-02
 3253   0.40500000E-02
 3254   0.38300000E-02
 3255   0.36200000E-02
 3256   0.34300000E-02
 3257   0.32600000E-02
 3258   0.31000000E-02
 3259   0.29500000E-02
 3260   0.28100000E-02
 3261   0.26800000E-02
 3262   0.25600000E-02
 3263   0.24400000E-02
 3264   0.23400000E-02
 3265   0.22400000E-02
 3266   0.21500000E-02
 3267   0.20600000E-02
 3268   0.19800000E-02
 3269   0.19000000E-02
 3270   0.81451000E+00
 3271   0.12126300E+01
 3272   0.16610700E+01
 3273   0.27042200E+01
 3274   0.35838400E+01
 3275   0.33323200E+01
 3276   0.26520600E+01
 3277   0.20315100E+01
 3278   0.15531500E+01
 3279   0.11913500E+01
 3280   0.93017000E+00
 3281   0.74011000E+00
 3282   0.58410000E+00
 3283   0.45679000E+00
 3284   0.29763000E+00
 3285   0.23669000E+00
 3286   0.17975000E+00
 3287   0.12816000E+00
 3288   0.95210000E-01
 3289   0.73460000E-01
 3290   0.58400000E-01
 3291   0.47550000E-01
 3292   0.39470000E-01
 3293   0.33300000E-01
 3294   0.28480000E-01
 3295   0.24640000E-01
 3296   0.32763000E+00
 3297   0.47997700E+01
 3298   0.96463400E+01
 3299   0.18804170E+02
 3300   0.18881420E+02
 3301   0.15145780E+02
 3302   0.11092620E+02
 3303   0.78681400E+01
 3304   0.48905500E+01
 3305   0.35369500E+01
 3306   0.22669500E+01
 3307   0.16364900E+01
 3308   0.12294300E+01
 3309   0.96354000E+00
 3310   0.77610000E+00
 3311   0.63912000E+00
 3312   0.98828000E+00
 3313   0.65202000E+00
 3314   0.49387000E+00
 3315   0.51826000E+00
 3316   0.50366000E+00
 3317   0.47556000E+00
 3318   0.44044000E+00
 3319   0.38256000E+00
 3320   0.34471000E+00
 3321   0.31367000E+00
 3322   0.28712000E+00
 3323   0.68615000E+00
 3324   0.51572000E+00
 3325   0.49172000E+00
 3326   0.45636100E+01
 3327   0.46227700E+01
 3328   0.96399800E+01
 3329   0.13111180E+02
 3330   0.11781910E+02
 3331   0.88846600E+01
 3332   0.63480100E+01
 3333   0.44309800E+01
 3334   0.28859900E+01
 3335   0.16777700E+01
 3336   0.13193100E+01
 3337   0.99099000E+00
 3338   0.77821000E+00
 3339   0.62006000E+00
 3340   0.49446000E+00
 3341   0.36768000E+00
 3342   0.36036000E+00
 3343   0.28108000E+00
 3344   0.24348000E+00
 3345   0.10679300E+01
 3346   0.14870300E+01
 3347   0.39350500E+01
 3348   0.67284400E+01
 3349   0.77341700E+01
 3350   0.67546700E+01
 3351   0.51513400E+01
 3352   0.39697400E+01
 3353   0.27368000E+01
 3354   0.20219100E+01
 3355   0.14769100E+01
 3356   0.14941400E+01
 3357   0.26682200E+01
 3358   0.24618100E+01
 3359   0.31881000E+01
 3360   0.87145500E+01
 3361   0.24089370E+02
 3362   0.45905310E+02
 3363   0.40190320E+02
 3364   0.28071340E+02
 3365   0.19348450E+02
 3366   0.14628350E+02
 3367   0.12975260E+02
 3368   0.14586770E+02
 3369   0.16146570E+02
 3370   0.14173090E+02
 3371   0.10681430E+02
 3372   0.76994400E+01
 3373   0.86295300E+01
 3374   0.87052300E+01
 3375   0.11210120E+02
 3376   0.12052310E+02
 3377   0.10681740E+02
 3378   0.80724600E+01
 3379   0.57149300E+01
 3380   0.40359800E+01
 3381   0.25883800E+01
 3382   0.18240000E+01
 3383   0.13646500E+01
 3384   0.12886600E+01
 3385   0.98249000E+00
 3386   0.26104500E+01
 3387   0.16256400E+01
 3388   0.22703200E+01
 3389   0.35370800E+01
 3390   0.43226100E+01
 3391   0.44129100E+01
 3392   0.38311200E+01
 3393   0.29732100E+01
 3394   0.24693000E+01
 3395   0.19418700E+01
 3396   0.12686000E+01
 3397   0.17110200E+01
 3398   0.15252300E+01
 3399   0.14393700E+01
 3400   0.16414400E+01
 3401   0.15113900E+01
 3402   0.20160900E+01
 3403   0.19619100E+01
 3404   0.19307500E+01
 3405   0.30134900E+01
 3406   0.22720600E+01
 3407   0.30625500E+01
 3408   0.52785400E+01
 3409   0.83502700E+01
 3410   0.13333390E+02
 3411   0.13919570E+02
 3412   0.11323510E+02
 3413   0.21057960E+02
 3414   0.46497990E+02
 3415   0.57089770E+02
 3416   0.39795760E+02
 3417   0.24694680E+02
 3418   0.19080800E+02
 3419   0.22548650E+02
 3420   0.29750880E+02
 3421   0.31651870E+02
 3422   0.25876260E+02
 3423   0.22829310E+02
 3424   0.21319580E+02
 3425   0.20444160E+02
 3426   0.18299130E+02
 3427   0.18333230E+02
 3428   0.19015160E+02
 3429   0.25892360E+02
 3430   0.27758140E+02
 3431   0.22322180E+02
 3432   0.17700560E+02
 3433   0.16273880E+02
 3434   0.14296450E+02
 3435   0.12608340E+02
 3436   0.14146910E+02
 3437   0.19846170E+02
 3438   0.44702720E+02
 3439   0.57654810E+02
 3440   0.80027040E+02
 3441   0.16581737E+03
 3442   0.26518687E+03
 3443   0.24699774E+03
 3444   0.21570340E+03
 3445   0.19202997E+03
 3446   0.17357151E+03
 3447   0.16719071E+03
 3448   0.18312236E+03
 3449   0.10270939E+03
 3450   0.52678930E+02
 3451   0.29303670E+02
 3452   0.17497420E+02
 3453   0.10993010E+02
 3454   0.72730600E+01
 3455   0.53225700E+01
 3456   0.40001600E+01
 3457   0.11382400E+02
 3458   0.31184090E+02
 3459   0.37620430E+02
 3460   0.34637850E+02
 3461   0.30290170E+02
 3462   0.22472441E+03
 3463   0.67788679E+03
 3464   0.63340872E+03
 3465   0.35855022E+03
 3466   0.23154908E+03
 3467   0.23267932E+03
 3468   0.36078048E+03
 3469   0.51902035E+03
 3470   0.85780090E+03
 3471   0.62903929E+03
 3472   0.29003919E+03
 3473   0.12400212E+03
 3474   0.63235640E+02
 3475   0.36704400E+02
 3476   0.23103690E+02
 3477   0.15071570E+02
 3478   0.13723660E+02
 3479   0.21890420E+02
 3480   0.14891912E+03
 3481   0.36821421E+03
 3482   0.37685963E+03
 3483   0.19060117E+03
 3484   0.10385695E+03
 3485   0.66859160E+02
 3486   0.47521050E+02
 3487   0.34153240E+02
 3488   0.23617090E+02
 3489   0.22269980E+02
 3490   0.67680612E+03
 3491   0.31661082E+03
 3492   0.25386912E+03
 3493   0.27852672E+03
 3494   0.26191020E+03
 3495   0.15410911E+03
 3496   0.83910600E+02
 3497   0.47349610E+02
 3498   0.27827470E+02
 3499   0.16286060E+02
 3500   0.10360120E+02
 3501   0.70877600E+01
 3502   0.49114100E+01
 3503   0.36405600E+01
 3504   0.29839500E+01
 3505   0.35805300E+01
 3506   0.50479200E+01
 3507   0.67271900E+01
 3508   0.92820000E+01
 3509   0.11283330E+02
 3510   0.22201730E+02
 3511   0.16524341E+03
 3512   0.20704008E+03
 3513   0.18173313E+03
 3514   0.19489544E+03
 3515   0.12342209E+03
 3516   0.67974120E+02
 3517   0.38705870E+02
 3518   0.23439260E+02
 3519   0.20075460E+02
 3520   0.20690230E+02
 3521   0.34116500E+02
 3522   0.20051473E+03
 3523   0.31692717E+03
 3524   0.26095863E+03
 3525   0.13402076E+03
 3526   0.65639130E+02
 3527   0.36361550E+02
 3528   0.22228700E+02
 3529   0.14199100E+02
 3530   0.13467200E+02
 3531   0.15129460E+02
 3532   0.36378110E+02
 3533   0.91746980E+02
 3534   0.15332147E+03
 3535   0.93163800E+02
 3536   0.66166160E+02
 3537   0.69547700E+02
 3538   0.58781470E+02
 3539   0.36637590E+02
 3540   0.21253420E+02
 3541   0.12875260E+02
 3542   0.82168200E+01
 3543   0.51839200E+01
 3544   0.34618300E+01
 3545   0.20986400E+01
 3546   0.14751900E+01
 3547   0.10655200E+01
 3548   0.79608000E+00
 3549   0.56793000E+00
 3550   0.35769000E+00
 3551   0.30494000E+00
 3552   0.26739000E+00
 3553   0.65315000E+00
 3554   0.30308000E+00
 3555   0.36352000E+00
 3556   0.51943000E+00
 3557   0.12600700E+01
 3558   0.23942100E+01
 3559   0.26730000E+01
 3560   0.19161800E+01
 3561   0.15201000E+01
 3562   0.10985100E+01
 3563   0.79879000E+00
 3564   0.57624000E+00
 3565   0.39619000E+00
 3566   0.29504000E+00
 3567   0.20274000E+00
 3568   0.12203000E+00
 3569   0.81690000E-01
 3570   0.58940000E-01
 3571   0.44800000E-01
 3572   0.35370000E-01
 3573   0.62574000E+00
 3574   0.63102300E+01
 3575   0.20304610E+02
 3576   0.52339230E+02
 3577   0.38704470E+02
 3578   0.24668920E+02
 3579   0.15614810E+02
 3580   0.10150740E+02
 3581   0.63426100E+01
 3582   0.45237400E+01
 3583   0.29015800E+01
 3584   0.22331500E+01
 3585   0.20213300E+01
 3586   0.16046100E+01
 3587   0.15131300E+01
 3588   0.14480000E+01
 3589   0.13682100E+01
 3590   0.12629000E+01
 3591   0.81397000E+00
 3592   0.75939000E+00
 3593   0.60248000E+00
 3594   0.47022000E+00
 3595   0.34899000E+00
 3596   0.29845000E+00
 3597   0.25436000E+00
 3598   0.18094000E+00
 3599   0.12067000E+00
 3600   0.86690000E-01
 3601   0.65820000E-01
 3602   0.51970000E-01
 3603   0.42240000E-01
 3604   0.35110000E-01
 3605   0.29700000E-01
 3606   0.25490000E-01
 3607   0.22140000E-01
 3608   0.19430000E-01
 3609   0.17190000E-01
 3610   0.15330000E-01
 3611   0.13760000E-01
 3612   0.12420000E-01
 3613   0.11270000E-01
 3614   0.10270000E-01
 3615   0.94000000E-02
 3616   0.86400000E-02
 3617   0.79600000E-02
 3618   0.73700000E-02
 3619   0.68300000E-02
 3620   0.63600000E-02
 3621   0.59300000E-02
 3622   0.55400000E-02
 3623   0.51900000E-02
 3624   0.48700000E-02
 3625   0.45800000E-02
 3626   0.43100000E-02
 3627   0.40700000E-02
 3628   0.38400000E-02
 3629   0.36400000E-02
 3630   0.34500000E-02
 3631   0.32700000E-02
 3632   0.31100000E-02
 3633   0.29600000E-02
 3634   0.28200000E-02
 3635   0.26900000E-02
 3636   0.25600000E-02
 3637   0.24500000E-02
 3638   0.23400000E-02
 3639   0.22400000E-02
 3640   0.21500000E-02
 3641   0.20600000E-02
 3642   0.19800000E-02
 3643   0.19000000E-02
 3644   0.18300000E-02
 3645   0.36140600E+01
 3646   0.12679110E+02
 3647   0.97078580E+02
 3648   0.10723087E+03
 3649   0.66049220E+02
 3650   0.38949750E+02
 3651   0.24303990E+02
 3652   0.15631800E+02
 3653   0.96575000E+01
 3654   0.66140900E+01
 3655   0.44775200E+01
 3656   0.28978000E+01
 3657   0.20718100E+01
 3658   0.15171800E+01
 3659   0.11429600E+01
 3660   0.88619000E+00
 3661   0.69893000E+00
 3662   0.56976000E+00
 3663   0.33387000E+00
 3664   0.28406000E+00
 3665   0.24311000E+00
 3666   0.19261000E+00
 3667   0.14666000E+00
 3668   0.11584000E+00
 3669   0.92530000E-01
 3670   0.74680000E-01
 3671   0.61060000E-01
 3672   0.50620000E-01
 3673   0.42520000E-01
 3674   0.36150000E-01
 3675   0.31070000E-01
 3676   0.26960000E-01
 3677   0.23600000E-01
 3678   0.20820000E-01
 3679   0.18500000E-01
 3680   0.16530000E-01
 3681   0.14860000E-01
 3682   0.13430000E-01
 3683   0.12190000E-01
 3684   0.79980000E-01
 3685   0.71686000E+00
 3686   0.66659000E+00
 3687   0.10429300E+01
 3688   0.12067700E+01
 3689   0.11727600E+01
 3690   0.20297000E+01
 3691   0.20714000E+01
 3692   0.27373200E+01
 3693   0.30555700E+01
 3694   0.23273800E+01
 3695   0.20871400E+01
 3696   0.16580100E+01
 3697   0.13030400E+01
 3698   0.10174600E+01
 3699   0.80379000E+00
 3700   0.66393000E+00
 3701   0.55320000E+00
 3702   0.42937000E+00
 3703   0.35772000E+00
 3704   0.43230000E+00
 3705   0.42556000E+00
 3706   0.59107000E+00
 3707   0.84530000E+00
 3708   0.14956800E+01
 3709   0.17267200E+01
 3710   0.21199100E+01
 3711   0.24534200E+01
 3712   0.27717200E+01
 3713   0.28434800E+01
 3714   0.24701900E+01
 3715   0.28889800E+01
 3716   0.33571900E+01
 3717   0.40220600E+01
 3718   0.45984900E+01
 3719   0.50518100E+01
 3720   0.51133200E+01
 3721   0.76321200E+01
 3722   0.90181700E+01
 3723   0.11964440E+02
 3724   0.17474990E+02
 3725   0.23065030E+02
 3726   0.30888210E+02
 3727   0.30839030E+02
 3728   0.26890670E+02
 3729   0.22256890E+02
 3730   0.18408500E+02
 3731   0.15085260E+02
 3732   0.18366810E+02
 3733   0.58924640E+02
 3734   0.15005669E+03
 3735   0.11477361E+03
 3736   0.65158440E+02
 3737   0.37464180E+02
 3738   0.23324810E+02
 3739   0.15018200E+02
 3740   0.10395310E+02
 3741   0.77755900E+01
 3742   0.11967200E+02
 3743   0.16552240E+02
 3744   0.23977760E+02
 3745   0.21605570E+02
 3746   0.16758800E+02
 3747   0.11962650E+02
 3748   0.87065700E+01
 3749   0.63388500E+01
 3750   0.46416200E+01
 3751   0.35934800E+01
 3752   0.12464460E+02
 3753   0.42234290E+02
 3754   0.65782410E+02
 3755   0.45156400E+02
 3756   0.27670220E+02
 3757   0.17244140E+02
 3758   0.10956930E+02
 3759   0.73337300E+01
 3760   0.57935600E+01
 3761   0.75149400E+01
 3762   0.90203300E+01
 3763   0.13346610E+02
 3764   0.26209870E+02
 3765   0.40443820E+02
 3766   0.57287780E+02
 3767   0.60225870E+02
 3768   0.94478340E+02
 3769   0.11649355E+03
 3770   0.77722810E+02
 3771   0.45288300E+02
 3772   0.29447530E+02
 3773   0.25624280E+02
 3774   0.31776420E+02
 3775   0.50717080E+02
 3776   0.73346900E+02
 3777   0.84162070E+02
 3778   0.94182990E+02
 3779   0.13615507E+03
 3780   0.15872376E+03
 3781   0.10106694E+03
 3782   0.54814120E+02
 3783   0.31209600E+02
 3784   0.18935490E+02
 3785   0.11876780E+02
 3786   0.99534200E+01
 3787   0.20085990E+02
 3788   0.62755410E+02
 3789   0.71040930E+02
 3790   0.45209540E+02
 3791   0.27247940E+02
 3792   0.16885650E+02
 3793   0.15241170E+02
 3794   0.18141920E+02
 3795   0.24534390E+02
 3796   0.23248160E+02
 3797   0.18401340E+02
 3798   0.13919590E+02
 3799   0.10046930E+02
 3800   0.75654000E+01
 3801   0.58010600E+01
 3802   0.82317000E+01
 3803   0.46722830E+02
 3804   0.32231285E+03
 3805   0.19853819E+03
 3806   0.12155217E+03
 3807   0.80370440E+02
 3808   0.59057640E+02
 3809   0.42014600E+02
 3810   0.27995950E+02
 3811   0.19422820E+02
 3812   0.15521190E+02
 3813   0.13028920E+02
 3814   0.11534080E+02
 3815   0.96149900E+01
 3816   0.77181900E+01
 3817   0.62483900E+01
 3818   0.70614300E+01
 3819   0.10596700E+02
 3820   0.16911020E+02
 3821   0.21992390E+02
 3822   0.23224450E+02
 3823   0.19715430E+02
 3824   0.15488180E+02
 3825   0.13507410E+02
 3826   0.14725778E+03
 3827   0.63112807E+03
 3828   0.45565200E+03
 3829   0.24278382E+03
 3830   0.48003503E+03
 3831   0.34521617E+03
 3832   0.20628045E+03
 3833   0.14376919E+03
 3834   0.79246380E+02
 3835   0.42471990E+02
 3836   0.24433910E+02
 3837   0.14105510E+02
 3838   0.22559280E+02
 3839   0.10026659E+03
 3840   0.14793868E+03
 3841   0.13982922E+03
 3842   0.19779046E+03
 3843   0.24822207E+03
 3844   0.32350431E+03
 3845   0.37980003E+03
 3846   0.17511811E+03
 3847   0.79011480E+02
 3848   0.40887610E+02
 3849   0.23974250E+02
 3850   0.15337080E+02
 3851   0.10196430E+02
 3852   0.73853900E+01
 3853   0.70229600E+01
 3854   0.11550240E+02
 3855   0.17770230E+02
 3856   0.21055520E+02
 3857   0.17370770E+02
 3858   0.12334400E+02
 3859   0.87512900E+01
 3860   0.62389100E+01
 3861   0.49863300E+01
 3862   0.47337700E+01
 3863   0.56293900E+01
 3864   0.84427800E+01
 3865   0.16969800E+02
 3866   0.70463070E+02
 3867   0.19428191E+03
 3868   0.28045835E+03
 3869   0.19096922E+03
 3870   0.98765420E+02
 3871   0.51701080E+02
 3872   0.29288330E+02
 3873   0.18228460E+02
 3874   0.12165160E+02
 3875   0.87622700E+01
 3876   0.67218000E+01
 3877   0.52166500E+01
 3878   0.64713800E+01
 3879   0.80560600E+01
 3880   0.48544460E+02
 3881   0.24001811E+03
 3882   0.25172328E+03
 3883   0.18963856E+03
 3884   0.17847835E+03
 3885   0.23613873E+03
 3886   0.36424694E+03
 3887   0.33613854E+03
 3888   0.22567310E+03
 3889   0.11451870E+03
 3890   0.58029490E+02
 3891   0.32230990E+02
 3892   0.19773810E+02
 3893   0.13457660E+02
 3894   0.18236740E+02
 3895   0.23752300E+02
 3896   0.29048730E+02
 3897   0.27658730E+02
 3898   0.29880330E+02
 3899   0.51057600E+02
 3900   0.88251280E+02
 3901   0.12920765E+03
 3902   0.21946311E+03
 3903   0.30582152E+03
 3904   0.16494841E+03
 3905   0.78791840E+02
 3906   0.41116550E+02
 3907   0.25328580E+02
 3908   0.16383140E+02
 3909   0.10298960E+02
 3910   0.69850900E+01
 3911   0.46860500E+01
 3912   0.30710800E+01
 3913   0.21397100E+01
 3914   0.16105600E+01
 3915   0.14012900E+01
 3916   0.14530400E+01
 3917   0.16228400E+01
 3918   0.15975200E+01
 3919   0.11047600E+01
 3920   0.13289100E+01
 3921   0.12486300E+01
 3922   0.10454800E+01
 3923   0.85450000E+00
 3924   0.67402000E+00
 3925   0.52946000E+00
 3926   0.38245000E+00
 3927   0.30563000E+00
 3928   0.18227600E+01
 3929   0.41089200E+01
 3930   0.37918620E+02
 3931   0.58501940E+02
 3932   0.40022150E+02
 3933   0.29398410E+02
 3934   0.22862340E+02
 3935   0.21061710E+02
 3936   0.18141530E+02
 3937   0.13484050E+02
 3938   0.93199500E+01
 3939   0.63834200E+01
 3940   0.38833000E+01
 3941   0.24568200E+01
 3942   0.16953400E+01
 3943   0.12223600E+01
 3944   0.91448000E+00
 3945   0.69875000E+00
 3946   0.54085000E+00
 3947   0.40008000E+00
 3948   0.30766000E+00
 3949   0.26508000E+00
 3950   0.18571000E+00
 3951   0.12267000E+00
 3952   0.87570000E-01
 3953   0.66170000E-01
 3954   0.52170000E-01
 3955   0.43100000E-01
 3956   0.36940000E-01
 3957   0.31990000E-01
 3958   0.27760000E-01
 3959   0.29010000E-01
 3960   0.22490000E-01
 3961   0.11977200E+01
 3962   0.57110000E+00
 3963   0.89528000E+00
 3964   0.16314000E+01
 3965   0.21961400E+01
 3966   0.23696100E+01
 3967   0.21915700E+01
 3968   0.18451400E+01
 3969   0.14800900E+01
 3970   0.85440000E+00
 3971   0.75079000E+00
 3972   0.58896000E+00
 3973   0.45267000E+00
 3974   0.34258000E+00
 3975   0.30034000E+00
 3976   0.26718000E+00
 3977   0.22199000E+00
 3978   0.15379000E+00
 3979   0.10806000E+00
 3980   0.80420000E-01
 3981   0.62450000E-01
 3982   0.50060000E-01
 3983   0.41100000E-01
 3984   0.34400000E-01
 3985   0.29250000E-01
 3986   0.25200000E-01
 3987   0.21940000E-01
 3988   0.19290000E-01
 3989   0.17090000E-01
 3990   0.15260000E-01
 3991   0.13700000E-01
 3992   0.12370000E-01
 3993   0.11230000E-01
 3994   0.10240000E-01
 3995   0.94530000E-01
 3996   0.46930000E-01
 3997   0.15044000E+00
 3998   0.18073000E+00
 3999   0.18403000E+00
 4000   0.17662000E+00
 4001   0.16425000E+00
 4002   0.15095000E+00
 4003   0.13747000E+00
 4004   0.12237000E+00
 4005   0.10416000E+00
 4006   0.86020000E-01
 4007   0.70640000E-01
 4008   0.58380000E-01
 4009   0.48760000E-01
 4010   0.41180000E-01
 4011   0.35170000E-01
 4012   0.30330000E-01
 4013   0.26400000E-01
 4014   0.29690000E-01
 4015   0.23780000E-01
 4016   0.22890000E-01
 4017   0.23090000E-01
 4018   0.22780000E-01
 4019   0.21760000E-01
 4020   0.20410000E-01
 4021   0.19000000E-01
 4022   0.17650000E-01
 4023   0.16400000E-01
 4024   0.15550000E-01
 4025   0.15520000E-01
 4026   0.15980000E-01
 4027   0.52840000E-01
 4028   0.52630000E-01
 4029   0.10397000E+00
 4030   0.10383000E+00
 4031   0.89980000E-01
 4032   0.75470000E-01
 4033   0.62950000E-01
 4034   0.52740000E-01
 4035   0.44540000E-01
 4036   0.37960000E-01
 4037   0.32650000E-01
 4038   0.28330000E-01
 4039   0.24790000E-01
 4040   0.21840000E-01
 4041   0.19380000E-01
 4042   0.17300000E-01
 4043   0.15520000E-01
 4044   0.14010000E-01
 4045   0.12690000E-01
 4046   0.11550000E-01
 4047   0.21243000E+01
 4048   0.31859200E+01
 4049   0.60187100E+01
 4050   0.10152600E+02
 4051   0.10865390E+02
 4052   0.86297100E+01
 4053   0.66128000E+01
 4054   0.47645900E+01
 4055   0.34097200E+01
 4056   0.22851100E+01
 4057   0.16837800E+01
 4058   0.12818900E+01
 4059   0.10059500E+01
 4060   0.89097000E+00
 4061   0.74140000E+00
 4062   0.66230000E+00
 4063   0.39952000E+00
 4064   0.34586000E+00
 4065   0.30748000E+00
 4066   0.27979000E+00
 4067   0.25231000E+00
 4068   0.32277000E+00
 4069   0.25487000E+00
 4070   0.25755000E+00
 4071   0.24535000E+00
 4072   0.22605000E+00
 4073   0.18881000E+00
 4074   0.15173000E+00
 4075   0.12319000E+00
 4076   0.57826000E+00
 4077   0.32904000E+00
 4078   0.35527000E+00
 4079   0.39523000E+00
 4080   0.38938000E+00
 4081   0.36443000E+00
 4082   0.33688000E+00
 4083   0.27044000E+00
 4084   0.22820000E+00
 4085   0.67005000E+00
 4086   0.13894100E+01
 4087   0.23650100E+01
 4088   0.41193800E+01
 4089   0.53004900E+01
 4090   0.50134200E+01
 4091   0.41064900E+01
 4092   0.30272900E+01
 4093   0.17685700E+01
 4094   0.14306300E+01
 4095   0.11156500E+01
 4096   0.89772000E+00
 4097   0.11451500E+01
 4098   0.98232000E+00
 4099   0.11058600E+01
 4100   0.16304900E+01
 4101   0.20097900E+01
 4102   0.38819900E+01
 4103   0.69699700E+01
 4104   0.81711500E+01
 4105   0.76256100E+01
 4106   0.60251300E+01
 4107   0.45056300E+01
 4108   0.35629200E+01
 4109   0.29734700E+01
 4110   0.25629300E+01
 4111   0.24875700E+01
 4112   0.23765000E+01
 4113   0.21239300E+01
 4114   0.15091300E+01
 4115   0.14164400E+01
 4116   0.11760200E+01
 4117   0.97426000E+00
 4118   0.92651000E+00
 4119   0.80846000E+00
 4120   0.74444000E+00
 4121   0.65372000E+00
 4122   0.52567000E+00
 4123   0.41849000E+00
 4124   0.30347000E+00
 4125   0.85092000E+00
 4126   0.54651000E+00
 4127   0.74793000E+00
 4128   0.88078000E+00
 4129   0.84773000E+00
 4130   0.72831000E+00
 4131   0.60315000E+00
 4132   0.13617500E+01
 4133   0.12529100E+01
 4134   0.15034700E+01
 4135   0.26804500E+01
 4136   0.34916300E+01
 4137   0.34981300E+01
 4138   0.28703600E+01
 4139   0.21889600E+01
 4140   0.16463900E+01
 4141   0.12827700E+01
 4142   0.99058000E+00
 4143   0.75525000E+00
 4144   0.67970000E+00
 4145   0.10360700E+01
 4146   0.35377900E+01
 4147   0.15452610E+02
 4148   0.52736550E+02
 4149   0.58704350E+02
 4150   0.42056340E+02
 4151   0.27684110E+02
 4152   0.18196150E+02
 4153   0.13483640E+02
 4154   0.11049870E+02
 4155   0.94678300E+01
 4156   0.10566800E+02
 4157   0.11483240E+02
 4158   0.13002830E+02
 4159   0.17143120E+02
 4160   0.26175390E+02
 4161   0.63695860E+02
 4162   0.11152237E+03
 4163   0.96383270E+02
 4164   0.67380300E+02
 4165   0.50464910E+02
 4166   0.50044680E+02
 4167   0.58704120E+02
 4168   0.83365280E+02
 4169   0.15129724E+03
 4170   0.22006130E+03
 4171   0.18224891E+03
 4172   0.11941085E+03
 4173   0.77619710E+02
 4174   0.62550290E+02
 4175   0.56441710E+02
 4176   0.60361290E+02
 4177   0.85169400E+02
 4178   0.10606671E+03
 4179   0.68584460E+02
 4180   0.39436990E+02
 4181   0.23767450E+02
 4182   0.14855990E+02
 4183   0.10191140E+02
 4184   0.84815400E+01
 4185   0.23120870E+02
 4186   0.16903491E+03
 4187   0.42824361E+03
 4188   0.40089256E+03
 4189   0.32163844E+03
 4190   0.23497378E+03
 4191   0.19894102E+03
 4192   0.15893346E+03
 4193   0.13070293E+03
 4194   0.91418450E+02
 4195   0.54297660E+02
 4196   0.30752960E+02
 4197   0.23623750E+02
 4198   0.25578040E+02
 4199   0.32967430E+02
 4200   0.33489520E+02
 4201   0.25248810E+02
 4202   0.17577820E+02
 4203   0.12379570E+02
 4204   0.85991200E+01
 4205   0.58989900E+01
 4206   0.36692300E+01
 4207   0.10992980E+02
 4208   0.94815750E+02
 4209   0.47291508E+03
 4210   0.43188938E+03
 4211   0.15546931E+03
 4212   0.70471440E+02
 4213   0.38181820E+02
 4214   0.22861420E+02
 4215   0.14095390E+02
 4216   0.86581400E+01
 4217   0.56396200E+01
 4218   0.44450600E+01
 4219   0.34094300E+01
 4220   0.42449100E+01
 4221   0.14185430E+02
 4222   0.51409470E+02
 4223   0.75886300E+02
 4224   0.68447170E+02
 4225   0.16440565E+03
 4226   0.23661365E+03
 4227   0.11952558E+03
 4228   0.62483370E+02
 4229   0.36985210E+02
 4230   0.38631280E+02
 4231   0.18343808E+03
 4232   0.56574526E+03
 4233   0.43969650E+03
 4234   0.26302429E+03
 4235   0.33006934E+03
 4236   0.49143791E+03
 4237   0.24203226E+03
 4238   0.14587430E+03
 4239   0.73420454E+03
 4240   0.46430916E+03
 4241   0.69296998E+03
 4242   0.39659114E+03
 4243   0.42919866E+03
 4244   0.20637128E+03
 4245   0.10097687E+03
 4246   0.25012975E+03
 4247   0.18369946E+03
 4248   0.89073420E+02
 4249   0.45530390E+02
 4250   0.25782600E+02
 4251   0.15642100E+02
 4252   0.99959400E+01
 4253   0.66485800E+01
 4254   0.43747800E+01
 4255   0.37884200E+01
 4256   0.28057800E+01
 4257   0.20633700E+01
 4258   0.17378200E+01
 4259   0.13257900E+01
 4260   0.10034200E+01
 4261   0.78093000E+00
 4262   0.61721000E+00
 4263   0.49524000E+00
 4264   0.37758000E+00
 4265   0.32588000E+00
 4266   0.38283000E+00
 4267   0.27818000E+00
 4268   0.23947000E+00
 4269   0.20942000E+00
 4270   0.16814000E+00
 4271   0.12648000E+00
 4272   0.97150000E-01
 4273   0.76570000E-01
 4274   0.67010000E-01
 4275   0.58317000E+00
 4276   0.30991000E+00
 4277   0.41091000E+00
 4278   0.42629000E+00
 4279   0.43778000E+00
 4280   0.46045000E+00
 4281   0.47127000E+00
 4282   0.46060000E+00
 4283   0.43155000E+00
 4284   0.37939000E+00
 4285   0.34096000E+00
 4286   0.30409000E+00
 4287   0.26803000E+00
 4288   0.21747000E+00
 4289   0.16624000E+00
 4290   0.12836000E+00
 4291   0.99770000E-01
 4292   0.78670000E-01
 4293   0.63180000E-01
 4294   0.51670000E-01
 4295   0.42960000E-01
 4296   0.36240000E-01
 4297   0.30960000E-01
 4298   0.26740000E-01
 4299   0.23320000E-01
 4300   0.20520000E-01
 4301   0.18180000E-01
 4302   0.16220000E-01
 4303   0.14560000E-01
 4304   0.13140000E-01
 4305   0.12220000E-01
 4306   0.97610000E-01
 4307   0.13176000E+00
 4308   0.20847000E+00
 4309   0.20969000E+00
 4310   0.19296000E+00
 4311   0.18782000E+00
 4312   0.18517000E+00
 4313   0.17693000E+00
 4314   0.16693000E+00
 4315   0.15509000E+00
 4316   0.14075000E+00
 4317   0.12176000E+00
 4318   0.10060000E+00
 4319   0.81850000E-01
 4320   0.66860000E-01
 4321   0.55210000E-01
 4322   0.46160000E-01
 4323   0.39060000E-01
 4324   0.33430000E-01
 4325   0.28900000E-01
 4326   0.25210000E-01
 4327   0.22170000E-01
 4328   0.19640000E-01
 4329   0.17510000E-01
 4330   0.15700000E-01
 4331   0.14160000E-01
 4332   0.12830000E-01
 4333   0.11670000E-01
 4334   0.10660000E-01
 4335   0.99100000E-02
 4336   0.90500000E-02
 4337   0.83400000E-02
 4338   0.77200000E-02
 4339   0.71900000E-02
 4340   0.68300000E-02
 4341   0.68500000E-02
 4342   0.74400000E-02
 4343   0.85400000E-02
 4344   0.97900000E-02
 4345   0.10780000E-01
 4346   0.11350000E-01
 4347   0.11520000E-01
 4348   0.11380000E-01
 4349   0.11050000E-01
 4350   0.10600000E-01
 4351   0.10090000E-01
 4352   0.95500000E-02
 4353   0.90100000E-02
 4354   0.84800000E-02
 4355   0.79800000E-02
 4356   0.75000000E-02
 4357   0.70500000E-02
 4358   0.66400000E-02
 4359   0.62700000E-02
 4360   0.59600000E-02
 4361   0.21308800E+01
 4362   0.18660500E+01
 4363   0.40652700E+01
 4364   0.57533800E+01
 4365   0.53860700E+01
 4366   0.42673700E+01
 4367   0.29438200E+01
 4368   0.38612100E+01
 4369   0.33911200E+01
 4370   0.33232800E+01
 4371   0.39632800E+01
 4372   0.38186700E+01
 4373   0.30884500E+01
 4374   0.24695000E+01
 4375   0.18695300E+01
 4376   0.14229000E+01
 4377   0.11209700E+01
 4378   0.14507100E+01
 4379   0.94622000E+00
 4380   0.57347000E+00
 4381   0.66177000E+00
 4382   0.61745000E+00
 4383   0.60196000E+00
 4384   0.53066000E+00
 4385   0.48442000E+00
 4386   0.41732000E+00
 4387   0.35850000E+00
 4388   0.32518000E+00
 4389   0.29634000E+00
 4390   0.60379000E+00
 4391   0.81007700E+01
 4392   0.43254430E+02
 4393   0.11571920E+03
 4394   0.11101658E+03
 4395   0.75137730E+02
 4396   0.45551890E+02
 4397   0.27745920E+02
 4398   0.17511840E+02
 4399   0.11301170E+02
 4400   0.76357000E+01
 4401   0.45711900E+01
 4402   0.29957800E+01
 4403   0.20645200E+01
 4404   0.15273900E+01
 4405   0.14015100E+01
 4406   0.10988600E+01
 4407   0.34595500E+01
 4408   0.43783600E+01
 4409   0.73763300E+01
 4410   0.97335800E+01
 4411   0.86023500E+01
 4412   0.68409500E+01
 4413   0.49406700E+01
 4414   0.35979900E+01
 4415   0.23712900E+01
 4416   0.17471000E+01
 4417   0.13072400E+01
 4418   0.10179700E+01
 4419   0.80233000E+00
 4420   0.64802000E+00
 4421   0.35831000E+00
 4422   0.30614000E+00
 4423   0.32618000E+00
 4424   0.24643000E+00
 4425   0.20937000E+00
 4426   0.16289000E+00
 4427   0.12566000E+00
 4428   0.99500000E-01
 4429   0.80220000E-01
 4430   0.65670000E-01
 4431   0.54520000E-01
 4432   0.45930000E-01
 4433   0.39280000E-01
 4434   0.34050000E-01
 4435   0.29850000E-01
 4436   0.26390000E-01
 4437   0.23500000E-01
 4438   0.21040000E-01
 4439   0.18930000E-01
 4440   0.17110000E-01
 4441   0.17350000E-01
 4442   0.22090000E-01
 4443   0.72090000E-01
 4444   0.16487000E+00
 4445   0.10697700E+01
 4446   0.73996000E+00
 4447   0.13042200E+01
 4448   0.21106900E+01
 4449   0.24805700E+01
 4450   0.33710700E+01
 4451   0.31003800E+01
 4452   0.25882500E+01
 4453   0.31469200E+01
 4454   0.32891100E+01
 4455   0.42498700E+01
 4456   0.48405200E+01
 4457   0.22979420E+02
 4458   0.11640582E+03
 4459   0.14233591E+03
 4460   0.16886977E+03
 4461   0.21403123E+03
 4462   0.19363955E+03
 4463   0.16575187E+03
 4464   0.10008266E+03
 4465   0.54357790E+02
 4466   0.31175090E+02
 4467   0.19110030E+02
 4468   0.12116830E+02
 4469   0.88095300E+01
 4470   0.73821500E+01
 4471   0.67886700E+01
 4472   0.69248900E+01
 4473   0.83286700E+01
 4474   0.11113700E+02
 4475   0.16044030E+02
 4476   0.22843330E+02
 4477   0.28849230E+02
 4478   0.30345210E+02
 4479   0.27267430E+02
 4480   0.21570550E+02
 4481   0.15745010E+02
 4482   0.11221620E+02
 4483   0.75120100E+01
 4484   0.57338000E+01
 4485   0.42661000E+01
 4486   0.32319900E+01
 4487   0.26248000E+01
 4488   0.22082700E+01
 4489   0.20750700E+01
 4490   0.52646300E+01
 4491   0.72805800E+01
 4492   0.13272880E+02
 4493   0.16970220E+02
 4494   0.22260340E+02
 4495   0.31201510E+02
 4496   0.43732240E+02
 4497   0.73464520E+02
 4498   0.12964164E+03
 4499   0.13471652E+03
 4500   0.10930295E+03
 4501   0.69350060E+02
 4502   0.43918320E+02
 4503   0.35939960E+02
 4504   0.41415660E+02
 4505   0.65985220E+02
 4506   0.12103531E+03
 4507   0.11841973E+03
 4508   0.74446000E+02
 4509   0.42980720E+02
 4510   0.26200170E+02
 4511   0.16763400E+02
 4512   0.11076410E+02
 4513   0.83017600E+01
 4514   0.72288700E+01
 4515   0.97185200E+01
 4516   0.14906400E+02
 4517   0.22362270E+02
 4518   0.31367270E+02
 4519   0.52500080E+02
 4520   0.89143290E+02
 4521   0.11795699E+03
 4522   0.11740753E+03
 4523   0.11657377E+03
 4524   0.82294820E+02
 4525   0.55395360E+02
 4526   0.41032890E+02
 4527   0.32342060E+02
 4528   0.24885760E+02
 4529   0.18651420E+02
 4530   0.13319950E+02
 4531   0.92039600E+01
 4532   0.64242100E+01
 4533   0.43818900E+01
 4534   0.23755700E+01
 4535   0.36592100E+01
 4536   0.74108500E+01
 4537   0.20147720E+02
 4538   0.35347710E+02
 4539   0.33910870E+02
 4540   0.25685350E+02
 4541   0.40063110E+02
 4542   0.15387504E+03
 4543   0.16686177E+03
 4544   0.12410986E+03
 4545   0.12504798E+03
 4546   0.17419572E+03
 4547   0.23716363E+03
 4548   0.21729119E+03
 4549   0.13448393E+03
 4550   0.16411647E+03
 4551   0.21399151E+03
 4552   0.17285040E+03
 4553   0.16539620E+03
 4554   0.23211283E+03
 4555   0.19305994E+03
 4556   0.13143676E+03
 4557   0.12996800E+03
 4558   0.14606573E+03
 4559   0.15340924E+03
 4560   0.15815546E+03
 4561   0.10506410E+03
 4562   0.57348850E+02
 4563   0.32524220E+02
 4564   0.19645120E+02
 4565   0.11675880E+02
 4566   0.77402100E+01
 4567   0.63617100E+01
 4568   0.85657200E+01
 4569   0.36645800E+02
 4570   0.60148704E+03
 4571   0.45792800E+03
 4572   0.18830422E+03
 4573   0.14239803E+03
 4574   0.67092597E+03
 4575   0.32029102E+03
 4576   0.12813954E+03
 4577   0.60805900E+02
 4578   0.33163580E+02
 4579   0.19813520E+02
 4580   0.12480350E+02
 4581   0.82728300E+01
 4582   0.58822300E+01
 4583   0.52735800E+01
 4584   0.93813800E+01
 4585   0.10267723E+03
 4586   0.26731313E+03
 4587   0.35502929E+03
 4588   0.25092659E+03
 4589   0.41939260E+03
 4590   0.28540092E+03
 4591   0.14207936E+03
 4592   0.76263040E+02
 4593   0.47705290E+02
 4594   0.38934090E+02
 4595   0.44693860E+02
 4596   0.44281380E+02
 4597   0.33266590E+02
 4598   0.21761850E+02
 4599   0.13738700E+02
 4600   0.95169700E+01
 4601   0.71226700E+01
 4602   0.57626400E+01
 4603   0.12157940E+02
 4604   0.37446720E+02
 4605   0.85565800E+02
 4606   0.89454770E+02
 4607   0.60224970E+02
 4608   0.36432030E+02
 4609   0.24461290E+02
 4610   0.16944090E+02
 4611   0.11812280E+02
 4612   0.88311200E+01
 4613   0.64407200E+01
 4614   0.46450900E+01
 4615   0.32977700E+01
 4616   0.20861500E+01
 4617   0.18208500E+01
 4618   0.15206300E+01
 4619   0.13134300E+01
 4620   0.12267100E+01
 4621   0.26624800E+01
 4622   0.30371700E+01
 4623   0.41403000E+01
 4624   0.45672200E+01
 4625   0.81546300E+01
 4626   0.11434980E+02
 4627   0.19638760E+02
 4628   0.20114850E+02
 4629   0.15891180E+02
 4630   0.11726360E+02
 4631   0.83359900E+01
 4632   0.57416600E+01
 4633   0.39900000E+01
 4634   0.25997700E+01
 4635   0.19497800E+01
 4636   0.16711800E+01
 4637   0.12088500E+01
 4638   0.12336300E+01
 4639   0.76584200E+01
 4640   0.43159240E+02
 4641   0.27928507E+03
 4642   0.90987852E+03
 4643   0.93576572E+03
 4644   0.30127642E+03
 4645   0.13229458E+03
 4646   0.75967760E+02
 4647   0.46724430E+02
 4648   0.31197820E+02
 4649   0.22671180E+02
 4650   0.17838580E+02
 4651   0.32830920E+02
 4652   0.49122390E+02
 4653   0.41076130E+02
 4654   0.27012330E+02
 4655   0.17031650E+02
 4656   0.10799870E+02
 4657   0.69604100E+01
 4658   0.60385500E+01
 4659   0.54488500E+01
 4660   0.81910400E+01
 4661   0.91432400E+01
 4662   0.10856090E+02
 4663   0.10926790E+02
 4664   0.91203700E+01
 4665   0.93072800E+01
 4666   0.84105700E+01
 4667   0.82192100E+01
 4668   0.91467000E+01
 4669   0.91651200E+01
 4670   0.76020900E+01
 4671   0.56043100E+01
 4672   0.40603200E+01
 4673   0.26268300E+01
 4674   0.18415000E+01
 4675   0.13469100E+01
 4676   0.98481000E+00
 4677   0.73552000E+00
 4678   0.40017000E+00
 4679   0.31923000E+00
 4680   0.27404000E+00
 4681   0.22407000E+00
 4682   0.15500000E+00
 4683   0.21773000E+00
 4684   0.83398000E+00
 4685   0.33628000E+00
 4686   0.39323000E+00
 4687   0.44187000E+00
 4688   0.42712000E+00
 4689   0.42189000E+00
 4690   0.38901000E+00
 4691   0.34645000E+00
 4692   0.30505000E+00
 4693   0.26765000E+00
 4694   0.19763000E+00
 4695   0.12679000E+00
 4696   0.88300000E-01
 4697   0.65640000E-01
 4698   0.51090000E-01
 4699   0.41110000E-01
 4700   0.33930000E-01
 4701   0.28570000E-01
 4702   0.24430000E-01
 4703   0.21170000E-01
 4704   0.18550000E-01
 4705   0.16400000E-01
 4706   0.14610000E-01
 4707   0.13110000E-01
 4708   0.11840000E-01
 4709   0.10740000E-01
 4710   0.97900000E-02
 4711   0.89700000E-02
 4712   0.82500000E-02
 4713   0.76100000E-02
 4714   0.70400000E-02
 4715   0.65300000E-02
 4716   0.60800000E-02
 4717   0.56700000E-02
 4718   0.53100000E-02
 4719   0.49700000E-02
 4720   0.46700000E-02
 4721   0.43900000E-02
 4722   0.41400000E-02
 4723   0.39100000E-02
 4724   0.37000000E-02
 4725   0.52200000E-02
 4726   0.41100000E-02
 4727   0.35900000E-02
 4728   0.33400000E-02
 4729   0.31800000E-02
 4730   0.30800000E-02
 4731   0.30100000E-02
 4732   0.27410000E-01
 4733   0.29520000E-01
 4734   0.11105800E+01
 4735   0.81421000E+00
 4736   0.32653900E+01
 4737   0.76175800E+01
 4738   0.15261670E+02
 4739   0.21304230E+02
 4740   0.20994720E+02
 4741   0.17414300E+02
 4742   0.13650000E+02
 4743   0.10185500E+02
 4744   0.74243200E+01
 4745   0.52413800E+01
 4746   0.40267000E+01
 4747   0.34023600E+01
 4748   0.28569700E+01
 4749   0.20948200E+01
 4750   0.18687900E+01
 4751   0.14917700E+01
 4752   0.11827600E+01
 4753   0.94816000E+00
 4754   0.77926000E+00
 4755   0.65063000E+00
 4756   0.52870000E+00
 4757   0.40665000E+00
 4758   0.33760000E+00
 4759   0.29933000E+00
 4760   0.22762000E+00
 4761   0.15489000E+00
 4762   0.11035000E+00
 4763   0.82790000E-01
 4764   0.64540000E-01
 4765   0.51800000E-01
 4766   0.42540000E-01
 4767   0.35590000E-01
 4768   0.30230000E-01
 4769   0.26010000E-01
 4770   0.22620000E-01
 4771   0.19860000E-01
 4772   0.17580000E-01
 4773   0.15670000E-01
 4774   0.14060000E-01
 4775   0.12680000E-01
 4776   0.11500000E-01
 4777   0.10470000E-01
 4778   0.95800000E-02
 4779   0.87900000E-02
 4780   0.81000000E-02
 4781   0.74800000E-02
 4782   0.69400000E-02
 4783   0.64500000E-02
 4784   0.60100000E-02
 4785   0.14220000E-01
 4786   0.85500000E-02
 4787   0.79600000E-02
 4788   0.10480000E-01
 4789   0.23780000E-01
 4790   0.34902000E+00
 4791   0.42208000E+00
 4792   0.83294000E+00
 4793   0.13848800E+01
 4794   0.16413200E+01
 4795   0.16164900E+01
 4796   0.14090600E+01
 4797   0.11727800E+01
 4798   0.97241000E+00
 4799   0.79429000E+00
 4800   0.63374000E+00
 4801   0.37091000E+00
 4802   0.30637000E+00
 4803   0.27141000E+00
 4804   0.23079000E+00
 4805   0.17311000E+00
 4806   0.12323000E+00
 4807   0.91690000E-01
 4808   0.70900000E-01
 4809   0.56490000E-01
 4810   0.46100000E-01
 4811   0.38350000E-01
 4812   0.32420000E-01
 4813   0.27770000E-01
 4814   0.24060000E-01
 4815   0.21050000E-01
 4816   0.18570000E-01
 4817   0.16510000E-01
 4818   0.14780000E-01
 4819   0.13300000E-01
 4820   0.12030000E-01
 4821   0.10940000E-01
 4822   0.99900000E-02
 4823   0.91600000E-02
 4824   0.84300000E-02
 4825   0.77900000E-02
 4826   0.72400000E-02
 4827   0.67800000E-02
 4828   0.63900000E-02
 4829   0.60800000E-02
 4830   0.58300000E-02
 4831   0.56200000E-02
 4832   0.16720000E-01
 4833   0.76600000E-01
 4834   0.17944000E+00
 4835   0.21978000E+00
 4836   0.18363100E+01
 4837   0.10171900E+01
 4838   0.21120100E+01
 4839   0.36229700E+01
 4840   0.42103200E+01
 4841   0.39203500E+01
 4842   0.25409300E+01
 4843   0.20620300E+01
 4844   0.15635500E+01
 4845   0.67792400E+01
 4846   0.10969160E+02
 4847   0.27658900E+02
 4848   0.26662230E+02
 4849   0.19121730E+02
 4850   0.13426730E+02
 4851   0.11846900E+02
 4852   0.15097900E+02
 4853   0.28209930E+02
 4854   0.45947610E+02
 4855   0.47697180E+02
 4856   0.37990390E+02
 4857   0.31774580E+02
 4858   0.27402030E+02
 4859   0.23500000E+02
 4860   0.21694870E+02
 4861   0.18666760E+02
 4862   0.18270470E+02
 4863   0.17906610E+02
 4864   0.18338020E+02
 4865   0.16797550E+02
 4866   0.15045120E+02
 4867   0.14594450E+02
 4868   0.14269390E+02
 4869   0.14872080E+02
 4870   0.14015300E+02
 4871   0.11668080E+02
 4872   0.96533200E+01
 4873   0.12785480E+02
 4874   0.18852730E+02
 4875   0.22682790E+02
 4876   0.19099180E+02
 4877   0.18371860E+02
 4878   0.16969110E+02
 4879   0.17493800E+02
 4880   0.17023150E+02
 4881   0.15516480E+02
 4882   0.12755030E+02
 4883   0.10468360E+02
 4884   0.14164700E+02
 4885   0.33985750E+02
 4886   0.18809827E+03
 4887   0.24579687E+03
 4888   0.16196015E+03
 4889   0.13611547E+03
 4890   0.10466951E+03
 4891   0.87208330E+02
 4892   0.81926600E+02
 4893   0.71356400E+02
 4894   0.49215860E+02
 4895   0.46409000E+02
 4896   0.85192480E+02
 4897   0.12580082E+03
 4898   0.11686181E+03
 4899   0.10559246E+03
 4900   0.14881893E+03
 4901   0.14686941E+03
 4902   0.11371398E+03
 4903   0.73983740E+02
 4904   0.47689090E+02
 4905   0.41782340E+02
 4906   0.63473340E+02
 4907   0.12552680E+03
 4908   0.13585226E+03
 4909   0.88916770E+02
 4910   0.97202970E+02
 4911   0.12566550E+03
 4912   0.94444430E+02
 4913   0.55149710E+02
 4914   0.33175520E+02
 4915   0.21149670E+02
 4916   0.14593140E+02
 4917   0.72048000E+02
 4918   0.32048980E+03
 4919   0.21873256E+03
 4920   0.20453171E+03
 4921   0.13985179E+03
 4922   0.10595570E+03
 4923   0.15599000E+03
 4924   0.24958982E+03
 4925   0.28976110E+03
 4926   0.19076712E+03
 4927   0.11376988E+03
 4928   0.68830110E+02
 4929   0.85661190E+02
 4930   0.22635764E+03
 4931   0.32102028E+03
 4932   0.33655747E+03
 4933   0.27416421E+03
 4934   0.16436381E+03
 4935   0.86843510E+02
 4936   0.46141530E+02
 4937   0.26836250E+02
 4938   0.16653910E+02
 4939   0.11995610E+02
 4940   0.91825300E+01
 4941   0.15912180E+02
 4942   0.15324604E+03
 4943   0.54059335E+03
 4944   0.53404802E+03
 4945   0.30288756E+03
 4946   0.12426167E+03
 4947   0.57831840E+02
 4948   0.30707020E+02
 4949   0.18073290E+02
 4950   0.12249480E+02
 4951   0.10936010E+02
 4952   0.99641400E+01
 4953   0.94510100E+01
 4954   0.75454000E+01
 4955   0.56072300E+01
 4956   0.42428100E+01
 4957   0.28698700E+01
 4958   0.21142200E+01
 4959   0.16494800E+01
 4960   0.12839200E+01
 4961   0.99248000E+00
 4962   0.78014000E+00
 4963   0.20546400E+01
 4964   0.29711500E+01
 4965   0.54649500E+01
 4966   0.83679500E+01
 4967   0.13305790E+02
 4968   0.16202080E+02
 4969   0.22532670E+02
 4970   0.25325880E+02
 4971   0.34524710E+02
 4972   0.14245164E+03
 4973   0.34313441E+03
 4974   0.28083869E+03
 4975   0.18005858E+03
 4976   0.93491970E+02
 4977   0.51393870E+02
 4978   0.29990790E+02
 4979   0.18751750E+02
 4980   0.12460580E+02
 4981   0.71450420E+02
 4982   0.26183969E+03
 4983   0.13046327E+03
 4984   0.65236220E+02
 4985   0.37656490E+02
 4986   0.25107650E+02
 4987   0.21181880E+02
 4988   0.28003150E+02
 4989   0.98132150E+02
 4990   0.88600120E+02
 4991   0.51436280E+02
 4992   0.29680870E+02
 4993   0.17870670E+02
 4994   0.11084200E+02
 4995   0.67419600E+01
 4996   0.44133600E+01
 4997   0.26799500E+01
 4998   0.18227300E+01
 4999   0.13020100E+01
 5000   0.98043000E+00
 5001   0.74770000E+00
 5002   0.58600000E+00
 5003   0.41944000E+00
 5004   0.32137000E+00
 5005   0.27589000E+00
 5006   0.20670000E+00
 5007   0.14076000E+00
 5008   0.10157000E+00
 5009   0.77010000E-01
 5010   0.11164000E+00
 5011   0.10939000E+00
 5012   0.13940000E+00
 5013   0.12812000E+00
 5014   0.20225000E+00
 5015   0.23646000E+00
 5016   0.23697000E+00
 5017   0.21719000E+00
 5018   0.18906000E+00
 5019   0.14892000E+00
 5020   0.11105000E+00
 5021   0.82000000E-01
 5022   0.61820000E-01
 5023   0.47980000E-01
 5024   0.38290000E-01
 5025   0.31300000E-01
 5026   0.26100000E-01
 5027   0.22140000E-01
 5028   0.19050000E-01
 5029   0.30610000E-01
 5030   0.17875000E+00
 5031   0.27612000E+00
 5032   0.38377000E+00
 5033   0.47451000E+00
 5034   0.54034000E+00
 5035   0.77399200E+01
 5036   0.17721800E+02
 5037   0.45203180E+02
 5038   0.36422600E+02
 5039   0.24009260E+02
 5040   0.15519460E+02
 5041   0.10177580E+02
 5042   0.68890600E+01
 5043   0.45656000E+01
 5044   0.28358200E+01
 5045   0.19331300E+01
 5046   0.14175100E+01
 5047   0.85362000E+00
 5048   0.78253000E+00
 5049   0.64215000E+00
 5050   0.51273000E+00
 5051   0.40159000E+00
 5052   0.32513000E+00
 5053   0.28006000E+00
 5054   0.21164000E+00
 5055   0.13245000E+00
 5056   0.90390000E-01
 5057   0.66250000E-01
 5058   0.51020000E-01
 5059   0.40730000E-01
 5060   0.33410000E-01
 5061   0.27980000E-01
 5062   0.23840000E-01
 5063   0.20590000E-01
 5064   0.17990000E-01
 5065   0.15870000E-01
 5066   0.14120000E-01
 5067   0.12650000E-01
 5068   0.11410000E-01
 5069   0.10350000E-01
 5070   0.94300000E-02
 5071   0.86300000E-02
 5072   0.79300000E-02
 5073   0.73100000E-02
 5074   0.67700000E-02
 5075   0.62800000E-02
 5076   0.58500000E-02
 5077   0.54500000E-02
 5078   0.51000000E-02
 5079   0.47800000E-02
 5080   0.44900000E-02
 5081   0.42300000E-02
 5082   0.39800000E-02
 5083   0.37600000E-02
 5084   0.35600000E-02
 5085   0.33700000E-02
 5086   0.32000000E-02
 5087   0.30400000E-02
 5088   0.28900000E-02
 5089   0.27500000E-02
 5090   0.26200000E-02
 5091   0.25000000E-02
 5092   0.23900000E-02
 5093   0.22900000E-02
 5094   0.21900000E-02
 5095   0.21000000E-02
 5096   0.20100000E-02
 5097   0.19300000E-02
 5098   0.18500000E-02
 5099   0.17800000E-02
 5100   0.17100000E-02
 5101   0.16500000E-02
 5102   0.15900000E-02
 5103   0.15300000E-02
 5104   0.14800000E-02
 5105   0.14300000E-02
 5106   0.13800000E-02
 5107   0.13300000E-02
 5108   0.12900000E-02
 5109   0.97445000E+00
 5110   0.20894900E+01
 5111   0.36384600E+01
 5112   0.72385700E+01
 5113   0.96540900E+01
 5114   0.88183400E+01
 5115   0.68749500E+01
 5116   0.49530900E+01
 5117   0.35902100E+01
 5118   0.19267200E+01
 5119   0.15089400E+01
 5120   0.11650700E+01
 5121   0.92018000E+00
 5122   0.74664000E+00
 5123   0.61822000E+00
 5124   0.50854000E+00
 5125   0.39452000E+00
 5126   0.33288000E+00
 5127   0.28219000E+00
 5128   0.23627000E+00
 5129   0.16273000E+00
 5130   0.11055000E+00
 5131   0.80520000E-01
 5132   0.61660000E-01
 5133   0.66798000E+00
 5134   0.11419000E+01
 5135   0.14196100E+01
 5136   0.33002700E+01
 5137   0.44387900E+01
 5138   0.71082500E+01
 5139   0.81286600E+01
 5140   0.85175600E+01
 5141   0.73605600E+01
 5142   0.57145200E+01
 5143   0.44177300E+01
 5144   0.31809800E+01
 5145   0.39708600E+01
 5146   0.35802600E+01
 5147   0.41775200E+01
 5148   0.48738000E+01
 5149   0.41740600E+01
 5150   0.36421800E+01
 5151   0.30525300E+01
 5152   0.25413300E+01
 5153   0.31129200E+01
 5154   0.33789100E+01
 5155   0.41978100E+01
 5156   0.51385500E+01
 5157   0.57130300E+01
 5158   0.53268600E+01
 5159   0.40668800E+01
 5160   0.35482600E+01
 5161   0.27330800E+01
 5162   0.21261200E+01
 5163   0.16576100E+01
 5164   0.13053300E+01
 5165   0.10376900E+01
 5166   0.81689000E+00
 5167   0.65717000E+00
 5168   0.53582000E+00
 5169   0.43113000E+00
 5170   0.29197000E+00
 5171   0.23334000E+00
 5172   0.18011000E+00
 5173   0.13003000E+00
 5174   0.97170000E-01
 5175   0.11800000E+00
 5176   0.89253000E+00
 5177   0.16961300E+01
 5178   0.22385100E+01
 5179   0.40642800E+01
 5180   0.59264800E+01
 5181   0.79889200E+01
 5182   0.81327600E+01
 5183   0.93667200E+01
 5184   0.14084950E+02
 5185   0.25240900E+02
 5186   0.51876490E+02
 5187   0.56025560E+02
 5188   0.49806150E+02
 5189   0.47881720E+02
 5190   0.44276060E+02
 5191   0.35357020E+02
 5192   0.25592220E+02
 5193   0.18521720E+02
 5194   0.13595550E+02
 5195   0.10970480E+02
 5196   0.91981800E+01
 5197   0.78093400E+01
 5198   0.64887400E+01
 5199   0.52101400E+01
 5200   0.36339200E+01
 5201   0.27922400E+01
 5202   0.23447100E+01
 5203   0.18042600E+01
 5204   0.14793600E+01
 5205   0.12836500E+01
 5206   0.11841900E+01
 5207   0.10439700E+01
 5208   0.10352100E+01
 5209   0.11062400E+01
 5210   0.11967400E+01
 5211   0.94660000E+00
 5212   0.10359900E+01
 5213   0.91795000E+00
 5214   0.81763000E+00
 5215   0.70058000E+00
 5216   0.59450000E+00
 5217   0.49470000E+00
 5218   0.37527000E+00
 5219   0.31260000E+00
 5220   0.27607000E+00
 5221   0.21371000E+00
 5222   0.14736000E+00
 5223   0.10659000E+00
 5224   0.80790000E-01
 5225   0.30366000E+00
 5226   0.37102400E+01
 5227   0.25144740E+02
 5228   0.21690796E+03
 5229   0.21024725E+03
 5230   0.16230509E+03
 5231   0.10395159E+03
 5232   0.59115910E+02
 5233   0.34283870E+02
 5234   0.21576190E+02
 5235   0.18622790E+02
 5236   0.17415270E+02
 5237   0.19458000E+02
 5238   0.19534770E+02
 5239   0.16062940E+02
 5240   0.12081560E+02
 5241   0.83017900E+01
 5242   0.72599700E+01
 5243   0.67277900E+01
 5244   0.68605600E+01
 5245   0.11442370E+02
 5246   0.46582920E+02
 5247   0.83912080E+02
 5248   0.10076943E+03
 5249   0.95195650E+02
 5250   0.66677440E+02
 5251   0.43461930E+02
 5252   0.28400860E+02
 5253   0.21395720E+02
 5254   0.16853720E+02
 5255   0.13093890E+02
 5256   0.11178150E+02
 5257   0.10755620E+02
 5258   0.10593660E+02
 5259   0.10154160E+02
 5260   0.10954230E+02
 5261   0.17063980E+02
 5262   0.22689930E+02
 5263   0.49374180E+02
 5264   0.55472530E+02
 5265   0.97774390E+02
 5266   0.26564122E+03
 5267   0.27632436E+03
 5268   0.20298634E+03
 5269   0.25153143E+03
 5270   0.23937224E+03
 5271   0.22793281E+03
 5272   0.23666723E+03
 5273   0.21665892E+03
 5274   0.25094477E+03
 5275   0.23577149E+03
 5276   0.14496517E+03
 5277   0.78158980E+02
 5278   0.42699310E+02
 5279   0.25338550E+02
 5280   0.17043140E+02
 5281   0.12243340E+02
 5282   0.86426300E+01
 5283   0.73900500E+01
 5284   0.46542200E+02
 5285   0.21913133E+03
 5286   0.17620023E+03
 5287   0.19067042E+03
 5288   0.11832849E+03
 5289   0.61163310E+02
 5290   0.52288750E+02
 5291   0.67092740E+02
 5292   0.97855540E+02
 5293   0.94718710E+02
 5294   0.87813810E+02
 5295   0.88133650E+02
 5296   0.82055890E+02
 5297   0.62344660E+02
 5298   0.53168190E+02
 5299   0.67252780E+02
 5300   0.83743230E+02
 5301   0.78832050E+02
 5302   0.10669407E+03
 5303   0.11073203E+03
 5304   0.77980410E+02
 5305   0.51060840E+02
 5306   0.34584280E+02
 5307   0.24645590E+02
 5308   0.18036550E+02
 5309   0.75443630E+02
 5310   0.20327219E+03
 5311   0.32890988E+03
 5312   0.37011139E+03
 5313   0.19459018E+03
 5314   0.16034078E+03
 5315   0.15622054E+03
 5316   0.22643064E+03
 5317   0.25779214E+03
 5318   0.29034619E+03
 5319   0.32510509E+03
 5320   0.54818730E+03
 5321   0.61553451E+03
 5322   0.82917203E+03
 5323   0.40500456E+03
 5324   0.23880644E+03
 5325   0.40611244E+03
 5326   0.10114835E+04
 5327   0.97250360E+03
 5328   0.65779072E+03
 5329   0.52135085E+03
 5330   0.31681142E+03
 5331   0.14182107E+03
 5332   0.66531910E+02
 5333   0.35766710E+02
 5334   0.20444360E+02
 5335   0.12800600E+02
 5336   0.85843700E+01
 5337   0.72252300E+01
 5338   0.67372800E+01
 5339   0.87932700E+02
 5340   0.46232302E+03
 5341   0.89152991E+03
 5342   0.10656297E+04
 5343   0.54217733E+03
 5344   0.20711675E+03
 5345   0.90750830E+02
 5346   0.45947210E+02
 5347   0.26172080E+02
 5348   0.16026280E+02
 5349   0.10734680E+02
 5350   0.74865100E+01
 5351   0.52902800E+01
 5352   0.39224900E+01
 5353   0.26864500E+01
 5354   0.16343400E+01
 5355   0.13265000E+01
 5356   0.97823000E+00
 5357   0.74438000E+00
 5358   0.17946900E+01
 5359   0.58221700E+01
 5360   0.11972080E+02
 5361   0.25354130E+02
 5362   0.34706630E+02
 5363   0.48828180E+02
 5364   0.99238370E+02
 5365   0.13276019E+03
 5366   0.80409920E+02
 5367   0.43273070E+02
 5368   0.24383400E+02
 5369   0.14448290E+02
 5370   0.90493800E+01
 5371   0.57863800E+01
 5372   0.38582000E+01
 5373   0.23414300E+01
 5374   0.16148000E+01
 5375   0.90734000E+00
 5376   0.75537000E+00
 5377   0.57214000E+00
 5378   0.41342000E+00
 5379   0.29386700E+01
 5380   0.41513200E+01
 5381   0.11698700E+02
 5382   0.48071490E+02
 5383   0.43908280E+02
 5384   0.31749180E+02
 5385   0.21142290E+02
 5386   0.14098450E+02
 5387   0.93358400E+01
 5388   0.62855300E+01
 5389   0.42695300E+01
 5390   0.26687700E+01
 5391   0.18407400E+01
 5392   0.13226600E+01
 5393   0.93756000E+00
 5394   0.69416000E+00
 5395   0.37730000E+00
 5396   0.30418000E+00
 5397   0.25819000E+00
 5398   0.18617000E+00
 5399   0.12404000E+00
 5400   0.88850000E-01
 5401   0.67270000E-01
 5402   0.52980000E-01
 5403   0.42960000E-01
 5404   0.35630000E-01
 5405   0.30090000E-01
 5406   0.25780000E-01
 5407   0.22360000E-01
 5408   0.19590000E-01
 5409   0.17310000E-01
 5410   0.15420000E-01
 5411   0.13820000E-01
 5412   0.12470000E-01
 5413   0.11300000E-01
 5414   0.10290000E-01
 5415   0.94100000E-02
 5416   0.89700000E-02
 5417   0.89300000E-02
 5418   0.14995000E+00
 5419   0.25451000E+00
 5420   0.26310000E+00
 5421   0.26114000E+00
 5422   0.25000000E+00
 5423   0.21119000E+00
 5424   0.13984000E+00
 5425   0.95010000E-01
 5426   0.68860000E-01
 5427   0.52430000E-01
 5428   0.41440000E-01
 5429   0.33710000E-01
 5430   0.28050000E-01
 5431   0.23760000E-01
 5432   0.20440000E-01
 5433   0.17800000E-01
 5434   0.15660000E-01
 5435   0.13900000E-01
 5436   0.12440000E-01
 5437   0.11200000E-01
 5438   0.10150000E-01
 5439   0.92400000E-02
 5440   0.84500000E-02
 5441   0.77600000E-02
 5442   0.71600000E-02
 5443   0.66300000E-02
 5444   0.61500000E-02
 5445   0.57200000E-02
 5446   0.53400000E-02
 5447   0.50000000E-02
 5448   0.46900000E-02
 5449   0.44000000E-02
 5450   0.41400000E-02
 5451   0.39100000E-02
 5452   0.36900000E-02
 5453   0.34900000E-02
 5454   0.33100000E-02
 5455   0.31400000E-02
 5456   0.29900000E-02
 5457   0.28400000E-02
 5458   0.27100000E-02
 5459   0.25800000E-02
 5460   0.24600000E-02
 5461   0.23500000E-02
 5462   0.22500000E-02
 5463   0.21600000E-02
 5464   0.20700000E-02
 5465   0.19800000E-02
 5466   0.19100000E-02
 5467   0.18400000E-02
 5468   0.17800000E-02
 5469   0.17400000E-02
 5470   0.17300000E-02
 5471   0.17400000E-02
 5472   0.17900000E-02
 5473   0.18700000E-02
 5474   0.19800000E-02
 5475   0.21100000E-02
 5476   0.22400000E-02
 5477   0.23700000E-02
 5478   0.24900000E-02
 5479   0.69640000E-01
 5480   0.10184000E+00
 5481   0.18792000E+00
 5482   0.18640000E+00
 5483   0.16244000E+00
 5484   0.14039000E+00
 5485   0.11926000E+00
 5486   0.98280000E-01
 5487   0.80180000E-01
 5488   0.65740000E-01
 5489   0.54470000E-01
 5490   0.45670000E-01
 5491   0.38740000E-01
 5492   0.33280000E-01
 5493   0.42680000E-01
 5494   0.36820000E-01
 5495   0.45300000E-01
 5496   0.55120000E-01
 5497   0.65590000E-01
 5498   0.68660000E-01
 5499   0.64550000E-01
 5500   0.57590000E-01
 5501   0.50300000E-01
 5502   0.43660000E-01
 5503   0.37910000E-01
 5504   0.33040000E-01
 5505   0.28940000E-01
 5506   0.25490000E-01
 5507   0.22580000E-01
 5508   0.20110000E-01
 5509   0.18000000E-01
 5510   0.16200000E-01
 5511   0.14640000E-01
 5512   0.13290000E-01
 5513   0.12110000E-01
 5514   0.11070000E-01
 5515   0.10160000E-01
 5516   0.93500000E-02
 5517   0.86400000E-02
 5518   0.80000000E-02
 5519   0.74200000E-02
 5520   0.69100000E-02
 5521   0.64400000E-02
 5522   0.60200000E-02
 5523   0.56400000E-02
 5524   0.52900000E-02
 5525   0.49700000E-02
 5526   0.46800000E-02
 5527   0.44100000E-02
 5528   0.41700000E-02
 5529   0.39400000E-02
 5530   0.37300000E-02
 5531   0.35400000E-02
 5532   0.42500000E-02
 5533   0.47864800E+01
 5534   0.88411100E+01
 5535   0.17421280E+02
 5536   0.16812480E+02
 5537   0.12809390E+02
 5538   0.90728800E+01
 5539   0.57388700E+01
 5540   0.41305100E+01
 5541   0.26790800E+01
 5542   0.19178900E+01
 5543   0.14337600E+01
 5544   0.27903000E+01
 5545   0.23059900E+01
 5546   0.35322300E+01
 5547   0.62815100E+01
 5548   0.86028500E+01
 5549   0.81104700E+01
 5550   0.73263300E+01
 5551   0.62564000E+01
 5552   0.50263600E+01
 5553   0.39453900E+01
 5554   0.27541400E+01
 5555   0.20368100E+01
 5556   0.15174000E+01
 5557   0.11571400E+01
 5558   0.91885000E+00
 5559   0.47005000E+00
 5560   0.41850000E+00
 5561   0.34186000E+00
 5562   0.29138000E+00
 5563   0.25737000E+00
 5564   0.48627000E+00
 5565   0.30377000E+00
 5566   0.61944000E+00
 5567   0.43473000E+00
 5568   0.44482000E+00
 5569   0.39103000E+00
 5570   0.36709000E+00
 5571   0.35565000E+00
 5572   0.34068000E+00
 5573   0.33574000E+00
 5574   0.30304000E+00
 5575   0.27862000E+00
 5576   0.25440000E+00
 5577   0.22996000E+00
 5578   0.20213000E+00
 5579   0.17329000E+00
 5580   0.14377000E+00
 5581   0.11973000E+00
 5582   0.99680000E-01
 5583   0.10269600E+01
 5584   0.14251700E+01
 5585   0.45934000E+01
 5586   0.10966680E+02
 5587   0.26532790E+02
 5588   0.62335900E+02
 5589   0.91611690E+02
 5590   0.66229480E+02
 5591   0.47547640E+02
 5592   0.67127230E+02
 5593   0.93710130E+02
 5594   0.67197840E+02
 5595   0.42013570E+02
 5596   0.27867960E+02
 5597   0.19505200E+02
 5598   0.14535080E+02
 5599   0.10851990E+02
 5600   0.77403700E+01
 5601   0.57244400E+01
 5602   0.42371500E+01
 5603   0.39477700E+01
 5604   0.75008600E+01
 5605   0.11714260E+02
 5606   0.15854000E+02
 5607   0.17842080E+02
 5608   0.37564990E+02
 5609   0.78152870E+02
 5610   0.69205220E+02
 5611   0.50549740E+02
 5612   0.34793210E+02
 5613   0.23404520E+02
 5614   0.15926870E+02
 5615   0.11032190E+02
 5616   0.79797000E+01
 5617   0.57355000E+01
 5618   0.41510000E+01
 5619   0.27285400E+01
 5620   0.19349100E+01
 5621   0.11598200E+01
 5622   0.95103000E+00
 5623   0.71937000E+00
 5624   0.56602000E+00
 5625   0.44548000E+00
 5626   0.16510100E+01
 5627   0.67927800E+01
 5628   0.16164960E+02
 5629   0.29637110E+02
 5630   0.25706960E+02
 5631   0.21314760E+02
 5632   0.17979850E+02
 5633   0.53954260E+02
 5634   0.43978624E+03
 5635   0.32194876E+03
 5636   0.14127463E+03
 5637   0.65925950E+02
 5638   0.34797030E+02
 5639   0.41346680E+02
 5640   0.38933589E+03
 5641   0.29509238E+03
 5642   0.12402599E+03
 5643   0.66412500E+02
 5644   0.51397162E+03
 5645   0.45666198E+03
 5646   0.24181287E+03
 5647   0.16278166E+03
 5648   0.13301973E+03
 5649   0.96648880E+02
 5650   0.95253700E+02
 5651   0.12992252E+03
 5652   0.15020404E+03
 5653   0.10777413E+03
 5654   0.70927350E+02
 5655   0.81505630E+02
 5656   0.12539443E+03
 5657   0.10477299E+03
 5658   0.71222950E+02
 5659   0.49670310E+02
 5660   0.33737110E+02
 5661   0.22272490E+02
 5662   0.13603160E+02
 5663   0.89021700E+01
 5664   0.86490100E+01
 5665   0.12360290E+02
 5666   0.19059290E+02
 5667   0.21219660E+02
 5668   0.17505540E+02
 5669   0.19365490E+02
 5670   0.35531430E+02
 5671   0.12420590E+03
 5672   0.11050878E+03
 5673   0.10364041E+03
 5674   0.92492250E+02
 5675   0.74534640E+02
 5676   0.68430950E+02
 5677   0.74202650E+02
 5678   0.91034270E+02
 5679   0.12578219E+03
 5680   0.20278304E+03
 5681   0.28219281E+03
 5682   0.33323806E+03
 5683   0.26709025E+03
 5684   0.24045846E+03
 5685   0.30652153E+03
 5686   0.25941594E+03
 5687   0.17280492E+03
 5688   0.16300883E+03
 5689   0.31796708E+03
 5690   0.75802734E+03
 5691   0.35863360E+03
 5692   0.17078225E+03
 5693   0.31657537E+03
 5694   0.93605440E+03
 5695   0.68477731E+03
 5696   0.27150615E+03
 5697   0.12239080E+03
 5698   0.60842650E+02
 5699   0.38454980E+02
 5700   0.68573340E+02
 5701   0.21229449E+03
 5702   0.20356202E+03
 5703   0.19542548E+03
 5704   0.22967538E+03
 5705   0.19411965E+03
 5706   0.97699670E+02
 5707   0.54062330E+02
 5708   0.33366920E+02
 5709   0.26733900E+02
 5710   0.25765940E+02
 5711   0.27086430E+02
 5712   0.25643630E+02
 5713   0.19954690E+02
 5714   0.14535920E+02
 5715   0.13980710E+02
 5716   0.14315760E+02
 5717   0.35064340E+02
 5718   0.77734560E+02
 5719   0.69212240E+02
 5720   0.43187680E+02
 5721   0.26013550E+02
 5722   0.23247790E+02
 5723   0.46391300E+02
 5724   0.10426330E+03
 5725   0.61260660E+02
 5726   0.33927440E+02
 5727   0.20175250E+02
 5728   0.12489320E+02
 5729   0.81883900E+01
 5730   0.53439600E+01
 5731   0.36058400E+01
 5732   0.21489500E+01
 5733   0.12311500E+01
 5734   0.99050000E+00
 5735   0.74807000E+00
 5736   0.57657000E+00
 5737   0.42318000E+00
 5738   0.32474000E+00
 5739   0.27722000E+00
 5740   0.22411000E+00
 5741   0.14698000E+00
 5742   0.10132000E+00
 5743   0.74700000E-01
 5744   0.57740000E-01
 5745   0.46190000E-01
 5746   0.37910000E-01
 5747   0.31750000E-01
 5748   0.27030000E-01
 5749   0.23320000E-01
 5750   0.20340000E-01
 5751   0.17910000E-01
 5752   0.15910000E-01
 5753   0.14230000E-01
 5754   0.12800000E-01
 5755   0.11590000E-01
 5756   0.10540000E-01
 5757   0.96300000E-02
 5758   0.88300000E-02
 5759   0.81300000E-02
 5760   0.75200000E-02
 5761   0.69700000E-02
 5762   0.64700000E-02
 5763   0.60300000E-02
 5764   0.56400000E-02
 5765   0.52800000E-02
 5766   0.49500000E-02
 5767   0.46500000E-02
 5768   0.43800000E-02
 5769   0.41300000E-02
 5770   0.39100000E-02
 5771   0.37000000E-02
 5772   0.35000000E-02
 5773   0.33200000E-02
 5774   0.31600000E-02
 5775   0.30000000E-02
 5776   0.28600000E-02
 5777   0.27300000E-02
 5778   0.26000000E-02
 5779   0.24900000E-02
 5780   0.23800000E-02
 5781   0.22800000E-02
 5782   0.21800000E-02
 5783   0.20900000E-02
 5784   0.20100000E-02
 5785   0.19300000E-02
 5786   0.18500000E-02
 5787   0.17800000E-02
 5788   0.17200000E-02
 5789   0.16500000E-02
 5790   0.15900000E-02
 5791   0.15400000E-02
 5792   0.15000000E-02
 5793   0.14600000E-02
 5794   0.14000000E-02
 5795   0.13500000E-02
 5796   0.13000000E-02
 5797   0.12600000E-02
 5798   0.12200000E-02
 5799   0.11800000E-02
 5800   0.11500000E-02
 5801   0.11100000E-02
 5802   0.10800000E-02
 5803   0.10500000E-02
 5804   0.10200000E-02
 5805   0.99000000E-03
 5806   0.96000000E-03
 5807   0.93000000E-03
 5808   0.91000000E-03
 5809   0.89000000E-03
 5810   0.86000000E-03
 5811   0.84000000E-03
 5812   0.82000000E-03
 5813   0.54547000E+00
 5814   0.67032000E+00
 5815   0.46396000E+00
 5816   0.67128000E+00
 5817   0.78142000E+00
 5818   0.82983000E+00
 5819   0.79255000E+00
 5820   0.71874000E+00
 5821   0.90418000E+00
 5822   0.10135800E+01
 5823   0.10197700E+01
 5824   0.11690700E+01
 5825   0.11242400E+01
 5826   0.68547000E+00
 5827   0.68731000E+00
 5828   0.54861000E+00
 5829   0.44786000E+00
 5830   0.34343000E+00
 5831   0.30267000E+00
 5832   0.27524000E+00
 5833   0.23983000E+00
 5834   0.17206000E+00
 5835   0.11771000E+00
 5836   0.86960000E-01
 5837   0.68220000E-01
 5838   0.55650000E-01
 5839   0.46520000E-01
 5840   0.39540000E-01
 5841   0.34020000E-01
 5842   0.29560000E-01
 5843   0.25910000E-01
 5844   0.34604000E+00
 5845   0.24936000E+00
 5846   0.26282000E+00
 5847   0.26052000E+00
 5848   0.25475000E+00
 5849   0.23432000E+00
 5850   0.20572000E+00
 5851   0.16509000E+00
 5852   0.12794000E+00
 5853   0.99790000E-01
 5854   0.79040000E-01
 5855   0.63750000E-01
 5856   0.52330000E-01
 5857   0.43650000E-01
 5858   0.23608400E+01
 5859   0.14802000E+01
 5860   0.28457900E+01
 5861   0.51372500E+01
 5862   0.71060400E+01
 5863   0.74997000E+01
 5864   0.65077300E+01
 5865   0.50021400E+01
 5866   0.38000200E+01
 5867   0.21185700E+01
 5868   0.16683200E+01
 5869   0.12781400E+01
 5870   0.10057000E+01
 5871   0.79491000E+00
 5872   0.63466000E+00
 5873   0.52178000E+00
 5874   0.40415000E+00
 5875   0.33325000E+00
 5876   0.28062000E+00
 5877   0.21436000E+00
 5878   0.14290000E+00
 5879   0.79741000E+00
 5880   0.10690700E+01
 5881   0.13664200E+01
 5882   0.27594600E+01
 5883   0.36466500E+01
 5884   0.37382700E+01
 5885   0.30897100E+01
 5886   0.25642700E+01
 5887   0.22740300E+01
 5888   0.52784700E+01
 5889   0.90219100E+01
 5890   0.18452530E+02
 5891   0.29708610E+02
 5892   0.38252370E+02
 5893   0.43570060E+02
 5894   0.36890480E+02
 5895   0.26240220E+02
 5896   0.17807200E+02
 5897   0.11218070E+02
 5898   0.77487200E+01
 5899   0.52741300E+01
 5900   0.37225900E+01
 5901   0.24284700E+01
 5902   0.62558600E+01
 5903   0.78167500E+01
 5904   0.17215660E+02
 5905   0.21916310E+02
 5906   0.18656010E+02
 5907   0.13752010E+02
 5908   0.91202800E+01
 5909   0.64767200E+01
 5910   0.17069690E+02
 5911   0.46074600E+02
 5912   0.78962220E+02
 5913   0.60852630E+02
 5914   0.40446980E+02
 5915   0.26688790E+02
 5916   0.19751430E+02
 5917   0.15105200E+02
 5918   0.12734330E+02
 5919   0.24914120E+02
 5920   0.51272720E+02
 5921   0.59358040E+02
 5922   0.43509610E+02
 5923   0.29622070E+02
 5924   0.20615210E+02
 5925   0.17144020E+02
 5926   0.17635820E+02
 5927   0.45017010E+02
 5928   0.12812258E+03
 5929   0.13042584E+03
 5930   0.91846380E+02
 5931   0.65766500E+02
 5932   0.47943020E+02
 5933   0.38045370E+02
 5934   0.35877620E+02
 5935   0.36055920E+02
 5936   0.32000120E+02
 5937   0.24505780E+02
 5938   0.22282430E+02
 5939   0.30364380E+02
 5940   0.52417350E+02
 5941   0.57603510E+02
 5942   0.51101840E+02
 5943   0.39295380E+02
 5944   0.27975170E+02
 5945   0.19263750E+02
 5946   0.16442620E+02
 5947   0.14198200E+02
 5948   0.14158090E+02
 5949   0.13400760E+02
 5950   0.11826050E+02
 5951   0.92427500E+01
 5952   0.68872100E+01
 5953   0.50068400E+01
 5954   0.38365600E+01
 5955   0.42339800E+01
 5956   0.42177700E+01
 5957   0.96206200E+01
 5958   0.14084510E+02
 5959   0.24655310E+02
 5960   0.24883780E+02
 5961   0.18403970E+02
 5962   0.12462310E+02
 5963   0.84462400E+01
 5964   0.56394300E+01
 5965   0.38549800E+01
 5966   0.24233800E+01
 5967   0.37831400E+01
 5968   0.38044300E+01
 5969   0.46186800E+01
 5970   0.79102600E+01
 5971   0.27269150E+02
 5972   0.18754137E+03
 5973   0.35092643E+03
 5974   0.45817670E+03
 5975   0.33076496E+03
 5976   0.15568694E+03
 5977   0.75796560E+02
 5978   0.40871090E+02
 5979   0.34190860E+02
 5980   0.11383205E+03
 5981   0.24038918E+03
 5982   0.18654532E+03
 5983   0.14214830E+03
 5984   0.17188115E+03
 5985   0.14539186E+03
 5986   0.83723430E+02
 5987   0.46864190E+02
 5988   0.27718640E+02
 5989   0.17214870E+02
 5990   0.11736080E+02
 5991   0.19912290E+02
 5992   0.47044370E+02
 5993   0.69981410E+02
 5994   0.61822830E+02
 5995   0.49149810E+02
 5996   0.36471000E+02
 5997   0.25849640E+02
 5998   0.18170970E+02
 5999   0.12959280E+02
 6000   0.89708800E+01
 6001   0.91816800E+01
 6002   0.13439360E+02
 6003   0.98038220E+02
 6004   0.26563907E+03
 6005   0.22214210E+03
 6006   0.16070705E+03
 6007   0.11476455E+03
 6008   0.95089000E+02
 6009   0.15277171E+03
 6010   0.36439486E+03
 6011   0.52892728E+03
 6012   0.21618315E+03
 6013   0.92034760E+02
 6014   0.78367890E+02
 6015   0.48885731E+03
 6016   0.30326362E+03
 6017   0.16287282E+03
 6018   0.14075578E+03
 6019   0.20124079E+03
 6020   0.29534025E+03
 6021   0.29092134E+03
 6022   0.28499134E+03
 6023   0.35692849E+03
 6024   0.28501216E+03
 6025   0.15788177E+03
 6026   0.88314690E+02
 6027   0.52934180E+02
 6028   0.32964670E+02
 6029   0.22105540E+02
 6030   0.15926970E+02
 6031   0.11270100E+02
 6032   0.86632500E+01
 6033   0.72533500E+01
 6034   0.68763400E+01
 6035   0.10631000E+02
 6036   0.19200150E+02
 6037   0.45175070E+02
 6038   0.95546790E+02
 6039   0.99050560E+02
 6040   0.71787650E+02
 6041   0.70214150E+02
 6042   0.16635701E+03
 6043   0.35160049E+03
 6044   0.42660028E+03
 6045   0.48027837E+03
 6046   0.36462773E+03
 6047   0.22115031E+03
 6048   0.11973796E+03
 6049   0.85558520E+02
 6050   0.89203190E+02
 6051   0.10098895E+03
 6052   0.17163613E+03
 6053   0.24530902E+03
 6054   0.24829802E+03
 6055   0.38507808E+03
 6056   0.25052091E+03
 6057   0.12230302E+03
 6058   0.61407230E+02
 6059   0.33877580E+02
 6060   0.20137120E+02
 6061   0.12078300E+02
 6062   0.79673200E+01
 6063   0.53496600E+01
 6064   0.36633400E+01
 6065   0.22979500E+01
 6066   0.16292700E+01
 6067   0.11966400E+01
 6068   0.89890000E+00
 6069   0.15583800E+01
 6070   0.11511100E+01
 6071   0.32531400E+01
 6072   0.46029000E+01
 6073   0.17997440E+02
 6074   0.28800870E+02
 6075   0.23804280E+02
 6076   0.16658750E+02
 6077   0.11059080E+02
 6078   0.87610800E+01
 6079   0.85244800E+01
 6080   0.91307800E+01
 6081   0.10919100E+02
 6082   0.95234700E+01
 6083   0.77754300E+01
 6084   0.67264700E+01
 6085   0.80401000E+01
 6086   0.92711600E+01
 6087   0.10827470E+02
 6088   0.10014430E+02
 6089   0.78646200E+01
 6090   0.57756300E+01
 6091   0.42509100E+01
 6092   0.24761100E+01
 6093   0.21350700E+01
 6094   0.16905000E+01
 6095   0.13051800E+01
 6096   0.10846700E+01
 6097   0.10101200E+01
 6098   0.10567400E+01
 6099   0.11311600E+01
 6100   0.11282700E+01
 6101   0.10137600E+01
 6102   0.76506000E+00
 6103   0.46011100E+01
 6104   0.98462400E+01
 6105   0.19251630E+02
 6106   0.22967080E+02
 6107   0.18743990E+02
 6108   0.13344170E+02
 6109   0.92139300E+01
 6110   0.63895200E+01
 6111   0.43225300E+01
 6112   0.26731200E+01
 6113   0.15603400E+01
 6114   0.12226300E+01
 6115   0.90542000E+00
 6116   0.69523000E+00
 6117   0.54257000E+00
 6118   0.40165000E+00
 6119   0.31797000E+00
 6120   0.27017000E+00
 6121   0.20583000E+00
 6122   0.13476000E+00
 6123   0.94630000E-01
 6124   0.45502000E+00
 6125   0.30957000E+00
 6126   0.35767000E+00
 6127   0.38106000E+00
 6128   0.36909000E+00
 6129   0.36686000E+00
 6130   0.37413000E+00
 6131   0.36435000E+00
 6132   0.33724000E+00
 6133   0.26982000E+00
 6134   0.20505000E+00
 6135   0.13390000E+00
 6136   0.92560000E-01
 6137   0.68190000E-01
 6138   0.52640000E-01
 6139   0.42070000E-01
 6140   0.34530000E-01
 6141   0.28930000E-01
 6142   0.24650000E-01
 6143   0.21290000E-01
 6144   0.18600000E-01
 6145   0.16400000E-01
 6146   0.14590000E-01
 6147   0.13070000E-01
 6148   0.11780000E-01
 6149   0.10680000E-01
 6150   0.97300000E-02
 6151   0.89000000E-02
 6152   0.81800000E-02
 6153   0.75400000E-02
 6154   0.69700000E-02
 6155   0.64700000E-02
 6156   0.60200000E-02
 6157   0.56100000E-02
 6158   0.52500000E-02
 6159   0.49200000E-02
 6160   0.46200000E-02
 6161   0.43400000E-02
 6162   0.40900000E-02
 6163   0.38600000E-02
 6164   0.36500000E-02
 6165   0.34600000E-02
 6166   0.32800000E-02
 6167   0.31100000E-02
 6168   0.29600000E-02
 6169   0.28200000E-02
 6170   0.26800000E-02
 6171   0.25600000E-02
 6172   0.24500000E-02
 6173   0.23400000E-02
 6174   0.22400000E-02
 6175   0.21400000E-02
 6176   0.20500000E-02
 6177   0.19700000E-02
 6178   0.18900000E-02
 6179   0.18200000E-02
 6180   0.17500000E-02
 6181   0.16800000E-02
 6182   0.16200000E-02
 6183   0.15600000E-02
 6184   0.15100000E-02
 6185   0.14500000E-02
 6186   0.14000000E-02
 6187   0.24000000E-02
 6188   0.31200000E-02
 6189   0.22000000E-02
 6190   0.18400000E-02
 6191   0.19700000E-02
 6192   0.53100000E-02
 6193   0.17250000E-01
 6194   0.27090000E-01
 6195   0.30260000E-01
 6196   0.35780000E-01
 6197   0.32350000E-01
 6198   0.32870000E-01
 6199   0.32940000E-01
 6200   0.31480000E-01
 6201   0.29160000E-01
 6202   0.13153100E+01
 6203   0.73178000E+00
 6204   0.12338600E+01
 6205   0.14615200E+01
 6206   0.16911900E+01
 6207   0.15042600E+01
 6208   0.12613500E+01
 6209   0.10316300E+01
 6210   0.84112000E+00
 6211   0.68804000E+00
 6212   0.56190000E+00
 6213   0.43381000E+00
 6214   0.34552000E+00
 6215   0.26083000E+00
 6216   0.18853000E+00
 6217   0.13524000E+00
 6218   0.19020400E+01
 6219   0.94805100E+01
 6220   0.32602250E+02
 6221   0.48053890E+02
 6222   0.34231770E+02
 6223   0.22043840E+02
 6224   0.14030310E+02
 6225   0.86443900E+01
 6226   0.61435200E+01
 6227   0.41798400E+01
 6228   0.28526800E+01
 6229   0.21272600E+01
 6230   0.15974500E+01
 6231   0.12785100E+01
 6232   0.10391300E+01
 6233   0.85197000E+00
 6234   0.69461000E+00
 6235   0.55155000E+00
 6236   0.34559000E+00
 6237   0.29217000E+00
 6238   0.26028000E+00
 6239   0.22646000E+00
 6240   0.27756000E+00
 6241   0.19689000E+00
 6242   0.19396000E+00
 6243   0.22243300E+01
 6244   0.10462400E+01
 6245   0.17397500E+01
 6246   0.24883500E+01
 6247   0.29939900E+01
 6248   0.26522100E+01
 6249   0.63328400E+01
 6250   0.81808700E+01
 6251   0.13122400E+02
 6252   0.14069880E+02
 6253   0.11564040E+02
 6254   0.84775900E+01
 6255   0.59748300E+01
 6256   0.37032500E+01
 6257   0.24676200E+01
 6258   0.17549500E+01
 6259   0.13243600E+01
 6260   0.10276700E+01
 6261   0.80400000E+00
 6262   0.62479000E+00
 6263   0.49513000E+00
 6264   0.37743000E+00
 6265   0.31889000E+00
 6266   0.21858000E+01
 6267   0.23086400E+01
 6268   0.44935900E+01
 6269   0.85129900E+01
 6270   0.10089360E+02
 6271   0.86842600E+01
 6272   0.65802100E+01
 6273   0.46990800E+01
 6274   0.33409500E+01
 6275   0.22762500E+01
 6276   0.16658400E+01
 6277   0.94015000E+00
 6278   0.33094900E+01
 6279   0.35615300E+01
 6280   0.70820300E+01
 6281   0.14104830E+02
 6282   0.18675660E+02
 6283   0.18477550E+02
 6284   0.15335550E+02
 6285   0.11641900E+02
 6286   0.84040000E+01
 6287   0.54789400E+01
 6288   0.41405900E+01
 6289   0.31011900E+01
 6290   0.38416300E+01
 6291   0.35048500E+01
 6292   0.40340200E+01
 6293   0.46768600E+01
 6294   0.46162000E+01
 6295   0.39904200E+01
 6296   0.43843500E+01
 6297   0.43784500E+01
 6298   0.55154600E+01
 6299   0.97992000E+01
 6300   0.14071850E+02
 6301   0.13064830E+02
 6302   0.10051680E+02
 6303   0.73541300E+01
 6304   0.55283400E+01
 6305   0.40058000E+01
 6306   0.28182800E+01
 6307   0.18483800E+01
 6308   0.17000400E+01
 6309   0.11675420E+02
 6310   0.31301250E+02
 6311   0.54464700E+02
 6312   0.41022730E+02
 6313   0.29664170E+02
 6314   0.22071010E+02
 6315   0.16886680E+02
 6316   0.12867210E+02
 6317   0.93789500E+01
 6318   0.61473900E+01
 6319   0.44549400E+01
 6320   0.30122500E+01
 6321   0.35061200E+01
 6322   0.24434600E+01
 6323   0.25079800E+01
 6324   0.80722000E+01
 6325   0.13517730E+02
 6326   0.25508320E+02
 6327   0.26325670E+02
 6328   0.19073600E+02
 6329   0.16064140E+02
 6330   0.14398830E+02
 6331   0.14783930E+02
 6332   0.15874810E+02
 6333   0.15241560E+02
 6334   0.17814360E+02
 6335   0.20088050E+02
 6336   0.22651370E+02
 6337   0.19959440E+02
 6338   0.14593100E+02
 6339   0.10232060E+02
 6340   0.72343900E+01
 6341   0.49481500E+01
 6342   0.34164800E+01
 6343   0.22131000E+01
 6344   0.15863700E+01
 6345   0.11742400E+01
 6346   0.90101000E+00
 6347   0.72929000E+00
 6348   0.50681400E+01
 6349   0.13278417E+03
 6350   0.35694292E+03
 6351   0.25332300E+03
 6352   0.13937278E+03
 6353   0.73776010E+02
 6354   0.60009330E+02
 6355   0.67550340E+02
 6356   0.15222274E+03
 6357   0.28035301E+03
 6358   0.31257823E+03
 6359   0.19161038E+03
 6360   0.10870774E+03
 6361   0.13405709E+03
 6362   0.32015971E+03
 6363   0.34946330E+03
 6364   0.30177920E+03
 6365   0.14635554E+03
 6366   0.18050273E+03
 6367   0.79837946E+03
 6368   0.39025500E+03
 6369   0.31863977E+03
 6370   0.24288997E+03
 6371   0.13095468E+03
 6372   0.82485810E+02
 6373   0.52153110E+02
 6374   0.34107270E+02
 6375   0.24812870E+02
 6376   0.18445850E+02
 6377   0.13745190E+02
 6378   0.98634200E+01
 6379   0.63486900E+01
 6380   0.43955500E+01
 6381   0.28008200E+01
 6382   0.28156570E+02
 6383   0.48982096E+03
 6384   0.29528514E+03
 6385   0.27601663E+03
 6386   0.77671624E+03
 6387   0.37079275E+03
 6388   0.18866681E+03
 6389   0.10071094E+03
 6390   0.74568260E+02
 6391   0.64414100E+02
 6392   0.67194250E+02
 6393   0.10563600E+03
 6394   0.14615452E+03
 6395   0.11715728E+03
 6396   0.90703410E+02
 6397   0.66995380E+02
 6398   0.47424510E+02
 6399   0.33627360E+02
 6400   0.22851180E+02
 6401   0.15993770E+02
 6402   0.11217630E+02
 6403   0.12320050E+02
 6404   0.44530370E+02
 6405   0.14215163E+03
 6406   0.20701578E+03
 6407   0.27296504E+03
 6408   0.40067076E+03
 6409   0.32793400E+03
 6410   0.16423581E+03
 6411   0.82484510E+02
 6412   0.46318900E+02
 6413   0.31735880E+02
 6414   0.30712630E+02
 6415   0.44085060E+02
 6416   0.74553030E+02
 6417   0.15144978E+03
 6418   0.15300351E+03
 6419   0.16108741E+03
 6420   0.22687083E+03
 6421   0.20027277E+03
 6422   0.12666333E+03
 6423   0.71644980E+02
 6424   0.42503320E+02
 6425   0.27367710E+02
 6426   0.19027770E+02
 6427   0.14228580E+02
 6428   0.11928020E+02
 6429   0.10354300E+02
 6430   0.92060900E+01
 6431   0.11513590E+02
 6432   0.51695810E+02
 6433   0.18522135E+03
 6434   0.24450292E+03
 6435   0.16197346E+03
 6436   0.84750240E+02
 6437   0.50781680E+02
 6438   0.33682350E+02
 6439   0.27516540E+02
 6440   0.22856070E+02
 6441   0.18522720E+02
 6442   0.14511490E+02
 6443   0.10519600E+02
 6444   0.74632200E+01
 6445   0.52849800E+01
 6446   0.37802800E+01
 6447   0.25690200E+01
 6448   0.18314300E+01
 6449   0.13425800E+01
 6450   0.23756100E+01
 6451   0.35511300E+01
 6452   0.28991740E+02
 6453   0.60684170E+02
 6454   0.43437420E+02
 6455   0.29336110E+02
 6456   0.25268850E+02
 6457   0.58965940E+02
 6458   0.11237191E+03
 6459   0.78758870E+02
 6460   0.64501180E+02
 6461   0.51365640E+02
 6462   0.41481970E+02
 6463   0.33828460E+02
 6464   0.17864720E+03
 6465   0.36219353E+03
 6466   0.25641359E+03
 6467   0.26727467E+03
 6468   0.16777625E+03
 6469   0.10650264E+03
 6470   0.80159100E+02
 6471   0.55589040E+02
 6472   0.35093070E+02
 6473   0.21735990E+02
 6474   0.13630650E+02
 6475   0.89007200E+01
 6476   0.58827100E+01
 6477   0.39550000E+01
 6478   0.24227400E+01
 6479   0.16784200E+01
 6480   0.12041100E+01
 6481   0.10509900E+01
 6482   0.78797000E+00
 6483   0.30676800E+01
 6484   0.36546300E+01
 6485   0.70250800E+01
 6486   0.19713430E+02
 6487   0.25409650E+02
 6488   0.20242910E+02
 6489   0.14082080E+02
 6490   0.94511300E+01
 6491   0.63770400E+01
 6492   0.38514400E+01
 6493   0.24362800E+01
 6494   0.16638300E+01
 6495   0.12010700E+01
 6496   0.89542000E+00
 6497   0.68065000E+00
 6498   0.52411000E+00
 6499   0.36702000E+00
 6500   0.29853000E+00
 6501   0.24846000E+00
 6502   0.19864000E+00
 6503   0.23115000E+00
 6504   0.26760000E+00
 6505   0.33132000E+00
 6506   0.39963000E+00
 6507   0.39677000E+00
 6508   0.35722000E+00
 6509   0.31006000E+00
 6510   0.33245900E+01
 6511   0.37609900E+01
 6512   0.73972200E+01
 6513   0.14940320E+02
 6514   0.15615700E+02
 6515   0.11961740E+02
 6516   0.86055000E+01
 6517   0.60369900E+01
 6518   0.42081700E+01
 6519   0.26502300E+01
 6520   0.18202800E+01
 6521   0.13073500E+01
 6522   0.98013000E+00
 6523   0.48746000E+00
 6524   0.42581000E+00
 6525   0.79702000E+00
 6526   0.70034000E+01
 6527   0.17576880E+02
 6528   0.30870360E+02
 6529   0.25585300E+02
 6530   0.17599740E+02
 6531   0.11558920E+02
 6532   0.77219700E+01
 6533   0.46242000E+01
 6534   0.29378100E+01
 6535   0.19695000E+01
 6536   0.14257300E+01
 6537   0.10426200E+01
 6538   0.80366000E+00
 6539   0.60858000E+00
 6540   0.29494700E+02
 6541   0.13250122E+03
 6542   0.10094443E+03
 6543   0.53023950E+02
 6544   0.29803620E+02
 6545   0.17974060E+02
 6546   0.11322970E+02
 6547   0.75334800E+01
 6548   0.49685800E+01
 6549   0.35323600E+01
 6550   0.11075790E+02
 6551   0.35574540E+02
 6552   0.66247570E+02
 6553   0.45614480E+02
 6554   0.28262130E+02
 6555   0.17688040E+02
 6556   0.11240660E+02
 6557   0.74953400E+01
 6558   0.49520600E+01
 6559   0.33126500E+01
 6560   0.21773900E+01
 6561   0.15705200E+01
 6562   0.11864000E+01
 6563   0.89417000E+00
 6564   0.45904000E+00
 6565   0.40146000E+00
 6566   0.31775000E+00
 6567   0.27544000E+00
 6568   0.22892000E+00
 6569   0.15744000E+00
 6570   0.10954000E+00
 6571   0.81000000E-01
 6572   0.62630000E-01
 6573   0.50040000E-01
 6574   0.40990000E-01
 6575   0.34300000E-01
 6576   0.29100000E-01
 6577   0.25040000E-01
 6578   0.21790000E-01
 6579   0.19140000E-01
 6580   0.16960000E-01
 6581   0.15130000E-01
 6582   0.13600000E-01
 6583   0.12300000E-01
 6584   0.11180000E-01
 6585   0.10230000E-01
 6586   0.94000000E-02
 6587   0.86800000E-02
 6588   0.80400000E-02
 6589   0.23427000E+00
 6590   0.22649000E+00
 6591   0.26282000E+00
 6592   0.26549000E+00
 6593   0.25949000E+00
 6594   0.23123000E+00
 6595   0.19277000E+00
 6596   0.16582000E+00
 6597   0.14412000E+00
 6598   0.12260000E+00
 6599   0.10061000E+00
 6600   0.81530000E-01
 6601   0.66400000E-01
 6602   0.54710000E-01
 6603   0.45660000E-01
 6604   0.38590000E-01
 6605   0.32990000E-01
 6606   0.28490000E-01
 6607   0.24840000E-01
 6608   0.21840000E-01
 6609   0.19340000E-01
 6610   0.17240000E-01
 6611   0.15460000E-01
 6612   0.13940000E-01
 6613   0.12630000E-01
 6614   0.39709400E+01
 6615   0.34440900E+01
 6616   0.76370600E+01
 6617   0.97801600E+01
 6618   0.84350100E+01
 6619   0.63402100E+01
 6620   0.45871000E+01
 6621   0.31689300E+01
 6622   0.22122500E+01
 6623   0.16152700E+01
 6624   0.12000100E+01
 6625   0.63263000E+00
 6626   0.59683000E+00
 6627   0.45487000E+00
 6628   0.36473000E+00
 6629   0.30931000E+00
 6630   0.27375000E+00
 6631   0.36647000E+00
 6632   0.24201000E+00
 6633   0.24574000E+00
 6634   0.18093700E+01
 6635   0.60918000E+00
 6636   0.13902600E+01
 6637   0.12183000E+02
 6638   0.14397559E+03
 6639   0.22535118E+03
 6640   0.17216053E+03
 6641   0.11328337E+03
 6642   0.75223330E+02
 6643   0.52665510E+02
 6644   0.36677890E+02
 6645   0.25094990E+02
 6646   0.16488650E+02
 6647   0.11890790E+02
 6648   0.12668870E+02
 6649   0.19194990E+02
 6650   0.28155590E+02
 6651   0.28660070E+02
 6652   0.27714700E+02
 6653   0.28813180E+02
 6654   0.33959290E+02
 6655   0.33874330E+02
 6656   0.26039700E+02
 6657   0.19064020E+02
 6658   0.13570400E+02
 6659   0.94798600E+01
 6660   0.67148200E+01
 6661   0.46225400E+01
 6662   0.30481900E+01
 6663   0.20988900E+01
 6664   0.15225100E+01
 6665   0.11534400E+01
 6666   0.60745000E+00
 6667   0.58551000E+00
 6668   0.45243000E+00
 6669   0.37797000E+00
 6670   0.31323000E+00
 6671   0.27429000E+00
 6672   0.34738000E+00
 6673   0.28121000E+00
 6674   0.28776000E+00
 6675   0.27897000E+00
 6676   0.23772000E+00
 6677   0.18615000E+00
 6678   0.18457000E+00
 6679   0.14576000E+00
 6680   0.14695000E+00
 6681   0.12950000E+00
 6682   0.10715000E+00
 6683   0.87420000E-01
 6684   0.71560000E-01
 6685   0.59130000E-01
 6686   0.49420000E-01
 6687   0.41770000E-01
 6688   0.35700000E-01
 6689   0.39958000E+00
 6690   0.83669000E+00
 6691   0.16373000E+01
 6692   0.44941400E+01
 6693   0.99699900E+01
 6694   0.19742550E+02
 6695   0.21295050E+02
 6696   0.17425220E+02
 6697   0.12408100E+02
 6698   0.89791400E+01
 6699   0.66877400E+01
 6700   0.48932100E+01
 6701   0.36834500E+01
 6702   0.29082800E+01
 6703   0.36486100E+01
 6704   0.36333100E+01
 6705   0.44087800E+01
 6706   0.45771900E+01
 6707   0.34118400E+01
 6708   0.26322500E+01
 6709   0.19541200E+01
 6710   0.15818300E+01
 6711   0.13433300E+01
 6712   0.98007000E+00
 6713   0.78722000E+00
 6714   0.63613000E+00
 6715   0.31939700E+01
 6716   0.11182780E+02
 6717   0.37471190E+02
 6718   0.49580380E+02
 6719   0.35496490E+02
 6720   0.25525950E+02
 6721   0.23192830E+02
 6722   0.31590770E+02
 6723   0.63101930E+02
 6724   0.11322138E+03
 6725   0.11627664E+03
 6726   0.82397810E+02
 6727   0.80582210E+02
 6728   0.94618100E+02
 6729   0.62641730E+02
 6730   0.36842770E+02
 6731   0.23088530E+02
 6732   0.16525270E+02
 6733   0.14332880E+02
 6734   0.49704800E+02
 6735   0.19684255E+03
 6736   0.28666050E+03
 6737   0.22118397E+03
 6738   0.13159949E+03
 6739   0.88815850E+02
 6740   0.63683410E+02
 6741   0.67730120E+02
 6742   0.84382110E+02
 6743   0.58076450E+02
 6744   0.34731310E+02
 6745   0.21756300E+02
 6746   0.20672810E+02
 6747   0.35217600E+02
 6748   0.90597820E+02
 6749   0.82360120E+02
 6750   0.86690270E+02
 6751   0.78656633E+03
 6752   0.30369738E+03
 6753   0.12287297E+03
 6754   0.10242722E+03
 6755   0.31941334E+03
 6756   0.33509826E+03
 6757   0.25019759E+03
 6758   0.19036299E+03
 6759   0.17365272E+03
 6760   0.13826132E+03
 6761   0.11931338E+03
 6762   0.11239863E+03
 6763   0.81380490E+02
 6764   0.71951670E+02
 6765   0.83410100E+02
 6766   0.80208090E+02
 6767   0.64911490E+02
 6768   0.51059580E+02
 6769   0.35649100E+02
 6770   0.25097460E+02
 6771   0.19388210E+02
 6772   0.17931820E+02
 6773   0.22572440E+02
 6774   0.36086200E+02
 6775   0.60592980E+02
 6776   0.55587980E+02
 6777   0.36781380E+02
 6778   0.23757690E+02
 6779   0.14512120E+02
 6780   0.22819950E+02
 6781   0.57127400E+02
 6782   0.89764020E+02
 6783   0.96780740E+02
 6784   0.84551270E+02
 6785   0.88259970E+02
 6786   0.71527980E+02
 6787   0.45253270E+02
 6788   0.29480090E+02
 6789   0.18799680E+02
 6790   0.12922180E+02
 6791   0.12153570E+02
 6792   0.16109630E+02
 6793   0.29191400E+02
 6794   0.12150538E+03
 6795   0.27394829E+03
 6796   0.33616787E+03
 6797   0.28695411E+03
 6798   0.28164234E+03
 6799   0.34197771E+03
 6800   0.51341699E+03
 6801   0.29734678E+03
 6802   0.27084415E+03
 6803   0.42743404E+03
 6804   0.43281287E+03
 6805   0.39345917E+03
 6806   0.20694312E+03
 6807   0.98170380E+02
 6808   0.54606580E+02
 6809   0.38068590E+02
 6810   0.65223195E+03
 6811   0.10211589E+04
 6812   0.69248263E+03
 6813   0.66239967E+03
 6814   0.61249988E+03
 6815   0.33011322E+03
 6816   0.17625530E+03
 6817   0.13341431E+03
 6818   0.94759620E+02
 6819   0.56260150E+02
 6820   0.33282370E+02
 6821   0.30427220E+02
 6822   0.70519930E+02
 6823   0.30163508E+03
 6824   0.47408482E+03
 6825   0.32414832E+03
 6826   0.19766570E+03
 6827   0.12169154E+03
 6828   0.71198190E+02
 6829   0.41211810E+02
 6830   0.23809850E+02
 6831   0.14487980E+02
 6832   0.92395100E+01
 6833   0.67929200E+01
 6834   0.52165200E+01
 6835   0.45689100E+01
 6836   0.47703000E+01
 6837   0.44186600E+01
 6838   0.47859300E+01
 6839   0.56616500E+01
 6840   0.83185000E+01
 6841   0.13523910E+02
 6842   0.19551860E+02
 6843   0.18834270E+02
 6844   0.14610690E+02
 6845   0.10593160E+02
 6846   0.76093300E+01
 6847   0.54849000E+01
 6848   0.10599910E+02
 6849   0.15124070E+02
 6850   0.35882620E+02
 6851   0.35567080E+02
 6852   0.24630880E+02
 6853   0.16045350E+02
 6854   0.10627680E+02
 6855   0.72789300E+01
 6856   0.48694200E+01
 6857   0.31529000E+01
 6858   0.20714200E+01
 6859   0.14225800E+01
 6860   0.10009400E+01
 6861   0.51895000E+00
 6862   0.46095000E+00
 6863   0.34142000E+00
 6864   0.28316000E+00
 6865   0.23101000E+00
 6866   0.15384000E+00
 6867   0.10589000E+00
 6868   0.77930000E-01
 6869   0.60140000E-01
 6870   0.48030000E-01
 6871   0.39370000E-01
 6872   0.32930000E-01
 6873   0.28000000E-01
 6874   0.24120000E-01
 6875   0.21020000E-01
 6876   0.18490000E-01
 6877   0.16400000E-01
 6878   0.14650000E-01
 6879   0.13170000E-01
 6880   0.11910000E-01
 6881   0.10820000E-01
 6882   0.98700000E-02
 6883   0.90500000E-02
 6884   0.83200000E-02
 6885   0.76800000E-02
 6886   0.71100000E-02
 6887   0.66000000E-02
 6888   0.61400000E-02
 6889   0.57300000E-02
 6890   0.53600000E-02
 6891   0.50200000E-02
 6892   0.47200000E-02
 6893   0.44400000E-02
 6894   0.41800000E-02
 6895   0.39500000E-02
 6896   0.37300000E-02
 6897   0.35300000E-02
 6898   0.33500000E-02
 6899   0.50560000E-01
 6900   0.76785700E+01
 6901   0.36658820E+02
 6902   0.64025030E+02
 6903   0.47191660E+02
 6904   0.29530650E+02
 6905   0.18584080E+02
 6906   0.11879990E+02
 6907   0.79500400E+01
 6908   0.52803900E+01
 6909   0.36408000E+01
 6910   0.22668700E+01
 6911   0.16108500E+01
 6912   0.88445000E+00
 6913   0.75885000E+00
 6914   0.58485000E+00
 6915   0.43242000E+00
 6916   0.34731000E+00
 6917   0.28753000E+00
 6918   0.24420000E+00
 6919   0.17018000E+00
 6920   0.11476000E+00
 6921   0.83130000E-01
 6922   0.63440000E-01
 6923   0.50250000E-01
 6924   0.40930000E-01
 6925   0.34060000E-01
 6926   0.28840000E-01
 6927   0.24770000E-01
 6928   0.21530000E-01
 6929   0.18890000E-01
 6930   0.16720000E-01
 6931   0.14910000E-01
 6932   0.13390000E-01
 6933   0.12090000E-01
 6934   0.10970000E-01
 6935   0.34350000E+00
 6936   0.22426000E+00
 6937   0.26730000E+00
 6938   0.27620000E+00
 6939   0.27017000E+00
 6940   0.25479000E+00
 6941   0.23255000E+00
 6942   0.20584000E+00
 6943   0.17301000E+00
 6944   0.14250000E+00
 6945   0.11602000E+00
 6946   0.93170000E-01
 6947   0.75060000E-01
 6948   0.61180000E-01
 6949   0.50570000E-01
 6950   0.42380000E-01
 6951   0.35970000E-01
 6952   0.30880000E-01
 6953   0.26770000E-01
 6954   0.23420000E-01
 6955   0.20650000E-01
 6956   0.18340000E-01
 6957   0.16400000E-01
 6958   0.14740000E-01
 6959   0.13320000E-01
 6960   0.12090000E-01
 6961   0.11020000E-01
 6962   0.10090000E-01
 6963   0.92600000E-02
 6964   0.85400000E-02
 6965   0.78900000E-02
 6966   0.73100000E-02
 6967   0.68000000E-02
 6968   0.63300000E-02
 6969   0.59100000E-02
 6970   0.55300000E-02
 6971   0.51900000E-02
 6972   0.48700000E-02
 6973   0.45900000E-02
 6974   0.43200000E-02
 6975   0.40800000E-02
 6976   0.38600000E-02
 6977   0.36600000E-02
 6978   0.34700000E-02
 6979   0.32900000E-02
 6980   0.31300000E-02
 6981   0.29800000E-02
 6982   0.14802600E+01
 6983   0.26687200E+01
 6984   0.38317900E+01
 6985   0.79309600E+01
 6986   0.10284570E+02
 6987   0.92771900E+01
 6988   0.72071200E+01
 6989   0.52280000E+01
 6990   0.38283400E+01
 6991   0.25470100E+01
 6992   0.18708700E+01
 6993   0.13891100E+01
 6994   0.78332000E+00
 6995   0.76680000E+00
 6996   0.58225000E+00
 6997   0.45414000E+00
 6998   0.34719000E+00
 6999   0.30323000E+00
 7000   0.27357000E+00
 7001   0.24627000E+00
 7002   0.22378000E+00
 7003   0.43176000E+00
 7004   0.27207000E+00
 7005   0.29954000E+00
 7006   0.36958000E+00
 7007   0.39603000E+00
 7008   0.17744300E+01
 7009   0.15319900E+01
 7010   0.26510200E+01
 7011   0.45550600E+01
 7012   0.61370100E+01
 7013   0.61031300E+01
 7014   0.50158000E+01
 7015   0.32636200E+01
 7016   0.23936600E+01
 7017   0.25557700E+01
 7018   0.23353200E+01
 7019   0.24037500E+01
 7020   0.22645800E+01
 7021   0.19328000E+01
 7022   0.26983400E+01
 7023   0.44222900E+01
 7024   0.60806800E+01
 7025   0.11725370E+02
 7026   0.16230470E+02
 7027   0.18396840E+02
 7028   0.17307090E+02
 7029   0.13933650E+02
 7030   0.10122550E+02
 7031   0.74339900E+01
 7032   0.54578800E+01
 7033   0.42576100E+01
 7034   0.34330800E+01
 7035   0.30807600E+01
 7036   0.35638300E+01
 7037   0.51142700E+01
 7038   0.78452400E+01
 7039   0.13142580E+02
 7040   0.14926930E+02
 7041   0.12843480E+02
 7042   0.96558500E+01
 7043   0.70095900E+01
 7044   0.52350600E+01
 7045   0.45201600E+01
 7046   0.46664700E+01
 7047   0.68903100E+01
 7048   0.10027150E+02
 7049   0.97523900E+01
 7050   0.76796000E+01
 7051   0.55812800E+01
 7052   0.40492400E+01
 7053   0.26437400E+01
 7054   0.18554500E+01
 7055   0.13472200E+01
 7056   0.74177000E+00
 7057   0.94414000E+00
 7058   0.77867000E+00
 7059   0.14759000E+01
 7060   0.16658900E+01
 7061   0.10505370E+02
 7062   0.70842260E+02
 7063   0.10706804E+03
 7064   0.64492030E+02
 7065   0.36174770E+02
 7066   0.20728920E+02
 7067   0.18012970E+02
 7068   0.20985990E+02
 7069   0.34295250E+02
 7070   0.51291110E+02
 7071   0.55279020E+02
 7072   0.11321870E+03
 7073   0.19356804E+03
 7074   0.12349834E+03
 7075   0.70244390E+02
 7076   0.40071960E+02
 7077   0.24870530E+02
 7078   0.15848130E+02
 7079   0.10350400E+02
 7080   0.71653800E+01
 7081   0.50622900E+01
 7082   0.38311800E+01
 7083   0.84692000E+01
 7084   0.13238530E+02
 7085   0.33619780E+02
 7086   0.30455620E+02
 7087   0.32022570E+02
 7088   0.61589910E+02
 7089   0.13034828E+03
 7090   0.10673074E+03
 7091   0.67273590E+02
 7092   0.49049440E+02
 7093   0.39329360E+02
 7094   0.36460240E+02
 7095   0.82301220E+02
 7096   0.13591780E+03
 7097   0.18016353E+03
 7098   0.16824675E+03
 7099   0.11577828E+03
 7100   0.72317790E+02
 7101   0.48498670E+02
 7102   0.41010460E+02
 7103   0.54203780E+02
 7104   0.71278080E+02
 7105   0.76500500E+02
 7106   0.99213160E+02
 7107   0.67088110E+02
 7108   0.44505670E+02
 7109   0.31834060E+02
 7110   0.22338930E+02
 7111   0.15445490E+02
 7112   0.11749240E+02
 7113   0.96423900E+01
 7114   0.96950900E+01
 7115   0.13896170E+02
 7116   0.38590350E+02
 7117   0.11829114E+03
 7118   0.19886132E+03
 7119   0.23694824E+03
 7120   0.41658732E+03
 7121   0.35517405E+03
 7122   0.24851448E+03
 7123   0.17773681E+03
 7124   0.12675832E+03
 7125   0.10289465E+03
 7126   0.10130344E+03
 7127   0.91496690E+02
 7128   0.63669080E+02
 7129   0.55590610E+02
 7130   0.92249030E+02
 7131   0.16502765E+03
 7132   0.11768056E+03
 7133   0.66563480E+02
 7134   0.40147970E+02
 7135   0.26103710E+02
 7136   0.17888710E+02
 7137   0.12244120E+02
 7138   0.79257300E+01
 7139   0.54044700E+01
 7140   0.20737390E+02
 7141   0.86887080E+02
 7142   0.19788873E+03
 7143   0.16320677E+03
 7144   0.13636147E+03
 7145   0.17119298E+03
 7146   0.13954386E+03
 7147   0.10340411E+03
 7148   0.85378200E+02
 7149   0.93819760E+02
 7150   0.15138554E+03
 7151   0.14655088E+03
 7152   0.11864132E+03
 7153   0.80358970E+02
 7154   0.49334470E+02
 7155   0.36074730E+02
 7156   0.27865390E+02
 7157   0.23253760E+02
 7158   0.83814170E+02
 7159   0.39830396E+03
 7160   0.26483596E+03
 7161   0.14848273E+03
 7162   0.41295749E+03
 7163   0.46897476E+03
 7164   0.19488565E+03
 7165   0.86154160E+02
 7166   0.43450090E+02
 7167   0.24809140E+02
 7168   0.15632330E+02
 7169   0.12116740E+02
 7170   0.11550740E+02
 7171   0.13064840E+02
 7172   0.20242860E+02
 7173   0.19523560E+02
 7174   0.14722020E+02
 7175   0.10155520E+02
 7176   0.70762700E+01
 7177   0.48377700E+01
 7178   0.76072700E+01
 7179   0.97907600E+01
 7180   0.14995870E+02
 7181   0.15137540E+02
 7182   0.12060030E+02
 7183   0.85912600E+01
 7184   0.58156600E+01
 7185   0.39523100E+01
 7186   0.24671400E+01
 7187   0.16894500E+01
 7188   0.12198300E+01
 7189   0.64861000E+00
 7190   0.58071000E+00
 7191   0.41084000E+00
 7192   0.40281000E+00
 7193   0.43171000E+00
 7194   0.46412000E+00
 7195   0.56820000E+00
 7196   0.93031000E+00
 7197   0.15913400E+01
 7198   0.22498400E+01
 7199   0.20099800E+01
 7200   0.19435900E+01
 7201   0.15918800E+01
 7202   0.12511700E+01
 7203   0.98343000E+00
 7204   0.78421000E+00
 7205   0.62291000E+00
 7206   0.48521000E+00
 7207   0.35389000E+00
 7208   0.29738000E+00
 7209   0.24032000E+00
 7210   0.18974000E+00
 7211   0.15441000E+00
 7212   0.20983000E+00
 7213   0.26224000E+00
 7214   0.29996000E+00
 7215   0.33334000E+00
 7216   0.32880000E+00
 7217   0.30149000E+00
 7218   0.26405000E+00
 7219   0.19461000E+00
 7220   0.12452000E+00
 7221   0.86380000E-01
 7222   0.64000000E-01
 7223   0.49690000E-01
 7224   0.39920000E-01
 7225   0.32920000E-01
 7226   0.27700000E-01
 7227   0.23690000E-01
 7228   0.20530000E-01
 7229   0.10512300E+01
 7230   0.92969000E+00
 7231   0.21674000E+01
 7232   0.10889630E+02
 7233   0.22140070E+02
 7234   0.18797940E+02
 7235   0.13345690E+02
 7236   0.91030600E+01
 7237   0.62033400E+01
 7238   0.42172100E+01
 7239   0.26443300E+01
 7240   0.14951700E+01
 7241   0.11745500E+01
 7242   0.87296000E+00
 7243   0.66080000E+00
 7244   0.51938000E+00
 7245   0.38087000E+00
 7246   0.30186000E+00
 7247   0.25902000E+00
 7248   0.18730000E+00
 7249   0.12424000E+00
 7250   0.88710000E-01
 7251   0.67020000E-01
 7252   0.52710000E-01
 7253   0.42700000E-01
 7254   0.35390000E-01
 7255   0.29870000E-01
 7256   0.25580000E-01
 7257   0.22180000E-01
 7258   0.19430000E-01
 7259   0.17170000E-01
 7260   0.15290000E-01
 7261   0.13710000E-01
 7262   0.12360000E-01
 7263   0.11210000E-01
 7264   0.10210000E-01
 7265   0.93400000E-02
 7266   0.85700000E-02
 7267   0.79000000E-02
 7268   0.73000000E-02
 7269   0.67700000E-02
 7270   0.63000000E-02
 7271   0.58700000E-02
 7272   0.54800000E-02
 7273   0.51300000E-02
 7274   0.48200000E-02
 7275   0.45300000E-02
 7276   0.42600000E-02
 7277   0.40200000E-02
 7278   0.38000000E-02
 7279   0.36000000E-02
 7280   0.34100000E-02
 7281   0.32300000E-02
 7282   0.30700000E-02
 7283   0.29200000E-02
 7284   0.27800000E-02
 7285   0.26500000E-02
 7286   0.25300000E-02
 7287   0.24200000E-02
 7288   0.23200000E-02
 7289   0.22200000E-02
 7290   0.21200000E-02
 7291   0.20900000E-02
 7292   0.18739000E+01
 7293   0.17714000E+01
 7294   0.35309800E+01
 7295   0.47389200E+01
 7296   0.47943600E+01
 7297   0.40542100E+01
 7298   0.29282600E+01
 7299   0.21731100E+01
 7300   0.15982600E+01
 7301   0.12296300E+01
 7302   0.66519000E+00
 7303   0.62531000E+00
 7304   0.49443000E+00
 7305   0.38897000E+00
 7306   0.32042000E+00
 7307   0.27966000E+00
 7308   0.24003000E+00
 7309   0.17399000E+00
 7310   0.11791000E+00
 7311   0.85470000E-01
 7312   0.65210000E-01
 7313   0.51630000E-01
 7314   0.42020000E-01
 7315   0.34940000E-01
 7316   0.29560000E-01
 7317   0.25360000E-01
 7318   0.34912100E+01
 7319   0.33108800E+01
 7320   0.70897400E+01
 7321   0.11867930E+02
 7322   0.11382620E+02
 7323   0.92484100E+01
 7324   0.68875300E+01
 7325   0.48567700E+01
 7326   0.34916300E+01
 7327   0.22929400E+01
 7328   0.16509400E+01
 7329   0.12503700E+01
 7330   0.98206000E+00
 7331   0.75981000E+00
 7332   0.40696000E+00
 7333   0.35777000E+00
 7334   0.30124000E+00
 7335   0.26407000E+00
 7336   0.21754000E+00
 7337   0.14943000E+00
 7338   0.10532000E+00
 7339   0.78560000E-01
 7340   0.61100000E-01
 7341   0.49020000E-01
 7342   0.40280000E-01
 7343   0.33740000E-01
 7344   0.28700000E-01
 7345   0.24730000E-01
 7346   0.21570000E-01
 7347   0.19080000E-01
 7348   0.17140000E-01
 7349   0.15640000E-01
 7350   0.14450000E-01
 7351   0.83770000E-01
 7352   0.82400000E-01
 7353   0.17761000E+00
 7354   0.19977000E+00
 7355   0.21218000E+00
 7356   0.21895000E+00
 7357   0.27412000E+00
 7358   0.26273000E+00
 7359   0.22884600E+01
 7360   0.30556100E+01
 7361   0.76203700E+01
 7362   0.17568990E+02
 7363   0.16599450E+02
 7364   0.12678750E+02
 7365   0.89397500E+01
 7366   0.62623200E+01
 7367   0.43782600E+01
 7368   0.28798300E+01
 7369   0.23129800E+01
 7370   0.19990200E+01
 7371   0.16593600E+01
 7372   0.14078700E+01
 7373   0.11856500E+01
 7374   0.15082000E+01
 7375   0.19960100E+01
 7376   0.29481500E+01
 7377   0.34703500E+01
 7378   0.33764900E+01
 7379   0.28744000E+01
 7380   0.22732400E+01
 7381   0.17971000E+01
 7382   0.13896000E+01
 7383   0.10861100E+01
 7384   0.56755000E+00
 7385   0.54780000E+00
 7386   0.41634000E+00
 7387   0.34737000E+00
 7388   0.29874000E+00
 7389   0.26381000E+00
 7390   0.21378000E+00
 7391   0.14609000E+00
 7392   0.11049300E+01
 7393   0.80561000E+00
 7394   0.98902000E+00
 7395   0.13973900E+01
 7396   0.13379600E+01
 7397   0.11323300E+01
 7398   0.25436900E+01
 7399   0.56979400E+01
 7400   0.11412590E+02
 7401   0.20637330E+02
 7402   0.20061460E+02
 7403   0.15213000E+02
 7404   0.99560400E+01
 7405   0.69851900E+01
 7406   0.47197000E+01
 7407   0.30905500E+01
 7408   0.21718800E+01
 7409   0.15965800E+01
 7410   0.11921900E+01
 7411   0.91602000E+00
 7412   0.71929000E+00
 7413   0.57105000E+00
 7414   0.36178000E+00
 7415   0.32811000E+00
 7416   0.32316000E+00
 7417   0.30371000E+00
 7418   0.27917000E+00
 7419   0.24796000E+00
 7420   0.20251000E+00
 7421   0.14038000E+00
 7422   0.10132000E+00
 7423   0.76940000E-01
 7424   0.66840000E-01
 7425   0.56230000E-01
 7426   0.52530000E-01
 7427   0.56380000E-01
 7428   0.69900000E-01
 7429   0.81524000E+00
 7430   0.14837300E+01
 7431   0.26368100E+01
 7432   0.68306000E+01
 7433   0.23035620E+02
 7434   0.79680210E+02
 7435   0.15990529E+03
 7436   0.18386205E+03
 7437   0.27530774E+03
 7438   0.25257043E+03
 7439   0.17342859E+03
 7440   0.15584013E+03
 7441   0.13268831E+03
 7442   0.89213780E+02
 7443   0.56692390E+02
 7444   0.53409580E+02
 7445   0.51920480E+02
 7446   0.40411980E+02
 7447   0.35118340E+02
 7448   0.29675500E+02
 7449   0.23370800E+02
 7450   0.16804790E+02
 7451   0.11440060E+02
 7452   0.80201800E+01
 7453   0.55082500E+01
 7454   0.38516700E+01
 7455   0.22501600E+01
 7456   0.17161200E+01
 7457   0.19475000E+01
 7458   0.35176800E+01
 7459   0.55069500E+01
 7460   0.14075750E+02
 7461   0.26988460E+02
 7462   0.39810110E+02
 7463   0.98304730E+02
 7464   0.21479261E+03
 7465   0.25225704E+03
 7466   0.41612390E+03
 7467   0.40688487E+03
 7468   0.29811129E+03
 7469   0.19958821E+03
 7470   0.16288732E+03
 7471   0.16590704E+03
 7472   0.21098560E+03
 7473   0.23916165E+03
 7474   0.26289298E+03
 7475   0.27283217E+03
 7476   0.17003769E+03
 7477   0.25768252E+03
 7478   0.20823621E+03
 7479   0.10096686E+03
 7480   0.54671830E+02
 7481   0.43128040E+02
 7482   0.40806790E+02
 7483   0.42530790E+02
 7484   0.84647730E+02
 7485   0.46305478E+03
 7486   0.19205605E+03
 7487   0.81354170E+02
 7488   0.40619580E+02
 7489   0.22975000E+02
 7490   0.13794840E+02
 7491   0.88359800E+01
 7492   0.58736000E+01
 7493   0.38978900E+01
 7494   0.24731400E+01
 7495   0.18750700E+01
 7496   0.11314600E+01
 7497   0.65348000E+01
 7498   0.14792050E+03
 7499   0.51781338E+03
 7500   0.19702446E+03
 7501   0.83485230E+02
 7502   0.43942470E+02
 7503   0.27672990E+02
 7504   0.21507740E+02
 7505   0.32364830E+02
 7506   0.60012700E+02
 7507   0.91029490E+02
 7508   0.13779758E+03
 7509   0.20501888E+03
 7510   0.28865662E+03
 7511   0.26925537E+03
 7512   0.20793831E+03
 7513   0.10777170E+03
 7514   0.55020550E+02
 7515   0.44013580E+02
 7516   0.80497420E+02
 7517   0.80344130E+02
 7518   0.54325210E+02
 7519   0.34278790E+02
 7520   0.21812610E+02
 7521   0.14040320E+02
 7522   0.12646420E+02
 7523   0.20105820E+02
 7524   0.37613223E+03
 7525   0.83527622E+03
 7526   0.68927378E+03
 7527   0.79872510E+03
 7528   0.42855460E+03
 7529   0.16145936E+03
 7530   0.72145380E+02
 7531   0.41870820E+02
 7532   0.27512190E+02
 7533   0.23413910E+02
 7534   0.25083260E+02
 7535   0.30444620E+02
 7536   0.38756020E+02
 7537   0.34579410E+02
 7538   0.29793440E+02
 7539   0.28981750E+02
 7540   0.25336280E+02
 7541   0.19549720E+02
 7542   0.14371780E+02
 7543   0.11363930E+02
 7544   0.90067900E+01
 7545   0.93052500E+01
 7546   0.13409011E+03
 7547   0.37635335E+03
 7548   0.37356522E+03
 7549   0.37069288E+03
 7550   0.19290915E+03
 7551   0.90087170E+02
 7552   0.47534020E+02
 7553   0.27725650E+02
 7554   0.18881410E+02
 7555   0.17249650E+02
 7556   0.17083280E+02
 7557   0.16334750E+02
 7558   0.12733290E+02
 7559   0.92793600E+01
 7560   0.65110500E+01
 7561   0.44480300E+01
 7562   0.28303200E+01
 7563   0.19624600E+01
 7564   0.14067300E+01
 7565   0.10341400E+01
 7566   0.76953000E+00
 7567   0.15140700E+01
 7568   0.13357100E+01
 7569   0.26413400E+01
 7570   0.45464100E+01
 7571   0.58169600E+01
 7572   0.54454000E+01
 7573   0.44180500E+01
 7574   0.32105000E+01
 7575   0.21747400E+01
 7576   0.15280400E+01
 7577   0.10938100E+01
 7578   0.56487000E+00
 7579   0.50986000E+00
 7580   0.35998000E+00
 7581   0.28982000E+00
 7582   0.23676000E+00
 7583   0.15432000E+00
 7584   0.10451000E+00
 7585   0.76140000E-01
 7586   0.58380000E-01
 7587   0.46430000E-01
 7588   0.37950000E-01
 7589   0.31690000E-01
 7590   0.26920000E-01
 7591   0.23180000E-01
 7592   0.20190000E-01
 7593   0.17980000E-01
 7594   0.74404000E+00
 7595   0.38110700E+01
 7596   0.71524800E+01
 7597   0.46168350E+02
 7598   0.42594320E+02
 7599   0.27937320E+02
 7600   0.18341710E+02
 7601   0.11901740E+02
 7602   0.79796800E+01
 7603   0.53212100E+01
 7604   0.36635300E+01
 7605   0.22717900E+01
 7606   0.16273000E+01
 7607   0.12051900E+01
 7608   0.89664000E+00
 7609   0.45951000E+00
 7610   0.39230000E+00
 7611   0.30570000E+00
 7612   0.26134000E+00
 7613   0.20046000E+00
 7614   0.13574000E+00
 7615   0.97230000E-01
 7616   0.73440000E-01
 7617   0.57650000E-01
 7618   0.46590000E-01
 7619   0.38500000E-01
 7620   0.32400000E-01
 7621   0.27660000E-01
 7622   0.23910000E-01
 7623   0.20890000E-01
 7624   0.18410000E-01
 7625   0.16350000E-01
 7626   0.14620000E-01
 7627   0.13160000E-01
 7628   0.11900000E-01
 7629   0.10820000E-01
 7630   0.98800000E-02
 7631   0.90500000E-02
 7632   0.83300000E-02
 7633   0.82600000E-02
 7634   0.46710000E-01
 7635   0.11779000E+00
 7636   0.11419000E+00
 7637   0.91260000E-01
 7638   0.69320000E-01
 7639   0.52740000E-01
 7640   0.40920000E-01
 7641   0.32480000E-01
 7642   0.26320000E-01
 7643   0.21730000E-01
 7644   0.18230000E-01
 7645   0.15500000E-01
 7646   0.13340000E-01
 7647   0.11600000E-01
 7648   0.10180000E-01
 7649   0.90000000E-02
 7650   0.80200000E-02
 7651   0.71900000E-02
 7652   0.64800000E-02
 7653   0.58700000E-02
 7654   0.53500000E-02
 7655   0.48900000E-02
 7656   0.36057000E+00
 7657   0.28242000E+00
 7658   0.39495000E+00
 7659   0.41360000E+00
 7660   0.36583000E+00
 7661   0.32884000E+00
 7662   0.29938000E+00
 7663   0.27092000E+00
 7664   0.23966000E+00
 7665   0.20863000E+00
 7666   0.16798000E+00
 7667   0.13144000E+00
 7668   0.10302000E+00
 7669   0.81600000E-01
 7670   0.65680000E-01
 7671   0.35239200E+01
 7672   0.47371800E+01
 7673   0.12180800E+02
 7674   0.20904830E+02
 7675   0.18448030E+02
 7676   0.13765820E+02
 7677   0.95790200E+01
 7678   0.67112000E+01
 7679   0.45498500E+01
 7680   0.29215900E+01
 7681   0.20543100E+01
 7682   0.14955300E+01
 7683   0.11405300E+01
 7684   0.89124000E+00
 7685   0.45946000E+00
 7686   0.40798000E+00
 7687   0.33211000E+00
 7688   0.28474000E+00
 7689   0.24789000E+00
 7690   0.18912000E+00
 7691   0.12722000E+00
 7692   0.91230000E-01
 7693   0.69040000E-01
 7694   0.54320000E-01
 7695   0.43990000E-01
 7696   0.36750000E-01
 7697   0.36490000E-01
 7698   0.43480000E-01
 7699   0.50500000E-01
 7700   0.16243500E+01
 7701   0.16438400E+01
 7702   0.69787100E+01
 7703   0.19797670E+02
 7704   0.30307380E+02
 7705   0.27330630E+02
 7706   0.20531930E+02
 7707   0.14176290E+02
 7708   0.95525300E+01
 7709   0.76301700E+01
 7710   0.60810200E+01
 7711   0.54538900E+01
 7712   0.52411600E+01
 7713   0.48309100E+01
 7714   0.41615200E+01
 7715   0.33457500E+01
 7716   0.20638000E+01
 7717   0.16873400E+01
 7718   0.12962900E+01
 7719   0.10293000E+01
 7720   0.80852000E+00
 7721   0.66433000E+00
 7722   0.56581000E+00
 7723   0.50202100E+01
 7724   0.10175610E+02
 7725   0.20812550E+02
 7726   0.21633690E+02
 7727   0.20932910E+02
 7728   0.22690870E+02
 7729   0.35071460E+02
 7730   0.56638810E+02
 7731   0.64530810E+02
 7732   0.56016960E+02
 7733   0.43579030E+02
 7734   0.34120300E+02
 7735   0.25450820E+02
 7736   0.18169370E+02
 7737   0.13143280E+02
 7738   0.97497400E+01
 7739   0.93467200E+01
 7740   0.19598020E+02
 7741   0.81771710E+02
 7742   0.18141615E+03
 7743   0.14978188E+03
 7744   0.84783630E+02
 7745   0.49273150E+02
 7746   0.29936490E+02
 7747   0.20661020E+02
 7748   0.14895630E+02
 7749   0.14805580E+02
 7750   0.14500270E+02
 7751   0.15597410E+02
 7752   0.14818710E+02
 7753   0.11842140E+02
 7754   0.12232360E+02
 7755   0.13951630E+02
 7756   0.18534710E+02
 7757   0.18906290E+02
 7758   0.17274590E+02
 7759   0.14808280E+02
 7760   0.12560530E+02
 7761   0.10630350E+02
 7762   0.85565200E+01
 7763   0.69729600E+01
 7764   0.54701600E+01
 7765   0.42339900E+01
 7766   0.36239700E+01
 7767   0.27003800E+01
 7768   0.76334000E+01
 7769   0.24693300E+02
 7770   0.10266312E+03
 7771   0.14162142E+03
 7772   0.13999994E+03
 7773   0.23159715E+03
 7774   0.17432026E+03
 7775   0.87312980E+02
 7776   0.45826820E+02
 7777   0.25534820E+02
 7778   0.15522990E+02
 7779   0.98901600E+01
 7780   0.65561400E+01
 7781   0.43350500E+01
 7782   0.81706300E+01
 7783   0.13229010E+02
 7784   0.60067170E+02
 7785   0.84974280E+02
 7786   0.56910720E+02
 7787   0.32722870E+02
 7788   0.20036780E+02
 7789   0.12657020E+02
 7790   0.92977800E+01
 7791   0.70394000E+01
 7792   0.57058900E+01
 7793   0.51232300E+01
 7794   0.47472800E+01
 7795   0.66286800E+01
 7796   0.22535560E+02
 7797   0.75861600E+02
 7798   0.87431900E+02
 7799   0.79268320E+02
 7800   0.14642877E+03
 7801   0.13889013E+03
 7802   0.82348710E+02
 7803   0.51924820E+02
 7804   0.42140060E+02
 7805   0.13573715E+03
 7806   0.25583300E+03
 7807   0.15794995E+03
 7808   0.10937344E+03
 7809   0.14837201E+03
 7810   0.17229455E+03
 7811   0.11092188E+03
 7812   0.10679497E+03
 7813   0.10859048E+03
 7814   0.68925150E+02
 7815   0.41381500E+02
 7816   0.31057670E+02
 7817   0.35061850E+02
 7818   0.68147300E+02
 7819   0.13171508E+03
 7820   0.12919157E+03
 7821   0.85359960E+02
 7822   0.54989520E+02
 7823   0.35542100E+02
 7824   0.23554010E+02
 7825   0.16453520E+02
 7826   0.12200290E+02
 7827   0.94684700E+01
 7828   0.70291800E+01
 7829   0.86743400E+01
 7830   0.12790670E+02
 7831   0.23244530E+02
 7832   0.41961710E+02
 7833   0.75511820E+02
 7834   0.13692257E+03
 7835   0.14772120E+03
 7836   0.13749351E+03
 7837   0.15559718E+03
 7838   0.20479014E+03
 7839   0.17512073E+03
 7840   0.99487770E+02
 7841   0.54542830E+02
 7842   0.32080570E+02
 7843   0.20697020E+02
 7844   0.18943410E+02
 7845   0.41331980E+02
 7846   0.18780228E+03
 7847   0.24158977E+03
 7848   0.26262568E+03
 7849   0.20439204E+03
 7850   0.12240808E+03
 7851   0.70751730E+02
 7852   0.41430120E+02
 7853   0.25566490E+02
 7854   0.16201290E+02
 7855   0.10611940E+02
 7856   0.81881400E+01
 7857   0.70959200E+01
 7858   0.35892070E+02
 7859   0.15582342E+03
 7860   0.19202860E+03
 7861   0.15077799E+03
 7862   0.14559571E+03
 7863   0.12996953E+03
 7864   0.75966090E+02
 7865   0.10452479E+03
 7866   0.29887338E+03
 7867   0.29141983E+03
 7868   0.10482879E+04
 7869   0.68458406E+03
 7870   0.21972542E+03
 7871   0.94253970E+02
 7872   0.47789880E+02
 7873   0.28700000E+02
 7874   0.33495050E+02
 7875   0.65602900E+02
 7876   0.77599830E+02
 7877   0.50903440E+02
 7878   0.14872715E+03
 7879   0.18290565E+03
 7880   0.91213300E+02
 7881   0.47663460E+02
 7882   0.27357330E+02
 7883   0.16889380E+02
 7884   0.10906240E+02
 7885   0.75853100E+01
 7886   0.77687300E+01
 7887   0.79687200E+01
 7888   0.10214190E+02
 7889   0.12791580E+02
 7890   0.13152940E+02
 7891   0.27508950E+02
 7892   0.68025790E+02
 7893   0.99559840E+02
 7894   0.83248020E+02
 7895   0.60250870E+02
 7896   0.39864150E+02
 7897   0.25436810E+02
 7898   0.16204870E+02
 7899   0.11256080E+02
 7900   0.76084000E+01
 7901   0.52062740E+02
 7902   0.65906604E+03
 7903   0.50086239E+03
 7904   0.39731770E+03
 7905   0.39756624E+03
 7906   0.17395649E+03
 7907   0.92664560E+02
 7908   0.62142830E+02
 7909   0.49368420E+02
 7910   0.39858750E+02
 7911   0.29714010E+02
 7912   0.20193650E+02
 7913   0.13352330E+02
 7914   0.89283900E+01
 7915   0.60388200E+01
 7916   0.42283600E+01
 7917   0.27677800E+01
 7918   0.19576400E+01
 7919   0.14102300E+01
 7920   0.12849400E+01
 7921   0.59672000E+00
 7922   0.54541000E+00
 7923   0.17727800E+01
 7924   0.25545400E+01
 7925   0.40002100E+01
 7926   0.74869100E+01
 7927   0.98248600E+01
 7928   0.90499100E+01
 7929   0.73886000E+01
 7930   0.69101800E+01
 7931   0.52989800E+01
 7932   0.47291800E+01
 7933   0.37633100E+01
 7934   0.38355800E+01
 7935   0.28791000E+01
 7936   0.27949100E+01
 7937   0.26015100E+01
 7938   0.20982600E+01
 7939   0.16242800E+01
 7940   0.13355900E+01
 7941   0.90115000E+00
 7942   0.91184000E+00
 7943   0.78660000E+00
 7944   0.65816000E+00
 7945   0.55704000E+00
 7946   0.44478000E+00
 7947   0.33537000E+00
 7948   0.28489000E+00
 7949   0.22564000E+00
 7950   0.15412000E+00
 7951   0.10893000E+00
 7952   0.79590000E-01
 7953   0.60100000E-01
 7954   0.46870000E-01
 7955   0.37580000E-01
 7956   0.30850000E-01
 7957   0.25830000E-01
 7958   0.23710000E-01
 7959   0.19450000E-01
 7960   0.16900000E-01
 7961   0.36502500E+01
 7962   0.11110300E+01
 7963   0.35019200E+01
 7964   0.58235500E+01
 7965   0.64892100E+01
 7966   0.53129900E+01
 7967   0.40002800E+01
 7968   0.26424500E+01
 7969   0.18710200E+01
 7970   0.13567500E+01
 7971   0.99713000E+00
 7972   0.51584000E+00
 7973   0.46236000E+00
 7974   0.34646000E+00
 7975   0.29476000E+00
 7976   0.25947000E+00
 7977   0.20011000E+00
 7978   0.13318000E+00
 7979   0.94460000E-01
 7980   0.70970000E-01
 7981   0.55570000E-01
 7982   0.44860000E-01
 7983   0.37070000E-01
 7984   0.31200000E-01
 7985   0.26660000E-01
 7986   0.23060000E-01
 7987   0.20160000E-01
 7988   0.17790000E-01
 7989   0.15820000E-01
 7990   0.14160000E-01
 7991   0.12750000E-01
 7992   0.11550000E-01
 7993   0.10510000E-01
 7994   0.96000000E-02
 7995   0.10998000E+00
 7996   0.67800000E-01
 7997   0.57833000E+00
 7998   0.47924000E+00
 7999   0.58737000E+00
 8000   0.10851600E+01
 8001   0.17923400E+01
 8002   0.22789200E+01
 8003   0.18896600E+01
 8004   0.17767500E+01
 8005   0.14375700E+01
 8006   0.11486500E+01
 8007   0.92082000E+00
 8008   0.73402000E+00
 8009   0.59264000E+00
 8010   0.49516000E+00
 8011   0.37167000E+00
 8012   0.30553000E+00
 8013   0.23970000E+00
 8014   0.25738500E+01
 8015   0.33796900E+01
 8016   0.62954200E+01
 8017   0.77649700E+01
 8018   0.66033800E+01
 8019   0.48466800E+01
 8020   0.35412000E+01
 8021   0.22958300E+01
 8022   0.16469500E+01
 8023   0.91389000E+00
 8024   0.80331000E+00
 8025   0.62166000E+00
 8026   0.49395000E+00
 8027   0.38306000E+00
 8028   0.32088000E+00
 8029   0.27001000E+00
 8030   0.21051000E+00
 8031   0.13717000E+00
 8032   0.95580000E-01
 8033   0.71000000E-01
 8034   0.55170000E-01
 8035   0.44300000E-01
 8036   0.36470000E-01
 8037   0.30610000E-01
 8038   0.23479400E+01
 8039   0.14052400E+01
 8040   0.28861500E+01
 8041   0.48678600E+01
 8042   0.59886500E+01
 8043   0.54421100E+01
 8044   0.38576100E+01
 8045   0.27855100E+01
 8046   0.20204600E+01
 8047   0.15062900E+01
 8048   0.11722900E+01
 8049   0.91600000E+00
 8050   0.73387000E+00
 8051   0.59696000E+00
 8052   0.47112000E+00
 8053   0.37467000E+00
 8054   0.26495000E+00
 8055   0.18962000E+00
 8056   0.13463000E+00
 8057   0.99790000E-01
 8058   0.76750000E-01
 8059   0.42764000E+00
 8060   0.28407000E+00
 8061   0.32574000E+00
 8062   0.34436000E+00
 8063   0.56236300E+01
 8064   0.94941900E+01
 8065   0.27608730E+02
 8066   0.29844820E+02
 8067   0.22554580E+02
 8068   0.15585060E+02
 8069   0.10491260E+02
 8070   0.72499700E+01
 8071   0.49576900E+01
 8072   0.34938700E+01
 8073   0.22665300E+01
 8074   0.12973000E+01
 8075   0.10600700E+01
 8076   0.81599000E+00
 8077   0.64709000E+00
 8078   0.52796000E+00
 8079   0.40387000E+00
 8080   0.32166000E+00
 8081   0.27476000E+00
 8082   0.22797000E+00
 8083   0.15187000E+00
 8084   0.11758300E+01
 8085   0.48804000E+00
 8086   0.76561000E+00
 8087   0.96102000E+00
 8088   0.10042410E+02
 8089   0.26533670E+02
 8090   0.38917400E+02
 8091   0.38403750E+02
 8092   0.33746440E+02
 8093   0.30225510E+02
 8094   0.57243720E+02
 8095   0.13605928E+03
 8096   0.10302752E+03
 8097   0.90794420E+02
 8098   0.88628120E+02
 8099   0.64257700E+02
 8100   0.39019110E+02
 8101   0.31863470E+02
 8102   0.27701400E+02
 8103   0.27536040E+02
 8104   0.24067400E+02
 8105   0.17812310E+02
 8106   0.13019150E+02
 8107   0.95801700E+01
 8108   0.70350600E+01
 8109   0.50325600E+01
 8110   0.36346400E+01
 8111   0.54065600E+01
 8112   0.54647300E+01
 8113   0.75546300E+01
 8114   0.88423700E+01
 8115   0.74984300E+01
 8116   0.57535100E+01
 8117   0.42384300E+01
 8118   0.28124300E+01
 8119   0.19813400E+01
 8120   0.29763800E+01
 8121   0.23168500E+01
 8122   0.31842100E+01
 8123   0.41566000E+01
 8124   0.47056800E+01
 8125   0.43921700E+01
 8126   0.12530460E+02
 8127   0.30088180E+02
 8128   0.56031290E+02
 8129   0.38921680E+02
 8130   0.31122320E+02
 8131   0.27709690E+02
 8132   0.28645310E+02
 8133   0.26108310E+02
 8134   0.19765540E+02
 8135   0.13779780E+02
 8136   0.89807300E+01
 8137   0.65326700E+01
 8138   0.44860900E+01
 8139   0.30738700E+01
 8140   0.22296600E+01
 8141   0.29146700E+01
 8142   0.23862400E+01
 8143   0.26732500E+01
 8144   0.30906600E+01
 8145   0.61371400E+01
 8146   0.86907900E+01
 8147   0.14416370E+02
 8148   0.22655590E+02
 8149   0.26431980E+02
 8150   0.27370780E+02
 8151   0.23823120E+02
 8152   0.18048440E+02
 8153   0.19095700E+02
 8154   0.64024260E+02
 8155   0.18376280E+03
 8156   0.31784157E+03
 8157   0.20656379E+03
 8158   0.24045647E+03
 8159   0.22517388E+03
 8160   0.15591060E+03
 8161   0.10366803E+03
 8162   0.12919896E+03
 8163   0.14379462E+03
 8164   0.88490470E+02
 8165   0.48347380E+02
 8166   0.31448540E+02
 8167   0.22485370E+02
 8168   0.18664490E+02
 8169   0.26996010E+02
 8170   0.45565950E+02
 8171   0.72871660E+02
 8172   0.73728070E+02
 8173   0.96034130E+02
 8174   0.15029656E+03
 8175   0.11007145E+03
 8176   0.63027900E+02
 8177   0.38822040E+02
 8178   0.28753730E+02
 8179   0.25546850E+02
 8180   0.25021960E+02
 8181   0.22829280E+02
 8182   0.20374630E+02
 8183   0.61249130E+02
 8184   0.24693554E+03
 8185   0.25177799E+03
 8186   0.21107345E+03
 8187   0.31864098E+03
 8188   0.40141974E+03
 8189   0.43781509E+03
 8190   0.41746264E+03
 8191   0.42390428E+03
 8192   0.47840583E+03
 8193   0.41384798E+03
 8194   0.39709396E+03
 8195   0.25292514E+03
 8196   0.23268290E+03
 8197   0.25541619E+03
 8198   0.33029862E+03
 8199   0.23777616E+03
 8200   0.17917409E+03
 8201   0.13525039E+03
 8202   0.15859412E+03
 8203   0.20671222E+03
 8204   0.17686528E+03
 8205   0.19660654E+03
 8206   0.16604296E+03
 8207   0.12265130E+03
 8208   0.86711540E+02
 8209   0.89919500E+02
 8210   0.10691660E+03
 8211   0.11193396E+03
 8212   0.11675043E+03
 8213   0.95783900E+02
 8214   0.64611670E+02
 8215   0.63006250E+02
 8216   0.12181839E+03
 8217   0.20503500E+03
 8218   0.15573783E+03
 8219   0.10073200E+03
 8220   0.71272710E+02
 8221   0.52714990E+02
 8222   0.49488770E+02
 8223   0.50504950E+02
 8224   0.50002730E+02
 8225   0.65259400E+02
 8226   0.94703380E+02
 8227   0.10191823E+03
 8228   0.10662494E+03
 8229   0.19909415E+03
 8230   0.23813903E+03
 8231   0.15411696E+03
 8232   0.13323437E+03
 8233   0.18993524E+03
 8234   0.24180452E+03
 8235   0.18352129E+03
 8236   0.12982397E+03
 8237   0.90663570E+02
 8238   0.78675840E+02
 8239   0.98855090E+02
 8240   0.97989120E+02
 8241   0.72028870E+02
 8242   0.49149640E+02
 8243   0.37201940E+02
 8244   0.32930070E+02
 8245   0.29398870E+02
 8246   0.23341530E+02
 8247   0.17860470E+02
 8248   0.13710760E+02
 8249   0.11172870E+02
 8250   0.99728100E+01
 8251   0.86345600E+01
 8252   0.69927500E+01
 8253   0.51762500E+01
 8254   0.39718200E+01
 8255   0.26928900E+01
 8256   0.19477200E+01
 8257   0.14229200E+01
 8258   0.88951800E+01
 8259   0.31714650E+02
 8260   0.85558800E+02
 8261   0.96257290E+02
 8262   0.10810456E+03
 8263   0.10222340E+03
 8264   0.80142830E+02
 8265   0.52644270E+02
 8266   0.53979560E+02
 8267   0.79147930E+02
 8268   0.60996300E+02
 8269   0.34902420E+02
 8270   0.20317680E+02
 8271   0.12197840E+02
 8272   0.51920130E+02
 8273   0.17759791E+03
 8274   0.11437552E+03
 8275   0.72862490E+02
 8276   0.56157520E+02
 8277   0.45508910E+02
 8278   0.33195400E+02
 8279   0.21094270E+02
 8280   0.13297860E+02
 8281   0.85890200E+01
 8282   0.55137300E+01
 8283   0.36904900E+01
 8284   0.22597800E+01
 8285   0.15845600E+01
 8286   0.11549900E+01
 8287   0.86479000E+00
 8288   0.65168000E+00
 8289   0.47684000E+00
 8290   0.30069000E+00
 8291   0.23669000E+00
 8292   0.16113000E+00
 8293   0.11082000E+00
 8294   0.31224000E+00
 8295   0.29889400E+01
 8296   0.50569000E+01
 8297   0.17345170E+02
 8298   0.23200980E+02
 8299   0.18490700E+02
 8300   0.12625700E+02
 8301   0.88066000E+01
 8302   0.68423800E+01
 8303   0.48976000E+01
 8304   0.38269100E+01
 8305   0.28935000E+01
 8306   0.23484400E+01
 8307   0.19352500E+01
 8308   0.15669700E+01
 8309   0.12506500E+01
 8310   0.71623000E+00
 8311   0.65672000E+00
 8312   0.51654000E+00
 8313   0.45798000E+00
 8314   0.33342000E+00
 8315   0.29851000E+00
 8316   0.26179000E+00
 8317   0.22592000E+00
 8318   0.22178000E+00
 8319   0.23048000E+00
 8320   0.22730000E+00
 8321   0.22075000E+00
 8322   0.20481000E+00
 8323   0.14797000E+00
 8324   0.10924000E+00
 8325   0.83150000E-01
 8326   0.63910000E-01
 8327   0.50020000E-01
 8328   0.15755000E+00
 8329   0.11836000E+00
 8330   0.21295000E+00
 8331   0.23893000E+00
 8332   0.25908000E+00
 8333   0.26083000E+00
 8334   0.25658000E+00
 8335   0.23186000E+00
 8336   0.17189000E+00
 8337   0.11501000E+00
 8338   0.81600000E-01
 8339   0.61100000E-01
 8340   0.47660000E-01
 8341   0.38370000E-01
 8342   0.31660000E-01
 8343   0.26640000E-01
 8344   0.22780000E-01
 8345   0.19730000E-01
 8346   0.17280000E-01
 8347   0.15270000E-01
 8348   0.13610000E-01
 8349   0.12210000E-01
 8350   0.11030000E-01
 8351   0.10010000E-01
 8352   0.91300000E-02
 8353   0.83700000E-02
 8354   0.77000000E-02
 8355   0.71000000E-02
 8356   0.65800000E-02
 8357   0.61100000E-02
 8358   0.56900000E-02
 8359   0.21560000E-01
 8360   0.10490000E-01
 8361   0.11670000E-01
 8362   0.19850000E-01
 8363   0.26010000E-01
 8364   0.27390000E-01
 8365   0.26480000E-01
 8366   0.24780000E-01
 8367   0.22860000E-01
 8368   0.20940000E-01
 8369   0.19130000E-01
 8370   0.17450000E-01
 8371   0.15930000E-01
 8372   0.14550000E-01
 8373   0.13310000E-01
 8374   0.12210000E-01
 8375   0.11220000E-01
 8376   0.10330000E-01
 8377   0.95400000E-02
 8378   0.28373800E+01
 8379   0.34312300E+01
 8380   0.71792600E+01
 8381   0.17322720E+02
 8382   0.17944680E+02
 8383   0.14226190E+02
 8384   0.10099730E+02
 8385   0.71356600E+01
 8386   0.49083700E+01
 8387   0.34354800E+01
 8388   0.22536700E+01
 8389   0.16253800E+01
 8390   0.12149900E+01
 8391   0.94334000E+00
 8392   0.47454000E+00
 8393   0.43160000E+00
 8394   0.34912000E+00
 8395   0.29948000E+00
 8396   0.25951000E+00
 8397   0.20609000E+00
 8398   0.13882000E+00
 8399   0.98460000E-01
 8400   0.73890000E-01
 8401   0.57750000E-01
 8402   0.46530000E-01
 8403   0.38370000E-01
 8404   0.32230000E-01
 8405   0.27490000E-01
 8406   0.23740000E-01
 8407   0.20720000E-01
 8408   0.18260000E-01
 8409   0.16210000E-01
 8410   0.14490000E-01
 8411   0.13040000E-01
 8412   0.11790000E-01
 8413   0.10720000E-01
 8414   0.97800000E-02
 8415   0.44932000E+00
 8416   0.30742000E+00
 8417   0.37029000E+00
 8418   0.42499000E+00
 8419   0.60344000E+00
 8420   0.47418000E+00
 8421   0.38411800E+01
 8422   0.76839500E+01
 8423   0.24244940E+02
 8424   0.41490350E+02
 8425   0.37097680E+02
 8426   0.26874010E+02
 8427   0.18566080E+02
 8428   0.12493050E+02
 8429   0.85172000E+01
 8430   0.58166300E+01
 8431   0.12974890E+02
 8432   0.56153270E+02
 8433   0.10650507E+03
 8434   0.92005100E+02
 8435   0.11849969E+03
 8436   0.11604525E+03
 8437   0.74075970E+02
 8438   0.43075810E+02
 8439   0.26069200E+02
 8440   0.16422580E+02
 8441   0.10656650E+02
 8442   0.73161600E+01
 8443   0.43812100E+01
 8444   0.28697800E+01
 8445   0.20053300E+01
 8446   0.14818000E+01
 8447   0.11335400E+01
 8448   0.88343000E+00
 8449   0.70552000E+00
 8450   0.57865000E+00
 8451   0.44786000E+00
 8452   0.34932000E+00
 8453   0.28690000E+00
 8454   0.21812000E+00
 8455   0.14601000E+00
 8456   0.10376000E+00
 8457   0.77900000E-01
 8458   0.60860000E-01
 8459   0.49000000E-01
 8460   0.64490000E-01
 8461   0.86420000E-01
 8462   0.34638000E+00
 8463   0.28971000E+00
 8464   0.29320000E+00
 8465   0.32623000E+00
 8466   0.38853000E+00
 8467   0.42060000E+00
 8468   0.41093000E+00
 8469   0.38614000E+00
 8470   0.13867800E+01
 8471   0.82243000E+00
 8472   0.12012700E+01
 8473   0.18472100E+01
 8474   0.18340700E+01
 8475   0.20453600E+01
 8476   0.18404300E+01
 8477   0.15403100E+01
 8478   0.12620500E+01
 8479   0.10256900E+01
 8480   0.82557000E+00
 8481   0.17850300E+01
 8482   0.93348000E+00
 8483   0.10124500E+01
 8484   0.81956000E+00
 8485   0.96410000E+00
 8486   0.63877000E+01
 8487   0.10709900E+02
 8488   0.23402240E+02
 8489   0.26116950E+02
 8490   0.22518110E+02
 8491   0.17873700E+02
 8492   0.14028320E+02
 8493   0.11354910E+02
 8494   0.91877300E+01
 8495   0.68275100E+01
 8496   0.52556800E+01
 8497   0.40239500E+01
 8498   0.28427300E+01
 8499   0.49868800E+01
 8500   0.55997500E+01
 8501   0.11565110E+02
 8502   0.17238300E+02
 8503   0.18238710E+02
 8504   0.15968040E+02
 8505   0.13234180E+02
 8506   0.12126120E+02
 8507   0.12151950E+02
 8508   0.13269620E+02
 8509   0.12625580E+02
 8510   0.12251220E+02
 8511   0.10742080E+02
 8512   0.10470420E+02
 8513   0.11149080E+02
 8514   0.10776890E+02
 8515   0.80547400E+01
 8516   0.59836600E+01
 8517   0.43617900E+01
 8518   0.29870400E+01
 8519   0.21658900E+01
 8520   0.16320700E+01
 8521   0.38141600E+01
 8522   0.81622000E+01
 8523   0.19968790E+02
 8524   0.26299610E+02
 8525   0.23155960E+02
 8526   0.25188370E+02
 8527   0.31867940E+02
 8528   0.16072494E+03
 8529   0.16945003E+03
 8530   0.87898330E+02
 8531   0.50073120E+02
 8532   0.33375820E+02
 8533   0.29695590E+02
 8534   0.29460790E+02
 8535   0.25776590E+02
 8536   0.19394380E+02
 8537   0.14160870E+02
 8538   0.10348300E+02
 8539   0.79241900E+01
 8540   0.62188800E+01
 8541   0.53722300E+01
 8542   0.48640900E+01
 8543   0.42711600E+01
 8544   0.34429700E+01
 8545   0.24730600E+01
 8546   0.15611300E+01
 8547   0.12298800E+01
 8548   0.98341000E+00
 8549   0.72549000E+00
 8550   0.79834000E+00
 8551   0.89968000E+00
 8552   0.58316000E+00
 8553   0.54910000E+00
 8554   0.17823500E+01
 8555   0.30268600E+01
 8556   0.54868200E+01
 8557   0.13015510E+02
 8558   0.21028450E+02
 8559   0.21739850E+02
 8560   0.18927370E+02
 8561   0.15315800E+02
 8562   0.12629633E+03
 8563   0.53888279E+03
 8564   0.50877485E+03
 8565   0.27447367E+03
 8566   0.91074123E+03
 8567   0.71271659E+03
 8568   0.42892156E+03
 8569   0.34650269E+03
 8570   0.22930694E+03
 8571   0.35344763E+03
 8572   0.43980219E+03
 8573   0.24438382E+03
 8574   0.23097758E+03
 8575   0.35118887E+03
 8576   0.40428905E+03
 8577   0.21388614E+03
 8578   0.11444853E+03
 8579   0.61188760E+02
 8580   0.34111440E+02
 8581   0.20393190E+02
 8582   0.12990510E+02
 8583   0.18101370E+02
 8584   0.13447579E+03
 8585   0.65694175E+03
 8586   0.81939343E+03
 8587   0.52784257E+03
 8588   0.37584608E+03
 8589   0.26445696E+03
 8590   0.16784915E+03
 8591   0.14867642E+03
 8592   0.92481970E+02
 8593   0.51461760E+02
 8594   0.37675230E+02
 8595   0.52223490E+02
 8596   0.11684540E+03
 8597   0.12496876E+03
 8598   0.85796400E+02
 8599   0.57101610E+02
 8600   0.50490390E+02
 8601   0.58018860E+02
 8602   0.59395660E+02
 8603   0.55412080E+02
 8604   0.49173870E+02
 8605   0.37109130E+02
 8606   0.25574300E+02
 8607   0.15994180E+02
 8608   0.10915290E+02
 8609   0.88795000E+01
 8610   0.98947500E+01
 8611   0.11468620E+02
 8612   0.16822650E+02
 8613   0.25720400E+02
 8614   0.40851950E+02
 8615   0.13982390E+03
 8616   0.15489503E+03
 8617   0.87667170E+02
 8618   0.78186430E+02
 8619   0.62477800E+02
 8620   0.39784200E+02
 8621   0.24315900E+02
 8622   0.16049830E+02
 8623   0.11937990E+02
 8624   0.10425100E+02
 8625   0.10543680E+02
 8626   0.11193210E+02
 8627   0.10874120E+02
 8628   0.87332500E+01
 8629   0.74554400E+01
 8630   0.73708600E+01
 8631   0.14346070E+02
 8632   0.60311640E+02
 8633   0.13357856E+03
 8634   0.98978000E+02
 8635   0.57081940E+02
 8636   0.34355920E+02
 8637   0.22357490E+02
 8638   0.14791100E+02
 8639   0.10307590E+02
 8640   0.72901600E+01
 8641   0.49488800E+01
 8642   0.33177400E+01
 8643   0.23646350E+02
 8644   0.95301740E+02
 8645   0.83586280E+02
 8646   0.49654460E+02
 8647   0.29486490E+02
 8648   0.17607490E+02
 8649   0.11454000E+02
 8650   0.77383600E+01
 8651   0.51141500E+01
 8652   0.34646400E+01
 8653   0.21707600E+01
 8654   0.15341900E+01
 8655   0.11298800E+01
 8656   0.84000000E+00
 8657   0.62034000E+00
 8658   0.45327000E+00
 8659   0.29781000E+00
 8660   0.23441000E+00
 8661   0.16625000E+00
 8662   0.11565000E+00
 8663   0.85340000E-01
 8664   0.65850000E-01
 8665   0.52510000E-01
 8666   0.42940000E-01
 8667   0.35830000E-01
 8668   0.30370000E-01
 8669   0.26100000E-01
 8670   0.22680000E-01
 8671   0.19900000E-01
 8672   0.17600000E-01
 8673   0.15690000E-01
 8674   0.14070000E-01
 8675   0.12690000E-01
 8676   0.11510000E-01
 8677   0.10480000E-01
 8678   0.95900000E-02
 8679   0.88000000E-02
 8680   0.81100000E-02
 8681   0.75000000E-02
 8682   0.69500000E-02
 8683   0.64600000E-02
 8684   0.60200000E-02
 8685   0.56200000E-02
 8686   0.52600000E-02
 8687   0.49300000E-02
 8688   0.46400000E-02
 8689   0.43700000E-02
 8690   0.41200000E-02
 8691   0.38900000E-02
 8692   0.36800000E-02
 8693   0.34800000E-02
 8694   0.33100000E-02
 8695   0.31400000E-02
 8696   0.29900000E-02
 8697   0.28400000E-02
 8698   0.27100000E-02
 8699   0.25900000E-02
 8700   0.24700000E-02
 8701   0.23600000E-02
 8702   0.22600000E-02
 8703   0.21600000E-02
 8704   0.20800000E-02
 8705   0.19900000E-02
 8706   0.19100000E-02
 8707   0.18400000E-02
 8708   0.17700000E-02
 8709   0.17000000E-02
 8710   0.16400000E-02
 8711   0.15800000E-02
 8712   0.15200000E-02
 8713   0.14700000E-02
 8714   0.14200000E-02
 8715   0.13700000E-02
 8716   0.13200000E-02
 8717   0.12800000E-02
 8718   0.12400000E-02
 8719   0.12000000E-02
 8720   0.11600000E-02
 8721   0.11300000E-02
 8722   0.10900000E-02
 8723   0.10600000E-02
 8724   0.10300000E-02
 8725   0.10000000E-02
 8726   0.98000000E-03
 8727   0.95000000E-03
 8728   0.92000000E-03
 8729   0.90000000E-03
 8730   0.88000000E-03
 8731   0.85000000E-03
 8732   0.83000000E-03
 8733   0.81000000E-03
 8734   0.79000000E-03
 8735   0.90300000E-02
 8736   0.39700000E-02
 8737   0.25000000E-02
 8738   0.22500000E-02
 8739   0.29800000E-02
 8740   0.47700000E-02
 8741   0.68500000E-02
 8742   0.83200000E-02
 8743   0.15590000E-01
 8744   0.61440000E-01
 8745   0.14725000E+00
 8746   0.19697000E+00
 8747   0.22748000E+00
 8748   0.97147000E+01
 8749   0.49348640E+02
 8750   0.75260590E+02
 8751   0.49939920E+02
 8752   0.30182530E+02
 8753   0.18864290E+02
 8754   0.12044660E+02
 8755   0.80390300E+01
 8756   0.53231300E+01
 8757   0.36638300E+01
 8758   0.22998700E+01
 8759   0.16542900E+01
 8760   0.12083300E+01
 8761   0.72371000E+00
 8762   0.64975000E+00
 8763   0.52041000E+00
 8764   0.41228000E+00
 8765   0.36358000E+00
 8766   0.33241000E+00
 8767   0.30348000E+00
 8768   0.28636000E+00
 8769   0.27150000E+00
 8770   0.25556000E+00
 8771   0.22344000E+00
 8772   0.19255000E+00
 8773   0.17539000E+00
 8774   0.15599000E+00
 8775   0.13651000E+00
 8776   0.11613000E+00
 8777   0.95240000E-01
 8778   0.77210000E-01
 8779   0.62950000E-01
 8780   0.51930000E-01
 8781   0.43390000E-01
 8782   0.36710000E-01
 8783   0.31420000E-01
 8784   0.27170000E-01
 8785   0.23710000E-01
 8786   0.20860000E-01
 8787   0.18490000E-01
 8788   0.16500000E-01
 8789   0.14810000E-01
 8790   0.13360000E-01
 8791   0.12120000E-01
 8792   0.11030000E-01
 8793   0.31580000E+00
 8794   0.22888000E+00
 8795   0.26867000E+00
 8796   0.28032000E+00
 8797   0.27718000E+00
 8798   0.26780000E+00
 8799   0.25074000E+00
 8800   0.23014000E+00
 8801   0.20241000E+00
 8802   0.16624000E+00
 8803   0.13436000E+00
 8804   0.10737000E+00
 8805   0.85600000E-01
 8806   0.68940000E-01
 8807   0.56340000E-01
 8808   0.46740000E-01
 8809   0.74740000E-01
 8810   0.10836000E+00
 8811   0.20529000E+00
 8812   0.20712000E+00
 8813   0.17662000E+00
 8814   0.14770000E+00
 8815   0.12027000E+00
 8816   0.96610000E-01
 8817   0.12832000E+00
 8818   0.67654000E+00
 8819   0.51406000E+00
 8820   0.73960000E+00
 8821   0.93081000E+00
 8822   0.12291600E+01
 8823   0.69421000E+00
 8824   0.75880000E+00
 8825   0.68269000E+00
 8826   0.61843000E+00
 8827   0.53556000E+00
 8828   0.46335000E+00
 8829   0.38292000E+00
 8830   0.35133000E+00
 8831   0.30943000E+00
 8832   0.27760000E+00
 8833   0.22270000E+00
 8834   0.17092000E+00
 8835   0.17511000E+00
 8836   0.22879000E+00
 8837   0.22765000E+00
 8838   0.22930000E+00
 8839   0.21568000E+00
 8840   0.18304000E+00
 8841   0.13592000E+00
 8842   0.10267000E+00
 8843   0.80050000E-01
 8844   0.40017000E+00
 8845   0.27238000E+00
 8846   0.31049000E+00
 8847   0.32998000E+00
 8848   0.37296000E+00
 8849   0.38234000E+00
 8850   0.39268000E+00
 8851   0.37868000E+00
 8852   0.35634000E+00
 8853   0.29509000E+00
 8854   0.25996000E+00
 8855   0.24432000E+00
 8856   0.51992000E+00
 8857   0.28175600E+01
 8858   0.48766400E+01
 8859   0.12331760E+02
 8860   0.20648310E+02
 8861   0.27371840E+02
 8862   0.29761590E+02
 8863   0.28924360E+02
 8864   0.22116490E+02
 8865   0.15791220E+02
 8866   0.10764060E+02
 8867   0.74560200E+01
 8868   0.50718700E+01
 8869   0.38752900E+01
 8870   0.25419700E+01
 8871   0.19348600E+01
 8872   0.18161900E+01
 8873   0.19069800E+01
 8874   0.15350100E+01
 8875   0.15788100E+01
 8876   0.13926700E+01
 8877   0.12016200E+01
 8878   0.14658000E+01
 8879   0.16204300E+01
 8880   0.77925200E+01
 8881   0.14457030E+02
 8882   0.30190660E+02
 8883   0.31766360E+02
 8884   0.26225780E+02
 8885   0.25793940E+02
 8886   0.38246860E+02
 8887   0.47354190E+02
 8888   0.51697530E+02
 8889   0.42181350E+02
 8890   0.30587130E+02
 8891   0.21107020E+02
 8892   0.29154280E+02
 8893   0.88448480E+02
 8894   0.15168615E+03
 8895   0.10879103E+03
 8896   0.67149680E+02
 8897   0.44628730E+02
 8898   0.43861440E+02
 8899   0.82641890E+02
 8900   0.88016090E+02
 8901   0.54207870E+02
 8902   0.33674460E+02
 8903   0.22979340E+02
 8904   0.16623870E+02
 8905   0.11852580E+02
 8906   0.12276210E+02
 8907   0.13934660E+02
 8908   0.19834200E+02
 8909   0.21454710E+02
 8910   0.18495950E+02
 8911   0.18294420E+02
 8912   0.33654720E+02
 8913   0.53887260E+02
 8914   0.54229720E+02
 8915   0.45172810E+02
 8916   0.51416080E+02
 8917   0.59648920E+02
 8918   0.56518190E+02
 8919   0.38397530E+02
 8920   0.25177540E+02
 8921   0.18890870E+02
 8922   0.16940110E+02
 8923   0.26252400E+02
 8924   0.31499800E+02
 8925   0.24125440E+02
 8926   0.16860810E+02
 8927   0.11250430E+02
 8928   0.76343400E+01
 8929   0.65512100E+01
 8930   0.60217900E+01
 8931   0.16201330E+02
 8932   0.13095188E+03
 8933   0.26035924E+03
 8934   0.24400666E+03
 8935   0.20900401E+03
 8936   0.19275197E+03
 8937   0.31269838E+03
 8938   0.22154796E+03
 8939   0.11313696E+03
 8940   0.57404900E+02
 8941   0.31911250E+02
 8942   0.19203140E+02
 8943   0.21795650E+02
 8944   0.67090920E+02
 8945   0.39825936E+03
 8946   0.28014044E+03
 8947   0.33061818E+03
 8948   0.31594680E+03
 8949   0.16762219E+03
 8950   0.10797957E+03
 8951   0.13192024E+03
 8952   0.23286877E+03
 8953   0.24443926E+03
 8954   0.21234243E+03
 8955   0.22061326E+03
 8956   0.19701392E+03
 8957   0.13195150E+03
 8958   0.11397339E+03
 8959   0.14952830E+03
 8960   0.14796255E+03
 8961   0.13215951E+03
 8962   0.11102849E+03
 8963   0.12491098E+03
 8964   0.18100079E+03
 8965   0.15885284E+03
 8966   0.97321540E+02
 8967   0.58162180E+02
 8968   0.35834970E+02
 8969   0.23541300E+02
 8970   0.45761610E+02
 8971   0.18092036E+03
 8972   0.11884437E+03
 8973   0.60276480E+02
 8974   0.32376940E+02
 8975   0.19304010E+02
 8976   0.11657770E+02
 8977   0.79469100E+01
 8978   0.67342200E+01
 8979   0.73199400E+01
 8980   0.85967300E+01
 8981   0.10526420E+02
 8982   0.10048810E+02
 8983   0.78085300E+01
 8984   0.72416200E+01
 8985   0.64669900E+01
 8986   0.80206500E+01
 8987   0.10312300E+02
 8988   0.12221810E+02
 8989   0.11642220E+02
 8990   0.11343040E+02
 8991   0.19648960E+02
 8992   0.34523040E+02
 8993   0.45691930E+02
 8994   0.44875030E+02
 8995   0.35023670E+02
 8996   0.23988550E+02
 8997   0.15364520E+02
 8998   0.10647290E+02
 8999   0.76890600E+01
 9000   0.54905700E+01
 9001   0.87930500E+01
 9002   0.16757880E+02
 9003   0.34090450E+02
 9004   0.32168000E+02
 9005   0.24840650E+02
 9006   0.40775860E+02
 9007   0.13472297E+03
 9008   0.11579226E+03
 9009   0.65314130E+02
 9010   0.37246370E+02
 9011   0.22345830E+02
 9012   0.13736060E+02
 9013   0.88665400E+01
 9014   0.57389200E+01
 9015   0.80218200E+01
 9016   0.88828700E+01
 9017   0.13346550E+02
 9018   0.14656710E+02
 9019   0.11571530E+02
 9020   0.82479700E+01
 9021   0.56718100E+01
 9022   0.38993300E+01
 9023   0.27606200E+01
 9024   0.23491600E+01
 9025   0.35051300E+01
 9026   0.97731000E+01
 9027   0.46901940E+02
 9028   0.69927570E+02
 9029   0.44813050E+02
 9030   0.26443770E+02
 9031   0.15986650E+02
 9032   0.10006630E+02
 9033   0.65200500E+01
 9034   0.43073300E+01
 9035   0.30163300E+01
 9036   0.25809700E+01
 9037   0.46440700E+01
 9038   0.69368050E+02
 9039   0.32575525E+03
 9040   0.24446067E+03
 9041   0.12149387E+03
 9042   0.59482350E+02
 9043   0.32578320E+02
 9044   0.19573400E+02
 9045   0.12291480E+02
 9046   0.81322300E+01
 9047   0.54031600E+01
 9048   0.32934200E+01
 9049   0.22730100E+01
 9050   0.16208000E+01
 9051   0.11926800E+01
 9052   0.89837000E+00
 9053   0.69374000E+00
 9054   0.64959000E+00
 9055   0.11960100E+01
 9056   0.64437940E+02
 9057   0.20963632E+03
 9058   0.11710452E+03
 9059   0.59936030E+02
 9060   0.32909280E+02
 9061   0.19572960E+02
 9062   0.12203260E+02
 9063   0.80326100E+01
 9064   0.52353900E+01
 9065   0.35508900E+01
 9066   0.21542000E+01
 9067   0.14711900E+01
 9068   0.10893400E+01
 9069   0.56556000E+00
 9070   0.50031000E+00
 9071   0.35663000E+00
 9072   0.32705000E+00
 9073   0.32442000E+00
 9074   0.31473000E+00
 9075   0.29321000E+00
 9076   0.26479000E+00
 9077   0.21223000E+00
 9078   0.13598000E+00
 9079   0.96840000E-01
 9080   0.15510000E+01
 9081   0.11935330E+02
 9082   0.57237420E+02
 9083   0.58209100E+02
 9084   0.36941220E+02
 9085   0.22910960E+02
 9086   0.14435020E+02
 9087   0.94338900E+01
 9088   0.62905500E+01
 9089   0.37600000E+01
 9090   0.23875600E+01
 9091   0.16743300E+01
 9092   0.12398600E+01
 9093   0.94210000E+00
 9094   0.72164000E+00
 9095   0.56558000E+00
 9096   0.41554000E+00
 9097   0.33668000E+00
 9098   0.27908000E+00
 9099   0.20618000E+00
 9100   0.13456000E+00
 9101   0.94870000E-01
 9102   0.71040000E-01
 9103   0.55500000E-01
 9104   0.10366300E+01
 9105   0.82298000E+00
 9106   0.60600500E+01
 9107   0.82454020E+02
 9108   0.19666241E+03
 9109   0.11607750E+03
 9110   0.62390630E+02
 9111   0.35756460E+02
 9112   0.21863280E+02
 9113   0.13757320E+02
 9114   0.90569200E+01
 9115   0.60605000E+01
 9116   0.41327600E+01
 9117   0.26361900E+01
 9118   0.18957200E+01
 9119   0.13865100E+01
 9120   0.74127000E+00
 9121   0.65395000E+00
 9122   0.51326000E+00
 9123   0.38539000E+00
 9124   0.32029000E+00
 9125   0.27431000E+00
 9126   0.22788000E+00
 9127   0.15256000E+00
 9128   0.10488000E+00
 9129   0.77100000E-01
 9130   0.59460000E-01
 9131   0.47480000E-01
 9132   0.38940000E-01
 9133   0.32600000E-01
 9134   0.27760000E-01
 9135   0.24010000E-01
 9136   0.21060000E-01
 9137   0.18710000E-01
 9138   0.16780000E-01
 9139   0.15180000E-01
 9140   0.13820000E-01
 9141   0.12650000E-01
 9142   0.11620000E-01
 9143   0.10720000E-01
 9144   0.99100000E-02
 9145   0.91900000E-02
 9146   0.85400000E-02
 9147   0.79600000E-02
 9148   0.74400000E-02
 9149   0.74700000E-02
 9150   0.14360000E-01
 9151   0.44140000E-01
 9152   0.75990000E-01
 9153   0.92250000E-01
 9154   0.94370000E-01
 9155   0.86120000E-01
 9156   0.74140000E-01
 9157   0.62620000E-01
 9158   0.73680000E-01
 9159   0.25610000E+00
 9160   0.26639000E+00
 9161   0.26349000E+00
 9162   0.26848000E+00
 9163   0.29016000E+00
 9164   0.31176000E+00
 9165   0.10445300E+01
 9166   0.84870000E+00
 9167   0.13664100E+01
 9168   0.26246400E+01
 9169   0.32690800E+01
 9170   0.35783500E+01
 9171   0.27663500E+01
 9172   0.24675200E+01
 9173   0.20104000E+01
 9174   0.15871700E+01
 9175   0.12857800E+01
 9176   0.10483500E+01
 9177   0.85899000E+00
 9178   0.69548000E+00
 9179   0.97568000E+00
 9180   0.61070000E+00
 9181   0.42963000E+00
 9182   0.42581000E+00
 9183   0.43473000E+00
 9184   0.69301000E+00
 9185   0.52292000E+00
 9186   0.54754000E+00
 9187   0.73024000E+00
 9188   0.58166000E+00
 9189   0.54153000E+00
 9190   0.48456000E+00
 9191   0.43683000E+00
 9192   0.32988000E+00
 9193   0.28177000E+00
 9194   0.25123000E+00
 9195   0.21937000E+00
 9196   0.17674000E+00
 9197   0.13468000E+00
 9198   0.10351000E+00
 9199   0.81040000E-01
 9200   0.64770000E-01
 9201   0.52790000E-01
 9202   0.43790000E-01
 9203   0.37290000E-01
 9204   0.34050000E-01
 9205   0.33660000E-01
 9206   0.33790000E-01
 9207   0.32920000E-01
 9208   0.31060000E-01
 9209   0.28680000E-01
 9210   0.26160000E-01
 9211   0.23710000E-01
 9212   0.21720000E-01
 9213   0.21980000E-01
 9214   0.67230000E-01
 9215   0.13505000E+00
 9216   0.16000000E+00
 9217   0.35020100E+01
 9218   0.23704500E+01
 9219   0.50827900E+01
 9220   0.85449800E+01
 9221   0.89243900E+01
 9222   0.67509900E+01
 9223   0.50265100E+01
 9224   0.36893000E+01
 9225   0.24251600E+01
 9226   0.17487700E+01
 9227   0.15541700E+01
 9228   0.12638800E+01
 9229   0.11150100E+01
 9230   0.94009000E+00
 9231   0.20395700E+01
 9232   0.56060100E+01
 9233   0.95420900E+01
 9234   0.21763240E+02
 9235   0.21803920E+02
 9236   0.17266850E+02
 9237   0.12869620E+02
 9238   0.99342600E+01
 9239   0.77274900E+01
 9240   0.61946800E+01
 9241   0.50609000E+01
 9242   0.41510500E+01
 9243   0.26427600E+01
 9244   0.25868400E+01
 9245   0.19004000E+01
 9246   0.15467700E+01
 9247   0.12567300E+01
 9248   0.99367000E+00
 9249   0.79871000E+00
 9250   0.64824000E+00
 9251   0.54504000E+00
 9252   0.68977600E+01
 9253   0.55314570E+02
 9254   0.13437781E+03
 9255   0.87637900E+02
 9256   0.50010460E+02
 9257   0.33251500E+02
 9258   0.30938410E+02
 9259   0.34471040E+02
 9260   0.34614320E+02
 9261   0.27445680E+02
 9262   0.34056090E+02
 9263   0.80322480E+02
 9264   0.10987901E+03
 9265   0.93430590E+02
 9266   0.12131256E+03
 9267   0.10885948E+03
 9268   0.67316410E+02
 9269   0.49000070E+02
 9270   0.42653900E+02
 9271   0.44537380E+02
 9272   0.36044350E+02
 9273   0.24256120E+02
 9274   0.15698540E+02
 9275   0.11775910E+02
 9276   0.17549240E+02
 9277   0.52179160E+02
 9278   0.94114740E+02
 9279   0.84946560E+02
 9280   0.61421570E+02
 9281   0.58728910E+02
 9282   0.80288370E+02
 9283   0.72219730E+02
 9284   0.51503780E+02
 9285   0.62731260E+02
 9286   0.10772106E+03
 9287   0.13848790E+03
 9288   0.15571032E+03
 9289   0.15170224E+03
 9290   0.13875391E+03
 9291   0.98056120E+02
 9292   0.66726070E+02
 9293   0.63668980E+02
 9294   0.15555123E+03
 9295   0.34866840E+03
 9296   0.16024233E+03
 9297   0.75834040E+02
 9298   0.40295500E+02
 9299   0.32797140E+02
 9300   0.10695824E+03
 9301   0.28709558E+03
 9302   0.20538584E+03
 9303   0.13776326E+03
 9304   0.10098961E+03
 9305   0.83996290E+02
 9306   0.57182550E+02
 9307   0.36020260E+02
 9308   0.23388440E+02
 9309   0.17367500E+02
 9310   0.44432320E+02
 9311   0.13944804E+03
 9312   0.13422838E+03
 9313   0.10215183E+03
 9314   0.82102110E+02
 9315   0.59735840E+02
 9316   0.45247450E+02
 9317   0.52127810E+02
 9318   0.11740800E+03
 9319   0.19694804E+03
 9320   0.22501587E+03
 9321   0.24537356E+03
 9322   0.19678170E+03
 9323   0.10926568E+03
 9324   0.21631549E+03
 9325   0.47802309E+03
 9326   0.25188859E+03
 9327   0.17437651E+03
 9328   0.13980070E+03
 9329   0.26607893E+03
 9330   0.25199141E+03
 9331   0.11825063E+03
 9332   0.58086420E+02
 9333   0.31303030E+02
 9334   0.18126190E+02
 9335   0.10735860E+02
 9336   0.74405700E+01
 9337   0.62389500E+01
 9338   0.53106100E+01
 9339   0.50406700E+01
 9340   0.45965200E+01
 9341   0.37388600E+01
 9342   0.26190900E+01
 9343   0.53171900E+01
 9344   0.19634030E+02
 9345   0.90792370E+02
 9346   0.83809130E+02
 9347   0.59613460E+02
 9348   0.63759420E+02
 9349   0.54158500E+02
 9350   0.34794070E+02
 9351   0.21192540E+02
 9352   0.13734140E+02
 9353   0.35243394E+03
 9354   0.61131334E+03
 9355   0.35301540E+03
 9356   0.27877915E+03
 9357   0.34117379E+03
 9358   0.33813741E+03
 9359   0.22170729E+03
 9360   0.12666589E+03
 9361   0.65717350E+02
 9362   0.35929020E+02
 9363   0.21220050E+02
 9364   0.12972130E+02
 9365   0.84072100E+01
 9366   0.20934310E+02
 9367   0.26986032E+03
 9368   0.24784654E+03
 9369   0.11771950E+03
 9370   0.58460950E+02
 9371   0.32055230E+02
 9372   0.19051700E+02
 9373   0.11751670E+02
 9374   0.76657500E+01
 9375   0.49510300E+01
 9376   0.25935300E+01
 9377   0.18900000E+01
 9378   0.13736500E+01
 9379   0.10213800E+01
 9380   0.78563000E+00
 9381   0.59920000E+00
 9382   0.44485000E+00
 9383   0.32881000E+00
 9384   0.27872000E+00
 9385   0.21598000E+00
 9386   0.14031000E+00
 9387   0.97610000E-01
 9388   0.73350000E-01
 9389   0.79744500E+01
 9390   0.19296750E+02
 9391   0.31071640E+02
 9392   0.25221950E+02
 9393   0.18022670E+02
 9394   0.12964100E+02
 9395   0.16536110E+02
 9396   0.28366730E+02
 9397   0.96077150E+02
 9398   0.60578030E+02
 9399   0.39721020E+02
 9400   0.28869110E+02
 9401   0.22874230E+02
 9402   0.18801260E+02
 9403   0.14493700E+02
 9404   0.10305540E+02
 9405   0.72376000E+01
 9406   0.48872100E+01
 9407   0.27012000E+01
 9408   0.19433700E+01
 9409   0.13867400E+01
 9410   0.10326200E+01
 9411   0.78189000E+00
 9412   0.59024000E+00
 9413   0.44286000E+00
 9414   0.34089000E+00
 9415   0.28244000E+00
 9416   0.22883000E+00
 9417   0.15072000E+00
 9418   0.10376000E+00
 9419   0.16200000E+00
 9420   0.26143000E+00
 9421   0.27418000E+00
 9422   0.39493000E+00
 9423   0.87121000E+00
 9424   0.26873400E+01
 9425   0.39297500E+01
 9426   0.39255700E+01
 9427   0.27090300E+01
 9428   0.21166400E+01
 9429   0.15418800E+01
 9430   0.11425700E+01
 9431   0.88281000E+00
 9432   0.67861000E+00
 9433   0.53169000E+00
 9434   0.39406000E+00
 9435   0.30852000E+00
 9436   0.26545000E+00
 9437   0.19157000E+00
 9438   0.12510000E+00
 9439   0.88450000E-01
 9440   0.66440000E-01
 9441   0.58280000E-01
 9442   0.61870000E-01
 9443   0.75830000E-01
 9444   0.10491000E+00
 9445   0.22294000E+00
 9446   0.27269000E+00
 9447   0.33602000E+00
 9448   0.34079000E+00
 9449   0.31842000E+00
 9450   0.29091000E+00
 9451   0.25277000E+00
 9452   0.18165000E+00
 9453   0.11940000E+00
 9454   0.84910000E-01
 9455   0.64080000E-01
 9456   0.50430000E-01
 9457   0.40930000E-01
 9458   0.34000000E-01
 9459   0.28780000E-01
 9460   0.24720000E-01
 9461   0.21490000E-01
 9462   0.18880000E-01
 9463   0.17050000E-01
 9464   0.15080000E-01
 9465   0.13560000E-01
 9466   0.12530000E-01
 9467   0.14310000E-01
 9468   0.23450000E-01
 9469   0.34240000E-01
 9470   0.38650000E-01
 9471   0.38170000E-01
 9472   0.35540000E-01
 9473   0.32240000E-01
 9474   0.28930000E-01
 9475   0.25860000E-01
 9476   0.23120000E-01
 9477   0.20700000E-01
 9478   0.18590000E-01
 9479   0.16750000E-01
 9480   0.15160000E-01
 9481   0.13800000E-01
 9482   0.12670000E-01
 9483   0.11760000E-01
 9484   0.11030000E-01
 9485   0.10430000E-01
 9486   0.99300000E-02
 9487   0.94800000E-02
 9488   0.90500000E-02
 9489   0.86400000E-02
 9490   0.82300000E-02
 9491   0.78400000E-02
 9492   0.74500000E-02
 9493   0.70700000E-02
 9494   0.67100000E-02
 9495   0.63700000E-02
 9496   0.60400000E-02
 9497   0.57200000E-02
 9498   0.54300000E-02
 9499   0.51500000E-02
 9500   0.48900000E-02
 9501   0.46400000E-02
 9502   0.44100000E-02
 9503   0.41900000E-02
 9504   0.39800000E-02
 9505   0.37900000E-02
 9506   0.36100000E-02
 9507   0.34400000E-02
 9508   0.32800000E-02
 9509   0.31300000E-02
 9510   0.29900000E-02
 9511   0.61204000E+00
 9512   0.42715900E+01
 9513   0.84336600E+01
 9514   0.17398910E+02
 9515   0.17723300E+02
 9516   0.13780800E+02
 9517   0.97624700E+01
 9518   0.69149700E+01
 9519   0.47539500E+01
 9520   0.25751200E+01
 9521   0.19547200E+01
 9522   0.14411400E+01
 9523   0.11001000E+01
 9524   0.86866000E+00
 9525   0.69097000E+00
 9526   0.56258000E+00
 9527   0.43233000E+00
 9528   0.34926000E+00
 9529   0.28582000E+00
 9530   0.21730000E+00
 9531   0.14327000E+00
 9532   0.10104000E+00
 9533   0.75560000E-01
 9534   0.58910000E-01
 9535   0.47360000E-01
 9536   0.39000000E-01
 9537   0.36998000E+00
 9538   0.30611000E+00
 9539   0.31839000E+00
 9540   0.31192000E+00
 9541   0.29846000E+00
 9542   0.29140000E+00
 9543   0.27586000E+00
 9544   0.25824000E+00
 9545   0.24060000E+00
 9546   0.22145000E+00
 9547   0.19791000E+00
 9548   0.16506000E+00
 9549   0.13570000E+00
 9550   0.10985000E+00
 9551   0.87970000E-01
 9552   0.71670000E-01
 9553   0.59450000E-01
 9554   0.86550000E-01
 9555   0.88560000E-01
 9556   0.14294000E+00
 9557   0.20973000E+00
 9558   0.19225000E+00
 9559   0.19972000E+00
 9560   0.19507000E+00
 9561   0.18744000E+00
 9562   0.43620000E+00
 9563   0.21642500E+01
 9564   0.23947100E+01
 9565   0.51801700E+01
 9566   0.90961100E+01
 9567   0.10767110E+02
 9568   0.93798800E+01
 9569   0.72150600E+01
 9570   0.52093900E+01
 9571   0.31080100E+01
 9572   0.22412500E+01
 9573   0.16142500E+01
 9574   0.14019900E+01
 9575   0.15145760E+02
 9576   0.96138750E+02
 9577   0.15984558E+03
 9578   0.20086046E+03
 9579   0.18284862E+03
 9580   0.12381137E+03
 9581   0.93190840E+02
 9582   0.74765240E+02
 9583   0.55804870E+02
 9584   0.41110080E+02
 9585   0.31817130E+02
 9586   0.24345690E+02
 9587   0.17825120E+02
 9588   0.12527290E+02
 9589   0.87164900E+01
 9590   0.61407400E+01
 9591   0.45614300E+01
 9592   0.37177400E+01
 9593   0.38202300E+01
 9594   0.42537600E+01
 9595   0.50522100E+01
 9596   0.66832700E+01
 9597   0.78282600E+01
 9598   0.96793600E+01
 9599   0.11486710E+02
 9600   0.11142420E+02
 9601   0.89206800E+01
 9602   0.60307100E+01
 9603   0.67491900E+01
 9604   0.62129400E+01
 9605   0.72807200E+01
 9606   0.87023000E+01
 9607   0.13000390E+02
 9608   0.14635320E+02
 9609   0.17094100E+02
 9610   0.16302120E+02
 9611   0.18133910E+02
 9612   0.20087200E+02
 9613   0.26447990E+02
 9614   0.29655110E+02
 9615   0.29384740E+02
 9616   0.39799570E+02
 9617   0.56431510E+02
 9618   0.51642680E+02
 9619   0.37952350E+02
 9620   0.26729340E+02
 9621   0.19024610E+02
 9622   0.12641430E+02
 9623   0.89744900E+01
 9624   0.72077500E+01
 9625   0.13089400E+02
 9626   0.24980440E+02
 9627   0.41945760E+02
 9628   0.31343840E+02
 9629   0.21518590E+02
 9630   0.14407140E+02
 9631   0.99149300E+01
 9632   0.64753300E+01
 9633   0.64773400E+01
 9634   0.60095000E+01
 9635   0.60180500E+01
 9636   0.52913800E+01
 9637   0.41643200E+01
 9638   0.29723700E+01
 9639   0.23859700E+01
 9640   0.20518600E+01
 9641   0.12024670E+02
 9642   0.72084650E+02
 9643   0.14285439E+03
 9644   0.94275290E+02
 9645   0.69384760E+02
 9646   0.66143450E+02
 9647   0.59716880E+02
 9648   0.42881650E+02
 9649   0.28935730E+02
 9650   0.19696540E+02
 9651   0.28866950E+02
 9652   0.13008428E+03
 9653   0.22290148E+03
 9654   0.28983016E+03
 9655   0.26419272E+03
 9656   0.24926297E+03
 9657   0.17253535E+03
 9658   0.16433925E+03
 9659   0.11724561E+03
 9660   0.11639240E+03
 9661   0.20442688E+03
 9662   0.17494407E+03
 9663   0.14111747E+03
 9664   0.12861898E+03
 9665   0.11235728E+03
 9666   0.27906862E+03
 9667   0.40704994E+03
 9668   0.27263052E+03
 9669   0.19467423E+03
 9670   0.24466096E+03
 9671   0.32387358E+03
 9672   0.25842661E+03
 9673   0.17673783E+03
 9674   0.12358400E+03
 9675   0.91365550E+02
 9676   0.85350120E+02
 9677   0.96603000E+02
 9678   0.10484277E+03
 9679   0.11360540E+03
 9680   0.16060375E+03
 9681   0.21561993E+03
 9682   0.34289973E+03
 9683   0.25019095E+03
 9684   0.16939455E+03
 9685   0.17586255E+03
 9686   0.19885757E+03
 9687   0.24201632E+03
 9688   0.22033522E+03
 9689   0.25488423E+03
 9690   0.29427485E+03
 9691   0.27746778E+03
 9692   0.27471494E+03
 9693   0.15967011E+03
 9694   0.92794910E+02
 9695   0.70955050E+02
 9696   0.63811920E+02
 9697   0.52789990E+02
 9698   0.36850530E+02
 9699   0.26348260E+02
 9700   0.20067250E+02
 9701   0.14959150E+02
 9702   0.10817470E+02
 9703   0.76645500E+01
 9704   0.48093300E+01
 9705   0.34842200E+01
 9706   0.23671700E+01
 9707   0.16580200E+01
 9708   0.12303000E+01
 9709   0.93156000E+00
 9710   0.72861000E+00
 9711   0.58419000E+00
 9712   0.41277000E+00
 9713   0.31890000E+00
 9714   0.26738000E+00
 9715   0.27420000E+00
 9716   0.13625800E+01
 9717   0.10284700E+01
 9718   0.16110400E+01
 9719   0.27274900E+01
 9720   0.41710500E+01
 9721   0.77875500E+01
 9722   0.11938590E+02
 9723   0.13272220E+02
 9724   0.12007710E+02
 9725   0.10452290E+02
 9726   0.10155600E+02
 9727   0.11609910E+02
 9728   0.11455590E+02
 9729   0.11678890E+02
 9730   0.11724710E+02
 9731   0.10532510E+02
 9732   0.82388400E+01
 9733   0.59331600E+01
 9734   0.41725000E+01
 9735   0.23127400E+01
 9736   0.17713900E+01
 9737   0.12747700E+01
 9738   0.14192300E+01
 9739   0.11921400E+01
 9740   0.10972400E+01
 9741   0.10222300E+01
 9742   0.87147000E+00
 9743   0.72680000E+00
 9744   0.56924000E+00
 9745   0.36052000E+00
 9746   0.29637000E+00
 9747   0.25147000E+00
 9748   0.18844000E+00
 9749   0.12908000E+00
 9750   0.93760000E-01
 9751   0.71540000E-01
 9752   0.56580000E-01
 9753   0.45980000E-01
 9754   0.38160000E-01
 9755   0.32210000E-01
 9756   0.27580000E-01
 9757   0.23890000E-01
 9758   0.20900000E-01
 9759   0.18450000E-01
 9760   0.16400000E-01
 9761   0.14680000E-01
 9762   0.13220000E-01
 9763   0.11960000E-01
 9764   0.10880000E-01
 9765   0.99300000E-02
 9766   0.91100000E-02
 9767   0.83800000E-02
 9768   0.77400000E-02
 9769   0.71600000E-02
 9770   0.66500000E-02
 9771   0.61900000E-02
 9772   0.57700000E-02
 9773   0.54000000E-02
 9774   0.50600000E-02
 9775   0.47500000E-02
 9776   0.44700000E-02
 9777   0.42100000E-02
 9778   0.39700000E-02
 9779   0.37600000E-02
 9780   0.35600000E-02
 9781   0.33700000E-02
 9782   0.32000000E-02
 9783   0.30400000E-02
 9784   0.28900000E-02
 9785   0.27600000E-02
 9786   0.26300000E-02
 9787   0.25100000E-02
 9788   0.24000000E-02
 9789   0.22900000E-02
 9790   0.22000000E-02
 9791   0.21000000E-02
 9792   0.20200000E-02
 9793   0.19400000E-02
 9794   0.18600000E-02
 9795   0.17900000E-02
 9796   0.17200000E-02
 9797   0.16600000E-02
 9798   0.16000000E-02
 9799   0.15400000E-02
 9800   0.14800000E-02
 9801   0.14300000E-02
 9802   0.13800000E-02
 9803   0.13400000E-02
 9804   0.12900000E-02
 9805   0.12500000E-02
 9806   0.12100000E-02
 9807   0.11700000E-02
 9808   0.11300000E-02
 9809   0.11000000E-02
 9810   0.10700000E-02
 9811   0.10300000E-02
 9812   0.10000000E-02
 9813   0.97000000E-03
 9814   0.95000000E-03
 9815   0.92000000E-03
 9816   0.89000000E-03
 9817   0.87000000E-03
 9818   0.85000000E-03
 9819   0.82000000E-03
 9820   0.47090000E-01
 9821   0.92786000E+00
 9822   0.53300000E+00
 9823   0.77350000E+00
 9824   0.10113600E+01
 9825   0.10528100E+01
 9826   0.97150000E+00
 9827   0.60011000E+00
 9828   0.59769000E+00
 9829   0.48362000E+00
 9830   0.40269000E+00
 9831   0.34990000E+00
 9832   0.31026000E+00
 9833   0.27791000E+00
 9834   0.24023000E+00
 9835   0.19016000E+00
 9836   0.13429000E+00
 9837   0.98630000E-01
 9838   0.75540000E-01
 9839   0.12111000E+00
 9840   0.91986300E+01
 9841   0.29775700E+02
 9842   0.46768730E+02
 9843   0.35314970E+02
 9844   0.23354440E+02
 9845   0.15216920E+02
 9846   0.10041630E+02
 9847   0.68747300E+01
 9848   0.40855700E+01
 9849   0.26402200E+01
 9850   0.18340300E+01
 9851   0.13523200E+01
 9852   0.10507900E+01
 9853   0.83169000E+00
 9854   0.67875000E+00
 9855   0.55701000E+00
 9856   0.41270000E+00
 9857   0.33064000E+00
 9858   0.24309000E+00
 9859   0.16601000E+00
 9860   0.11913000E+00
 9861   0.10414000E+00
 9862   0.54040000E+00
 9863   0.29130800E+01
 9864   0.55320800E+01
 9865   0.14528440E+02
 9866   0.22438910E+02
 9867   0.21303880E+02
 9868   0.16153060E+02
 9869   0.11737470E+02
 9870   0.83549200E+01
 9871   0.58582000E+01
 9872   0.41326000E+01
 9873   0.27092800E+01
 9874   0.19241300E+01
 9875   0.14699800E+01
 9876   0.11618600E+01
 9877   0.93735000E+00
 9878   0.48333000E+00
 9879   0.57008000E+00
 9880   0.40237000E+00
 9881   0.57429000E+00
 9882   0.48630000E+00
 9883   0.96255000E+01
 9884   0.58611410E+02
 9885   0.10892727E+03
 9886   0.82264050E+02
 9887   0.56802130E+02
 9888   0.39950690E+02
 9889   0.28523540E+02
 9890   0.28346030E+02
 9891   0.31450160E+02
 9892   0.42605490E+02
 9893   0.53683420E+02
 9894   0.48123580E+02
 9895   0.34686910E+02
 9896   0.23463470E+02
 9897   0.15924700E+02
 9898   0.10802840E+02
 9899   0.70557800E+01
 9900   0.49585500E+01
 9901   0.35777500E+01
 9902   0.23651200E+01
 9903   0.17293900E+01
 9904   0.51904500E+01
 9905   0.18517860E+02
 9906   0.78732050E+02
 9907   0.84526170E+02
 9908   0.58036470E+02
 9909   0.36271020E+02
 9910   0.23959470E+02
 9911   0.16609380E+02
 9912   0.11657650E+02
 9913   0.85086400E+01
 9914   0.63983500E+01
 9915   0.48551700E+01
 9916   0.37673100E+01
 9917   0.25902000E+01
 9918   0.18900800E+01
 9919   0.10774500E+01
 9920   0.92631000E+00
 9921   0.70968000E+00
 9922   0.55542000E+00
 9923   0.45784000E+00
 9924   0.35733000E+00
 9925   0.30165000E+00
 9926   0.27640000E+00
 9927   0.24796000E+00
 9928   0.39689000E+00
 9929   0.11296700E+01
 9930   0.22946700E+01
 9931   0.54162100E+01
 9932   0.12483430E+02
 9933   0.18289330E+02
 9934   0.16732630E+02
 9935   0.12628540E+02
 9936   0.90319800E+01
 9937   0.72968500E+01
 9938   0.62699600E+01
 9939   0.58626400E+01
 9940   0.50939000E+01
 9941   0.44485400E+01
 9942   0.34929900E+01
 9943   0.33604400E+01
 9944   0.11066880E+02
 9945   0.25960350E+02
 9946   0.40570370E+02
 9947   0.34396030E+02
 9948   0.35151550E+02
 9949   0.35296860E+02
 9950   0.30118780E+02
 9951   0.21834410E+02
 9952   0.14943400E+02
 9953   0.99807200E+01
 9954   0.70400700E+01
 9955   0.64681600E+01
 9956   0.69890500E+01
 9957   0.19053820E+02
 9958   0.42049460E+02
 9959   0.53134000E+02
 9960   0.43557510E+02
 9961   0.39942590E+02
 9962   0.86838200E+02
 9963   0.12632628E+03
 9964   0.13619119E+03
 9965   0.14618518E+03
 9966   0.12264919E+03
 9967   0.86216030E+02
 9968   0.10660243E+03
 9969   0.13901399E+03
 9970   0.83869840E+02
 9971   0.44258450E+02
 9972   0.25427510E+02
 9973   0.15394380E+02
 9974   0.10755870E+02
 9975   0.12309930E+02
 9976   0.71846530E+02
 9977   0.30473432E+03
 9978   0.18966759E+03
 9979   0.92121580E+02
 9980   0.47717530E+02
 9981   0.26269900E+02
 9982   0.16588120E+02
 9983   0.35255330E+02
 9984   0.11148192E+03
 9985   0.20725044E+03
 9986   0.22259489E+03
 9987   0.14134028E+03
 9988   0.87466620E+02
 9989   0.55331300E+02
 9990   0.35965260E+02
 9991   0.23282860E+02
 9992   0.15578590E+02
 9993   0.10496220E+02
 9994   0.77808500E+01
 9995   0.15166320E+02
 9996   0.42538350E+02
 9997   0.61004600E+02
 9998   0.46495690E+02
 9999   0.31008470E+02
10000   0.21686120E+02
10001   0.16320480E+02
10002   0.23885670E+02
10003   0.59043230E+02
10004   0.93554430E+02
10005   0.74494310E+02
10006   0.61343610E+02
10007   0.44007450E+02
10008   0.29646680E+02
10009   0.20380800E+02
10010   0.15685600E+02
10011   0.32647520E+02
10012   0.91510140E+02
10013   0.17283630E+03
10014   0.23225162E+03
10015   0.22415849E+03
10016   0.25632421E+03
10017   0.20736597E+03
10018   0.12789922E+03
10019   0.80850880E+02
10020   0.52731130E+02
10021   0.34180800E+02
10022   0.21413140E+02
10023   0.13750910E+02
10024   0.90460000E+01
10025   0.60732300E+01
10026   0.46245200E+01
10027   0.60179000E+01
10028   0.10055570E+02
10029   0.38786630E+02
10030   0.58723950E+02
10031   0.82454910E+02
10032   0.11446790E+03
10033   0.11100263E+03
10034   0.12162891E+03
10035   0.13199426E+03
10036   0.13351867E+03
10037   0.16015732E+03
10038   0.20850616E+03
10039   0.41333386E+03
10040   0.85706133E+03
10041   0.42960323E+03
10042   0.23058244E+03
10043   0.10866759E+03
10044   0.53706510E+02
10045   0.30727210E+02
10046   0.19231600E+02
10047   0.12415710E+02
10048   0.82620400E+01
10049   0.62211000E+01
10050   0.12540370E+02
10051   0.36579600E+02
10052   0.79548900E+02
10053   0.98055940E+02
10054   0.12372426E+03
10055   0.13924205E+03
10056   0.12731371E+03
10057   0.43424795E+03
10058   0.70331104E+03
10059   0.33731064E+03
10060   0.15122077E+03
10061   0.72689940E+02
10062   0.39086150E+02
10063   0.22589570E+02
10064   0.14173840E+02
10065   0.97018900E+01
10066   0.69687500E+01
10067   0.59363300E+01
10068   0.17041000E+02
10069   0.14061357E+03
10070   0.23835945E+03
10071   0.17304501E+03
10072   0.10022871E+03
10073   0.75911990E+02
10074   0.11667552E+03
10075   0.27990121E+03
10076   0.24620158E+03
10077   0.28941736E+03
10078   0.25031057E+03
10079   0.18014775E+03
10080   0.19925042E+03
10081   0.26712564E+03
10082   0.26304977E+03
10083   0.20624968E+03
10084   0.15415187E+03
10085   0.11589285E+03
10086   0.77619930E+02
10087   0.48556910E+02
10088   0.37349030E+02
10089   0.41073740E+02
10090   0.46882080E+02
10091   0.39783250E+02
10092   0.28042620E+02
10093   0.18811430E+02
10094   0.11976610E+02
10095   0.83855000E+01
10096   0.73547800E+01
10097   0.74203100E+01
10098   0.76760300E+01
10099   0.77868000E+01
10100   0.64920500E+01
10101   0.48672100E+01
10102   0.54103700E+01
10103   0.64439800E+01
10104   0.81604200E+01
10105   0.10224050E+02
10106   0.10120350E+02
10107   0.85167800E+01
10108   0.71569700E+01
10109   0.83007100E+01
10110   0.17389540E+02
10111   0.47898000E+02
10112   0.93716070E+02
10113   0.18371330E+03
10114   0.11869174E+03
10115   0.64214950E+02
10116   0.36367020E+02
10117   0.21862490E+02
10118   0.13503030E+02
10119   0.87277500E+01
10120   0.56659700E+01
10121   0.37862800E+01
10122   0.22998100E+01
10123   0.15984700E+01
10124   0.89697000E+00
10125   0.76908000E+00
10126   0.59788000E+00
10127   0.42127000E+00
10128   0.32328000E+00
10129   0.27611000E+00
10130   0.21920000E+00
10131   0.14399000E+00
10132   0.10007000E+00
10133   0.74180000E-01
10134   0.57770000E-01
10135   0.52600000E-01
10136   0.82520000E-01
10137   0.14909000E+00
10138   0.14850000E+00
10139   0.12542000E+00
10140   0.10144000E+00
10141   0.81800000E-01
10142   0.66600000E-01
10143   0.54940000E-01
10144   0.45940000E-01
10145   0.38890000E-01
10146   0.33300000E-01
10147   0.28800000E-01
10148   0.25130000E-01
10149   0.22110000E-01
10150   0.19600000E-01
10151   0.17480000E-01
10152   0.15680000E-01
10153   0.14140000E-01
10154   0.12820000E-01
10155   0.11660000E-01
10156   0.10660000E-01
10157   0.97800000E-02
10158   0.90000000E-02
10159   0.49463200E+01
10160   0.19553550E+02
10161   0.48298220E+02
10162   0.37313010E+02
10163   0.23965120E+02
10164   0.15138840E+02
10165   0.92550300E+01
10166   0.60638300E+01
10167   0.40065500E+01
10168   0.23940600E+01
10169   0.16605300E+01
10170   0.12001900E+01
10171   0.89461000E+00
10172   0.67724000E+00
10173   0.51783000E+00
10174   0.35556000E+00
10175   0.28828000E+00
10176   0.20824000E+00
10177   0.13357000E+00
10178   0.93230000E-01
10179   0.69390000E-01
10180   0.54010000E-01
10181   0.43440000E-01
10182   0.35810000E-01
10183   0.30100000E-01
10184   0.25700000E-01
10185   0.22230000E-01
10186   0.19430000E-01
10187   0.17150000E-01
10188   0.15330000E-01
10189   0.13710000E-01
10190   0.12380000E-01
10191   0.11310000E-01
10192   0.10840000E-01
10193   0.35113000E+00
10194   0.28234000E+00
10195   0.31570000E+00
10196   0.31728000E+00
10197   0.30179000E+00
10198   0.28298000E+00
10199   0.25772000E+00
10200   0.23128000E+00
10201   0.19915000E+00
10202   0.15784000E+00
10203   0.38371000E+01
10204   0.46734700E+01
10205   0.11857130E+02
10206   0.16927870E+02
10207   0.15187560E+02
10208   0.11214040E+02
10209   0.78477700E+01
10210   0.53574500E+01
10211   0.37515900E+01
10212   0.23658400E+01
10213   0.16852900E+01
10214   0.12430200E+01
10215   0.93662000E+00
10216   0.73599000E+00
10217   0.38915000E+00
10218   0.31976000E+00
10219   0.27588000E+00
10220   0.23078000E+00
10221   0.16102000E+00
10222   0.11186000E+00
10223   0.82560000E-01
10224   0.63750000E-01
10225   0.50870000E-01
10226   0.41640000E-01
10227   0.34760000E-01
10228   0.29500000E-01
10229   0.25370000E-01
10230   0.22060000E-01
10231   0.19760000E-01
10232   0.17300000E-01
10233   0.15390000E-01
10234   0.13830000E-01
10235   0.12500000E-01
10236   0.11360000E-01
10237   0.10370000E-01
10238   0.95100000E-02
10239   0.87400000E-02
10240   0.80700000E-02
10241   0.74700000E-02
10242   0.69300000E-02
10243   0.64500000E-02
10244   0.60200000E-02
10245   0.56300000E-02
10246   0.52800000E-02
10247   0.49600000E-02
10248   0.46700000E-02
10249   0.44000000E-02
10250   0.41600000E-02
10251   0.39600000E-02
10252   0.37500000E-02
10253   0.35500000E-02
10254   0.33700000E-02
10255   0.32100000E-02
10256   0.30600000E-02
10257   0.29200000E-02
10258   0.27900000E-02
10259   0.26700000E-02
10260   0.25600000E-02
10261   0.24600000E-02
10262   0.23600000E-02
10263   0.22600000E-02
10264   0.21800000E-02
10265   0.20900000E-02
10266   0.20100000E-02
10267   0.19400000E-02
10268   0.18700000E-02
10269   0.18000000E-02
10270   0.17400000E-02
10271   0.16800000E-02
10272   0.16200000E-02
10273   0.15700000E-02
10274   0.15200000E-02
10275   0.14700000E-02
10276   0.14200000E-02
10277   0.13800000E-02
10278   0.13300000E-02
10279   0.85828000E+00
10280   0.73681000E+00
10281   0.86550000E+00
10282   0.27054200E+01
10283   0.39462900E+01
10284   0.57673600E+01
10285   0.11071520E+02
10286   0.17814320E+02
10287   0.21069000E+02
10288   0.18211090E+02
10289   0.14565650E+02
10290   0.10547560E+02
10291   0.74683600E+01
10292   0.52307600E+01
10293   0.42941900E+01
10294   0.36746400E+01
10295   0.32853700E+01
10296   0.32166300E+01
10297   0.36484500E+01
10298   0.33049200E+01
10299   0.26619300E+01
10300   0.38686000E+01
10301   0.65826900E+01
10302   0.15174940E+02
10303   0.35593100E+02
10304   0.65890620E+02
10305   0.63297260E+02
10306   0.42896250E+02
10307   0.38415440E+02
10308   0.45529530E+02
10309   0.55500040E+02
10310   0.45319340E+02
10311   0.35846450E+02
10312   0.29146800E+02
10313   0.24907250E+02
10314   0.20154010E+02
10315   0.14881240E+02
10316   0.10389140E+02
10317   0.73074700E+01
10318   0.49758600E+01
10319   0.27383800E+01
10320   0.20143300E+01
10321   0.15098000E+01
10322   0.12321400E+01
10323   0.98728000E+00
10324   0.82095000E+00
10325   0.67723000E+00
10326   0.54901000E+00
10327   0.41336000E+00
10328   0.32577000E+00
10329   0.25319000E+00
10330   0.17403000E+00
10331   0.12134000E+00
10332   0.90020000E-01
10333   0.97020400E+01
10334   0.29074610E+02
10335   0.61027080E+02
10336   0.43931190E+02
10337   0.27713360E+02
10338   0.17664280E+02
10339   0.11378470E+02
10340   0.71393600E+01
10341   0.47225100E+01
10342   0.43088400E+01
10343   0.59652000E+01
10344   0.99475400E+01
10345   0.20776840E+02
10346   0.27597220E+02
10347   0.24594560E+02
10348   0.19122530E+02
10349   0.13835520E+02
10350   0.91535200E+01
10351   0.63666800E+01
10352   0.43445800E+01
10353   0.36413800E+01
10354   0.26108800E+01
10355   0.22628600E+01
10356   0.20306400E+01
10357   0.18108200E+01
10358   0.16116600E+01
10359   0.14948400E+01
10360   0.51821900E+01
10361   0.19355860E+02
10362   0.95653140E+02
10363   0.96176350E+02
10364   0.69623370E+02
10365   0.58426970E+02
10366   0.53599320E+02
10367   0.45901110E+02
10368   0.34793390E+02
10369   0.25493880E+02
10370   0.20755070E+02
10371   0.18544490E+02
10372   0.16886540E+02
10373   0.31395460E+02
10374   0.18443525E+03
10375   0.18549977E+03
10376   0.10084050E+03
10377   0.53615110E+02
10378   0.32969910E+02
10379   0.37503500E+02
10380   0.10184335E+03
10381   0.23747795E+03
10382   0.21424882E+03
10383   0.19310546E+03
10384   0.19906511E+03
10385   0.13620148E+03
10386   0.76998490E+02
10387   0.43840420E+02
10388   0.34454700E+02
10389   0.83566770E+02
10390   0.20376786E+03
10391   0.11841406E+03
10392   0.78386270E+02
10393   0.12482022E+03
10394   0.18131994E+03
10395   0.95860000E+02
10396   0.49459480E+02
10397   0.28745450E+02
10398   0.18226300E+02
10399   0.13337030E+02
10400   0.15829520E+02
10401   0.10625694E+03
10402   0.35108447E+03
10403   0.27123474E+03
10404   0.21140117E+03
10405   0.17699789E+03
10406   0.12176649E+03
10407   0.70980400E+02
10408   0.51158240E+02
10409   0.57724230E+02
10410   0.66141890E+02
10411   0.50757880E+02
10412   0.35481590E+02
10413   0.24235670E+02
10414   0.18086710E+02
10415   0.20553720E+02
10416   0.32627730E+02
10417   0.44310550E+02
10418   0.39168430E+02
10419   0.35069740E+02
10420   0.35382940E+02
10421   0.38456980E+02
10422   0.33433800E+02
10423   0.24978050E+02
10424   0.17185080E+02
10425   0.11475830E+02
10426   0.77743400E+01
10427   0.51776200E+01
10428   0.36091500E+01
10429   0.22486600E+01
10430   0.16229900E+01
10431   0.13458300E+01
10432   0.89931000E+00
10433   0.11744860E+02
10434   0.71236830E+02
10435   0.13842871E+03
10436   0.14083966E+03
10437   0.88459810E+02
10438   0.50435140E+02
10439   0.36959470E+02
10440   0.31747870E+02
10441   0.26668160E+02
10442   0.19458310E+02
10443   0.16068550E+02
10444   0.19558910E+02
10445   0.22385390E+02
10446   0.19983800E+02
10447   0.15665150E+02
10448   0.12019540E+02
10449   0.10501520E+02
10450   0.11197730E+02
10451   0.10937470E+02
10452   0.85203800E+01
10453   0.73225700E+01
10454   0.85269400E+01
10455   0.23162020E+02
10456   0.10100175E+03
10457   0.16981399E+03
10458   0.10267859E+03
10459   0.75442540E+02
10460   0.53322930E+02
10461   0.33931840E+02
10462   0.20810670E+02
10463   0.13316050E+02
10464   0.10298360E+02
10465   0.16586540E+02
10466   0.37109670E+02
10467   0.18035108E+03
10468   0.25157785E+03
10469   0.19092335E+03
10470   0.92255530E+02
10471   0.50204040E+02
10472   0.34374440E+02
10473   0.24140160E+02
10474   0.17090810E+02
10475   0.11484690E+02
10476   0.77117200E+01
10477   0.50849800E+01
10478   0.33497900E+01
10479   0.21228900E+01
10480   0.14945900E+01
10481   0.10804800E+01
10482   0.77622000E+00
10483   0.41873000E+00
10484   0.34286000E+00
10485   0.28459000E+00
10486   0.23539000E+00
10487   0.16002000E+00
10488   0.10991000E+00
10489   0.80670000E-01
10490   0.62120000E-01
10491   0.49510000E-01
10492   0.40510000E-01
10493   0.33830000E-01
10494   0.28720000E-01
10495   0.24710000E-01
10496   0.21510000E-01
10497   0.18900000E-01
10498   0.16750000E-01
10499   0.14950000E-01
10500   0.13430000E-01
10501   0.12130000E-01
10502   0.11010000E-01
10503   0.57004000E+00
10504   0.19447500E+01
10505   0.10485500E+01
10506   0.29189500E+01
10507   0.47175500E+01
10508   0.66633600E+01
10509   0.70158000E+01
10510   0.62032700E+01
10511   0.49792300E+01
10512   0.38763900E+01
10513   0.25976700E+01
10514   0.15461300E+01
10515   0.12052400E+01
10516   0.86356000E+00
10517   0.65236000E+00
10518   0.50858000E+00
10519   0.36347000E+00
10520   0.15584300E+01
10521   0.89538000E+00
10522   0.13074100E+01
10523   0.28209700E+01
10524   0.59364800E+01
10525   0.99751300E+01
10526   0.14499680E+02
10527   0.20118380E+02
10528   0.20863740E+02
10529   0.22619640E+02
10530   0.23822400E+02
10531   0.24174980E+02
10532   0.20803600E+02
10533   0.15370830E+02
10534   0.10385920E+02
10535   0.78277500E+01
10536   0.58642400E+01
10537   0.46526300E+01
10538   0.39278800E+01
10539   0.33045200E+01
10540   0.26525700E+01
10541   0.20235500E+01
10542   0.15393300E+01
10543   0.11662700E+01
10544   0.91419000E+00
10545   0.46926000E+00
10546   0.40019000E+00
10547   0.31693000E+00
10548   0.27905000E+00
10549   0.24087000E+00
10550   0.19444000E+00
10551   0.13994000E+00
10552   0.10362000E+00
10553   0.79610000E-01
10554   0.63030000E-01
10555   0.51120000E-01
10556   0.44310000E-01
10557   0.65100000E-01
10558   0.47610000E-01
10559   0.65100000E-01
10560   0.10942000E+00
10561   0.18025000E+00
10562   0.20158000E+00
10563   0.19943000E+00
10564   0.18210000E+00
10565   0.15399000E+00
10566   0.12720000E+00
10567   0.10289000E+00
10568   0.82940000E-01
10569   0.67440000E-01
10570   0.55570000E-01
10571   0.46410000E-01
10572   0.39250000E-01
10573   0.33580000E-01
10574   0.29030000E-01
10575   0.25330000E-01
10576   0.22410000E-01
10577   0.19790000E-01
10578   0.17640000E-01
10579   0.15840000E-01
10580   0.14470000E-01
10581   0.14180000E-01
10582   0.15580000E-01
10583   0.17990000E-01
10584   0.10488700E+01
10585   0.88743000E+00
10586   0.84103000E+00
10587   0.15529800E+01
10588   0.18651500E+01
10589   0.17544800E+01
10590   0.15046400E+01
10591   0.12537900E+01
10592   0.10253500E+01
10593   0.83509000E+00
10594   0.67254000E+00
10595   0.54754000E+00
10596   0.33500000E+00
10597   0.28272000E+00
10598   0.24319000E+00
10599   0.19214000E+00
10600   0.13614000E+00
10601   0.10009000E+00
10602   0.76630000E-01
10603   0.60580000E-01
10604   0.49110000E-01
10605   0.40630000E-01
10606   0.34190000E-01
10607   0.29180000E-01
10608   0.25190000E-01
10609   0.21980000E-01
10610   0.19340000E-01
10611   0.17160000E-01
10612   0.15320000E-01
10613   0.13770000E-01
10614   0.12440000E-01
10615   0.11290000E-01
10616   0.10290000E-01
10617   0.94200000E-02
10618   0.69267000E+00
10619   0.36731000E+00
10620   0.45001000E+00
10621   0.52547000E+00
10622   0.53554000E+00
10623   0.50592000E+00
10624   0.46258000E+00
10625   0.40407000E+00
10626   0.35025000E+00
10627   0.28147000E+00
10628   0.23428000E+00
10629   0.20077000E+00
10630   0.15781000E+00
10631   0.12191000E+00
10632   0.94880000E-01
10633   0.75050000E-01
10634   0.60480000E-01
10635   0.68980000E-01
10636   0.47880000E-01
10637   0.45870000E-01
10638   0.45090000E-01
10639   0.42000000E-01
10640   0.38150000E-01
10641   0.34490000E-01
10642   0.31160000E-01
10643   0.28150000E-01
10644   0.25470000E-01
10645   0.22990000E-01
10646   0.20800000E-01
10647   0.18850000E-01
10648   0.17120000E-01
10649   0.15580000E-01
10650   0.14220000E-01
10651   0.16090000E-01
10652   0.13370000E-01
10653   0.49554000E+00
10654   0.63157000E+00
10655   0.52469000E+00
10656   0.69580000E+00
10657   0.64896000E+00
10658   0.63380000E+00
10659   0.61298000E+00
10660   0.54722000E+00
10661   0.48577000E+00
10662   0.64395000E+00
10663   0.52300000E+00
10664   0.53119000E+00
10665   0.51463000E+00
10666   0.47663000E+00
10667   0.43224000E+00
10668   0.33718000E+00
10669   0.30149000E+00
10670   0.26701000E+00
10671   0.24030000E+00
10672   0.21552000E+00
10673   0.18339000E+00
10674   0.14572000E+00
10675   0.11492000E+00
10676   0.90820000E-01
10677   0.72670000E-01
10678   0.59090000E-01
10679   0.48820000E-01
10680   0.40940000E-01
10681   0.34780000E-01
10682   0.29890000E-01
10683   0.25950000E-01
10684   0.22730000E-01
10685   0.20060000E-01
10686   0.17840000E-01
10687   0.77480000E-01
10688   0.43673200E+01
10689   0.76701000E+01
10690   0.25340000E+02
10691   0.30749560E+02
10692   0.23254940E+02
10693   0.15806500E+02
10694   0.10479530E+02
10695   0.72103700E+01
10696   0.49248800E+01
10697   0.35816600E+01
10698   0.34440500E+01
10699   0.46461500E+01
10700   0.72515500E+01
10701   0.14048340E+02
10702   0.15061630E+02
10703   0.11802040E+02
10704   0.83714800E+01
10705   0.57507200E+01
10706   0.40089600E+01
10707   0.25461000E+01
10708   0.18686000E+01
10709   0.10541300E+01
10710   0.92388000E+00
10711   0.75353000E+00
10712   0.68835000E+00
10713   0.67050000E+00
10714   0.66077000E+00
10715   0.24176100E+01
10716   0.50940200E+01
10717   0.11814580E+02
10718   0.23982350E+02
10719   0.20925820E+02
10720   0.15204410E+02
10721   0.10489300E+02
10722   0.73441700E+01
10723   0.50731400E+01
10724   0.40968500E+01
10725   0.13597300E+02
10726   0.38855710E+02
10727   0.57171230E+02
10728   0.51678140E+02
10729   0.36245690E+02
10730   0.26092500E+02
10731   0.21602010E+02
10732   0.18468280E+02
10733   0.15721270E+02
10734   0.14997810E+02
10735   0.15538870E+02
10736   0.16574040E+02
10737   0.16550230E+02
10738   0.14896960E+02
10739   0.11884720E+02
10740   0.96845200E+01
10741   0.75394500E+01
10742   0.60306400E+01
10743   0.55264700E+01
10744   0.58781800E+01
10745   0.77961500E+01
10746   0.16531600E+02
10747   0.33722020E+02
10748   0.47495030E+02
10749   0.59861150E+02
10750   0.78376140E+02
10751   0.73631740E+02
10752   0.46531750E+02
10753   0.33546520E+02
10754   0.36261820E+02
10755   0.63276810E+02
10756   0.77208030E+02
10757   0.69025500E+02
10758   0.55880780E+02
10759   0.64797740E+02
10760   0.94077480E+02
10761   0.11354749E+03
10762   0.13536100E+03
10763   0.19373716E+03
10764   0.21879671E+03
10765   0.16891883E+03
10766   0.12091598E+03
10767   0.10238913E+03
10768   0.17061776E+03
10769   0.21307361E+03
10770   0.43076474E+03
10771   0.66488777E+03
10772   0.54143949E+03
10773   0.40851355E+03
10774   0.21725461E+03
10775   0.14152216E+03
10776   0.10079161E+03
10777   0.14362736E+03
10778   0.29069248E+03
10779   0.26795380E+03
10780   0.17975492E+03
10781   0.10772220E+03
10782   0.64775410E+02
10783   0.44568330E+02
10784   0.38235170E+02
10785   0.39426700E+02
10786   0.41861100E+02
10787   0.42215820E+02
10788   0.37679590E+02
10789   0.28728000E+02
10790   0.20217170E+02
10791   0.13152910E+02
10792   0.96563000E+01
10793   0.71726500E+01
10794   0.77784350E+02
10795   0.50665825E+03
10796   0.23010788E+03
10797   0.10391751E+03
10798   0.55302940E+02
10799   0.32825910E+02
10800   0.21250620E+02
10801   0.14988300E+02
10802   0.11454930E+02
10803   0.90147900E+01
10804   0.67075300E+01
10805   0.47692000E+01
10806   0.86018800E+01
10807   0.16996830E+02
10808   0.31259220E+02
10809   0.30158660E+02
10810   0.31008390E+02
10811   0.66266050E+02
10812   0.16131699E+03
10813   0.18402542E+03
10814   0.15148925E+03
10815   0.12616245E+03
10816   0.14454072E+03
10817   0.21104690E+03
10818   0.20832610E+03
10819   0.16644427E+03
10820   0.21496863E+03
10821   0.24674357E+03
10822   0.18043685E+03
10823   0.91387780E+02
10824   0.47277840E+02
10825   0.28249200E+02
10826   0.18559090E+02
10827   0.20986160E+02
10828   0.30703400E+02
10829   0.35244550E+02
10830   0.26510140E+02
10831   0.17609330E+02
10832   0.11452590E+02
10833   0.11347460E+02
10834   0.11014320E+02
10835   0.10872140E+02
10836   0.87731500E+01
10837   0.63837700E+01
10838   0.33673740E+02
10839   0.34334381E+03
10840   0.17988132E+03
10841   0.79395270E+02
10842   0.38949220E+02
10843   0.21950000E+02
10844   0.13189280E+02
10845   0.85910600E+01
10846   0.60863700E+01
10847   0.43379200E+01
10848   0.35580700E+01
10849   0.51657700E+01
10850   0.64759800E+01
10851   0.95269900E+01
10852   0.10061450E+02
10853   0.15524030E+02
10854   0.22243080E+02
10855   0.42976860E+02
10856   0.51266120E+02
10857   0.45350330E+02
10858   0.49293610E+02
10859   0.50558590E+02
10860   0.33976740E+02
10861   0.22038170E+02
10862   0.13655860E+02
10863   0.91689500E+01
10864   0.25359430E+02
10865   0.37370580E+03
10866   0.26334067E+03
10867   0.11129581E+03
10868   0.53553720E+02
10869   0.29958990E+02
10870   0.18154910E+02
10871   0.11518070E+02
10872   0.79260400E+01
10873   0.49175400E+01
10874   0.36433300E+01
10875   0.36846200E+01
10876   0.27281100E+01
10877   0.29917700E+01
10878   0.37013700E+01
10879   0.44118500E+01
10880   0.44096700E+01
10881   0.37752900E+01
10882   0.26644600E+01
10883   0.16222300E+01
10884   0.12933100E+01
10885   0.98295000E+00
10886   0.75958000E+00
10887   0.58663000E+00
10888   0.45653000E+00
10889   0.34443000E+00
10890   0.28965000E+00
10891   0.24487000E+00
10892   0.17369000E+00
10893   0.18195000E+00
10894   0.20513000E+00
10895   0.21955000E+00
10896   0.21376000E+00
10897   0.19784000E+00
10898   0.16599000E+00
10899   0.12874000E+00
10900   0.99450000E-01
10901   0.78180000E-01
10902   0.62770000E-01
10903   0.51400000E-01
10904   0.42810000E-01
10905   0.36190000E-01
10906   0.30990000E-01
10907   0.26820000E-01
10908   0.23440000E-01
10909   0.20650000E-01
10910   0.18330000E-01
10911   0.16380000E-01
10912   0.14720000E-01
10913   0.13300000E-01
10914   0.12070000E-01
10915   0.11010000E-01
10916   0.10070000E-01
10917   0.92500000E-02
10918   0.85300000E-02
10919   0.78800000E-02
10920   0.73100000E-02
10921   0.67900000E-02
10922   0.63300000E-02
10923   0.59100000E-02
10924   0.55300000E-02
10925   0.51900000E-02
10926   0.48700000E-02
10927   0.45900000E-02
10928   0.43200000E-02
10929   0.23750000E-01
10930   0.10520000E-01
10931   0.17930000E-01
10932   0.20960000E-01
10933   0.12285000E+00
10934   0.22626000E+00
10935   0.26318000E+00
10936   0.30107000E+00
10937   0.34615000E+00
10938   0.35229000E+00
10939   0.32969000E+00
10940   0.29859000E+00
10941   0.26373000E+00
10942   0.18146000E+00
10943   0.11346000E+00
10944   0.77520000E-01
10945   0.56580000E-01
10946   0.43300000E-01
10947   0.34330000E-01
10948   0.27970000E-01
10949   0.23290000E-01
10950   0.19920000E-01
10951   0.17040000E-01
10952   0.14830000E-01
10953   0.13190000E-01
10954   0.13690000E-01
10955   0.20780000E-01
10956   0.31430000E-01
10957   0.36840000E-01
